country_name,country_text_id,country_id,year,COWcode,v2x_polyarchy,v2x_libdem,v2x_regime,v2xlg_legcon,v2elturnhog,v2elturnhos,v2eltype_0,v2eltype_1,v2eltype_2,v2eltype_3,v2eltype_4,v2eltype_5,v2eltype_6,v2elvaptrn,v2elreggov,v2ellostsl,v2elvotlrg,v2elvotsml,v2ex_hosw,v2exfemhog
Mexico,MEX,3.0,1980.0,70.0,0.298,0.128,1.0,0.042,,,,,,,,,,,1.0,,,,1.0,
Mexico,MEX,3.0,1981.0,70.0,0.302,0.129,1.0,0.042,,,,,,,,,,,1.0,,,,1.0,
Mexico,MEX,3.0,1982.0,70.0,0.312,0.136,1.0,0.059,1.0,1.0,1.0,0.0,0.0,0.0,0.0,0.0,1.0,65.85,1.0,80.38,74.3,16.4,1.0,
Mexico,MEX,3.0,1983.0,70.0,0.319,0.142,1.0,0.082,,,,,,,,,,,1.0,,,,1.0,
Mexico,MEX,3.0,1984.0,70.0,0.319,0.142,1.0,0.082,,,,,,,,,,,1.0,,,,1.0,
Mexico,MEX,3.0,1985.0,70.0,0.32,0.142,1.0,0.082,0.0,0.0,1.0,0.0,0.0,0.0,0.0,0.0,0.0,45.11,1.0,73.0,,,1.0,
Mexico,MEX,3.0,1986.0,70.0,0.322,0.143,1.0,0.082,,,,,,,,,,,1.0,,,,1.0,
Mexico,MEX,3.0,1987.0,70.0,0.327,0.145,1.0,0.09,,,,,,,,,,,1.0,,,,1.0,
Mexico,MEX,3.0,1988.0,70.0,0.345,0.159,1.0,0.128,1.0,1.0,1.0,0.0,0.0,0.0,0.0,0.0,1.0,41.96,1.0,52.0,50.7,31.1,1.0,
Mexico,MEX,3.0,1989.0,70.0,0.368,0.172,1.0,0.165,,,,,,,,,,,1.0,,,,1.0,
Mexico,MEX,3.0,1990.0,70.0,0.388,0.186,1.0,0.165,,,,,,,,,,,1.0,,,,1.0,
Mexico,MEX,3.0,1991.0,70.0,0.41,0.196,1.0,0.165,0.0,0.0,1.0,0.0,0.0,0.0,0.0,0.0,0.0,49.99,1.0,64.0,,,1.0,
Mexico,MEX,3.0,1992.0,70.0,0.438,0.208,1.0,0.165,,,,,,,,,,,1.0,,,,1.0,
Mexico,MEX,3.0,1993.0,70.0,0.455,0.215,1.0,0.165,,,,,,,,,,,1.0,,,,1.0,
Mexico,MEX,3.0,1994.0,70.0,0.467,0.26,1.0,0.295,1.0,1.0,1.0,0.0,0.0,0.0,0.0,0.0,1.0,65.89,1.0,60.0,48.69,25.92,1.0,
Mexico,MEX,3.0,1995.0,70.0,0.491,0.281,1.0,0.295,,,,,,,,,,,1.0,,,,1.0,
Mexico,MEX,3.0,1996.0,70.0,0.512,0.293,2.0,0.295,,,,,,,,,,,1.0,,,,1.0,
Mexico,MEX,3.0,1997.0,70.0,0.555,0.346,2.0,0.511,0.0,0.0,1.0,0.0,0.0,0.0,0.0,0.0,0.0,54.36,1.0,47.8,,,1.0,
Mexico,MEX,3.0,1998.0,70.0,0.6,0.378,2.0,0.536,,,,,,,,,,,1.0,,,,1.0,
Mexico,MEX,3.0,1999.0,70.0,0.605,0.381,2.0,0.536,,,,,,,,,,,1.0,,,,1.0,
Mexico,MEX,3.0,2000.0,70.0,0.671,0.481,2.0,0.746,2.0,2.0,1.0,0.0,0.0,0.0,0.0,0.0,1.0,59.99,1.0,41.6,43.4,36.9,1.0,
Mexico,MEX,3.0,2001.0,70.0,0.681,0.484,2.0,0.729,,,,,,,,,,,1.0,,,,1.0,
Mexico,MEX,3.0,2002.0,70.0,0.693,0.494,2.0,0.729,,,,,,,,,,,1.0,,,,1.0,
Mexico,MEX,3.0,2003.0,70.0,0.702,0.499,2.0,0.716,0.0,0.0,1.0,0.0,0.0,0.0,0.0,0.0,0.0,43.44,1.0,44.8,,,1.0,
Mexico,MEX,3.0,2004.0,70.0,0.711,0.505,2.0,0.716,,,,,,,,,,,1.0,,,,1.0,
Mexico,MEX,3.0,2005.0,70.0,0.711,0.505,2.0,0.716,,,,,,,,,,,1.0,,,,1.0,
Mexico,MEX,3.0,2006.0,70.0,0.674,0.478,2.0,0.716,1.0,1.0,1.0,0.0,0.0,0.0,0.0,0.0,1.0,63.26,1.0,41.2,35.89,35.31,1.0,
Mexico,MEX,3.0,2007.0,70.0,0.639,0.454,2.0,0.716,,,,,,,,,,,1.0,,,,1.0,
Mexico,MEX,3.0,2008.0,70.0,0.649,0.456,2.0,0.716,,,,,,,,,,,1.0,,,,1.0,
Mexico,MEX,3.0,2009.0,70.0,0.65,0.459,2.0,0.716,0.0,0.0,1.0,0.0,0.0,0.0,0.0,0.0,0.0,47.77,1.0,47.4,,,1.0,
Mexico,MEX,3.0,2010.0,70.0,0.662,0.465,2.0,0.707,,,,,,,,,,,1.0,,,,1.0,
Mexico,MEX,3.0,2011.0,70.0,0.662,0.468,2.0,0.707,,,,,,,,,,,1.0,,,,1.0,
Mexico,MEX,3.0,2012.0,70.0,0.65,0.457,2.0,0.707,2.0,2.0,1.0,0.0,0.0,0.0,0.0,0.0,1.0,64.58,1.0,42.4,39.17,32.39,1.0,
Mexico,MEX,3.0,2013.0,70.0,0.623,0.42,2.0,0.607,,,,,,,,,,,1.0,,,,1.0,
Mexico,MEX,3.0,2014.0,70.0,0.621,0.421,2.0,0.607,,,,,,,,,,,1.0,,,,1.0,
Mexico,MEX,3.0,2015.0,70.0,0.643,0.433,2.0,0.572,0.0,0.0,1.0,0.0,0.0,0.0,0.0,0.0,0.0,48.93,1.0,40.6,,,1.0,
Mexico,MEX,3.0,2016.0,70.0,0.643,0.434,2.0,0.591,,,,,,,,,,,1.0,,,,1.0,
Mexico,MEX,3.0,2017.0,70.0,0.638,0.44,2.0,0.637,,,,,,,,,,,1.0,,,,1.0,
Mexico,MEX,3.0,2018.0,70.0,0.675,0.452,2.0,0.573,2.0,2.0,1.0,0.0,0.0,0.0,0.0,0.0,1.0,65.62,1.0,51.0,53.19,22.28,1.0,
Mexico,MEX,3.0,2019.0,70.0,0.684,0.428,2.0,0.406,,,,,,,,,,,1.0,,,,1.0,
Mexico,MEX,3.0,2020.0,70.0,0.664,0.406,2.0,0.434,,,,,,,,,,,1.0,,,,1.0,
Mexico,MEX,3.0,2021.0,70.0,0.624,0.371,2.0,0.471,0.0,0.0,1.0,0.0,0.0,0.0,0.0,0.0,0.0,54.52,1.0,39.6,,,1.0,
Mexico,MEX,3.0,2022.0,70.0,0.584,0.33,2.0,0.387,,,,,,,,,,,1.0,,,,1.0,
Mexico,MEX,3.0,2023.0,70.0,0.548,0.302,2.0,0.341,,,,,,,,,,,1.0,,,,1.0,
Mexico,MEX,3.0,2024.0,70.0,0.496,0.246,1.0,0.243,1.0,1.0,1.0,0.0,0.0,0.0,0.0,0.0,1.0,63.72,1.0,47.2,59.76,27.45,1.0,
Mexico,MEX,3.0,2025.0,70.0,0.469,0.221,1.0,0.268,,,,,,,,,,,1.0,,,,1.0,
Suriname,SUR,4.0,1980.0,115.0,0.216,0.174,0.0,0.509,,,,,,,,,,,1.0,,,,1.0,0.0
Suriname,SUR,4.0,1981.0,115.0,0.17,0.142,0.0,0.486,,,,,,,,,,,1.0,,,,1.0,0.0
Suriname,SUR,4.0,1982.0,115.0,0.164,0.142,0.0,0.486,,,,,,,,,,,1.0,,,,1.0,0.0
Suriname,SUR,4.0,1983.0,115.0,0.158,0.141,0.0,0.486,,,,,,,,,,,1.0,,,,1.0,0.0
Suriname,SUR,4.0,1984.0,115.0,0.158,0.141,0.0,0.486,,,,,,,,,,,1.0,,,,1.0,0.0
Suriname,SUR,4.0,1985.0,115.0,0.168,0.185,0.0,0.462,,,,,,,,,,,1.0,,,,1.0,0.0
Suriname,SUR,4.0,1986.0,115.0,0.168,0.186,0.0,0.462,,,,,,,,,,,1.0,,,,1.0,0.0
Suriname,SUR,4.0,1987.0,115.0,0.193,0.226,0.0,0.798,0.0,0.0,1.0,0.0,0.0,0.0,0.0,0.0,0.0,83.17,1.0,31.37,,,1.0,0.0
Suriname,SUR,4.0,1988.0,115.0,0.618,0.474,2.0,0.798,,,,,,,,,,,1.0,,,,1.0,
Suriname,SUR,4.0,1989.0,115.0,0.725,0.576,2.0,0.824,,,,,,,,,,,1.0,,,,1.0,
Suriname,SUR,4.0,1990.0,115.0,0.726,0.547,2.0,0.555,,,,,,,,,,,1.0,,,,1.0,
Suriname,SUR,4.0,1991.0,115.0,0.45,0.374,1.0,0.825,0.0,0.0,1.0,0.0,0.0,0.0,0.0,0.0,0.0,67.77,1.0,58.82,,,1.0,
Suriname,SUR,4.0,1992.0,115.0,0.75,0.626,2.0,0.828,,,,,,,,,,,1.0,,,,1.0,
Suriname,SUR,4.0,1993.0,115.0,0.751,0.635,2.0,0.837,,,,,,,,,,,1.0,,,,1.0,
Suriname,SUR,4.0,1994.0,115.0,0.751,0.639,2.0,0.846,,,,,,,,,,,1.0,,,,1.0,
Suriname,SUR,4.0,1995.0,115.0,0.751,0.639,2.0,0.846,,,,,,,,,,,1.0,,,,1.0,
Suriname,SUR,4.0,1996.0,115.0,0.764,0.65,2.0,0.859,0.0,0.0,1.0,0.0,0.0,0.0,0.0,0.0,0.0,71.22,1.0,47.06,,,1.0,
Suriname,SUR,4.0,1997.0,115.0,0.769,0.652,2.0,0.859,,,,,,,,,,,1.0,,,,1.0,
Suriname,SUR,4.0,1998.0,115.0,0.769,0.652,2.0,0.859,,,,,,,,,,,1.0,,,,1.0,
Suriname,SUR,4.0,1999.0,115.0,0.769,0.652,2.0,0.859,,,,,,,,,,,1.0,,,,1.0,
Suriname,SUR,4.0,2000.0,115.0,0.78,0.665,2.0,0.859,0.0,0.0,1.0,0.0,0.0,0.0,0.0,0.0,0.0,72.34,1.0,64.71,,,1.0,
Suriname,SUR,4.0,2001.0,115.0,0.779,0.662,2.0,0.859,,,,,,,,,,,1.0,,,,1.0,
Suriname,SUR,4.0,2002.0,115.0,0.779,0.662,2.0,0.859,,,,,,,,,,,1.0,,,,1.0,
Suriname,SUR,4.0,2003.0,115.0,0.779,0.662,2.0,0.859,,,,,,,,,,,1.0,,,,1.0,
Suriname,SUR,4.0,2004.0,115.0,0.779,0.662,2.0,0.859,,,,,,,,,,,1.0,,,,1.0,
Suriname,SUR,4.0,2005.0,115.0,0.767,0.654,2.0,0.859,0.0,0.0,1.0,0.0,0.0,0.0,0.0,0.0,0.0,52.99,1.0,45.1,,,1.0,
Suriname,SUR,4.0,2006.0,115.0,0.76,0.649,2.0,0.859,,,,,,,,,,,1.0,,,,1.0,
Suriname,SUR,4.0,2007.0,115.0,0.759,0.645,2.0,0.859,,,,,,,,,,,1.0,,,,1.0,
Suriname,SUR,4.0,2008.0,115.0,0.759,0.647,2.0,0.859,,,,,,,,,,,1.0,,,,1.0,
Suriname,SUR,4.0,2009.0,115.0,0.759,0.647,2.0,0.859,,,,,,,,,,,1.0,,,,1.0,
Suriname,SUR,4.0,2010.0,115.0,0.752,0.632,2.0,0.842,0.0,0.0,1.0,0.0,0.0,0.0,0.0,0.0,0.0,65.61,1.0,45.1,,,1.0,
Suriname,SUR,4.0,2011.0,115.0,0.747,0.627,2.0,0.842,,,,,,,,,,,1.0,,,,1.0,
Suriname,SUR,4.0,2012.0,115.0,0.747,0.624,2.0,0.823,,,,,,,,,,,1.0,,,,1.0,
Suriname,SUR,4.0,2013.0,115.0,0.75,0.627,2.0,0.835,,,,,,,,,,,1.0,,,,1.0,
Suriname,SUR,4.0,2014.0,115.0,0.75,0.627,2.0,0.835,,,,,,,,,,,1.0,,,,1.0,
Suriname,SUR,4.0,2015.0,115.0,0.757,0.633,2.0,0.835,0.0,0.0,1.0,0.0,0.0,0.0,0.0,0.0,0.0,65.1,1.0,50.98,,,1.0,
Suriname,SUR,4.0,2016.0,115.0,0.754,0.622,2.0,0.804,,,,,,,,,,,1.0,,,,1.0,
Suriname,SUR,4.0,2017.0,115.0,0.748,0.626,2.0,0.829,,,,,,,,,,,1.0,,,,1.0,
Suriname,SUR,4.0,2018.0,115.0,0.748,0.609,2.0,0.778,,,,,,,,,,,1.0,,,,1.0,
Suriname,SUR,4.0,2019.0,115.0,0.741,0.583,2.0,0.715,,,,,,,,,,,1.0,,,,1.0,
Suriname,SUR,4.0,2020.0,115.0,0.754,0.628,2.0,0.85,2.0,2.0,1.0,0.0,0.0,0.0,0.0,0.0,0.0,62.8,1.0,39.22,,,1.0,
Suriname,SUR,4.0,2021.0,115.0,0.761,0.639,2.0,0.85,,,,,,,,,,,1.0,,,,1.0,
Suriname,SUR,4.0,2022.0,115.0,0.781,0.655,2.0,0.85,,,,,,,,,,,1.0,,,,1.0,
Suriname,SUR,4.0,2023.0,115.0,0.764,0.633,3.0,0.749,,,,,,,,,,,1.0,,,,1.0,
Suriname,SUR,4.0,2024.0,115.0,0.767,0.634,2.0,0.745,,,,,,,,,,,1.0,,,,1.0,
Suriname,SUR,4.0,2025.0,115.0,0.781,0.626,2.0,0.66,2.0,2.0,1.0,0.0,0.0,0.0,0.0,0.0,0.0,58.02,1.0,35.29,,,1.0,
Sweden,SWE,5.0,1980.0,380.0,0.907,0.871,3.0,0.971,,,,,,,,,,,1.0,,,,0.0,0.0
Sweden,SWE,5.0,1981.0,380.0,0.907,0.871,3.0,0.971,,,,,,,,,,,1.0,,,,0.0,0.0
Sweden,SWE,5.0,1982.0,380.0,0.907,0.873,3.0,0.971,2.0,0.0,1.0,0.0,0.0,0.0,0.0,0.0,0.0,88.61,1.0,47.56,,,0.0,0.0
Sweden,SWE,5.0,1983.0,380.0,0.907,0.874,3.0,0.971,,,,,,,,,,,1.0,,,,0.0,0.0
Sweden,SWE,5.0,1984.0,380.0,0.907,0.874,3.0,0.971,,,,,,,,,,,1.0,,,,0.0,0.0
Sweden,SWE,5.0,1985.0,380.0,0.908,0.875,3.0,0.971,0.0,0.0,1.0,0.0,0.0,0.0,0.0,0.0,0.0,86.22,1.0,45.56,,,0.0,0.0
Sweden,SWE,5.0,1986.0,380.0,0.907,0.873,3.0,0.971,,,,,,,,,,,1.0,,,,0.0,0.0
Sweden,SWE,5.0,1987.0,380.0,0.907,0.873,3.0,0.971,,,,,,,,,,,1.0,,,,0.0,0.0
Sweden,SWE,5.0,1988.0,380.0,0.908,0.874,3.0,0.971,0.0,0.0,1.0,0.0,0.0,0.0,0.0,0.0,0.0,82.68,1.0,44.7,,,0.0,0.0
Sweden,SWE,5.0,1989.0,380.0,0.909,0.875,3.0,0.971,,,,,,,,,,,1.0,,,,0.0,0.0
Sweden,SWE,5.0,1990.0,380.0,0.913,0.878,3.0,0.971,,,,,,,,,,,1.0,,,,0.0,0.0
Sweden,SWE,5.0,1991.0,380.0,0.912,0.878,3.0,0.971,2.0,0.0,1.0,0.0,0.0,0.0,0.0,0.0,0.0,82.77,1.0,39.54,,,0.0,0.0
Sweden,SWE,5.0,1992.0,380.0,0.911,0.877,3.0,0.971,,,,,,,,,,,1.0,,,,0.0,0.0
Sweden,SWE,5.0,1993.0,380.0,0.911,0.877,3.0,0.971,,,,,,,,,,,1.0,,,,0.0,0.0
Sweden,SWE,5.0,1994.0,380.0,0.911,0.877,3.0,0.971,2.0,0.0,1.0,0.0,0.0,0.0,0.0,0.0,0.0,82.36,1.0,46.13,,,0.0,0.0
Sweden,SWE,5.0,1995.0,380.0,0.912,0.879,3.0,0.971,,,,,,,,,,,1.0,,,,0.0,0.0
Sweden,SWE,5.0,1996.0,380.0,0.912,0.879,3.0,0.971,,,,,,,,,,,1.0,,,,0.0,0.0
Sweden,SWE,5.0,1997.0,380.0,0.912,0.879,3.0,0.971,,,,,,,,,,,1.0,,,,0.0,0.0
Sweden,SWE,5.0,1998.0,380.0,0.912,0.879,3.0,0.971,0.0,0.0,1.0,0.0,0.0,0.0,0.0,0.0,0.0,77.72,1.0,37.54,,,0.0,0.0
Sweden,SWE,5.0,1999.0,380.0,0.909,0.876,3.0,0.971,,,,,,,,,,,1.0,,,,0.0,0.0
Sweden,SWE,5.0,2000.0,380.0,0.909,0.876,3.0,0.971,,,,,,,,,,,1.0,,,,0.0,0.0
Sweden,SWE,5.0,2001.0,380.0,0.909,0.876,3.0,0.971,,,,,,,,,,,1.0,,,,0.0,0.0
Sweden,SWE,5.0,2002.0,380.0,0.91,0.876,3.0,0.971,0.0,0.0,1.0,0.0,0.0,0.0,0.0,0.0,0.0,78.04,1.0,41.26,,,0.0,0.0
Sweden,SWE,5.0,2003.0,380.0,0.911,0.877,3.0,0.971,,,,,,,,,,,1.0,,,,0.0,0.0
Sweden,SWE,5.0,2004.0,380.0,0.911,0.877,3.0,0.971,,,,,,,,,,,1.0,,,,0.0,0.0
Sweden,SWE,5.0,2005.0,380.0,0.911,0.877,3.0,0.971,,,,,,,,,,,1.0,,,,0.0,0.0
Sweden,SWE,5.0,2006.0,380.0,0.912,0.879,3.0,0.972,2.0,0.0,1.0,0.0,0.0,0.0,0.0,0.0,0.0,80.6,1.0,37.25,,,0.0,0.0
Sweden,SWE,5.0,2007.0,380.0,0.914,0.881,3.0,0.972,,,,,,,,,,,1.0,,,,0.0,0.0
Sweden,SWE,5.0,2008.0,380.0,0.914,0.881,3.0,0.972,,,,,,,,,,,1.0,,,,0.0,0.0
Sweden,SWE,5.0,2009.0,380.0,0.914,0.881,3.0,0.972,,,,,,,,,,,1.0,,,,0.0,0.0
Sweden,SWE,5.0,2010.0,380.0,0.914,0.881,3.0,0.972,0.0,0.0,1.0,0.0,0.0,0.0,0.0,0.0,0.0,82.63,1.0,32.09,,,0.0,0.0
Sweden,SWE,5.0,2011.0,380.0,0.914,0.881,3.0,0.972,,,,,,,,,,,1.0,,,,0.0,0.0
Sweden,SWE,5.0,2012.0,380.0,0.917,0.886,3.0,0.972,,,,,,,,,,,1.0,,,,0.0,0.0
Sweden,SWE,5.0,2013.0,380.0,0.916,0.885,3.0,0.977,,,,,,,,,,,1.0,,,,0.0,0.0
Sweden,SWE,5.0,2014.0,380.0,0.915,0.885,3.0,0.977,2.0,0.0,1.0,0.0,0.0,0.0,0.0,0.0,0.0,82.61,1.0,32.38,,,0.0,0.0
Sweden,SWE,5.0,2015.0,380.0,0.915,0.881,3.0,0.977,,,,,,,,,,,1.0,,,,0.0,0.0
Sweden,SWE,5.0,2016.0,380.0,0.914,0.88,3.0,0.977,,,,,,,,,,,1.0,,,,0.0,0.0
Sweden,SWE,5.0,2017.0,380.0,0.914,0.88,3.0,0.977,,,,,,,,,,,1.0,,,,0.0,0.0
Sweden,SWE,5.0,2018.0,380.0,0.908,0.875,3.0,0.983,0.0,0.0,1.0,0.0,0.0,0.0,0.0,0.0,0.0,82.08,1.0,28.65,,,0.0,0.0
Sweden,SWE,5.0,2019.0,380.0,0.899,0.866,3.0,0.989,,,,,,,,,,,1.0,,,,0.0,0.0
Sweden,SWE,5.0,2020.0,380.0,0.901,0.868,3.0,0.989,,,,,,,,,,,1.0,,,,0.0,0.0
Sweden,SWE,5.0,2021.0,380.0,0.9,0.866,3.0,0.989,,,,,,,,,,,1.0,,,,0.0,1.0
Sweden,SWE,5.0,2022.0,380.0,0.892,0.861,3.0,0.989,2.0,0.0,1.0,0.0,0.0,0.0,0.0,0.0,0.0,80.34,1.0,30.66,,,0.0,0.0
Sweden,SWE,5.0,2023.0,380.0,0.883,0.849,3.0,0.989,,,,,,,,,,,1.0,,,,0.0,0.0
Sweden,SWE,5.0,2024.0,380.0,0.881,0.846,3.0,0.989,,,,,,,,,,,1.0,,,,0.0,0.0
Sweden,SWE,5.0,2025.0,380.0,0.889,0.853,3.0,0.989,,,,,,,,,,,1.0,,,,0.0,0.0
Switzerland,CHE,6.0,1980.0,225.0,0.871,0.809,3.0,0.882,,,,,,,,,,,1.0,,,,1.0,
Switzerland,CHE,6.0,1981.0,225.0,0.871,0.812,3.0,0.889,,,,,,,,,,,1.0,,,,1.0,
Switzerland,CHE,6.0,1982.0,225.0,0.871,0.812,3.0,0.889,,,,,,,,,,,1.0,,,,1.0,
Switzerland,CHE,6.0,1983.0,225.0,0.871,0.813,3.0,0.889,0.0,0.0,1.0,0.0,0.0,0.0,0.0,0.0,0.0,40.79,1.0,27.0,,,1.0,
Switzerland,CHE,6.0,1984.0,225.0,0.871,0.815,3.0,0.889,,,,,,,,,,,1.0,,,,1.0,
Switzerland,CHE,6.0,1985.0,225.0,0.871,0.815,3.0,0.889,,,,,,,,,,,1.0,,,,1.0,
Switzerland,CHE,6.0,1986.0,225.0,0.871,0.815,3.0,0.889,,,,,,,,,,,1.0,,,,1.0,
Switzerland,CHE,6.0,1987.0,225.0,0.871,0.814,3.0,0.889,0.0,0.0,1.0,0.0,0.0,0.0,0.0,0.0,0.0,39.9,1.0,25.5,,,1.0,
Switzerland,CHE,6.0,1988.0,225.0,0.87,0.812,3.0,0.889,,,,,,,,,,,1.0,,,,1.0,
Switzerland,CHE,6.0,1989.0,225.0,0.875,0.817,3.0,0.889,,,,,,,,,,,1.0,,,,1.0,
Switzerland,CHE,6.0,1990.0,225.0,0.887,0.829,3.0,0.889,,,,,,,,,,,1.0,,,,1.0,
Switzerland,CHE,6.0,1991.0,225.0,0.887,0.832,3.0,0.889,0.0,0.0,1.0,0.0,0.0,0.0,0.0,0.0,0.0,39.67,1.0,22.0,,,1.0,
Switzerland,CHE,6.0,1992.0,225.0,0.886,0.83,3.0,0.889,,,,,,,,,,,1.0,,,,1.0,
Switzerland,CHE,6.0,1993.0,225.0,0.886,0.834,3.0,0.901,,,,,,,,,,,1.0,,,,1.0,
Switzerland,CHE,6.0,1994.0,225.0,0.886,0.834,3.0,0.901,,,,,,,,,,,1.0,,,,1.0,
Switzerland,CHE,6.0,1995.0,225.0,0.887,0.835,3.0,0.901,0.0,0.0,1.0,0.0,0.0,0.0,0.0,0.0,0.0,35.66,1.0,27.0,,,1.0,
Switzerland,CHE,6.0,1996.0,225.0,0.89,0.839,3.0,0.901,,,,,,,,,,,1.0,,,,1.0,
Switzerland,CHE,6.0,1997.0,225.0,0.89,0.839,3.0,0.901,,,,,,,,,,,1.0,,,,1.0,
Switzerland,CHE,6.0,1998.0,225.0,0.89,0.839,3.0,0.901,,,,,,,,,,,1.0,,,,1.0,
Switzerland,CHE,6.0,1999.0,225.0,0.89,0.838,3.0,0.901,0.0,0.0,1.0,0.0,0.0,0.0,0.0,0.0,0.0,34.94,1.0,25.5,,,1.0,
Switzerland,CHE,6.0,2000.0,225.0,0.889,0.836,3.0,0.901,,,,,,,,,,,1.0,,,,1.0,
Switzerland,CHE,6.0,2001.0,225.0,0.889,0.836,3.0,0.901,,,,,,,,,,,1.0,,,,1.0,
Switzerland,CHE,6.0,2002.0,225.0,0.889,0.837,3.0,0.901,,,,,,,,,,,1.0,,,,1.0,
Switzerland,CHE,6.0,2003.0,225.0,0.888,0.841,3.0,0.923,0.0,0.0,1.0,0.0,0.0,0.0,0.0,0.0,0.0,37.27,1.0,27.5,,,1.0,
Switzerland,CHE,6.0,2004.0,225.0,0.886,0.841,3.0,0.923,,,,,,,,,,,1.0,,,,1.0,
Switzerland,CHE,6.0,2005.0,225.0,0.886,0.841,3.0,0.923,,,,,,,,,,,1.0,,,,1.0,
Switzerland,CHE,6.0,2006.0,225.0,0.886,0.841,3.0,0.923,,,,,,,,,,,1.0,,,,1.0,
Switzerland,CHE,6.0,2007.0,225.0,0.888,0.842,3.0,0.923,0.0,0.0,1.0,0.0,0.0,0.0,0.0,0.0,0.0,39.79,1.0,31.0,,,1.0,
Switzerland,CHE,6.0,2008.0,225.0,0.895,0.85,3.0,0.923,,,,,,,,,,,1.0,,,,1.0,
Switzerland,CHE,6.0,2009.0,225.0,0.895,0.85,3.0,0.923,,,,,,,,,,,1.0,,,,1.0,
Switzerland,CHE,6.0,2010.0,225.0,0.895,0.85,3.0,0.923,,,,,,,,,,,1.0,,,,1.0,
Switzerland,CHE,6.0,2011.0,225.0,0.897,0.852,3.0,0.923,0.0,0.0,1.0,0.0,0.0,0.0,0.0,0.0,0.0,40.04,1.0,27.0,,,1.0,
Switzerland,CHE,6.0,2012.0,225.0,0.907,0.862,3.0,0.923,,,,,,,,,,,1.0,,,,1.0,
Switzerland,CHE,6.0,2013.0,225.0,0.907,0.861,3.0,0.923,,,,,,,,,,,1.0,,,,1.0,
Switzerland,CHE,6.0,2014.0,225.0,0.907,0.861,3.0,0.923,,,,,,,,,,,1.0,,,,1.0,
Switzerland,CHE,6.0,2015.0,225.0,0.903,0.858,3.0,0.923,0.0,0.0,1.0,0.0,0.0,0.0,0.0,0.0,0.0,38.63,1.0,32.5,,,1.0,
Switzerland,CHE,6.0,2016.0,225.0,0.902,0.857,3.0,0.923,,,,,,,,,,,1.0,,,,1.0,
Switzerland,CHE,6.0,2017.0,225.0,0.902,0.86,3.0,0.938,,,,,,,,,,,1.0,,,,1.0,
Switzerland,CHE,6.0,2018.0,225.0,0.902,0.86,3.0,0.938,,,,,,,,,,,1.0,,,,1.0,
Switzerland,CHE,6.0,2019.0,225.0,0.902,0.86,3.0,0.938,0.0,0.0,1.0,0.0,0.0,0.0,0.0,0.0,0.0,36.06,1.0,26.5,,,1.0,
Switzerland,CHE,6.0,2020.0,225.0,0.902,0.856,3.0,0.932,,,,,,,,,,,1.0,,,,1.0,
Switzerland,CHE,6.0,2021.0,225.0,0.896,0.851,3.0,0.932,,,,,,,,,,,1.0,,,,1.0,
Switzerland,CHE,6.0,2022.0,225.0,0.893,0.848,3.0,0.932,,,,,,,,,,,1.0,,,,1.0,
Switzerland,CHE,6.0,2023.0,225.0,0.884,0.838,3.0,0.932,0.0,0.0,1.0,0.0,0.0,0.0,0.0,0.0,0.0,36.08,1.0,31.0,,,1.0,
Switzerland,CHE,6.0,2024.0,225.0,0.882,0.843,3.0,0.956,,,,,,,,,,,1.0,,,,1.0,
Switzerland,CHE,6.0,2025.0,225.0,0.882,0.843,3.0,0.956,,,,,,,,,,,1.0,,,,1.0,
Ghana,GHA,7.0,1980.0,452.0,0.539,0.405,2.0,0.64,,,,,,,,,,,1.0,,,,1.0,
Ghana,GHA,7.0,1981.0,452.0,0.252,0.221,0.0,0.495,,,,,,,,,,,1.0,,,,1.0,
Ghana,GHA,7.0,1982.0,452.0,0.109,0.076,0.0,0.385,,,,,,,,,,,1.0,,,,1.0,
Ghana,GHA,7.0,1983.0,452.0,0.1,0.077,0.0,0.385,,,,,,,,,,,1.0,,,,1.0,
Ghana,GHA,7.0,1984.0,452.0,0.098,0.077,0.0,0.385,,,,,,,,,,,1.0,,,,1.0,
Ghana,GHA,7.0,1985.0,452.0,0.099,0.078,0.0,0.385,,,,,,,,,,,1.0,,,,1.0,
Ghana,GHA,7.0,1986.0,452.0,0.099,0.078,0.0,0.385,,,,,,,,,,,1.0,,,,1.0,
Ghana,GHA,7.0,1987.0,452.0,0.1,0.082,0.0,0.385,,,,,,,,,,,1.0,,,,1.0,
Ghana,GHA,7.0,1988.0,452.0,0.1,0.088,0.0,0.385,,,,,,,,,,,1.0,,,,1.0,
Ghana,GHA,7.0,1989.0,452.0,0.1,0.087,0.0,0.385,,,,,,,,,,,1.0,,,,1.0,
Ghana,GHA,7.0,1990.0,452.0,0.104,0.097,0.0,0.385,,,,,,,,,,,1.0,,,,1.0,
Ghana,GHA,7.0,1991.0,452.0,0.105,0.097,0.0,0.385,,,,,,,,,,,1.0,,,,1.0,
Ghana,GHA,7.0,1992.0,452.0,0.173,0.114,1.0,0.385,2.0,2.0,1.0,0.0,0.0,0.0,0.0,0.0,1.0,60.15,1.0,94.5,58.4,30.3,1.0,
Ghana,GHA,7.0,1993.0,452.0,0.445,0.334,1.0,0.646,,,,,,,,,,,1.0,,,,1.0,
Ghana,GHA,7.0,1994.0,452.0,0.479,0.388,1.0,0.72,,,,,,,,,,,1.0,,,,1.0,
Ghana,GHA,7.0,1995.0,452.0,0.491,0.396,1.0,0.72,,,,,,,,,,,1.0,,,,1.0,
Ghana,GHA,7.0,1996.0,452.0,0.513,0.425,2.0,0.761,0.0,0.0,1.0,0.0,0.0,0.0,0.0,0.0,1.0,82.48,1.0,66.5,57.4,39.7,1.0,
Ghana,GHA,7.0,1997.0,452.0,0.597,0.505,2.0,0.859,,,,,,,,,,,1.0,,,,1.0,
Ghana,GHA,7.0,1998.0,452.0,0.597,0.505,2.0,0.859,,,,,,,,,,,1.0,,,,1.0,
Ghana,GHA,7.0,1999.0,452.0,0.597,0.504,2.0,0.859,,,,,,,,,,,1.0,,,,1.0,
Ghana,GHA,7.0,2000.0,452.0,0.664,0.57,2.0,0.897,2.0,2.0,1.0,0.0,0.0,0.0,0.0,0.0,1.0,65.13,1.0,,48.2,44.5,1.0,
Ghana,GHA,7.0,2001.0,452.0,0.721,0.622,2.0,0.897,,,,,,,,,,,1.0,,,,1.0,
Ghana,GHA,7.0,2002.0,452.0,0.731,0.629,2.0,0.897,,,,,,,,,,,1.0,,,,1.0,
Ghana,GHA,7.0,2003.0,452.0,0.731,0.631,3.0,0.897,,,,,,,,,,,1.0,,,,1.0,
Ghana,GHA,7.0,2004.0,452.0,0.734,0.635,3.0,0.897,0.0,0.0,1.0,0.0,0.0,0.0,0.0,0.0,1.0,79.98,1.0,55.65,52.5,44.7,1.0,
Ghana,GHA,7.0,2005.0,452.0,0.73,0.634,3.0,0.897,,,,,,,,,,,1.0,,,,1.0,
Ghana,GHA,7.0,2006.0,452.0,0.73,0.634,3.0,0.897,,,,,,,,,,,1.0,,,,1.0,
Ghana,GHA,7.0,2007.0,452.0,0.736,0.636,3.0,0.897,,,,,,,,,,,1.0,,,,1.0,
Ghana,GHA,7.0,2008.0,452.0,0.732,0.632,3.0,0.897,2.0,2.0,1.0,0.0,0.0,0.0,0.0,0.0,1.0,69.84,1.0,50.0,49.1,47.9,1.0,
Ghana,GHA,7.0,2009.0,452.0,0.755,0.652,3.0,0.897,,,,,,,,,,,1.0,,,,1.0,
Ghana,GHA,7.0,2010.0,452.0,0.761,0.663,3.0,0.897,,,,,,,,,,,1.0,,,,1.0,
Ghana,GHA,7.0,2011.0,452.0,0.761,0.663,3.0,0.897,,,,,,,,,,,1.0,,,,1.0,
Ghana,GHA,7.0,2012.0,452.0,0.771,0.661,3.0,0.852,0.0,1.0,1.0,0.0,0.0,0.0,0.0,0.0,1.0,82.2,1.0,53.82,47.51,46.41,1.0,
Ghana,GHA,7.0,2013.0,452.0,0.75,0.635,3.0,0.827,,,,,,,,,,,1.0,,,,1.0,
Ghana,GHA,7.0,2014.0,452.0,0.746,0.63,3.0,0.827,,,,,,,,,,,1.0,,,,1.0,
Ghana,GHA,7.0,2015.0,452.0,0.739,0.631,2.0,0.864,,,,,,,,,,,1.0,,,,1.0,
Ghana,GHA,7.0,2016.0,452.0,0.725,0.61,2.0,0.857,2.0,2.0,1.0,0.0,0.0,0.0,0.0,0.0,1.0,70.88,1.0,61.45,53.85,44.4,1.0,
Ghana,GHA,7.0,2017.0,452.0,0.739,0.628,2.0,0.857,,,,,,,,,,,1.0,,,,1.0,
Ghana,GHA,7.0,2018.0,452.0,0.735,0.623,2.0,0.857,,,,,,,,,,,1.0,,,,1.0,
Ghana,GHA,7.0,2019.0,452.0,0.718,0.606,2.0,0.874,,,,,,,,,,,1.0,,,,1.0,
Ghana,GHA,7.0,2020.0,452.0,0.718,0.604,2.0,0.855,0.0,0.0,1.0,0.0,0.0,0.0,0.0,0.0,1.0,81.07,1.0,49.82,51.6,47.37,1.0,
Ghana,GHA,7.0,2021.0,452.0,0.659,0.554,2.0,0.878,,,,,,,,,,,1.0,,,,1.0,
Ghana,GHA,7.0,2022.0,452.0,0.663,0.559,2.0,0.87,,,,,,,,,,,1.0,,,,1.0,
Ghana,GHA,7.0,2023.0,452.0,0.657,0.555,2.0,0.882,,,,,,,,,,,1.0,,,,1.0,
Ghana,GHA,7.0,2024.0,452.0,0.665,0.56,2.0,0.877,2.0,2.0,1.0,0.0,0.0,0.0,0.0,0.0,1.0,58.6,1.0,,56.42,41.75,1.0,
Ghana,GHA,7.0,2025.0,452.0,0.711,0.606,2.0,0.878,,,,,,,,,,,1.0,,,,1.0,
South Africa,ZAF,8.0,1980.0,560.0,0.16,0.093,1.0,0.332,,,,,,,,,,,1.0,,,,0.5,0.0
South Africa,ZAF,8.0,1981.0,560.0,0.176,0.096,1.0,0.332,0.0,0.0,1.0,0.0,0.0,0.0,0.0,0.0,0.0,,1.0,79.39,,,0.5,0.0
South Africa,ZAF,8.0,1982.0,560.0,0.176,0.096,1.0,0.332,,,,,,,,,,,1.0,,,,0.5,0.0
South Africa,ZAF,8.0,1983.0,560.0,0.176,0.096,1.0,0.332,,,,,,,,,,,1.0,,,,0.5,0.0
South Africa,ZAF,8.0,1984.0,560.0,0.177,0.118,0.0,0.582,,,,,,,,,,,1.0,,,,1.0,
South Africa,ZAF,8.0,1985.0,560.0,0.178,0.118,0.0,0.582,,,,,,,,,,,1.0,,,,1.0,
South Africa,ZAF,8.0,1986.0,560.0,0.178,0.119,0.0,0.582,,,,,,,,,,,1.0,,,,1.0,
South Africa,ZAF,8.0,1987.0,560.0,0.176,0.118,0.0,0.582,0.0,0.0,1.0,0.0,0.0,0.0,0.0,0.0,0.0,,1.0,74.1,,,1.0,
South Africa,ZAF,8.0,1988.0,560.0,0.175,0.119,0.0,0.582,,,,,,,,,,,1.0,,,,1.0,
South Africa,ZAF,8.0,1989.0,560.0,0.186,0.121,0.0,0.582,0.0,0.0,1.0,0.0,0.0,0.0,0.0,0.0,0.0,,1.0,56.63,,,1.0,
South Africa,ZAF,8.0,1990.0,560.0,0.224,0.139,0.0,0.582,,,,,,,,,,,1.0,,,,1.0,
South Africa,ZAF,8.0,1991.0,560.0,0.254,0.148,0.0,0.582,,,,,,,,,,,1.0,,,,1.0,
South Africa,ZAF,8.0,1992.0,560.0,0.254,0.149,0.0,0.582,,,,,,,,,,,1.0,,,,1.0,
South Africa,ZAF,8.0,1993.0,560.0,0.264,0.159,0.0,0.656,,,,,,,,,,,1.0,,,,1.0,
South Africa,ZAF,8.0,1994.0,560.0,0.392,0.293,1.0,0.682,2.0,2.0,1.0,0.0,0.0,0.0,0.0,0.0,0.0,85.53,1.0,63.0,,,1.0,
South Africa,ZAF,8.0,1995.0,560.0,0.657,0.528,2.0,0.682,,,,,,,,,,,1.0,,,,1.0,
South Africa,ZAF,8.0,1996.0,560.0,0.663,0.56,3.0,0.83,,,,,,,,,,,1.0,,,,1.0,
South Africa,ZAF,8.0,1997.0,560.0,0.663,0.56,3.0,0.83,,,,,,,,,,,1.0,,,,1.0,
South Africa,ZAF,8.0,1998.0,560.0,0.668,0.564,3.0,0.83,,,,,,,,,,,1.0,,,,1.0,
South Africa,ZAF,8.0,1999.0,560.0,0.709,0.598,3.0,0.83,1.0,1.0,1.0,0.0,0.0,0.0,0.0,0.0,0.0,63.86,1.0,66.5,,,1.0,
South Africa,ZAF,8.0,2000.0,560.0,0.743,0.629,3.0,0.83,,,,,,,,,,,1.0,,,,1.0,
South Africa,ZAF,8.0,2001.0,560.0,0.743,0.629,3.0,0.83,,,,,,,,,,,1.0,,,,1.0,
South Africa,ZAF,8.0,2002.0,560.0,0.743,0.629,3.0,0.83,,,,,,,,,,,1.0,,,,1.0,
South Africa,ZAF,8.0,2003.0,560.0,0.743,0.629,3.0,0.83,,,,,,,,,,,1.0,,,,1.0,
South Africa,ZAF,8.0,2004.0,560.0,0.764,0.649,3.0,0.83,0.0,0.0,1.0,0.0,0.0,0.0,0.0,0.0,0.0,56.77,1.0,69.75,,,1.0,
South Africa,ZAF,8.0,2005.0,560.0,0.778,0.658,3.0,0.83,,,,,,,,,,,1.0,,,,1.0,
South Africa,ZAF,8.0,2006.0,560.0,0.779,0.661,3.0,0.83,,,,,,,,,,,1.0,,,,1.0,
South Africa,ZAF,8.0,2007.0,560.0,0.779,0.662,3.0,0.83,,,,,,,,,,,1.0,,,,1.0,
South Africa,ZAF,8.0,2008.0,560.0,0.775,0.657,3.0,0.83,,,,,,,,,,,1.0,,,,1.0,
South Africa,ZAF,8.0,2009.0,560.0,0.775,0.656,3.0,0.817,1.0,1.0,1.0,0.0,0.0,0.0,0.0,0.0,0.0,56.57,1.0,66.0,,,1.0,
South Africa,ZAF,8.0,2010.0,560.0,0.778,0.666,3.0,0.836,,,,,,,,,,,1.0,,,,1.0,
South Africa,ZAF,8.0,2011.0,560.0,0.777,0.666,3.0,0.836,,,,,,,,,,,1.0,,,,1.0,
South Africa,ZAF,8.0,2012.0,560.0,0.779,0.668,3.0,0.847,,,,,,,,,,,1.0,,,,1.0,
South Africa,ZAF,8.0,2013.0,560.0,0.765,0.65,2.0,0.844,,,,,,,,,,,1.0,,,,1.0,
South Africa,ZAF,8.0,2014.0,560.0,0.758,0.641,2.0,0.844,0.0,0.0,1.0,0.0,0.0,0.0,0.0,0.0,0.0,53.77,1.0,62.25,,,1.0,
South Africa,ZAF,8.0,2015.0,560.0,0.755,0.649,2.0,0.886,,,,,,,,,,,1.0,,,,1.0,
South Africa,ZAF,8.0,2016.0,560.0,0.752,0.645,2.0,0.896,,,,,,,,,,,1.0,,,,1.0,
South Africa,ZAF,8.0,2017.0,560.0,0.738,0.626,2.0,0.878,,,,,,,,,,,1.0,,,,1.0,
South Africa,ZAF,8.0,2018.0,560.0,0.747,0.64,2.0,0.887,,,,,,,,,,,1.0,,,,1.0,
South Africa,ZAF,8.0,2019.0,560.0,0.727,0.623,2.0,0.903,0.0,0.0,1.0,0.0,0.0,0.0,0.0,0.0,0.0,47.28,1.0,57.5,,,1.0,
South Africa,ZAF,8.0,2020.0,560.0,0.719,0.604,2.0,0.829,,,,,,,,,,,1.0,,,,1.0,
South Africa,ZAF,8.0,2021.0,560.0,0.725,0.609,2.0,0.837,,,,,,,,,,,1.0,,,,1.0,
South Africa,ZAF,8.0,2022.0,560.0,0.718,0.61,2.0,0.849,,,,,,,,,,,1.0,,,,1.0,
South Africa,ZAF,8.0,2023.0,560.0,0.712,0.602,2.0,0.868,,,,,,,,,,,1.0,,,,1.0,
South Africa,ZAF,8.0,2024.0,560.0,0.734,0.648,2.0,0.926,0.0,0.0,1.0,0.0,0.0,0.0,0.0,0.0,0.0,39.64,1.0,40.18,,,1.0,
South Africa,ZAF,8.0,2025.0,560.0,0.743,0.633,2.0,0.843,,,,,,,,,,,1.0,,,,1.0,
Japan,JPN,9.0,1980.0,740.0,0.835,0.752,3.0,0.901,1.0,0.0,1.0,0.0,0.0,0.0,0.0,0.0,0.0,74.7,1.0,56.16,,,0.0,0.0
Japan,JPN,9.0,1981.0,740.0,0.835,0.752,3.0,0.901,,,,,,,,,,,1.0,,,,0.0,0.0
Japan,JPN,9.0,1982.0,740.0,0.835,0.752,3.0,0.901,,,,,,,,,,,1.0,,,,0.0,0.0
Japan,JPN,9.0,1983.0,740.0,0.836,0.752,3.0,0.901,0.0,0.0,1.0,0.0,0.0,0.0,0.0,0.0,0.0,67.6,1.0,50.68,,,0.0,0.0
Japan,JPN,9.0,1984.0,740.0,0.838,0.754,3.0,0.901,,,,,,,,,,,1.0,,,,0.0,0.0
Japan,JPN,9.0,1985.0,740.0,0.838,0.754,3.0,0.901,,,,,,,,,,,1.0,,,,0.0,0.0
Japan,JPN,9.0,1986.0,740.0,0.836,0.752,3.0,0.901,0.0,0.0,1.0,0.0,0.0,0.0,0.0,0.0,0.0,71.53,1.0,59.38,,,0.0,0.0
Japan,JPN,9.0,1987.0,740.0,0.834,0.751,3.0,0.901,,,,,,,,,,,1.0,,,,0.0,0.0
Japan,JPN,9.0,1988.0,740.0,0.834,0.751,3.0,0.901,,,,,,,,,,,1.0,,,,0.0,0.0
Japan,JPN,9.0,1989.0,740.0,0.834,0.751,3.0,0.901,,,,,,,,,,,1.0,,,,0.0,0.0
Japan,JPN,9.0,1990.0,740.0,0.835,0.754,3.0,0.901,0.0,0.0,1.0,0.0,0.0,0.0,0.0,0.0,0.0,74.95,1.0,55.86,,,0.0,0.0
Japan,JPN,9.0,1991.0,740.0,0.835,0.754,3.0,0.901,,,,,,,,,,,1.0,,,,0.0,0.0
Japan,JPN,9.0,1992.0,740.0,0.835,0.754,3.0,0.901,,,,,,,,,,,1.0,,,,0.0,0.0
Japan,JPN,9.0,1993.0,740.0,0.837,0.755,3.0,0.901,2.0,0.0,1.0,0.0,0.0,0.0,0.0,0.0,0.0,66.25,1.0,44.62,,,0.0,0.0
Japan,JPN,9.0,1994.0,740.0,0.839,0.76,3.0,0.915,,,,,,,,,,,1.0,,,,0.0,0.0
Japan,JPN,9.0,1995.0,740.0,0.839,0.76,3.0,0.915,,,,,,,,,,,1.0,,,,0.0,0.0
Japan,JPN,9.0,1996.0,740.0,0.838,0.759,3.0,0.915,0.0,0.0,1.0,0.0,0.0,0.0,0.0,0.0,0.0,60.27,1.0,47.8,,,0.0,0.0
Japan,JPN,9.0,1997.0,740.0,0.837,0.757,3.0,0.915,,,,,,,,,,,1.0,,,,0.0,0.0
Japan,JPN,9.0,1998.0,740.0,0.837,0.757,3.0,0.915,,,,,,,,,,,1.0,,,,0.0,0.0
Japan,JPN,9.0,1999.0,740.0,0.837,0.757,3.0,0.915,,,,,,,,,,,1.0,,,,0.0,0.0
Japan,JPN,9.0,2000.0,740.0,0.838,0.762,3.0,0.932,0.0,0.0,1.0,0.0,0.0,0.0,0.0,0.0,0.0,59.02,1.0,48.54,,,0.0,0.0
Japan,JPN,9.0,2001.0,740.0,0.838,0.762,3.0,0.932,,,,,,,,,,,1.0,,,,0.0,0.0
Japan,JPN,9.0,2002.0,740.0,0.838,0.762,3.0,0.932,,,,,,,,,,,1.0,,,,0.0,0.0
Japan,JPN,9.0,2003.0,740.0,0.838,0.762,3.0,0.932,0.0,0.0,1.0,0.0,0.0,0.0,0.0,0.0,0.0,59.07,1.0,49.38,,,0.0,0.0
Japan,JPN,9.0,2004.0,740.0,0.838,0.763,3.0,0.932,,,,,,,,,,,1.0,,,,0.0,0.0
Japan,JPN,9.0,2005.0,740.0,0.841,0.766,3.0,0.932,0.0,0.0,1.0,0.0,0.0,0.0,0.0,0.0,0.0,66.62,1.0,61.67,,,0.0,0.0
Japan,JPN,9.0,2006.0,740.0,0.849,0.773,3.0,0.932,,,,,,,,,,,1.0,,,,0.0,0.0
Japan,JPN,9.0,2007.0,740.0,0.849,0.773,3.0,0.932,,,,,,,,,,,1.0,,,,0.0,0.0
Japan,JPN,9.0,2008.0,740.0,0.846,0.772,3.0,0.932,,,,,,,,,,,1.0,,,,0.0,0.0
Japan,JPN,9.0,2009.0,740.0,0.854,0.779,3.0,0.932,2.0,0.0,1.0,0.0,0.0,0.0,0.0,0.0,0.0,69.34,1.0,64.17,,,0.0,0.0
Japan,JPN,9.0,2010.0,740.0,0.852,0.778,3.0,0.932,,,,,,,,,,,1.0,,,,0.0,0.0
Japan,JPN,9.0,2011.0,740.0,0.852,0.778,3.0,0.932,,,,,,,,,,,1.0,,,,0.0,0.0
Japan,JPN,9.0,2012.0,740.0,0.848,0.774,3.0,0.932,2.0,0.0,1.0,0.0,0.0,0.0,0.0,0.0,0.0,59.67,1.0,61.25,,,0.0,0.0
Japan,JPN,9.0,2013.0,740.0,0.815,0.741,3.0,0.932,,,,,,,,,,,1.0,,,,0.0,0.0
Japan,JPN,9.0,2014.0,740.0,0.815,0.739,3.0,0.932,0.0,0.0,1.0,0.0,0.0,0.0,0.0,0.0,0.0,51.97,1.0,61.05,,,0.0,0.0
Japan,JPN,9.0,2015.0,740.0,0.817,0.74,3.0,0.932,,,,,,,,,,,1.0,,,,0.0,0.0
Japan,JPN,9.0,2016.0,740.0,0.817,0.74,3.0,0.932,,,,,,,,,,,1.0,,,,0.0,0.0
Japan,JPN,9.0,2017.0,740.0,0.821,0.744,3.0,0.932,0.0,0.0,1.0,0.0,0.0,0.0,0.0,0.0,0.0,53.31,1.0,60.43,,,0.0,0.0
Japan,JPN,9.0,2018.0,740.0,0.832,0.755,3.0,0.932,,,,,,,,,,,1.0,,,,0.0,0.0
Japan,JPN,9.0,2019.0,740.0,0.83,0.753,3.0,0.932,,,,,,,,,,,1.0,,,,0.0,0.0
Japan,JPN,9.0,2020.0,740.0,0.831,0.742,3.0,0.901,,,,,,,,,,,1.0,,,,0.0,0.0
Japan,JPN,9.0,2021.0,740.0,0.824,0.736,3.0,0.901,0.0,0.0,1.0,0.0,0.0,0.0,0.0,0.0,0.0,55.75,1.0,55.7,,,0.0,0.0
Japan,JPN,9.0,2022.0,740.0,0.823,0.738,3.0,0.901,,,,,,,,,,,1.0,,,,0.0,0.0
Japan,JPN,9.0,2023.0,740.0,0.826,0.745,3.0,0.901,,,,,,,,,,,1.0,,,,0.0,0.0
Japan,JPN,9.0,2024.0,740.0,0.822,0.737,3.0,0.901,1.0,0.0,1.0,0.0,0.0,0.0,0.0,0.0,0.0,51.35,1.0,41.07,,,0.0,0.0
Japan,JPN,9.0,2025.0,740.0,0.819,0.734,3.0,0.901,,,,,,,,,,,1.0,,,,0.0,1.0
Burma/Myanmar,MMR,10.0,1980.0,775.0,0.137,0.027,0.0,0.027,,,,,,,,,,,1.0,,,,1.0,0.0
Burma/Myanmar,MMR,10.0,1981.0,775.0,0.137,0.027,0.0,0.027,0.0,0.0,1.0,0.0,0.0,0.0,0.0,0.0,0.0,,1.0,100.0,,,1.0,0.0
Burma/Myanmar,MMR,10.0,1982.0,775.0,0.138,0.027,0.0,0.027,,,,,,,,,,,1.0,,,,1.0,0.0
Burma/Myanmar,MMR,10.0,1983.0,775.0,0.138,0.027,0.0,0.027,,,,,,,,,,,1.0,,,,1.0,0.0
Burma/Myanmar,MMR,10.0,1984.0,775.0,0.138,0.027,0.0,0.027,,,,,,,,,,,1.0,,,,1.0,0.0
Burma/Myanmar,MMR,10.0,1985.0,775.0,0.138,0.027,0.0,0.027,0.0,0.0,1.0,0.0,0.0,0.0,0.0,0.0,0.0,,1.0,100.0,,,1.0,0.0
Burma/Myanmar,MMR,10.0,1986.0,775.0,0.138,0.027,0.0,0.027,,,,,,,,,,,1.0,,,,1.0,0.0
Burma/Myanmar,MMR,10.0,1987.0,775.0,0.138,0.027,0.0,0.027,,,,,,,,,,,1.0,,,,1.0,0.0
Burma/Myanmar,MMR,10.0,1988.0,775.0,0.126,0.015,0.0,,,,,,,,,,,,1.0,,,,0.5,0.0
Burma/Myanmar,MMR,10.0,1989.0,775.0,0.09,0.017,0.0,,,,,,,,,,,,1.0,,,,1.0,
Burma/Myanmar,MMR,10.0,1990.0,775.0,0.115,0.02,0.0,,0.0,0.0,1.0,0.0,0.0,0.0,0.0,0.0,0.0,64.57,1.0,79.67,,,1.0,
Burma/Myanmar,MMR,10.0,1991.0,775.0,0.096,0.017,0.0,,,,,,,,,,,,1.0,,,,1.0,
Burma/Myanmar,MMR,10.0,1992.0,775.0,0.096,0.017,0.0,,,,,,,,,,,,1.0,,,,1.0,
Burma/Myanmar,MMR,10.0,1993.0,775.0,0.096,0.017,0.0,,,,,,,,,,,,1.0,,,,1.0,
Burma/Myanmar,MMR,10.0,1994.0,775.0,0.096,0.017,0.0,,,,,,,,,,,,1.0,,,,1.0,
Burma/Myanmar,MMR,10.0,1995.0,775.0,0.096,0.017,0.0,,,,,,,,,,,,1.0,,,,1.0,
Burma/Myanmar,MMR,10.0,1996.0,775.0,0.096,0.017,0.0,,,,,,,,,,,,1.0,,,,1.0,
Burma/Myanmar,MMR,10.0,1997.0,775.0,0.096,0.017,0.0,,,,,,,,,,,,1.0,,,,1.0,
Burma/Myanmar,MMR,10.0,1998.0,775.0,0.096,0.017,0.0,,,,,,,,,,,,1.0,,,,1.0,
Burma/Myanmar,MMR,10.0,1999.0,775.0,0.096,0.017,0.0,,,,,,,,,,,,1.0,,,,1.0,
Burma/Myanmar,MMR,10.0,2000.0,775.0,0.096,0.018,0.0,,,,,,,,,,,,1.0,,,,1.0,
Burma/Myanmar,MMR,10.0,2001.0,775.0,0.096,0.018,0.0,,,,,,,,,,,,1.0,,,,1.0,
Burma/Myanmar,MMR,10.0,2002.0,775.0,0.096,0.018,0.0,,,,,,,,,,,,1.0,,,,1.0,
Burma/Myanmar,MMR,10.0,2003.0,775.0,0.096,0.018,0.0,,,,,,,,,,,,1.0,,,,0.5,0.0
Burma/Myanmar,MMR,10.0,2004.0,775.0,0.096,0.018,0.0,,,,,,,,,,,,1.0,,,,0.5,0.0
Burma/Myanmar,MMR,10.0,2005.0,775.0,0.096,0.018,0.0,,,,,,,,,,,,1.0,,,,0.5,0.0
Burma/Myanmar,MMR,10.0,2006.0,775.0,0.096,0.018,0.0,,,,,,,,,,,,1.0,,,,0.5,0.0
Burma/Myanmar,MMR,10.0,2007.0,775.0,0.096,0.017,0.0,,,,,,,,,,,,1.0,,,,0.5,0.0
Burma/Myanmar,MMR,10.0,2008.0,775.0,0.096,0.018,0.0,,,,,,,,,,,,1.0,,,,0.5,0.0
Burma/Myanmar,MMR,10.0,2009.0,775.0,0.097,0.018,0.0,,,,,,,,,,,,1.0,,,,0.5,0.0
Burma/Myanmar,MMR,10.0,2010.0,775.0,0.119,0.033,0.0,0.379,0.0,0.0,1.0,0.0,0.0,0.0,0.0,0.0,0.0,63.35,1.0,78.48,,,1.0,0.0
Burma/Myanmar,MMR,10.0,2011.0,775.0,0.223,0.107,1.0,0.379,,,,,,,,,,,1.0,,,,1.0,
Burma/Myanmar,MMR,10.0,2012.0,775.0,0.306,0.134,1.0,0.32,0.0,0.0,1.0,0.0,0.0,0.0,0.0,0.0,0.0,,1.0,100.0,,,1.0,
Burma/Myanmar,MMR,10.0,2013.0,775.0,0.355,0.157,1.0,0.288,,,,,,,,,,,1.0,,,,1.0,
Burma/Myanmar,MMR,10.0,2014.0,775.0,0.357,0.163,1.0,0.298,,,,,,,,,,,1.0,,,,1.0,
Burma/Myanmar,MMR,10.0,2015.0,775.0,0.37,0.181,1.0,0.298,2.0,2.0,1.0,0.0,0.0,0.0,0.0,0.0,0.0,61.87,1.0,77.27,,,1.0,
Burma/Myanmar,MMR,10.0,2016.0,775.0,0.402,0.226,1.0,0.476,,,,,,,,,,,1.0,,,,1.0,1.0
Burma/Myanmar,MMR,10.0,2017.0,775.0,0.402,0.229,1.0,0.483,,,,,,,,,,,1.0,,,,1.0,1.0
Burma/Myanmar,MMR,10.0,2018.0,775.0,0.397,0.232,1.0,0.533,,,,,,,,,,,1.0,,,,1.0,1.0
Burma/Myanmar,MMR,10.0,2019.0,775.0,0.421,0.246,1.0,0.533,,,,,,,,,,,1.0,,,,1.0,1.0
Burma/Myanmar,MMR,10.0,2020.0,775.0,0.426,0.252,1.0,0.541,0.0,0.0,1.0,0.0,0.0,0.0,0.0,0.0,0.0,70.51,1.0,81.9,,,1.0,1.0
Burma/Myanmar,MMR,10.0,2021.0,775.0,0.102,0.02,0.0,0.22,,,,,,,,,,,1.0,,,,0.0,0.0
Burma/Myanmar,MMR,10.0,2022.0,775.0,0.087,0.016,0.0,0.292,,,,,,,,,,,1.0,,,,0.0,0.0
Burma/Myanmar,MMR,10.0,2023.0,775.0,0.077,0.015,0.0,,,,,,,,,,,,1.0,,,,0.0,0.0
Burma/Myanmar,MMR,10.0,2024.0,775.0,0.08,0.015,0.0,,,,,,,,,,,,1.0,,,,1.0,
Burma/Myanmar,MMR,10.0,2025.0,775.0,0.08,0.015,0.0,,,,1.0,0.0,0.0,0.0,0.0,0.0,0.0,,1.0,,,,1.0,0.0
Russia,RUS,11.0,1980.0,365.0,0.107,0.028,0.0,0.086,,,,,,,,,,,1.0,,,,1.0,0.0
Russia,RUS,11.0,1981.0,365.0,0.107,0.028,0.0,0.086,,,,,,,,,,,1.0,,,,1.0,0.0
Russia,RUS,11.0,1982.0,365.0,0.107,0.028,0.0,0.086,,,,,,,,,,,1.0,,,,1.0,0.0
Russia,RUS,11.0,1983.0,365.0,0.107,0.027,0.0,0.086,,,,,,,,,,,1.0,,,,1.0,0.0
Russia,RUS,11.0,1984.0,365.0,0.106,0.027,0.0,0.086,0.0,0.0,1.0,0.0,0.0,0.0,0.0,0.0,0.0,,1.0,73.47,,,1.0,0.0
Russia,RUS,11.0,1985.0,365.0,0.109,0.029,0.0,0.086,,,,,,,,,,,1.0,,,,1.0,0.0
Russia,RUS,11.0,1986.0,365.0,0.117,0.037,0.0,0.11,,,,,,,,,,,1.0,,,,1.0,0.0
Russia,RUS,11.0,1987.0,365.0,0.144,0.041,0.0,0.089,,,,,,,,,,,1.0,,,,1.0,0.0
Russia,RUS,11.0,1988.0,365.0,0.145,0.043,0.0,0.093,,,,,,,,,,,1.0,,,,1.0,0.0
Russia,RUS,11.0,1989.0,365.0,0.176,0.064,0.0,0.25,0.0,0.0,1.0,0.0,0.0,0.0,0.0,0.0,0.0,,1.0,86.98,,,1.0,0.0
Russia,RUS,11.0,1990.0,365.0,0.234,0.096,0.0,0.417,0.0,0.0,1.0,0.0,0.0,0.0,0.0,0.0,0.0,,1.0,,,,1.0,0.0
Russia,RUS,11.0,1991.0,365.0,0.255,0.129,1.0,0.471,2.0,2.0,0.0,0.0,0.0,0.0,0.0,0.0,1.0,73.27,1.0,,58.6,17.2,1.0,0.0
Russia,RUS,11.0,1992.0,365.0,0.498,0.299,1.0,0.558,,,,,,,,,,,1.0,,,,1.0,0.0
Russia,RUS,11.0,1993.0,365.0,0.48,0.294,1.0,0.646,0.0,0.0,1.0,0.0,0.0,0.0,0.0,0.0,0.0,47.22,1.0,16.89,,,1.0,0.0
Russia,RUS,11.0,1994.0,365.0,0.477,0.293,1.0,0.639,,,,,,,,,,,1.0,,,,1.0,0.0
Russia,RUS,11.0,1995.0,365.0,0.477,0.297,1.0,0.633,0.0,0.0,1.0,0.0,0.0,0.0,0.0,0.0,0.0,62.77,1.0,33.11,,,1.0,0.0
Russia,RUS,11.0,1996.0,365.0,0.461,0.29,1.0,0.633,0.0,0.0,0.0,0.0,0.0,0.0,0.0,0.0,1.0,67.61,1.0,,35.8,32.5,1.0,0.0
Russia,RUS,11.0,1997.0,365.0,0.456,0.284,1.0,0.633,,,,,,,,,,,1.0,,,,1.0,0.0
Russia,RUS,11.0,1998.0,365.0,0.456,0.282,1.0,0.633,,,,,,,,,,,1.0,,,,1.0,0.0
Russia,RUS,11.0,1999.0,365.0,0.461,0.284,1.0,0.633,0.0,0.0,1.0,0.0,0.0,0.0,0.0,0.0,0.0,59.12,1.0,19.78,,,1.0,0.0
Russia,RUS,11.0,2000.0,365.0,0.403,0.223,1.0,0.482,0.0,0.0,0.0,0.0,0.0,0.0,0.0,0.0,1.0,68.85,1.0,,53.4,29.5,1.0,0.0
Russia,RUS,11.0,2001.0,365.0,0.374,0.201,1.0,0.482,,,,,,,,,,,1.0,,,,1.0,0.0
Russia,RUS,11.0,2002.0,365.0,0.354,0.175,1.0,0.348,,,,,,,,,,,1.0,,,,1.0,0.0
Russia,RUS,11.0,2003.0,365.0,0.339,0.165,1.0,0.348,0.0,0.0,1.0,0.0,0.0,0.0,0.0,0.0,0.0,54.34,1.0,68.0,,,1.0,0.0
Russia,RUS,11.0,2004.0,365.0,0.321,0.153,1.0,0.273,0.0,0.0,0.0,0.0,0.0,0.0,0.0,0.0,1.0,62.22,1.0,,71.9,13.8,1.0,0.0
Russia,RUS,11.0,2005.0,365.0,0.32,0.149,1.0,0.262,,,,,,,,,,,1.0,,,,1.0,0.0
Russia,RUS,11.0,2006.0,365.0,0.322,0.15,1.0,0.262,,,,,,,,,,,1.0,,,,1.0,0.0
Russia,RUS,11.0,2007.0,365.0,0.316,0.146,1.0,0.23,0.0,0.0,1.0,0.0,0.0,0.0,0.0,0.0,0.0,61.91,1.0,70.0,,,1.0,0.0
Russia,RUS,11.0,2008.0,365.0,0.302,0.139,1.0,0.188,0.0,1.0,0.0,0.0,0.0,0.0,0.0,0.0,1.0,65.37,1.0,,70.3,17.7,1.0,0.0
Russia,RUS,11.0,2009.0,365.0,0.309,0.141,1.0,0.188,,,,,,,,,,,1.0,,,,1.0,0.0
Russia,RUS,11.0,2010.0,365.0,0.306,0.135,1.0,0.175,,,,,,,,,,,1.0,,,,1.0,0.0
Russia,RUS,11.0,2011.0,365.0,0.299,0.134,1.0,0.176,0.0,0.0,1.0,0.0,0.0,0.0,0.0,0.0,0.0,57.96,1.0,52.89,,,1.0,0.0
Russia,RUS,11.0,2012.0,365.0,0.278,0.122,1.0,0.175,1.0,1.0,0.0,0.0,0.0,0.0,0.0,0.0,1.0,63.37,1.0,,63.64,17.18,1.0,0.0
Russia,RUS,11.0,2013.0,365.0,0.276,0.116,1.0,0.165,,,,,,,,,,,1.0,,,,1.0,0.0
Russia,RUS,11.0,2014.0,365.0,0.264,0.109,1.0,0.156,,,,,,,,,,,1.0,,,,1.0,0.0
Russia,RUS,11.0,2015.0,365.0,0.265,0.109,1.0,0.153,,,,,,,,,,,1.0,,,,1.0,0.0
Russia,RUS,11.0,2016.0,365.0,0.263,0.106,1.0,0.153,0.0,0.0,1.0,0.0,0.0,0.0,0.0,0.0,0.0,46.04,1.0,76.22,,,1.0,0.0
Russia,RUS,11.0,2017.0,365.0,0.261,0.107,1.0,0.169,,,,,,,,,,,1.0,,,,1.0,0.0
Russia,RUS,11.0,2018.0,365.0,0.264,0.107,1.0,0.161,0.0,0.0,0.0,0.0,0.0,0.0,0.0,0.0,1.0,64.78,1.0,,76.69,11.77,1.0,0.0
Russia,RUS,11.0,2019.0,365.0,0.259,0.105,1.0,0.145,,,,,,,,,,,1.0,,,,1.0,0.0
Russia,RUS,11.0,2020.0,365.0,0.255,0.097,1.0,0.132,,,,,,,,,,,1.0,,,,1.0,0.0
Russia,RUS,11.0,2021.0,365.0,0.245,0.094,1.0,0.132,0.0,0.0,1.0,0.0,0.0,0.0,0.0,0.0,0.0,49.64,1.0,72.44,,,1.0,0.0
Russia,RUS,11.0,2022.0,365.0,0.206,0.07,1.0,0.086,,,,,,,,,,,1.0,,,,1.0,0.0
Russia,RUS,11.0,2023.0,365.0,0.19,0.065,1.0,0.073,,,,,,,,,,,1.0,,,,1.0,0.0
Russia,RUS,11.0,2024.0,365.0,0.171,0.057,1.0,0.073,0.0,0.0,0.0,0.0,0.0,0.0,0.0,0.0,1.0,77.76,1.0,,87.28,4.31,1.0,0.0
Russia,RUS,11.0,2025.0,365.0,0.17,0.056,1.0,0.073,,,,,,,,,,,1.0,,,,1.0,0.0
Albania,ALB,12.0,1980.0,339.0,0.174,0.056,0.0,0.076,,,,,,,,,,,1.0,,,,0.0,0.0
Albania,ALB,12.0,1981.0,339.0,0.174,0.056,0.0,0.076,,,,,,,,,,,1.0,,,,0.0,0.0
Albania,ALB,12.0,1982.0,339.0,0.174,0.056,0.0,0.076,0.0,0.0,1.0,0.0,0.0,0.0,0.0,0.0,0.0,,1.0,100.0,,,0.0,0.0
Albania,ALB,12.0,1983.0,339.0,0.173,0.056,0.0,0.076,,,,,,,,,,,1.0,,,,0.0,0.0
Albania,ALB,12.0,1984.0,339.0,0.173,0.056,0.0,0.076,,,,,,,,,,,1.0,,,,0.0,0.0
Albania,ALB,12.0,1985.0,339.0,0.173,0.056,0.0,0.076,,,,,,,,,,,1.0,,,,0.0,0.0
Albania,ALB,12.0,1986.0,339.0,0.173,0.058,0.0,0.076,,,,,,,,,,,1.0,,,,1.0,
Albania,ALB,12.0,1987.0,339.0,0.173,0.058,0.0,0.076,0.0,0.0,1.0,0.0,0.0,0.0,0.0,0.0,0.0,,1.0,100.0,,,1.0,
Albania,ALB,12.0,1988.0,339.0,0.173,0.058,0.0,0.076,,,,,,,,,,,1.0,,,,1.0,
Albania,ALB,12.0,1989.0,339.0,0.173,0.058,0.0,0.076,,,,,,,,,,,1.0,,,,1.0,
Albania,ALB,12.0,1990.0,339.0,0.187,0.07,0.0,0.138,,,,,,,,,,,1.0,,,,1.0,
Albania,ALB,12.0,1991.0,339.0,0.367,0.26,1.0,0.609,1.0,0.0,1.0,1.0,0.0,0.0,0.0,0.0,0.0,98.89,1.0,67.6,,,0.0,0.0
Albania,ALB,12.0,1992.0,339.0,0.42,0.333,1.0,0.884,2.0,0.0,1.0,1.0,0.0,0.0,0.0,0.0,0.0,89.21,1.0,65.71,,,0.5,0.0
Albania,ALB,12.0,1993.0,339.0,0.421,0.321,1.0,0.729,,,,,,,,,,,1.0,,,,0.5,0.0
Albania,ALB,12.0,1994.0,339.0,0.421,0.34,1.0,0.882,,,,,,,,,,,1.0,,,,0.5,0.0
Albania,ALB,12.0,1995.0,339.0,0.427,0.344,1.0,0.882,,,,,,,,,,,1.0,,,,0.5,0.0
Albania,ALB,12.0,1996.0,339.0,0.387,0.321,1.0,0.882,0.0,0.0,1.0,1.0,0.0,0.0,0.0,0.0,0.0,89.53,1.0,87.14,,,0.5,0.0
Albania,ALB,12.0,1997.0,339.0,0.371,0.311,1.0,0.889,1.0,0.0,1.0,1.0,0.0,0.0,0.0,0.0,0.0,63.4,1.0,65.16,,,0.0,0.0
Albania,ALB,12.0,1998.0,339.0,0.39,0.323,1.0,0.89,,,,,,,,,,,1.0,,,,0.0,0.0
Albania,ALB,12.0,1999.0,339.0,0.392,0.326,1.0,0.88,,,,,,,,,,,1.0,,,,0.0,0.0
Albania,ALB,12.0,2000.0,339.0,0.402,0.342,1.0,0.89,,,,,,,,,,,1.0,,,,0.0,0.0
Albania,ALB,12.0,2001.0,339.0,0.438,0.366,1.0,0.89,0.0,0.0,1.0,1.0,0.0,0.0,0.0,0.0,0.0,67.3,1.0,52.14,,,0.0,0.0
Albania,ALB,12.0,2002.0,339.0,0.48,0.395,1.0,0.89,,,,,,,,,,,1.0,,,,0.0,0.0
Albania,ALB,12.0,2003.0,339.0,0.486,0.398,1.0,0.89,,,,,,,,,,,1.0,,,,0.0,0.0
Albania,ALB,12.0,2004.0,339.0,0.491,0.406,1.0,0.89,,,,,,,,,,,1.0,,,,0.0,0.0
Albania,ALB,12.0,2005.0,339.0,0.518,0.425,2.0,0.89,2.0,0.0,1.0,0.0,0.0,0.0,0.0,0.0,0.0,58.96,1.0,40.0,,,0.0,0.0
Albania,ALB,12.0,2006.0,339.0,0.546,0.444,2.0,0.89,,,,,,,,,,,1.0,,,,0.0,0.0
Albania,ALB,12.0,2007.0,339.0,0.551,0.446,2.0,0.89,,,,,,,,,,,1.0,,,,0.0,0.0
Albania,ALB,12.0,2008.0,339.0,0.551,0.447,2.0,0.89,,,,,,,,,,,1.0,,,,0.0,0.0
Albania,ALB,12.0,2009.0,339.0,0.544,0.446,2.0,0.89,0.0,0.0,1.0,0.0,0.0,0.0,0.0,0.0,0.0,69.1,1.0,48.57,,,0.0,0.0
Albania,ALB,12.0,2010.0,339.0,0.539,0.44,2.0,0.884,,,,,,,,,,,1.0,,,,0.0,0.0
Albania,ALB,12.0,2011.0,339.0,0.539,0.441,2.0,0.884,,,,,,,,,,,1.0,,,,0.0,0.0
Albania,ALB,12.0,2012.0,339.0,0.54,0.444,2.0,0.884,,,,,,,,,,,1.0,,,,0.0,0.0
Albania,ALB,12.0,2013.0,339.0,0.523,0.433,2.0,0.815,2.0,0.0,1.0,0.0,0.0,0.0,0.0,0.0,0.0,76.68,1.0,47.14,,,0.0,0.0
Albania,ALB,12.0,2014.0,339.0,0.522,0.436,2.0,0.815,,,,,,,,,,,1.0,,,,0.0,0.0
Albania,ALB,12.0,2015.0,339.0,0.518,0.435,2.0,0.815,,,,,,,,,,,1.0,,,,0.0,0.0
Albania,ALB,12.0,2016.0,339.0,0.52,0.436,2.0,0.815,,,,,,,,,,,1.0,,,,0.0,0.0
Albania,ALB,12.0,2017.0,339.0,0.536,0.437,2.0,0.815,0.0,0.0,1.0,0.0,0.0,0.0,0.0,0.0,0.0,68.5,1.0,52.86,,,0.0,0.0
Albania,ALB,12.0,2018.0,339.0,0.524,0.432,2.0,0.815,,,,,,,,,,,1.0,,,,0.0,0.0
Albania,ALB,12.0,2019.0,339.0,0.511,0.426,2.0,0.831,,,,,,,,,,,1.0,,,,0.0,0.0
Albania,ALB,12.0,2020.0,339.0,0.528,0.442,2.0,0.831,,,,,,,,,,,1.0,,,,0.0,0.0
Albania,ALB,12.0,2021.0,339.0,0.526,0.438,2.0,0.798,0.0,0.0,1.0,0.0,0.0,0.0,0.0,0.0,0.0,68.35,1.0,52.86,,,0.0,0.0
Albania,ALB,12.0,2022.0,339.0,0.517,0.428,2.0,0.816,,,,,,,,,,,1.0,,,,0.0,0.0
Albania,ALB,12.0,2023.0,339.0,0.505,0.394,2.0,0.718,,,,,,,,,,,1.0,,,,0.0,0.0
Albania,ALB,12.0,2024.0,339.0,0.51,0.398,2.0,0.692,,,,,,,,,,,1.0,,,,0.0,0.0
Albania,ALB,12.0,2025.0,339.0,0.484,0.382,1.0,0.653,0.0,0.0,1.0,0.0,0.0,0.0,0.0,0.0,0.0,78.05,1.0,59.29,,,0.0,0.0
Egypt,EGY,13.0,1980.0,651.0,0.181,0.12,1.0,0.456,,,,,,,,,,,1.0,,,,0.5,0.0
Egypt,EGY,13.0,1981.0,651.0,0.191,0.161,1.0,0.464,0.0,1.0,0.0,0.0,0.0,0.0,0.0,0.0,1.0,,1.0,,98.5,1.5,1.0,
Egypt,EGY,13.0,1982.0,651.0,0.217,0.171,1.0,0.456,,,,,,,,,,,1.0,,,,0.5,0.0
Egypt,EGY,13.0,1983.0,651.0,0.217,0.17,1.0,0.456,,,,,,,,,,,1.0,,,,0.5,0.0
Egypt,EGY,13.0,1984.0,651.0,0.215,0.17,1.0,0.456,1.0,0.0,1.0,0.0,0.0,0.0,0.0,0.0,0.0,21.59,1.0,87.05,,,0.5,0.0
Egypt,EGY,13.0,1985.0,651.0,0.214,0.17,1.0,0.456,,,,,,,,,,,1.0,,,,0.5,0.0
Egypt,EGY,13.0,1986.0,651.0,0.219,0.173,1.0,0.456,,,,,,,,,,,1.0,,,,0.5,0.0
Egypt,EGY,13.0,1987.0,651.0,0.22,0.171,1.0,0.456,0.0,0.0,1.0,1.0,0.0,0.0,0.0,0.0,1.0,27.21,1.0,68.75,97.1,0.0,0.5,0.0
Egypt,EGY,13.0,1988.0,651.0,0.223,0.172,1.0,0.456,,,,,,,,,,,1.0,,,,0.5,0.0
Egypt,EGY,13.0,1989.0,651.0,0.224,0.172,1.0,0.456,,,,,,,,,,,1.0,,,,0.5,0.0
Egypt,EGY,13.0,1990.0,651.0,0.223,0.161,1.0,0.346,0.0,0.0,1.0,1.0,0.0,0.0,0.0,0.0,0.0,25.03,1.0,78.38,,,0.5,0.0
Egypt,EGY,13.0,1991.0,651.0,0.212,0.157,1.0,0.346,,,,,,,,,,,1.0,,,,0.5,0.0
Egypt,EGY,13.0,1992.0,651.0,0.212,0.157,1.0,0.346,,,,,,,,,,,1.0,,,,0.5,0.0
Egypt,EGY,13.0,1993.0,651.0,0.216,0.158,1.0,0.346,0.0,0.0,0.0,0.0,0.0,0.0,0.0,0.0,1.0,,1.0,,96.3,0.0,0.5,0.0
Egypt,EGY,13.0,1994.0,651.0,0.217,0.156,1.0,0.346,,,,,,,,,,,1.0,,,,0.5,0.0
Egypt,EGY,13.0,1995.0,651.0,0.217,0.157,1.0,0.346,1.0,0.0,1.0,1.0,0.0,0.0,0.0,0.0,0.0,30.41,1.0,71.4,,,0.5,0.0
Egypt,EGY,13.0,1996.0,651.0,0.215,0.156,1.0,0.346,,,,,,,,,,,1.0,,,,0.5,0.0
Egypt,EGY,13.0,1997.0,651.0,0.213,0.155,1.0,0.346,,,,,,,,,,,1.0,,,,0.5,0.0
Egypt,EGY,13.0,1998.0,651.0,0.215,0.155,1.0,0.346,,,,,,,,,,,1.0,,,,0.5,0.0
Egypt,EGY,13.0,1999.0,651.0,0.215,0.155,1.0,0.346,1.0,0.0,0.0,0.0,0.0,0.0,0.0,0.0,1.0,,1.0,,93.8,0.0,0.5,0.0
Egypt,EGY,13.0,2000.0,651.0,0.217,0.154,1.0,0.346,0.0,0.0,1.0,1.0,0.0,0.0,0.0,0.0,0.0,,1.0,79.5,,,0.5,0.0
Egypt,EGY,13.0,2001.0,651.0,0.209,0.151,1.0,0.346,,,,,,,,,,,1.0,,,,0.5,0.0
Egypt,EGY,13.0,2002.0,651.0,0.209,0.151,1.0,0.346,,,,,,,,,,,1.0,,,,0.5,0.0
Egypt,EGY,13.0,2003.0,651.0,0.209,0.151,1.0,0.346,,,,,,,,,,,1.0,,,,0.5,0.0
Egypt,EGY,13.0,2004.0,651.0,0.208,0.151,1.0,0.346,,,,,,,,,,,1.0,,,,0.5,0.0
Egypt,EGY,13.0,2005.0,651.0,0.21,0.152,1.0,0.346,0.0,0.0,1.0,1.0,0.0,0.0,0.0,0.0,1.0,19.75,1.0,72.07,88.6,7.3,0.5,0.0
Egypt,EGY,13.0,2006.0,651.0,0.212,0.153,1.0,0.346,,,,,,,,,,,1.0,,,,0.5,0.0
Egypt,EGY,13.0,2007.0,651.0,0.212,0.152,1.0,0.346,,,,,,,,,,,1.0,,,,0.5,0.0
Egypt,EGY,13.0,2008.0,651.0,0.212,0.152,1.0,0.346,,,,,,,,,,,1.0,,,,0.5,0.0
Egypt,EGY,13.0,2009.0,651.0,0.211,0.152,1.0,0.346,,,,,,,,,,,1.0,,,,0.5,0.0
Egypt,EGY,13.0,2010.0,651.0,0.212,0.152,1.0,0.328,0.0,0.0,1.0,1.0,0.0,0.0,0.0,0.0,0.0,28.37,1.0,83.46,,,0.5,0.0
Egypt,EGY,13.0,2011.0,651.0,0.204,0.122,1.0,0.36,0.0,0.0,1.0,1.0,0.0,0.0,0.0,0.0,0.0,54.99,1.0,47.19,,,0.5,0.0
Egypt,EGY,13.0,2012.0,651.0,0.298,0.157,1.0,0.341,0.0,2.0,0.0,0.0,0.0,0.0,0.0,0.0,1.0,49.62,1.0,,24.78,23.66,1.0,0.0
Egypt,EGY,13.0,2013.0,651.0,0.187,0.097,0.0,0.341,,,,,,,,,,,1.0,,,,1.0,0.0
Egypt,EGY,13.0,2014.0,651.0,0.137,0.085,1.0,0.341,0.0,2.0,0.0,0.0,0.0,0.0,0.0,0.0,1.0,47.14,1.0,,96.91,3.09,1.0,0.0
Egypt,EGY,13.0,2015.0,651.0,0.156,0.093,1.0,,2.0,0.0,1.0,1.0,0.0,0.0,0.0,0.0,0.0,27.46,1.0,56.87,,,1.0,0.0
Egypt,EGY,13.0,2016.0,651.0,0.178,0.122,1.0,0.231,,,,,,,,,,,1.0,,,,1.0,0.0
Egypt,EGY,13.0,2017.0,651.0,0.178,0.113,1.0,0.166,,,,,,,,,,,1.0,,,,1.0,0.0
Egypt,EGY,13.0,2018.0,651.0,0.176,0.112,1.0,0.18,1.0,0.0,0.0,0.0,0.0,0.0,0.0,0.0,1.0,39.9,1.0,,97.08,2.92,1.0,0.0
Egypt,EGY,13.0,2019.0,651.0,0.174,0.116,1.0,0.19,,,,,,,,,,,1.0,,,,1.0,0.0
Egypt,EGY,13.0,2020.0,651.0,0.176,0.117,1.0,0.174,0.0,0.0,1.0,1.0,0.0,0.0,0.0,0.0,0.0,28.82,1.0,55.81,,,1.0,0.0
Egypt,EGY,13.0,2021.0,651.0,0.18,0.116,1.0,0.175,,,,,,,,,,,1.0,,,,1.0,0.0
Egypt,EGY,13.0,2022.0,651.0,0.183,0.123,1.0,0.172,,,,,,,,,,,1.0,,,,1.0,0.0
Egypt,EGY,13.0,2023.0,651.0,0.187,0.123,1.0,0.172,0.0,0.0,0.0,0.0,0.0,0.0,0.0,0.0,1.0,68.01,1.0,,89.65,4.49,1.0,0.0
Egypt,EGY,13.0,2024.0,651.0,0.186,0.123,1.0,0.172,,,,,,,,,,,1.0,,,,1.0,0.0
Egypt,EGY,13.0,2025.0,651.0,0.187,0.115,1.0,0.167,,,1.0,1.0,0.0,0.0,0.0,0.0,0.0,,1.0,39.96,,,1.0,0.0
Yemen,YEM,14.0,1980.0,678.0,0.09,0.06,0.0,0.171,,,,,,,,,,,0.0,,,,1.0,0.0
Yemen,YEM,14.0,1981.0,678.0,0.09,0.06,0.0,0.171,,,,,,,,,,,0.0,,,,1.0,0.0
Yemen,YEM,14.0,1982.0,678.0,0.089,0.06,0.0,0.171,,,,,,,,,,,0.0,,,,1.0,0.0
Yemen,YEM,14.0,1983.0,678.0,0.089,0.06,0.0,0.171,,,,,,,,,,,0.0,,,,1.0,0.0
Yemen,YEM,14.0,1984.0,678.0,0.089,0.06,0.0,0.171,,,,,,,,,,,0.0,,,,1.0,0.0
Yemen,YEM,14.0,1985.0,678.0,0.089,0.06,0.0,0.171,,,,,,,,,,,0.0,,,,1.0,0.0
Yemen,YEM,14.0,1986.0,678.0,0.089,0.06,0.0,0.171,,,,,,,,,,,0.0,,,,1.0,0.0
Yemen,YEM,14.0,1987.0,678.0,0.089,0.059,0.0,0.171,,,,,,,,,,,0.0,,,,1.0,0.0
Yemen,YEM,14.0,1988.0,678.0,0.129,0.066,1.0,0.171,0.0,0.0,1.0,0.0,0.0,0.0,0.0,0.0,0.0,,0.0,,,,1.0,0.0
Yemen,YEM,14.0,1989.0,678.0,0.17,0.073,1.0,0.171,,,,,,,,,,,0.0,,,,1.0,0.0
Yemen,YEM,14.0,1990.0,679.0,0.224,0.114,1.0,0.427,,,,,,,,,,,0.0,,,,1.0,0.0
Yemen,YEM,14.0,1991.0,679.0,0.28,0.15,1.0,0.497,,,,,,,,,,,0.0,,,,1.0,0.0
Yemen,YEM,14.0,1992.0,679.0,0.281,0.151,1.0,0.497,,,,,,,,,,,0.0,,,,1.0,0.0
Yemen,YEM,14.0,1993.0,679.0,0.309,0.161,1.0,0.497,0.0,0.0,1.0,0.0,0.0,0.0,0.0,0.0,0.0,37.7,0.0,40.53,,,1.0,0.0
Yemen,YEM,14.0,1994.0,679.0,0.318,0.147,1.0,0.381,,,,,,,,,,,0.0,,,,1.0,0.0
Yemen,YEM,14.0,1995.0,679.0,0.299,0.132,1.0,0.307,,,,,,,,,,,0.0,,,,1.0,0.0
Yemen,YEM,14.0,1996.0,679.0,0.299,0.132,1.0,0.307,,,,,,,,,,,0.0,,,,1.0,0.0
Yemen,YEM,14.0,1997.0,679.0,0.279,0.137,1.0,0.389,2.0,0.0,1.0,0.0,0.0,0.0,0.0,0.0,0.0,35.9,0.0,62.54,,,1.0,0.0
Yemen,YEM,14.0,1998.0,679.0,0.266,0.132,1.0,0.389,,,,,,,,,,,0.0,,,,1.0,0.0
Yemen,YEM,14.0,1999.0,679.0,0.262,0.131,1.0,0.389,0.0,0.0,0.0,0.0,0.0,0.0,0.0,0.0,1.0,,0.0,,96.3,3.7,1.0,0.0
Yemen,YEM,14.0,2000.0,679.0,0.263,0.136,1.0,0.439,,,,,,,,,,,1.0,,,,1.0,0.0
Yemen,YEM,14.0,2001.0,679.0,0.261,0.136,1.0,0.439,,,,,,,,,,,1.0,,,,1.0,0.0
Yemen,YEM,14.0,2002.0,679.0,0.261,0.137,1.0,0.439,,,,,,,,,,,1.0,,,,1.0,0.0
Yemen,YEM,14.0,2003.0,679.0,0.275,0.152,1.0,0.543,0.0,0.0,1.0,0.0,0.0,0.0,0.0,0.0,0.0,71.34,1.0,79.07,,,1.0,0.0
Yemen,YEM,14.0,2004.0,679.0,0.281,0.153,1.0,0.543,,,,,,,,,,,1.0,,,,1.0,0.0
Yemen,YEM,14.0,2005.0,679.0,0.281,0.153,1.0,0.543,,,,,,,,,,,1.0,,,,1.0,0.0
Yemen,YEM,14.0,2006.0,679.0,0.283,0.154,1.0,0.543,0.0,0.0,0.0,0.0,0.0,0.0,0.0,0.0,1.0,62.89,1.0,,77.17,21.82,1.0,0.0
Yemen,YEM,14.0,2007.0,679.0,0.283,0.153,1.0,0.543,,,,,,,,,,,1.0,,,,1.0,0.0
Yemen,YEM,14.0,2008.0,679.0,0.285,0.153,1.0,0.543,,,,,,,,,,,1.0,,,,1.0,0.0
Yemen,YEM,14.0,2009.0,679.0,0.285,0.153,1.0,0.543,,,,,,,,,,,1.0,,,,1.0,0.0
Yemen,YEM,14.0,2010.0,679.0,0.286,0.153,1.0,0.542,,,,,,,,,,,1.0,,,,1.0,0.0
Yemen,YEM,14.0,2011.0,679.0,0.31,0.141,1.0,0.377,,,,,,,,,,,1.0,,,,1.0,0.0
Yemen,YEM,14.0,2012.0,679.0,0.357,0.164,1.0,0.373,0.0,0.0,0.0,0.0,0.0,0.0,0.0,0.0,1.0,54.16,1.0,,99.8,0.0,1.0,0.0
Yemen,YEM,14.0,2013.0,679.0,0.336,0.148,1.0,0.318,,,,,,,,,,,1.0,,,,1.0,0.0
Yemen,YEM,14.0,2014.0,679.0,0.3,0.117,1.0,0.289,,,,,,,,,,,1.0,,,,1.0,0.0
Yemen,YEM,14.0,2015.0,679.0,0.184,0.069,1.0,0.316,,,,,,,,,,,1.0,,,,1.0,0.0
Yemen,YEM,14.0,2016.0,679.0,0.113,0.037,0.0,0.101,,,,,,,,,,,1.0,,,,1.0,0.0
Yemen,YEM,14.0,2017.0,679.0,0.112,0.036,0.0,0.117,,,,,,,,,,,1.0,,,,1.0,0.0
Yemen,YEM,14.0,2018.0,679.0,0.113,0.034,0.0,0.114,,,,,,,,,,,1.0,,,,1.0,0.0
Yemen,YEM,14.0,2019.0,679.0,0.117,0.038,0.0,0.114,,,,,,,,,,,1.0,,,,1.0,0.0
Yemen,YEM,14.0,2020.0,679.0,0.113,0.033,0.0,0.072,,,,,,,,,,,1.0,,,,1.0,0.0
Yemen,YEM,14.0,2021.0,679.0,0.116,0.033,0.0,0.067,,,,,,,,,,,1.0,,,,1.0,0.0
Yemen,YEM,14.0,2022.0,679.0,0.123,0.041,0.0,0.08,,,,,,,,,,,1.0,,,,1.0,0.0
Yemen,YEM,14.0,2023.0,679.0,0.128,0.045,0.0,0.093,,,,,,,,,,,1.0,,,,1.0,0.0
Yemen,YEM,14.0,2024.0,679.0,0.126,0.047,0.0,0.12,,,,,,,,,,,1.0,,,,1.0,0.0
Yemen,YEM,14.0,2025.0,679.0,0.127,0.043,0.0,0.118,,,,,,,,,,,1.0,,,,1.0,0.0
Colombia,COL,15.0,1980.0,100.0,0.409,0.27,1.0,0.728,,,,,,,,,,,1.0,,,,1.0,
Colombia,COL,15.0,1981.0,100.0,0.409,0.27,1.0,0.728,,,,,,,,,,,1.0,,,,1.0,
Colombia,COL,15.0,1982.0,100.0,0.409,0.276,1.0,0.738,2.0,2.0,1.0,0.0,0.0,0.0,0.0,0.0,1.0,38.75,1.0,57.79,46.8,41.0,1.0,
Colombia,COL,15.0,1983.0,100.0,0.466,0.316,1.0,0.738,,,,,,,,,,,1.0,,,,1.0,
Colombia,COL,15.0,1984.0,100.0,0.455,0.317,1.0,0.738,,,,,,,,,,,1.0,,,,1.0,
Colombia,COL,15.0,1985.0,100.0,0.454,0.314,1.0,0.738,,,,,,,,,,,1.0,,,,1.0,
Colombia,COL,15.0,1986.0,100.0,0.448,0.308,1.0,0.738,2.0,2.0,1.0,0.0,0.0,0.0,0.0,0.0,1.0,41.1,1.0,49.25,58.7,36.0,1.0,
Colombia,COL,15.0,1987.0,100.0,0.446,0.308,1.0,0.764,,,,,,,,,,,1.0,,,,1.0,
Colombia,COL,15.0,1988.0,100.0,0.443,0.301,1.0,0.764,,,,,,,,,,,1.0,,,,1.0,
Colombia,COL,15.0,1989.0,100.0,0.443,0.301,1.0,0.764,,,,,,,,,,,1.0,,,,1.0,
Colombia,COL,15.0,1990.0,100.0,0.473,0.316,1.0,0.764,1.0,1.0,1.0,0.0,0.0,0.0,1.0,0.0,1.0,40.05,1.0,59.8,48.2,23.9,1.0,
Colombia,COL,15.0,1991.0,100.0,0.516,0.39,2.0,0.778,0.0,0.0,1.0,0.0,0.0,0.0,0.0,0.0,0.0,25.61,1.0,54.04,,,1.0,
Colombia,COL,15.0,1992.0,100.0,0.558,0.428,2.0,0.832,,,,,,,,,,,1.0,,,,1.0,
Colombia,COL,15.0,1993.0,100.0,0.558,0.427,2.0,0.832,,,,,,,,,,,1.0,,,,1.0,
Colombia,COL,15.0,1994.0,100.0,0.558,0.426,2.0,0.833,1.0,1.0,1.0,0.0,0.0,0.0,0.0,0.0,1.0,29.18,1.0,53.99,45.3,45.0,1.0,
Colombia,COL,15.0,1995.0,100.0,0.56,0.428,2.0,0.834,,,,,,,,,,,1.0,,,,1.0,
Colombia,COL,15.0,1996.0,100.0,0.554,0.426,2.0,0.834,,,,,,,,,,,1.0,,,,1.0,
Colombia,COL,15.0,1997.0,100.0,0.554,0.429,2.0,0.832,,,,,,,,,,,1.0,,,,1.0,
Colombia,COL,15.0,1998.0,100.0,0.546,0.423,2.0,0.832,2.0,2.0,1.0,0.0,0.0,0.0,0.0,0.0,1.0,40.47,1.0,52.17,34.4,34.0,1.0,
Colombia,COL,15.0,1999.0,100.0,0.538,0.417,2.0,0.832,,,,,,,,,,,1.0,,,,1.0,
Colombia,COL,15.0,2000.0,100.0,0.55,0.426,2.0,0.832,,,,,,,,,,,1.0,,,,1.0,
Colombia,COL,15.0,2001.0,100.0,0.542,0.422,2.0,0.832,,,,,,,,,,,1.0,,,,1.0,
Colombia,COL,15.0,2002.0,100.0,0.534,0.414,2.0,0.818,2.0,2.0,1.0,0.0,0.0,0.0,0.0,0.0,1.0,44.83,1.0,32.53,54.0,32.4,1.0,
Colombia,COL,15.0,2003.0,100.0,0.535,0.421,2.0,0.818,,,,,,,,,,,1.0,,,,1.0,
Colombia,COL,15.0,2004.0,100.0,0.537,0.424,2.0,0.818,,,,,,,,,,,1.0,,,,1.0,
Colombia,COL,15.0,2005.0,100.0,0.542,0.428,2.0,0.818,,,,,,,,,,,1.0,,,,1.0,
Colombia,COL,15.0,2006.0,100.0,0.571,0.449,2.0,0.818,0.0,0.0,1.0,0.0,0.0,0.0,0.0,0.0,1.0,44.15,1.0,21.69,62.4,22.0,1.0,
Colombia,COL,15.0,2007.0,100.0,0.583,0.461,2.0,0.821,,,,,,,,,,,1.0,,,,1.0,
Colombia,COL,15.0,2008.0,100.0,0.585,0.462,2.0,0.821,,,,,,,,,,,1.0,,,,1.0,
Colombia,COL,15.0,2009.0,100.0,0.587,0.465,2.0,0.821,,,,,,,,,,,1.0,,,,1.0,
Colombia,COL,15.0,2010.0,100.0,0.624,0.498,2.0,0.826,2.0,2.0,1.0,0.0,0.0,0.0,0.0,0.0,1.0,49.3,1.0,29.09,46.7,21.5,1.0,
Colombia,COL,15.0,2011.0,100.0,0.66,0.539,2.0,0.84,,,,,,,,,,,1.0,,,,1.0,
Colombia,COL,15.0,2012.0,100.0,0.661,0.54,2.0,0.84,,,,,,,,,,,1.0,,,,1.0,
Colombia,COL,15.0,2013.0,100.0,0.669,0.537,2.0,0.824,,,,,,,,,,,1.0,,,,1.0,
Colombia,COL,15.0,2014.0,100.0,0.677,0.545,2.0,0.83,0.0,0.0,1.0,0.0,0.0,0.0,0.0,0.0,1.0,52.42,1.0,23.49,25.69,29.25,1.0,
Colombia,COL,15.0,2015.0,100.0,0.681,0.551,2.0,0.83,,,,,,,,,,,1.0,,,,1.0,
Colombia,COL,15.0,2016.0,100.0,0.682,0.547,2.0,0.818,,,,,,,,,,,1.0,,,,1.0,
Colombia,COL,15.0,2017.0,100.0,0.68,0.548,2.0,0.814,,,,,,,,,,,1.0,,,,1.0,
Colombia,COL,15.0,2018.0,100.0,0.666,0.533,2.0,0.819,2.0,2.0,1.0,0.0,0.0,0.0,0.0,0.0,1.0,57.28,1.0,21.08,39.14,25.08,1.0,
Colombia,COL,15.0,2019.0,100.0,0.651,0.511,2.0,0.809,,,,,,,,,,,1.0,,,,1.0,
Colombia,COL,15.0,2020.0,100.0,0.643,0.496,2.0,0.791,,,,,,,,,,,1.0,,,,1.0,
Colombia,COL,15.0,2021.0,100.0,0.654,0.499,2.0,0.774,,,,,,,,,,,1.0,,,,1.0,
Colombia,COL,15.0,2022.0,100.0,0.696,0.561,2.0,0.841,2.0,2.0,1.0,0.0,0.0,0.0,0.0,0.0,1.0,62.52,1.0,19.88,40.32,28.15,1.0,
Colombia,COL,15.0,2023.0,100.0,0.711,0.57,2.0,0.841,,,,,,,,,,,1.0,,,,1.0,
Colombia,COL,15.0,2024.0,100.0,0.698,0.554,2.0,0.845,,,,,,,,,,,1.0,,,,1.0,
Colombia,COL,15.0,2025.0,100.0,0.679,0.555,2.0,0.9,,,,,,,,,,,1.0,,,,1.0,
Poland,POL,17.0,1980.0,290.0,0.209,0.142,0.0,0.132,0.0,0.0,1.0,0.0,0.0,0.0,0.0,0.0,0.0,,1.0,56.74,,,0.0,0.0
Poland,POL,17.0,1981.0,290.0,0.207,0.131,0.0,0.132,,,,,,,,,,,1.0,,,,0.0,0.0
Poland,POL,17.0,1982.0,290.0,0.186,0.119,0.0,0.132,,,,,,,,,,,1.0,,,,0.0,0.0
Poland,POL,17.0,1983.0,290.0,0.186,0.123,0.0,0.132,,,,,,,,,,,1.0,,,,0.0,0.0
Poland,POL,17.0,1984.0,290.0,0.191,0.135,0.0,0.132,,,,,,,,,,,1.0,,,,0.0,0.0
Poland,POL,17.0,1985.0,290.0,0.19,0.139,0.0,0.143,0.0,0.0,1.0,0.0,0.0,0.0,0.0,0.0,0.0,,1.0,53.26,,,1.0,
Poland,POL,17.0,1986.0,290.0,0.191,0.144,0.0,0.143,,,,,,,,,,,1.0,,,,1.0,
Poland,POL,17.0,1987.0,290.0,0.189,0.15,0.0,0.143,,,,,,,,,,,1.0,,,,1.0,
Poland,POL,17.0,1988.0,290.0,0.194,0.155,0.0,0.182,,,,,,,,,,,1.0,,,,1.0,
Poland,POL,17.0,1989.0,290.0,0.379,0.291,1.0,0.283,0.0,0.0,1.0,1.0,0.0,0.0,0.0,0.0,0.0,63.96,1.0,37.61,,,0.0,0.0
Poland,POL,17.0,1990.0,290.0,0.74,0.66,2.0,0.83,0.0,2.0,0.0,0.0,0.0,0.0,0.0,0.0,1.0,55.1,1.0,,40.0,23.1,0.0,0.0
Poland,POL,17.0,1991.0,290.0,0.866,0.783,2.0,0.83,2.0,0.0,1.0,0.0,0.0,0.0,0.0,0.0,0.0,44.4,1.0,13.48,,,0.0,0.0
Poland,POL,17.0,1992.0,290.0,0.888,0.804,2.0,0.842,,,,,,,,,,,1.0,,,,0.0,1.0
Poland,POL,17.0,1993.0,290.0,0.887,0.808,3.0,0.842,2.0,0.0,1.0,0.0,0.0,0.0,0.0,0.0,0.0,52.0,1.0,37.17,,,0.0,0.0
Poland,POL,17.0,1994.0,290.0,0.89,0.811,3.0,0.842,,,,,,,,,,,1.0,,,,0.0,0.0
Poland,POL,17.0,1995.0,290.0,0.889,0.81,3.0,0.842,0.0,2.0,0.0,0.0,0.0,0.0,0.0,0.0,1.0,68.9,1.0,,35.1,33.1,0.0,0.0
Poland,POL,17.0,1996.0,290.0,0.882,0.802,3.0,0.842,,,,,,,,,,,1.0,,,,0.0,0.0
Poland,POL,17.0,1997.0,290.0,0.871,0.792,3.0,0.842,2.0,0.0,1.0,0.0,0.0,0.0,0.0,0.0,0.0,48.8,1.0,43.7,,,0.0,0.0
Poland,POL,17.0,1998.0,290.0,0.876,0.796,3.0,0.842,,,,,,,,,,,1.0,,,,0.0,0.0
Poland,POL,17.0,1999.0,290.0,0.876,0.798,3.0,0.851,,,,,,,,,,,1.0,,,,0.0,0.0
Poland,POL,17.0,2000.0,290.0,0.878,0.8,3.0,0.851,0.0,0.0,0.0,0.0,0.0,0.0,0.0,0.0,1.0,62.58,1.0,,53.9,17.3,0.0,0.0
Poland,POL,17.0,2001.0,290.0,0.882,0.806,3.0,0.851,2.0,0.0,1.0,0.0,0.0,0.0,0.0,0.0,0.0,47.63,1.0,46.96,,,0.0,0.0
Poland,POL,17.0,2002.0,290.0,0.882,0.813,3.0,0.877,,,,,,,,,,,1.0,,,,0.0,0.0
Poland,POL,17.0,2003.0,290.0,0.882,0.813,3.0,0.877,,,,,,,,,,,1.0,,,,0.0,0.0
Poland,POL,17.0,2004.0,290.0,0.882,0.813,3.0,0.877,,,,,,,,,,,1.0,,,,0.0,0.0
Poland,POL,17.0,2005.0,290.0,0.884,0.815,3.0,0.877,0.0,2.0,1.0,0.0,0.0,0.0,0.0,0.0,1.0,51.46,1.0,33.7,33.1,36.3,0.0,0.0
Poland,POL,17.0,2006.0,290.0,0.877,0.807,3.0,0.877,,,,,,,,,,,1.0,,,,0.0,0.0
Poland,POL,17.0,2007.0,290.0,0.874,0.803,3.0,0.877,2.0,0.0,1.0,0.0,0.0,0.0,0.0,0.0,0.0,54.24,1.0,45.43,,,0.0,0.0
Poland,POL,17.0,2008.0,290.0,0.891,0.825,3.0,0.885,,,,,,,,,,,1.0,,,,0.0,0.0
Poland,POL,17.0,2009.0,290.0,0.891,0.825,3.0,0.885,,,,,,,,,,,1.0,,,,0.0,0.0
Poland,POL,17.0,2010.0,290.0,0.892,0.827,3.0,0.893,0.0,1.0,0.0,0.0,0.0,0.0,0.0,0.0,1.0,54.5,1.0,,41.5,36.5,0.0,0.0
Poland,POL,17.0,2011.0,290.0,0.893,0.827,3.0,0.893,0.0,0.0,1.0,0.0,0.0,0.0,0.0,0.0,0.0,48.54,1.0,45.0,,,0.0,0.0
Poland,POL,17.0,2012.0,290.0,0.893,0.825,3.0,0.893,,,,,,,,,,,1.0,,,,0.0,0.0
Poland,POL,17.0,2013.0,290.0,0.89,0.821,3.0,0.893,,,,,,,,,,,1.0,,,,0.0,0.0
Poland,POL,17.0,2014.0,290.0,0.882,0.812,3.0,0.893,,,,,,,,,,,1.0,,,,0.0,1.0
Poland,POL,17.0,2015.0,290.0,0.876,0.775,3.0,0.846,2.0,2.0,1.0,0.0,0.0,0.0,0.0,0.0,1.0,53.83,1.0,51.09,34.76,33.77,0.0,1.0
Poland,POL,17.0,2016.0,290.0,0.731,0.598,2.0,0.757,,,,,,,,,,,1.0,,,,0.0,1.0
Poland,POL,17.0,2017.0,290.0,0.698,0.542,2.0,0.743,,,,,,,,,,,1.0,,,,0.0,0.0
Poland,POL,17.0,2018.0,290.0,0.694,0.524,2.0,0.743,,,,,,,,,,,1.0,,,,0.0,0.0
Poland,POL,17.0,2019.0,290.0,0.682,0.505,2.0,0.729,0.0,0.0,1.0,0.0,0.0,0.0,0.0,0.0,0.0,59.08,1.0,51.09,,,0.0,0.0
Poland,POL,17.0,2020.0,290.0,0.616,0.45,2.0,0.709,0.0,0.0,0.0,0.0,0.0,0.0,0.0,0.0,1.0,65.4,1.0,,43.5,30.46,0.0,0.0
Poland,POL,17.0,2021.0,290.0,0.587,0.424,2.0,0.696,,,,,,,,,,,1.0,,,,0.0,0.0
Poland,POL,17.0,2022.0,290.0,0.578,0.417,2.0,0.699,,,,,,,,,,,1.0,,,,0.0,0.0
Poland,POL,17.0,2023.0,290.0,0.598,0.457,2.0,0.825,2.0,0.0,1.0,0.0,0.0,0.0,0.0,0.0,0.0,67.92,1.0,42.17,,,0.0,0.0
Poland,POL,17.0,2024.0,290.0,0.73,0.613,2.0,0.906,,,,,,,,,,,1.0,,,,0.0,0.0
Poland,POL,17.0,2025.0,290.0,0.768,0.645,2.0,0.917,0.0,1.0,0.0,0.0,0.0,0.0,0.0,0.0,1.0,66.31,1.0,,29.54,31.36,0.0,0.0
Brazil,BRA,19.0,1980.0,140.0,0.251,0.119,0.0,0.216,,,,,,,,,,,1.0,,,,1.0,
Brazil,BRA,19.0,1981.0,140.0,0.251,0.119,0.0,0.216,,,,,,,,,,,1.0,,,,1.0,
Brazil,BRA,19.0,1982.0,140.0,0.264,0.134,0.0,0.336,0.0,0.0,1.0,0.0,0.0,0.0,0.0,0.0,0.0,63.7,1.0,49.06,,,1.0,
Brazil,BRA,19.0,1983.0,140.0,0.282,0.146,0.0,0.394,,,,,,,,,,,1.0,,,,1.0,
Brazil,BRA,19.0,1984.0,140.0,0.29,0.149,0.0,0.394,,,,,,,,,,,1.0,,,,1.0,
Brazil,BRA,19.0,1985.0,140.0,0.392,0.226,1.0,0.552,,,,,,,,,,,1.0,,,,1.0,
Brazil,BRA,19.0,1986.0,140.0,0.471,0.313,1.0,0.649,0.0,0.0,1.0,0.0,0.0,0.0,0.0,0.0,0.0,70.42,1.0,53.39,,,1.0,
Brazil,BRA,19.0,1987.0,140.0,0.559,0.37,2.0,0.666,,,,,,,,,,,1.0,,,,1.0,
Brazil,BRA,19.0,1988.0,140.0,0.682,0.528,2.0,0.718,,,,,,,,,,,1.0,,,,1.0,
Brazil,BRA,19.0,1989.0,140.0,0.724,0.579,2.0,0.763,2.0,2.0,0.0,0.0,0.0,0.0,0.0,0.0,1.0,79.36,1.0,,30.5,17.2,1.0,
Brazil,BRA,19.0,1990.0,140.0,0.814,0.678,2.0,0.858,0.0,0.0,1.0,0.0,0.0,0.0,0.0,0.0,0.0,76.57,1.0,21.71,,,1.0,
Brazil,BRA,19.0,1991.0,140.0,0.828,0.692,2.0,0.858,,,,,,,,,,,1.0,,,,1.0,
Brazil,BRA,19.0,1992.0,140.0,0.836,0.699,2.0,0.858,,,,,,,,,,,1.0,,,,1.0,
Brazil,BRA,19.0,1993.0,140.0,0.84,0.704,2.0,0.848,,,,,,,,,,,1.0,,,,1.0,
Brazil,BRA,19.0,1994.0,140.0,0.846,0.707,2.0,0.831,2.0,2.0,1.0,0.0,0.0,0.0,0.0,0.0,1.0,76.85,1.0,20.86,54.3,27.0,1.0,
Brazil,BRA,19.0,1995.0,140.0,0.847,0.712,2.0,0.831,,,,,,,,,,,1.0,,,,1.0,
Brazil,BRA,19.0,1996.0,140.0,0.848,0.711,2.0,0.831,,,,,,,,,,,1.0,,,,1.0,
Brazil,BRA,19.0,1997.0,140.0,0.848,0.711,2.0,0.831,,,,,,,,,,,1.0,,,,1.0,
Brazil,BRA,19.0,1998.0,140.0,0.849,0.711,2.0,0.831,0.0,0.0,1.0,0.0,0.0,0.0,0.0,0.0,1.0,81.03,1.0,20.47,53.1,31.7,1.0,
Brazil,BRA,19.0,1999.0,140.0,0.85,0.713,2.0,0.831,,,,,,,,,,,1.0,,,,1.0,
Brazil,BRA,19.0,2000.0,140.0,0.854,0.717,2.0,0.831,,,,,,,,,,,1.0,,,,1.0,
Brazil,BRA,19.0,2001.0,140.0,0.854,0.717,2.0,0.831,,,,,,,,,,,1.0,,,,1.0,
Brazil,BRA,19.0,2002.0,140.0,0.856,0.721,2.0,0.831,2.0,2.0,1.0,0.0,0.0,0.0,0.0,0.0,1.0,81.83,1.0,17.74,46.4,23.2,1.0,
Brazil,BRA,19.0,2003.0,140.0,0.855,0.722,2.0,0.847,,,,,,,,,,,1.0,,,,1.0,
Brazil,BRA,19.0,2004.0,140.0,0.855,0.722,2.0,0.847,,,,,,,,,,,1.0,,,,1.0,
Brazil,BRA,19.0,2005.0,140.0,0.867,0.772,2.0,0.901,,,,,,,,,,,1.0,,,,1.0,
Brazil,BRA,19.0,2006.0,140.0,0.868,0.77,2.0,0.891,0.0,0.0,1.0,0.0,0.0,0.0,0.0,0.0,1.0,83.49,1.0,17.35,48.6,41.6,1.0,
Brazil,BRA,19.0,2007.0,140.0,0.866,0.769,2.0,0.891,,,,,,,,,,,1.0,,,,1.0,
Brazil,BRA,19.0,2008.0,140.0,0.866,0.769,2.0,0.891,,,,,,,,,,,1.0,,,,1.0,
Brazil,BRA,19.0,2009.0,140.0,0.866,0.769,2.0,0.891,,,,,,,,,,,1.0,,,,1.0,
Brazil,BRA,19.0,2010.0,140.0,0.871,0.776,2.0,0.902,1.0,1.0,1.0,0.0,0.0,0.0,0.0,0.0,1.0,80.62,1.0,16.96,46.9,32.6,1.0,
Brazil,BRA,19.0,2011.0,140.0,0.875,0.781,2.0,0.906,,,,,,,,,,,1.0,,,,1.0,
Brazil,BRA,19.0,2012.0,140.0,0.871,0.777,2.0,0.906,,,,,,,,,,,1.0,,,,1.0,
Brazil,BRA,19.0,2013.0,140.0,0.873,0.781,2.0,0.921,,,,,,,,,,,1.0,,,,1.0,
Brazil,BRA,19.0,2014.0,140.0,0.873,0.783,2.0,0.921,0.0,0.0,1.0,0.0,0.0,0.0,0.0,0.0,1.0,76.33,1.0,13.45,41.59,33.55,1.0,
Brazil,BRA,19.0,2015.0,140.0,0.861,0.769,2.0,0.931,,,,,,,,,,,1.0,,,,1.0,
Brazil,BRA,19.0,2016.0,140.0,0.781,0.653,2.0,0.83,,,,,,,,,,,1.0,,,,1.0,
Brazil,BRA,19.0,2017.0,140.0,0.774,0.641,2.0,0.792,,,,,,,,,,,1.0,,,,1.0,
Brazil,BRA,19.0,2018.0,140.0,0.749,0.608,2.0,0.792,2.0,2.0,1.0,0.0,0.0,0.0,0.0,0.0,1.0,76.83,1.0,10.92,46.03,29.28,1.0,
Brazil,BRA,19.0,2019.0,140.0,0.691,0.528,2.0,0.785,,,,,,,,,,,1.0,,,,1.0,
Brazil,BRA,19.0,2020.0,140.0,0.699,0.534,2.0,0.778,,,,,,,,,,,1.0,,,,1.0,
Brazil,BRA,19.0,2021.0,140.0,0.69,0.531,2.0,0.789,,,,,,,,,,,1.0,,,,1.0,
Brazil,BRA,19.0,2022.0,140.0,0.699,0.54,2.0,0.822,2.0,2.0,1.0,0.0,0.0,0.0,0.0,0.0,1.0,74.05,1.0,19.3,48.43,43.2,1.0,
Brazil,BRA,19.0,2023.0,140.0,0.79,0.695,2.0,0.937,,,,,,,,,,,1.0,,,,1.0,
Brazil,BRA,19.0,2024.0,140.0,0.799,0.712,2.0,0.933,,,,,,,,,,,1.0,,,,1.0,
Brazil,BRA,19.0,2025.0,140.0,0.784,0.704,2.0,0.933,,,,,,,,,,,1.0,,,,1.0,
United States of America,USA,20.0,1980.0,2.0,0.844,0.778,3.0,0.935,2.0,2.0,1.0,0.0,0.0,0.0,0.0,0.0,1.0,56.54,1.0,55.86,50.7,41.01,1.0,
United States of America,USA,20.0,1981.0,2.0,0.855,0.79,3.0,0.921,,,,,,,,,,,1.0,,,,1.0,
United States of America,USA,20.0,1982.0,2.0,0.856,0.791,3.0,0.921,,,1.0,0.0,0.0,0.0,0.0,0.0,0.0,39.79,1.0,61.84,,,1.0,
United States of America,USA,20.0,1983.0,2.0,0.861,0.795,3.0,0.921,,,,,,,,,,,1.0,,,,1.0,
United States of America,USA,20.0,1984.0,2.0,0.86,0.794,3.0,0.921,0.0,0.0,1.0,0.0,0.0,0.0,0.0,0.0,1.0,58.39,1.0,58.16,58.77,40.56,1.0,
United States of America,USA,20.0,1985.0,2.0,0.856,0.787,3.0,0.906,,,,,,,,,,,1.0,,,,1.0,
United States of America,USA,20.0,1986.0,2.0,0.857,0.792,3.0,0.93,,,1.0,0.0,0.0,0.0,0.0,0.0,0.0,36.4,1.0,59.31,,,1.0,
United States of America,USA,20.0,1987.0,2.0,0.863,0.798,3.0,0.93,,,,,,,,,,,1.0,,,,1.0,
United States of America,USA,20.0,1988.0,2.0,0.862,0.797,3.0,0.93,1.0,1.0,1.0,0.0,0.0,0.0,0.0,0.0,1.0,55.93,1.0,59.77,53.37,45.6,1.0,
United States of America,USA,20.0,1989.0,2.0,0.859,0.794,3.0,0.93,,,,,,,,,,,1.0,,,,1.0,
United States of America,USA,20.0,1990.0,2.0,0.863,0.8,3.0,0.93,,,1.0,0.0,0.0,0.0,0.0,0.0,0.0,36.52,1.0,61.38,,,1.0,
United States of America,USA,20.0,1991.0,2.0,0.867,0.805,3.0,0.93,,,,,,,,,,,1.0,,,,1.0,
United States of America,USA,20.0,1992.0,2.0,0.872,0.809,3.0,0.93,2.0,2.0,1.0,0.0,0.0,0.0,0.0,0.0,1.0,60.08,1.0,59.31,43.01,37.4,1.0,
United States of America,USA,20.0,1993.0,2.0,0.867,0.805,3.0,0.93,,,,,,,,,,,1.0,,,,1.0,
United States of America,USA,20.0,1994.0,2.0,0.867,0.806,3.0,0.93,,,1.0,0.0,0.0,0.0,0.0,0.0,0.0,38.78,1.0,52.87,,,1.0,
United States of America,USA,20.0,1995.0,2.0,0.868,0.808,3.0,0.935,,,,,,,,,,,1.0,,,,1.0,
United States of America,USA,20.0,1996.0,2.0,0.869,0.808,3.0,0.935,0.0,0.0,1.0,0.0,0.0,0.0,0.0,0.0,1.0,53.44,1.0,51.95,49.24,40.71,1.0,
United States of America,USA,20.0,1997.0,2.0,0.871,0.811,3.0,0.935,,,,,,,,,,,1.0,,,,1.0,
United States of America,USA,20.0,1998.0,2.0,0.871,0.81,3.0,0.935,,,1.0,0.0,0.0,0.0,0.0,0.0,0.0,34.74,1.0,51.26,,,1.0,
United States of America,USA,20.0,1999.0,2.0,0.868,0.808,3.0,0.935,,,,,,,,,,,1.0,,,,1.0,
United States of America,USA,20.0,2000.0,2.0,0.867,0.808,3.0,0.935,2.0,2.0,1.0,0.0,0.0,0.0,0.0,0.0,1.0,52.62,1.0,50.8,47.87,48.38,1.0,
United States of America,USA,20.0,2001.0,2.0,0.828,0.769,3.0,0.94,,,,,,,,,,,1.0,,,,1.0,
United States of America,USA,20.0,2002.0,2.0,0.829,0.769,3.0,0.94,0.0,0.0,1.0,0.0,0.0,0.0,0.0,0.0,0.0,35.09,1.0,52.64,,,1.0,
United States of America,USA,20.0,2003.0,2.0,0.86,0.798,3.0,0.94,,,,,,,,,,,1.0,,,,1.0,
United States of America,USA,20.0,2004.0,2.0,0.862,0.799,3.0,0.94,0.0,0.0,1.0,0.0,0.0,0.0,0.0,0.0,1.0,57.07,1.0,53.33,50.73,48.27,1.0,
United States of America,USA,20.0,2005.0,2.0,0.856,0.794,3.0,0.94,,,,,,,,,,,1.0,,,,1.0,
United States of America,USA,20.0,2006.0,2.0,0.862,0.801,3.0,0.945,0.0,0.0,1.0,0.0,0.0,0.0,0.0,0.0,0.0,37.32,1.0,53.56,,,1.0,
United States of America,USA,20.0,2007.0,2.0,0.897,0.84,3.0,0.945,,,,,,,,,,,1.0,,,,1.0,
United States of America,USA,20.0,2008.0,2.0,0.9,0.845,3.0,0.945,2.0,2.0,1.0,0.0,0.0,0.0,0.0,0.0,1.0,57.47,1.0,58.85,52.92,45.66,1.0,
United States of America,USA,20.0,2009.0,2.0,0.9,0.848,3.0,0.948,,,,,,,,,,,1.0,,,,1.0,
United States of America,USA,20.0,2010.0,2.0,0.9,0.848,3.0,0.948,0.0,0.0,1.0,0.0,0.0,0.0,0.0,0.0,0.0,38.51,1.0,55.63,,,1.0,
United States of America,USA,20.0,2011.0,2.0,0.896,0.845,3.0,0.948,,,,,,,,,,,1.0,,,,1.0,
United States of America,USA,20.0,2012.0,2.0,0.896,0.842,3.0,0.948,0.0,0.0,1.0,0.0,0.0,0.0,0.0,0.0,1.0,53.58,1.0,53.79,51.07,47.21,1.0,
United States of America,USA,20.0,2013.0,2.0,0.905,0.852,3.0,0.949,,,,,,,,,,,1.0,,,,1.0,
United States of America,USA,20.0,2014.0,2.0,0.901,0.848,3.0,0.949,0.0,0.0,1.0,0.0,0.0,0.0,0.0,0.0,0.0,32.98,1.0,56.78,,,1.0,
United States of America,USA,20.0,2015.0,2.0,0.9,0.848,3.0,0.949,,,,,,,,,,,1.0,,,,1.0,
United States of America,USA,20.0,2016.0,2.0,0.885,0.83,3.0,0.949,2.0,2.0,1.0,0.0,0.0,0.0,0.0,0.0,1.0,55.98,1.0,55.4,46.1,48.2,1.0,
United States of America,USA,20.0,2017.0,2.0,0.834,0.749,3.0,0.863,,,,,,,,,,,1.0,,,,1.0,
United States of America,USA,20.0,2018.0,2.0,0.824,0.739,3.0,0.85,0.0,0.0,1.0,0.0,0.0,0.0,0.0,0.0,0.0,47.02,1.0,54.02,,,1.0,
United States of America,USA,20.0,2019.0,2.0,0.818,0.74,3.0,0.887,,,,,,,,,,,1.0,,,,1.0,
United States of America,USA,20.0,2020.0,2.0,0.815,0.734,3.0,0.887,2.0,2.0,1.0,0.0,0.0,0.0,0.0,0.0,1.0,62.36,1.0,51.03,51.4,46.9,1.0,
United States of America,USA,20.0,2021.0,2.0,0.821,0.756,3.0,0.948,,,,,,,,,,,1.0,,,,1.0,
United States of America,USA,20.0,2022.0,2.0,0.833,0.769,3.0,0.948,0.0,0.0,1.0,0.0,0.0,0.0,0.0,0.0,0.0,62.36,1.0,51.03,,,1.0,
United States of America,USA,20.0,2023.0,2.0,0.857,0.789,3.0,0.933,,,,,,,,,,,1.0,,,,1.0,
United States of America,USA,20.0,2024.0,2.0,0.843,0.751,3.0,0.863,2.0,2.0,1.0,0.0,0.0,0.0,0.0,0.0,1.0,62.36,1.0,51.03,49.8,48.3,1.0,
United States of America,USA,20.0,2025.0,2.0,0.735,0.571,2.0,0.61,,,,,,,,,,,1.0,,,,1.0,
Portugal,PRT,21.0,1980.0,235.0,0.841,0.776,3.0,0.932,0.0,0.0,1.0,0.0,0.0,0.0,0.0,0.0,1.0,87.91,0.0,32.8,56.4,40.2,0.0,0.0
Portugal,PRT,21.0,1981.0,235.0,0.842,0.778,3.0,0.932,,,,,,,,,,,0.0,,,,0.0,0.0
Portugal,PRT,21.0,1982.0,235.0,0.842,0.778,3.0,0.932,,,,,,,,,,,0.0,,,,0.0,0.0
Portugal,PRT,21.0,1983.0,235.0,0.857,0.8,3.0,0.932,2.0,0.0,1.0,0.0,0.0,0.0,0.0,0.0,0.0,77.43,0.0,37.6,,,0.0,0.0
Portugal,PRT,21.0,1984.0,235.0,0.864,0.807,3.0,0.932,,,,,,,,,,,0.0,,,,0.0,0.0
Portugal,PRT,21.0,1985.0,235.0,0.864,0.807,3.0,0.932,2.0,0.0,1.0,0.0,0.0,0.0,0.0,0.0,0.0,79.69,0.0,35.2,,,0.0,0.0
Portugal,PRT,21.0,1986.0,235.0,0.86,0.805,3.0,0.932,0.0,2.0,0.0,0.0,0.0,0.0,0.0,0.0,1.0,82.4,0.0,,25.4,46.3,0.0,0.0
Portugal,PRT,21.0,1987.0,235.0,0.864,0.809,3.0,0.932,0.0,0.0,1.0,0.0,0.0,0.0,0.0,0.0,0.0,78.15,0.0,59.2,,,0.0,0.0
Portugal,PRT,21.0,1988.0,235.0,0.87,0.816,3.0,0.932,,,,,,,,,,,0.0,,,,0.0,0.0
Portugal,PRT,21.0,1989.0,235.0,0.87,0.816,3.0,0.932,,,,,,,,,,,0.0,,,,0.0,0.0
Portugal,PRT,21.0,1990.0,235.0,0.869,0.815,3.0,0.932,,,,,,,,,,,0.0,,,,0.0,0.0
Portugal,PRT,21.0,1991.0,235.0,0.859,0.803,3.0,0.932,0.0,0.0,1.0,0.0,0.0,0.0,0.0,0.0,1.0,77.71,0.0,58.7,70.3,14.2,0.0,0.0
Portugal,PRT,21.0,1992.0,235.0,0.858,0.803,3.0,0.932,,,,,,,,,,,0.0,,,,0.0,0.0
Portugal,PRT,21.0,1993.0,235.0,0.858,0.803,3.0,0.932,,,,,,,,,,,0.0,,,,0.0,0.0
Portugal,PRT,21.0,1994.0,235.0,0.858,0.803,3.0,0.932,,,,,,,,,,,0.0,,,,0.0,0.0
Portugal,PRT,21.0,1995.0,235.0,0.861,0.806,3.0,0.932,2.0,0.0,1.0,0.0,0.0,0.0,0.0,0.0,0.0,79.11,0.0,48.7,,,0.0,0.0
Portugal,PRT,21.0,1996.0,235.0,0.869,0.816,3.0,0.932,0.0,1.0,0.0,0.0,0.0,0.0,0.0,0.0,1.0,77.23,0.0,,53.9,46.1,0.0,0.0
Portugal,PRT,21.0,1997.0,235.0,0.869,0.816,3.0,0.932,,,,,,,,,,,0.0,,,,0.0,0.0
Portugal,PRT,21.0,1998.0,235.0,0.869,0.816,3.0,0.932,,,,,,,,,,,0.0,,,,0.0,0.0
Portugal,PRT,21.0,1999.0,235.0,0.868,0.815,3.0,0.932,0.0,0.0,1.0,0.0,0.0,0.0,0.0,0.0,0.0,69.27,0.0,50.0,,,0.0,0.0
Portugal,PRT,21.0,2000.0,235.0,0.867,0.813,3.0,0.932,,,,,,,,,,,0.0,,,,0.0,0.0
Portugal,PRT,21.0,2001.0,235.0,0.871,0.816,3.0,0.932,0.0,0.0,0.0,0.0,0.0,0.0,0.0,0.0,1.0,57.19,0.0,,55.6,34.7,0.0,0.0
Portugal,PRT,21.0,2002.0,235.0,0.876,0.821,3.0,0.932,2.0,0.0,1.0,0.0,0.0,0.0,0.0,0.0,0.0,68.62,0.0,45.65,,,0.0,0.0
Portugal,PRT,21.0,2003.0,235.0,0.876,0.821,3.0,0.932,,,,,,,,,,,0.0,,,,0.0,0.0
Portugal,PRT,21.0,2004.0,235.0,0.876,0.821,3.0,0.932,,,,,,,,,,,0.0,,,,0.0,0.0
Portugal,PRT,21.0,2005.0,235.0,0.889,0.835,3.0,0.932,2.0,0.0,1.0,0.0,0.0,0.0,0.0,0.0,0.0,69.23,0.0,52.61,,,0.0,0.0
Portugal,PRT,21.0,2006.0,235.0,0.894,0.839,3.0,0.932,0.0,2.0,0.0,0.0,0.0,0.0,0.0,0.0,1.0,66.97,0.0,,50.5,20.7,0.0,0.0
Portugal,PRT,21.0,2007.0,235.0,0.894,0.839,3.0,0.932,,,,,,,,,,,0.0,,,,0.0,0.0
Portugal,PRT,21.0,2008.0,235.0,0.893,0.839,3.0,0.932,,,,,,,,,,,0.0,,,,0.0,0.0
Portugal,PRT,21.0,2009.0,235.0,0.894,0.838,3.0,0.932,0.0,0.0,1.0,0.0,0.0,0.0,0.0,0.0,0.0,66.14,0.0,42.17,,,0.0,0.0
Portugal,PRT,21.0,2010.0,235.0,0.894,0.838,3.0,0.932,,,,,,,,,,,0.0,,,,0.0,0.0
Portugal,PRT,21.0,2011.0,235.0,0.884,0.829,3.0,0.932,2.0,0.0,1.0,0.0,0.0,0.0,0.0,0.0,1.0,64.49,0.0,46.96,52.95,19.8,0.0,0.0
Portugal,PRT,21.0,2012.0,235.0,0.885,0.83,3.0,0.932,,,,,,,,,,,0.0,,,,0.0,0.0
Portugal,PRT,21.0,2013.0,235.0,0.886,0.829,3.0,0.937,,,,,,,,,,,0.0,,,,0.0,0.0
Portugal,PRT,21.0,2014.0,235.0,0.886,0.829,3.0,0.937,,,,,,,,,,,0.0,,,,0.0,0.0
Portugal,PRT,21.0,2015.0,235.0,0.887,0.829,3.0,0.918,1.0,0.0,1.0,0.0,0.0,0.0,0.0,0.0,0.0,61.75,0.0,46.52,,,0.0,0.0
Portugal,PRT,21.0,2016.0,235.0,0.888,0.83,3.0,0.913,0.0,1.0,0.0,0.0,0.0,0.0,0.0,0.0,1.0,53.98,0.0,,52.0,22.88,0.0,0.0
Portugal,PRT,21.0,2017.0,235.0,0.898,0.848,3.0,0.924,,,,,,,,,,,0.0,,,,0.0,0.0
Portugal,PRT,21.0,2018.0,235.0,0.899,0.849,3.0,0.935,,,,,,,,,,,0.0,,,,0.0,0.0
Portugal,PRT,21.0,2019.0,235.0,0.886,0.82,3.0,0.873,0.0,0.0,1.0,0.0,0.0,0.0,0.0,0.0,0.0,61.29,0.0,46.96,,,0.0,0.0
Portugal,PRT,21.0,2020.0,235.0,0.886,0.806,3.0,0.897,,,,,,,,,,,0.0,,,,0.0,0.0
Portugal,PRT,21.0,2021.0,235.0,0.884,0.81,3.0,0.92,0.0,0.0,0.0,0.0,0.0,0.0,0.0,0.0,1.0,49.69,0.0,,60.66,12.96,0.0,0.0
Portugal,PRT,21.0,2022.0,235.0,0.847,0.758,3.0,0.861,0.0,0.0,1.0,0.0,0.0,0.0,0.0,0.0,0.0,62.78,0.0,50.87,,,0.0,0.0
Portugal,PRT,21.0,2023.0,235.0,0.854,0.757,2.0,0.825,,,,,,,,,,,0.0,,,,0.0,0.0
Portugal,PRT,21.0,2024.0,235.0,0.836,0.754,2.0,0.919,2.0,0.0,1.0,0.0,0.0,0.0,0.0,0.0,0.0,75.29,0.0,28.0,,,0.0,0.0
Portugal,PRT,21.0,2025.0,235.0,0.822,0.717,2.0,0.919,0.0,0.0,1.0,0.0,0.0,0.0,0.0,0.0,0.0,73.35,0.0,38.26,,,0.0,0.0
El Salvador,SLV,22.0,1980.0,92.0,0.101,0.042,0.0,0.027,,,,,,,,,,,1.0,,,,1.0,
El Salvador,SLV,22.0,1981.0,92.0,0.104,0.042,0.0,0.027,,,,,,,,,,,1.0,,,,1.0,
El Salvador,SLV,22.0,1982.0,92.0,0.13,0.046,0.0,0.117,0.0,0.0,0.0,0.0,0.0,0.0,1.0,0.0,0.0,,1.0,,,,1.0,
El Salvador,SLV,22.0,1983.0,92.0,0.139,0.048,0.0,0.117,,,,,,,,,,,1.0,,,,1.0,
El Salvador,SLV,22.0,1984.0,92.0,0.156,0.052,1.0,0.117,2.0,2.0,0.0,0.0,0.0,0.0,0.0,0.0,1.0,30.46,1.0,,43.41,29.77,1.0,
El Salvador,SLV,22.0,1985.0,92.0,0.191,0.069,1.0,0.117,0.0,0.0,1.0,0.0,0.0,0.0,0.0,0.0,0.0,48.27,1.0,55.0,,,1.0,
El Salvador,SLV,22.0,1986.0,92.0,0.2,0.08,1.0,0.182,,,,,,,,,,,1.0,,,,1.0,
El Salvador,SLV,22.0,1987.0,92.0,0.2,0.081,1.0,0.182,,,,,,,,,,,1.0,,,,1.0,
El Salvador,SLV,22.0,1988.0,92.0,0.201,0.081,1.0,0.182,0.0,0.0,1.0,0.0,0.0,0.0,0.0,0.0,0.0,43.46,1.0,51.67,,,1.0,
El Salvador,SLV,22.0,1989.0,92.0,0.208,0.08,1.0,0.171,2.0,2.0,0.0,0.0,0.0,0.0,0.0,0.0,1.0,39.42,1.0,,53.8,36.5,1.0,
El Salvador,SLV,22.0,1990.0,92.0,0.212,0.085,1.0,0.179,,,,,,,,,,,1.0,,,,1.0,
El Salvador,SLV,22.0,1991.0,92.0,0.221,0.089,1.0,0.179,0.0,0.0,1.0,0.0,0.0,0.0,0.0,0.0,0.0,43.97,1.0,46.43,,,1.0,
El Salvador,SLV,22.0,1992.0,92.0,0.272,0.141,1.0,0.262,,,,,,,,,,,1.0,,,,1.0,
El Salvador,SLV,22.0,1993.0,92.0,0.379,0.207,1.0,0.283,,,,,,,,,,,1.0,,,,1.0,
El Salvador,SLV,22.0,1994.0,92.0,0.471,0.258,1.0,0.328,1.0,1.0,1.0,0.0,0.0,0.0,0.0,0.0,1.0,51.14,1.0,46.43,49.0,24.9,1.0,
El Salvador,SLV,22.0,1995.0,92.0,0.484,0.274,1.0,0.402,,,,,,,,,,,1.0,,,,1.0,
El Salvador,SLV,22.0,1996.0,92.0,0.491,0.28,1.0,0.402,,,,,,,,,,,1.0,,,,1.0,
El Salvador,SLV,22.0,1997.0,92.0,0.493,0.282,1.0,0.402,0.0,0.0,1.0,0.0,0.0,0.0,0.0,0.0,0.0,82.21,1.0,33.33,,,1.0,
El Salvador,SLV,22.0,1998.0,92.0,0.492,0.289,1.0,0.402,,,,,,,,,,,1.0,,,,1.0,
El Salvador,SLV,22.0,1999.0,92.0,0.505,0.297,2.0,0.402,1.0,1.0,0.0,0.0,0.0,0.0,0.0,0.0,1.0,38.11,1.0,,51.96,29.05,1.0,
El Salvador,SLV,22.0,2000.0,92.0,0.522,0.315,2.0,0.402,0.0,0.0,1.0,0.0,0.0,0.0,0.0,0.0,0.0,37.95,1.0,36.9,,,1.0,
El Salvador,SLV,22.0,2001.0,92.0,0.534,0.326,2.0,0.442,,,,,,,,,,,1.0,,,,1.0,
El Salvador,SLV,22.0,2002.0,92.0,0.543,0.331,2.0,0.442,,,,,,,,,,,1.0,,,,1.0,
El Salvador,SLV,22.0,2003.0,92.0,0.537,0.332,2.0,0.442,0.0,0.0,1.0,0.0,0.0,0.0,0.0,0.0,0.0,28.58,1.0,36.9,,,1.0,
El Salvador,SLV,22.0,2004.0,92.0,0.539,0.336,2.0,0.442,1.0,1.0,0.0,0.0,0.0,0.0,0.0,0.0,1.0,63.13,1.0,,57.71,35.68,1.0,
El Salvador,SLV,22.0,2005.0,92.0,0.542,0.338,2.0,0.44,,,,,,,,,,,1.0,,,,1.0,
El Salvador,SLV,22.0,2006.0,92.0,0.557,0.348,2.0,0.44,0.0,0.0,1.0,0.0,0.0,0.0,0.0,0.0,0.0,52.72,1.0,40.48,,,1.0,
El Salvador,SLV,22.0,2007.0,92.0,0.56,0.351,2.0,0.44,,,,,,,,,,,1.0,,,,1.0,
El Salvador,SLV,22.0,2008.0,92.0,0.561,0.357,2.0,0.44,,,,,,,,,,,1.0,,,,1.0,
El Salvador,SLV,22.0,2009.0,92.0,0.594,0.399,2.0,0.586,1.0,1.0,1.0,0.0,0.0,0.0,0.0,0.0,1.0,72.39,1.0,41.67,51.32,48.68,1.0,
El Salvador,SLV,22.0,2010.0,92.0,0.613,0.422,2.0,0.623,,,,,,,,,,,1.0,,,,1.0,
El Salvador,SLV,22.0,2011.0,92.0,0.613,0.425,2.0,0.623,,,,,,,,,,,1.0,,,,1.0,
El Salvador,SLV,22.0,2012.0,92.0,0.615,0.429,2.0,0.623,0.0,0.0,1.0,0.0,0.0,0.0,0.0,0.0,0.0,64.04,1.0,39.29,,,1.0,
El Salvador,SLV,22.0,2013.0,92.0,0.626,0.437,2.0,0.658,,,,,,,,,,,1.0,,,,1.0,
El Salvador,SLV,22.0,2014.0,92.0,0.665,0.465,2.0,0.658,1.0,1.0,0.0,0.0,0.0,0.0,0.0,0.0,1.0,80.13,1.0,,48.93,38.96,1.0,
El Salvador,SLV,22.0,2015.0,92.0,0.658,0.462,2.0,0.658,0.0,0.0,1.0,0.0,0.0,0.0,0.0,0.0,0.0,61.23,1.0,38.1,,,1.0,
El Salvador,SLV,22.0,2016.0,92.0,0.659,0.461,2.0,0.677,,,,,,,,,,,1.0,,,,1.0,
El Salvador,SLV,22.0,2017.0,92.0,0.672,0.465,2.0,0.675,,,,,,,,,,,1.0,,,,1.0,
El Salvador,SLV,22.0,2018.0,92.0,0.631,0.428,2.0,0.658,0.0,0.0,1.0,0.0,0.0,0.0,0.0,0.0,0.0,58.4,1.0,41.67,,,1.0,
El Salvador,SLV,22.0,2019.0,92.0,0.599,0.393,2.0,0.656,2.0,2.0,0.0,0.0,0.0,0.0,0.0,0.0,1.0,63.34,1.0,,53.1,31.72,1.0,
El Salvador,SLV,22.0,2020.0,92.0,0.518,0.316,2.0,0.618,,,,,,,,,,,1.0,,,,1.0,
El Salvador,SLV,22.0,2021.0,92.0,0.403,0.156,1.0,0.278,0.0,0.0,1.0,0.0,0.0,0.0,0.0,0.0,0.0,57.74,1.0,54.76,,,1.0,
El Salvador,SLV,22.0,2022.0,92.0,0.378,0.118,1.0,0.113,,,,,,,,,,,1.0,,,,1.0,
El Salvador,SLV,22.0,2023.0,92.0,0.377,0.106,1.0,0.097,,,,,,,,,,,1.0,,,,1.0,
El Salvador,SLV,22.0,2024.0,92.0,0.335,0.09,1.0,0.052,0.0,0.0,1.0,0.0,0.0,0.0,0.0,0.0,1.0,70.29,1.0,90.0,84.65,6.4,1.0,
El Salvador,SLV,22.0,2025.0,92.0,0.321,0.09,1.0,0.049,,,,,,,,,,,1.0,,,,1.0,
South Yemen,YMD,23.0,1980.0,680.0,0.12,0.104,0.0,0.258,,,,,,,,,,,1.0,,,,1.0,
South Yemen,YMD,23.0,1981.0,680.0,0.118,0.123,0.0,0.258,,,,,,,,,,,1.0,,,,1.0,
South Yemen,YMD,23.0,1982.0,680.0,0.118,0.124,0.0,0.258,,,,,,,,,,,1.0,,,,1.0,0.0
South Yemen,YMD,23.0,1983.0,680.0,0.118,0.124,0.0,0.258,,,,,,,,,,,1.0,,,,1.0,0.0
South Yemen,YMD,23.0,1984.0,680.0,0.118,0.124,0.0,0.258,,,,,,,,,,,1.0,,,,1.0,0.0
South Yemen,YMD,23.0,1985.0,680.0,0.118,0.124,0.0,0.258,,,,,,,,,,,1.0,,,,1.0,0.0
South Yemen,YMD,23.0,1986.0,680.0,0.119,0.089,0.0,0.258,0.0,0.0,1.0,0.0,0.0,0.0,0.0,0.0,0.0,,1.0,63.96,,,1.0,0.0
South Yemen,YMD,23.0,1987.0,680.0,0.118,0.09,0.0,0.258,,,,,,,,,,,1.0,,,,1.0,0.0
South Yemen,YMD,23.0,1988.0,680.0,0.118,0.09,0.0,0.258,,,,,,,,,,,1.0,,,,1.0,0.0
South Yemen,YMD,23.0,1989.0,680.0,0.118,0.09,0.0,0.258,,,,,,,,,,,1.0,,,,1.0,0.0
South Yemen,YMD,23.0,1990.0,680.0,0.132,0.093,0.0,0.258,,,,,,,,,,,1.0,,,,1.0,0.0
Bangladesh,BGD,24.0,1980.0,771.0,0.378,0.187,1.0,0.128,,,,,,,,,,,0.0,,,,1.0,
Bangladesh,BGD,24.0,1981.0,771.0,0.375,0.184,1.0,0.128,0.0,2.0,0.0,0.0,0.0,0.0,0.0,0.0,1.0,49.93,0.0,,65.5,26.0,1.0,
Bangladesh,BGD,24.0,1982.0,771.0,0.228,0.126,1.0,0.173,,,,,,,,,,,0.0,,,,0.0,0.0
Bangladesh,BGD,24.0,1983.0,771.0,0.182,0.107,0.0,0.227,,,,,,,,,,,0.0,,,,1.0,
Bangladesh,BGD,24.0,1984.0,771.0,0.187,0.108,0.0,0.227,,,,,,,,,,,0.0,,,,1.0,
Bangladesh,BGD,24.0,1985.0,771.0,0.188,0.108,0.0,0.227,,,,,,,,,,,0.0,,,,1.0,
Bangladesh,BGD,24.0,1986.0,771.0,0.237,0.134,1.0,0.235,1.0,2.0,1.0,0.0,0.0,0.0,0.0,0.0,1.0,59.16,0.0,51.0,84.1,5.8,1.0,
Bangladesh,BGD,24.0,1987.0,771.0,0.327,0.168,1.0,0.147,,,,,,,,,,,0.0,,,,1.0,
Bangladesh,BGD,24.0,1988.0,771.0,0.307,0.157,1.0,0.127,1.0,0.0,1.0,0.0,0.0,0.0,0.0,0.0,0.0,48.46,0.0,83.67,,,1.0,
Bangladesh,BGD,24.0,1989.0,771.0,0.302,0.156,1.0,0.127,,,,,,,,,,,0.0,,,,1.0,
Bangladesh,BGD,24.0,1990.0,771.0,0.302,0.162,1.0,0.185,,,,,,,,,,,0.0,,,,1.0,
Bangladesh,BGD,24.0,1991.0,771.0,0.483,0.253,1.0,0.207,2.0,0.0,1.0,0.0,0.0,0.0,0.0,0.0,0.0,61.52,0.0,46.67,,,0.0,1.0
Bangladesh,BGD,24.0,1992.0,771.0,0.513,0.272,2.0,0.226,,,,,,,,,,,0.0,,,,0.0,1.0
Bangladesh,BGD,24.0,1993.0,771.0,0.513,0.269,2.0,0.226,,,,,,,,,,,0.0,,,,0.0,1.0
Bangladesh,BGD,24.0,1994.0,771.0,0.513,0.269,2.0,0.226,,,,,,,,,,,0.0,,,,0.0,1.0
Bangladesh,BGD,24.0,1995.0,771.0,0.513,0.269,2.0,0.226,,,,,,,,,,,0.0,,,,0.0,1.0
Bangladesh,BGD,24.0,1996.0,771.0,0.506,0.271,2.0,0.226,2.0,0.0,1.0,0.0,0.0,0.0,0.0,0.0,0.0,64.57,0.0,48.67,,,0.0,1.0
Bangladesh,BGD,24.0,1997.0,771.0,0.512,0.275,2.0,0.226,,,,,,,,,,,0.0,,,,0.0,1.0
Bangladesh,BGD,24.0,1998.0,771.0,0.512,0.275,2.0,0.226,,,,,,,,,,,0.0,,,,0.0,1.0
Bangladesh,BGD,24.0,1999.0,771.0,0.512,0.275,2.0,0.226,,,,,,,,,,,0.0,,,,0.0,1.0
Bangladesh,BGD,24.0,2000.0,771.0,0.512,0.276,2.0,0.226,,,,,,,,,,,0.0,,,,0.0,1.0
Bangladesh,BGD,24.0,2001.0,771.0,0.505,0.271,2.0,0.226,2.0,0.0,1.0,0.0,0.0,0.0,0.0,0.0,0.0,76.5,0.0,64.33,,,0.0,1.0
Bangladesh,BGD,24.0,2002.0,771.0,0.47,0.236,1.0,0.226,,,,,,,,,,,0.0,,,,0.0,1.0
Bangladesh,BGD,24.0,2003.0,771.0,0.474,0.237,1.0,0.226,,,,,,,,,,,0.0,,,,0.0,1.0
Bangladesh,BGD,24.0,2004.0,771.0,0.474,0.233,1.0,0.226,,,,,,,,,,,0.0,,,,0.0,1.0
Bangladesh,BGD,24.0,2005.0,771.0,0.474,0.233,1.0,0.226,,,,,,,,,,,0.0,,,,0.0,1.0
Bangladesh,BGD,24.0,2006.0,771.0,0.423,0.214,1.0,0.279,,,,,,,,,,,0.0,,,,0.0,1.0
Bangladesh,BGD,24.0,2007.0,771.0,0.205,0.103,0.0,0.374,,,,,,,,,,,0.0,,,,0.0,0.0
Bangladesh,BGD,24.0,2008.0,771.0,0.21,0.105,1.0,0.374,0.0,0.0,1.0,0.0,0.0,0.0,0.0,0.0,0.0,78.93,0.0,76.67,,,0.0,0.0
Bangladesh,BGD,24.0,2009.0,771.0,0.418,0.193,1.0,0.264,,,,,,,,,,,0.0,,,,0.0,1.0
Bangladesh,BGD,24.0,2010.0,771.0,0.425,0.173,1.0,0.173,,,,,,,,,,,0.0,,,,0.0,1.0
Bangladesh,BGD,24.0,2011.0,771.0,0.416,0.168,1.0,0.173,,,,,,,,,,,0.0,,,,0.0,1.0
Bangladesh,BGD,24.0,2012.0,771.0,0.409,0.166,1.0,0.173,,,,,,,,,,,0.0,,,,0.0,1.0
Bangladesh,BGD,24.0,2013.0,771.0,0.376,0.144,1.0,0.166,,,,,,,,,,,0.0,,,,0.0,1.0
Bangladesh,BGD,24.0,2014.0,771.0,0.278,0.107,1.0,0.099,0.0,0.0,1.0,0.0,0.0,0.0,0.0,0.0,0.0,48.54,0.0,78.0,,,0.0,1.0
Bangladesh,BGD,24.0,2015.0,771.0,0.275,0.108,1.0,0.1,,,,,,,,,,,0.0,,,,0.0,1.0
Bangladesh,BGD,24.0,2016.0,771.0,0.269,0.106,1.0,0.1,,,,,,,,,,,0.0,,,,0.0,1.0
Bangladesh,BGD,24.0,2017.0,771.0,0.265,0.106,1.0,0.112,,,,,,,,,,,0.0,,,,0.0,1.0
Bangladesh,BGD,24.0,2018.0,771.0,0.252,0.097,1.0,0.106,0.0,0.0,1.0,0.0,0.0,0.0,0.0,0.0,0.0,78.06,0.0,86.0,,,0.0,1.0
Bangladesh,BGD,24.0,2019.0,771.0,0.251,0.094,1.0,0.123,,,,,,,,,,,0.0,,,,0.0,1.0
Bangladesh,BGD,24.0,2020.0,771.0,0.255,0.094,1.0,0.101,,,,,,,,,,,0.0,,,,0.0,1.0
Bangladesh,BGD,24.0,2021.0,771.0,0.255,0.092,1.0,0.115,,,,,,,,,,,0.0,,,,0.0,1.0
Bangladesh,BGD,24.0,2022.0,771.0,0.261,0.091,1.0,0.125,,,,,,,,,,,0.0,,,,0.0,1.0
Bangladesh,BGD,24.0,2023.0,771.0,0.253,0.094,1.0,0.136,,,,,,,,,,,0.0,,,,0.0,1.0
Bangladesh,BGD,24.0,2024.0,771.0,0.225,0.097,1.0,,0.0,0.0,1.0,0.0,0.0,0.0,0.0,0.0,0.0,42.42,0.0,90.66,,,0.0,0.0
Bangladesh,BGD,24.0,2025.0,771.0,0.195,0.116,0.0,,,,,,,,,,,,0.0,,,,0.0,0.0
Bolivia,BOL,25.0,1980.0,145.0,0.126,0.031,1.0,0.079,2.0,2.0,1.0,0.0,0.0,0.0,0.0,0.0,1.0,59.11,1.0,36.15,38.7,20.2,1.0,
Bolivia,BOL,25.0,1981.0,145.0,0.099,0.023,0.0,,,,,,,,,,,,1.0,,,,1.0,
Bolivia,BOL,25.0,1982.0,145.0,0.201,0.118,0.0,0.351,,,,,,,,,,,1.0,,,,1.0,
Bolivia,BOL,25.0,1983.0,145.0,0.32,0.201,0.0,0.46,,,,,,,,,,,1.0,,,,1.0,
Bolivia,BOL,25.0,1984.0,145.0,0.325,0.216,0.0,0.606,,,,,,,,,,,1.0,,,,1.0,
Bolivia,BOL,25.0,1985.0,145.0,0.462,0.321,1.0,0.529,0.0,0.0,1.0,0.0,0.0,0.0,0.0,0.0,1.0,65.15,1.0,33.08,32.8,30.4,1.0,
Bolivia,BOL,25.0,1986.0,145.0,0.622,0.411,2.0,0.529,,,,,,,,,,,1.0,,,,1.0,
Bolivia,BOL,25.0,1987.0,145.0,0.633,0.416,2.0,0.529,,,,,,,,,,,1.0,,,,1.0,
Bolivia,BOL,25.0,1988.0,145.0,0.636,0.417,2.0,0.529,,,,,,,,,,,1.0,,,,1.0,
Bolivia,BOL,25.0,1989.0,145.0,0.639,0.422,2.0,0.529,0.0,0.0,1.0,0.0,0.0,0.0,0.0,0.0,1.0,50.64,1.0,30.77,25.6,25.2,1.0,
Bolivia,BOL,25.0,1990.0,145.0,0.651,0.431,2.0,0.529,,,,,,,,,,,1.0,,,,1.0,
Bolivia,BOL,25.0,1991.0,145.0,0.686,0.456,2.0,0.529,,,,,,,,,,,1.0,,,,1.0,
Bolivia,BOL,25.0,1992.0,145.0,0.697,0.462,2.0,0.529,,,,,,,,,,,1.0,,,,1.0,
Bolivia,BOL,25.0,1993.0,145.0,0.705,0.469,2.0,0.529,0.0,0.0,1.0,0.0,0.0,0.0,0.0,0.0,1.0,50.01,1.0,40.0,35.6,21.1,1.0,
Bolivia,BOL,25.0,1994.0,145.0,0.718,0.481,2.0,0.563,,,,,,,,,,,1.0,,,,1.0,
Bolivia,BOL,25.0,1995.0,145.0,0.73,0.492,2.0,0.563,,,,,,,,,,,1.0,,,,1.0,
Bolivia,BOL,25.0,1996.0,145.0,0.73,0.492,2.0,0.563,,,,,,,,,,,1.0,,,,1.0,
Bolivia,BOL,25.0,1997.0,145.0,0.735,0.518,2.0,0.688,0.0,0.0,1.0,0.0,0.0,0.0,0.0,0.0,1.0,64.54,1.0,24.62,22.2,18.2,1.0,
Bolivia,BOL,25.0,1998.0,145.0,0.735,0.518,2.0,0.688,,,,,,,,,,,1.0,,,,1.0,
Bolivia,BOL,25.0,1999.0,145.0,0.743,0.523,2.0,0.688,,,,,,,,,,,1.0,,,,1.0,
Bolivia,BOL,25.0,2000.0,145.0,0.743,0.527,2.0,0.694,,,,,,,,,,,1.0,,,,1.0,
Bolivia,BOL,25.0,2001.0,145.0,0.737,0.52,2.0,0.694,,,,,,,,,,,1.0,,,,1.0,
Bolivia,BOL,25.0,2002.0,145.0,0.719,0.51,2.0,0.694,2.0,2.0,1.0,0.0,0.0,0.0,0.0,0.0,1.0,66.82,1.0,27.69,22.5,20.9,1.0,
Bolivia,BOL,25.0,2003.0,145.0,0.719,0.515,2.0,0.757,,,,,,,,,,,1.0,,,,1.0,
Bolivia,BOL,25.0,2004.0,145.0,0.753,0.541,2.0,0.717,,,,,,,,,,,1.0,,,,1.0,
Bolivia,BOL,25.0,2005.0,145.0,0.746,0.534,2.0,0.73,2.0,2.0,1.0,0.0,0.0,0.0,0.0,0.0,1.0,63.44,1.0,55.38,53.7,28.6,1.0,
Bolivia,BOL,25.0,2006.0,145.0,0.724,0.462,2.0,0.466,0.0,0.0,0.0,0.0,0.0,0.0,1.0,0.0,0.0,,1.0,,,,1.0,
Bolivia,BOL,25.0,2007.0,145.0,0.719,0.458,2.0,0.466,,,,,,,,,,,1.0,,,,1.0,
Bolivia,BOL,25.0,2008.0,145.0,0.719,0.453,2.0,0.441,,,,,,,,,,,1.0,,,,1.0,
Bolivia,BOL,25.0,2009.0,145.0,0.714,0.435,2.0,0.413,0.0,0.0,1.0,0.0,0.0,0.0,0.0,0.0,1.0,85.55,1.0,67.69,64.2,26.5,1.0,
Bolivia,BOL,25.0,2010.0,145.0,0.68,0.4,2.0,0.408,,,,,,,,,,,1.0,,,,1.0,
Bolivia,BOL,25.0,2011.0,145.0,0.677,0.398,2.0,0.408,,,,,,,,,,,1.0,,,,1.0,
Bolivia,BOL,25.0,2012.0,145.0,0.67,0.391,2.0,0.408,,,,,,,,,,,1.0,,,,1.0,
Bolivia,BOL,25.0,2013.0,145.0,0.658,0.396,2.0,0.432,,,,,,,,,,,1.0,,,,1.0,
Bolivia,BOL,25.0,2014.0,145.0,0.647,0.391,2.0,0.432,0.0,0.0,1.0,0.0,0.0,0.0,0.0,0.0,1.0,88.365,1.0,67.69,59.5,25.3,1.0,
Bolivia,BOL,25.0,2015.0,145.0,0.609,0.368,2.0,0.418,,,,,,,,,,,1.0,,,,1.0,
Bolivia,BOL,25.0,2016.0,145.0,0.62,0.375,2.0,0.418,,,,,,,,,,,1.0,,,,1.0,
Bolivia,BOL,25.0,2017.0,145.0,0.609,0.36,2.0,0.379,,,,,,,,,,,1.0,,,,1.0,
Bolivia,BOL,25.0,2018.0,145.0,0.593,0.341,2.0,0.366,,,,,,,,,,,1.0,,,,1.0,
Bolivia,BOL,25.0,2019.0,145.0,0.456,0.241,1.0,0.332,0.0,0.0,1.0,0.0,0.0,0.0,0.0,0.0,1.0,86.53,1.0,51.54,47.08,36.51,1.0,
Bolivia,BOL,25.0,2020.0,145.0,0.275,0.209,1.0,0.698,2.0,2.0,1.0,0.0,0.0,0.0,0.0,0.0,1.0,87.57,1.0,57.69,55.11,28.83,1.0,
Bolivia,BOL,25.0,2021.0,145.0,0.608,0.362,2.0,0.386,,,,,,,,,,,1.0,,,,1.0,
Bolivia,BOL,25.0,2022.0,145.0,0.587,0.338,2.0,0.445,,,,,,,,,,,1.0,,,,1.0,
Bolivia,BOL,25.0,2023.0,145.0,0.586,0.344,2.0,0.467,,,,,,,,,,,1.0,,,,1.0,
Bolivia,BOL,25.0,2024.0,145.0,0.577,0.31,2.0,0.349,,,,,,,,,,,1.0,,,,1.0,
Bolivia,BOL,25.0,2025.0,145.0,0.605,0.352,2.0,0.56,2.0,2.0,1.0,0.0,0.0,0.0,0.0,0.0,1.0,83.8,1.0,37.69,32.06,26.7,1.0,
Haiti,HTI,26.0,1980.0,41.0,0.148,0.035,0.0,0.06,,,,,,,,,,,0.0,,,,1.0,
Haiti,HTI,26.0,1981.0,41.0,0.15,0.034,0.0,0.06,,,,,,,,,,,0.0,,,,1.0,
Haiti,HTI,26.0,1982.0,41.0,0.15,0.035,0.0,0.06,,,,,,,,,,,0.0,,,,1.0,
Haiti,HTI,26.0,1983.0,41.0,0.115,0.023,0.0,0.054,,,,,,,,,,,0.0,,,,1.0,
Haiti,HTI,26.0,1984.0,41.0,0.146,0.033,0.0,0.061,0.0,0.0,1.0,0.0,0.0,0.0,0.0,0.0,0.0,,0.0,100.0,,,1.0,
Haiti,HTI,26.0,1985.0,41.0,0.151,0.035,0.0,0.062,,,,,,,,,,,0.0,,,,1.0,
Haiti,HTI,26.0,1986.0,41.0,0.121,0.029,0.0,0.074,0.0,0.0,0.0,0.0,0.0,0.0,1.0,0.0,0.0,,0.0,,,,1.0,
Haiti,HTI,26.0,1987.0,41.0,0.196,0.076,1.0,,0.0,0.0,1.0,0.0,0.0,0.0,0.0,0.0,1.0,,1.0,,,,1.0,
Haiti,HTI,26.0,1988.0,41.0,0.263,0.103,1.0,0.255,2.0,2.0,1.0,0.0,0.0,0.0,0.0,0.0,1.0,36.28,1.0,,50.2,19.7,1.0,0.0
Haiti,HTI,26.0,1989.0,41.0,0.208,0.076,0.0,,,,,,,,,,,,1.0,,,,1.0,
Haiti,HTI,26.0,1990.0,41.0,0.202,0.08,1.0,0.397,0.0,2.0,1.0,0.0,0.0,0.0,0.0,0.0,1.0,53.82,1.0,33.33,67.5,14.2,1.0,
Haiti,HTI,26.0,1991.0,41.0,0.327,0.166,1.0,0.463,0.0,0.0,0.0,1.0,0.0,0.0,0.0,0.0,0.0,52.69,1.0,33.33,,,0.5,0.0
Haiti,HTI,26.0,1992.0,41.0,0.18,0.083,0.0,0.322,,,,,,,,,,,1.0,,,,1.0,
Haiti,HTI,26.0,1993.0,41.0,0.207,0.089,0.0,0.322,,,,,,,,,,,1.0,,,,0.5,0.0
Haiti,HTI,26.0,1994.0,41.0,0.232,0.107,0.0,0.389,,,,,,,,,,,1.0,,,,0.5,0.0
Haiti,HTI,26.0,1995.0,41.0,0.348,0.238,1.0,0.636,1.0,2.0,1.0,1.0,0.0,0.0,0.0,0.0,1.0,33.07,1.0,80.72,82.2,2.3,0.5,1.0
Haiti,HTI,26.0,1996.0,41.0,0.427,0.275,1.0,0.636,,,,,,,,,,,1.0,,,,0.5,0.0
Haiti,HTI,26.0,1997.0,41.0,0.441,0.287,1.0,0.636,0.0,0.0,1.0,0.0,0.0,0.0,0.0,0.0,0.0,,1.0,,,,1.0,
Haiti,HTI,26.0,1998.0,41.0,0.442,0.288,1.0,0.636,,,,,,,,,,,1.0,,,,1.0,
Haiti,HTI,26.0,1999.0,41.0,0.442,0.282,1.0,0.579,,,,,,,,,,,1.0,,,,0.5,0.0
Haiti,HTI,26.0,2000.0,41.0,0.437,0.28,1.0,0.635,0.0,1.0,1.0,1.0,0.0,0.0,0.0,0.0,1.0,68.25,1.0,87.8,91.7,2.0,0.5,0.0
Haiti,HTI,26.0,2001.0,41.0,0.417,0.27,1.0,0.635,,,,,,,,,,,1.0,,,,0.5,0.0
Haiti,HTI,26.0,2002.0,41.0,0.41,0.265,1.0,0.635,,,,,,,,,,,1.0,,,,0.5,0.0
Haiti,HTI,26.0,2003.0,41.0,0.408,0.259,1.0,0.635,,,,,,,,,,,1.0,,,,0.5,0.0
Haiti,HTI,26.0,2004.0,41.0,0.249,0.108,1.0,0.6,,,,,,,,,,,1.0,,,,0.5,0.0
Haiti,HTI,26.0,2005.0,41.0,0.247,0.097,0.0,,,,,,,,,,,,1.0,,,,0.5,0.0
Haiti,HTI,26.0,2006.0,41.0,0.386,0.211,1.0,0.648,1.0,2.0,1.0,1.0,0.0,0.0,0.0,0.0,1.0,47.77,1.0,22.22,51.2,12.4,0.5,0.0
Haiti,HTI,26.0,2007.0,41.0,0.469,0.299,1.0,0.754,,,,,,,,,,,1.0,,,,0.5,0.0
Haiti,HTI,26.0,2008.0,41.0,0.468,0.301,1.0,0.754,,,,,,,,,,,1.0,,,,0.5,1.0
Haiti,HTI,26.0,2009.0,41.0,0.459,0.296,1.0,0.754,,,,,,,,,,,1.0,,,,0.5,0.0
Haiti,HTI,26.0,2010.0,41.0,0.459,0.275,1.0,0.754,0.0,2.0,1.0,0.0,0.0,0.0,0.0,0.0,1.0,18.99,1.0,46.46,31.4,22.5,0.5,0.0
Haiti,HTI,26.0,2011.0,41.0,0.431,0.262,1.0,0.746,0.0,2.0,0.0,1.0,0.0,0.0,0.0,0.0,0.0,18.93,1.0,46.46,,,0.5,0.0
Haiti,HTI,26.0,2012.0,41.0,0.438,0.268,1.0,0.746,,,,,,,,,,,1.0,,,,0.5,0.0
Haiti,HTI,26.0,2013.0,41.0,0.434,0.262,1.0,0.746,,,,,,,,,,,1.0,,,,0.5,0.0
Haiti,HTI,26.0,2014.0,41.0,0.434,0.262,1.0,0.746,,,,,,,,,,,1.0,,,,0.5,0.0
Haiti,HTI,26.0,2015.0,41.0,0.425,0.243,1.0,0.632,0.0,2.0,1.0,1.0,0.0,0.0,0.0,0.0,1.0,27.8,1.0,21.85,32.81,25.27,0.5,0.0
Haiti,HTI,26.0,2016.0,41.0,0.42,0.255,1.0,0.758,0.0,2.0,0.0,0.0,0.0,0.0,0.0,0.0,1.0,17.82,1.0,,55.6,19.57,0.5,0.0
Haiti,HTI,26.0,2017.0,41.0,0.418,0.251,1.0,0.758,,,,,,,,,,,1.0,,,,0.5,0.0
Haiti,HTI,26.0,2018.0,41.0,0.429,0.257,1.0,0.735,,,,,,,,,,,1.0,,,,0.5,0.0
Haiti,HTI,26.0,2019.0,41.0,0.421,0.247,1.0,0.739,,,,,,,,,,,1.0,,,,0.5,0.0
Haiti,HTI,26.0,2020.0,41.0,0.4,0.237,1.0,0.706,,,,,,,,,,,1.0,,,,0.5,0.0
Haiti,HTI,26.0,2021.0,41.0,0.33,0.204,1.0,0.698,,,,,,,,,,,1.0,,,,1.0,
Haiti,HTI,26.0,2022.0,41.0,0.233,0.154,0.0,0.679,,,,,,,,,,,1.0,,,,1.0,
Haiti,HTI,26.0,2023.0,41.0,0.231,0.084,0.0,,,,,,,,,,,,1.0,,,,1.0,
Haiti,HTI,26.0,2024.0,41.0,0.237,0.101,0.0,0.602,,,,,,,,,,,1.0,,,,0.5,0.0
Haiti,HTI,26.0,2025.0,41.0,0.238,0.098,0.0,0.246,,,,,,,,,,,1.0,,,,0.5,0.0
Honduras,HND,27.0,1980.0,91.0,0.176,0.074,0.0,0.199,0.0,0.0,0.0,0.0,0.0,0.0,1.0,0.0,0.0,59.11,1.0,,,,1.0,
Honduras,HND,27.0,1981.0,91.0,0.188,0.097,1.0,0.199,2.0,2.0,1.0,0.0,0.0,0.0,0.0,0.0,1.0,69.14,1.0,53.66,53.9,41.6,1.0,
Honduras,HND,27.0,1982.0,91.0,0.37,0.172,1.0,0.134,,,,,,,,,,,1.0,,,,1.0,
Honduras,HND,27.0,1983.0,91.0,0.394,0.186,1.0,0.186,,,,,,,,,,,1.0,,,,1.0,
Honduras,HND,27.0,1984.0,91.0,0.394,0.186,1.0,0.186,,,,,,,,,,,1.0,,,,1.0,
Honduras,HND,27.0,1985.0,91.0,0.394,0.188,1.0,0.186,1.0,1.0,1.0,0.0,0.0,0.0,0.0,0.0,1.0,77.79,1.0,50.0,51.0,45.5,1.0,
Honduras,HND,27.0,1986.0,91.0,0.395,0.191,1.0,0.186,,,,,,,,,,,1.0,,,,1.0,
Honduras,HND,27.0,1987.0,91.0,0.399,0.192,1.0,0.186,,,,,,,,,,,1.0,,,,1.0,
Honduras,HND,27.0,1988.0,91.0,0.399,0.196,1.0,0.186,,,,,,,,,,,1.0,,,,1.0,
Honduras,HND,27.0,1989.0,91.0,0.403,0.197,1.0,0.186,2.0,2.0,1.0,0.0,0.0,0.0,0.0,0.0,1.0,75.71,1.0,55.47,52.3,44.3,1.0,
Honduras,HND,27.0,1990.0,91.0,0.484,0.257,1.0,0.186,,,,,,,,,,,1.0,,,,1.0,
Honduras,HND,27.0,1991.0,91.0,0.49,0.263,1.0,0.186,,,,,,,,,,,1.0,,,,1.0,
Honduras,HND,27.0,1992.0,91.0,0.49,0.267,1.0,0.186,,,,,,,,,,,1.0,,,,1.0,
Honduras,HND,27.0,1993.0,91.0,0.49,0.264,1.0,0.186,2.0,2.0,1.0,0.0,0.0,0.0,0.0,0.0,1.0,63.49,1.0,55.47,53.0,43.0,1.0,
Honduras,HND,27.0,1994.0,91.0,0.527,0.286,2.0,0.186,,,,,,,,,,,1.0,,,,1.0,
Honduras,HND,27.0,1995.0,91.0,0.544,0.3,2.0,0.186,,,,,,,,,,,1.0,,,,1.0,
Honduras,HND,27.0,1996.0,91.0,0.557,0.305,2.0,0.186,,,,,,,,,,,1.0,,,,1.0,
Honduras,HND,27.0,1997.0,91.0,0.557,0.307,2.0,0.186,1.0,1.0,1.0,0.0,0.0,0.0,0.0,0.0,1.0,68.22,1.0,54.14,52.7,42.8,1.0,
Honduras,HND,27.0,1998.0,91.0,0.555,0.309,2.0,0.186,,,,,,,,,,,1.0,,,,1.0,
Honduras,HND,27.0,1999.0,91.0,0.556,0.316,2.0,0.186,,,,,,,,,,,1.0,,,,1.0,
Honduras,HND,27.0,2000.0,91.0,0.556,0.326,2.0,0.244,,,,,,,,,,,1.0,,,,1.0,
Honduras,HND,27.0,2001.0,91.0,0.555,0.326,2.0,0.244,2.0,2.0,1.0,0.0,0.0,0.0,0.0,0.0,1.0,72.37,1.0,47.66,52.2,44.3,1.0,
Honduras,HND,27.0,2002.0,91.0,0.555,0.327,2.0,0.244,,,,,,,,,,,1.0,,,,1.0,
Honduras,HND,27.0,2003.0,91.0,0.565,0.333,2.0,0.244,,,,,,,,,,,1.0,,,,1.0,
Honduras,HND,27.0,2004.0,91.0,0.565,0.333,2.0,0.244,,,,,,,,,,,1.0,,,,1.0,
Honduras,HND,27.0,2005.0,91.0,0.559,0.331,2.0,0.244,2.0,2.0,1.0,0.0,0.0,0.0,0.0,0.0,1.0,60.55,1.0,48.44,45.6,42.2,1.0,
Honduras,HND,27.0,2006.0,91.0,0.521,0.312,2.0,0.244,,,,,,,,,,,1.0,,,,1.0,
Honduras,HND,27.0,2007.0,91.0,0.522,0.315,2.0,0.244,,,,,,,,,,,1.0,,,,1.0,
Honduras,HND,27.0,2008.0,91.0,0.519,0.323,2.0,0.304,,,,,,,,,,,1.0,,,,1.0,
Honduras,HND,27.0,2009.0,91.0,0.441,0.283,1.0,0.505,2.0,2.0,1.0,0.0,0.0,0.0,0.0,0.0,1.0,53.17,1.0,55.47,56.6,38.1,1.0,
Honduras,HND,27.0,2010.0,91.0,0.408,0.239,1.0,0.251,,,,,,,,,,,1.0,,,,1.0,
Honduras,HND,27.0,2011.0,91.0,0.419,0.248,1.0,0.251,,,,,,,,,,,1.0,,,,1.0,
Honduras,HND,27.0,2012.0,91.0,0.418,0.24,1.0,0.251,,,,,,,,,,,1.0,,,,1.0,
Honduras,HND,27.0,2013.0,91.0,0.413,0.255,1.0,0.272,1.0,1.0,1.0,0.0,0.0,0.0,0.0,0.0,1.0,66.31,1.0,37.5,36.89,28.78,1.0,
Honduras,HND,27.0,2014.0,91.0,0.433,0.27,1.0,0.301,,,,,,,,,,,1.0,,,,1.0,
Honduras,HND,27.0,2015.0,91.0,0.426,0.245,1.0,0.301,,,,,,,,,,,1.0,,,,1.0,
Honduras,HND,27.0,2016.0,91.0,0.425,0.254,1.0,0.301,,,,,,,,,,,1.0,,,,1.0,
Honduras,HND,27.0,2017.0,91.0,0.414,0.244,1.0,0.306,0.0,0.0,1.0,0.0,0.0,0.0,0.0,0.0,1.0,65.29,1.0,47.66,42.95,41.42,1.0,
Honduras,HND,27.0,2018.0,91.0,0.361,0.233,1.0,0.321,,,,,,,,,,,1.0,,,,1.0,
Honduras,HND,27.0,2019.0,91.0,0.368,0.229,1.0,0.289,,,,,,,,,,,1.0,,,,1.0,
Honduras,HND,27.0,2020.0,91.0,0.372,0.233,1.0,0.296,,,,,,,,,,,1.0,,,,1.0,
Honduras,HND,27.0,2021.0,91.0,0.394,0.248,1.0,0.29,2.0,2.0,1.0,0.0,0.0,0.0,0.0,0.0,1.0,59.72,1.0,39.06,51.18,36.89,1.0,
Honduras,HND,27.0,2022.0,91.0,0.544,0.389,2.0,0.481,,,,,,,,,,,1.0,,,,1.0,
Honduras,HND,27.0,2023.0,91.0,0.539,0.398,2.0,0.525,,,,,,,,,,,1.0,,,,1.0,
Honduras,HND,27.0,2024.0,91.0,0.538,0.383,2.0,0.423,,,,,,,,,,,1.0,,,,1.0,
Honduras,HND,27.0,2025.0,91.0,0.511,0.38,2.0,0.495,2.0,2.0,1.0,0.0,0.0,0.0,0.0,0.0,1.0,,1.0,38.28,40.26,39.55,1.0,
Mali,MLI,28.0,1980.0,432.0,0.191,0.126,0.0,0.053,,,,,,,,,,,1.0,,,,1.0,
Mali,MLI,28.0,1981.0,432.0,0.191,0.126,0.0,0.053,,,,,,,,,,,1.0,,,,1.0,
Mali,MLI,28.0,1982.0,432.0,0.192,0.126,0.0,0.053,0.0,0.0,1.0,0.0,0.0,0.0,0.0,0.0,0.0,,1.0,100.0,,,1.0,
Mali,MLI,28.0,1983.0,432.0,0.19,0.125,0.0,0.053,,,,,,,,,,,1.0,,,,1.0,
Mali,MLI,28.0,1984.0,432.0,0.19,0.125,0.0,0.053,,,,,,,,,,,1.0,,,,1.0,
Mali,MLI,28.0,1985.0,432.0,0.191,0.125,0.0,0.053,0.0,0.0,1.0,0.0,0.0,0.0,0.0,0.0,1.0,,1.0,100.0,100.0,,1.0,
Mali,MLI,28.0,1986.0,432.0,0.19,0.125,0.0,0.053,,,,,,,,,,,1.0,,,,1.0,0.0
Mali,MLI,28.0,1987.0,432.0,0.193,0.126,0.0,0.053,,,,,,,,,,,1.0,,,,1.0,0.0
Mali,MLI,28.0,1988.0,432.0,0.198,0.127,0.0,0.053,0.0,0.0,1.0,0.0,0.0,0.0,0.0,0.0,0.0,,1.0,100.0,,,1.0,
Mali,MLI,28.0,1989.0,432.0,0.196,0.127,0.0,0.053,,,,,,,,,,,1.0,,,,1.0,
Mali,MLI,28.0,1990.0,432.0,0.202,0.145,0.0,0.125,,,,,,,,,,,1.0,,,,1.0,
Mali,MLI,28.0,1991.0,432.0,0.21,0.154,0.0,0.155,,,,,,,,,,,1.0,,,,1.0,0.0
Mali,MLI,28.0,1992.0,432.0,0.473,0.344,1.0,0.493,1.0,2.0,1.0,1.0,0.0,0.0,0.0,0.0,1.0,24.84,1.0,65.52,45.0,14.5,1.0,0.0
Mali,MLI,28.0,1993.0,432.0,0.594,0.426,2.0,0.56,,,,,,,,,,,1.0,,,,1.0,0.0
Mali,MLI,28.0,1994.0,432.0,0.594,0.426,2.0,0.56,,,,,,,,,,,1.0,,,,1.0,0.0
Mali,MLI,28.0,1995.0,432.0,0.594,0.422,2.0,0.56,,,,,,,,,,,1.0,,,,1.0,0.0
Mali,MLI,28.0,1996.0,432.0,0.594,0.422,2.0,0.56,,,,,,,,,,,1.0,,,,1.0,0.0
Mali,MLI,28.0,1997.0,432.0,0.55,0.392,2.0,0.56,0.0,0.0,1.0,1.0,0.0,0.0,0.0,0.0,1.0,34.01,1.0,87.07,84.4,3.6,1.0,0.0
Mali,MLI,28.0,1998.0,432.0,0.519,0.366,2.0,0.523,,,,,,,,,,,1.0,,,,1.0,0.0
Mali,MLI,28.0,1999.0,432.0,0.519,0.366,2.0,0.523,,,,,,,,,,,1.0,,,,1.0,0.0
Mali,MLI,28.0,2000.0,432.0,0.519,0.37,2.0,0.523,,,,,,,,,,,1.0,,,,1.0,0.0
Mali,MLI,28.0,2001.0,432.0,0.519,0.37,2.0,0.523,,,,,,,,,,,1.0,,,,1.0,0.0
Mali,MLI,28.0,2002.0,432.0,0.601,0.403,2.0,0.385,0.0,2.0,1.0,1.0,0.0,0.0,0.0,0.0,1.0,42.44,1.0,31.29,28.7,21.3,1.0,0.0
Mali,MLI,28.0,2003.0,432.0,0.624,0.416,2.0,0.385,,,,,,,,,,,1.0,,,,1.0,0.0
Mali,MLI,28.0,2004.0,432.0,0.624,0.416,2.0,0.385,,,,,,,,,,,1.0,,,,1.0,0.0
Mali,MLI,28.0,2005.0,432.0,0.624,0.416,2.0,0.385,,,,,,,,,,,1.0,,,,1.0,0.0
Mali,MLI,28.0,2006.0,432.0,0.625,0.418,2.0,0.385,,,,,,,,,,,1.0,,,,1.0,0.0
Mali,MLI,28.0,2007.0,432.0,0.618,0.413,2.0,0.385,1.0,0.0,1.0,1.0,0.0,0.0,0.0,0.0,1.0,41.2,1.0,34.69,71.2,19.6,1.0,0.0
Mali,MLI,28.0,2008.0,432.0,0.608,0.406,2.0,0.385,,,,,,,,,,,1.0,,,,1.0,0.0
Mali,MLI,28.0,2009.0,432.0,0.61,0.406,2.0,0.385,,,,,,,,,,,1.0,,,,1.0,0.0
Mali,MLI,28.0,2010.0,432.0,0.608,0.405,2.0,0.344,,,,,,,,,,,1.0,,,,1.0,0.0
Mali,MLI,28.0,2011.0,432.0,0.611,0.407,2.0,0.344,,,,,,,,,,,1.0,,,,1.0,1.0
Mali,MLI,28.0,2012.0,432.0,0.355,0.233,1.0,0.236,,,,,,,,,,,1.0,,,,1.0,1.0
Mali,MLI,28.0,2013.0,432.0,0.328,0.194,1.0,0.182,2.0,2.0,1.0,1.0,0.0,0.0,0.0,0.0,1.0,44.68,1.0,44.9,39.23,19.44,1.0,0.0
Mali,MLI,28.0,2014.0,432.0,0.54,0.327,2.0,0.243,,,,,,,,,,,1.0,,,,1.0,0.0
Mali,MLI,28.0,2015.0,432.0,0.543,0.349,2.0,0.385,,,,,,,,,,,1.0,,,,1.0,0.0
Mali,MLI,28.0,2016.0,432.0,0.543,0.349,2.0,0.385,,,,,,,,,,,1.0,,,,1.0,0.0
Mali,MLI,28.0,2017.0,432.0,0.54,0.328,2.0,0.334,,,,,,,,,,,1.0,,,,1.0,0.0
Mali,MLI,28.0,2018.0,432.0,0.518,0.307,1.0,0.278,0.0,0.0,0.0,0.0,0.0,0.0,0.0,0.0,1.0,40.92,1.0,,41.42,17.8,1.0,0.0
Mali,MLI,28.0,2019.0,432.0,0.516,0.317,1.0,0.283,,,,,,,,,,,1.0,,,,1.0,0.0
Mali,MLI,28.0,2020.0,432.0,0.421,0.254,1.0,0.222,0.0,0.0,1.0,1.0,0.0,0.0,0.0,0.0,0.0,30.56,1.0,34.69,,,1.0,0.0
Mali,MLI,28.0,2021.0,432.0,0.243,0.155,0.0,0.116,,,,,,,,,,,1.0,,,,1.0,0.0
Mali,MLI,28.0,2022.0,432.0,0.231,0.147,0.0,0.096,,,,,,,,,,,1.0,,,,1.0,0.0
Mali,MLI,28.0,2023.0,432.0,0.229,0.145,0.0,0.096,,,,,,,,,,,1.0,,,,1.0,0.0
Mali,MLI,28.0,2024.0,432.0,0.192,0.141,0.0,0.096,,,,,,,,,,,1.0,,,,1.0,0.0
Mali,MLI,28.0,2025.0,432.0,0.164,0.15,0.0,0.096,,,,,,,,,,,1.0,,,,1.0,0.0
Pakistan,PAK,29.0,1980.0,770.0,0.107,0.058,0.0,,,,,,,,,,,,1.0,,,,1.0,
Pakistan,PAK,29.0,1981.0,770.0,0.107,0.058,0.0,,,,,,,,,,,,1.0,,,,1.0,
Pakistan,PAK,29.0,1982.0,770.0,0.11,0.059,0.0,,,,,,,,,,,,1.0,,,,1.0,
Pakistan,PAK,29.0,1983.0,770.0,0.11,0.059,0.0,,,,,,,,,,,,1.0,,,,1.0,
Pakistan,PAK,29.0,1984.0,770.0,0.11,0.059,0.0,,,,,,,,,,,,1.0,,,,1.0,
Pakistan,PAK,29.0,1985.0,770.0,0.157,0.102,1.0,0.44,0.0,0.0,1.0,0.0,0.0,0.0,0.0,0.0,0.0,41.71,1.0,,,,0.5,0.0
Pakistan,PAK,29.0,1986.0,770.0,0.171,0.113,1.0,0.44,,,,,,,,,,,1.0,,,,0.5,0.0
Pakistan,PAK,29.0,1987.0,770.0,0.171,0.115,1.0,0.44,,,,,,,,,,,1.0,,,,0.5,0.0
Pakistan,PAK,29.0,1988.0,770.0,0.214,0.127,1.0,0.44,2.0,0.0,1.0,0.0,0.0,0.0,0.0,0.0,0.0,42.91,1.0,45.41,,,0.5,1.0
Pakistan,PAK,29.0,1989.0,770.0,0.371,0.202,1.0,0.488,,,,,,,,,,,1.0,,,,0.0,1.0
Pakistan,PAK,29.0,1990.0,770.0,0.372,0.198,1.0,0.418,2.0,0.0,1.0,0.0,0.0,0.0,0.0,0.0,0.0,43.4,1.0,51.21,,,0.0,0.0
Pakistan,PAK,29.0,1991.0,770.0,0.367,0.196,1.0,0.418,,,,,,,,,,,1.0,,,,0.0,0.0
Pakistan,PAK,29.0,1992.0,770.0,0.367,0.196,1.0,0.418,,,,,,,,,,,1.0,,,,0.0,0.0
Pakistan,PAK,29.0,1993.0,770.0,0.368,0.201,1.0,0.418,2.0,0.0,1.0,0.0,0.0,0.0,0.0,0.0,0.0,37.56,1.0,43.0,,,0.0,1.0
Pakistan,PAK,29.0,1994.0,770.0,0.37,0.201,1.0,0.418,,,,,,,,,,,1.0,,,,0.0,1.0
Pakistan,PAK,29.0,1995.0,770.0,0.37,0.201,1.0,0.418,,,,,,,,,,,1.0,,,,0.0,1.0
Pakistan,PAK,29.0,1996.0,770.0,0.37,0.201,1.0,0.418,,,,,,,,,,,1.0,,,,0.0,0.0
Pakistan,PAK,29.0,1997.0,770.0,0.386,0.196,1.0,0.418,2.0,0.0,1.0,0.0,0.0,0.0,0.0,0.0,0.0,31.47,1.0,65.22,,,0.0,0.0
Pakistan,PAK,29.0,1998.0,770.0,0.391,0.199,1.0,0.418,,,,,,,,,,,1.0,,,,0.0,0.0
Pakistan,PAK,29.0,1999.0,770.0,0.34,0.167,0.0,0.443,,,,,,,,,,,1.0,,,,0.0,0.0
Pakistan,PAK,29.0,2000.0,770.0,0.205,0.094,0.0,,,,,,,,,,,,1.0,,,,0.5,0.0
Pakistan,PAK,29.0,2001.0,770.0,0.203,0.091,0.0,,,,,,,,,,,,1.0,,,,1.0,
Pakistan,PAK,29.0,2002.0,770.0,0.243,0.132,1.0,0.288,1.0,0.0,1.0,0.0,0.0,0.0,0.0,0.0,1.0,38.93,1.0,30.7,,,0.5,0.0
Pakistan,PAK,29.0,2003.0,770.0,0.356,0.19,1.0,0.441,,,,,,,,,,,1.0,,,,1.0,0.0
Pakistan,PAK,29.0,2004.0,770.0,0.356,0.192,1.0,0.441,,,,,,,,,,,1.0,,,,1.0,0.0
Pakistan,PAK,29.0,2005.0,770.0,0.358,0.189,1.0,0.441,,,,,,,,,,,1.0,,,,1.0,0.0
Pakistan,PAK,29.0,2006.0,770.0,0.355,0.187,1.0,0.441,,,,,,,,,,,1.0,,,,1.0,0.0
Pakistan,PAK,29.0,2007.0,770.0,0.351,0.185,1.0,0.441,,,,,,,,,,,1.0,,,,1.0,0.0
Pakistan,PAK,29.0,2008.0,770.0,0.416,0.223,1.0,0.478,2.0,0.0,1.0,0.0,0.0,0.0,0.0,0.0,0.0,38.77,1.0,33.92,,,0.0,0.0
Pakistan,PAK,29.0,2009.0,770.0,0.451,0.259,1.0,0.486,,,,,,,,,,,1.0,,,,0.0,0.0
Pakistan,PAK,29.0,2010.0,770.0,0.466,0.285,1.0,0.54,,,,,,,,,,,1.0,,,,0.0,0.0
Pakistan,PAK,29.0,2011.0,770.0,0.466,0.283,1.0,0.54,,,,,,,,,,,1.0,,,,0.0,0.0
Pakistan,PAK,29.0,2012.0,770.0,0.466,0.283,1.0,0.54,,,,,,,,,,,1.0,,,,0.0,0.0
Pakistan,PAK,29.0,2013.0,770.0,0.47,0.285,1.0,0.523,2.0,0.0,1.0,0.0,0.0,0.0,0.0,0.0,0.0,40.43,1.0,48.54,,,0.0,0.0
Pakistan,PAK,29.0,2014.0,770.0,0.469,0.283,1.0,0.516,,,,,,,,,,,1.0,,,,0.0,0.0
Pakistan,PAK,29.0,2015.0,770.0,0.441,0.264,1.0,0.494,,,,,,,,,,,1.0,,,,0.0,0.0
Pakistan,PAK,29.0,2016.0,770.0,0.429,0.258,1.0,0.501,,,,,,,,,,,1.0,,,,0.0,0.0
Pakistan,PAK,29.0,2017.0,770.0,0.419,0.257,1.0,0.52,,,,,,,,,,,1.0,,,,0.0,0.0
Pakistan,PAK,29.0,2018.0,770.0,0.395,0.25,1.0,0.549,2.0,0.0,1.0,0.0,0.0,0.0,0.0,0.0,0.0,40.67,1.0,43.57,,,0.0,0.0
Pakistan,PAK,29.0,2019.0,770.0,0.368,0.233,1.0,0.553,,,,,,,,,,,1.0,,,,0.0,0.0
Pakistan,PAK,29.0,2020.0,770.0,0.377,0.253,1.0,0.598,,,,,,,,,,,1.0,,,,0.0,0.0
Pakistan,PAK,29.0,2021.0,770.0,0.394,0.248,1.0,0.533,,,,,,,,,,,1.0,,,,0.0,0.0
Pakistan,PAK,29.0,2022.0,770.0,0.379,0.227,1.0,0.525,,,,,,,,,,,1.0,,,,0.0,0.0
Pakistan,PAK,29.0,2023.0,770.0,0.334,0.205,1.0,0.522,,,,,,,,,,,1.0,,,,0.0,0.0
Pakistan,PAK,29.0,2024.0,770.0,0.313,0.193,1.0,0.466,2.0,0.0,1.0,0.0,0.0,0.0,0.0,0.0,0.0,40.99,1.0,30.05,,,0.0,0.0
Pakistan,PAK,29.0,2025.0,770.0,0.302,0.176,1.0,0.424,,,,,,,,,,,1.0,,,,0.0,0.0
Peru,PER,30.0,1980.0,135.0,0.441,0.18,1.0,0.416,2.0,2.0,1.0,0.0,0.0,0.0,0.0,0.0,1.0,59.02,1.0,54.44,44.9,27.2,1.0,
Peru,PER,30.0,1981.0,135.0,0.667,0.461,2.0,0.594,,,,,,,,,,,1.0,,,,1.0,
Peru,PER,30.0,1982.0,135.0,0.663,0.451,2.0,0.594,,,,,,,,,,,1.0,,,,1.0,
Peru,PER,30.0,1983.0,135.0,0.663,0.452,2.0,0.594,,,,,,,,,,,1.0,,,,1.0,
Peru,PER,30.0,1984.0,135.0,0.663,0.452,2.0,0.594,,,,,,,,,,,1.0,,,,1.0,
Peru,PER,30.0,1985.0,135.0,0.654,0.43,2.0,0.594,2.0,2.0,1.0,0.0,0.0,0.0,0.0,0.0,1.0,73.43,1.0,59.44,53.1,24.7,1.0,
Peru,PER,30.0,1986.0,135.0,0.655,0.422,2.0,0.594,,,,,,,,,,,1.0,,,,1.0,
Peru,PER,30.0,1987.0,135.0,0.655,0.425,2.0,0.594,,,,,,,,,,,1.0,,,,1.0,
Peru,PER,30.0,1988.0,135.0,0.655,0.425,2.0,0.594,,,,,,,,,,,1.0,,,,1.0,
Peru,PER,30.0,1989.0,135.0,0.655,0.425,2.0,0.594,,,,,,,,,,,1.0,,,,1.0,
Peru,PER,30.0,1990.0,135.0,0.612,0.393,2.0,0.793,2.0,2.0,1.0,0.0,0.0,0.0,0.0,0.0,1.0,66.29,1.0,29.44,32.6,29.1,1.0,
Peru,PER,30.0,1991.0,135.0,0.59,0.39,2.0,0.812,,,,,,,,,,,1.0,,,,1.0,
Peru,PER,30.0,1992.0,135.0,0.249,0.115,0.0,0.516,0.0,0.0,1.0,0.0,0.0,0.0,0.0,0.0,0.0,,1.0,55.0,,,1.0,
Peru,PER,30.0,1993.0,135.0,0.252,0.095,0.0,0.224,,,,,,,,,,,1.0,,,,1.0,
Peru,PER,30.0,1994.0,135.0,0.246,0.094,0.0,0.224,,,,,,,,,,,1.0,,,,1.0,
Peru,PER,30.0,1995.0,135.0,0.285,0.106,1.0,0.224,0.0,0.0,1.0,0.0,0.0,0.0,0.0,0.0,1.0,66.39,1.0,55.83,64.3,21.5,1.0,
Peru,PER,30.0,1996.0,135.0,0.362,0.129,1.0,0.224,,,,,,,,,,,1.0,,,,1.0,
Peru,PER,30.0,1997.0,135.0,0.362,0.125,1.0,0.224,,,,,,,,,,,1.0,,,,1.0,
Peru,PER,30.0,1998.0,135.0,0.349,0.12,1.0,0.224,,,,,,,,,,,1.0,,,,1.0,
Peru,PER,30.0,1999.0,135.0,0.349,0.12,1.0,0.224,,,,,,,,,,,1.0,,,,1.0,
Peru,PER,30.0,2000.0,135.0,0.413,0.185,1.0,0.494,0.0,0.0,1.0,0.0,0.0,0.0,0.0,0.0,1.0,79.04,1.0,43.33,49.9,40.2,1.0,
Peru,PER,30.0,2001.0,135.0,0.723,0.567,2.0,0.715,2.0,2.0,1.0,0.0,0.0,0.0,0.0,0.0,1.0,79.48,1.0,37.5,36.5,25.8,1.0,
Peru,PER,30.0,2002.0,135.0,0.792,0.648,2.0,0.833,,,,,,,,,,,1.0,,,,1.0,
Peru,PER,30.0,2003.0,135.0,0.792,0.651,2.0,0.849,,,,,,,,,,,1.0,,,,1.0,
Peru,PER,30.0,2004.0,135.0,0.792,0.651,2.0,0.849,,,,,,,,,,,1.0,,,,1.0,
Peru,PER,30.0,2005.0,135.0,0.792,0.659,2.0,0.849,,,,,,,,,,,1.0,,,,1.0,
Peru,PER,30.0,2006.0,135.0,0.792,0.652,2.0,0.845,2.0,2.0,1.0,0.0,0.0,0.0,0.0,0.0,1.0,84.09,1.0,37.5,30.6,24.3,1.0,
Peru,PER,30.0,2007.0,135.0,0.796,0.647,2.0,0.795,,,,,,,,,,,1.0,,,,1.0,
Peru,PER,30.0,2008.0,135.0,0.801,0.65,2.0,0.795,,,,,,,,,,,1.0,,,,1.0,
Peru,PER,30.0,2009.0,135.0,0.8,0.649,2.0,0.795,,,,,,,,,,,1.0,,,,1.0,
Peru,PER,30.0,2010.0,135.0,0.804,0.658,2.0,0.802,,,,,,,,,,,1.0,,,,1.0,
Peru,PER,30.0,2011.0,135.0,0.812,0.67,2.0,0.827,2.0,2.0,1.0,0.0,0.0,0.0,0.0,0.0,1.0,87.41,1.0,36.15,31.7,15.6,1.0,
Peru,PER,30.0,2012.0,135.0,0.827,0.698,2.0,0.878,,,,,,,,,,,1.0,,,,1.0,
Peru,PER,30.0,2013.0,135.0,0.821,0.689,2.0,0.876,,,,,,,,,,,1.0,,,,1.0,
Peru,PER,30.0,2014.0,135.0,0.822,0.691,2.0,0.876,,,,,,,,,,,1.0,,,,1.0,
Peru,PER,30.0,2015.0,135.0,0.817,0.688,2.0,0.88,,,,,,,,,,,1.0,,,,1.0,
Peru,PER,30.0,2016.0,135.0,0.788,0.673,2.0,0.926,0.0,2.0,1.0,0.0,0.0,0.0,0.0,0.0,1.0,89.58,1.0,56.15,39.86,21.05,1.0,
Peru,PER,30.0,2017.0,135.0,0.789,0.677,2.0,0.951,,,,,,,,,,,1.0,,,,1.0,
Peru,PER,30.0,2018.0,135.0,0.81,0.698,2.0,0.965,,,,,,,,,,,1.0,,,,1.0,
Peru,PER,30.0,2019.0,135.0,0.801,0.694,2.0,0.961,,,,,,,,,,,1.0,,,,1.0,
Peru,PER,30.0,2020.0,135.0,0.818,0.706,2.0,0.969,0.0,0.0,1.0,0.0,0.0,0.0,0.0,0.0,0.0,82.8,1.0,19.23,,,1.0,
Peru,PER,30.0,2021.0,135.0,0.771,0.66,2.0,0.974,2.0,2.0,1.0,0.0,0.0,0.0,0.0,0.0,1.0,83.63,1.0,28.46,18.92,13.41,1.0,
Peru,PER,30.0,2022.0,135.0,0.733,0.621,2.0,0.973,,,,,,,,,,,1.0,,,,1.0,
Peru,PER,30.0,2023.0,135.0,0.7,0.572,2.0,0.852,,,,,,,,,,,1.0,,,,1.0,
Peru,PER,30.0,2024.0,135.0,0.642,0.501,2.0,0.777,,,,,,,,,,,1.0,,,,1.0,
Peru,PER,30.0,2025.0,135.0,0.667,0.506,2.0,0.786,,,,,,,,,,,1.0,,,,1.0,
Senegal,SEN,31.0,1980.0,433.0,0.417,0.317,1.0,0.663,,,,,,,,,,,1.0,,,,1.0,0.0
Senegal,SEN,31.0,1981.0,433.0,0.451,0.342,1.0,0.671,,,,,,,,,,,1.0,,,,1.0,0.0
Senegal,SEN,31.0,1982.0,433.0,0.467,0.353,1.0,0.671,,,,,,,,,,,1.0,,,,1.0,0.0
Senegal,SEN,31.0,1983.0,433.0,0.489,0.367,1.0,0.671,1.0,1.0,1.0,0.0,0.0,0.0,0.0,0.0,1.0,40.47,1.0,92.5,84.2,14.9,1.0,
Senegal,SEN,31.0,1984.0,433.0,0.492,0.369,1.0,0.671,,,,,,,,,,,1.0,,,,1.0,
Senegal,SEN,31.0,1985.0,433.0,0.492,0.369,1.0,0.671,,,,,,,,,,,1.0,,,,1.0,
Senegal,SEN,31.0,1986.0,433.0,0.492,0.369,1.0,0.671,,,,,,,,,,,1.0,,,,1.0,
Senegal,SEN,31.0,1987.0,433.0,0.492,0.369,1.0,0.671,,,,,,,,,,,1.0,,,,1.0,
Senegal,SEN,31.0,1988.0,433.0,0.492,0.37,1.0,0.671,0.0,0.0,1.0,0.0,0.0,0.0,0.0,0.0,1.0,38.03,1.0,85.83,73.2,25.8,1.0,
Senegal,SEN,31.0,1989.0,433.0,0.492,0.371,1.0,0.671,,,,,,,,,,,1.0,,,,1.0,
Senegal,SEN,31.0,1990.0,433.0,0.505,0.381,2.0,0.685,,,,,,,,,,,1.0,,,,1.0,
Senegal,SEN,31.0,1991.0,433.0,0.522,0.389,2.0,0.685,,,,,,,,,,,1.0,,,,1.0,0.0
Senegal,SEN,31.0,1992.0,433.0,0.53,0.396,2.0,0.685,,,,,,,,,,,1.0,,,,1.0,0.0
Senegal,SEN,31.0,1993.0,433.0,0.61,0.448,2.0,0.685,0.0,0.0,1.0,0.0,0.0,0.0,0.0,0.0,1.0,32.87,1.0,70.0,58.4,32.0,1.0,0.0
Senegal,SEN,31.0,1994.0,433.0,0.627,0.463,2.0,0.685,,,,,,,,,,,1.0,,,,1.0,0.0
Senegal,SEN,31.0,1995.0,433.0,0.635,0.468,2.0,0.685,,,,,,,,,,,1.0,,,,1.0,0.0
Senegal,SEN,31.0,1996.0,433.0,0.638,0.471,2.0,0.685,,,,,,,,,,,1.0,,,,1.0,0.0
Senegal,SEN,31.0,1997.0,433.0,0.638,0.472,2.0,0.685,,,,,,,,,,,1.0,,,,1.0,0.0
Senegal,SEN,31.0,1998.0,433.0,0.641,0.474,2.0,0.685,1.0,0.0,1.0,0.0,0.0,0.0,0.0,0.0,0.0,27.54,1.0,66.43,,,1.0,0.0
Senegal,SEN,31.0,1999.0,433.0,0.642,0.475,2.0,0.685,,,,,,,,,,,1.0,,,,1.0,0.0
Senegal,SEN,31.0,2000.0,433.0,0.679,0.509,2.0,0.734,0.0,2.0,0.0,0.0,0.0,0.0,0.0,0.0,1.0,37.37,1.0,,41.3,31.0,1.0,0.0
Senegal,SEN,31.0,2001.0,433.0,0.602,0.441,2.0,0.677,0.0,0.0,1.0,0.0,0.0,0.0,0.0,0.0,0.0,40.99,1.0,74.17,,,1.0,1.0
Senegal,SEN,31.0,2002.0,433.0,0.685,0.536,2.0,0.798,,,,,,,,,,,1.0,,,,1.0,0.0
Senegal,SEN,31.0,2003.0,433.0,0.685,0.536,2.0,0.798,,,,,,,,,,,1.0,,,,1.0,0.0
Senegal,SEN,31.0,2004.0,433.0,0.685,0.536,2.0,0.798,,,,,,,,,,,1.0,,,,1.0,0.0
Senegal,SEN,31.0,2005.0,433.0,0.685,0.536,2.0,0.798,,,,,,,,,,,1.0,,,,1.0,0.0
Senegal,SEN,31.0,2006.0,433.0,0.685,0.536,2.0,0.798,,,,,,,,,,,1.0,,,,1.0,0.0
Senegal,SEN,31.0,2007.0,433.0,0.672,0.523,2.0,0.798,2.0,0.0,1.0,0.0,0.0,0.0,0.0,0.0,1.0,55.11,1.0,87.33,55.9,14.9,1.0,0.0
Senegal,SEN,31.0,2008.0,433.0,0.674,0.526,2.0,0.798,,,,,,,,,,,1.0,,,,1.0,0.0
Senegal,SEN,31.0,2009.0,433.0,0.668,0.52,2.0,0.798,,,,,,,,,,,1.0,,,,1.0,0.0
Senegal,SEN,31.0,2010.0,433.0,0.684,0.532,2.0,0.798,,,,,,,,,,,1.0,,,,1.0,0.0
Senegal,SEN,31.0,2011.0,433.0,0.684,0.532,2.0,0.798,,,,,,,,,,,1.0,,,,1.0,0.0
Senegal,SEN,31.0,2012.0,433.0,0.696,0.54,2.0,0.803,0.0,2.0,1.0,0.0,0.0,0.0,0.0,0.0,1.0,44.83,1.0,79.33,34.8,26.6,1.0,0.0
Senegal,SEN,31.0,2013.0,433.0,0.722,0.585,2.0,0.824,,,,,,,,,,,1.0,,,,1.0,1.0
Senegal,SEN,31.0,2014.0,433.0,0.726,0.584,2.0,0.824,,,,,,,,,,,1.0,,,,1.0,0.0
Senegal,SEN,31.0,2015.0,433.0,0.726,0.586,2.0,0.814,,,,,,,,,,,1.0,,,,1.0,0.0
Senegal,SEN,31.0,2016.0,433.0,0.726,0.578,2.0,0.814,,,,,,,,,,,1.0,,,,1.0,0.0
Senegal,SEN,31.0,2017.0,433.0,0.701,0.556,2.0,0.795,0.0,0.0,1.0,0.0,0.0,0.0,0.0,0.0,0.0,43.94,1.0,75.76,,,1.0,0.0
Senegal,SEN,31.0,2018.0,433.0,0.688,0.536,2.0,0.802,,,,,,,,,,,1.0,,,,1.0,0.0
Senegal,SEN,31.0,2019.0,433.0,0.697,0.543,2.0,0.802,0.0,0.0,0.0,0.0,0.0,0.0,0.0,0.0,1.0,54.87,1.0,,58.26,20.51,1.0,
Senegal,SEN,31.0,2020.0,433.0,0.728,0.563,2.0,0.719,,,,,,,,,,,1.0,,,,1.0,
Senegal,SEN,31.0,2021.0,433.0,0.714,0.558,2.0,0.706,,,,,,,,,,,1.0,,,,1.0,
Senegal,SEN,31.0,2022.0,433.0,0.686,0.536,2.0,0.727,0.0,0.0,1.0,0.0,0.0,0.0,0.0,0.0,0.0,36.92,1.0,49.7,,,1.0,0.0
Senegal,SEN,31.0,2023.0,433.0,0.625,0.474,2.0,0.727,,,,,,,,,,,1.0,,,,1.0,0.0
Senegal,SEN,31.0,2024.0,433.0,0.605,0.461,2.0,0.722,2.0,2.0,1.0,0.0,0.0,0.0,0.0,0.0,1.0,45.65,1.0,78.78,54.28,35.79,1.0,0.0
Senegal,SEN,31.0,2025.0,433.0,0.633,0.484,2.0,0.722,,,,,,,,,,,1.0,,,,1.0,0.0
South Sudan,SSD,32.0,2011.0,626.0,0.194,0.1,0.0,0.402,,,,,,,,,,,1.0,,,,1.0,
South Sudan,SSD,32.0,2012.0,626.0,0.194,0.1,0.0,0.402,,,,,,,,,,,1.0,,,,1.0,
South Sudan,SSD,32.0,2013.0,626.0,0.169,0.075,0.0,0.316,,,,,,,,,,,1.0,,,,1.0,
South Sudan,SSD,32.0,2014.0,626.0,0.164,0.068,0.0,0.316,,,,,,,,,,,1.0,,,,1.0,
South Sudan,SSD,32.0,2015.0,626.0,0.166,0.066,0.0,0.316,,,,,,,,,,,1.0,,,,1.0,
South Sudan,SSD,32.0,2016.0,626.0,0.158,0.053,0.0,0.209,,,,,,,,,,,1.0,,,,1.0,
South Sudan,SSD,32.0,2017.0,626.0,0.157,0.059,0.0,0.268,,,,,,,,,,,1.0,,,,1.0,
South Sudan,SSD,32.0,2018.0,626.0,0.153,0.053,0.0,0.268,,,,,,,,,,,1.0,,,,1.0,
South Sudan,SSD,32.0,2019.0,626.0,0.16,0.064,0.0,0.231,,,,,,,,,,,1.0,,,,1.0,
South Sudan,SSD,32.0,2020.0,626.0,0.169,0.069,0.0,0.231,,,,,,,,,,,1.0,,,,1.0,
South Sudan,SSD,32.0,2021.0,626.0,0.137,0.058,0.0,0.231,,,,,,,,,,,1.0,,,,1.0,
South Sudan,SSD,32.0,2022.0,626.0,0.13,0.063,0.0,0.231,,,,,,,,,,,1.0,,,,1.0,
South Sudan,SSD,32.0,2023.0,626.0,0.167,0.07,0.0,0.231,,,,,,,,,,,1.0,,,,1.0,
South Sudan,SSD,32.0,2024.0,626.0,0.154,0.071,0.0,0.231,,,,,,,,,,,1.0,,,,1.0,
South Sudan,SSD,32.0,2025.0,626.0,0.133,0.064,0.0,0.236,,,,,,,,,,,1.0,,,,1.0,
Sudan,SDN,33.0,1980.0,625.0,0.172,0.077,1.0,0.155,0.0,0.0,1.0,0.0,0.0,0.0,0.0,0.0,0.0,,1.0,100.0,,,1.0,
Sudan,SDN,33.0,1981.0,625.0,0.184,0.081,1.0,0.155,0.0,0.0,1.0,0.0,0.0,0.0,0.0,0.0,0.0,,1.0,100.0,,,1.0,
Sudan,SDN,33.0,1982.0,625.0,0.163,0.074,1.0,0.155,,,,,,,,,,,1.0,,,,1.0,
Sudan,SDN,33.0,1983.0,625.0,0.183,0.078,1.0,0.155,0.0,0.0,0.0,0.0,0.0,0.0,0.0,0.0,1.0,,1.0,,99.6,,1.0,
Sudan,SDN,33.0,1984.0,625.0,0.197,0.083,1.0,0.155,,,,,,,,,,,1.0,,,,1.0,
Sudan,SDN,33.0,1985.0,625.0,0.209,0.101,0.0,0.35,,,,,,,,,,,1.0,,,,0.0,0.0
Sudan,SDN,33.0,1986.0,625.0,0.331,0.146,1.0,0.207,2.0,0.0,1.0,0.0,0.0,0.0,0.0,0.0,0.0,,1.0,33.22,,,0.0,0.0
Sudan,SDN,33.0,1987.0,625.0,0.371,0.164,1.0,0.2,,,,,,,,,,,1.0,,,,0.0,0.0
Sudan,SDN,33.0,1988.0,625.0,0.371,0.162,1.0,0.2,,,,,,,,,,,1.0,,,,0.0,0.0
Sudan,SDN,33.0,1989.0,625.0,0.169,0.06,0.0,0.498,,,,,,,,,,,1.0,,,,1.0,
Sudan,SDN,33.0,1990.0,625.0,0.086,0.012,0.0,0.381,,,,,,,,,,,1.0,,,,1.0,
Sudan,SDN,33.0,1991.0,625.0,0.086,0.012,0.0,0.381,,,,,,,,,,,1.0,,,,1.0,
Sudan,SDN,33.0,1992.0,625.0,0.088,0.02,0.0,0.094,,,,,,,,,,,1.0,,,,1.0,
Sudan,SDN,33.0,1993.0,625.0,0.088,0.018,0.0,0.056,,,,,,,,,,,1.0,,,,1.0,
Sudan,SDN,33.0,1994.0,625.0,0.088,0.018,0.0,0.056,,,,,,,,,,,1.0,,,,1.0,
Sudan,SDN,33.0,1995.0,625.0,0.088,0.018,0.0,0.056,,,,,,,,,,,1.0,,,,1.0,
Sudan,SDN,33.0,1996.0,625.0,0.136,0.024,1.0,0.056,0.0,0.0,1.0,0.0,0.0,0.0,0.0,0.0,1.0,,1.0,,75.7,2.4,1.0,
Sudan,SDN,33.0,1997.0,625.0,0.151,0.026,1.0,0.056,,,,,,,,,,,1.0,,,,1.0,
Sudan,SDN,33.0,1998.0,625.0,0.151,0.026,1.0,0.056,,,,,,,,,,,1.0,,,,1.0,
Sudan,SDN,33.0,1999.0,625.0,0.149,0.034,1.0,0.164,,,,,,,,,,,1.0,,,,1.0,
Sudan,SDN,33.0,2000.0,625.0,0.131,0.018,1.0,0.193,0.0,0.0,1.0,0.0,0.0,0.0,0.0,0.0,1.0,,1.0,98.61,86.5,9.6,1.0,
Sudan,SDN,33.0,2001.0,625.0,0.172,0.037,1.0,0.14,,,,,,,,,,,1.0,,,,1.0,
Sudan,SDN,33.0,2002.0,625.0,0.173,0.037,1.0,0.14,,,,,,,,,,,1.0,,,,1.0,
Sudan,SDN,33.0,2003.0,625.0,0.173,0.037,1.0,0.14,,,,,,,,,,,1.0,,,,1.0,
Sudan,SDN,33.0,2004.0,625.0,0.179,0.04,1.0,0.14,,,,,,,,,,,1.0,,,,1.0,
Sudan,SDN,33.0,2005.0,625.0,0.198,0.061,1.0,0.224,,,,,,,,,,,1.0,,,,1.0,
Sudan,SDN,33.0,2006.0,625.0,0.199,0.061,1.0,0.224,,,,,,,,,,,1.0,,,,1.0,
Sudan,SDN,33.0,2007.0,625.0,0.198,0.063,1.0,0.224,,,,,,,,,,,1.0,,,,1.0,
Sudan,SDN,33.0,2008.0,625.0,0.201,0.064,1.0,0.224,,,,,,,,,,,1.0,,,,1.0,
Sudan,SDN,33.0,2009.0,625.0,0.202,0.063,1.0,0.224,,,,,,,,,,,1.0,,,,1.0,
Sudan,SDN,33.0,2010.0,625.0,0.213,0.066,1.0,0.233,0.0,0.0,1.0,0.0,0.0,0.0,0.0,0.0,1.0,64.11,1.0,72.0,68.2,21.7,1.0,
Sudan,SDN,33.0,2011.0,625.0,0.212,0.057,1.0,0.204,,,,,,,,,,,1.0,,,,1.0,
Sudan,SDN,33.0,2012.0,625.0,0.211,0.06,1.0,0.243,,,,,,,,,,,1.0,,,,1.0,
Sudan,SDN,33.0,2013.0,625.0,0.212,0.063,1.0,0.243,,,,,,,,,,,1.0,,,,1.0,
Sudan,SDN,33.0,2014.0,625.0,0.212,0.062,1.0,0.243,,,,,,,,,,,1.0,,,,1.0,
Sudan,SDN,33.0,2015.0,625.0,0.22,0.064,1.0,0.243,0.0,0.0,1.0,0.0,0.0,0.0,0.0,0.0,1.0,30.97,1.0,75.82,94.05,1.43,1.0,
Sudan,SDN,33.0,2016.0,625.0,0.219,0.064,1.0,0.243,,,,,,,,,,,1.0,,,,1.0,
Sudan,SDN,33.0,2017.0,625.0,0.226,0.074,1.0,0.252,,,,,,,,,,,1.0,,,,0.5,0.0
Sudan,SDN,33.0,2018.0,625.0,0.227,0.068,1.0,0.219,,,,,,,,,,,1.0,,,,0.5,0.0
Sudan,SDN,33.0,2019.0,625.0,0.193,0.066,1.0,0.239,,,,,,,,,,,1.0,,,,0.5,0.0
Sudan,SDN,33.0,2020.0,625.0,0.167,0.054,0.0,0.343,,,,,,,,,,,1.0,,,,0.5,0.0
Sudan,SDN,33.0,2021.0,625.0,0.163,0.051,0.0,0.343,,,,,,,,,,,1.0,,,,1.0,0.0
Sudan,SDN,33.0,2022.0,625.0,0.158,0.048,0.0,0.343,,,,,,,,,,,1.0,,,,1.0,0.0
Sudan,SDN,33.0,2023.0,625.0,0.139,0.039,0.0,,,,,,,,,,,,1.0,,,,1.0,0.0
Sudan,SDN,33.0,2024.0,625.0,0.137,0.03,0.0,,,,,,,,,,,,1.0,,,,1.0,0.0
Sudan,SDN,33.0,2025.0,625.0,0.13,0.034,0.0,,,,,,,,,,,,1.0,,,,1.0,0.0
Vietnam,VNM,34.0,1980.0,816.0,0.149,0.06,0.0,0.281,,,,,,,,,,,1.0,,,,0.0,0.0
Vietnam,VNM,34.0,1981.0,816.0,0.146,0.059,0.0,0.281,0.0,0.0,1.0,0.0,0.0,0.0,0.0,0.0,0.0,,1.0,100.0,,,0.0,0.0
Vietnam,VNM,34.0,1982.0,816.0,0.144,0.059,0.0,0.281,,,,,,,,,,,1.0,,,,0.0,0.0
Vietnam,VNM,34.0,1983.0,816.0,0.144,0.059,0.0,0.281,,,,,,,,,,,1.0,,,,0.0,0.0
Vietnam,VNM,34.0,1984.0,816.0,0.144,0.059,0.0,0.281,,,,,,,,,,,1.0,,,,0.0,0.0
Vietnam,VNM,34.0,1985.0,816.0,0.144,0.059,0.0,0.281,,,,,,,,,,,1.0,,,,0.0,0.0
Vietnam,VNM,34.0,1986.0,816.0,0.154,0.065,0.0,0.281,,,,,,,,,,,1.0,,,,0.0,0.0
Vietnam,VNM,34.0,1987.0,816.0,0.163,0.069,0.0,0.281,0.0,0.0,1.0,1.0,0.0,0.0,0.0,0.0,0.0,,1.0,100.0,,,0.0,0.0
Vietnam,VNM,34.0,1988.0,816.0,0.165,0.069,0.0,0.281,,,,,,,,,,,1.0,,,,0.0,0.0
Vietnam,VNM,34.0,1989.0,816.0,0.161,0.069,0.0,0.281,,,,,,,,,,,1.0,,,,0.0,0.0
Vietnam,VNM,34.0,1990.0,816.0,0.154,0.073,0.0,0.281,,,,,,,,,,,1.0,,,,0.0,0.0
Vietnam,VNM,34.0,1991.0,816.0,0.155,0.075,0.0,0.281,,,,,,,,,,,1.0,,,,0.0,0.0
Vietnam,VNM,34.0,1992.0,816.0,0.153,0.077,0.0,0.281,0.0,0.0,1.0,0.0,0.0,0.0,0.0,0.0,0.0,95.27,1.0,100.0,,,0.0,0.0
Vietnam,VNM,34.0,1993.0,816.0,0.15,0.076,0.0,0.27,,,,,,,,,,,1.0,,,,0.0,0.0
Vietnam,VNM,34.0,1994.0,816.0,0.15,0.08,0.0,0.297,,,,,,,,,,,1.0,,,,0.0,0.0
Vietnam,VNM,34.0,1995.0,816.0,0.15,0.08,0.0,0.297,,,,,,,,,,,1.0,,,,0.0,0.0
Vietnam,VNM,34.0,1996.0,816.0,0.153,0.082,0.0,0.335,,,,,,,,,,,1.0,,,,0.0,0.0
Vietnam,VNM,34.0,1997.0,816.0,0.153,0.082,0.0,0.335,0.0,0.0,1.0,0.0,0.0,0.0,0.0,0.0,0.0,97.87,1.0,99.33,,,0.0,0.0
Vietnam,VNM,34.0,1998.0,816.0,0.153,0.083,0.0,0.335,,,,,,,,,,,1.0,,,,0.0,0.0
Vietnam,VNM,34.0,1999.0,816.0,0.153,0.089,0.0,0.335,,,,,,,,,,,1.0,,,,0.0,0.0
Vietnam,VNM,34.0,2000.0,816.0,0.152,0.092,0.0,0.335,,,,,,,,,,,1.0,,,,0.0,0.0
Vietnam,VNM,34.0,2001.0,816.0,0.152,0.092,0.0,0.335,,,,,,,,,,,1.0,,,,0.0,0.0
Vietnam,VNM,34.0,2002.0,816.0,0.148,0.092,0.0,0.339,0.0,0.0,1.0,0.0,0.0,0.0,0.0,0.0,0.0,100.79,1.0,89.76,,,0.0,0.0
Vietnam,VNM,34.0,2003.0,816.0,0.146,0.092,0.0,0.339,,,,,,,,,,,1.0,,,,0.0,0.0
Vietnam,VNM,34.0,2004.0,816.0,0.147,0.091,0.0,0.339,,,,,,,,,,,1.0,,,,0.0,0.0
Vietnam,VNM,34.0,2005.0,816.0,0.147,0.103,0.0,0.339,,,,,,,,,,,1.0,,,,0.0,0.0
Vietnam,VNM,34.0,2006.0,816.0,0.148,0.104,0.0,0.339,,,,,,,,,,,1.0,,,,0.0,0.0
Vietnam,VNM,34.0,2007.0,816.0,0.149,0.105,0.0,0.339,0.0,0.0,1.0,0.0,0.0,0.0,0.0,0.0,0.0,,1.0,91.28,,,0.0,0.0
Vietnam,VNM,34.0,2008.0,816.0,0.149,0.105,0.0,0.339,,,,,,,,,,,1.0,,,,0.0,0.0
Vietnam,VNM,34.0,2009.0,816.0,0.148,0.105,0.0,0.339,,,,,,,,,,,1.0,,,,0.0,0.0
Vietnam,VNM,34.0,2010.0,816.0,0.149,0.105,0.0,0.339,,,,,,,,,,,1.0,,,,0.0,0.0
Vietnam,VNM,34.0,2011.0,816.0,0.149,0.104,0.0,0.339,0.0,0.0,1.0,0.0,0.0,0.0,0.0,0.0,0.0,98.97,1.0,90.8,,,0.0,0.0
Vietnam,VNM,34.0,2012.0,816.0,0.149,0.105,0.0,0.339,,,,,,,,,,,1.0,,,,0.0,0.0
Vietnam,VNM,34.0,2013.0,816.0,0.147,0.113,0.0,0.409,,,,,,,,,,,1.0,,,,0.0,0.0
Vietnam,VNM,34.0,2014.0,816.0,0.147,0.115,0.0,0.409,,,,,,,,,,,1.0,,,,0.0,0.0
Vietnam,VNM,34.0,2015.0,816.0,0.148,0.115,0.0,0.409,,,,,,,,,,,1.0,,,,0.0,0.0
Vietnam,VNM,34.0,2016.0,816.0,0.15,0.117,0.0,0.419,0.0,0.0,1.0,0.0,0.0,0.0,0.0,0.0,0.0,98.32,1.0,94.6,,,0.0,0.0
Vietnam,VNM,34.0,2017.0,816.0,0.15,0.115,0.0,0.405,,,,,,,,,,,1.0,,,,0.0,0.0
Vietnam,VNM,34.0,2018.0,816.0,0.161,0.113,1.0,0.405,,,,,,,,,,,1.0,,,,1.0,0.0
Vietnam,VNM,34.0,2019.0,816.0,0.211,0.117,1.0,0.357,,,,,,,,,,,1.0,,,,1.0,0.0
Vietnam,VNM,34.0,2020.0,816.0,0.211,0.106,1.0,0.27,,,,,,,,,,,1.0,,,,1.0,0.0
Vietnam,VNM,34.0,2021.0,816.0,0.169,0.109,0.0,0.389,0.0,0.0,1.0,0.0,0.0,0.0,0.0,0.0,0.0,94.06,1.0,97.0,,,0.0,0.0
Vietnam,VNM,34.0,2022.0,816.0,0.152,0.106,0.0,0.452,,,,,,,,,,,1.0,,,,0.0,0.0
Vietnam,VNM,34.0,2023.0,816.0,0.148,0.111,0.0,0.508,,,,,,,,,,,1.0,,,,0.0,0.0
Vietnam,VNM,34.0,2024.0,816.0,0.159,0.109,0.0,0.406,,,,,,,,,,,1.0,,,,0.0,0.0
Vietnam,VNM,34.0,2025.0,816.0,0.146,0.102,0.0,0.388,,,,,,,,,,,1.0,,,,0.0,0.0
Afghanistan,AFG,36.0,1980.0,700.0,0.084,0.042,0.0,0.174,,,,,,,,,,,1.0,,,,1.0,
Afghanistan,AFG,36.0,1981.0,700.0,0.084,0.044,0.0,0.174,,,,,,,,,,,1.0,,,,0.5,0.0
Afghanistan,AFG,36.0,1982.0,700.0,0.084,0.045,0.0,0.174,,,,,,,,,,,1.0,,,,0.5,0.0
Afghanistan,AFG,36.0,1983.0,700.0,0.084,0.045,0.0,0.174,,,,,,,,,,,1.0,,,,0.5,0.0
Afghanistan,AFG,36.0,1984.0,700.0,0.084,0.045,0.0,0.174,,,,,,,,,,,1.0,,,,0.5,0.0
Afghanistan,AFG,36.0,1985.0,700.0,0.084,0.045,0.0,0.174,,,,,,,,,,,1.0,,,,0.5,0.0
Afghanistan,AFG,36.0,1986.0,700.0,0.084,0.045,0.0,0.174,,,,,,,,,,,1.0,,,,0.5,0.0
Afghanistan,AFG,36.0,1987.0,700.0,0.085,0.045,0.0,0.174,,,,,,,,,,,1.0,,,,0.5,0.0
Afghanistan,AFG,36.0,1988.0,700.0,0.091,0.047,0.0,0.174,2.0,0.0,1.0,0.0,0.0,0.0,0.0,0.0,0.0,,1.0,100.0,,,0.5,0.0
Afghanistan,AFG,36.0,1989.0,700.0,0.094,0.047,0.0,0.174,,,,,,,,,,,1.0,,,,0.5,0.0
Afghanistan,AFG,36.0,1990.0,700.0,0.094,0.045,0.0,0.174,,,,,,,,,,,1.0,,,,0.5,0.0
Afghanistan,AFG,36.0,1991.0,700.0,0.094,0.041,0.0,0.174,,,,,,,,,,,1.0,,,,0.5,0.0
Afghanistan,AFG,36.0,1992.0,700.0,0.095,0.033,0.0,0.209,,,,,,,,,,,1.0,,,,0.5,0.0
Afghanistan,AFG,36.0,1993.0,700.0,0.093,0.023,0.0,,,,,,,,,,,,1.0,,,,0.5,0.0
Afghanistan,AFG,36.0,1994.0,700.0,0.093,0.023,0.0,,,,,,,,,,,,1.0,,,,0.5,0.0
Afghanistan,AFG,36.0,1995.0,700.0,0.093,0.022,0.0,,,,,,,,,,,,1.0,,,,0.5,0.0
Afghanistan,AFG,36.0,1996.0,700.0,0.076,0.019,0.0,,,,,,,,,,,,1.0,,,,0.5,0.0
Afghanistan,AFG,36.0,1997.0,700.0,0.073,0.022,0.0,,,,,,,,,,,,1.0,,,,1.0,
Afghanistan,AFG,36.0,1998.0,700.0,0.073,0.022,0.0,,,,,,,,,,,,1.0,,,,1.0,
Afghanistan,AFG,36.0,1999.0,700.0,0.073,0.022,0.0,,,,,,,,,,,,1.0,,,,1.0,
Afghanistan,AFG,36.0,2000.0,700.0,0.073,0.022,0.0,,,,,,,,,,,,1.0,,,,1.0,
Afghanistan,AFG,36.0,2001.0,700.0,0.083,0.028,0.0,,,,,,,,,,,,1.0,,,,1.0,
Afghanistan,AFG,36.0,2002.0,700.0,0.218,0.085,0.0,,,,,,,,,,,,1.0,,,,1.0,
Afghanistan,AFG,36.0,2003.0,700.0,0.224,0.085,0.0,,,,,,,,,,,,1.0,,,,1.0,
Afghanistan,AFG,36.0,2004.0,700.0,0.235,0.089,1.0,,0.0,2.0,0.0,0.0,0.0,0.0,0.0,0.0,1.0,67.54,1.0,,55.4,16.3,1.0,
Afghanistan,AFG,36.0,2005.0,700.0,0.311,0.111,1.0,0.471,2.0,0.0,1.0,0.0,0.0,0.0,0.0,0.0,0.0,51.71,1.0,,,,1.0,
Afghanistan,AFG,36.0,2006.0,700.0,0.364,0.192,1.0,0.571,,,,,,,,,,,1.0,,,,1.0,
Afghanistan,AFG,36.0,2007.0,700.0,0.364,0.193,1.0,0.591,,,,,,,,,,,1.0,,,,1.0,
Afghanistan,AFG,36.0,2008.0,700.0,0.368,0.196,1.0,0.585,,,,,,,,,,,1.0,,,,1.0,
Afghanistan,AFG,36.0,2009.0,700.0,0.361,0.196,1.0,0.608,0.0,0.0,0.0,0.0,0.0,0.0,0.0,0.0,1.0,35.06,1.0,,49.7,30.6,1.0,
Afghanistan,AFG,36.0,2010.0,700.0,0.347,0.192,1.0,0.624,2.0,0.0,1.0,0.0,0.0,0.0,0.0,0.0,0.0,29.71,1.0,,,,1.0,
Afghanistan,AFG,36.0,2011.0,700.0,0.346,0.192,1.0,0.624,,,,,,,,,,,1.0,,,,1.0,
Afghanistan,AFG,36.0,2012.0,700.0,0.35,0.194,1.0,0.624,,,,,,,,,,,1.0,,,,1.0,
Afghanistan,AFG,36.0,2013.0,700.0,0.345,0.194,1.0,0.675,,,,,,,,,,,1.0,,,,1.0,
Afghanistan,AFG,36.0,2014.0,700.0,0.35,0.199,1.0,0.704,1.0,1.0,0.0,0.0,0.0,0.0,0.0,0.0,1.0,50.03,1.0,,31.56,45.0,1.0,
Afghanistan,AFG,36.0,2015.0,700.0,0.348,0.201,1.0,0.707,,,,,,,,,,,1.0,,,,1.0,
Afghanistan,AFG,36.0,2016.0,700.0,0.34,0.188,1.0,0.698,,,,,,,,,,,1.0,,,,1.0,
Afghanistan,AFG,36.0,2017.0,700.0,0.334,0.183,1.0,0.635,,,,,,,,,,,1.0,,,,1.0,
Afghanistan,AFG,36.0,2018.0,700.0,0.33,0.176,1.0,0.572,0.0,0.0,1.0,0.0,0.0,0.0,0.0,0.0,0.0,21.81,1.0,,,,1.0,
Afghanistan,AFG,36.0,2019.0,700.0,0.329,0.162,1.0,0.459,0.0,0.0,0.0,0.0,0.0,0.0,0.0,0.0,1.0,9.63,1.0,,50.64,39.52,1.0,
Afghanistan,AFG,36.0,2020.0,700.0,0.336,0.167,1.0,0.482,,,,,,,,,,,1.0,,,,1.0,
Afghanistan,AFG,36.0,2021.0,700.0,0.144,0.041,1.0,0.243,,,,,,,,,,,1.0,,,,1.0,0.0
Afghanistan,AFG,36.0,2022.0,700.0,0.076,0.011,0.0,0.174,,,,,,,,,,,1.0,,,,1.0,0.0
Afghanistan,AFG,36.0,2023.0,700.0,0.073,0.015,0.0,0.174,,,,,,,,,,,1.0,,,,1.0,0.0
Afghanistan,AFG,36.0,2024.0,700.0,0.08,0.014,0.0,0.174,,,,,,,,,,,1.0,,,,1.0,0.0
Afghanistan,AFG,36.0,2025.0,700.0,0.069,0.018,0.0,,,,,,,,,,,,1.0,,,,1.0,0.0
Argentina,ARG,37.0,1980.0,160.0,0.071,0.051,0.0,,,,,,,,,,,,1.0,,,,1.0,
Argentina,ARG,37.0,1981.0,160.0,0.071,0.051,0.0,,,,,,,,,,,,1.0,,,,1.0,
Argentina,ARG,37.0,1982.0,160.0,0.074,0.051,0.0,,,,,,,,,,,,1.0,,,,1.0,
Argentina,ARG,37.0,1983.0,160.0,0.267,0.206,1.0,0.615,2.0,2.0,1.0,0.0,0.0,0.0,0.0,0.0,1.0,77.52,1.0,50.79,48.8,39.1,1.0,
Argentina,ARG,37.0,1984.0,160.0,0.83,0.674,2.0,0.683,,,,,,,,,,,1.0,,,,1.0,
Argentina,ARG,37.0,1985.0,160.0,0.829,0.674,2.0,0.683,0.0,0.0,1.0,0.0,0.0,0.0,0.0,0.0,0.0,77.76,1.0,51.18,,,1.0,
Argentina,ARG,37.0,1986.0,160.0,0.825,0.672,2.0,0.683,,,,,,,,,,,1.0,,,,1.0,
Argentina,ARG,37.0,1987.0,160.0,0.827,0.672,2.0,0.683,0.0,0.0,1.0,0.0,0.0,0.0,0.0,0.0,0.0,80.14,1.0,46.06,,,1.0,
Argentina,ARG,37.0,1988.0,160.0,0.831,0.672,2.0,0.683,,,,,,,,,,,1.0,,,,1.0,
Argentina,ARG,37.0,1989.0,160.0,0.828,0.67,2.0,0.713,2.0,2.0,1.0,0.0,0.0,0.0,0.0,0.0,1.0,82.82,1.0,47.24,47.5,32.5,1.0,
Argentina,ARG,37.0,1990.0,160.0,0.826,0.617,2.0,0.655,,,,,,,,,,,1.0,,,,1.0,
Argentina,ARG,37.0,1991.0,160.0,0.829,0.63,2.0,0.683,0.0,0.0,1.0,0.0,0.0,0.0,0.0,0.0,0.0,89.41,1.0,45.14,,,1.0,
Argentina,ARG,37.0,1992.0,160.0,0.829,0.631,2.0,0.683,,,,,,,,,,,1.0,,,,1.0,
Argentina,ARG,37.0,1993.0,160.0,0.829,0.63,2.0,0.683,0.0,0.0,1.0,0.0,0.0,0.0,0.0,0.0,0.0,78.09,1.0,49.42,,,1.0,
Argentina,ARG,37.0,1994.0,160.0,0.834,0.633,2.0,0.683,0.0,0.0,0.0,0.0,0.0,0.0,1.0,0.0,0.0,,1.0,,,,1.0,
Argentina,ARG,37.0,1995.0,160.0,0.833,0.641,2.0,0.726,0.0,0.0,1.0,0.0,0.0,0.0,0.0,0.0,1.0,79.77,1.0,50.97,49.9,29.3,1.0,
Argentina,ARG,37.0,1996.0,160.0,0.83,0.634,2.0,0.699,,,,,,,,,,,1.0,,,,1.0,
Argentina,ARG,37.0,1997.0,160.0,0.829,0.634,2.0,0.699,0.0,0.0,1.0,0.0,0.0,0.0,0.0,0.0,0.0,78.07,1.0,46.3,,,1.0,
Argentina,ARG,37.0,1998.0,160.0,0.828,0.634,2.0,0.699,,,,,,,,,,,1.0,,,,1.0,
Argentina,ARG,37.0,1999.0,160.0,0.828,0.64,2.0,0.699,2.0,2.0,1.0,0.0,0.0,0.0,0.0,0.0,1.0,79.38,1.0,46.3,48.4,38.7,1.0,
Argentina,ARG,37.0,2000.0,160.0,0.833,0.67,2.0,0.727,,,,,,,,,,,1.0,,,,1.0,
Argentina,ARG,37.0,2001.0,160.0,0.833,0.674,2.0,0.763,0.0,0.0,1.0,0.0,0.0,0.0,0.0,0.0,0.0,72.99,1.0,51.97,,,1.0,
Argentina,ARG,37.0,2002.0,160.0,0.826,0.661,2.0,0.755,,,,,,,,,,,1.0,,,,1.0,
Argentina,ARG,37.0,2003.0,160.0,0.807,0.638,2.0,0.755,2.0,2.0,1.0,0.0,0.0,0.0,0.0,0.0,1.0,76.93,1.0,50.0,24.5,22.2,1.0,
Argentina,ARG,37.0,2004.0,160.0,0.795,0.632,2.0,0.755,,,,,,,,,,,1.0,,,,1.0,
Argentina,ARG,37.0,2005.0,160.0,0.793,0.625,2.0,0.745,0.0,0.0,1.0,0.0,0.0,0.0,0.0,0.0,0.0,70.73,1.0,49.61,,,1.0,
Argentina,ARG,37.0,2006.0,160.0,0.78,0.614,2.0,0.745,,,,,,,,,,,1.0,,,,1.0,
Argentina,ARG,37.0,2007.0,160.0,0.781,0.61,2.0,0.729,1.0,1.0,1.0,0.0,0.0,0.0,0.0,0.0,1.0,72.24,1.0,64.62,45.3,23.0,1.0,
Argentina,ARG,37.0,2008.0,160.0,0.766,0.59,2.0,0.734,,,,,,,,,,,1.0,,,,1.0,
Argentina,ARG,37.0,2009.0,160.0,0.756,0.583,2.0,0.734,0.0,0.0,1.0,0.0,0.0,0.0,0.0,0.0,0.0,70.89,1.0,33.07,,,1.0,
Argentina,ARG,37.0,2010.0,160.0,0.746,0.578,2.0,0.749,,,,,,,,,,,1.0,,,,1.0,
Argentina,ARG,37.0,2011.0,160.0,0.749,0.573,2.0,0.711,0.0,0.0,1.0,0.0,0.0,0.0,0.0,0.0,1.0,77.35,1.0,65.38,54.0,16.9,1.0,
Argentina,ARG,37.0,2012.0,160.0,0.763,0.582,2.0,0.703,,,,,,,,,,,1.0,,,,1.0,
Argentina,ARG,37.0,2013.0,160.0,0.772,0.588,2.0,0.702,0.0,0.0,1.0,0.0,0.0,0.0,0.0,0.0,0.0,78.08,1.0,37.01,,,1.0,
Argentina,ARG,37.0,2014.0,160.0,0.777,0.595,2.0,0.708,,,,,,,,,,,1.0,,,,1.0,
Argentina,ARG,37.0,2015.0,160.0,0.765,0.59,2.0,0.751,2.0,2.0,1.0,0.0,0.0,0.0,0.0,0.0,1.0,81.11,1.0,46.15,34.15,34.15,1.0,
Argentina,ARG,37.0,2016.0,160.0,0.751,0.612,2.0,0.833,,,,,,,,,,,1.0,,,,1.0,
Argentina,ARG,37.0,2017.0,160.0,0.751,0.609,2.0,0.826,0.0,0.0,1.0,0.0,0.0,0.0,0.0,0.0,0.0,77.69,1.0,48.03,,,1.0,
Argentina,ARG,37.0,2018.0,160.0,0.78,0.63,2.0,0.8,,,,,,,,,,,1.0,,,,1.0,
Argentina,ARG,37.0,2019.0,160.0,0.779,0.618,2.0,0.77,2.0,2.0,1.0,0.0,0.0,0.0,0.0,0.0,1.0,79.49,1.0,49.23,48.1,40.4,1.0,
Argentina,ARG,37.0,2020.0,160.0,0.797,0.634,2.0,0.708,,,,,,,,,,,1.0,,,,1.0,
Argentina,ARG,37.0,2021.0,160.0,0.796,0.639,2.0,0.751,0.0,0.0,1.0,0.0,0.0,0.0,0.0,0.0,0.0,72.57,1.0,48.03,,,1.0,
Argentina,ARG,37.0,2022.0,160.0,0.831,0.654,2.0,0.725,,,,,,,,,,,1.0,,,,1.0,
Argentina,ARG,37.0,2023.0,160.0,0.838,0.695,2.0,0.81,2.0,2.0,1.0,0.0,0.0,0.0,0.0,0.0,1.0,79.14,1.0,36.92,29.99,36.78,1.0,
Argentina,ARG,37.0,2024.0,160.0,0.721,0.558,2.0,0.804,,,,,,,,,,,1.0,,,,1.0,
Argentina,ARG,37.0,2025.0,160.0,0.69,0.524,2.0,0.8,0.0,0.0,1.0,0.0,0.0,0.0,0.0,0.0,0.0,68.37,1.0,50.39,,,1.0,
Ethiopia,ETH,38.0,1980.0,530.0,0.072,0.015,0.0,,,,,,,,,,,,1.0,,,,1.0,
Ethiopia,ETH,38.0,1981.0,530.0,0.072,0.016,0.0,,,,,,,,,,,,1.0,,,,1.0,
Ethiopia,ETH,38.0,1982.0,530.0,0.072,0.016,0.0,,,,,,,,,,,,1.0,,,,1.0,
Ethiopia,ETH,38.0,1983.0,530.0,0.072,0.016,0.0,,,,,,,,,,,,1.0,,,,1.0,
Ethiopia,ETH,38.0,1984.0,530.0,0.072,0.016,0.0,,,,,,,,,,,,1.0,,,,1.0,
Ethiopia,ETH,38.0,1985.0,530.0,0.072,0.016,0.0,,,,,,,,,,,,1.0,,,,1.0,
Ethiopia,ETH,38.0,1986.0,530.0,0.072,0.016,0.0,,,,,,,,,,,,1.0,,,,1.0,
Ethiopia,ETH,38.0,1987.0,530.0,0.099,0.017,0.0,0.038,2.0,0.0,1.0,0.0,0.0,0.0,0.0,0.0,0.0,,1.0,95.21,,,0.0,0.0
Ethiopia,ETH,38.0,1988.0,530.0,0.149,0.031,0.0,0.038,,,,,,,,,,,1.0,,,,0.0,0.0
Ethiopia,ETH,38.0,1989.0,530.0,0.149,0.031,0.0,0.038,,,,,,,,,,,1.0,,,,0.0,0.0
Ethiopia,ETH,38.0,1990.0,530.0,0.15,0.032,0.0,0.038,,,,,,,,,,,1.0,,,,0.0,0.0
Ethiopia,ETH,38.0,1991.0,530.0,0.203,0.076,0.0,0.095,,,,,,,,,,,1.0,,,,0.0,0.0
Ethiopia,ETH,38.0,1992.0,530.0,0.23,0.094,0.0,0.095,,,,,,,,,,,1.0,,,,0.0,0.0
Ethiopia,ETH,38.0,1993.0,530.0,0.23,0.097,0.0,0.078,,,,,,,,,,,1.0,,,,0.0,0.0
Ethiopia,ETH,38.0,1994.0,530.0,0.195,0.084,1.0,0.078,0.0,0.0,0.0,0.0,0.0,0.0,1.0,1.0,0.0,,1.0,,,,0.0,0.0
Ethiopia,ETH,38.0,1995.0,530.0,0.223,0.097,1.0,0.116,2.0,0.0,1.0,0.0,0.0,0.0,0.0,0.0,0.0,76.02,1.0,32.18,,,0.0,0.0
Ethiopia,ETH,38.0,1996.0,530.0,0.245,0.111,1.0,0.157,,,,,,,,,,,1.0,,,,0.0,0.0
Ethiopia,ETH,38.0,1997.0,530.0,0.245,0.111,1.0,0.157,,,,,,,,,,,1.0,,,,0.0,0.0
Ethiopia,ETH,38.0,1998.0,530.0,0.245,0.111,1.0,0.157,,,,,,,,,,,1.0,,,,0.0,0.0
Ethiopia,ETH,38.0,1999.0,530.0,0.245,0.111,1.0,0.157,,,,,,,,,,,1.0,,,,0.0,0.0
Ethiopia,ETH,38.0,2000.0,530.0,0.241,0.11,1.0,0.157,0.0,0.0,1.0,0.0,0.0,0.0,0.0,0.0,0.0,59.98,1.0,33.46,,,0.0,0.0
Ethiopia,ETH,38.0,2001.0,530.0,0.241,0.11,1.0,0.157,,,,,,,,,,,1.0,,,,0.0,0.0
Ethiopia,ETH,38.0,2002.0,530.0,0.242,0.11,1.0,0.157,,,,,,,,,,,1.0,,,,0.0,0.0
Ethiopia,ETH,38.0,2003.0,530.0,0.242,0.111,1.0,0.157,,,,,,,,,,,1.0,,,,0.0,0.0
Ethiopia,ETH,38.0,2004.0,530.0,0.241,0.11,1.0,0.157,,,,,,,,,,,1.0,,,,0.0,0.0
Ethiopia,ETH,38.0,2005.0,530.0,0.256,0.115,1.0,0.157,0.0,0.0,1.0,0.0,0.0,0.0,0.0,0.0,0.0,66.19,1.0,59.78,,,0.0,0.0
Ethiopia,ETH,38.0,2006.0,530.0,0.241,0.111,1.0,0.15,,,,,,,,,,,1.0,,,,0.0,0.0
Ethiopia,ETH,38.0,2007.0,530.0,0.244,0.113,1.0,0.157,,,,,,,,,,,1.0,,,,0.0,0.0
Ethiopia,ETH,38.0,2008.0,530.0,0.244,0.113,1.0,0.157,,,,,,,,,,,1.0,,,,0.0,0.0
Ethiopia,ETH,38.0,2009.0,530.0,0.244,0.113,1.0,0.157,,,,,,,,,,,1.0,,,,0.0,0.0
Ethiopia,ETH,38.0,2010.0,530.0,0.229,0.109,1.0,0.138,0.0,0.0,1.0,0.0,0.0,0.0,0.0,0.0,0.0,71.17,1.0,91.22,,,0.0,0.0
Ethiopia,ETH,38.0,2011.0,530.0,0.223,0.105,1.0,0.13,,,,,,,,,,,1.0,,,,0.0,0.0
Ethiopia,ETH,38.0,2012.0,530.0,0.225,0.106,1.0,0.13,,,,,,,,,,,1.0,,,,0.0,0.0
Ethiopia,ETH,38.0,2013.0,530.0,0.223,0.104,1.0,0.132,,,,,,,,,,,1.0,,,,0.0,0.0
Ethiopia,ETH,38.0,2014.0,530.0,0.227,0.104,1.0,0.132,,,,,,,,,,,1.0,,,,0.0,0.0
Ethiopia,ETH,38.0,2015.0,530.0,0.228,0.102,1.0,0.132,0.0,0.0,1.0,0.0,0.0,0.0,0.0,0.0,0.0,70.09,1.0,91.41,,,0.0,0.0
Ethiopia,ETH,38.0,2016.0,530.0,0.226,0.099,1.0,0.135,,,,,,,,,,,1.0,,,,0.0,0.0
Ethiopia,ETH,38.0,2017.0,530.0,0.228,0.098,1.0,0.112,,,,,,,,,,,1.0,,,,0.0,0.0
Ethiopia,ETH,38.0,2018.0,530.0,0.271,0.131,1.0,0.194,,,,,,,,,,,1.0,,,,0.0,0.0
Ethiopia,ETH,38.0,2019.0,530.0,0.329,0.158,1.0,0.205,,,,,,,,,,,1.0,,,,0.0,0.0
Ethiopia,ETH,38.0,2020.0,530.0,0.32,0.152,1.0,0.173,,,,,,,,,,,1.0,,,,0.0,0.0
Ethiopia,ETH,38.0,2021.0,530.0,0.29,0.136,1.0,0.148,1.0,0.0,1.0,0.0,0.0,0.0,0.0,0.0,0.0,63.37,1.0,74.95,,,0.0,0.0
Ethiopia,ETH,38.0,2022.0,530.0,0.3,0.134,1.0,0.141,,,,,,,,,,,1.0,,,,0.0,0.0
Ethiopia,ETH,38.0,2023.0,530.0,0.279,0.106,1.0,0.088,,,,,,,,,,,1.0,,,,0.0,0.0
Ethiopia,ETH,38.0,2024.0,530.0,0.26,0.093,1.0,0.088,,,,,,,,,,,1.0,,,,0.0,0.0
Ethiopia,ETH,38.0,2025.0,530.0,0.257,0.1,1.0,0.099,,,,,,,,,,,1.0,,,,0.0,0.0
India,IND,39.0,1980.0,750.0,0.646,0.503,2.0,0.842,2.0,0.0,1.0,0.0,0.0,0.0,0.0,0.0,0.0,62.35,1.0,65.13,,,0.0,1.0
India,IND,39.0,1981.0,750.0,0.643,0.499,2.0,0.842,,,,,,,,,,,1.0,,,,0.0,1.0
India,IND,39.0,1982.0,750.0,0.641,0.497,2.0,0.842,,,,,,,,,,,1.0,,,,0.0,1.0
India,IND,39.0,1983.0,750.0,0.641,0.498,2.0,0.842,,,,,,,,,,,1.0,,,,0.0,1.0
India,IND,39.0,1984.0,750.0,0.642,0.494,2.0,0.842,0.0,0.0,1.0,0.0,0.0,0.0,0.0,0.0,0.0,64.61,1.0,76.57,,,0.0,0.0
India,IND,39.0,1985.0,750.0,0.658,0.517,2.0,0.842,,,,,,,,,,,1.0,,,,0.0,0.0
India,IND,39.0,1986.0,750.0,0.668,0.521,2.0,0.842,,,,,,,,,,,1.0,,,,0.0,0.0
India,IND,39.0,1987.0,750.0,0.668,0.521,2.0,0.842,,,,,,,,,,,1.0,,,,0.0,0.0
India,IND,39.0,1988.0,750.0,0.664,0.517,2.0,0.842,,,,,,,,,,,1.0,,,,0.0,0.0
India,IND,39.0,1989.0,750.0,0.665,0.517,2.0,0.842,2.0,0.0,1.0,0.0,0.0,0.0,0.0,0.0,0.0,65.18,1.0,36.28,,,0.0,0.0
India,IND,39.0,1990.0,750.0,0.693,0.54,2.0,0.842,,,,,,,,,,,1.0,,,,0.0,0.0
India,IND,39.0,1991.0,750.0,0.713,0.561,2.0,0.842,2.0,0.0,1.0,0.0,0.0,0.0,0.0,0.0,0.0,57.23,1.0,42.73,,,0.0,0.0
India,IND,39.0,1992.0,750.0,0.726,0.572,2.0,0.842,,,,,,,,,,,1.0,,,,0.0,0.0
India,IND,39.0,1993.0,750.0,0.731,0.576,2.0,0.842,,,,,,,,,,,1.0,,,,0.0,0.0
India,IND,39.0,1994.0,750.0,0.738,0.582,2.0,0.842,,,,,,,,,,,1.0,,,,0.0,0.0
India,IND,39.0,1995.0,750.0,0.738,0.582,2.0,0.842,,,,,,,,,,,1.0,,,,0.0,0.0
India,IND,39.0,1996.0,750.0,0.741,0.588,2.0,0.842,2.0,0.0,1.0,0.0,0.0,0.0,0.0,0.0,0.0,61.08,1.0,29.65,,,0.0,0.0
India,IND,39.0,1997.0,750.0,0.742,0.591,2.0,0.842,,,,,,,,,,,1.0,,,,0.0,0.0
India,IND,39.0,1998.0,750.0,0.746,0.593,2.0,0.842,2.0,0.0,1.0,0.0,0.0,0.0,0.0,0.0,0.0,67.45,1.0,32.97,,,0.0,0.0
India,IND,39.0,1999.0,750.0,0.737,0.586,2.0,0.842,0.0,0.0,1.0,0.0,0.0,0.0,0.0,0.0,0.0,65.69,1.0,33.52,,,0.0,0.0
India,IND,39.0,2000.0,750.0,0.735,0.584,2.0,0.842,,,,,,,,,,,1.0,,,,0.0,0.0
India,IND,39.0,2001.0,750.0,0.735,0.584,2.0,0.842,,,,,,,,,,,1.0,,,,0.0,0.0
India,IND,39.0,2002.0,750.0,0.739,0.587,2.0,0.842,,,,,,,,,,,1.0,,,,0.0,0.0
India,IND,39.0,2003.0,750.0,0.736,0.583,2.0,0.842,,,,,,,,,,,1.0,,,,0.0,0.0
India,IND,39.0,2004.0,750.0,0.731,0.578,2.0,0.842,2.0,0.0,1.0,0.0,0.0,0.0,0.0,0.0,0.0,60.91,1.0,26.89,,,0.0,0.0
India,IND,39.0,2005.0,750.0,0.723,0.573,2.0,0.842,,,,,,,,,,,1.0,,,,0.0,0.0
India,IND,39.0,2006.0,750.0,0.721,0.569,2.0,0.842,,,,,,,,,,,1.0,,,,0.0,0.0
India,IND,39.0,2007.0,750.0,0.721,0.569,2.0,0.842,,,,,,,,,,,1.0,,,,0.0,0.0
India,IND,39.0,2008.0,750.0,0.721,0.569,2.0,0.842,,,,,,,,,,,1.0,,,,0.0,0.0
India,IND,39.0,2009.0,750.0,0.683,0.539,2.0,0.842,0.0,0.0,1.0,0.0,0.0,0.0,0.0,0.0,0.0,56.48,1.0,37.94,,,0.0,0.0
India,IND,39.0,2010.0,750.0,0.671,0.532,2.0,0.85,,,,,,,,,,,1.0,,,,0.0,0.0
India,IND,39.0,2011.0,750.0,0.671,0.532,2.0,0.85,,,,,,,,,,,1.0,,,,0.0,0.0
India,IND,39.0,2012.0,750.0,0.659,0.525,2.0,0.85,,,,,,,,,,,1.0,,,,0.0,0.0
India,IND,39.0,2013.0,750.0,0.65,0.522,2.0,0.84,,,,,,,,,,,1.0,,,,0.0,0.0
India,IND,39.0,2014.0,750.0,0.617,0.488,2.0,0.821,2.0,0.0,1.0,0.0,0.0,0.0,0.0,0.0,0.0,70.29,1.0,51.93,,,0.0,0.0
India,IND,39.0,2015.0,750.0,0.543,0.417,2.0,0.754,,,,,,,,,,,1.0,,,,0.0,0.0
India,IND,39.0,2016.0,750.0,0.524,0.406,2.0,0.749,,,,,,,,,,,1.0,,,,0.0,0.0
India,IND,39.0,2017.0,750.0,0.488,0.371,1.0,0.728,,,,,,,,,,,1.0,,,,0.0,0.0
India,IND,39.0,2018.0,750.0,0.482,0.363,1.0,0.695,,,,,,,,,,,1.0,,,,0.0,0.0
India,IND,39.0,2019.0,750.0,0.43,0.324,1.0,0.657,0.0,0.0,1.0,0.0,0.0,0.0,0.0,0.0,0.0,68.74,1.0,55.8,,,0.0,0.0
India,IND,39.0,2020.0,750.0,0.39,0.292,1.0,0.622,,,,,,,,,,,1.0,,,,0.0,0.0
India,IND,39.0,2021.0,750.0,0.398,0.307,1.0,0.688,,,,,,,,,,,1.0,,,,0.0,0.0
India,IND,39.0,2022.0,750.0,0.384,0.291,1.0,0.627,,,,,,,,,,,1.0,,,,0.0,0.0
India,IND,39.0,2023.0,750.0,0.374,0.273,1.0,0.608,,,,,,,,,,,1.0,,,,0.0,0.0
India,IND,39.0,2024.0,750.0,0.381,0.281,1.0,0.631,0.0,0.0,1.0,0.0,0.0,0.0,0.0,0.0,0.0,64.25,1.0,44.19,,,0.0,0.0
India,IND,39.0,2025.0,750.0,0.377,0.26,1.0,0.483,,,,,,,,,,,1.0,,,,0.0,0.0
Kenya,KEN,40.0,1980.0,501.0,0.207,0.115,1.0,0.476,,,,,,,,,,,1.0,,,,1.0,
Kenya,KEN,40.0,1981.0,501.0,0.205,0.115,1.0,0.476,,,,,,,,,,,1.0,,,,1.0,
Kenya,KEN,40.0,1982.0,501.0,0.197,0.106,1.0,0.44,,,,,,,,,,,1.0,,,,1.0,
Kenya,KEN,40.0,1983.0,501.0,0.193,0.103,1.0,0.428,0.0,0.0,1.0,0.0,0.0,0.0,0.0,0.0,1.0,,1.0,100.0,100.0,,1.0,
Kenya,KEN,40.0,1984.0,501.0,0.181,0.101,1.0,0.428,,,,,,,,,,,1.0,,,,1.0,
Kenya,KEN,40.0,1985.0,501.0,0.181,0.101,1.0,0.428,,,,,,,,,,,1.0,,,,1.0,
Kenya,KEN,40.0,1986.0,501.0,0.183,0.1,1.0,0.428,,,,,,,,,,,1.0,,,,1.0,
Kenya,KEN,40.0,1987.0,501.0,0.183,0.1,1.0,0.428,,,,,,,,,,,1.0,,,,1.0,
Kenya,KEN,40.0,1988.0,501.0,0.177,0.096,1.0,0.428,0.0,0.0,1.0,0.0,0.0,0.0,0.0,0.0,1.0,,1.0,100.0,100.0,,1.0,
Kenya,KEN,40.0,1989.0,501.0,0.175,0.097,1.0,0.433,,,,,,,,,,,1.0,,,,1.0,
Kenya,KEN,40.0,1990.0,501.0,0.189,0.123,1.0,0.431,,,,,,,,,,,1.0,,,,1.0,
Kenya,KEN,40.0,1991.0,501.0,0.203,0.132,1.0,0.431,,,,,,,,,,,1.0,,,,1.0,
Kenya,KEN,40.0,1992.0,501.0,0.291,0.186,1.0,0.692,0.0,0.0,1.0,0.0,0.0,0.0,0.0,0.0,1.0,46.41,1.0,50.0,36.6,25.8,1.0,
Kenya,KEN,40.0,1993.0,501.0,0.329,0.207,1.0,0.713,,,,,,,,,,,1.0,,,,1.0,
Kenya,KEN,40.0,1994.0,501.0,0.334,0.208,1.0,0.713,,,,,,,,,,,1.0,,,,1.0,
Kenya,KEN,40.0,1995.0,501.0,0.337,0.211,1.0,0.713,,,,,,,,,,,1.0,,,,1.0,
Kenya,KEN,40.0,1996.0,501.0,0.337,0.211,1.0,0.713,,,,,,,,,,,1.0,,,,1.0,
Kenya,KEN,40.0,1997.0,501.0,0.336,0.209,1.0,0.72,0.0,0.0,1.0,0.0,0.0,0.0,0.0,0.0,1.0,33.74,1.0,50.95,40.4,30.9,1.0,
Kenya,KEN,40.0,1998.0,501.0,0.363,0.225,1.0,0.72,,,,,,,,,,,1.0,,,,1.0,
Kenya,KEN,40.0,1999.0,501.0,0.363,0.225,1.0,0.72,,,,,,,,,,,1.0,,,,1.0,
Kenya,KEN,40.0,2000.0,501.0,0.374,0.253,1.0,0.788,,,,,,,,,,,1.0,,,,1.0,
Kenya,KEN,40.0,2001.0,501.0,0.376,0.254,1.0,0.788,,,,,,,,,,,1.0,,,,1.0,
Kenya,KEN,40.0,2002.0,501.0,0.419,0.291,1.0,0.81,2.0,2.0,1.0,0.0,0.0,0.0,0.0,0.0,1.0,38.51,1.0,59.52,62.2,31.3,1.0,
Kenya,KEN,40.0,2003.0,501.0,0.51,0.355,2.0,0.865,,,,,,,,,,,1.0,,,,1.0,
Kenya,KEN,40.0,2004.0,501.0,0.51,0.355,2.0,0.865,,,,,,,,,,,1.0,,,,1.0,
Kenya,KEN,40.0,2005.0,501.0,0.51,0.358,2.0,0.865,,,,,,,,,,,1.0,,,,1.0,
Kenya,KEN,40.0,2006.0,501.0,0.51,0.358,2.0,0.865,,,,,,,,,,,1.0,,,,1.0,
Kenya,KEN,40.0,2007.0,501.0,0.511,0.356,1.0,0.865,0.0,0.0,1.0,0.0,0.0,0.0,0.0,0.0,1.0,54.49,1.0,47.14,46.4,44.1,1.0,
Kenya,KEN,40.0,2008.0,501.0,0.415,0.305,1.0,0.865,,,,,,,,,,,1.0,,,,1.0,0.0
Kenya,KEN,40.0,2009.0,501.0,0.416,0.305,1.0,0.862,,,,,,,,,,,1.0,,,,1.0,0.0
Kenya,KEN,40.0,2010.0,501.0,0.427,0.361,1.0,0.916,,,,,,,,,,,1.0,,,,1.0,0.0
Kenya,KEN,40.0,2011.0,501.0,0.428,0.362,1.0,0.916,,,,,,,,,,,1.0,,,,1.0,0.0
Kenya,KEN,40.0,2012.0,501.0,0.425,0.358,1.0,0.916,,,,,,,,,,,1.0,,,,1.0,0.0
Kenya,KEN,40.0,2013.0,501.0,0.524,0.413,2.0,0.86,2.0,2.0,1.0,0.0,0.0,0.0,0.0,0.0,1.0,55.6,1.0,27.6,50.51,43.7,1.0,
Kenya,KEN,40.0,2014.0,501.0,0.539,0.426,2.0,0.867,,,,,,,,,,,1.0,,,,1.0,
Kenya,KEN,40.0,2015.0,501.0,0.539,0.426,2.0,0.867,,,,,,,,,,,1.0,,,,1.0,
Kenya,KEN,40.0,2016.0,501.0,0.534,0.421,2.0,0.867,,,,,,,,,,,1.0,,,,1.0,
Kenya,KEN,40.0,2017.0,501.0,0.512,0.408,1.0,0.867,0.0,0.0,1.0,0.0,0.0,0.0,0.0,0.0,1.0,61.44,1.0,48.96,98.0,44.94,1.0,
Kenya,KEN,40.0,2018.0,501.0,0.496,0.394,1.0,0.867,,,,,,,,,,,1.0,,,,1.0,
Kenya,KEN,40.0,2019.0,501.0,0.501,0.402,1.0,0.89,,,,,,,,,,,1.0,,,,1.0,
Kenya,KEN,40.0,2020.0,501.0,0.503,0.404,1.0,0.879,,,,,,,,,,,1.0,,,,1.0,
Kenya,KEN,40.0,2021.0,501.0,0.507,0.423,1.0,0.872,,,,,,,,,,,1.0,,,,1.0,
Kenya,KEN,40.0,2022.0,501.0,0.55,0.45,2.0,0.864,2.0,2.0,1.0,0.0,0.0,0.0,0.0,0.0,1.0,46.1,1.0,40.95,50.49,48.85,1.0,
Kenya,KEN,40.0,2023.0,501.0,0.57,0.463,2.0,0.881,,,,,,,,,,,1.0,,,,1.0,
Kenya,KEN,40.0,2024.0,501.0,0.557,0.437,2.0,0.812,,,,,,,,,,,1.0,,,,1.0,
Kenya,KEN,40.0,2025.0,501.0,0.563,0.446,2.0,0.85,,,,,,,,,,,1.0,,,,1.0,
North Korea,PRK,41.0,1980.0,731.0,0.086,0.014,0.0,0.087,,,,,,,,,,,1.0,,,,1.0,0.0
North Korea,PRK,41.0,1981.0,731.0,0.086,0.014,0.0,0.087,,,,,,,,,,,1.0,,,,1.0,0.0
North Korea,PRK,41.0,1982.0,731.0,0.086,0.014,0.0,0.087,0.0,0.0,1.0,0.0,0.0,0.0,0.0,0.0,0.0,,1.0,100.0,,,1.0,0.0
North Korea,PRK,41.0,1983.0,731.0,0.087,0.014,0.0,0.087,,,,,,,,,,,1.0,,,,1.0,0.0
North Korea,PRK,41.0,1984.0,731.0,0.087,0.014,0.0,0.087,,,,,,,,,,,1.0,,,,1.0,0.0
North Korea,PRK,41.0,1985.0,731.0,0.087,0.014,0.0,0.087,,,,,,,,,,,1.0,,,,1.0,0.0
North Korea,PRK,41.0,1986.0,731.0,0.086,0.014,0.0,0.087,0.0,0.0,1.0,0.0,0.0,0.0,0.0,0.0,0.0,,1.0,100.0,,,1.0,0.0
North Korea,PRK,41.0,1987.0,731.0,0.084,0.014,0.0,0.087,,,,,,,,,,,1.0,,,,1.0,0.0
North Korea,PRK,41.0,1988.0,731.0,0.084,0.014,0.0,0.087,,,,,,,,,,,1.0,,,,1.0,0.0
North Korea,PRK,41.0,1989.0,731.0,0.084,0.014,0.0,0.087,,,,,,,,,,,1.0,,,,1.0,0.0
North Korea,PRK,41.0,1990.0,731.0,0.086,0.014,0.0,0.087,0.0,0.0,1.0,0.0,0.0,0.0,0.0,0.0,0.0,,1.0,100.0,,,1.0,0.0
North Korea,PRK,41.0,1991.0,731.0,0.087,0.014,0.0,0.087,,,,,,,,,,,1.0,,,,1.0,0.0
North Korea,PRK,41.0,1992.0,731.0,0.084,0.014,0.0,0.087,,,,,,,,,,,1.0,,,,1.0,0.0
North Korea,PRK,41.0,1993.0,731.0,0.084,0.014,0.0,0.087,,,,,,,,,,,1.0,,,,1.0,0.0
North Korea,PRK,41.0,1994.0,731.0,0.084,0.014,0.0,0.087,,,,,,,,,,,1.0,,,,1.0,0.0
North Korea,PRK,41.0,1995.0,731.0,0.084,0.014,0.0,0.087,,,,,,,,,,,1.0,,,,1.0,0.0
North Korea,PRK,41.0,1996.0,731.0,0.084,0.014,0.0,0.087,,,,,,,,,,,1.0,,,,1.0,0.0
North Korea,PRK,41.0,1997.0,731.0,0.084,0.014,0.0,0.087,,,,,,,,,,,1.0,,,,1.0,0.0
North Korea,PRK,41.0,1998.0,731.0,0.084,0.014,0.0,0.087,0.0,0.0,1.0,0.0,0.0,0.0,0.0,0.0,0.0,,1.0,100.0,,,1.0,0.0
North Korea,PRK,41.0,1999.0,731.0,0.083,0.014,0.0,0.087,,,,,,,,,,,1.0,,,,1.0,0.0
North Korea,PRK,41.0,2000.0,731.0,0.083,0.014,0.0,0.087,,,,,,,,,,,1.0,,,,1.0,0.0
North Korea,PRK,41.0,2001.0,731.0,0.083,0.014,0.0,0.087,,,,,,,,,,,1.0,,,,1.0,0.0
North Korea,PRK,41.0,2002.0,731.0,0.083,0.014,0.0,0.087,,,,,,,,,,,1.0,,,,1.0,0.0
North Korea,PRK,41.0,2003.0,731.0,0.083,0.014,0.0,0.087,0.0,0.0,1.0,0.0,0.0,0.0,0.0,0.0,0.0,,1.0,100.0,,,1.0,0.0
North Korea,PRK,41.0,2004.0,731.0,0.085,0.014,0.0,0.087,,,,,,,,,,,1.0,,,,1.0,0.0
North Korea,PRK,41.0,2005.0,731.0,0.085,0.014,0.0,0.087,,,,,,,,,,,1.0,,,,1.0,0.0
North Korea,PRK,41.0,2006.0,731.0,0.085,0.014,0.0,0.087,,,,,,,,,,,1.0,,,,1.0,0.0
North Korea,PRK,41.0,2007.0,731.0,0.085,0.014,0.0,0.087,,,,,,,,,,,1.0,,,,1.0,0.0
North Korea,PRK,41.0,2008.0,731.0,0.085,0.014,0.0,0.087,,,,,,,,,,,1.0,,,,1.0,0.0
North Korea,PRK,41.0,2009.0,731.0,0.085,0.014,0.0,0.087,0.0,0.0,1.0,0.0,0.0,0.0,0.0,0.0,0.0,,1.0,100.0,,,1.0,0.0
North Korea,PRK,41.0,2010.0,731.0,0.086,0.014,0.0,0.087,,,,,,,,,,,1.0,,,,1.0,0.0
North Korea,PRK,41.0,2011.0,731.0,0.086,0.014,0.0,0.087,,,,,,,,,,,1.0,,,,1.0,0.0
North Korea,PRK,41.0,2012.0,731.0,0.086,0.014,0.0,0.087,,,,,,,,,,,1.0,,,,1.0,0.0
North Korea,PRK,41.0,2013.0,731.0,0.086,0.014,0.0,0.087,,,,,,,,,,,1.0,,,,1.0,0.0
North Korea,PRK,41.0,2014.0,731.0,0.085,0.014,0.0,0.087,0.0,0.0,1.0,0.0,0.0,0.0,0.0,0.0,0.0,,1.0,100.0,,,1.0,0.0
North Korea,PRK,41.0,2015.0,731.0,0.085,0.014,0.0,0.087,,,,,,,,,,,1.0,,,,1.0,0.0
North Korea,PRK,41.0,2016.0,731.0,0.085,0.014,0.0,0.087,,,,,,,,,,,1.0,,,,1.0,0.0
North Korea,PRK,41.0,2017.0,731.0,0.085,0.014,0.0,0.087,,,,,,,,,,,1.0,,,,1.0,0.0
North Korea,PRK,41.0,2018.0,731.0,0.085,0.014,0.0,0.087,,,,,,,,,,,1.0,,,,1.0,0.0
North Korea,PRK,41.0,2019.0,731.0,0.083,0.014,0.0,0.087,1.0,0.0,1.0,0.0,0.0,0.0,0.0,0.0,0.0,,1.0,100.0,,,1.0,0.0
North Korea,PRK,41.0,2020.0,731.0,0.083,0.014,0.0,0.087,,,,,,,,,,,1.0,,,,1.0,0.0
North Korea,PRK,41.0,2021.0,731.0,0.083,0.014,0.0,0.087,,,,,,,,,,,1.0,,,,1.0,0.0
North Korea,PRK,41.0,2022.0,731.0,0.083,0.014,0.0,0.087,,,,,,,,,,,1.0,,,,1.0,0.0
North Korea,PRK,41.0,2023.0,731.0,0.083,0.014,0.0,0.087,,,,,,,,,,,1.0,,,,1.0,0.0
North Korea,PRK,41.0,2024.0,731.0,0.084,0.014,0.0,0.087,,,,,,,,,,,1.0,,,,1.0,0.0
North Korea,PRK,41.0,2025.0,731.0,0.083,0.014,0.0,0.087,,,,,,,,,,,1.0,,,,1.0,0.0
South Korea,KOR,42.0,1980.0,732.0,0.199,0.103,1.0,0.06,,,,,,,,,,,1.0,,,,1.0,
South Korea,KOR,42.0,1981.0,732.0,0.21,0.105,1.0,0.06,0.0,0.0,1.0,0.0,0.0,0.0,0.0,0.0,0.0,78.42,1.0,54.71,,,1.0,
South Korea,KOR,42.0,1982.0,732.0,0.22,0.116,1.0,0.06,,,,,,,,,,,1.0,,,,1.0,
South Korea,KOR,42.0,1983.0,732.0,0.228,0.119,1.0,0.06,,,,,,,,,,,1.0,,,,1.0,
South Korea,KOR,42.0,1984.0,732.0,0.245,0.123,1.0,0.06,,,,,,,,,,,1.0,,,,1.0,
South Korea,KOR,42.0,1985.0,732.0,0.303,0.143,1.0,0.06,0.0,0.0,1.0,0.0,0.0,0.0,0.0,0.0,0.0,84.26,1.0,53.62,,,1.0,
South Korea,KOR,42.0,1986.0,732.0,0.312,0.148,1.0,0.073,,,,,,,,,,,1.0,,,,1.0,
South Korea,KOR,42.0,1987.0,732.0,0.38,0.219,1.0,0.073,0.0,1.0,0.0,0.0,0.0,0.0,0.0,0.0,1.0,,1.0,,35.9,27.5,1.0,
South Korea,KOR,42.0,1988.0,732.0,0.616,0.469,2.0,0.489,0.0,0.0,1.0,0.0,0.0,0.0,0.0,0.0,0.0,73.76,1.0,41.81,,,1.0,
South Korea,KOR,42.0,1989.0,732.0,0.646,0.498,2.0,0.489,,,,,,,,,,,1.0,,,,1.0,
South Korea,KOR,42.0,1990.0,732.0,0.647,0.5,2.0,0.489,,,,,,,,,,,1.0,,,,1.0,
South Korea,KOR,42.0,1991.0,732.0,0.647,0.5,2.0,0.489,,,,,,,,,,,1.0,,,,1.0,
South Korea,KOR,42.0,1992.0,732.0,0.651,0.512,2.0,0.55,2.0,1.0,1.0,0.0,0.0,0.0,0.0,0.0,1.0,85.08,1.0,49.83,42.0,33.8,1.0,
South Korea,KOR,42.0,1993.0,732.0,0.724,0.607,3.0,0.719,,,,,,,,,,,1.0,,,,1.0,
South Korea,KOR,42.0,1994.0,732.0,0.731,0.612,3.0,0.719,,,,,,,,,,,1.0,,,,1.0,
South Korea,KOR,42.0,1995.0,732.0,0.731,0.612,3.0,0.719,,,,,,,,,,,1.0,,,,1.0,
South Korea,KOR,42.0,1996.0,732.0,0.736,0.618,3.0,0.719,0.0,0.0,1.0,0.0,0.0,0.0,0.0,0.0,0.0,65.32,1.0,46.49,,,1.0,
South Korea,KOR,42.0,1997.0,732.0,0.743,0.638,3.0,0.774,0.0,2.0,0.0,0.0,0.0,0.0,0.0,0.0,1.0,92.48,1.0,,40.3,38.7,1.0,
South Korea,KOR,42.0,1998.0,732.0,0.804,0.729,3.0,0.93,,,,,,,,,,,1.0,,,,1.0,
South Korea,KOR,42.0,1999.0,732.0,0.811,0.736,3.0,0.93,,,,,,,,,,,1.0,,,,1.0,
South Korea,KOR,42.0,2000.0,732.0,0.829,0.753,3.0,0.93,0.0,0.0,1.0,0.0,0.0,0.0,0.0,0.0,0.0,55.74,1.0,48.72,,,1.0,
South Korea,KOR,42.0,2001.0,732.0,0.833,0.757,3.0,0.93,,,,,,,,,,,1.0,,,,1.0,
South Korea,KOR,42.0,2002.0,732.0,0.833,0.761,3.0,0.93,0.0,1.0,0.0,0.0,0.0,0.0,0.0,0.0,1.0,70.81,1.0,,48.9,46.6,1.0,
South Korea,KOR,42.0,2003.0,732.0,0.835,0.761,3.0,0.93,,,,,,,,,,,1.0,,,,1.0,
South Korea,KOR,42.0,2004.0,732.0,0.834,0.761,3.0,0.93,2.0,0.0,1.0,0.0,0.0,0.0,0.0,0.0,0.0,59.46,1.0,50.84,,,1.0,
South Korea,KOR,42.0,2005.0,732.0,0.834,0.762,3.0,0.93,,,,,,,,,,,1.0,,,,1.0,
South Korea,KOR,42.0,2006.0,732.0,0.834,0.762,3.0,0.93,,,,,,,,,,,1.0,,,,1.0,
South Korea,KOR,42.0,2007.0,732.0,0.834,0.759,3.0,0.93,0.0,2.0,0.0,0.0,0.0,0.0,0.0,0.0,1.0,64.17,1.0,,48.7,26.2,1.0,
South Korea,KOR,42.0,2008.0,732.0,0.759,0.661,3.0,0.882,0.0,0.0,1.0,0.0,0.0,0.0,0.0,0.0,0.0,46.59,1.0,51.17,,,1.0,
South Korea,KOR,42.0,2009.0,732.0,0.759,0.662,3.0,0.882,,,,,,,,,,,1.0,,,,1.0,
South Korea,KOR,42.0,2010.0,732.0,0.762,0.665,3.0,0.882,,,,,,,,,,,1.0,,,,1.0,
South Korea,KOR,42.0,2011.0,732.0,0.762,0.665,3.0,0.882,,,,,,,,,,,1.0,,,,1.0,
South Korea,KOR,42.0,2012.0,732.0,0.753,0.658,3.0,0.882,0.0,1.0,1.0,0.0,0.0,0.0,0.0,0.0,1.0,79.28,1.0,50.84,56.5,22.2,1.0,
South Korea,KOR,42.0,2013.0,732.0,0.716,0.609,3.0,0.874,,,,,,,,,,,1.0,,,,1.0,
South Korea,KOR,42.0,2014.0,732.0,0.705,0.6,3.0,0.874,,,,,,,,,,,1.0,,,,1.0,
South Korea,KOR,42.0,2015.0,732.0,0.705,0.599,3.0,0.88,,,,,,,,,,,1.0,,,,1.0,
South Korea,KOR,42.0,2016.0,732.0,0.718,0.62,3.0,0.931,0.0,0.0,1.0,0.0,0.0,0.0,0.0,0.0,0.0,60.78,1.0,41.0,,,1.0,
South Korea,KOR,42.0,2017.0,732.0,0.852,0.791,3.0,0.957,2.0,2.0,0.0,0.0,0.0,0.0,0.0,0.0,1.0,77.92,1.0,,41.1,24.03,1.0,
South Korea,KOR,42.0,2018.0,732.0,0.857,0.794,3.0,0.966,,,,,,,,,,,1.0,,,,1.0,
South Korea,KOR,42.0,2019.0,732.0,0.842,0.777,3.0,0.969,,,,,,,,,,,1.0,,,,1.0,
South Korea,KOR,42.0,2020.0,732.0,0.85,0.782,3.0,0.961,0.0,0.0,1.0,0.0,0.0,0.0,0.0,0.0,0.0,66.48,1.0,60.0,,,1.0,
South Korea,KOR,42.0,2021.0,732.0,0.852,0.775,3.0,0.932,,,,,,,,,,,1.0,,,,1.0,
South Korea,KOR,42.0,2022.0,732.0,0.802,0.718,3.0,0.92,2.0,2.0,0.0,0.0,0.0,0.0,0.0,0.0,1.0,76.73,1.0,,48.56,47.83,1.0,
South Korea,KOR,42.0,2023.0,732.0,0.722,0.62,3.0,0.872,,,,,,,,,,,1.0,,,,1.0,
South Korea,KOR,42.0,2024.0,732.0,0.724,0.627,2.0,0.954,0.0,0.0,1.0,0.0,0.0,0.0,0.0,0.0,0.0,66.19,1.0,53.66,,,1.0,
South Korea,KOR,42.0,2025.0,732.0,0.819,0.739,3.0,0.942,2.0,2.0,0.0,0.0,0.0,0.0,0.0,0.0,1.0,78.5,1.0,,49.42,41.15,1.0,
Kosovo,XKX,43.0,1999.0,347.0,0.219,0.14,0.0,0.578,,,,,,,,,,,0.0,,,,1.0,
Kosovo,XKX,43.0,2000.0,347.0,0.238,0.153,0.0,0.578,,,,,,,,,,,0.0,,,,1.0,
Kosovo,XKX,43.0,2001.0,347.0,0.25,0.162,0.0,0.578,2.0,0.0,1.0,0.0,0.0,0.0,0.0,0.0,0.0,,0.0,39.17,,,1.0,
Kosovo,XKX,43.0,2002.0,347.0,0.493,0.346,1.0,0.568,,,,,,,,,,,0.0,,,,0.0,0.0
Kosovo,XKX,43.0,2003.0,347.0,0.532,0.377,2.0,0.568,,,,,,,,,,,0.0,,,,0.0,0.0
Kosovo,XKX,43.0,2004.0,347.0,0.527,0.375,2.0,0.568,2.0,0.0,1.0,0.0,0.0,0.0,0.0,0.0,0.0,65.28,0.0,39.17,,,0.0,0.0
Kosovo,XKX,43.0,2005.0,347.0,0.512,0.364,2.0,0.568,,,,,,,,,,,0.0,,,,0.0,0.0
Kosovo,XKX,43.0,2006.0,347.0,0.512,0.364,2.0,0.568,,,,,,,,,,,0.0,,,,0.0,0.0
Kosovo,XKX,43.0,2007.0,347.0,0.519,0.37,2.0,0.568,2.0,0.0,1.0,0.0,0.0,0.0,0.0,0.0,0.0,55.89,0.0,30.83,,,0.0,0.0
Kosovo,XKX,43.0,2008.0,347.0,0.512,0.362,2.0,0.568,,,,,,,,,,,0.0,,,,0.0,0.0
Kosovo,XKX,43.0,2009.0,347.0,0.514,0.374,2.0,0.571,,,,,,,,,,,0.0,,,,0.0,0.0
Kosovo,XKX,43.0,2010.0,347.0,0.533,0.386,2.0,0.571,0.0,0.0,1.0,0.0,0.0,0.0,0.0,0.0,0.0,61.31,0.0,28.33,,,0.0,0.0
Kosovo,XKX,43.0,2011.0,347.0,0.504,0.373,2.0,0.619,,,,,,,,,,,0.0,,,,0.0,0.0
Kosovo,XKX,43.0,2012.0,347.0,0.507,0.376,2.0,0.62,,,,,,,,,,,0.0,,,,0.0,0.0
Kosovo,XKX,43.0,2013.0,347.0,0.519,0.364,2.0,0.64,,,,,,,,,,,0.0,,,,0.0,0.0
Kosovo,XKX,43.0,2014.0,347.0,0.593,0.414,2.0,0.638,2.0,2.0,1.0,0.0,0.0,0.0,0.0,0.0,0.0,61.7,0.0,30.83,,,0.0,0.0
Kosovo,XKX,43.0,2015.0,347.0,0.651,0.45,2.0,0.638,,,,,,,,,,,0.0,,,,0.0,0.0
Kosovo,XKX,43.0,2016.0,347.0,0.653,0.454,2.0,0.638,,,,,,,,,,,0.0,,,,0.0,0.0
Kosovo,XKX,43.0,2017.0,347.0,0.574,0.399,2.0,0.683,2.0,0.0,1.0,0.0,0.0,0.0,0.0,0.0,0.0,59.22,0.0,32.5,,,0.0,0.0
Kosovo,XKX,43.0,2018.0,347.0,0.662,0.47,2.0,0.663,,,,,,,,,,,0.0,,,,0.0,0.0
Kosovo,XKX,43.0,2019.0,347.0,0.677,0.497,2.0,0.663,2.0,0.0,1.0,0.0,0.0,0.0,0.0,0.0,0.0,61.82,0.0,25.83,,,0.0,0.0
Kosovo,XKX,43.0,2020.0,347.0,0.67,0.493,2.0,0.671,,,,,,,,,,,0.0,,,,0.0,0.0
Kosovo,XKX,43.0,2021.0,347.0,0.674,0.494,2.0,0.666,2.0,2.0,1.0,0.0,0.0,0.0,0.0,0.0,0.0,65.3,0.0,48.33,,,0.0,0.0
Kosovo,XKX,43.0,2022.0,347.0,0.676,0.508,2.0,0.66,,,,,,,,,,,0.0,,,,0.0,0.0
Kosovo,XKX,43.0,2023.0,347.0,0.676,0.494,2.0,0.66,,,,,,,,,,,0.0,,,,0.0,0.0
Kosovo,XKX,43.0,2024.0,347.0,0.648,0.471,2.0,0.675,,,,,,,,,,,0.0,,,,0.0,0.0
Kosovo,XKX,43.0,2025.0,347.0,0.631,0.457,2.0,0.675,0.0,0.0,1.0,0.0,0.0,0.0,0.0,0.0,0.0,74.98,0.0,47.5,,,0.0,0.0
Lebanon,LBN,44.0,1980.0,660.0,0.348,0.195,1.0,0.51,,,,,,,,,,,1.0,,,,0.5,0.0
Lebanon,LBN,44.0,1981.0,660.0,0.348,0.195,1.0,0.51,,,,,,,,,,,1.0,,,,0.5,0.0
Lebanon,LBN,44.0,1982.0,660.0,0.348,0.19,1.0,0.51,,,,,,,,,,,1.0,,,,0.5,0.0
Lebanon,LBN,44.0,1983.0,660.0,0.348,0.19,1.0,0.51,,,,,,,,,,,1.0,,,,0.5,0.0
Lebanon,LBN,44.0,1984.0,660.0,0.348,0.19,1.0,0.51,,,,,,,,,,,1.0,,,,0.5,0.0
Lebanon,LBN,44.0,1985.0,660.0,0.348,0.19,1.0,0.51,,,,,,,,,,,1.0,,,,0.5,0.0
Lebanon,LBN,44.0,1986.0,660.0,0.348,0.19,1.0,0.51,,,,,,,,,,,1.0,,,,0.5,0.0
Lebanon,LBN,44.0,1987.0,660.0,0.348,0.19,1.0,0.51,,,,,,,,,,,1.0,,,,0.5,0.0
Lebanon,LBN,44.0,1988.0,660.0,0.334,0.185,1.0,0.51,,,,,,,,,,,1.0,,,,0.5,0.0
Lebanon,LBN,44.0,1989.0,660.0,0.304,0.174,1.0,0.51,,,,,,,,,,,1.0,,,,0.5,0.0
Lebanon,LBN,44.0,1990.0,660.0,0.342,0.195,1.0,0.508,,,,,,,,,,,1.0,,,,0.0,0.0
Lebanon,LBN,44.0,1991.0,660.0,0.336,0.193,1.0,0.508,,,,,,,,,,,1.0,,,,0.0,0.0
Lebanon,LBN,44.0,1992.0,660.0,0.336,0.193,1.0,0.508,2.0,0.0,1.0,0.0,0.0,0.0,0.0,0.0,0.0,61.35,1.0,71.88,,,0.0,0.0
Lebanon,LBN,44.0,1993.0,660.0,0.317,0.19,1.0,0.508,,,,,,,,,,,1.0,,,,0.0,0.0
Lebanon,LBN,44.0,1994.0,660.0,0.312,0.188,1.0,0.508,,,,,,,,,,,1.0,,,,0.0,0.0
Lebanon,LBN,44.0,1995.0,660.0,0.312,0.188,1.0,0.508,,,,,,,,,,,1.0,,,,0.0,0.0
Lebanon,LBN,44.0,1996.0,660.0,0.312,0.188,1.0,0.508,0.0,0.0,1.0,0.0,0.0,0.0,0.0,0.0,0.0,80.83,1.0,73.44,,,0.0,0.0
Lebanon,LBN,44.0,1997.0,660.0,0.312,0.188,1.0,0.508,,,,,,,,,,,1.0,,,,0.0,0.0
Lebanon,LBN,44.0,1998.0,660.0,0.312,0.188,1.0,0.508,,,,,,,,,,,1.0,,,,0.0,0.0
Lebanon,LBN,44.0,1999.0,660.0,0.312,0.188,1.0,0.508,,,,,,,,,,,1.0,,,,0.0,0.0
Lebanon,LBN,44.0,2000.0,660.0,0.323,0.194,1.0,0.508,2.0,0.0,1.0,0.0,0.0,0.0,0.0,0.0,0.0,61.12,1.0,67.19,,,0.0,0.0
Lebanon,LBN,44.0,2001.0,660.0,0.354,0.207,1.0,0.508,,,,,,,,,,,1.0,,,,0.0,0.0
Lebanon,LBN,44.0,2002.0,660.0,0.351,0.206,1.0,0.508,,,,,,,,,,,1.0,,,,0.0,0.0
Lebanon,LBN,44.0,2003.0,660.0,0.351,0.206,1.0,0.508,,,,,,,,,,,1.0,,,,0.0,0.0
Lebanon,LBN,44.0,2004.0,660.0,0.355,0.207,1.0,0.508,,,,,,,,,,,1.0,,,,0.0,0.0
Lebanon,LBN,44.0,2005.0,660.0,0.402,0.232,1.0,0.515,2.0,0.0,1.0,0.0,0.0,0.0,0.0,0.0,0.0,54.75,1.0,28.13,,,0.0,0.0
Lebanon,LBN,44.0,2006.0,660.0,0.441,0.255,1.0,0.521,,,,,,,,,,,1.0,,,,0.0,0.0
Lebanon,LBN,44.0,2007.0,660.0,0.442,0.258,1.0,0.528,,,,,,,,,,,1.0,,,,1.0,
Lebanon,LBN,44.0,2008.0,660.0,0.443,0.259,1.0,0.528,,,,,,,,,,,1.0,,,,1.0,0.0
Lebanon,LBN,44.0,2009.0,660.0,0.467,0.273,1.0,0.528,1.0,0.0,1.0,0.0,0.0,0.0,0.0,0.0,0.0,66.34,1.0,22.66,,,0.0,0.0
Lebanon,LBN,44.0,2010.0,660.0,0.466,0.271,1.0,0.532,,,,,,,,,,,1.0,,,,0.0,0.0
Lebanon,LBN,44.0,2011.0,660.0,0.479,0.277,1.0,0.532,,,,,,,,,,,1.0,,,,0.0,0.0
Lebanon,LBN,44.0,2012.0,660.0,0.477,0.282,1.0,0.532,,,,,,,,,,,1.0,,,,0.0,0.0
Lebanon,LBN,44.0,2013.0,660.0,0.486,0.301,1.0,0.532,,,,,,,,,,,1.0,,,,0.0,0.0
Lebanon,LBN,44.0,2014.0,660.0,0.486,0.302,1.0,0.532,,,,,,,,,,,1.0,,,,1.0,
Lebanon,LBN,44.0,2015.0,660.0,0.48,0.295,1.0,0.532,,,,,,,,,,,1.0,,,,1.0,
Lebanon,LBN,44.0,2016.0,660.0,0.479,0.296,1.0,0.541,,,,,,,,,,,1.0,,,,0.0,0.0
Lebanon,LBN,44.0,2017.0,660.0,0.47,0.294,1.0,0.525,,,,,,,,,,,1.0,,,,0.0,0.0
Lebanon,LBN,44.0,2018.0,660.0,0.44,0.282,1.0,0.545,0.0,0.0,1.0,0.0,0.0,0.0,0.0,0.0,0.0,42.45,1.0,14.06,,,0.0,0.0
Lebanon,LBN,44.0,2019.0,660.0,0.429,0.276,1.0,0.555,,,,,,,,,,,1.0,,,,0.0,0.0
Lebanon,LBN,44.0,2020.0,660.0,0.436,0.274,1.0,0.545,,,,,,,,,,,1.0,,,,0.0,0.0
Lebanon,LBN,44.0,2021.0,660.0,0.433,0.262,1.0,0.49,,,,,,,,,,,1.0,,,,0.0,0.0
Lebanon,LBN,44.0,2022.0,660.0,0.405,0.25,1.0,0.49,0.0,2.0,1.0,0.0,0.0,0.0,0.0,0.0,0.0,51.29,1.0,14.84,,,0.5,0.0
Lebanon,LBN,44.0,2023.0,660.0,0.361,0.234,1.0,0.508,,,,,,,,,,,1.0,,,,0.5,0.0
Lebanon,LBN,44.0,2024.0,660.0,0.347,0.226,1.0,0.463,,,,,,,,,,,1.0,,,,0.5,0.0
Lebanon,LBN,44.0,2025.0,660.0,0.419,0.267,1.0,0.543,,,,,,,,,,,1.0,,,,0.5,0.0
Nigeria,NGA,45.0,1980.0,475.0,0.376,0.254,1.0,0.744,,,,,,,,,,,1.0,,,,1.0,
Nigeria,NGA,45.0,1981.0,475.0,0.376,0.258,1.0,0.744,,,,,,,,,,,1.0,,,,1.0,
Nigeria,NGA,45.0,1982.0,475.0,0.376,0.258,1.0,0.744,,,,,,,,,,,1.0,,,,1.0,
Nigeria,NGA,45.0,1983.0,475.0,0.311,0.216,1.0,0.649,0.0,0.0,1.0,0.0,0.0,0.0,0.0,0.0,1.0,58.23,1.0,68.0,47.5,31.2,1.0,
Nigeria,NGA,45.0,1984.0,475.0,0.187,0.094,0.0,0.693,,,,,,,,,,,1.0,,,,1.0,
Nigeria,NGA,45.0,1985.0,475.0,0.189,0.095,0.0,0.693,,,,,,,,,,,1.0,,,,1.0,
Nigeria,NGA,45.0,1986.0,475.0,0.193,0.098,0.0,0.693,,,,,,,,,,,1.0,,,,1.0,
Nigeria,NGA,45.0,1987.0,475.0,0.193,0.098,0.0,0.693,,,,,,,,,,,1.0,,,,1.0,
Nigeria,NGA,45.0,1988.0,475.0,0.193,0.098,0.0,0.693,,,,,,,,,,,1.0,,,,1.0,
Nigeria,NGA,45.0,1989.0,475.0,0.199,0.099,0.0,0.693,,,,,,,,,,,1.0,,,,1.0,
Nigeria,NGA,45.0,1990.0,475.0,0.203,0.1,0.0,0.693,,,,,,,,,,,1.0,,,,1.0,
Nigeria,NGA,45.0,1991.0,475.0,0.204,0.1,0.0,0.693,,,,,,,,,,,1.0,,,,1.0,
Nigeria,NGA,45.0,1992.0,475.0,0.223,0.108,0.0,0.476,0.0,0.0,1.0,0.0,0.0,0.0,0.0,0.0,0.0,,1.0,52.95,,,1.0,
Nigeria,NGA,45.0,1993.0,475.0,0.229,0.148,1.0,0.467,2.0,2.0,0.0,0.0,0.0,0.0,0.0,0.0,1.0,27.8,1.0,,58.4,41.6,1.0,0.0
Nigeria,NGA,45.0,1994.0,475.0,0.197,0.098,0.0,0.467,,,,,,,,,,,1.0,,,,1.0,
Nigeria,NGA,45.0,1995.0,475.0,0.189,0.095,0.0,0.467,,,,,,,,,,,1.0,,,,1.0,
Nigeria,NGA,45.0,1996.0,475.0,0.189,0.094,0.0,0.467,,,,,,,,,,,1.0,,,,1.0,
Nigeria,NGA,45.0,1997.0,475.0,0.2,0.097,0.0,0.467,,,,,,,,,,,1.0,,,,1.0,
Nigeria,NGA,45.0,1998.0,475.0,0.222,0.107,0.0,0.467,0.0,0.0,1.0,0.0,0.0,0.0,0.0,0.0,0.0,,1.0,81.21,,,1.0,
Nigeria,NGA,45.0,1999.0,475.0,0.376,0.243,1.0,0.764,2.0,2.0,1.0,0.0,0.0,0.0,0.0,0.0,1.0,57.36,1.0,57.22,62.8,37.2,1.0,
Nigeria,NGA,45.0,2000.0,475.0,0.471,0.327,1.0,0.766,,,,,,,,,,,1.0,,,,1.0,
Nigeria,NGA,45.0,2001.0,475.0,0.471,0.327,1.0,0.766,,,,,,,,,,,1.0,,,,1.0,
Nigeria,NGA,45.0,2002.0,475.0,0.471,0.327,1.0,0.766,,,,,,,,,,,1.0,,,,1.0,
Nigeria,NGA,45.0,2003.0,475.0,0.428,0.304,1.0,0.766,0.0,0.0,1.0,0.0,0.0,0.0,0.0,0.0,1.0,65.33,1.0,61.94,61.9,32.2,1.0,
Nigeria,NGA,45.0,2004.0,475.0,0.412,0.296,1.0,0.766,,,,,,,,,,,1.0,,,,1.0,
Nigeria,NGA,45.0,2005.0,475.0,0.412,0.296,1.0,0.766,,,,,,,,,,,1.0,,,,1.0,
Nigeria,NGA,45.0,2006.0,475.0,0.417,0.294,1.0,0.758,,,,,,,,,,,1.0,,,,1.0,
Nigeria,NGA,45.0,2007.0,475.0,0.408,0.297,1.0,0.758,1.0,1.0,1.0,0.0,0.0,0.0,0.0,0.0,1.0,49.85,1.0,72.78,69.6,18.7,1.0,
Nigeria,NGA,45.0,2008.0,475.0,0.414,0.303,1.0,0.764,,,,,,,,,,,1.0,,,,1.0,
Nigeria,NGA,45.0,2009.0,475.0,0.413,0.304,1.0,0.764,,,,,,,,,,,1.0,,,,1.0,
Nigeria,NGA,45.0,2010.0,475.0,0.43,0.319,1.0,0.809,,,,,,,,,,,1.0,,,,1.0,
Nigeria,NGA,45.0,2011.0,475.0,0.481,0.348,1.0,0.799,0.0,0.0,1.0,0.0,0.0,0.0,0.0,0.0,1.0,48.32,1.0,56.11,58.9,32.0,1.0,
Nigeria,NGA,45.0,2012.0,475.0,0.506,0.36,2.0,0.786,,,,,,,,,,,1.0,,,,1.0,
Nigeria,NGA,45.0,2013.0,475.0,0.52,0.381,2.0,0.814,,,,,,,,,,,1.0,,,,1.0,
Nigeria,NGA,45.0,2014.0,475.0,0.525,0.389,2.0,0.829,,,,,,,,,,,1.0,,,,1.0,
Nigeria,NGA,45.0,2015.0,475.0,0.554,0.401,2.0,0.836,0.0,0.0,1.0,0.0,0.0,0.0,0.0,0.0,1.0,32.1,1.0,62.5,53.96,44.96,1.0,
Nigeria,NGA,45.0,2016.0,475.0,0.555,0.395,2.0,0.829,,,,,,,,,,,1.0,,,,1.0,
Nigeria,NGA,45.0,2017.0,475.0,0.556,0.393,2.0,0.815,,,,,,,,,,,1.0,,,,1.0,
Nigeria,NGA,45.0,2018.0,475.0,0.555,0.391,2.0,0.807,,,,,,,,,,,1.0,,,,1.0,
Nigeria,NGA,45.0,2019.0,475.0,0.52,0.36,2.0,0.745,0.0,0.0,1.0,0.0,0.0,0.0,0.0,0.0,1.0,26.87,1.0,61.39,55.6,41.2,1.0,
Nigeria,NGA,45.0,2020.0,475.0,0.512,0.349,2.0,0.739,,,,,,,,,,,1.0,,,,1.0,
Nigeria,NGA,45.0,2021.0,475.0,0.488,0.331,1.0,0.699,,,,,,,,,,,1.0,,,,1.0,
Nigeria,NGA,45.0,2022.0,475.0,0.49,0.321,1.0,0.645,,,,,,,,,,,1.0,,,,1.0,
Nigeria,NGA,45.0,2023.0,475.0,0.484,0.316,1.0,0.667,1.0,1.0,1.0,0.0,0.0,0.0,0.0,0.0,1.0,20.6,1.0,48.89,36.61,29.07,1.0,
Nigeria,NGA,45.0,2024.0,475.0,0.499,0.314,1.0,0.591,,,,,,,,,,,1.0,,,,1.0,
Nigeria,NGA,45.0,2025.0,475.0,0.505,0.311,2.0,0.514,,,,,,,,,,,1.0,,,,1.0,
Philippines,PHL,46.0,1980.0,840.0,0.167,0.06,1.0,0.081,,,,,,,,,,,1.0,,,,1.0,
Philippines,PHL,46.0,1981.0,840.0,0.171,0.061,0.0,0.081,0.0,0.0,0.0,0.0,0.0,0.0,0.0,0.0,1.0,,1.0,,88.0,8.3,1.0,0.0
Philippines,PHL,46.0,1982.0,840.0,0.174,0.062,0.0,0.081,,,,,,,,,,,1.0,,,,1.0,0.0
Philippines,PHL,46.0,1983.0,840.0,0.177,0.062,0.0,0.081,,,,,,,,,,,1.0,,,,1.0,0.0
Philippines,PHL,46.0,1984.0,840.0,0.179,0.062,0.0,0.081,0.0,0.0,1.0,0.0,0.0,0.0,0.0,0.0,0.0,,1.0,61.2,,,1.0,0.0
Philippines,PHL,46.0,1985.0,840.0,0.182,0.063,0.0,0.081,,,,,,,,,,,1.0,,,,1.0,0.0
Philippines,PHL,46.0,1986.0,840.0,0.235,0.128,1.0,0.183,2.0,2.0,0.0,0.0,0.0,0.0,0.0,0.0,1.0,,1.0,,53.6,46.1,1.0,0.0
Philippines,PHL,46.0,1987.0,840.0,0.431,0.273,1.0,0.36,0.0,0.0,1.0,0.0,0.0,0.0,0.0,0.0,0.0,78.16,1.0,29.5,,,1.0,
Philippines,PHL,46.0,1988.0,840.0,0.552,0.417,2.0,0.758,,,,,,,,,,,1.0,,,,1.0,
Philippines,PHL,46.0,1989.0,840.0,0.552,0.417,2.0,0.758,,,,,,,,,,,1.0,,,,1.0,
Philippines,PHL,46.0,1990.0,840.0,0.565,0.43,2.0,0.787,,,,,,,,,,,1.0,,,,1.0,
Philippines,PHL,46.0,1991.0,840.0,0.565,0.433,2.0,0.787,,,,,,,,,,,1.0,,,,1.0,
Philippines,PHL,46.0,1992.0,840.0,0.555,0.425,2.0,0.797,2.0,2.0,1.0,0.0,0.0,0.0,0.0,0.0,1.0,65.29,1.0,43.0,23.6,19.7,1.0,
Philippines,PHL,46.0,1993.0,840.0,0.542,0.406,2.0,0.797,,,,,,,,,,,1.0,,,,1.0,
Philippines,PHL,46.0,1994.0,840.0,0.542,0.409,2.0,0.811,,,,,,,,,,,1.0,,,,1.0,
Philippines,PHL,46.0,1995.0,840.0,0.55,0.414,2.0,0.811,0.0,0.0,1.0,0.0,0.0,0.0,0.0,0.0,0.0,68.35,1.0,49.02,,,1.0,
Philippines,PHL,46.0,1996.0,840.0,0.555,0.416,2.0,0.811,,,,,,,,,,,1.0,,,,1.0,
Philippines,PHL,46.0,1997.0,840.0,0.555,0.416,2.0,0.811,,,,,,,,,,,1.0,,,,1.0,
Philippines,PHL,46.0,1998.0,840.0,0.579,0.428,2.0,0.776,2.0,2.0,1.0,0.0,0.0,0.0,0.0,0.0,1.0,68.96,1.0,43.19,39.9,15.9,1.0,
Philippines,PHL,46.0,1999.0,840.0,0.576,0.437,2.0,0.835,,,,,,,,,,,1.0,,,,1.0,
Philippines,PHL,46.0,2000.0,840.0,0.585,0.439,2.0,0.85,,,,,,,,,,,1.0,,,,1.0,
Philippines,PHL,46.0,2001.0,840.0,0.545,0.409,2.0,0.842,0.0,0.0,1.0,0.0,0.0,0.0,0.0,0.0,0.0,64.75,1.0,40.65,,,1.0,
Philippines,PHL,46.0,2002.0,840.0,0.531,0.394,2.0,0.802,,,,,,,,,,,1.0,,,,1.0,
Philippines,PHL,46.0,2003.0,840.0,0.529,0.393,2.0,0.802,,,,,,,,,,,1.0,,,,1.0,
Philippines,PHL,46.0,2004.0,840.0,0.486,0.354,1.0,0.701,0.0,0.0,1.0,0.0,0.0,0.0,0.0,0.0,1.0,68.77,1.0,39.41,40.0,36.5,1.0,
Philippines,PHL,46.0,2005.0,840.0,0.463,0.348,1.0,0.757,,,,,,,,,,,1.0,,,,1.0,
Philippines,PHL,46.0,2006.0,840.0,0.463,0.346,1.0,0.757,,,,,,,,,,,1.0,,,,1.0,
Philippines,PHL,46.0,2007.0,840.0,0.459,0.346,1.0,0.787,0.0,0.0,1.0,0.0,0.0,0.0,0.0,0.0,0.0,54.87,1.0,32.84,,,1.0,
Philippines,PHL,46.0,2008.0,840.0,0.456,0.347,1.0,0.787,,,,,,,,,,,1.0,,,,1.0,
Philippines,PHL,46.0,2009.0,840.0,0.46,0.348,1.0,0.778,,,,,,,,,,,1.0,,,,1.0,
Philippines,PHL,46.0,2010.0,840.0,0.506,0.395,2.0,0.758,2.0,2.0,1.0,0.0,0.0,0.0,0.0,0.0,1.0,69.93,1.0,37.06,42.1,26.3,1.0,
Philippines,PHL,46.0,2011.0,840.0,0.524,0.413,2.0,0.766,,,,,,,,,,,1.0,,,,1.0,
Philippines,PHL,46.0,2012.0,840.0,0.524,0.413,2.0,0.766,,,,,,,,,,,1.0,,,,1.0,
Philippines,PHL,46.0,2013.0,840.0,0.521,0.408,2.0,0.789,0.0,0.0,1.0,0.0,0.0,0.0,0.0,0.0,0.0,69.45,1.0,39.04,,,1.0,
Philippines,PHL,46.0,2014.0,840.0,0.521,0.408,2.0,0.789,,,,,,,,,,,1.0,,,,1.0,
Philippines,PHL,46.0,2015.0,840.0,0.522,0.409,2.0,0.789,,,,,,,,,,,1.0,,,,1.0,
Philippines,PHL,46.0,2016.0,840.0,0.485,0.346,1.0,0.655,2.0,2.0,1.0,0.0,0.0,0.0,0.0,0.0,1.0,72.2,1.0,39.39,39.01,23.45,1.0,
Philippines,PHL,46.0,2017.0,840.0,0.469,0.321,1.0,0.623,,,,,,,,,,,1.0,,,,1.0,
Philippines,PHL,46.0,2018.0,840.0,0.45,0.295,1.0,0.557,,,,,,,,,,,1.0,,,,1.0,
Philippines,PHL,46.0,2019.0,840.0,0.428,0.28,1.0,0.577,0.0,0.0,1.0,0.0,0.0,0.0,0.0,0.0,0.0,71.91,1.0,26.97,,,1.0,
Philippines,PHL,46.0,2020.0,840.0,0.405,0.27,1.0,0.577,,,,,,,,,,,1.0,,,,1.0,
Philippines,PHL,46.0,2021.0,840.0,0.411,0.271,1.0,0.577,,,,,,,,,,,1.0,,,,1.0,
Philippines,PHL,46.0,2022.0,840.0,0.411,0.277,1.0,0.608,0.0,0.0,1.0,0.0,0.0,0.0,0.0,0.0,1.0,78.7,1.0,20.89,58.77,27.94,1.0,
Philippines,PHL,46.0,2023.0,840.0,0.416,0.288,1.0,0.634,,,,,,,,,,,1.0,,,,1.0,
Philippines,PHL,46.0,2024.0,840.0,0.411,0.301,1.0,0.736,,,,,,,,,,,1.0,,,,1.0,
Philippines,PHL,46.0,2025.0,840.0,0.392,0.291,1.0,0.726,0.0,0.0,1.0,0.0,0.0,0.0,0.0,0.0,0.0,74.08,1.0,32.39,,,1.0,
Tanzania,TZA,47.0,1980.0,510.0,0.242,0.24,1.0,0.658,1.0,0.0,1.0,0.0,0.0,0.0,0.0,0.0,1.0,,1.0,100.0,95.5,,1.0,
Tanzania,TZA,47.0,1981.0,510.0,0.244,0.24,1.0,0.658,,,,,,,,,,,1.0,,,,1.0,
Tanzania,TZA,47.0,1982.0,510.0,0.248,0.242,1.0,0.658,,,,,,,,,,,1.0,,,,1.0,
Tanzania,TZA,47.0,1983.0,510.0,0.248,0.242,1.0,0.658,,,,,,,,,,,1.0,,,,1.0,
Tanzania,TZA,47.0,1984.0,510.0,0.248,0.242,1.0,0.658,,,,,,,,,,,1.0,,,,1.0,
Tanzania,TZA,47.0,1985.0,510.0,0.256,0.245,1.0,0.658,1.0,0.0,1.0,0.0,0.0,0.0,0.0,0.0,1.0,,1.0,100.0,95.7,,1.0,
Tanzania,TZA,47.0,1986.0,510.0,0.263,0.249,1.0,0.658,,,,,,,,,,,1.0,,,,1.0,
Tanzania,TZA,47.0,1987.0,510.0,0.267,0.251,1.0,0.658,,,,,,,,,,,1.0,,,,1.0,
Tanzania,TZA,47.0,1988.0,510.0,0.267,0.251,1.0,0.658,,,,,,,,,,,1.0,,,,1.0,
Tanzania,TZA,47.0,1989.0,510.0,0.267,0.251,1.0,0.658,,,,,,,,,,,1.0,,,,1.0,
Tanzania,TZA,47.0,1990.0,510.0,0.287,0.27,1.0,0.753,1.0,0.0,1.0,0.0,0.0,0.0,0.0,0.0,1.0,,1.0,100.0,97.8,,1.0,
Tanzania,TZA,47.0,1991.0,510.0,0.294,0.278,1.0,0.753,,,,,,,,,,,1.0,,,,1.0,
Tanzania,TZA,47.0,1992.0,510.0,0.393,0.331,1.0,0.753,,,,,,,,,,,1.0,,,,1.0,
Tanzania,TZA,47.0,1993.0,510.0,0.402,0.336,1.0,0.753,,,,,,,,,,,1.0,,,,1.0,
Tanzania,TZA,47.0,1994.0,510.0,0.414,0.345,1.0,0.753,,,,,,,,,,,1.0,,,,1.0,
Tanzania,TZA,47.0,1995.0,510.0,0.473,0.394,1.0,0.859,1.0,1.0,1.0,0.0,0.0,0.0,0.0,0.0,1.0,48.03,1.0,80.17,61.8,27.8,1.0,
Tanzania,TZA,47.0,1996.0,510.0,0.491,0.403,1.0,0.859,,,,,,,,,,,1.0,,,,1.0,
Tanzania,TZA,47.0,1997.0,510.0,0.491,0.403,1.0,0.859,,,,,,,,,,,1.0,,,,1.0,
Tanzania,TZA,47.0,1998.0,510.0,0.491,0.403,1.0,0.859,,,,,,,,,,,1.0,,,,1.0,
Tanzania,TZA,47.0,1999.0,510.0,0.491,0.403,1.0,0.859,,,,,,,,,,,1.0,,,,1.0,
Tanzania,TZA,47.0,2000.0,510.0,0.477,0.396,1.0,0.859,0.0,0.0,1.0,0.0,0.0,0.0,0.0,0.0,1.0,53.05,1.0,87.45,71.7,16.3,1.0,
Tanzania,TZA,47.0,2001.0,510.0,0.44,0.373,1.0,0.859,,,,,,,,,,,1.0,,,,1.0,
Tanzania,TZA,47.0,2002.0,510.0,0.44,0.373,1.0,0.859,,,,,,,,,,,1.0,,,,1.0,
Tanzania,TZA,47.0,2003.0,510.0,0.44,0.373,1.0,0.859,,,,,,,,,,,1.0,,,,1.0,
Tanzania,TZA,47.0,2004.0,510.0,0.44,0.373,1.0,0.859,,,,,,,,,,,1.0,,,,1.0,
Tanzania,TZA,47.0,2005.0,510.0,0.429,0.372,1.0,0.894,1.0,1.0,1.0,0.0,0.0,0.0,0.0,0.0,1.0,68.02,1.0,88.79,80.3,11.7,1.0,
Tanzania,TZA,47.0,2006.0,510.0,0.465,0.395,1.0,0.905,,,,,,,,,,,1.0,,,,1.0,
Tanzania,TZA,47.0,2007.0,510.0,0.462,0.393,1.0,0.905,,,,,,,,,,,1.0,,,,1.0,
Tanzania,TZA,47.0,2008.0,510.0,0.464,0.396,1.0,0.905,,,,,,,,,,,1.0,,,,1.0,
Tanzania,TZA,47.0,2009.0,510.0,0.465,0.395,1.0,0.905,,,,,,,,,,,1.0,,,,1.0,
Tanzania,TZA,47.0,2010.0,510.0,0.467,0.397,1.0,0.917,0.0,0.0,1.0,0.0,0.0,0.0,0.0,0.0,1.0,40.71,1.0,77.82,62.8,27.1,1.0,
Tanzania,TZA,47.0,2011.0,510.0,0.477,0.404,1.0,0.917,,,,,,,,,,,1.0,,,,1.0,
Tanzania,TZA,47.0,2012.0,510.0,0.475,0.401,1.0,0.908,,,,,,,,,,,1.0,,,,1.0,
Tanzania,TZA,47.0,2013.0,510.0,0.47,0.396,1.0,0.91,,,,,,,,,,,1.0,,,,1.0,
Tanzania,TZA,47.0,2014.0,510.0,0.467,0.394,1.0,0.91,,,,,,,,,,,1.0,,,,1.0,
Tanzania,TZA,47.0,2015.0,510.0,0.453,0.391,1.0,0.915,1.0,1.0,1.0,0.0,0.0,0.0,0.0,0.0,1.0,62.4,1.0,71.59,58.46,39.97,1.0,
Tanzania,TZA,47.0,2016.0,510.0,0.409,0.355,1.0,0.836,,,,,,,,,,,1.0,,,,1.0,
Tanzania,TZA,47.0,2017.0,510.0,0.401,0.351,1.0,0.833,,,,,,,,,,,1.0,,,,1.0,
Tanzania,TZA,47.0,2018.0,510.0,0.385,0.331,1.0,0.846,,,,,,,,,,,1.0,,,,1.0,
Tanzania,TZA,47.0,2019.0,510.0,0.383,0.325,1.0,0.792,,,,,,,,,,,1.0,,,,1.0,
Tanzania,TZA,47.0,2020.0,510.0,0.383,0.33,1.0,0.81,0.0,0.0,1.0,0.0,0.0,0.0,0.0,0.0,1.0,51.19,1.0,96.97,84.4,13.04,1.0,
Tanzania,TZA,47.0,2021.0,510.0,0.366,0.324,1.0,0.794,,,,,,,,,,,1.0,,,,1.0,
Tanzania,TZA,47.0,2022.0,510.0,0.397,0.347,1.0,0.799,,,,,,,,,,,1.0,,,,1.0,
Tanzania,TZA,47.0,2023.0,510.0,0.409,0.355,1.0,0.766,,,,,,,,,,,1.0,,,,1.0,
Tanzania,TZA,47.0,2024.0,510.0,0.413,0.357,1.0,0.804,,,,,,,,,,,1.0,,,,1.0,
Tanzania,TZA,47.0,2025.0,510.0,0.365,0.297,1.0,0.681,0.0,0.0,1.0,0.0,0.0,0.0,0.0,0.0,1.0,,1.0,,97.66,0.65,1.0,
Taiwan,TWN,48.0,1980.0,713.0,0.126,0.087,0.0,0.232,0.0,0.0,1.0,0.0,0.0,0.0,1.0,0.0,0.0,,1.0,80.0,,,0.5,0.0
Taiwan,TWN,48.0,1981.0,713.0,0.132,0.09,0.0,0.232,,,,,,,,,,,1.0,,,,0.5,0.0
Taiwan,TWN,48.0,1982.0,713.0,0.134,0.098,0.0,0.232,,,,,,,,,,,1.0,,,,0.5,0.0
Taiwan,TWN,48.0,1983.0,713.0,0.135,0.099,0.0,0.232,0.0,0.0,1.0,0.0,0.0,0.0,0.0,0.0,0.0,,1.0,84.69,,,0.5,0.0
Taiwan,TWN,48.0,1984.0,713.0,0.139,0.103,0.0,0.232,,,,,,,,,,,1.0,,,,0.5,0.0
Taiwan,TWN,48.0,1985.0,713.0,0.14,0.103,0.0,0.232,,,,,,,,,,,1.0,,,,0.5,0.0
Taiwan,TWN,48.0,1986.0,713.0,0.155,0.117,0.0,0.34,0.0,0.0,1.0,0.0,0.0,0.0,1.0,0.0,0.0,,1.0,79.0,,,0.5,0.0
Taiwan,TWN,48.0,1987.0,713.0,0.198,0.128,0.0,0.34,,,,,,,,,,,1.0,,,,0.5,0.0
Taiwan,TWN,48.0,1988.0,713.0,0.22,0.169,0.0,0.452,,,,,,,,,,,1.0,,,,0.5,0.0
Taiwan,TWN,48.0,1989.0,713.0,0.24,0.198,0.0,0.481,0.0,0.0,1.0,0.0,0.0,0.0,0.0,0.0,0.0,,1.0,72.31,,,0.0,0.0
Taiwan,TWN,48.0,1990.0,713.0,0.263,0.226,0.0,0.549,,,,,,,,,,,1.0,,,,0.5,0.0
Taiwan,TWN,48.0,1991.0,713.0,0.265,0.238,0.0,0.61,0.0,0.0,0.0,0.0,0.0,0.0,1.0,0.0,0.0,67.01,1.0,,,,0.5,0.0
Taiwan,TWN,48.0,1992.0,713.0,0.296,0.259,0.0,0.653,0.0,0.0,1.0,0.0,0.0,0.0,0.0,0.0,0.0,71.2,1.0,59.01,,,0.5,0.0
Taiwan,TWN,48.0,1993.0,713.0,0.319,0.275,0.0,0.704,,,,,,,,,,,1.0,,,,0.5,0.0
Taiwan,TWN,48.0,1994.0,713.0,0.32,0.277,0.0,0.704,,,,,,,,,,,1.0,,,,0.5,0.0
Taiwan,TWN,48.0,1995.0,713.0,0.324,0.279,0.0,0.704,0.0,0.0,1.0,0.0,0.0,0.0,0.0,0.0,0.0,67.08,1.0,51.83,,,0.5,0.0
Taiwan,TWN,48.0,1996.0,713.0,0.505,0.389,2.0,0.704,0.0,0.0,0.0,0.0,0.0,0.0,1.0,0.0,1.0,75.1,1.0,,54.0,21.1,0.5,0.0
Taiwan,TWN,48.0,1997.0,713.0,0.643,0.483,2.0,0.729,,,,,,,,,,,1.0,,,,0.0,0.0
Taiwan,TWN,48.0,1998.0,713.0,0.659,0.493,2.0,0.729,0.0,0.0,1.0,0.0,0.0,0.0,0.0,0.0,0.0,64.56,1.0,54.67,,,0.0,0.0
Taiwan,TWN,48.0,1999.0,713.0,0.649,0.489,2.0,0.729,,,,,,,,,,,1.0,,,,0.0,0.0
Taiwan,TWN,48.0,2000.0,713.0,0.772,0.674,3.0,0.857,0.0,0.0,0.0,0.0,0.0,0.0,0.0,0.0,1.0,77.58,1.0,,39.3,36.8,0.0,0.0
Taiwan,TWN,48.0,2001.0,713.0,0.782,0.682,3.0,0.857,1.0,0.0,1.0,0.0,0.0,0.0,0.0,0.0,0.0,63.14,1.0,38.67,,,0.0,0.0
Taiwan,TWN,48.0,2002.0,713.0,0.787,0.687,3.0,0.857,,,,,,,,,,,1.0,,,,0.0,0.0
Taiwan,TWN,48.0,2003.0,713.0,0.784,0.684,3.0,0.857,,,,,,,,,,,1.0,,,,0.0,0.0
Taiwan,TWN,48.0,2004.0,713.0,0.776,0.677,3.0,0.857,0.0,0.0,1.0,0.0,0.0,0.0,0.0,0.0,1.0,78.32,1.0,39.56,50.1,49.9,0.0,0.0
Taiwan,TWN,48.0,2005.0,713.0,0.771,0.675,3.0,0.865,0.0,0.0,0.0,0.0,0.0,0.0,1.0,0.0,0.0,,1.0,,,,0.0,0.0
Taiwan,TWN,48.0,2006.0,713.0,0.776,0.679,3.0,0.865,,,,,,,,,,,1.0,,,,0.0,0.0
Taiwan,TWN,48.0,2007.0,713.0,0.775,0.679,3.0,0.865,,,,,,,,,,,1.0,,,,0.0,0.0
Taiwan,TWN,48.0,2008.0,713.0,0.793,0.685,3.0,0.811,2.0,2.0,1.0,0.0,0.0,0.0,0.0,0.0,1.0,74.73,1.0,71.68,58.4,41.6,0.0,0.0
Taiwan,TWN,48.0,2009.0,713.0,0.794,0.667,3.0,0.811,,,,,,,,,,,1.0,,,,0.0,0.0
Taiwan,TWN,48.0,2010.0,713.0,0.798,0.668,3.0,0.811,0.0,0.0,1.0,0.0,0.0,0.0,0.0,0.0,0.0,,1.0,,,,0.0,0.0
Taiwan,TWN,48.0,2011.0,713.0,0.798,0.668,3.0,0.811,,,,,,,,,,,1.0,,,,0.0,0.0
Taiwan,TWN,48.0,2012.0,713.0,0.799,0.676,3.0,0.811,1.0,0.0,1.0,0.0,0.0,0.0,0.0,0.0,1.0,74.26,1.0,56.64,51.6,45.63,0.0,0.0
Taiwan,TWN,48.0,2013.0,713.0,0.803,0.684,3.0,0.798,,,,,,,,,,,1.0,,,,0.0,0.0
Taiwan,TWN,48.0,2014.0,713.0,0.806,0.685,3.0,0.798,,,,,,,,,,,1.0,,,,0.0,0.0
Taiwan,TWN,48.0,2015.0,713.0,0.806,0.686,3.0,0.798,,,,,,,,,,,1.0,,,,0.0,0.0
Taiwan,TWN,48.0,2016.0,713.0,0.835,0.727,3.0,0.81,2.0,2.0,1.0,0.0,0.0,0.0,0.0,0.0,1.0,65.84,1.0,60.18,56.01,31.0,0.0,0.0
Taiwan,TWN,48.0,2017.0,713.0,0.845,0.737,3.0,0.794,,,,,,,,,,,1.0,,,,0.0,0.0
Taiwan,TWN,48.0,2018.0,713.0,0.845,0.739,3.0,0.808,,,,,,,,,,,0.0,,,,0.0,0.0
Taiwan,TWN,48.0,2019.0,713.0,0.834,0.725,3.0,0.792,,,,,,,,,,,0.0,,,,0.0,0.0
Taiwan,TWN,48.0,2020.0,713.0,0.82,0.719,3.0,0.823,0.0,0.0,1.0,0.0,0.0,0.0,0.0,0.0,1.0,74.35,0.0,53.98,57.13,38.61,0.0,0.0
Taiwan,TWN,48.0,2021.0,713.0,0.82,0.711,3.0,0.81,,,,,,,,,,,0.0,,,,0.0,0.0
Taiwan,TWN,48.0,2022.0,713.0,0.827,0.729,3.0,0.847,,,,,,,,,,,0.0,,,,0.0,0.0
Taiwan,TWN,48.0,2023.0,713.0,0.823,0.725,3.0,0.834,,,,,,,,,,,0.0,,,,0.0,0.0
Taiwan,TWN,48.0,2024.0,713.0,0.804,0.707,3.0,0.857,1.0,1.0,1.0,0.0,0.0,0.0,0.0,0.0,1.0,71.24,0.0,46.0,40.05,33.49,0.0,0.0
Taiwan,TWN,48.0,2025.0,713.0,0.801,0.704,3.0,0.923,,,,,,,,,,,0.0,,,,0.0,0.0
Thailand,THA,49.0,1980.0,800.0,0.25,0.184,1.0,0.243,,,,,,,,,,,1.0,,,,0.0,0.0
Thailand,THA,49.0,1981.0,800.0,0.288,0.198,1.0,0.243,,,,,,,,,,,1.0,,,,0.0,0.0
Thailand,THA,49.0,1982.0,800.0,0.292,0.201,1.0,0.243,,,,,,,,,,,1.0,,,,0.0,0.0
Thailand,THA,49.0,1983.0,800.0,0.316,0.215,1.0,0.243,0.0,0.0,1.0,0.0,0.0,0.0,0.0,0.0,0.0,46.91,1.0,28.4,,,0.0,0.0
Thailand,THA,49.0,1984.0,800.0,0.326,0.219,1.0,0.243,,,,,,,,,,,1.0,,,,0.0,0.0
Thailand,THA,49.0,1985.0,800.0,0.327,0.221,1.0,0.243,,,,,,,,,,,1.0,,,,0.0,0.0
Thailand,THA,49.0,1986.0,800.0,0.322,0.222,1.0,0.273,0.0,0.0,1.0,0.0,0.0,0.0,0.0,0.0,0.0,54.27,1.0,28.82,,,0.0,0.0
Thailand,THA,49.0,1987.0,800.0,0.327,0.221,1.0,0.273,,,,,,,,,,,1.0,,,,0.0,0.0
Thailand,THA,49.0,1988.0,800.0,0.345,0.252,1.0,0.468,0.0,0.0,1.0,0.0,0.0,0.0,0.0,0.0,0.0,54.72,1.0,24.37,,,0.0,0.0
Thailand,THA,49.0,1989.0,800.0,0.363,0.261,1.0,0.468,,,,,,,,,,,1.0,,,,0.0,0.0
Thailand,THA,49.0,1990.0,800.0,0.371,0.264,1.0,0.468,,,,,,,,,,,1.0,,,,0.0,0.0
Thailand,THA,49.0,1991.0,800.0,0.209,0.158,0.0,0.092,,,,,,,,,,,1.0,,,,0.0,0.0
Thailand,THA,49.0,1992.0,800.0,0.271,0.2,1.0,0.409,2.0,0.0,1.0,0.0,0.0,0.0,0.0,0.0,0.0,58.39,1.0,21.94,,,0.0,0.0
Thailand,THA,49.0,1993.0,800.0,0.405,0.303,1.0,0.589,,,,,,,,,,,1.0,,,,0.0,0.0
Thailand,THA,49.0,1994.0,800.0,0.404,0.303,1.0,0.589,,,,,,,,,,,1.0,,,,0.0,0.0
Thailand,THA,49.0,1995.0,800.0,0.412,0.307,1.0,0.589,2.0,0.0,1.0,0.0,0.0,0.0,0.0,0.0,0.0,64.07,1.0,23.53,,,0.0,0.0
Thailand,THA,49.0,1996.0,800.0,0.394,0.278,1.0,0.472,2.0,0.0,1.0,0.0,0.0,0.0,0.0,0.0,0.0,65.03,1.0,31.81,,,0.0,0.0
Thailand,THA,49.0,1997.0,800.0,0.476,0.348,1.0,0.594,,,,,,,,,,,1.0,,,,0.0,0.0
Thailand,THA,49.0,1998.0,800.0,0.507,0.384,2.0,0.719,,,,,,,,,,,1.0,,,,0.0,0.0
Thailand,THA,49.0,1999.0,800.0,0.507,0.385,2.0,0.719,,,,,,,,,,,1.0,,,,0.0,0.0
Thailand,THA,49.0,2000.0,800.0,0.501,0.391,2.0,0.776,,,,,,,,,,,1.0,,,,0.0,0.0
Thailand,THA,49.0,2001.0,800.0,0.55,0.412,2.0,0.705,2.0,0.0,1.0,0.0,0.0,0.0,0.0,0.0,0.0,70.11,1.0,49.6,,,0.0,0.0
Thailand,THA,49.0,2002.0,800.0,0.547,0.408,2.0,0.721,,,,,,,,,,,1.0,,,,0.0,0.0
Thailand,THA,49.0,2003.0,800.0,0.537,0.391,2.0,0.645,,,,,,,,,,,1.0,,,,0.0,0.0
Thailand,THA,49.0,2004.0,800.0,0.53,0.382,2.0,0.645,,,,,,,,,,,1.0,,,,0.0,0.0
Thailand,THA,49.0,2005.0,800.0,0.507,0.359,2.0,0.591,0.0,0.0,1.0,0.0,0.0,0.0,0.0,0.0,0.0,73.46,1.0,75.4,,,0.0,0.0
Thailand,THA,49.0,2006.0,800.0,0.227,0.166,1.0,0.298,,,,,,,,,,,1.0,,,,0.0,0.0
Thailand,THA,49.0,2007.0,800.0,0.181,0.18,0.0,0.362,0.0,0.0,1.0,0.0,0.0,0.0,0.0,0.0,0.0,76.23,1.0,48.54,,,0.0,0.0
Thailand,THA,49.0,2008.0,800.0,0.402,0.336,1.0,0.837,,,,,,,,,,,1.0,,,,0.0,0.0
Thailand,THA,49.0,2009.0,800.0,0.418,0.337,1.0,0.796,,,,,,,,,,,1.0,,,,0.0,0.0
Thailand,THA,49.0,2010.0,800.0,0.411,0.33,1.0,0.818,,,,,,,,,,,1.0,,,,0.0,0.0
Thailand,THA,49.0,2011.0,800.0,0.462,0.373,1.0,0.836,2.0,0.0,1.0,0.0,0.0,0.0,0.0,0.0,0.0,69.29,1.0,53.0,,,0.0,1.0
Thailand,THA,49.0,2012.0,800.0,0.493,0.4,1.0,0.857,,,,,,,,,,,1.0,,,,0.0,1.0
Thailand,THA,49.0,2013.0,800.0,0.446,0.352,1.0,0.825,,,,,,,,,,,1.0,,,,0.0,1.0
Thailand,THA,49.0,2014.0,800.0,0.162,0.116,0.0,0.292,,,1.0,0.0,0.0,0.0,0.0,0.0,0.0,39.35,1.0,,,,0.0,0.0
Thailand,THA,49.0,2015.0,800.0,0.16,0.105,0.0,0.059,,,,,,,,,,,1.0,,,,0.0,0.0
Thailand,THA,49.0,2016.0,800.0,0.16,0.105,0.0,0.05,,,,,,,,,,,1.0,,,,0.0,0.0
Thailand,THA,49.0,2017.0,800.0,0.154,0.102,0.0,0.048,,,,,,,,,,,1.0,,,,0.0,0.0
Thailand,THA,49.0,2018.0,800.0,0.17,0.11,0.0,0.059,,,,,,,,,,,1.0,,,,0.0,0.0
Thailand,THA,49.0,2019.0,800.0,0.208,0.184,0.0,0.677,0.0,0.0,1.0,0.0,0.0,0.0,0.0,0.0,0.0,69.75,1.0,27.2,,,0.0,0.0
Thailand,THA,49.0,2020.0,800.0,0.201,0.187,0.0,0.772,,,,,,,,,,,1.0,,,,0.0,0.0
Thailand,THA,49.0,2021.0,800.0,0.208,0.187,0.0,0.704,,,,,,,,,,,1.0,,,,0.0,0.0
Thailand,THA,49.0,2022.0,800.0,0.216,0.195,0.0,0.762,,,,,,,,,,,1.0,,,,0.0,0.0
Thailand,THA,49.0,2023.0,800.0,0.295,0.246,1.0,0.827,2.0,0.0,1.0,0.0,0.0,0.0,0.0,0.0,0.0,70.32,1.0,30.2,,,0.0,0.0
Thailand,THA,49.0,2024.0,800.0,0.41,0.306,1.0,0.862,,,,,,,,,,,1.0,,,,0.0,1.0
Thailand,THA,49.0,2025.0,800.0,0.424,0.314,1.0,0.916,,,,,,,,,,,1.0,,,,0.0,0.0
Uganda,UGA,50.0,1980.0,500.0,0.147,0.043,1.0,0.424,1.0,0.0,1.0,0.0,0.0,0.0,0.0,0.0,0.0,68.94,0.0,58.73,,,1.0,0.0
Uganda,UGA,50.0,1981.0,500.0,0.221,0.098,1.0,0.423,,,,,,,,,,,0.0,,,,1.0,0.0
Uganda,UGA,50.0,1982.0,500.0,0.22,0.097,1.0,0.423,,,,,,,,,,,0.0,,,,1.0,0.0
Uganda,UGA,50.0,1983.0,500.0,0.22,0.093,1.0,0.423,,,,,,,,,,,0.0,,,,1.0,0.0
Uganda,UGA,50.0,1984.0,500.0,0.22,0.093,1.0,0.423,,,,,,,,,,,0.0,,,,1.0,0.0
Uganda,UGA,50.0,1985.0,500.0,0.182,0.069,0.0,0.407,,,,,,,,,,,0.0,,,,1.0,0.0
Uganda,UGA,50.0,1986.0,500.0,0.122,0.107,0.0,0.581,,,,,,,,,,,0.0,,,,1.0,0.0
Uganda,UGA,50.0,1987.0,500.0,0.124,0.138,0.0,0.594,,,,,,,,,,,0.0,,,,1.0,0.0
Uganda,UGA,50.0,1988.0,500.0,0.132,0.14,0.0,0.594,,,,,,,,,,,0.0,,,,1.0,0.0
Uganda,UGA,50.0,1989.0,500.0,0.171,0.15,0.0,0.594,0.0,0.0,1.0,0.0,0.0,0.0,0.0,0.0,0.0,,0.0,,,,1.0,0.0
Uganda,UGA,50.0,1990.0,500.0,0.178,0.161,1.0,0.657,,,,,,,,,,,0.0,,,,1.0,0.0
Uganda,UGA,50.0,1991.0,500.0,0.255,0.189,1.0,0.657,,,,,,,,,,,0.0,,,,1.0,0.0
Uganda,UGA,50.0,1992.0,500.0,0.258,0.19,1.0,0.657,,,,,,,,,,,0.0,,,,1.0,0.0
Uganda,UGA,50.0,1993.0,500.0,0.265,0.195,1.0,0.657,,,,,,,,,,,0.0,,,,1.0,0.0
Uganda,UGA,50.0,1994.0,500.0,0.287,0.206,0.0,0.657,0.0,0.0,0.0,0.0,0.0,0.0,1.0,0.0,0.0,,0.0,,,,1.0,0.0
Uganda,UGA,50.0,1995.0,500.0,0.293,0.225,0.0,0.699,,,,,,,,,,,0.0,,,,1.0,
Uganda,UGA,50.0,1996.0,500.0,0.304,0.241,1.0,0.807,0.0,0.0,1.0,0.0,0.0,0.0,0.0,0.0,1.0,62.42,0.0,,74.2,23.7,1.0,
Uganda,UGA,50.0,1997.0,500.0,0.305,0.239,1.0,0.807,,,,,,,,,,,0.0,,,,1.0,
Uganda,UGA,50.0,1998.0,500.0,0.305,0.239,1.0,0.807,,,,,,,,,,,0.0,,,,1.0,
Uganda,UGA,50.0,1999.0,500.0,0.305,0.239,1.0,0.807,,,,,,,,,,,0.0,,,,1.0,
Uganda,UGA,50.0,2000.0,500.0,0.304,0.236,1.0,0.801,,,,,,,,,,,0.0,,,,1.0,
Uganda,UGA,50.0,2001.0,500.0,0.27,0.222,1.0,0.801,0.0,0.0,1.0,0.0,0.0,0.0,0.0,0.0,1.0,74.23,0.0,,69.3,27.8,1.0,
Uganda,UGA,50.0,2002.0,500.0,0.262,0.214,1.0,0.757,,,,,,,,,,,0.0,,,,1.0,
Uganda,UGA,50.0,2003.0,500.0,0.257,0.212,1.0,0.757,,,,,,,,,,,0.0,,,,1.0,
Uganda,UGA,50.0,2004.0,500.0,0.265,0.216,1.0,0.757,,,,,,,,,,,0.0,,,,1.0,
Uganda,UGA,50.0,2005.0,500.0,0.294,0.231,1.0,0.757,,,,,,,,,,,0.0,,,,1.0,
Uganda,UGA,50.0,2006.0,500.0,0.318,0.243,1.0,0.755,0.0,0.0,1.0,0.0,0.0,0.0,0.0,0.0,1.0,61.17,0.0,67.69,59.3,37.4,1.0,
Uganda,UGA,50.0,2007.0,500.0,0.323,0.246,1.0,0.766,,,,,,,,,,,0.0,,,,1.0,
Uganda,UGA,50.0,2008.0,500.0,0.32,0.243,1.0,0.769,,,,,,,,,,,0.0,,,,1.0,
Uganda,UGA,50.0,2009.0,500.0,0.318,0.241,1.0,0.769,,,,,,,,,,,0.0,,,,1.0,
Uganda,UGA,50.0,2010.0,500.0,0.317,0.238,1.0,0.777,,,,,,,,,,,0.0,,,,1.0,
Uganda,UGA,50.0,2011.0,500.0,0.317,0.233,1.0,0.769,1.0,0.0,1.0,0.0,0.0,0.0,0.0,0.0,1.0,55.32,0.0,71.43,68.4,26.0,1.0,
Uganda,UGA,50.0,2012.0,500.0,0.316,0.232,1.0,0.77,,,,,,,,,,,0.0,,,,1.0,
Uganda,UGA,50.0,2013.0,500.0,0.312,0.23,1.0,0.751,,,,,,,,,,,0.0,,,,1.0,
Uganda,UGA,50.0,2014.0,500.0,0.305,0.226,1.0,0.748,,,,,,,,,,,0.0,,,,1.0,
Uganda,UGA,50.0,2015.0,500.0,0.3,0.222,1.0,0.738,,,,,,,,,,,0.0,,,,1.0,
Uganda,UGA,50.0,2016.0,500.0,0.289,0.205,1.0,0.717,0.0,0.0,1.0,0.0,0.0,0.0,0.0,0.0,1.0,60.37,0.0,70.57,60.62,35.61,1.0,
Uganda,UGA,50.0,2017.0,500.0,0.291,0.201,1.0,0.691,,,,,,,,,,,0.0,,,,1.0,
Uganda,UGA,50.0,2018.0,500.0,0.283,0.194,1.0,0.696,,,,,,,,,,,0.0,,,,1.0,
Uganda,UGA,50.0,2019.0,500.0,0.284,0.193,1.0,0.681,,,,,,,,,,,0.0,,,,1.0,
Uganda,UGA,50.0,2020.0,500.0,0.285,0.192,1.0,0.702,,,,,,,,,,,0.0,,,,1.0,
Uganda,UGA,50.0,2021.0,500.0,0.274,0.18,1.0,0.648,0.0,0.0,1.0,0.0,0.0,0.0,0.0,0.0,1.0,49.77,0.0,67.33,58.38,35.08,1.0,
Uganda,UGA,50.0,2022.0,500.0,0.269,0.185,1.0,0.673,,,,,,,,,,,0.0,,,,1.0,
Uganda,UGA,50.0,2023.0,500.0,0.259,0.179,1.0,0.662,,,,,,,,,,,0.0,,,,1.0,
Uganda,UGA,50.0,2024.0,500.0,0.261,0.168,1.0,0.59,,,,,,,,,,,0.0,,,,1.0,
Uganda,UGA,50.0,2025.0,500.0,0.253,0.165,1.0,0.67,,,,,,,,,,,0.0,,,,1.0,
Venezuela,VEN,51.0,1980.0,101.0,0.731,0.59,2.0,0.871,,,,,,,,,,,1.0,,,,1.0,
Venezuela,VEN,51.0,1981.0,101.0,0.731,0.585,2.0,0.85,,,,,,,,,,,1.0,,,,1.0,
Venezuela,VEN,51.0,1982.0,101.0,0.731,0.587,2.0,0.849,,,,,,,,,,,1.0,,,,1.0,
Venezuela,VEN,51.0,1983.0,101.0,0.732,0.587,2.0,0.849,2.0,2.0,1.0,0.0,0.0,0.0,0.0,0.0,1.0,77.1,1.0,56.5,58.4,33.5,1.0,
Venezuela,VEN,51.0,1984.0,101.0,0.731,0.588,2.0,0.845,,,,,,,,,,,1.0,,,,1.0,
Venezuela,VEN,51.0,1985.0,101.0,0.73,0.586,2.0,0.845,,,,,,,,,,,1.0,,,,1.0,
Venezuela,VEN,51.0,1986.0,101.0,0.726,0.584,2.0,0.845,,,,,,,,,,,1.0,,,,1.0,
Venezuela,VEN,51.0,1987.0,101.0,0.726,0.584,2.0,0.845,,,,,,,,,,,1.0,,,,1.0,
Venezuela,VEN,51.0,1988.0,101.0,0.732,0.584,2.0,0.845,1.0,1.0,1.0,0.0,0.0,0.0,0.0,0.0,1.0,72.94,1.0,48.26,52.9,40.4,1.0,
Venezuela,VEN,51.0,1989.0,101.0,0.735,0.585,2.0,0.875,,,,,,,,,,,1.0,,,,1.0,
Venezuela,VEN,51.0,1990.0,101.0,0.741,0.595,2.0,0.905,,,,,,,,,,,1.0,,,,1.0,
Venezuela,VEN,51.0,1991.0,101.0,0.742,0.618,2.0,0.915,,,,,,,,,,,1.0,,,,1.0,
Venezuela,VEN,51.0,1992.0,101.0,0.733,0.609,2.0,0.915,,,,,,,,,,,1.0,,,,1.0,
Venezuela,VEN,51.0,1993.0,101.0,0.744,0.614,2.0,0.892,2.0,2.0,1.0,0.0,0.0,0.0,0.0,0.0,1.0,48.52,1.0,27.09,30.5,23.6,1.0,
Venezuela,VEN,51.0,1994.0,101.0,0.748,0.602,2.0,0.892,,,,,,,,,,,1.0,,,,1.0,
Venezuela,VEN,51.0,1995.0,101.0,0.748,0.604,2.0,0.892,,,,,,,,,,,1.0,,,,1.0,
Venezuela,VEN,51.0,1996.0,101.0,0.748,0.604,2.0,0.892,,,,,,,,,,,1.0,,,,1.0,
Venezuela,VEN,51.0,1997.0,101.0,0.746,0.603,2.0,0.892,,,,,,,,,,,1.0,,,,1.0,
Venezuela,VEN,51.0,1998.0,101.0,0.73,0.575,2.0,0.892,2.0,2.0,1.0,0.0,0.0,0.0,0.0,0.0,1.0,52.0,1.0,29.47,56.2,40.0,1.0,
Venezuela,VEN,51.0,1999.0,101.0,0.665,0.44,2.0,0.507,0.0,0.0,0.0,0.0,0.0,0.0,1.0,0.0,0.0,,1.0,,,,1.0,
Venezuela,VEN,51.0,2000.0,101.0,0.573,0.31,2.0,0.295,0.0,0.0,1.0,0.0,0.0,0.0,0.0,0.0,1.0,46.71,1.0,46.67,59.8,37.5,1.0,
Venezuela,VEN,51.0,2001.0,101.0,0.529,0.288,2.0,0.316,,,,,,,,,,,1.0,,,,1.0,
Venezuela,VEN,51.0,2002.0,101.0,0.495,0.255,1.0,0.227,,,,,,,,,,,1.0,,,,1.0,
Venezuela,VEN,51.0,2003.0,101.0,0.487,0.243,1.0,0.2,,,,,,,,,,,1.0,,,,1.0,
Venezuela,VEN,51.0,2004.0,101.0,0.475,0.216,1.0,0.194,,,,,,,,,,,1.0,,,,1.0,
Venezuela,VEN,51.0,2005.0,101.0,0.474,0.182,1.0,0.07,0.0,0.0,1.0,0.0,0.0,0.0,0.0,0.0,0.0,23.88,1.0,69.46,,,1.0,
Venezuela,VEN,51.0,2006.0,101.0,0.45,0.168,1.0,0.039,0.0,0.0,0.0,0.0,0.0,0.0,0.0,0.0,1.0,76.41,1.0,,62.8,36.9,1.0,
Venezuela,VEN,51.0,2007.0,101.0,0.434,0.162,1.0,0.039,,,,,,,,,,,1.0,,,,1.0,
Venezuela,VEN,51.0,2008.0,101.0,0.432,0.159,1.0,0.039,,,,,,,,,,,1.0,,,,1.0,
Venezuela,VEN,51.0,2009.0,101.0,0.431,0.16,1.0,0.039,,,,,,,,,,,1.0,,,,1.0,
Venezuela,VEN,51.0,2010.0,101.0,0.419,0.154,1.0,0.036,0.0,0.0,1.0,0.0,0.0,0.0,0.0,0.0,0.0,66.6,1.0,57.49,,,1.0,
Venezuela,VEN,51.0,2011.0,101.0,0.415,0.152,1.0,0.029,,,,,,,,,,,1.0,,,,1.0,
Venezuela,VEN,51.0,2012.0,101.0,0.399,0.145,1.0,0.029,0.0,0.0,0.0,0.0,0.0,0.0,0.0,0.0,1.0,81.98,1.0,,55.1,44.3,1.0,
Venezuela,VEN,51.0,2013.0,101.0,0.327,0.109,1.0,0.032,1.0,1.0,0.0,0.0,0.0,0.0,0.0,0.0,1.0,80.16,1.0,,50.61,49.12,1.0,
Venezuela,VEN,51.0,2014.0,101.0,0.312,0.102,1.0,0.032,,,,,,,,,,,1.0,,,,1.0,
Venezuela,VEN,51.0,2015.0,101.0,0.3,0.103,1.0,0.114,0.0,0.0,1.0,0.0,0.0,0.0,0.0,0.0,0.0,73.78,1.0,66.46,,,1.0,
Venezuela,VEN,51.0,2016.0,101.0,0.293,0.118,1.0,0.282,,,,,,,,,,,1.0,,,,1.0,
Venezuela,VEN,51.0,2017.0,101.0,0.233,0.082,1.0,0.263,0.0,0.0,0.0,0.0,0.0,0.0,1.0,0.0,0.0,,1.0,,,,1.0,
Venezuela,VEN,51.0,2018.0,101.0,0.213,0.061,1.0,0.147,0.0,0.0,0.0,0.0,0.0,0.0,0.0,0.0,1.0,43.67,1.0,,67.84,20.93,1.0,
Venezuela,VEN,51.0,2019.0,101.0,0.209,0.06,1.0,0.164,,,,,,,,,,,1.0,,,,1.0,
Venezuela,VEN,51.0,2020.0,101.0,0.206,0.056,1.0,0.138,0.0,0.0,1.0,0.0,0.0,0.0,0.0,0.0,0.0,31.38,1.0,91.34,,,1.0,
Venezuela,VEN,51.0,2021.0,101.0,0.215,0.056,1.0,0.067,,,,,,,,,,,1.0,,,,1.0,
Venezuela,VEN,51.0,2022.0,101.0,0.209,0.054,1.0,0.052,,,,,,,,,,,1.0,,,,1.0,
Venezuela,VEN,51.0,2023.0,101.0,0.206,0.053,1.0,0.052,,,,,,,,,,,1.0,,,,1.0,
Venezuela,VEN,51.0,2024.0,101.0,0.196,0.046,1.0,0.04,0.0,0.0,0.0,0.0,0.0,0.0,0.0,0.0,1.0,,1.0,,51.95,43.18,1.0,
Venezuela,VEN,51.0,2025.0,101.0,0.181,0.042,1.0,0.04,0.0,0.0,1.0,0.0,0.0,0.0,0.0,0.0,0.0,,1.0,88.77,,,1.0,
Benin,BEN,52.0,1980.0,434.0,0.106,0.085,0.0,0.214,,,,,,,,,,,1.0,,,,1.0,
Benin,BEN,52.0,1981.0,434.0,0.106,0.085,0.0,0.214,,,,,,,,,,,1.0,,,,1.0,
Benin,BEN,52.0,1982.0,434.0,0.106,0.085,0.0,0.214,,,,,,,,,,,1.0,,,,1.0,
Benin,BEN,52.0,1983.0,434.0,0.106,0.085,0.0,0.214,,,,,,,,,,,1.0,,,,1.0,
Benin,BEN,52.0,1984.0,434.0,0.104,0.084,0.0,0.214,0.0,0.0,1.0,0.0,0.0,0.0,0.0,0.0,0.0,,1.0,100.0,,,1.0,
Benin,BEN,52.0,1985.0,434.0,0.101,0.084,0.0,0.214,,,,,,,,,,,1.0,,,,1.0,
Benin,BEN,52.0,1986.0,434.0,0.101,0.084,0.0,0.214,,,,,,,,,,,1.0,,,,1.0,
Benin,BEN,52.0,1987.0,434.0,0.102,0.084,0.0,0.214,,,,,,,,,,,1.0,,,,1.0,
Benin,BEN,52.0,1988.0,434.0,0.102,0.084,0.0,0.214,,,,,,,,,,,1.0,,,,1.0,
Benin,BEN,52.0,1989.0,434.0,0.102,0.084,0.0,0.214,0.0,0.0,1.0,0.0,0.0,0.0,0.0,0.0,0.0,,1.0,100.0,,,1.0,
Benin,BEN,52.0,1990.0,434.0,0.221,0.162,0.0,0.706,,,,,,,,,,,1.0,,,,1.0,
Benin,BEN,52.0,1991.0,434.0,0.462,0.361,1.0,0.873,2.0,2.0,1.0,0.0,0.0,0.0,0.0,0.0,1.0,57.23,1.0,18.75,36.2,27.2,1.0,
Benin,BEN,52.0,1992.0,434.0,0.598,0.491,2.0,0.928,,,,,,,,,,,1.0,,,,1.0,
Benin,BEN,52.0,1993.0,434.0,0.598,0.491,2.0,0.928,,,,,,,,,,,1.0,,,,1.0,
Benin,BEN,52.0,1994.0,434.0,0.598,0.491,2.0,0.928,,,,,,,,,,,1.0,,,,1.0,
Benin,BEN,52.0,1995.0,434.0,0.624,0.512,2.0,0.928,0.0,0.0,1.0,0.0,0.0,0.0,0.0,0.0,0.0,73.65,1.0,25.3,,,1.0,
Benin,BEN,52.0,1996.0,434.0,0.617,0.507,2.0,0.927,2.0,2.0,0.0,0.0,0.0,0.0,0.0,0.0,1.0,72.9,1.0,,35.7,33.9,1.0,
Benin,BEN,52.0,1997.0,434.0,0.618,0.5,2.0,0.9,,,,,,,,,,,1.0,,,,1.0,
Benin,BEN,52.0,1998.0,434.0,0.618,0.5,2.0,0.9,,,,,,,,,,,1.0,,,,1.0,
Benin,BEN,52.0,1999.0,434.0,0.613,0.497,2.0,0.9,0.0,0.0,1.0,0.0,0.0,0.0,0.0,0.0,0.0,65.85,1.0,32.53,,,1.0,
Benin,BEN,52.0,2000.0,434.0,0.611,0.501,2.0,0.923,,,,,,,,,,,1.0,,,,1.0,
Benin,BEN,52.0,2001.0,434.0,0.609,0.499,2.0,0.923,0.0,0.0,0.0,0.0,0.0,0.0,0.0,0.0,1.0,86.3,1.0,,45.4,27.1,1.0,
Benin,BEN,52.0,2002.0,434.0,0.61,0.502,2.0,0.923,,,,,,,,,,,1.0,,,,1.0,
Benin,BEN,52.0,2003.0,434.0,0.603,0.494,2.0,0.923,0.0,0.0,1.0,0.0,0.0,0.0,0.0,0.0,0.0,52.2,1.0,37.35,,,1.0,
Benin,BEN,52.0,2004.0,434.0,0.601,0.492,2.0,0.923,,,,,,,,,,,1.0,,,,1.0,
Benin,BEN,52.0,2005.0,434.0,0.622,0.508,2.0,0.896,,,,,,,,,,,1.0,,,,1.0,
Benin,BEN,52.0,2006.0,434.0,0.659,0.535,2.0,0.89,2.0,2.0,0.0,0.0,0.0,0.0,0.0,0.0,1.0,87.17,1.0,,35.8,24.2,1.0,
Benin,BEN,52.0,2007.0,434.0,0.645,0.524,2.0,0.89,0.0,0.0,1.0,0.0,0.0,0.0,0.0,0.0,0.0,61.83,1.0,42.17,,,1.0,
Benin,BEN,52.0,2008.0,434.0,0.635,0.515,2.0,0.89,,,,,,,,,,,1.0,,,,1.0,
Benin,BEN,52.0,2009.0,434.0,0.633,0.513,2.0,0.89,,,,,,,,,,,1.0,,,,1.0,
Benin,BEN,52.0,2010.0,434.0,0.635,0.516,2.0,0.89,,,,,,,,,,,1.0,,,,1.0,
Benin,BEN,52.0,2011.0,434.0,0.599,0.486,2.0,0.89,0.0,0.0,1.0,0.0,0.0,0.0,0.0,0.0,1.0,68.39,1.0,49.4,53.1,35.6,1.0,
Benin,BEN,52.0,2012.0,434.0,0.596,0.483,2.0,0.89,,,,,,,,,,,1.0,,,,1.0,
Benin,BEN,52.0,2013.0,434.0,0.603,0.482,2.0,0.841,,,,,,,,,,,1.0,,,,1.0,
Benin,BEN,52.0,2014.0,434.0,0.606,0.485,2.0,0.841,,,,,,,,,,,1.0,,,,1.0,
Benin,BEN,52.0,2015.0,434.0,0.652,0.523,2.0,0.894,0.0,0.0,1.0,0.0,0.0,0.0,0.0,0.0,0.0,56.69,1.0,39.76,,,1.0,
Benin,BEN,52.0,2016.0,434.0,0.712,0.579,2.0,0.898,2.0,2.0,0.0,0.0,0.0,0.0,0.0,0.0,1.0,58.35,1.0,,28.44,24.8,1.0,
Benin,BEN,52.0,2017.0,434.0,0.713,0.593,2.0,0.821,,,,,,,,,,,1.0,,,,1.0,
Benin,BEN,52.0,2018.0,434.0,0.606,0.472,2.0,0.691,,,,,,,,,,,1.0,,,,1.0,
Benin,BEN,52.0,2019.0,434.0,0.452,0.335,1.0,0.555,0.0,0.0,1.0,0.0,0.0,0.0,0.0,0.0,0.0,19.23,1.0,56.63,,,1.0,
Benin,BEN,52.0,2020.0,434.0,0.408,0.284,1.0,0.367,,,,,,,,,,,1.0,,,,1.0,
Benin,BEN,52.0,2021.0,434.0,0.39,0.271,1.0,0.369,0.0,0.0,0.0,0.0,0.0,0.0,0.0,0.0,1.0,44.39,1.0,,86.3,11.37,1.0,
Benin,BEN,52.0,2022.0,434.0,0.423,0.285,1.0,0.355,,,,,,,,,,,1.0,,,,1.0,
Benin,BEN,52.0,2023.0,434.0,0.487,0.313,1.0,0.342,0.0,0.0,1.0,0.0,0.0,0.0,0.0,0.0,0.0,37.37,1.0,48.62,,,1.0,
Benin,BEN,52.0,2024.0,434.0,0.491,0.323,1.0,0.29,,,,,,,,,,,1.0,,,,1.0,
Benin,BEN,52.0,2025.0,434.0,0.493,0.323,1.0,0.29,,,,,,,,,,,1.0,,,,1.0,
Bhutan,BTN,53.0,1980.0,760.0,0.053,0.126,0.0,0.124,,,,,,,,,,,0.0,,,,1.0,
Bhutan,BTN,53.0,1981.0,760.0,0.053,0.126,0.0,0.124,,,,,,,,,,,1.0,,,,1.0,
Bhutan,BTN,53.0,1982.0,760.0,0.053,0.126,0.0,0.124,,,,,,,,,,,1.0,,,,1.0,
Bhutan,BTN,53.0,1983.0,760.0,0.053,0.126,0.0,0.124,,,,,,,,,,,1.0,,,,1.0,
Bhutan,BTN,53.0,1984.0,760.0,0.053,0.126,0.0,0.124,,,,,,,,,,,1.0,,,,1.0,
Bhutan,BTN,53.0,1985.0,760.0,0.053,0.124,0.0,0.124,,,,,,,,,,,1.0,,,,1.0,
Bhutan,BTN,53.0,1986.0,760.0,0.057,0.124,0.0,0.124,,,,,,,,,,,1.0,,,,1.0,
Bhutan,BTN,53.0,1987.0,760.0,0.059,0.124,0.0,0.124,,,,,,,,,,,1.0,,,,1.0,
Bhutan,BTN,53.0,1988.0,760.0,0.059,0.124,0.0,0.124,,,,,,,,,,,1.0,,,,1.0,
Bhutan,BTN,53.0,1989.0,760.0,0.059,0.126,0.0,0.124,,,,,,,,,,,1.0,,,,1.0,
Bhutan,BTN,53.0,1990.0,760.0,0.059,0.128,0.0,0.124,,,,,,,,,,,1.0,,,,1.0,
Bhutan,BTN,53.0,1991.0,760.0,0.059,0.128,0.0,0.124,,,,,,,,,,,1.0,,,,1.0,
Bhutan,BTN,53.0,1992.0,760.0,0.063,0.129,0.0,0.124,,,,,,,,,,,1.0,,,,1.0,
Bhutan,BTN,53.0,1993.0,760.0,0.065,0.131,0.0,0.124,,,,,,,,,,,1.0,,,,1.0,
Bhutan,BTN,53.0,1994.0,760.0,0.064,0.131,0.0,0.124,,,,,,,,,,,1.0,,,,1.0,
Bhutan,BTN,53.0,1995.0,760.0,0.064,0.131,0.0,0.124,,,,,,,,,,,1.0,,,,1.0,
Bhutan,BTN,53.0,1996.0,760.0,0.064,0.131,0.0,0.124,,,,,,,,,,,1.0,,,,1.0,
Bhutan,BTN,53.0,1997.0,760.0,0.064,0.131,0.0,0.124,,,,,,,,,,,1.0,,,,1.0,
Bhutan,BTN,53.0,1998.0,760.0,0.064,0.141,0.0,0.245,,,,,,,,,,,1.0,,,,0.5,0.0
Bhutan,BTN,53.0,1999.0,760.0,0.088,0.148,0.0,0.265,,,,,,,,,,,1.0,,,,0.5,0.0
Bhutan,BTN,53.0,2000.0,760.0,0.091,0.15,0.0,0.265,,,,,,,,,,,1.0,,,,0.5,0.0
Bhutan,BTN,53.0,2001.0,760.0,0.093,0.152,0.0,0.265,,,,,,,,,,,1.0,,,,0.5,0.0
Bhutan,BTN,53.0,2002.0,760.0,0.095,0.159,0.0,0.265,,,,,,,,,,,1.0,,,,0.5,0.0
Bhutan,BTN,53.0,2003.0,760.0,0.096,0.158,0.0,0.265,,,,,,,,,,,1.0,,,,0.5,0.0
Bhutan,BTN,53.0,2004.0,760.0,0.098,0.158,0.0,0.265,,,,,,,,,,,1.0,,,,0.5,0.0
Bhutan,BTN,53.0,2005.0,760.0,0.099,0.158,0.0,0.265,,,,,,,,,,,1.0,,,,0.5,0.0
Bhutan,BTN,53.0,2006.0,760.0,0.107,0.162,0.0,0.277,,,,,,,,,,,1.0,,,,0.5,0.0
Bhutan,BTN,53.0,2007.0,760.0,0.133,0.169,0.0,0.287,,,,,,,,,,,1.0,,,,0.5,0.0
Bhutan,BTN,53.0,2008.0,760.0,0.491,0.431,1.0,0.783,2.0,0.0,1.0,0.0,0.0,0.0,0.0,0.0,0.0,61.81,1.0,95.74,,,0.0,0.0
Bhutan,BTN,53.0,2009.0,760.0,0.587,0.498,3.0,0.813,,,,,,,,,,,1.0,,,,0.0,0.0
Bhutan,BTN,53.0,2010.0,760.0,0.601,0.507,3.0,0.813,,,,,,,,,,,1.0,,,,0.0,0.0
Bhutan,BTN,53.0,2011.0,760.0,0.601,0.508,3.0,0.813,,,,,,,,,,,1.0,,,,0.0,0.0
Bhutan,BTN,53.0,2012.0,760.0,0.597,0.507,3.0,0.813,,,,,,,,,,,1.0,,,,0.0,0.0
Bhutan,BTN,53.0,2013.0,760.0,0.573,0.482,2.0,0.801,2.0,0.0,1.0,1.0,0.0,0.0,0.0,0.0,0.0,53.96,1.0,68.09,,,0.0,0.0
Bhutan,BTN,53.0,2014.0,760.0,0.564,0.475,2.0,0.801,,,,,,,,,,,1.0,,,,0.0,0.0
Bhutan,BTN,53.0,2015.0,760.0,0.568,0.479,2.0,0.801,,,,,,,,,,,1.0,,,,0.0,0.0
Bhutan,BTN,53.0,2016.0,760.0,0.558,0.471,2.0,0.801,,,,,,,,,,,1.0,,,,0.0,0.0
Bhutan,BTN,53.0,2017.0,760.0,0.571,0.48,2.0,0.801,,,,,,,,,,,1.0,,,,0.0,0.0
Bhutan,BTN,53.0,2018.0,760.0,0.579,0.489,2.0,0.827,2.0,0.0,1.0,1.0,0.0,0.0,0.0,0.0,0.0,59.08,1.0,63.83,,,0.0,0.0
Bhutan,BTN,53.0,2019.0,760.0,0.598,0.517,2.0,0.857,,,,,,,,,,,1.0,,,,0.0,0.0
Bhutan,BTN,53.0,2020.0,760.0,0.598,0.515,2.0,0.85,,,,,,,,,,,1.0,,,,0.0,0.0
Bhutan,BTN,53.0,2021.0,760.0,0.574,0.482,3.0,0.802,,,,,,,,,,,1.0,,,,0.0,0.0
Bhutan,BTN,53.0,2022.0,760.0,0.558,0.466,3.0,0.796,,,,,,,,,,,1.0,,,,0.0,0.0
Bhutan,BTN,53.0,2023.0,760.0,0.532,0.447,3.0,0.796,2.0,0.0,1.0,0.0,0.0,0.0,0.0,0.0,0.0,49.96,1.0,63.83,,,0.0,0.0
Bhutan,BTN,53.0,2024.0,760.0,0.565,0.457,2.0,0.833,2.0,0.0,0.0,1.0,0.0,0.0,0.0,0.0,0.0,52.13,1.0,63.83,,,0.0,0.0
Bhutan,BTN,53.0,2025.0,760.0,0.566,0.457,2.0,0.833,,,,,,,,,,,1.0,,,,0.0,0.0
Burkina Faso,BFA,54.0,1980.0,439.0,0.316,0.185,1.0,0.285,,,,,,,,,,,0.0,,,,1.0,
Burkina Faso,BFA,54.0,1981.0,439.0,0.159,0.106,0.0,0.189,,,,,,,,,,,0.0,,,,1.0,
Burkina Faso,BFA,54.0,1982.0,439.0,0.159,0.106,0.0,0.189,,,,,,,,,,,0.0,,,,1.0,
Burkina Faso,BFA,54.0,1983.0,439.0,0.16,0.114,0.0,0.189,,,,,,,,,,,0.0,,,,1.0,
Burkina Faso,BFA,54.0,1984.0,439.0,0.158,0.112,0.0,0.189,,,,,,,,,,,0.0,,,,1.0,
Burkina Faso,BFA,54.0,1985.0,439.0,0.155,0.111,0.0,0.189,,,,,,,,,,,0.0,,,,1.0,
Burkina Faso,BFA,54.0,1986.0,439.0,0.155,0.113,0.0,0.189,,,,,,,,,,,0.0,,,,1.0,
Burkina Faso,BFA,54.0,1987.0,439.0,0.159,0.113,0.0,0.189,,,,,,,,,,,0.0,,,,1.0,
Burkina Faso,BFA,54.0,1988.0,439.0,0.159,0.101,0.0,0.189,,,,,,,,,,,0.0,,,,1.0,
Burkina Faso,BFA,54.0,1989.0,439.0,0.159,0.1,0.0,0.189,,,,,,,,,,,0.0,,,,1.0,
Burkina Faso,BFA,54.0,1990.0,439.0,0.167,0.102,0.0,0.189,,,,,,,,,,,0.0,,,,1.0,
Burkina Faso,BFA,54.0,1991.0,439.0,0.193,0.114,1.0,0.189,0.0,2.0,0.0,0.0,0.0,0.0,0.0,0.0,1.0,27.34,0.0,,100.0,,1.0,
Burkina Faso,BFA,54.0,1992.0,439.0,0.415,0.212,1.0,0.139,0.0,0.0,1.0,0.0,0.0,0.0,0.0,0.0,0.0,26.72,0.0,72.9,,,1.0,0.0
Burkina Faso,BFA,54.0,1993.0,439.0,0.481,0.256,1.0,0.19,,,,,,,,,,,0.0,,,,1.0,0.0
Burkina Faso,BFA,54.0,1994.0,439.0,0.481,0.256,1.0,0.19,,,,,,,,,,,0.0,,,,1.0,0.0
Burkina Faso,BFA,54.0,1995.0,439.0,0.481,0.256,1.0,0.19,,,,,,,,,,,0.0,,,,1.0,0.0
Burkina Faso,BFA,54.0,1996.0,439.0,0.484,0.256,1.0,0.19,,,,,,,,,,,0.0,,,,1.0,0.0
Burkina Faso,BFA,54.0,1997.0,439.0,0.486,0.257,1.0,0.19,0.0,0.0,1.0,0.0,0.0,0.0,0.0,0.0,0.0,41.29,0.0,90.99,,,1.0,0.0
Burkina Faso,BFA,54.0,1998.0,439.0,0.492,0.262,1.0,0.19,0.0,0.0,0.0,0.0,0.0,0.0,0.0,0.0,1.0,46.92,0.0,,87.5,6.6,1.0,0.0
Burkina Faso,BFA,54.0,1999.0,439.0,0.487,0.304,1.0,0.371,,,,,,,,,,,0.0,,,,1.0,0.0
Burkina Faso,BFA,54.0,2000.0,439.0,0.516,0.324,2.0,0.371,,,,,,,,,,,0.0,,,,1.0,0.0
Burkina Faso,BFA,54.0,2001.0,439.0,0.519,0.325,2.0,0.371,,,,,,,,,,,0.0,,,,1.0,0.0
Burkina Faso,BFA,54.0,2002.0,439.0,0.517,0.325,2.0,0.371,0.0,0.0,1.0,0.0,0.0,0.0,0.0,0.0,0.0,33.47,0.0,51.35,,,1.0,0.0
Burkina Faso,BFA,54.0,2003.0,439.0,0.516,0.324,2.0,0.371,,,,,,,,,,,0.0,,,,1.0,0.0
Burkina Faso,BFA,54.0,2004.0,439.0,0.516,0.324,2.0,0.371,,,,,,,,,,,0.0,,,,1.0,0.0
Burkina Faso,BFA,54.0,2005.0,439.0,0.52,0.326,2.0,0.371,0.0,0.0,0.0,0.0,0.0,0.0,0.0,0.0,1.0,36.4,0.0,,80.4,4.9,1.0,0.0
Burkina Faso,BFA,54.0,2006.0,439.0,0.542,0.34,2.0,0.371,,,,,,,,,,,1.0,,,,1.0,0.0
Burkina Faso,BFA,54.0,2007.0,439.0,0.534,0.335,2.0,0.371,0.0,0.0,1.0,0.0,0.0,0.0,0.0,0.0,0.0,37.93,1.0,65.77,,,1.0,0.0
Burkina Faso,BFA,54.0,2008.0,439.0,0.531,0.333,2.0,0.371,,,,,,,,,,,1.0,,,,1.0,0.0
Burkina Faso,BFA,54.0,2009.0,439.0,0.537,0.334,2.0,0.371,,,,,,,,,,,1.0,,,,1.0,0.0
Burkina Faso,BFA,54.0,2010.0,439.0,0.559,0.351,2.0,0.384,0.0,0.0,0.0,0.0,0.0,0.0,0.0,0.0,1.0,23.0,1.0,,80.2,8.2,1.0,0.0
Burkina Faso,BFA,54.0,2011.0,439.0,0.561,0.354,2.0,0.384,,,,,,,,,,,1.0,,,,1.0,0.0
Burkina Faso,BFA,54.0,2012.0,439.0,0.571,0.358,2.0,0.384,0.0,0.0,1.0,0.0,0.0,0.0,0.0,0.0,0.0,39.67,1.0,55.12,,,1.0,0.0
Burkina Faso,BFA,54.0,2013.0,439.0,0.598,0.405,2.0,0.498,,,,,,,,,,,1.0,,,,0.5,0.0
Burkina Faso,BFA,54.0,2014.0,439.0,0.569,0.417,2.0,0.585,,,,,,,,,,,1.0,,,,0.5,0.0
Burkina Faso,BFA,54.0,2015.0,439.0,0.376,0.306,1.0,0.602,1.0,2.0,1.0,0.0,0.0,0.0,0.0,0.0,1.0,36.4,1.0,38.58,53.49,29.65,0.5,0.0
Burkina Faso,BFA,54.0,2016.0,439.0,0.683,0.504,2.0,0.604,,,,,,,,,,,1.0,,,,0.5,0.0
Burkina Faso,BFA,54.0,2017.0,439.0,0.683,0.511,2.0,0.613,,,,,,,,,,,1.0,,,,0.5,0.0
Burkina Faso,BFA,54.0,2018.0,439.0,0.666,0.485,2.0,0.603,,,,,,,,,,,1.0,,,,0.5,0.0
Burkina Faso,BFA,54.0,2019.0,439.0,0.657,0.477,2.0,0.603,,,,,,,,,,,1.0,,,,0.5,0.0
Burkina Faso,BFA,54.0,2020.0,439.0,0.662,0.486,2.0,0.635,0.0,0.0,1.0,0.0,0.0,0.0,0.0,0.0,1.0,28.88,1.0,44.09,57.87,15.48,0.5,0.0
Burkina Faso,BFA,54.0,2021.0,439.0,0.634,0.456,2.0,0.623,,,,,,,,,,,1.0,,,,0.5,0.0
Burkina Faso,BFA,54.0,2022.0,439.0,0.275,0.224,1.0,0.491,,,,,,,,,,,1.0,,,,1.0,0.0
Burkina Faso,BFA,54.0,2023.0,439.0,0.212,0.179,0.0,0.282,,,,,,,,,,,1.0,,,,1.0,0.0
Burkina Faso,BFA,54.0,2024.0,439.0,0.154,0.126,0.0,0.218,,,,,,,,,,,1.0,,,,1.0,0.0
Burkina Faso,BFA,54.0,2025.0,439.0,0.134,0.103,0.0,0.176,,,,,,,,,,,1.0,,,,1.0,0.0
Cambodia,KHM,55.0,1980.0,811.0,0.07,0.022,0.0,0.098,,,,,,,,,,,1.0,,,,1.0,
Cambodia,KHM,55.0,1981.0,811.0,0.089,0.024,1.0,0.098,2.0,0.0,1.0,0.0,0.0,0.0,0.0,0.0,0.0,,1.0,100.0,,,0.5,0.0
Cambodia,KHM,55.0,1982.0,811.0,0.105,0.02,1.0,0.032,,,,,,,,,,,1.0,,,,0.5,0.0
Cambodia,KHM,55.0,1983.0,811.0,0.105,0.021,1.0,0.032,,,,,,,,,,,1.0,,,,0.5,0.0
Cambodia,KHM,55.0,1984.0,811.0,0.105,0.021,1.0,0.032,,,,,,,,,,,1.0,,,,0.5,0.0
Cambodia,KHM,55.0,1985.0,811.0,0.105,0.021,1.0,0.032,,,,,,,,,,,1.0,,,,0.5,0.0
Cambodia,KHM,55.0,1986.0,811.0,0.105,0.021,1.0,0.032,,,,,,,,,,,1.0,,,,0.5,0.0
Cambodia,KHM,55.0,1987.0,811.0,0.105,0.021,1.0,0.032,,,,,,,,,,,1.0,,,,0.5,0.0
Cambodia,KHM,55.0,1988.0,811.0,0.105,0.021,1.0,0.032,,,,,,,,,,,1.0,,,,0.5,0.0
Cambodia,KHM,55.0,1989.0,811.0,0.105,0.021,1.0,0.032,,,,,,,,,,,1.0,,,,0.5,0.0
Cambodia,KHM,55.0,1990.0,811.0,0.138,0.027,1.0,0.032,,,,,,,,,,,1.0,,,,0.0,0.0
Cambodia,KHM,55.0,1991.0,811.0,0.139,0.028,1.0,0.032,,,,,,,,,,,1.0,,,,0.0,0.0
Cambodia,KHM,55.0,1992.0,811.0,0.164,0.041,1.0,0.032,,,,,,,,,,,1.0,,,,0.0,0.0
Cambodia,KHM,55.0,1993.0,811.0,0.318,0.104,1.0,0.136,2.0,0.0,1.0,0.0,0.0,0.0,0.0,0.0,0.0,88.84,1.0,48.33,,,0.0,0.0
Cambodia,KHM,55.0,1994.0,811.0,0.365,0.139,1.0,0.181,,,,,,,,,,,1.0,,,,0.0,0.0
Cambodia,KHM,55.0,1995.0,811.0,0.365,0.14,1.0,0.181,,,,,,,,,,,1.0,,,,0.0,0.0
Cambodia,KHM,55.0,1996.0,811.0,0.365,0.14,1.0,0.181,,,,,,,,,,,1.0,,,,0.0,0.0
Cambodia,KHM,55.0,1997.0,811.0,0.365,0.137,1.0,0.181,,,,,,,,,,,1.0,,,,0.0,0.0
Cambodia,KHM,55.0,1998.0,811.0,0.347,0.132,1.0,0.17,2.0,0.0,1.0,0.0,0.0,0.0,0.0,0.0,0.0,92.16,1.0,52.46,,,0.0,0.0
Cambodia,KHM,55.0,1999.0,811.0,0.321,0.125,1.0,0.17,,,,,,,,,,,1.0,,,,0.0,0.0
Cambodia,KHM,55.0,2000.0,811.0,0.318,0.124,1.0,0.17,,,,,,,,,,,1.0,,,,0.0,0.0
Cambodia,KHM,55.0,2001.0,811.0,0.317,0.126,1.0,0.17,,,,,,,,,,,1.0,,,,0.0,0.0
Cambodia,KHM,55.0,2002.0,811.0,0.317,0.124,1.0,0.17,,,,,,,,,,,1.0,,,,0.0,0.0
Cambodia,KHM,55.0,2003.0,811.0,0.321,0.126,1.0,0.17,0.0,0.0,1.0,0.0,0.0,0.0,0.0,0.0,0.0,77.92,1.0,59.35,,,0.0,0.0
Cambodia,KHM,55.0,2004.0,811.0,0.324,0.126,1.0,0.17,,,,,,,,,,,1.0,,,,0.0,0.0
Cambodia,KHM,55.0,2005.0,811.0,0.32,0.123,1.0,0.17,,,,,,,,,,,1.0,,,,0.0,0.0
Cambodia,KHM,55.0,2006.0,811.0,0.32,0.123,1.0,0.17,,,,,,,,,,,1.0,,,,0.0,0.0
Cambodia,KHM,55.0,2007.0,811.0,0.319,0.123,1.0,0.17,,,,,,,,,,,1.0,,,,0.0,0.0
Cambodia,KHM,55.0,2008.0,811.0,0.316,0.121,1.0,0.154,0.0,0.0,1.0,0.0,0.0,0.0,0.0,0.0,0.0,75.91,1.0,73.17,,,0.0,0.0
Cambodia,KHM,55.0,2009.0,811.0,0.308,0.118,1.0,0.154,,,,,,,,,,,1.0,,,,0.0,0.0
Cambodia,KHM,55.0,2010.0,811.0,0.308,0.118,1.0,0.154,,,,,,,,,,,1.0,,,,0.0,0.0
Cambodia,KHM,55.0,2011.0,811.0,0.308,0.118,1.0,0.154,,,,,,,,,,,1.0,,,,0.0,0.0
Cambodia,KHM,55.0,2012.0,811.0,0.305,0.118,1.0,0.154,,,,,,,,,,,1.0,,,,0.0,0.0
Cambodia,KHM,55.0,2013.0,811.0,0.297,0.114,1.0,0.185,0.0,0.0,1.0,0.0,0.0,0.0,0.0,0.0,0.0,69.76,1.0,55.28,,,0.0,0.0
Cambodia,KHM,55.0,2014.0,811.0,0.293,0.114,1.0,0.203,,,,,,,,,,,1.0,,,,0.0,0.0
Cambodia,KHM,55.0,2015.0,811.0,0.291,0.115,1.0,0.203,,,,,,,,,,,1.0,,,,0.0,0.0
Cambodia,KHM,55.0,2016.0,811.0,0.275,0.103,1.0,0.188,,,,,,,,,,,1.0,,,,0.0,0.0
Cambodia,KHM,55.0,2017.0,811.0,0.234,0.078,1.0,0.106,,,,,,,,,,,1.0,,,,0.0,0.0
Cambodia,KHM,55.0,2018.0,811.0,0.211,0.07,1.0,0.061,0.0,0.0,1.0,0.0,0.0,0.0,0.0,0.0,0.0,66.26,1.0,100.0,,,0.0,0.0
Cambodia,KHM,55.0,2019.0,811.0,0.194,0.066,1.0,0.027,,,,,,,,,,,1.0,,,,0.0,0.0
Cambodia,KHM,55.0,2020.0,811.0,0.191,0.063,1.0,0.038,,,,,,,,,,,1.0,,,,0.0,0.0
Cambodia,KHM,55.0,2021.0,811.0,0.19,0.059,1.0,0.051,,,,,,,,,,,1.0,,,,0.0,0.0
Cambodia,KHM,55.0,2022.0,811.0,0.199,0.059,1.0,0.035,,,,,,,,,,,1.0,,,,0.0,0.0
Cambodia,KHM,55.0,2023.0,811.0,0.189,0.052,1.0,0.035,1.0,0.0,1.0,0.0,0.0,0.0,0.0,0.0,0.0,74.75,1.0,96.0,,,0.0,0.0
Cambodia,KHM,55.0,2024.0,811.0,0.184,0.048,1.0,0.035,,,,,,,,,,,1.0,,,,0.0,0.0
Cambodia,KHM,55.0,2025.0,811.0,0.183,0.051,1.0,0.054,,,,,,,,,,,1.0,,,,0.0,0.0
Indonesia,IDN,56.0,1980.0,850.0,0.193,0.058,1.0,0.063,,,,,,,,,,,1.0,,,,1.0,
Indonesia,IDN,56.0,1981.0,850.0,0.193,0.058,1.0,0.063,,,,,,,,,,,1.0,,,,1.0,
Indonesia,IDN,56.0,1982.0,850.0,0.192,0.058,1.0,0.063,0.0,0.0,1.0,0.0,0.0,0.0,0.0,0.0,0.0,89.0,1.0,67.58,,,1.0,
Indonesia,IDN,56.0,1983.0,850.0,0.192,0.058,1.0,0.063,,,,,,,,,,,1.0,,,,1.0,
Indonesia,IDN,56.0,1984.0,850.0,0.192,0.058,1.0,0.063,,,,,,,,,,,1.0,,,,1.0,
Indonesia,IDN,56.0,1985.0,850.0,0.192,0.057,1.0,0.063,,,,,,,,,,,1.0,,,,1.0,
Indonesia,IDN,56.0,1986.0,850.0,0.192,0.057,1.0,0.063,,,,,,,,,,,1.0,,,,1.0,
Indonesia,IDN,56.0,1987.0,850.0,0.192,0.057,1.0,0.063,0.0,0.0,1.0,0.0,0.0,0.0,0.0,0.0,0.0,87.53,1.0,74.75,,,1.0,
Indonesia,IDN,56.0,1988.0,850.0,0.192,0.056,1.0,0.057,,,,,,,,,,,1.0,,,,1.0,
Indonesia,IDN,56.0,1989.0,850.0,0.192,0.056,1.0,0.057,,,,,,,,,,,1.0,,,,1.0,
Indonesia,IDN,56.0,1990.0,850.0,0.192,0.057,1.0,0.057,,,,,,,,,,,1.0,,,,1.0,
Indonesia,IDN,56.0,1991.0,850.0,0.195,0.057,1.0,0.057,,,,,,,,,,,1.0,,,,1.0,
Indonesia,IDN,56.0,1992.0,850.0,0.194,0.052,1.0,0.04,0.0,0.0,1.0,0.0,0.0,0.0,0.0,0.0,0.0,87.6,1.0,70.5,,,1.0,
Indonesia,IDN,56.0,1993.0,850.0,0.193,0.052,1.0,0.04,,,,,,,,,,,1.0,,,,1.0,
Indonesia,IDN,56.0,1994.0,850.0,0.193,0.052,1.0,0.04,,,,,,,,,,,1.0,,,,1.0,
Indonesia,IDN,56.0,1995.0,850.0,0.193,0.052,1.0,0.04,,,,,,,,,,,1.0,,,,1.0,
Indonesia,IDN,56.0,1996.0,850.0,0.193,0.051,1.0,0.04,,,,,,,,,,,1.0,,,,1.0,
Indonesia,IDN,56.0,1997.0,850.0,0.2,0.052,1.0,0.042,0.0,0.0,1.0,0.0,0.0,0.0,0.0,0.0,0.0,92.81,1.0,76.47,,,1.0,
Indonesia,IDN,56.0,1998.0,850.0,0.286,0.117,1.0,0.362,,,,,,,,,,,1.0,,,,1.0,
Indonesia,IDN,56.0,1999.0,850.0,0.55,0.417,2.0,0.739,0.0,0.0,1.0,0.0,0.0,0.0,0.0,0.0,0.0,85.69,1.0,33.33,,,1.0,
Indonesia,IDN,56.0,2000.0,850.0,0.666,0.505,2.0,0.739,,,,,,,,,,,1.0,,,,1.0,
Indonesia,IDN,56.0,2001.0,850.0,0.666,0.505,2.0,0.739,,,,,,,,,,,1.0,,,,1.0,
Indonesia,IDN,56.0,2002.0,850.0,0.666,0.512,2.0,0.77,,,,,,,,,,,1.0,,,,1.0,
Indonesia,IDN,56.0,2003.0,850.0,0.666,0.512,2.0,0.77,,,,,,,,,,,1.0,,,,1.0,
Indonesia,IDN,56.0,2004.0,850.0,0.689,0.528,2.0,0.77,2.0,2.0,1.0,0.0,0.0,0.0,0.0,0.0,1.0,87.6,1.0,23.09,33.6,26.6,1.0,
Indonesia,IDN,56.0,2005.0,850.0,0.7,0.534,2.0,0.77,,,,,,,,,,,1.0,,,,1.0,
Indonesia,IDN,56.0,2006.0,850.0,0.696,0.534,2.0,0.77,,,,,,,,,,,1.0,,,,1.0,
Indonesia,IDN,56.0,2007.0,850.0,0.697,0.537,2.0,0.77,,,,,,,,,,,1.0,,,,1.0,
Indonesia,IDN,56.0,2008.0,850.0,0.707,0.545,2.0,0.77,,,,,,,,,,,1.0,,,,1.0,
Indonesia,IDN,56.0,2009.0,850.0,0.684,0.526,2.0,0.752,0.0,0.0,1.0,0.0,0.0,0.0,0.0,0.0,1.0,74.04,1.0,26.43,60.8,26.79,1.0,
Indonesia,IDN,56.0,2010.0,850.0,0.686,0.539,2.0,0.771,,,,,,,,,,,1.0,,,,1.0,
Indonesia,IDN,56.0,2011.0,850.0,0.686,0.538,2.0,0.771,,,,,,,,,,,1.0,,,,1.0,
Indonesia,IDN,56.0,2012.0,850.0,0.685,0.534,2.0,0.771,,,,,,,,,,,1.0,,,,1.0,
Indonesia,IDN,56.0,2013.0,850.0,0.668,0.52,2.0,0.791,,,,,,,,,,,1.0,,,,1.0,
Indonesia,IDN,56.0,2014.0,850.0,0.658,0.512,2.0,0.8,2.0,2.0,1.0,0.0,0.0,0.0,0.0,0.0,1.0,82.93,1.0,19.46,53.15,46.85,1.0,
Indonesia,IDN,56.0,2015.0,850.0,0.654,0.511,2.0,0.764,,,,,,,,,,,1.0,,,,1.0,
Indonesia,IDN,56.0,2016.0,850.0,0.639,0.496,2.0,0.751,,,,,,,,,,,1.0,,,,1.0,
Indonesia,IDN,56.0,2017.0,850.0,0.627,0.484,2.0,0.751,,,,,,,,,,,1.0,,,,1.0,
Indonesia,IDN,56.0,2018.0,850.0,0.599,0.463,2.0,0.741,,,,,,,,,,,1.0,,,,1.0,
Indonesia,IDN,56.0,2019.0,850.0,0.596,0.459,2.0,0.736,0.0,0.0,1.0,0.0,0.0,0.0,0.0,0.0,1.0,82.44,1.0,22.26,55.5,44.5,1.0,
Indonesia,IDN,56.0,2020.0,850.0,0.566,0.411,2.0,0.649,,,,,,,,,,,1.0,,,,1.0,
Indonesia,IDN,56.0,2021.0,850.0,0.545,0.398,2.0,0.649,,,,,,,,,,,1.0,,,,1.0,
Indonesia,IDN,56.0,2022.0,850.0,0.561,0.39,2.0,0.604,,,,,,,,,,,1.0,,,,1.0,
Indonesia,IDN,56.0,2023.0,850.0,0.538,0.348,2.0,0.553,,,,,,,,,,,1.0,,,,1.0,
Indonesia,IDN,56.0,2024.0,850.0,0.496,0.332,1.0,0.551,2.0,2.0,1.0,0.0,0.0,0.0,0.0,0.0,1.0,82.11,1.0,19.0,58.59,24.95,1.0,
Indonesia,IDN,56.0,2025.0,850.0,0.462,0.296,1.0,0.517,,,,,,,,,,,1.0,,,,1.0,
Mozambique,MOZ,57.0,1980.0,541.0,0.08,0.048,0.0,0.141,,,,,,,,,,,1.0,,,,1.0,
Mozambique,MOZ,57.0,1981.0,541.0,0.08,0.048,0.0,0.141,,,,,,,,,,,1.0,,,,1.0,
Mozambique,MOZ,57.0,1982.0,541.0,0.08,0.048,0.0,0.141,,,,,,,,,,,1.0,,,,1.0,
Mozambique,MOZ,57.0,1983.0,541.0,0.08,0.048,0.0,0.141,,,,,,,,,,,1.0,,,,1.0,
Mozambique,MOZ,57.0,1984.0,541.0,0.08,0.048,0.0,0.141,,,,,,,,,,,1.0,,,,1.0,
Mozambique,MOZ,57.0,1985.0,541.0,0.08,0.048,0.0,0.141,,,,,,,,,,,1.0,,,,1.0,
Mozambique,MOZ,57.0,1986.0,541.0,0.08,0.048,0.0,0.141,,,,,,,,,,,1.0,,,,1.0,
Mozambique,MOZ,57.0,1987.0,541.0,0.081,0.05,0.0,0.141,,,,,,,,,,,1.0,,,,1.0,
Mozambique,MOZ,57.0,1988.0,541.0,0.081,0.051,0.0,0.141,,,,,,,,,,,1.0,,,,1.0,
Mozambique,MOZ,57.0,1989.0,541.0,0.081,0.051,0.0,0.141,,,,,,,,,,,1.0,,,,1.0,
Mozambique,MOZ,57.0,1990.0,541.0,0.123,0.111,0.0,0.141,,,,,,,,,,,1.0,,,,1.0,
Mozambique,MOZ,57.0,1991.0,541.0,0.16,0.132,0.0,0.141,,,,,,,,,,,1.0,,,,1.0,
Mozambique,MOZ,57.0,1992.0,541.0,0.183,0.138,0.0,0.141,,,,,,,,,,,1.0,,,,1.0,
Mozambique,MOZ,57.0,1993.0,541.0,0.22,0.154,0.0,0.141,,,,,,,,,,,1.0,,,,1.0,
Mozambique,MOZ,57.0,1994.0,541.0,0.246,0.199,1.0,0.431,1.0,0.0,1.0,0.0,0.0,0.0,0.0,0.0,1.0,66.49,1.0,51.6,53.3,33.7,1.0,
Mozambique,MOZ,57.0,1995.0,541.0,0.463,0.305,1.0,0.468,,,,,,,,,,,1.0,,,,1.0,
Mozambique,MOZ,57.0,1996.0,541.0,0.457,0.304,1.0,0.468,,,,,,,,,,,1.0,,,,1.0,
Mozambique,MOZ,57.0,1997.0,541.0,0.457,0.301,1.0,0.468,,,,,,,,,,,1.0,,,,1.0,
Mozambique,MOZ,57.0,1998.0,541.0,0.46,0.302,1.0,0.468,,,,,,,,,,,1.0,,,,1.0,
Mozambique,MOZ,57.0,1999.0,541.0,0.453,0.298,1.0,0.468,0.0,0.0,1.0,0.0,0.0,0.0,0.0,0.0,1.0,59.42,1.0,53.2,52.3,47.7,1.0,
Mozambique,MOZ,57.0,2000.0,541.0,0.419,0.297,1.0,0.468,,,,,,,,,,,1.0,,,,1.0,
Mozambique,MOZ,57.0,2001.0,541.0,0.419,0.297,1.0,0.468,,,,,,,,,,,1.0,,,,1.0,
Mozambique,MOZ,57.0,2002.0,541.0,0.419,0.294,1.0,0.468,,,,,,,,,,,1.0,,,,1.0,
Mozambique,MOZ,57.0,2003.0,541.0,0.422,0.299,1.0,0.468,,,,,,,,,,,1.0,,,,1.0,
Mozambique,MOZ,57.0,2004.0,541.0,0.425,0.296,1.0,0.468,1.0,1.0,1.0,0.0,0.0,0.0,0.0,0.0,1.0,35.63,1.0,64.0,63.7,31.7,1.0,
Mozambique,MOZ,57.0,2005.0,541.0,0.463,0.312,1.0,0.468,,,,,,,,,,,1.0,,,,1.0,
Mozambique,MOZ,57.0,2006.0,541.0,0.464,0.313,1.0,0.468,,,,,,,,,,,1.0,,,,1.0,
Mozambique,MOZ,57.0,2007.0,541.0,0.464,0.313,1.0,0.468,,,,,,,,,,,1.0,,,,1.0,
Mozambique,MOZ,57.0,2008.0,541.0,0.456,0.309,1.0,0.468,,,,,,,,,,,1.0,,,,1.0,
Mozambique,MOZ,57.0,2009.0,541.0,0.453,0.307,1.0,0.468,0.0,0.0,1.0,0.0,0.0,0.0,0.0,0.0,1.0,42.68,1.0,76.4,75.0,16.4,1.0,
Mozambique,MOZ,57.0,2010.0,541.0,0.425,0.293,1.0,0.467,,,,,,,,,,,1.0,,,,1.0,
Mozambique,MOZ,57.0,2011.0,541.0,0.427,0.296,1.0,0.467,,,,,,,,,,,1.0,,,,1.0,
Mozambique,MOZ,57.0,2012.0,541.0,0.427,0.296,1.0,0.467,,,,,,,,,,,1.0,,,,1.0,
Mozambique,MOZ,57.0,2013.0,541.0,0.437,0.301,1.0,0.467,,,,,,,,,,,1.0,,,,1.0,
Mozambique,MOZ,57.0,2014.0,541.0,0.43,0.299,1.0,0.499,1.0,1.0,1.0,0.0,0.0,0.0,0.0,0.0,1.0,44.87,1.0,57.6,57.03,36.61,1.0,
Mozambique,MOZ,57.0,2015.0,541.0,0.437,0.299,1.0,0.52,,,,,,,,,,,1.0,,,,1.0,
Mozambique,MOZ,57.0,2016.0,541.0,0.433,0.292,1.0,0.51,,,,,,,,,,,1.0,,,,1.0,
Mozambique,MOZ,57.0,2017.0,541.0,0.408,0.275,1.0,0.499,,,,,,,,,,,1.0,,,,1.0,
Mozambique,MOZ,57.0,2018.0,541.0,0.4,0.264,1.0,0.513,,,,,,,,,,,1.0,,,,1.0,
Mozambique,MOZ,57.0,2019.0,541.0,0.397,0.255,1.0,0.501,0.0,0.0,1.0,0.0,0.0,0.0,0.0,0.0,1.0,49.92,1.0,73.6,73.46,21.48,1.0,
Mozambique,MOZ,57.0,2020.0,541.0,0.364,0.238,1.0,0.429,,,,,,,,,,,1.0,,,,1.0,
Mozambique,MOZ,57.0,2021.0,541.0,0.367,0.244,1.0,0.477,,,,,,,,,,,1.0,,,,1.0,
Mozambique,MOZ,57.0,2022.0,541.0,0.366,0.24,1.0,0.481,,,,,,,,,,,1.0,,,,1.0,
Mozambique,MOZ,57.0,2023.0,541.0,0.351,0.224,1.0,0.426,,,,,,,,,,,1.0,,,,1.0,
Mozambique,MOZ,57.0,2024.0,541.0,0.31,0.189,1.0,0.384,1.0,1.0,1.0,0.0,0.0,0.0,0.0,0.0,1.0,49.92,1.0,78.0,65.17,20.32,1.0,
Mozambique,MOZ,57.0,2025.0,541.0,0.279,0.175,1.0,0.336,,,,,,,,,,,1.0,,,,1.0,
Nepal,NPL,58.0,1980.0,790.0,0.098,0.101,0.0,0.485,,,,,,,,,,,0.0,,,,1.0,0.0
Nepal,NPL,58.0,1981.0,790.0,0.106,0.102,0.0,0.485,0.0,0.0,1.0,0.0,0.0,0.0,0.0,0.0,0.0,60.36,0.0,,,,1.0,0.0
Nepal,NPL,58.0,1982.0,790.0,0.11,0.103,0.0,0.485,,,,,,,,,,,0.0,,,,1.0,0.0
Nepal,NPL,58.0,1983.0,790.0,0.11,0.103,0.0,0.485,,,,,,,,,,,0.0,,,,1.0,0.0
Nepal,NPL,58.0,1984.0,790.0,0.11,0.103,0.0,0.485,,,,,,,,,,,0.0,,,,1.0,0.0
Nepal,NPL,58.0,1985.0,790.0,0.11,0.103,0.0,0.485,,,,,,,,,,,0.0,,,,1.0,0.0
Nepal,NPL,58.0,1986.0,790.0,0.112,0.103,0.0,0.485,1.0,0.0,1.0,0.0,0.0,0.0,0.0,0.0,0.0,74.38,0.0,,,,1.0,0.0
Nepal,NPL,58.0,1987.0,790.0,0.112,0.103,0.0,0.485,,,,,,,,,,,0.0,,,,1.0,0.0
Nepal,NPL,58.0,1988.0,790.0,0.112,0.103,0.0,0.485,,,,,,,,,,,0.0,,,,1.0,0.0
Nepal,NPL,58.0,1989.0,790.0,0.112,0.103,0.0,0.485,,,,,,,,,,,0.0,,,,1.0,0.0
Nepal,NPL,58.0,1990.0,790.0,0.258,0.217,0.0,0.711,,,,,,,,,,,1.0,,,,0.0,0.0
Nepal,NPL,58.0,1991.0,790.0,0.383,0.309,1.0,0.732,1.0,0.0,1.0,0.0,0.0,0.0,0.0,0.0,0.0,83.6,1.0,53.66,,,0.0,0.0
Nepal,NPL,58.0,1992.0,790.0,0.407,0.321,1.0,0.732,,,,,,,,,,,1.0,,,,0.0,0.0
Nepal,NPL,58.0,1993.0,790.0,0.407,0.326,1.0,0.759,,,,,,,,,,,1.0,,,,0.0,0.0
Nepal,NPL,58.0,1994.0,790.0,0.407,0.326,1.0,0.759,2.0,0.0,1.0,0.0,0.0,0.0,0.0,0.0,0.0,82.77,1.0,42.93,,,0.0,0.0
Nepal,NPL,58.0,1995.0,790.0,0.405,0.318,1.0,0.737,,,,,,,,,,,1.0,,,,0.0,0.0
Nepal,NPL,58.0,1996.0,790.0,0.398,0.312,1.0,0.737,,,,,,,,,,,1.0,,,,0.0,0.0
Nepal,NPL,58.0,1997.0,790.0,0.395,0.311,1.0,0.737,,,,,,,,,,,1.0,,,,0.0,0.0
Nepal,NPL,58.0,1998.0,790.0,0.395,0.31,1.0,0.737,,,,,,,,,,,1.0,,,,0.0,0.0
Nepal,NPL,58.0,1999.0,790.0,0.388,0.307,1.0,0.737,1.0,0.0,1.0,0.0,0.0,0.0,0.0,0.0,0.0,75.77,1.0,54.15,,,0.0,0.0
Nepal,NPL,58.0,2000.0,790.0,0.36,0.291,1.0,0.765,,,,,,,,,,,1.0,,,,0.0,0.0
Nepal,NPL,58.0,2001.0,790.0,0.352,0.283,1.0,0.765,,,,,,,,,,,1.0,,,,0.0,0.0
Nepal,NPL,58.0,2002.0,790.0,0.271,0.221,0.0,0.765,,,,,,,,,,,1.0,,,,0.5,0.0
Nepal,NPL,58.0,2003.0,790.0,0.224,0.145,0.0,0.734,,,,,,,,,,,1.0,,,,1.0,
Nepal,NPL,58.0,2004.0,790.0,0.224,0.145,0.0,0.734,,,,,,,,,,,1.0,,,,1.0,
Nepal,NPL,58.0,2005.0,790.0,0.222,0.149,0.0,0.734,,,,,,,,,,,1.0,,,,1.0,
Nepal,NPL,58.0,2006.0,790.0,0.23,0.21,0.0,0.747,,,,,,,,,,,1.0,,,,0.0,0.0
Nepal,NPL,58.0,2007.0,790.0,0.274,0.277,0.0,0.799,,,,,,,,,,,1.0,,,,1.0,
Nepal,NPL,58.0,2008.0,790.0,0.478,0.413,1.0,0.895,2.0,0.0,1.0,0.0,0.0,0.0,0.0,0.0,0.0,74.42,1.0,38.26,,,0.0,0.0
Nepal,NPL,58.0,2009.0,790.0,0.56,0.471,2.0,0.911,,,,,,,,,,,1.0,,,,0.0,0.0
Nepal,NPL,58.0,2010.0,790.0,0.554,0.465,2.0,0.911,,,,,,,,,,,1.0,,,,0.0,0.0
Nepal,NPL,58.0,2011.0,790.0,0.556,0.472,2.0,0.911,,,,,,,,,,,1.0,,,,0.0,0.0
Nepal,NPL,58.0,2012.0,790.0,0.39,0.31,1.0,0.911,,,,,,,,,,,1.0,,,,0.0,0.0
Nepal,NPL,58.0,2013.0,790.0,0.28,0.191,1.0,0.82,0.0,0.0,1.0,0.0,0.0,0.0,0.0,0.0,0.0,74.42,1.0,34.09,,,0.0,0.0
Nepal,NPL,58.0,2014.0,790.0,0.625,0.501,2.0,0.898,,,,,,,,,,,1.0,,,,0.0,0.0
Nepal,NPL,58.0,2015.0,790.0,0.643,0.534,2.0,0.921,,,,,,,,,,,1.0,,,,0.0,0.0
Nepal,NPL,58.0,2016.0,790.0,0.665,0.557,2.0,0.936,,,,,,,,,,,1.0,,,,0.0,0.0
Nepal,NPL,58.0,2017.0,790.0,0.66,0.553,2.0,0.936,2.0,0.0,1.0,1.0,0.0,0.0,0.0,0.0,0.0,56.98,1.0,44.0,,,0.0,0.0
Nepal,NPL,58.0,2018.0,790.0,0.633,0.523,2.0,0.882,,,,,,,,,,,1.0,,,,0.0,0.0
Nepal,NPL,58.0,2019.0,790.0,0.606,0.484,2.0,0.869,,,,,,,,,,,1.0,,,,0.0,0.0
Nepal,NPL,58.0,2020.0,790.0,0.598,0.477,2.0,0.889,,,,,,,,,,,1.0,,,,0.0,0.0
Nepal,NPL,58.0,2021.0,790.0,0.609,0.491,2.0,0.891,,,,,,,,,,,1.0,,,,0.0,0.0
Nepal,NPL,58.0,2022.0,790.0,0.631,0.501,2.0,0.826,2.0,0.0,1.0,0.0,0.0,0.0,0.0,0.0,0.0,53.84,1.0,32.36,,,0.0,0.0
Nepal,NPL,58.0,2023.0,790.0,0.685,0.528,2.0,0.755,,,,,,,,,,,1.0,,,,0.0,0.0
Nepal,NPL,58.0,2024.0,790.0,0.669,0.52,2.0,0.789,,,,,,,,,,,1.0,,,,0.0,0.0
Nepal,NPL,58.0,2025.0,790.0,0.656,0.505,2.0,0.789,,,,,,,,,,,1.0,,,,0.0,1.0
Nicaragua,NIC,59.0,1980.0,93.0,0.182,0.082,0.0,,,,,,,,,,,,0.0,,,,1.0,
Nicaragua,NIC,59.0,1981.0,93.0,0.187,0.083,0.0,,,,,,,,,,,,0.0,,,,1.0,
Nicaragua,NIC,59.0,1982.0,93.0,0.17,0.069,0.0,,,,,,,,,,,,0.0,,,,1.0,
Nicaragua,NIC,59.0,1983.0,93.0,0.177,0.07,0.0,,,,,,,,,,,,0.0,,,,1.0,
Nicaragua,NIC,59.0,1984.0,93.0,0.198,0.09,1.0,,2.0,2.0,1.0,0.0,0.0,0.0,0.0,0.0,1.0,74.01,0.0,63.54,67.0,14.0,1.0,
Nicaragua,NIC,59.0,1985.0,93.0,0.362,0.167,1.0,0.331,,,,,,,,,,,0.0,,,,1.0,
Nicaragua,NIC,59.0,1986.0,93.0,0.365,0.159,1.0,0.243,,,,,,,,,,,0.0,,,,1.0,
Nicaragua,NIC,59.0,1987.0,93.0,0.364,0.157,1.0,0.243,,,,,,,,,,,0.0,,,,1.0,
Nicaragua,NIC,59.0,1988.0,93.0,0.382,0.17,1.0,0.243,,,,,,,,,,,0.0,,,,1.0,
Nicaragua,NIC,59.0,1989.0,93.0,0.401,0.178,1.0,0.243,,,,,,,,,,,0.0,,,,1.0,
Nicaragua,NIC,59.0,1990.0,93.0,0.631,0.414,2.0,0.737,2.0,2.0,1.0,0.0,0.0,0.0,0.0,0.0,1.0,78.06,0.0,55.43,54.8,40.8,1.0,
Nicaragua,NIC,59.0,1991.0,93.0,0.688,0.471,2.0,0.758,,,,,,,,,,,0.0,,,,1.0,
Nicaragua,NIC,59.0,1992.0,93.0,0.688,0.478,2.0,0.758,,,,,,,,,,,0.0,,,,1.0,
Nicaragua,NIC,59.0,1993.0,93.0,0.691,0.482,2.0,0.758,,,,,,,,,,,0.0,,,,1.0,
Nicaragua,NIC,59.0,1994.0,93.0,0.69,0.484,2.0,0.758,,,,,,,,,,,0.0,,,,1.0,
Nicaragua,NIC,59.0,1995.0,93.0,0.689,0.485,2.0,0.758,,,,,,,,,,,0.0,,,,1.0,
Nicaragua,NIC,59.0,1996.0,93.0,0.676,0.45,2.0,0.758,2.0,2.0,1.0,0.0,0.0,0.0,0.0,0.0,1.0,75.57,0.0,45.16,51.0,37.8,1.0,
Nicaragua,NIC,59.0,1997.0,93.0,0.632,0.409,2.0,0.729,,,,,,,,,,,0.0,,,,1.0,
Nicaragua,NIC,59.0,1998.0,93.0,0.632,0.409,2.0,0.729,,,,,,,,,,,0.0,,,,1.0,
Nicaragua,NIC,59.0,1999.0,93.0,0.597,0.383,2.0,0.729,,,,,,,,,,,0.0,,,,1.0,
Nicaragua,NIC,59.0,2000.0,93.0,0.586,0.378,2.0,0.729,,,,,,,,,,,0.0,,,,1.0,
Nicaragua,NIC,59.0,2001.0,93.0,0.588,0.373,2.0,0.729,2.0,2.0,1.0,0.0,0.0,0.0,0.0,0.0,1.0,75.05,0.0,57.78,56.3,42.3,1.0,
Nicaragua,NIC,59.0,2002.0,93.0,0.601,0.377,2.0,0.704,,,,,,,,,,,0.0,,,,1.0,
Nicaragua,NIC,59.0,2003.0,93.0,0.591,0.371,2.0,0.704,,,,,,,,,,,0.0,,,,1.0,
Nicaragua,NIC,59.0,2004.0,93.0,0.591,0.372,2.0,0.704,,,,,,,,,,,0.0,,,,1.0,
Nicaragua,NIC,59.0,2005.0,93.0,0.591,0.372,2.0,0.704,,,,,,,,,,,0.0,,,,1.0,
Nicaragua,NIC,59.0,2006.0,93.0,0.563,0.322,2.0,0.647,2.0,2.0,1.0,0.0,0.0,0.0,0.0,0.0,1.0,74.16,0.0,42.22,38.1,29.0,1.0,
Nicaragua,NIC,59.0,2007.0,93.0,0.457,0.216,1.0,0.319,,,,,,,,,,,0.0,,,,1.0,
Nicaragua,NIC,59.0,2008.0,93.0,0.445,0.203,1.0,0.284,,,,,,,,,,,0.0,,,,1.0,
Nicaragua,NIC,59.0,2009.0,93.0,0.441,0.197,1.0,0.251,,,,,,,,,,,0.0,,,,1.0,
Nicaragua,NIC,59.0,2010.0,93.0,0.436,0.192,1.0,0.251,,,,,,,,,,,0.0,,,,1.0,
Nicaragua,NIC,59.0,2011.0,93.0,0.425,0.188,1.0,0.251,0.0,0.0,1.0,0.0,0.0,0.0,0.0,0.0,1.0,71.84,0.0,68.89,62.5,31.0,1.0,
Nicaragua,NIC,59.0,2012.0,93.0,0.371,0.156,1.0,0.163,,,,,,,,,,,0.0,,,,1.0,
Nicaragua,NIC,59.0,2013.0,93.0,0.319,0.125,1.0,0.054,,,,,,,,,,,0.0,,,,1.0,
Nicaragua,NIC,59.0,2014.0,93.0,0.319,0.126,1.0,0.054,,,,,,,,,,,0.0,,,,1.0,
Nicaragua,NIC,59.0,2015.0,93.0,0.318,0.124,1.0,0.05,,,,,,,,,,,0.0,,,,1.0,
Nicaragua,NIC,59.0,2016.0,93.0,0.305,0.12,1.0,0.042,0.0,0.0,1.0,0.0,0.0,0.0,0.0,0.0,1.0,59.7,0.0,77.78,72.44,15.03,1.0,
Nicaragua,NIC,59.0,2017.0,93.0,0.281,0.103,1.0,0.042,,,,,,,,,,,0.0,,,,1.0,
Nicaragua,NIC,59.0,2018.0,93.0,0.221,0.051,1.0,0.041,,,,,,,,,,,0.0,,,,1.0,
Nicaragua,NIC,59.0,2019.0,93.0,0.215,0.046,1.0,0.041,,,,,,,,,,,0.0,,,,1.0,
Nicaragua,NIC,59.0,2020.0,93.0,0.215,0.045,1.0,0.035,,,,,,,,,,,0.0,,,,1.0,
Nicaragua,NIC,59.0,2021.0,93.0,0.195,0.034,1.0,0.024,0.0,0.0,1.0,0.0,0.0,0.0,0.0,0.0,1.0,63.87,0.0,83.33,75.9,14.3,1.0,
Nicaragua,NIC,59.0,2022.0,93.0,0.158,0.027,1.0,0.047,,,,,,,,,,,0.0,,,,1.0,
Nicaragua,NIC,59.0,2023.0,93.0,0.158,0.021,1.0,0.026,,,,,,,,,,,0.0,,,,1.0,
Nicaragua,NIC,59.0,2024.0,93.0,0.151,0.02,1.0,0.026,,,,,,,,,,,0.0,,,,1.0,
Nicaragua,NIC,59.0,2025.0,93.0,0.151,0.019,1.0,0.026,,,,,,,,,,,0.0,,,,1.0,
Niger,NER,60.0,1980.0,436.0,0.09,0.086,0.0,,,,,,,,,,,,1.0,,,,1.0,
Niger,NER,60.0,1981.0,436.0,0.09,0.086,0.0,,,,,,,,,,,,1.0,,,,1.0,
Niger,NER,60.0,1982.0,436.0,0.09,0.086,0.0,,,,,,,,,,,,1.0,,,,1.0,
Niger,NER,60.0,1983.0,436.0,0.09,0.086,0.0,,,,,,,,,,,,1.0,,,,1.0,0.0
Niger,NER,60.0,1984.0,436.0,0.09,0.086,0.0,,,,,,,,,,,,1.0,,,,1.0,0.0
Niger,NER,60.0,1985.0,436.0,0.09,0.086,0.0,,,,,,,,,,,,1.0,,,,1.0,0.0
Niger,NER,60.0,1986.0,436.0,0.09,0.086,0.0,,,,,,,,,,,,1.0,,,,1.0,0.0
Niger,NER,60.0,1987.0,436.0,0.093,0.091,0.0,,,,,,,,,,,,1.0,,,,1.0,0.0
Niger,NER,60.0,1988.0,436.0,0.112,0.101,0.0,,,,,,,,,,,,1.0,,,,1.0,0.0
Niger,NER,60.0,1989.0,436.0,0.153,0.12,1.0,0.067,0.0,0.0,1.0,0.0,0.0,0.0,0.0,0.0,1.0,,1.0,100.0,99.6,,1.0,0.0
Niger,NER,60.0,1990.0,436.0,0.35,0.217,1.0,0.109,,,,,,,,,,,1.0,,,,1.0,0.0
Niger,NER,60.0,1991.0,436.0,0.385,0.254,1.0,0.203,,,,,,,,,,,1.0,,,,0.5,0.0
Niger,NER,60.0,1992.0,436.0,0.334,0.235,1.0,0.22,,,,,,,,,,,1.0,,,,0.5,0.0
Niger,NER,60.0,1993.0,436.0,0.528,0.399,2.0,0.681,2.0,2.0,1.0,0.0,0.0,0.0,0.0,0.0,1.0,38.1,1.0,34.94,34.3,26.6,1.0,0.0
Niger,NER,60.0,1994.0,436.0,0.541,0.407,2.0,0.681,,,,,,,,,,,1.0,,,,1.0,0.0
Niger,NER,60.0,1995.0,436.0,0.532,0.404,2.0,0.681,2.0,0.0,1.0,0.0,0.0,0.0,0.0,0.0,0.0,37.19,1.0,34.94,,,1.0,0.0
Niger,NER,60.0,1996.0,436.0,0.292,0.182,1.0,,1.0,0.0,1.0,0.0,0.0,0.0,0.0,0.0,1.0,59.39,1.0,71.08,52.2,19.8,1.0,0.0
Niger,NER,60.0,1997.0,436.0,0.385,0.228,1.0,0.103,,,,,,,,,,,1.0,,,,1.0,0.0
Niger,NER,60.0,1998.0,436.0,0.385,0.228,1.0,0.103,,,,,,,,,,,1.0,,,,1.0,0.0
Niger,NER,60.0,1999.0,436.0,0.255,0.173,1.0,0.061,0.0,2.0,1.0,0.0,0.0,0.0,0.0,0.0,1.0,38.31,1.0,45.78,32.3,22.8,1.0,0.0
Niger,NER,60.0,2000.0,436.0,0.546,0.407,2.0,0.709,,,,,,,,,,,1.0,,,,1.0,0.0
Niger,NER,60.0,2001.0,436.0,0.543,0.407,2.0,0.709,,,,,,,,,,,1.0,,,,1.0,0.0
Niger,NER,60.0,2002.0,436.0,0.543,0.407,2.0,0.709,,,,,,,,,,,1.0,,,,1.0,0.0
Niger,NER,60.0,2003.0,436.0,0.543,0.407,2.0,0.709,,,,,,,,,,,1.0,,,,1.0,0.0
Niger,NER,60.0,2004.0,436.0,0.547,0.409,2.0,0.709,0.0,0.0,1.0,0.0,0.0,0.0,0.0,0.0,1.0,46.7,1.0,41.59,40.7,24.6,1.0,0.0
Niger,NER,60.0,2005.0,436.0,0.573,0.425,2.0,0.709,,,,,,,,,,,1.0,,,,1.0,0.0
Niger,NER,60.0,2006.0,436.0,0.578,0.426,2.0,0.709,,,,,,,,,,,1.0,,,,1.0,0.0
Niger,NER,60.0,2007.0,436.0,0.578,0.427,2.0,0.711,,,,,,,,,,,1.0,,,,1.0,0.0
Niger,NER,60.0,2008.0,436.0,0.576,0.421,2.0,0.679,,,,,,,,,,,1.0,,,,1.0,0.0
Niger,NER,60.0,2009.0,436.0,0.421,0.275,1.0,0.587,0.0,0.0,1.0,0.0,0.0,0.0,0.0,0.0,0.0,48.33,1.0,67.26,,,1.0,0.0
Niger,NER,60.0,2010.0,436.0,0.265,0.185,0.0,0.429,,,,,,,,,,,1.0,,,,1.0,0.0
Niger,NER,60.0,2011.0,436.0,0.541,0.39,2.0,0.701,2.0,2.0,1.0,0.0,0.0,0.0,0.0,0.0,1.0,46.44,1.0,32.74,36.2,23.2,1.0,0.0
Niger,NER,60.0,2012.0,436.0,0.624,0.482,2.0,0.857,,,,,,,,,,,1.0,,,,1.0,0.0
Niger,NER,60.0,2013.0,436.0,0.629,0.501,2.0,0.881,,,,,,,,,,,1.0,,,,1.0,0.0
Niger,NER,60.0,2014.0,436.0,0.633,0.502,2.0,0.881,,,,,,,,,,,1.0,,,,1.0,0.0
Niger,NER,60.0,2015.0,436.0,0.622,0.493,2.0,0.881,,,,,,,,,,,1.0,,,,1.0,0.0
Niger,NER,60.0,2016.0,436.0,0.573,0.459,2.0,0.881,0.0,0.0,1.0,0.0,0.0,0.0,0.0,0.0,1.0,61.25,1.0,43.86,48.43,18.77,1.0,0.0
Niger,NER,60.0,2017.0,436.0,0.542,0.426,2.0,0.842,,,,,,,,,,,1.0,,,,1.0,0.0
Niger,NER,60.0,2018.0,436.0,0.53,0.405,2.0,0.842,,,,,,,,,,,1.0,,,,1.0,0.0
Niger,NER,60.0,2019.0,436.0,0.528,0.401,2.0,0.864,,,,,,,,,,,1.0,,,,1.0,0.0
Niger,NER,60.0,2020.0,436.0,0.544,0.401,2.0,0.829,1.0,1.0,1.0,0.0,0.0,0.0,0.0,0.0,1.0,53.91,1.0,46.78,39.33,17.0,1.0,0.0
Niger,NER,60.0,2021.0,436.0,0.523,0.401,2.0,0.783,1.0,1.0,0.0,0.0,0.0,0.0,0.0,0.0,0.0,48.68,1.0,,,,1.0,0.0
Niger,NER,60.0,2022.0,436.0,0.504,0.387,2.0,0.674,,,,,,,,,,,1.0,,,,1.0,0.0
Niger,NER,60.0,2023.0,436.0,0.388,0.285,1.0,0.674,,,,,,,,,,,1.0,,,,1.0,0.0
Niger,NER,60.0,2024.0,436.0,0.237,0.182,0.0,0.719,,,,,,,,,,,1.0,,,,1.0,0.0
Niger,NER,60.0,2025.0,436.0,0.227,0.177,0.0,0.27,,,,,,,,,,,1.0,,,,1.0,0.0
Zambia,ZMB,61.0,1980.0,551.0,0.192,0.147,1.0,0.221,,,,,,,,,,,1.0,,,,1.0,
Zambia,ZMB,61.0,1981.0,551.0,0.192,0.147,1.0,0.221,,,,,,,,,,,1.0,,,,1.0,
Zambia,ZMB,61.0,1982.0,551.0,0.192,0.147,1.0,0.221,,,,,,,,,,,1.0,,,,1.0,
Zambia,ZMB,61.0,1983.0,551.0,0.192,0.147,1.0,0.221,0.0,0.0,1.0,0.0,0.0,0.0,0.0,0.0,1.0,,1.0,100.0,95.4,,1.0,
Zambia,ZMB,61.0,1984.0,551.0,0.192,0.148,1.0,0.221,,,,,,,,,,,1.0,,,,1.0,
Zambia,ZMB,61.0,1985.0,551.0,0.192,0.148,1.0,0.221,,,,,,,,,,,1.0,,,,1.0,
Zambia,ZMB,61.0,1986.0,551.0,0.192,0.148,1.0,0.221,,,,,,,,,,,1.0,,,,1.0,
Zambia,ZMB,61.0,1987.0,551.0,0.192,0.148,1.0,0.221,,,,,,,,,,,1.0,,,,1.0,
Zambia,ZMB,61.0,1988.0,551.0,0.192,0.148,1.0,0.221,0.0,0.0,1.0,0.0,0.0,0.0,0.0,0.0,1.0,,1.0,100.0,95.5,,1.0,
Zambia,ZMB,61.0,1989.0,551.0,0.193,0.149,1.0,0.221,,,,,,,,,,,1.0,,,,1.0,
Zambia,ZMB,61.0,1990.0,551.0,0.217,0.161,1.0,0.221,,,,,,,,,,,1.0,,,,1.0,
Zambia,ZMB,61.0,1991.0,551.0,0.287,0.248,1.0,0.57,2.0,2.0,1.0,0.0,0.0,0.0,0.0,0.0,1.0,34.25,1.0,83.33,75.8,24.2,1.0,
Zambia,ZMB,61.0,1992.0,551.0,0.439,0.344,1.0,0.693,,,,,,,,,,,1.0,,,,1.0,
Zambia,ZMB,61.0,1993.0,551.0,0.447,0.355,1.0,0.748,,,,,,,,,,,1.0,,,,1.0,
Zambia,ZMB,61.0,1994.0,551.0,0.482,0.377,1.0,0.748,,,,,,,,,,,1.0,,,,1.0,
Zambia,ZMB,61.0,1995.0,551.0,0.482,0.377,1.0,0.748,,,,,,,,,,,1.0,,,,1.0,
Zambia,ZMB,61.0,1996.0,551.0,0.49,0.384,1.0,0.748,0.0,0.0,1.0,0.0,0.0,0.0,0.0,0.0,1.0,28.18,1.0,87.33,72.6,12.7,1.0,
Zambia,ZMB,61.0,1997.0,551.0,0.478,0.374,1.0,0.748,,,,,,,,,,,1.0,,,,1.0,
Zambia,ZMB,61.0,1998.0,551.0,0.478,0.374,1.0,0.748,,,,,,,,,,,1.0,,,,1.0,
Zambia,ZMB,61.0,1999.0,551.0,0.478,0.374,1.0,0.748,,,,,,,,,,,1.0,,,,1.0,
Zambia,ZMB,61.0,2000.0,551.0,0.486,0.38,1.0,0.748,,,,,,,,,,,1.0,,,,1.0,
Zambia,ZMB,61.0,2001.0,551.0,0.489,0.394,1.0,0.822,1.0,1.0,1.0,0.0,0.0,0.0,0.0,0.0,1.0,35.08,1.0,46.0,29.2,27.2,1.0,
Zambia,ZMB,61.0,2002.0,551.0,0.484,0.405,1.0,0.863,,,,,,,,,,,1.0,,,,1.0,
Zambia,ZMB,61.0,2003.0,551.0,0.484,0.405,1.0,0.863,,,,,,,,,,,1.0,,,,1.0,
Zambia,ZMB,61.0,2004.0,551.0,0.484,0.405,1.0,0.863,,,,,,,,,,,1.0,,,,1.0,
Zambia,ZMB,61.0,2005.0,551.0,0.498,0.419,1.0,0.877,,,,,,,,,,,1.0,,,,1.0,
Zambia,ZMB,61.0,2006.0,551.0,0.498,0.418,1.0,0.877,0.0,0.0,1.0,0.0,0.0,0.0,0.0,0.0,1.0,55.75,1.0,49.33,43.0,29.4,1.0,
Zambia,ZMB,61.0,2007.0,551.0,0.5,0.42,2.0,0.877,,,,,,,,,,,1.0,,,,1.0,
Zambia,ZMB,61.0,2008.0,551.0,0.51,0.424,2.0,0.873,1.0,1.0,0.0,0.0,0.0,0.0,0.0,0.0,1.0,34.18,1.0,,40.7,38.7,1.0,
Zambia,ZMB,61.0,2009.0,551.0,0.517,0.426,2.0,0.855,,,,,,,,,,,1.0,,,,1.0,
Zambia,ZMB,61.0,2010.0,551.0,0.514,0.427,2.0,0.855,,,,,,,,,,,1.0,,,,1.0,
Zambia,ZMB,61.0,2011.0,551.0,0.503,0.42,2.0,0.876,2.0,2.0,1.0,0.0,0.0,0.0,0.0,0.0,1.0,42.25,1.0,40.67,42.9,36.2,1.0,
Zambia,ZMB,61.0,2012.0,551.0,0.503,0.421,2.0,0.876,,,,,,,,,,,1.0,,,,1.0,
Zambia,ZMB,61.0,2013.0,551.0,0.485,0.391,1.0,0.801,,,,,,,,,,,1.0,,,,1.0,
Zambia,ZMB,61.0,2014.0,551.0,0.478,0.388,1.0,0.801,,,,,,,,,,,1.0,,,,1.0,
Zambia,ZMB,61.0,2015.0,551.0,0.458,0.371,1.0,0.801,1.0,1.0,0.0,0.0,0.0,0.0,0.0,0.0,1.0,24.17,1.0,,48.33,46.67,1.0,
Zambia,ZMB,61.0,2016.0,551.0,0.397,0.328,1.0,0.803,0.0,0.0,1.0,0.0,0.0,0.0,0.0,0.0,1.0,51.58,1.0,51.28,50.35,47.63,1.0,
Zambia,ZMB,61.0,2017.0,551.0,0.36,0.294,1.0,0.727,,,,,,,,,,,1.0,,,,1.0,
Zambia,ZMB,61.0,2018.0,551.0,0.37,0.294,1.0,0.654,,,,,,,,,,,1.0,,,,1.0,
Zambia,ZMB,61.0,2019.0,551.0,0.358,0.301,1.0,0.823,,,,,,,,,,,1.0,,,,1.0,
Zambia,ZMB,61.0,2020.0,551.0,0.353,0.292,1.0,0.862,,,,,,,,,,,1.0,,,,1.0,
Zambia,ZMB,61.0,2021.0,551.0,0.421,0.339,1.0,0.81,2.0,2.0,1.0,0.0,0.0,0.0,0.0,0.0,1.0,52.37,1.0,52.56,57.86,37.34,1.0,
Zambia,ZMB,61.0,2022.0,551.0,0.52,0.436,2.0,0.849,,,,,,,,,,,1.0,,,,1.0,
Zambia,ZMB,61.0,2023.0,551.0,0.525,0.427,2.0,0.757,,,,,,,,,,,1.0,,,,1.0,
Zambia,ZMB,61.0,2024.0,551.0,0.512,0.39,2.0,0.757,,,,,,,,,,,1.0,,,,1.0,
Zambia,ZMB,61.0,2025.0,551.0,0.497,0.375,1.0,0.757,,,,,,,,,,,1.0,,,,1.0,
Zimbabwe,ZWE,62.0,1980.0,552.0,0.303,0.215,1.0,0.384,2.0,0.0,1.0,1.0,0.0,0.0,0.0,0.0,0.0,84.1,0.0,57.0,,,0.0,0.0
Zimbabwe,ZWE,62.0,1981.0,552.0,0.33,0.229,1.0,0.384,,,,,,,,,,,0.0,,,,0.0,0.0
Zimbabwe,ZWE,62.0,1982.0,552.0,0.327,0.228,1.0,0.384,,,,,,,,,,,0.0,,,,0.0,0.0
Zimbabwe,ZWE,62.0,1983.0,552.0,0.327,0.228,1.0,0.384,,,,,,,,,,,0.0,,,,0.0,0.0
Zimbabwe,ZWE,62.0,1984.0,552.0,0.32,0.226,1.0,0.384,,,,,,,,,,,0.0,,,,0.0,0.0
Zimbabwe,ZWE,62.0,1985.0,552.0,0.313,0.224,1.0,0.384,0.0,0.0,1.0,1.0,0.0,0.0,0.0,0.0,0.0,75.47,1.0,64.0,,,0.0,0.0
Zimbabwe,ZWE,62.0,1986.0,552.0,0.311,0.222,1.0,0.384,,,,,,,,,,,1.0,,,,0.0,0.0
Zimbabwe,ZWE,62.0,1987.0,552.0,0.217,0.185,1.0,0.375,,,,,,,,,,,1.0,,,,1.0,
Zimbabwe,ZWE,62.0,1988.0,552.0,0.306,0.221,1.0,0.321,,,,,,,,,,,1.0,,,,1.0,
Zimbabwe,ZWE,62.0,1989.0,552.0,0.309,0.222,1.0,0.321,,,,,,,,,,,1.0,,,,1.0,
Zimbabwe,ZWE,62.0,1990.0,552.0,0.303,0.222,1.0,0.344,0.0,0.0,1.0,0.0,0.0,0.0,0.0,0.0,1.0,56.36,1.0,97.5,83.0,17.0,1.0,
Zimbabwe,ZWE,62.0,1991.0,552.0,0.31,0.225,1.0,0.344,,,,,,,,,,,1.0,,,,1.0,
Zimbabwe,ZWE,62.0,1992.0,552.0,0.31,0.225,1.0,0.344,,,,,,,,,,,1.0,,,,1.0,
Zimbabwe,ZWE,62.0,1993.0,552.0,0.31,0.225,1.0,0.344,,,,,,,,,,,1.0,,,,1.0,
Zimbabwe,ZWE,62.0,1994.0,552.0,0.31,0.225,1.0,0.344,,,,,,,,,,,1.0,,,,1.0,
Zimbabwe,ZWE,62.0,1995.0,552.0,0.31,0.225,1.0,0.344,0.0,0.0,1.0,0.0,0.0,0.0,0.0,0.0,0.0,25.98,1.0,98.33,,,1.0,
Zimbabwe,ZWE,62.0,1996.0,552.0,0.313,0.228,1.0,0.344,0.0,0.0,0.0,0.0,0.0,0.0,0.0,0.0,1.0,26.68,1.0,,92.7,4.8,1.0,
Zimbabwe,ZWE,62.0,1997.0,552.0,0.309,0.229,1.0,0.344,,,,,,,,,,,1.0,,,,1.0,
Zimbabwe,ZWE,62.0,1998.0,552.0,0.308,0.226,1.0,0.344,,,,,,,,,,,1.0,,,,1.0,
Zimbabwe,ZWE,62.0,1999.0,552.0,0.31,0.228,1.0,0.344,,,,,,,,,,,1.0,,,,1.0,
Zimbabwe,ZWE,62.0,2000.0,552.0,0.284,0.187,1.0,0.412,0.0,0.0,1.0,0.0,0.0,0.0,0.0,0.0,0.0,43.46,1.0,51.67,,,1.0,
Zimbabwe,ZWE,62.0,2001.0,552.0,0.267,0.164,1.0,0.412,,,,,,,,,,,1.0,,,,1.0,
Zimbabwe,ZWE,62.0,2002.0,552.0,0.268,0.167,1.0,0.448,0.0,0.0,0.0,0.0,0.0,0.0,0.0,0.0,1.0,54.25,1.0,,56.2,42.0,1.0,
Zimbabwe,ZWE,62.0,2003.0,552.0,0.269,0.157,1.0,0.448,,,,,,,,,,,1.0,,,,1.0,
Zimbabwe,ZWE,62.0,2004.0,552.0,0.259,0.154,1.0,0.448,,,,,,,,,,,1.0,,,,1.0,
Zimbabwe,ZWE,62.0,2005.0,552.0,0.258,0.153,1.0,0.448,0.0,0.0,1.0,0.0,0.0,0.0,0.0,0.0,0.0,48.66,1.0,65.0,,,1.0,
Zimbabwe,ZWE,62.0,2006.0,552.0,0.255,0.152,1.0,0.448,,,,,,,,,,,1.0,,,,1.0,
Zimbabwe,ZWE,62.0,2007.0,552.0,0.255,0.152,1.0,0.448,,,,,,,,,,,1.0,,,,1.0,
Zimbabwe,ZWE,62.0,2008.0,552.0,0.251,0.149,1.0,0.448,0.0,0.0,1.0,0.0,0.0,0.0,0.0,0.0,1.0,47.69,1.0,47.62,47.9,43.2,1.0,
Zimbabwe,ZWE,62.0,2009.0,552.0,0.254,0.179,1.0,0.611,,,,,,,,,,,1.0,,,,1.0,0.0
Zimbabwe,ZWE,62.0,2010.0,552.0,0.265,0.2,1.0,0.611,,,,,,,,,,,1.0,,,,1.0,0.0
Zimbabwe,ZWE,62.0,2011.0,552.0,0.266,0.201,1.0,0.611,,,,,,,,,,,1.0,,,,1.0,0.0
Zimbabwe,ZWE,62.0,2012.0,552.0,0.266,0.202,1.0,0.611,,,,,,,,,,,1.0,,,,1.0,0.0
Zimbabwe,ZWE,62.0,2013.0,552.0,0.289,0.209,1.0,0.563,0.0,0.0,1.0,0.0,0.0,0.0,0.0,0.0,1.0,61.09,1.0,72.59,61.09,34.94,1.0,
Zimbabwe,ZWE,62.0,2014.0,552.0,0.303,0.213,1.0,0.595,,,,,,,,,,,1.0,,,,1.0,
Zimbabwe,ZWE,62.0,2015.0,552.0,0.302,0.212,1.0,0.595,,,,,,,,,,,1.0,,,,1.0,
Zimbabwe,ZWE,62.0,2016.0,552.0,0.297,0.203,1.0,0.6,,,,,,,,,,,1.0,,,,1.0,
Zimbabwe,ZWE,62.0,2017.0,552.0,0.3,0.225,1.0,0.783,,,,,,,,,,,1.0,,,,1.0,
Zimbabwe,ZWE,62.0,2018.0,552.0,0.313,0.216,1.0,0.728,0.0,0.0,1.0,0.0,0.0,0.0,0.0,0.0,1.0,63.4,1.0,66.3,50.8,44.3,1.0,
Zimbabwe,ZWE,62.0,2019.0,552.0,0.304,0.202,1.0,0.678,,,,,,,,,,,1.0,,,,1.0,
Zimbabwe,ZWE,62.0,2020.0,552.0,0.299,0.192,1.0,0.607,,,,,,,,,,,1.0,,,,1.0,
Zimbabwe,ZWE,62.0,2021.0,552.0,0.297,0.194,1.0,0.679,,,,,,,,,,,1.0,,,,1.0,
Zimbabwe,ZWE,62.0,2022.0,552.0,0.292,0.186,1.0,0.627,,,,,,,,,,,1.0,,,,1.0,
Zimbabwe,ZWE,62.0,2023.0,552.0,0.296,0.175,1.0,0.574,0.0,0.0,1.0,0.0,0.0,0.0,0.0,0.0,1.0,47.74,1.0,63.21,52.6,44.0,1.0,
Zimbabwe,ZWE,62.0,2024.0,552.0,0.272,0.156,1.0,0.528,,,,,,,,,,,1.0,,,,1.0,
Zimbabwe,ZWE,62.0,2025.0,552.0,0.268,0.147,1.0,0.479,,,,,,,,,,,1.0,,,,1.0,
Guinea,GIN,63.0,1980.0,438.0,0.142,0.036,0.0,0.049,0.0,0.0,1.0,0.0,0.0,0.0,0.0,0.0,0.0,,1.0,100.0,,,1.0,
Guinea,GIN,63.0,1981.0,438.0,0.142,0.036,0.0,0.049,,,,,,,,,,,1.0,,,,1.0,
Guinea,GIN,63.0,1982.0,438.0,0.143,0.037,0.0,0.049,0.0,0.0,0.0,0.0,0.0,0.0,0.0,0.0,1.0,,1.0,,100.0,0.0,1.0,
Guinea,GIN,63.0,1983.0,438.0,0.143,0.037,0.0,0.049,,,,,,,,,,,1.0,,,,1.0,
Guinea,GIN,63.0,1984.0,438.0,0.092,0.031,0.0,0.049,,,,,,,,,,,1.0,,,,1.0,
Guinea,GIN,63.0,1985.0,438.0,0.096,0.04,0.0,0.079,,,,,,,,,,,1.0,,,,1.0,
Guinea,GIN,63.0,1986.0,438.0,0.096,0.04,0.0,0.079,,,,,,,,,,,1.0,,,,1.0,
Guinea,GIN,63.0,1987.0,438.0,0.098,0.039,0.0,0.079,,,,,,,,,,,1.0,,,,1.0,
Guinea,GIN,63.0,1988.0,438.0,0.098,0.039,0.0,0.079,,,,,,,,,,,1.0,,,,1.0,
Guinea,GIN,63.0,1989.0,438.0,0.101,0.039,0.0,0.079,,,,,,,,,,,1.0,,,,1.0,
Guinea,GIN,63.0,1990.0,438.0,0.117,0.047,0.0,0.079,,,,,,,,,,,1.0,,,,1.0,
Guinea,GIN,63.0,1991.0,438.0,0.142,0.074,0.0,0.171,,,,,,,,,,,1.0,,,,1.0,
Guinea,GIN,63.0,1992.0,438.0,0.163,0.079,0.0,0.171,,,,,,,,,,,1.0,,,,1.0,
Guinea,GIN,63.0,1993.0,438.0,0.166,0.081,0.0,0.171,0.0,0.0,0.0,0.0,0.0,0.0,0.0,0.0,1.0,75.46,1.0,,51.7,19.55,1.0,
Guinea,GIN,63.0,1994.0,438.0,0.185,0.085,1.0,0.171,,,,,,,,,,,1.0,,,,1.0,
Guinea,GIN,63.0,1995.0,438.0,0.255,0.102,1.0,0.171,0.0,0.0,1.0,0.0,0.0,0.0,0.0,0.0,0.0,59.91,1.0,62.28,,,1.0,
Guinea,GIN,63.0,1996.0,438.0,0.259,0.109,1.0,0.233,,,,,,,,,,,1.0,,,,1.0,0.0
Guinea,GIN,63.0,1997.0,438.0,0.262,0.107,1.0,0.233,,,,,,,,,,,1.0,,,,1.0,0.0
Guinea,GIN,63.0,1998.0,438.0,0.259,0.108,1.0,0.233,0.0,0.0,0.0,0.0,0.0,0.0,0.0,0.0,1.0,75.38,1.0,,56.1,24.6,1.0,0.0
Guinea,GIN,63.0,1999.0,438.0,0.265,0.11,1.0,0.233,,,,,,,,,,,1.0,,,,1.0,0.0
Guinea,GIN,63.0,2000.0,438.0,0.272,0.11,1.0,0.233,,,,,,,,,,,1.0,,,,1.0,0.0
Guinea,GIN,63.0,2001.0,438.0,0.277,0.111,1.0,0.233,,,,,,,,,,,1.0,,,,1.0,0.0
Guinea,GIN,63.0,2002.0,438.0,0.273,0.11,1.0,0.233,0.0,0.0,1.0,0.0,0.0,0.0,0.0,0.0,0.0,77.47,1.0,74.56,,,1.0,0.0
Guinea,GIN,63.0,2003.0,438.0,0.277,0.117,1.0,0.281,0.0,0.0,0.0,0.0,0.0,0.0,0.0,0.0,1.0,97.38,1.0,,95.6,4.4,1.0,0.0
Guinea,GIN,63.0,2004.0,438.0,0.274,0.116,1.0,0.281,,,,,,,,,,,1.0,,,,1.0,0.0
Guinea,GIN,63.0,2005.0,438.0,0.274,0.117,1.0,0.281,,,,,,,,,,,1.0,,,,1.0,0.0
Guinea,GIN,63.0,2006.0,438.0,0.271,0.118,1.0,0.305,,,,,,,,,,,1.0,,,,1.0,0.0
Guinea,GIN,63.0,2007.0,438.0,0.271,0.123,1.0,0.327,,,,,,,,,,,1.0,,,,1.0,0.0
Guinea,GIN,63.0,2008.0,438.0,0.271,0.096,1.0,0.188,,,,,,,,,,,1.0,,,,1.0,0.0
Guinea,GIN,63.0,2009.0,438.0,0.177,0.056,0.0,0.261,,,,,,,,,,,1.0,,,,1.0,0.0
Guinea,GIN,63.0,2010.0,438.0,0.236,0.092,1.0,0.261,0.0,2.0,0.0,0.0,0.0,0.0,0.0,0.0,1.0,54.94,1.0,,43.69,18.25,1.0,0.0
Guinea,GIN,63.0,2011.0,438.0,0.318,0.115,1.0,0.261,,,,,,,,,,,1.0,,,,1.0,0.0
Guinea,GIN,63.0,2012.0,438.0,0.318,0.115,1.0,0.261,,,,,,,,,,,1.0,,,,1.0,0.0
Guinea,GIN,63.0,2013.0,438.0,0.322,0.117,1.0,0.261,0.0,0.0,1.0,0.0,0.0,0.0,0.0,0.0,0.0,62.99,1.0,46.49,,,1.0,0.0
Guinea,GIN,63.0,2014.0,438.0,0.375,0.161,1.0,0.234,,,,,,,,,,,1.0,,,,1.0,0.0
Guinea,GIN,63.0,2015.0,438.0,0.375,0.161,1.0,0.246,0.0,0.0,0.0,0.0,0.0,0.0,0.0,0.0,1.0,68.03,1.0,,57.85,31.44,1.0,0.0
Guinea,GIN,63.0,2016.0,438.0,0.377,0.166,1.0,0.246,,,,,,,,,,,1.0,,,,1.0,0.0
Guinea,GIN,63.0,2017.0,438.0,0.369,0.161,1.0,0.246,,,,,,,,,,,1.0,,,,1.0,0.0
Guinea,GIN,63.0,2018.0,438.0,0.373,0.158,1.0,0.236,,,,,,,,,,,1.0,,,,1.0,0.0
Guinea,GIN,63.0,2019.0,438.0,0.36,0.141,1.0,0.197,,,,,,,,,,,1.0,,,,1.0,0.0
Guinea,GIN,63.0,2020.0,438.0,0.295,0.113,1.0,0.185,0.0,0.0,1.0,0.0,0.0,0.0,0.0,0.0,1.0,65.09,1.0,69.3,59.49,33.5,1.0,0.0
Guinea,GIN,63.0,2021.0,438.0,0.258,0.098,1.0,0.185,,,,,,,,,,,1.0,,,,1.0,0.0
Guinea,GIN,63.0,2022.0,438.0,0.172,0.082,0.0,0.185,,,,,,,,,,,1.0,,,,1.0,0.0
Guinea,GIN,63.0,2023.0,438.0,0.169,0.079,0.0,0.152,,,,,,,,,,,1.0,,,,1.0,0.0
Guinea,GIN,63.0,2024.0,438.0,0.159,0.075,0.0,0.136,,,,,,,,,,,1.0,,,,1.0,0.0
Guinea,GIN,63.0,2025.0,438.0,0.187,0.095,0.0,0.337,0.0,0.0,0.0,0.0,0.0,0.0,0.0,0.0,1.0,,1.0,,86.72,6.59,1.0,0.0
Ivory Coast,CIV,64.0,1980.0,437.0,0.173,0.14,0.0,0.081,0.0,0.0,1.0,1.0,0.0,0.0,0.0,0.0,1.0,,1.0,100.0,100.0,0.0,1.0,
Ivory Coast,CIV,64.0,1981.0,437.0,0.172,0.141,0.0,0.081,,,,,,,,,,,1.0,,,,1.0,
Ivory Coast,CIV,64.0,1982.0,437.0,0.172,0.141,0.0,0.081,,,,,,,,,,,1.0,,,,1.0,
Ivory Coast,CIV,64.0,1983.0,437.0,0.172,0.141,0.0,0.081,,,,,,,,,,,1.0,,,,1.0,
Ivory Coast,CIV,64.0,1984.0,437.0,0.172,0.141,0.0,0.081,,,,,,,,,,,1.0,,,,1.0,
Ivory Coast,CIV,64.0,1985.0,437.0,0.174,0.141,1.0,0.081,0.0,0.0,1.0,0.0,0.0,0.0,0.0,0.0,1.0,,1.0,100.0,100.0,0.0,1.0,
Ivory Coast,CIV,64.0,1986.0,437.0,0.175,0.141,1.0,0.081,,,,,,,,,,,1.0,,,,1.0,
Ivory Coast,CIV,64.0,1987.0,437.0,0.175,0.141,1.0,0.081,,,,,,,,,,,1.0,,,,1.0,
Ivory Coast,CIV,64.0,1988.0,437.0,0.176,0.141,1.0,0.081,,,,,,,,,,,1.0,,,,1.0,
Ivory Coast,CIV,64.0,1989.0,437.0,0.176,0.141,1.0,0.081,,,,,,,,,,,1.0,,,,1.0,
Ivory Coast,CIV,64.0,1990.0,437.0,0.306,0.188,1.0,0.102,0.0,0.0,1.0,0.0,0.0,0.0,0.0,0.0,1.0,65.85,1.0,93.14,81.7,18.3,1.0,0.0
Ivory Coast,CIV,64.0,1991.0,437.0,0.306,0.191,1.0,0.113,,,,,,,,,,,1.0,,,,1.0,0.0
Ivory Coast,CIV,64.0,1992.0,437.0,0.306,0.192,1.0,0.113,,,,,,,,,,,1.0,,,,1.0,0.0
Ivory Coast,CIV,64.0,1993.0,437.0,0.329,0.204,1.0,0.141,,,,,,,,,,,1.0,,,,1.0,0.0
Ivory Coast,CIV,64.0,1994.0,437.0,0.356,0.218,1.0,0.163,,,,,,,,,,,1.0,,,,1.0,0.0
Ivory Coast,CIV,64.0,1995.0,437.0,0.263,0.179,1.0,0.163,0.0,0.0,1.0,0.0,0.0,0.0,0.0,0.0,1.0,31.16,1.0,85.14,96.0,4.0,1.0,0.0
Ivory Coast,CIV,64.0,1996.0,437.0,0.397,0.239,1.0,0.163,,,,,,,,,,,1.0,,,,1.0,0.0
Ivory Coast,CIV,64.0,1997.0,437.0,0.396,0.239,1.0,0.163,,,,,,,,,,,1.0,,,,1.0,0.0
Ivory Coast,CIV,64.0,1998.0,437.0,0.392,0.241,1.0,0.163,,,,,,,,,,,1.0,,,,1.0,0.0
Ivory Coast,CIV,64.0,1999.0,437.0,0.389,0.244,1.0,0.203,,,,,,,,,,,1.0,,,,1.0,0.0
Ivory Coast,CIV,64.0,2000.0,437.0,0.274,0.174,1.0,0.283,2.0,2.0,1.0,0.0,0.0,0.0,0.0,0.0,1.0,28.06,1.0,42.67,59.4,32.7,1.0,0.0
Ivory Coast,CIV,64.0,2001.0,437.0,0.447,0.286,1.0,0.314,0.0,0.0,0.0,1.0,0.0,0.0,0.0,0.0,0.0,,1.0,42.67,,,1.0,0.0
Ivory Coast,CIV,64.0,2002.0,437.0,0.446,0.285,1.0,0.316,,,,,,,,,,,1.0,,,,1.0,0.0
Ivory Coast,CIV,64.0,2003.0,437.0,0.439,0.283,1.0,0.316,,,,,,,,,,,1.0,,,,1.0,0.0
Ivory Coast,CIV,64.0,2004.0,437.0,0.446,0.285,1.0,0.316,,,,,,,,,,,1.0,,,,1.0,0.0
Ivory Coast,CIV,64.0,2005.0,437.0,0.434,0.28,1.0,0.316,,,,,,,,,,,1.0,,,,1.0,0.0
Ivory Coast,CIV,64.0,2006.0,437.0,0.434,0.281,1.0,0.325,,,,,,,,,,,1.0,,,,1.0,0.0
Ivory Coast,CIV,64.0,2007.0,437.0,0.435,0.283,1.0,0.325,,,,,,,,,,,1.0,,,,1.0,0.0
Ivory Coast,CIV,64.0,2008.0,437.0,0.436,0.282,1.0,0.325,,,,,,,,,,,1.0,,,,1.0,0.0
Ivory Coast,CIV,64.0,2009.0,437.0,0.435,0.28,1.0,0.311,,,,,,,,,,,1.0,,,,1.0,0.0
Ivory Coast,CIV,64.0,2010.0,437.0,0.446,0.284,1.0,0.327,1.0,2.0,0.0,0.0,0.0,0.0,0.0,0.0,1.0,55.61,1.0,,38.04,32.07,1.0,0.0
Ivory Coast,CIV,64.0,2011.0,437.0,0.427,0.275,1.0,0.328,2.0,0.0,1.0,0.0,0.0,0.0,0.0,0.0,0.0,18.16,1.0,49.8,,,1.0,0.0
Ivory Coast,CIV,64.0,2012.0,437.0,0.461,0.303,1.0,0.328,,,,,,,,,,,1.0,,,,1.0,0.0
Ivory Coast,CIV,64.0,2013.0,437.0,0.465,0.295,1.0,0.335,,,,,,,,,,,1.0,,,,1.0,0.0
Ivory Coast,CIV,64.0,2014.0,437.0,0.463,0.299,1.0,0.349,,,,,,,,,,,1.0,,,,1.0,0.0
Ivory Coast,CIV,64.0,2015.0,437.0,0.473,0.304,1.0,0.349,0.0,0.0,0.0,0.0,0.0,0.0,0.0,0.0,1.0,25.88,1.0,,83.66,9.29,1.0,0.0
Ivory Coast,CIV,64.0,2016.0,437.0,0.529,0.335,2.0,0.354,0.0,0.0,1.0,0.0,0.0,0.0,0.0,0.0,0.0,16.15,1.0,65.49,,,1.0,0.0
Ivory Coast,CIV,64.0,2017.0,437.0,0.539,0.326,2.0,0.338,,,,,,,,,,,1.0,,,,1.0,0.0
Ivory Coast,CIV,64.0,2018.0,437.0,0.54,0.326,2.0,0.302,,,,,,,,,,,1.0,,,,1.0,0.0
Ivory Coast,CIV,64.0,2019.0,437.0,0.534,0.314,2.0,0.284,,,,,,,,,,,1.0,,,,1.0,0.0
Ivory Coast,CIV,64.0,2020.0,437.0,0.499,0.261,1.0,0.158,0.0,0.0,0.0,0.0,0.0,0.0,0.0,0.0,1.0,26.89,1.0,,94.27,1.99,1.0,0.0
Ivory Coast,CIV,64.0,2021.0,437.0,0.435,0.233,1.0,0.187,1.0,0.0,1.0,0.0,0.0,0.0,0.0,0.0,0.0,17.98,1.0,54.51,,,1.0,0.0
Ivory Coast,CIV,64.0,2022.0,437.0,0.443,0.236,1.0,0.187,,,,,,,,,,,1.0,,,,1.0,0.0
Ivory Coast,CIV,64.0,2023.0,437.0,0.445,0.24,1.0,0.187,,,,,,,,,,,1.0,,,,1.0,0.0
Ivory Coast,CIV,64.0,2024.0,437.0,0.429,0.248,1.0,0.306,,,,,,,,,,,1.0,,,,1.0,0.0
Ivory Coast,CIV,64.0,2025.0,437.0,0.394,0.228,1.0,0.306,0.0,0.0,1.0,0.0,0.0,0.0,0.0,0.0,1.0,24.91,1.0,77.25,91.23,3.14,1.0,0.0
Mauritania,MRT,65.0,1980.0,435.0,0.094,0.043,0.0,,,,,,,,,,,,1.0,,,,0.5,0.0
Mauritania,MRT,65.0,1981.0,435.0,0.094,0.044,0.0,,,,,,,,,,,,1.0,,,,0.5,0.0
Mauritania,MRT,65.0,1982.0,435.0,0.094,0.041,0.0,,,,,,,,,,,,1.0,,,,0.5,0.0
Mauritania,MRT,65.0,1983.0,435.0,0.094,0.041,0.0,,,,,,,,,,,,1.0,,,,0.5,0.0
Mauritania,MRT,65.0,1984.0,435.0,0.1,0.042,0.0,,,,,,,,,,,,1.0,,,,1.0,
Mauritania,MRT,65.0,1985.0,435.0,0.1,0.043,0.0,,,,,,,,,,,,1.0,,,,1.0,
Mauritania,MRT,65.0,1986.0,435.0,0.1,0.043,0.0,,,,,,,,,,,,1.0,,,,1.0,
Mauritania,MRT,65.0,1987.0,435.0,0.107,0.045,0.0,,,,,,,,,,,,1.0,,,,1.0,
Mauritania,MRT,65.0,1988.0,435.0,0.107,0.045,0.0,,,,,,,,,,,,1.0,,,,1.0,
Mauritania,MRT,65.0,1989.0,435.0,0.111,0.044,0.0,,,,,,,,,,,,1.0,,,,1.0,
Mauritania,MRT,65.0,1990.0,435.0,0.114,0.045,0.0,,,,,,,,,,,,1.0,,,,1.0,
Mauritania,MRT,65.0,1991.0,435.0,0.13,0.049,0.0,,,,,,,,,,,,1.0,,,,1.0,
Mauritania,MRT,65.0,1992.0,435.0,0.272,0.107,1.0,0.156,2.0,0.0,1.0,1.0,0.0,0.0,0.0,0.0,1.0,51.31,1.0,84.81,62.7,32.8,1.0,0.0
Mauritania,MRT,65.0,1993.0,435.0,0.301,0.121,1.0,0.156,,,,,,,,,,,1.0,,,,1.0,0.0
Mauritania,MRT,65.0,1994.0,435.0,0.307,0.124,1.0,0.156,,,,,,,,,,,1.0,,,,1.0,0.0
Mauritania,MRT,65.0,1995.0,435.0,0.311,0.124,1.0,0.156,,,,,,,,,,,1.0,,,,1.0,0.0
Mauritania,MRT,65.0,1996.0,435.0,0.308,0.135,1.0,0.226,0.0,0.0,1.0,1.0,0.0,0.0,0.0,0.0,0.0,47.71,1.0,88.61,,,1.0,0.0
Mauritania,MRT,65.0,1997.0,435.0,0.3,0.132,1.0,0.226,2.0,0.0,0.0,0.0,0.0,0.0,0.0,0.0,1.0,74.73,1.0,,90.94,7.02,1.0,0.0
Mauritania,MRT,65.0,1998.0,435.0,0.302,0.133,1.0,0.226,,,,,,,,,,,1.0,,,,1.0,0.0
Mauritania,MRT,65.0,1999.0,435.0,0.302,0.133,1.0,0.226,,,,,,,,,,,1.0,,,,1.0,0.0
Mauritania,MRT,65.0,2000.0,435.0,0.308,0.138,1.0,0.226,,,,,,,,,,,1.0,,,,1.0,0.0
Mauritania,MRT,65.0,2001.0,435.0,0.315,0.14,1.0,0.226,0.0,0.0,1.0,1.0,0.0,0.0,0.0,0.0,0.0,47.3,1.0,79.01,,,1.0,0.0
Mauritania,MRT,65.0,2002.0,435.0,0.318,0.143,1.0,0.226,,,,,,,,,,,1.0,,,,1.0,0.0
Mauritania,MRT,65.0,2003.0,435.0,0.313,0.14,1.0,0.226,0.0,0.0,0.0,0.0,0.0,0.0,0.0,0.0,1.0,51.34,1.0,,67.0,18.7,1.0,0.0
Mauritania,MRT,65.0,2004.0,435.0,0.319,0.146,1.0,0.226,,,,,,,,,,,1.0,,,,1.0,0.0
Mauritania,MRT,65.0,2005.0,435.0,0.29,0.12,1.0,0.094,,,,,,,,,,,1.0,,,,1.0,0.0
Mauritania,MRT,65.0,2006.0,435.0,0.25,0.122,0.0,0.14,0.0,0.0,1.0,1.0,0.0,0.0,0.0,0.0,0.0,54.73,1.0,43.16,,,1.0,0.0
Mauritania,MRT,65.0,2007.0,435.0,0.45,0.237,1.0,0.413,0.0,2.0,0.0,0.0,0.0,0.0,0.0,0.0,1.0,53.55,1.0,,24.8,20.69,1.0,0.0
Mauritania,MRT,65.0,2008.0,435.0,0.4,0.208,1.0,0.256,,,,,,,,,,,1.0,,,,1.0,0.0
Mauritania,MRT,65.0,2009.0,435.0,0.364,0.192,1.0,0.256,0.0,2.0,0.0,0.0,0.0,0.0,0.0,0.0,1.0,49.67,1.0,,52.58,16.29,1.0,0.0
Mauritania,MRT,65.0,2010.0,435.0,0.468,0.228,1.0,0.207,,,,,,,,,,,1.0,,,,1.0,0.0
Mauritania,MRT,65.0,2011.0,435.0,0.468,0.228,1.0,0.212,,,,,,,,,,,1.0,,,,1.0,0.0
Mauritania,MRT,65.0,2012.0,435.0,0.471,0.23,1.0,0.212,,,,,,,,,,,1.0,,,,1.0,0.0
Mauritania,MRT,65.0,2013.0,435.0,0.416,0.174,1.0,0.172,0.0,0.0,1.0,1.0,0.0,0.0,0.0,0.0,0.0,56.41,1.0,51.37,,,0.5,0.0
Mauritania,MRT,65.0,2014.0,435.0,0.422,0.175,1.0,0.172,0.0,0.0,0.0,0.0,0.0,0.0,0.0,0.0,1.0,40.32,1.0,,81.89,8.67,0.5,0.0
Mauritania,MRT,65.0,2015.0,435.0,0.431,0.178,1.0,0.172,,,,,,,,,,,1.0,,,,0.5,0.0
Mauritania,MRT,65.0,2016.0,435.0,0.431,0.178,1.0,0.172,,,,,,,,,,,1.0,,,,0.5,0.0
Mauritania,MRT,65.0,2017.0,435.0,0.389,0.157,1.0,0.122,,,,,,,,,,,1.0,,,,0.5,0.0
Mauritania,MRT,65.0,2018.0,435.0,0.391,0.172,1.0,0.122,0.0,0.0,1.0,0.0,0.0,0.0,0.0,0.0,0.0,48.34,1.0,59.24,,,0.5,0.0
Mauritania,MRT,65.0,2019.0,435.0,0.407,0.186,1.0,0.17,1.0,1.0,0.0,0.0,0.0,0.0,0.0,0.0,1.0,44.29,1.0,,52.01,18.58,0.5,0.0
Mauritania,MRT,65.0,2020.0,435.0,0.389,0.206,1.0,0.415,,,,,,,,,,,1.0,,,,0.5,0.0
Mauritania,MRT,65.0,2021.0,435.0,0.391,0.195,1.0,0.391,,,,,,,,,,,1.0,,,,0.5,0.0
Mauritania,MRT,65.0,2022.0,435.0,0.396,0.195,1.0,0.405,,,,,,,,,,,1.0,,,,0.5,0.0
Mauritania,MRT,65.0,2023.0,435.0,0.368,0.183,1.0,0.327,0.0,0.0,1.0,1.0,0.0,0.0,0.0,0.0,0.0,52.31,1.0,60.8,,,0.5,0.0
Mauritania,MRT,65.0,2024.0,435.0,0.337,0.136,1.0,0.327,0.0,0.0,0.0,0.0,0.0,0.0,0.0,0.0,1.0,42.79,1.0,,56.12,22.1,0.5,0.0
Mauritania,MRT,65.0,2025.0,435.0,0.328,0.127,1.0,0.327,,,,,,,,,,,1.0,,,,0.5,0.0
Canada,CAN,66.0,1980.0,20.0,0.829,0.747,3.0,0.874,2.0,0.0,1.0,0.0,0.0,0.0,0.0,0.0,0.0,64.53,1.0,52.13,,,0.0,0.0
Canada,CAN,66.0,1981.0,20.0,0.829,0.748,3.0,0.869,,,,,,,,,,,1.0,,,,0.0,0.0
Canada,CAN,66.0,1982.0,20.0,0.828,0.747,3.0,0.869,,,,,,,,,,,1.0,,,,0.0,0.0
Canada,CAN,66.0,1983.0,20.0,0.828,0.751,3.0,0.869,,,,,,,,,,,1.0,,,,0.0,0.0
Canada,CAN,66.0,1984.0,20.0,0.834,0.757,3.0,0.869,2.0,0.0,1.0,0.0,0.0,0.0,0.0,0.0,0.0,67.91,1.0,74.82,,,0.0,0.0
Canada,CAN,66.0,1985.0,20.0,0.835,0.757,3.0,0.869,,,,,,,,,,,1.0,,,,0.0,0.0
Canada,CAN,66.0,1986.0,20.0,0.835,0.757,3.0,0.869,,,,,,,,,,,1.0,,,,0.0,0.0
Canada,CAN,66.0,1987.0,20.0,0.835,0.757,3.0,0.869,,,,,,,,,,,1.0,,,,0.0,0.0
Canada,CAN,66.0,1988.0,20.0,0.835,0.757,3.0,0.869,0.0,0.0,1.0,0.0,0.0,0.0,0.0,0.0,0.0,68.34,1.0,57.29,,,0.0,0.0
Canada,CAN,66.0,1989.0,20.0,0.833,0.746,3.0,0.869,,,,,,,,,,,1.0,,,,0.0,0.0
Canada,CAN,66.0,1990.0,20.0,0.833,0.754,3.0,0.869,,,,,,,,,,,1.0,,,,0.0,0.0
Canada,CAN,66.0,1991.0,20.0,0.833,0.754,3.0,0.869,,,,,,,,,,,1.0,,,,0.0,0.0
Canada,CAN,66.0,1992.0,20.0,0.831,0.75,3.0,0.869,,,,,,,,,,,1.0,,,,0.0,0.0
Canada,CAN,66.0,1993.0,20.0,0.832,0.752,3.0,0.869,2.0,0.0,1.0,0.0,0.0,0.0,0.0,0.0,0.0,63.87,1.0,60.0,,,0.0,1.0
Canada,CAN,66.0,1994.0,20.0,0.842,0.762,3.0,0.869,,,,,,,,,,,1.0,,,,0.0,0.0
Canada,CAN,66.0,1995.0,20.0,0.842,0.762,3.0,0.869,,,,,,,,,,,1.0,,,,0.0,0.0
Canada,CAN,66.0,1996.0,20.0,0.846,0.765,3.0,0.869,,,,,,,,,,,1.0,,,,0.0,0.0
Canada,CAN,66.0,1997.0,20.0,0.84,0.76,3.0,0.869,0.0,0.0,1.0,0.0,0.0,0.0,0.0,0.0,0.0,57.06,1.0,51.5,,,0.0,0.0
Canada,CAN,66.0,1998.0,20.0,0.836,0.756,3.0,0.869,,,,,,,,,,,1.0,,,,0.0,0.0
Canada,CAN,66.0,1999.0,20.0,0.836,0.756,3.0,0.869,,,,,,,,,,,1.0,,,,0.0,0.0
Canada,CAN,66.0,2000.0,20.0,0.836,0.756,3.0,0.869,0.0,0.0,1.0,0.0,0.0,0.0,0.0,0.0,0.0,54.64,1.0,57.14,,,0.0,0.0
Canada,CAN,66.0,2001.0,20.0,0.832,0.752,3.0,0.869,,,,,,,,,,,1.0,,,,0.0,0.0
Canada,CAN,66.0,2002.0,20.0,0.825,0.746,3.0,0.869,,,,,,,,,,,1.0,,,,0.0,0.0
Canada,CAN,66.0,2003.0,20.0,0.825,0.746,3.0,0.869,,,,,,,,,,,1.0,,,,0.0,0.0
Canada,CAN,66.0,2004.0,20.0,0.825,0.751,3.0,0.892,0.0,0.0,1.0,0.0,0.0,0.0,0.0,0.0,0.0,55.28,1.0,43.83,,,0.0,0.0
Canada,CAN,66.0,2005.0,20.0,0.824,0.751,3.0,0.892,,,,,,,,,,,1.0,,,,0.0,0.0
Canada,CAN,66.0,2006.0,20.0,0.83,0.757,3.0,0.897,2.0,0.0,1.0,0.0,0.0,0.0,0.0,0.0,0.0,58.75,1.0,40.26,,,0.0,0.0
Canada,CAN,66.0,2007.0,20.0,0.832,0.759,3.0,0.897,,,,,,,,,,,1.0,,,,0.0,0.0
Canada,CAN,66.0,2008.0,20.0,0.827,0.753,3.0,0.897,0.0,0.0,1.0,0.0,0.0,0.0,0.0,0.0,0.0,53.59,1.0,46.43,,,0.0,0.0
Canada,CAN,66.0,2009.0,20.0,0.826,0.753,3.0,0.897,,,,,,,,,,,1.0,,,,0.0,0.0
Canada,CAN,66.0,2010.0,20.0,0.826,0.755,3.0,0.911,,,,,,,,,,,1.0,,,,0.0,0.0
Canada,CAN,66.0,2011.0,20.0,0.811,0.74,3.0,0.909,0.0,0.0,1.0,0.0,0.0,0.0,0.0,0.0,0.0,54.16,1.0,54.22,,,0.0,0.0
Canada,CAN,66.0,2012.0,20.0,0.81,0.738,3.0,0.909,,,,,,,,,,,1.0,,,,0.0,0.0
Canada,CAN,66.0,2013.0,20.0,0.817,0.742,3.0,0.903,,,,,,,,,,,1.0,,,,0.0,0.0
Canada,CAN,66.0,2014.0,20.0,0.814,0.742,3.0,0.903,,,,,,,,,,,1.0,,,,0.0,0.0
Canada,CAN,66.0,2015.0,20.0,0.807,0.735,3.0,0.897,2.0,0.0,1.0,0.0,0.0,0.0,0.0,0.0,0.0,62.12,1.0,54.44,,,0.0,0.0
Canada,CAN,66.0,2016.0,20.0,0.834,0.762,3.0,0.896,,,,,,,,,,,1.0,,,,0.0,0.0
Canada,CAN,66.0,2017.0,20.0,0.839,0.769,3.0,0.904,,,,,,,,,,,1.0,,,,0.0,0.0
Canada,CAN,66.0,2018.0,20.0,0.84,0.763,3.0,0.886,,,,,,,,,,,1.0,,,,0.0,0.0
Canada,CAN,66.0,2019.0,20.0,0.85,0.763,3.0,0.834,0.0,0.0,1.0,0.0,0.0,0.0,0.0,0.0,0.0,62.42,1.0,46.45,,,0.0,0.0
Canada,CAN,66.0,2020.0,20.0,0.849,0.745,2.0,0.817,,,,,,,,,,,1.0,,,,0.0,0.0
Canada,CAN,66.0,2021.0,20.0,0.843,0.749,3.0,0.841,0.0,0.0,1.0,0.0,0.0,0.0,0.0,0.0,0.0,55.43,1.0,47.34,,,0.0,0.0
Canada,CAN,66.0,2022.0,20.0,0.848,0.745,2.0,0.855,,,,,,,,,,,1.0,,,,0.0,0.0
Canada,CAN,66.0,2023.0,20.0,0.847,0.742,2.0,0.845,,,,,,,,,,,1.0,,,,0.0,0.0
Canada,CAN,66.0,2024.0,20.0,0.841,0.744,2.0,0.845,,,,,,,,,,,1.0,,,,0.0,0.0
Canada,CAN,66.0,2025.0,20.0,0.84,0.736,2.0,0.845,0.0,0.0,1.0,0.0,0.0,0.0,0.0,0.0,0.0,61.28,1.0,49.27,,,0.0,0.0
Australia,AUS,67.0,1980.0,900.0,0.871,0.829,3.0,0.943,0.0,0.0,1.0,0.0,0.0,0.0,0.0,0.0,0.0,83.97,1.0,43.2,,,0.0,0.0
Australia,AUS,67.0,1981.0,900.0,0.877,0.835,3.0,0.943,,,,,,,,,,,1.0,,,,0.0,0.0
Australia,AUS,67.0,1982.0,900.0,0.877,0.835,3.0,0.943,,,,,,,,,,,1.0,,,,0.0,0.0
Australia,AUS,67.0,1983.0,900.0,0.877,0.834,3.0,0.943,2.0,0.0,1.0,0.0,0.0,0.0,0.0,0.0,0.0,81.24,1.0,60.0,,,0.0,0.0
Australia,AUS,67.0,1984.0,900.0,0.884,0.842,3.0,0.943,0.0,0.0,1.0,0.0,0.0,0.0,0.0,0.0,0.0,84.2,1.0,55.41,,,0.0,0.0
Australia,AUS,67.0,1985.0,900.0,0.886,0.844,3.0,0.943,,,,,,,,,,,1.0,,,,0.0,0.0
Australia,AUS,67.0,1986.0,900.0,0.886,0.844,3.0,0.943,,,,,,,,,,,1.0,,,,0.0,0.0
Australia,AUS,67.0,1987.0,900.0,0.885,0.844,3.0,0.943,0.0,0.0,1.0,0.0,0.0,0.0,0.0,0.0,0.0,84.14,1.0,58.11,,,0.0,0.0
Australia,AUS,67.0,1988.0,900.0,0.885,0.844,3.0,0.943,,,,,,,,,,,1.0,,,,0.0,0.0
Australia,AUS,67.0,1989.0,900.0,0.885,0.844,3.0,0.943,,,,,,,,,,,1.0,,,,0.0,0.0
Australia,AUS,67.0,1990.0,900.0,0.892,0.851,3.0,0.943,0.0,0.0,1.0,0.0,0.0,0.0,0.0,0.0,0.0,82.09,1.0,52.7,,,0.0,0.0
Australia,AUS,67.0,1991.0,900.0,0.892,0.851,3.0,0.943,,,,,,,,,,,1.0,,,,0.0,0.0
Australia,AUS,67.0,1992.0,900.0,0.892,0.851,3.0,0.943,,,,,,,,,,,1.0,,,,0.0,0.0
Australia,AUS,67.0,1993.0,900.0,0.89,0.849,3.0,0.943,0.0,0.0,1.0,0.0,0.0,0.0,0.0,0.0,0.0,83.43,1.0,54.42,,,0.0,0.0
Australia,AUS,67.0,1994.0,900.0,0.889,0.848,3.0,0.943,,,,,,,,,,,1.0,,,,0.0,0.0
Australia,AUS,67.0,1995.0,900.0,0.889,0.848,3.0,0.943,,,,,,,,,,,1.0,,,,0.0,0.0
Australia,AUS,67.0,1996.0,900.0,0.891,0.849,3.0,0.943,2.0,0.0,1.0,0.0,0.0,0.0,0.0,0.0,0.0,82.99,1.0,51.35,,,0.0,0.0
Australia,AUS,67.0,1997.0,900.0,0.882,0.841,3.0,0.943,,,,,,,,,,,1.0,,,,0.0,0.0
Australia,AUS,67.0,1998.0,900.0,0.882,0.841,3.0,0.943,0.0,0.0,1.0,0.0,0.0,0.0,0.0,0.0,0.0,82.24,1.0,45.27,,,0.0,0.0
Australia,AUS,67.0,1999.0,900.0,0.883,0.842,3.0,0.943,,,,,,,,,,,1.0,,,,0.0,0.0
Australia,AUS,67.0,2000.0,900.0,0.888,0.847,3.0,0.943,,,,,,,,,,,1.0,,,,0.0,0.0
Australia,AUS,67.0,2001.0,900.0,0.885,0.844,3.0,0.943,0.0,0.0,1.0,0.0,0.0,0.0,0.0,0.0,0.0,84.2,1.0,46.0,,,0.0,0.0
Australia,AUS,67.0,2002.0,900.0,0.879,0.838,3.0,0.943,,,,,,,,,,,1.0,,,,0.0,0.0
Australia,AUS,67.0,2003.0,900.0,0.879,0.838,3.0,0.943,,,,,,,,,,,1.0,,,,0.0,0.0
Australia,AUS,67.0,2004.0,900.0,0.879,0.838,3.0,0.943,0.0,0.0,1.0,0.0,0.0,0.0,0.0,0.0,0.0,82.37,1.0,50.0,,,0.0,0.0
Australia,AUS,67.0,2005.0,900.0,0.878,0.838,3.0,0.943,,,,,,,,,,,1.0,,,,0.0,0.0
Australia,AUS,67.0,2006.0,900.0,0.878,0.838,3.0,0.943,,,,,,,,,,,1.0,,,,0.0,0.0
Australia,AUS,67.0,2007.0,900.0,0.88,0.839,3.0,0.943,2.0,0.0,1.0,0.0,0.0,0.0,0.0,0.0,0.0,82.38,1.0,55.33,,,0.0,0.0
Australia,AUS,67.0,2008.0,900.0,0.889,0.849,3.0,0.948,,,,,,,,,,,1.0,,,,0.0,0.0
Australia,AUS,67.0,2009.0,900.0,0.889,0.849,3.0,0.948,,,,,,,,,,,1.0,,,,0.0,0.0
Australia,AUS,67.0,2010.0,900.0,0.896,0.856,3.0,0.948,0.0,0.0,1.0,0.0,0.0,0.0,0.0,0.0,0.0,81.02,1.0,48.67,,,0.0,1.0
Australia,AUS,67.0,2011.0,900.0,0.896,0.857,3.0,0.948,,,,,,,,,,,1.0,,,,0.0,1.0
Australia,AUS,67.0,2012.0,900.0,0.896,0.858,3.0,0.948,,,,,,,,,,,1.0,,,,0.0,1.0
Australia,AUS,67.0,2013.0,900.0,0.862,0.821,3.0,0.968,2.0,0.0,1.0,0.0,0.0,0.0,0.0,0.0,0.0,78.86,1.0,60.0,,,0.0,0.0
Australia,AUS,67.0,2014.0,900.0,0.855,0.815,3.0,0.968,,,,,,,,,,,1.0,,,,0.0,0.0
Australia,AUS,67.0,2015.0,900.0,0.865,0.825,3.0,0.968,,,,,,,,,,,1.0,,,,0.0,0.0
Australia,AUS,67.0,2016.0,900.0,0.871,0.833,3.0,0.968,0.0,0.0,1.0,0.0,0.0,0.0,0.0,0.0,0.0,78.96,1.0,50.67,,,0.0,0.0
Australia,AUS,67.0,2017.0,900.0,0.871,0.828,3.0,0.958,,,,,,,,,,,1.0,,,,0.0,0.0
Australia,AUS,67.0,2018.0,900.0,0.86,0.817,3.0,0.958,,,,,,,,,,,1.0,,,,0.0,0.0
Australia,AUS,67.0,2019.0,900.0,0.825,0.779,3.0,0.958,0.0,0.0,1.0,0.0,0.0,0.0,0.0,0.0,0.0,80.79,1.0,50.99,,,0.0,0.0
Australia,AUS,67.0,2020.0,900.0,0.837,0.79,3.0,0.958,,,,,,,,,,,1.0,,,,0.0,0.0
Australia,AUS,67.0,2021.0,900.0,0.828,0.779,3.0,0.958,,,,,,,,,,,1.0,,,,0.0,0.0
Australia,AUS,67.0,2022.0,900.0,0.846,0.794,3.0,0.94,2.0,0.0,1.0,0.0,0.0,0.0,0.0,0.0,0.0,75.99,1.0,50.99,,,0.0,0.0
Australia,AUS,67.0,2023.0,900.0,0.851,0.802,3.0,0.94,,,,,,,,,,,1.0,,,,0.0,0.0
Australia,AUS,67.0,2024.0,900.0,0.848,0.796,3.0,0.94,,,,,,,,,,,1.0,,,,0.0,0.0
Australia,AUS,67.0,2025.0,900.0,0.844,0.793,3.0,0.94,0.0,0.0,1.0,0.0,0.0,0.0,0.0,0.0,0.0,77.66,1.0,62.67,,,0.0,0.0
Botswana,BWA,68.0,1980.0,571.0,0.629,0.515,2.0,0.713,,,,,,,,,,,0.0,,,,1.0,
Botswana,BWA,68.0,1981.0,571.0,0.633,0.522,2.0,0.713,,,,,,,,,,,0.0,,,,1.0,
Botswana,BWA,68.0,1982.0,571.0,0.643,0.529,2.0,0.713,,,,,,,,,,,0.0,,,,1.0,
Botswana,BWA,68.0,1983.0,571.0,0.643,0.529,2.0,0.713,,,,,,,,,,,0.0,,,,1.0,
Botswana,BWA,68.0,1984.0,571.0,0.653,0.544,2.0,0.764,0.0,0.0,1.0,0.0,0.0,0.0,0.0,0.0,0.0,54.18,0.0,82.35,,,1.0,
Botswana,BWA,68.0,1985.0,571.0,0.655,0.547,2.0,0.773,,,,,,,,,,,0.0,,,,1.0,
Botswana,BWA,68.0,1986.0,571.0,0.655,0.55,2.0,0.773,,,,,,,,,,,0.0,,,,1.0,
Botswana,BWA,68.0,1987.0,571.0,0.655,0.55,2.0,0.773,,,,,,,,,,,0.0,,,,1.0,
Botswana,BWA,68.0,1988.0,571.0,0.664,0.558,2.0,0.773,,,,,,,,,,,0.0,,,,1.0,
Botswana,BWA,68.0,1989.0,571.0,0.666,0.563,2.0,0.791,0.0,0.0,1.0,0.0,0.0,0.0,0.0,0.0,0.0,47.9,0.0,91.18,,,1.0,
Botswana,BWA,68.0,1990.0,571.0,0.683,0.577,2.0,0.791,,,,,,,,,,,0.0,,,,1.0,
Botswana,BWA,68.0,1991.0,571.0,0.683,0.577,2.0,0.791,,,,,,,,,,,0.0,,,,1.0,
Botswana,BWA,68.0,1992.0,571.0,0.683,0.577,2.0,0.791,,,,,,,,,,,0.0,,,,1.0,
Botswana,BWA,68.0,1993.0,571.0,0.683,0.577,2.0,0.791,,,,,,,,,,,0.0,,,,1.0,
Botswana,BWA,68.0,1994.0,571.0,0.676,0.58,2.0,0.838,0.0,0.0,1.0,0.0,0.0,0.0,0.0,0.0,0.0,44.63,0.0,67.5,,,1.0,
Botswana,BWA,68.0,1995.0,571.0,0.684,0.587,2.0,0.838,,,,,,,,,,,0.0,,,,1.0,
Botswana,BWA,68.0,1996.0,571.0,0.684,0.587,2.0,0.838,,,,,,,,,,,0.0,,,,1.0,
Botswana,BWA,68.0,1997.0,571.0,0.698,0.601,2.0,0.838,,,,,,,,,,,0.0,,,,1.0,
Botswana,BWA,68.0,1998.0,571.0,0.702,0.604,2.0,0.838,,,,,,,,,,,0.0,,,,1.0,
Botswana,BWA,68.0,1999.0,571.0,0.703,0.607,3.0,0.838,0.0,0.0,1.0,0.0,0.0,0.0,0.0,0.0,0.0,41.98,0.0,82.5,,,1.0,
Botswana,BWA,68.0,2000.0,571.0,0.702,0.607,3.0,0.838,,,,,,,,,,,0.0,,,,1.0,
Botswana,BWA,68.0,2001.0,571.0,0.702,0.607,3.0,0.838,,,,,,,,,,,0.0,,,,1.0,
Botswana,BWA,68.0,2002.0,571.0,0.702,0.607,3.0,0.838,,,,,,,,,,,0.0,,,,1.0,
Botswana,BWA,68.0,2003.0,571.0,0.702,0.607,3.0,0.838,,,,,,,,,,,0.0,,,,1.0,
Botswana,BWA,68.0,2004.0,571.0,0.713,0.615,3.0,0.838,0.0,0.0,1.0,0.0,0.0,0.0,0.0,0.0,0.0,44.0,0.0,77.19,,,1.0,
Botswana,BWA,68.0,2005.0,571.0,0.717,0.619,3.0,0.838,,,,,,,,,,,0.0,,,,1.0,
Botswana,BWA,68.0,2006.0,571.0,0.722,0.623,3.0,0.838,,,,,,,,,,,0.0,,,,1.0,
Botswana,BWA,68.0,2007.0,571.0,0.72,0.623,3.0,0.838,,,,,,,,,,,0.0,,,,1.0,
Botswana,BWA,68.0,2008.0,571.0,0.715,0.617,3.0,0.838,,,,,,,,,,,0.0,,,,1.0,
Botswana,BWA,68.0,2009.0,571.0,0.712,0.614,3.0,0.842,0.0,0.0,1.0,0.0,0.0,0.0,0.0,0.0,0.0,62.2,0.0,78.95,,,1.0,
Botswana,BWA,68.0,2010.0,571.0,0.717,0.622,3.0,0.842,,,,,,,,,,,0.0,,,,1.0,
Botswana,BWA,68.0,2011.0,571.0,0.719,0.624,3.0,0.842,,,,,,,,,,,0.0,,,,1.0,
Botswana,BWA,68.0,2012.0,571.0,0.719,0.617,3.0,0.825,,,,,,,,,,,0.0,,,,1.0,
Botswana,BWA,68.0,2013.0,571.0,0.713,0.609,3.0,0.852,,,,,,,,,,,0.0,,,,1.0,
Botswana,BWA,68.0,2014.0,571.0,0.711,0.61,3.0,0.861,0.0,0.0,1.0,0.0,0.0,0.0,0.0,0.0,0.0,55.09,0.0,64.91,,,1.0,
Botswana,BWA,68.0,2015.0,571.0,0.69,0.587,3.0,0.861,,,,,,,,,,,0.0,,,,1.0,
Botswana,BWA,68.0,2016.0,571.0,0.685,0.582,3.0,0.861,,,,,,,,,,,0.0,,,,1.0,
Botswana,BWA,68.0,2017.0,571.0,0.675,0.568,3.0,0.841,,,,,,,,,,,0.0,,,,1.0,
Botswana,BWA,68.0,2018.0,571.0,0.672,0.573,3.0,0.834,,,,,,,,,,,0.0,,,,1.0,
Botswana,BWA,68.0,2019.0,571.0,0.656,0.56,3.0,0.834,0.0,0.0,1.0,0.0,0.0,0.0,0.0,0.0,0.0,53.24,0.0,66.67,,,1.0,
Botswana,BWA,68.0,2020.0,571.0,0.589,0.484,3.0,0.704,,,,,,,,,,,0.0,,,,1.0,
Botswana,BWA,68.0,2021.0,571.0,0.587,0.477,2.0,0.729,,,,,,,,,,,0.0,,,,1.0,
Botswana,BWA,68.0,2022.0,571.0,0.573,0.459,2.0,0.683,,,,,,,,,,,0.0,,,,1.0,
Botswana,BWA,68.0,2023.0,571.0,0.564,0.444,2.0,0.682,,,,,,,,,,,0.0,,,,1.0,
Botswana,BWA,68.0,2024.0,571.0,0.595,0.47,2.0,0.706,0.0,0.0,1.0,0.0,0.0,0.0,0.0,0.0,0.0,52.44,0.0,59.0,,,1.0,
Botswana,BWA,68.0,2025.0,571.0,0.665,0.52,2.0,0.706,,,,,,,,,,,0.0,,,,1.0,
Burundi,BDI,69.0,1980.0,516.0,0.084,0.082,0.0,0.075,,,,,,,,,,,1.0,,,,1.0,
Burundi,BDI,69.0,1981.0,516.0,0.09,0.083,0.0,0.306,0.0,0.0,0.0,0.0,0.0,0.0,1.0,0.0,0.0,,1.0,,,,1.0,
Burundi,BDI,69.0,1982.0,516.0,0.137,0.097,0.0,0.409,0.0,0.0,1.0,0.0,0.0,0.0,0.0,0.0,0.0,,1.0,100.0,,,1.0,
Burundi,BDI,69.0,1983.0,516.0,0.136,0.122,0.0,0.31,,,,,,,,,,,1.0,,,,1.0,
Burundi,BDI,69.0,1984.0,516.0,0.136,0.121,1.0,0.31,0.0,0.0,0.0,0.0,0.0,0.0,0.0,0.0,1.0,,1.0,,99.6,0.0,1.0,
Burundi,BDI,69.0,1985.0,516.0,0.193,0.135,1.0,0.31,,,,,,,,,,,1.0,,,,1.0,
Burundi,BDI,69.0,1986.0,516.0,0.193,0.136,1.0,0.31,,,,,,,,,,,1.0,,,,1.0,
Burundi,BDI,69.0,1987.0,516.0,0.159,0.127,1.0,0.402,,,,,,,,,,,1.0,,,,1.0,
Burundi,BDI,69.0,1988.0,516.0,0.088,0.085,0.0,0.423,,,,,,,,,,,1.0,,,,1.0,0.0
Burundi,BDI,69.0,1989.0,516.0,0.088,0.085,0.0,0.423,,,,,,,,,,,1.0,,,,1.0,0.0
Burundi,BDI,69.0,1990.0,516.0,0.089,0.086,0.0,0.423,,,,,,,,,,,1.0,,,,1.0,0.0
Burundi,BDI,69.0,1991.0,516.0,0.089,0.084,0.0,0.423,,,,,,,,,,,1.0,,,,1.0,0.0
Burundi,BDI,69.0,1992.0,516.0,0.165,0.099,0.0,0.423,,,,,,,,,,,1.0,,,,1.0,0.0
Burundi,BDI,69.0,1993.0,516.0,0.277,0.164,1.0,0.464,1.0,2.0,1.0,0.0,0.0,0.0,0.0,0.0,1.0,80.14,1.0,80.25,65.7,32.9,1.0,1.0
Burundi,BDI,69.0,1994.0,516.0,0.237,0.168,1.0,0.502,,,,,,,,,,,1.0,,,,1.0,0.0
Burundi,BDI,69.0,1995.0,516.0,0.253,0.17,1.0,0.469,,,,,,,,,,,1.0,,,,1.0,0.0
Burundi,BDI,69.0,1996.0,516.0,0.224,0.155,0.0,0.469,,,,,,,,,,,1.0,,,,1.0,0.0
Burundi,BDI,69.0,1997.0,516.0,0.188,0.149,0.0,0.469,,,,,,,,,,,1.0,,,,1.0,0.0
Burundi,BDI,69.0,1998.0,516.0,0.183,0.148,0.0,0.469,,,,,,,,,,,1.0,,,,1.0,
Burundi,BDI,69.0,1999.0,516.0,0.185,0.148,0.0,0.469,,,,,,,,,,,1.0,,,,1.0,
Burundi,BDI,69.0,2000.0,516.0,0.187,0.147,0.0,0.454,,,,,,,,,,,1.0,,,,1.0,
Burundi,BDI,69.0,2001.0,516.0,0.188,0.149,0.0,0.454,,,,,,,,,,,1.0,,,,1.0,
Burundi,BDI,69.0,2002.0,516.0,0.202,0.149,0.0,0.433,,,,,,,,,,,1.0,,,,1.0,
Burundi,BDI,69.0,2003.0,516.0,0.209,0.151,0.0,0.433,,,,,,,,,,,1.0,,,,1.0,
Burundi,BDI,69.0,2004.0,516.0,0.208,0.151,0.0,0.433,,,,,,,,,,,1.0,,,,1.0,
Burundi,BDI,69.0,2005.0,516.0,0.299,0.148,1.0,0.415,0.0,0.0,1.0,0.0,0.0,0.0,0.0,0.0,0.0,70.39,1.0,59.0,,,1.0,
Burundi,BDI,69.0,2006.0,516.0,0.418,0.186,1.0,0.415,,,,,,,,,,,1.0,,,,1.0,
Burundi,BDI,69.0,2007.0,516.0,0.413,0.183,1.0,0.415,,,,,,,,,,,1.0,,,,1.0,
Burundi,BDI,69.0,2008.0,516.0,0.405,0.178,1.0,0.415,,,,,,,,,,,1.0,,,,1.0,
Burundi,BDI,69.0,2009.0,516.0,0.397,0.175,1.0,0.415,,,,,,,,,,,1.0,,,,1.0,
Burundi,BDI,69.0,2010.0,516.0,0.323,0.144,1.0,0.406,0.0,0.0,1.0,0.0,0.0,0.0,0.0,0.0,1.0,58.69,1.0,80.0,91.6,0.0,1.0,
Burundi,BDI,69.0,2011.0,516.0,0.287,0.133,1.0,0.406,,,,,,,,,,,1.0,,,,1.0,
Burundi,BDI,69.0,2012.0,516.0,0.287,0.134,1.0,0.406,,,,,,,,,,,1.0,,,,1.0,
Burundi,BDI,69.0,2013.0,516.0,0.278,0.109,1.0,0.352,,,,,,,,,,,1.0,,,,1.0,
Burundi,BDI,69.0,2014.0,516.0,0.27,0.101,1.0,0.338,,,,,,,,,,,1.0,,,,1.0,
Burundi,BDI,69.0,2015.0,516.0,0.196,0.063,1.0,0.21,0.0,0.0,1.0,0.0,0.0,0.0,0.0,0.0,1.0,55.53,1.0,77.0,69.41,18.99,1.0,
Burundi,BDI,69.0,2016.0,516.0,0.166,0.046,1.0,0.152,,,,,,,,,,,1.0,,,,1.0,
Burundi,BDI,69.0,2017.0,516.0,0.157,0.045,1.0,0.146,,,,,,,,,,,1.0,,,,1.0,
Burundi,BDI,69.0,2018.0,516.0,0.157,0.044,1.0,0.152,,,,,,,,,,,1.0,,,,1.0,
Burundi,BDI,69.0,2019.0,516.0,0.159,0.055,1.0,0.205,,,,,,,,,,,1.0,,,,1.0,
Burundi,BDI,69.0,2020.0,516.0,0.168,0.049,1.0,0.126,1.0,1.0,1.0,0.0,0.0,0.0,0.0,0.0,1.0,76.49,1.0,72.0,68.75,24.19,1.0,0.0
Burundi,BDI,69.0,2021.0,516.0,0.181,0.067,1.0,0.187,,,,,,,,,,,1.0,,,,1.0,0.0
Burundi,BDI,69.0,2022.0,516.0,0.189,0.077,1.0,0.191,,,,,,,,,,,1.0,,,,1.0,0.0
Burundi,BDI,69.0,2023.0,516.0,0.186,0.056,1.0,0.072,,,,,,,,,,,1.0,,,,1.0,0.0
Burundi,BDI,69.0,2024.0,516.0,0.178,0.062,1.0,0.152,,,,,,,,,,,1.0,,,,1.0,0.0
Burundi,BDI,69.0,2025.0,516.0,0.185,0.06,1.0,0.129,0.0,0.0,1.0,0.0,0.0,0.0,0.0,0.0,0.0,83.19,1.0,100.0,,,1.0,0.0
Cape Verde,CPV,70.0,1980.0,402.0,0.166,0.167,1.0,0.701,0.0,0.0,1.0,0.0,0.0,0.0,0.0,0.0,0.0,,0.0,100.0,,,0.0,0.0
Cape Verde,CPV,70.0,1981.0,402.0,0.302,0.261,1.0,0.502,,,,,,,,,,,0.0,,,,0.0,0.0
Cape Verde,CPV,70.0,1982.0,402.0,0.302,0.261,1.0,0.502,,,,,,,,,,,0.0,,,,0.0,0.0
Cape Verde,CPV,70.0,1983.0,402.0,0.302,0.261,1.0,0.502,,,,,,,,,,,0.0,,,,0.0,0.0
Cape Verde,CPV,70.0,1984.0,402.0,0.302,0.262,1.0,0.502,,,,,,,,,,,0.0,,,,0.0,0.0
Cape Verde,CPV,70.0,1985.0,402.0,0.302,0.262,1.0,0.502,0.0,0.0,1.0,0.0,0.0,0.0,0.0,0.0,0.0,,0.0,100.0,,,0.0,0.0
Cape Verde,CPV,70.0,1986.0,402.0,0.312,0.267,1.0,0.502,,,,,,,,,,,0.0,,,,0.0,0.0
Cape Verde,CPV,70.0,1987.0,402.0,0.312,0.267,1.0,0.502,,,,,,,,,,,0.0,,,,0.0,0.0
Cape Verde,CPV,70.0,1988.0,402.0,0.321,0.278,1.0,0.502,,,,,,,,,,,0.0,,,,0.0,0.0
Cape Verde,CPV,70.0,1989.0,402.0,0.321,0.278,1.0,0.502,,,,,,,,,,,0.0,,,,0.0,0.0
Cape Verde,CPV,70.0,1990.0,402.0,0.338,0.289,1.0,0.502,,,,,,,,,,,0.0,,,,0.0,0.0
Cape Verde,CPV,70.0,1991.0,402.0,0.662,0.569,2.0,0.839,2.0,2.0,1.0,0.0,0.0,0.0,0.0,0.0,1.0,71.75,0.0,70.89,73.4,26.6,0.0,0.0
Cape Verde,CPV,70.0,1992.0,402.0,0.714,0.635,2.0,0.911,,,,,,,,,,,0.0,,,,0.0,0.0
Cape Verde,CPV,70.0,1993.0,402.0,0.714,0.635,2.0,0.911,,,,,,,,,,,0.0,,,,0.0,0.0
Cape Verde,CPV,70.0,1994.0,402.0,0.714,0.635,2.0,0.911,,,,,,,,,,,0.0,,,,0.0,0.0
Cape Verde,CPV,70.0,1995.0,402.0,0.732,0.649,2.0,0.911,0.0,0.0,1.0,0.0,0.0,0.0,0.0,0.0,0.0,79.48,0.0,69.44,,,0.0,0.0
Cape Verde,CPV,70.0,1996.0,402.0,0.776,0.69,2.0,0.911,0.0,0.0,0.0,0.0,0.0,0.0,0.0,0.0,1.0,,0.0,,92.1,0.0,0.0,0.0
Cape Verde,CPV,70.0,1997.0,402.0,0.778,0.692,2.0,0.905,,,,,,,,,,,0.0,,,,0.0,0.0
Cape Verde,CPV,70.0,1998.0,402.0,0.778,0.692,2.0,0.905,,,,,,,,,,,0.0,,,,0.0,0.0
Cape Verde,CPV,70.0,1999.0,402.0,0.778,0.692,2.0,0.905,,,,,,,,,,,0.0,,,,0.0,0.0
Cape Verde,CPV,70.0,2000.0,402.0,0.772,0.685,2.0,0.905,,,,,,,,,,,0.0,,,,0.0,0.0
Cape Verde,CPV,70.0,2001.0,402.0,0.762,0.677,2.0,0.905,2.0,2.0,1.0,0.0,0.0,0.0,0.0,0.0,1.0,71.69,0.0,55.56,46.52,45.83,0.0,0.0
Cape Verde,CPV,70.0,2002.0,402.0,0.767,0.682,2.0,0.905,,,,,,,,,,,0.0,,,,0.0,0.0
Cape Verde,CPV,70.0,2003.0,402.0,0.767,0.682,2.0,0.905,,,,,,,,,,,0.0,,,,0.0,0.0
Cape Verde,CPV,70.0,2004.0,402.0,0.767,0.682,2.0,0.905,,,,,,,,,,,0.0,,,,0.0,0.0
Cape Verde,CPV,70.0,2005.0,402.0,0.767,0.682,2.0,0.905,,,,,,,,,,,0.0,,,,0.0,0.0
Cape Verde,CPV,70.0,2006.0,402.0,0.778,0.693,2.0,0.905,0.0,0.0,1.0,0.0,0.0,0.0,0.0,0.0,1.0,79.98,0.0,56.94,50.98,49.02,0.0,0.0
Cape Verde,CPV,70.0,2007.0,402.0,0.781,0.696,2.0,0.905,,,,,,,,,,,0.0,,,,0.0,0.0
Cape Verde,CPV,70.0,2008.0,402.0,0.782,0.697,2.0,0.905,,,,,,,,,,,0.0,,,,0.0,0.0
Cape Verde,CPV,70.0,2009.0,402.0,0.782,0.697,2.0,0.905,,,,,,,,,,,0.0,,,,0.0,0.0
Cape Verde,CPV,70.0,2010.0,402.0,0.779,0.695,2.0,0.905,,,,,,,,,,,0.0,,,,0.0,0.0
Cape Verde,CPV,70.0,2011.0,402.0,0.788,0.702,2.0,0.905,0.0,2.0,1.0,0.0,0.0,0.0,0.0,0.0,1.0,86.18,0.0,52.78,37.79,32.66,0.0,0.0
Cape Verde,CPV,70.0,2012.0,402.0,0.788,0.702,2.0,0.905,,,,,,,,,,,0.0,,,,0.0,0.0
Cape Verde,CPV,70.0,2013.0,402.0,0.794,0.708,2.0,0.905,,,,,,,,,,,0.0,,,,0.0,0.0
Cape Verde,CPV,70.0,2014.0,402.0,0.794,0.707,2.0,0.905,,,,,,,,,,,0.0,,,,0.0,0.0
Cape Verde,CPV,70.0,2015.0,402.0,0.795,0.707,2.0,0.905,,,,,,,,,,,0.0,,,,0.0,0.0
Cape Verde,CPV,70.0,2016.0,402.0,0.8,0.713,2.0,0.905,2.0,0.0,1.0,0.0,0.0,0.0,0.0,0.0,1.0,64.47,0.0,55.56,74.0,22.6,0.0,0.0
Cape Verde,CPV,70.0,2017.0,402.0,0.797,0.707,2.0,0.905,,,,,,,,,,,0.0,,,,0.0,0.0
Cape Verde,CPV,70.0,2018.0,402.0,0.783,0.701,2.0,0.938,,,,,,,,,,,0.0,,,,0.0,0.0
Cape Verde,CPV,70.0,2019.0,402.0,0.79,0.707,2.0,0.938,,,,,,,,,,,0.0,,,,0.0,0.0
Cape Verde,CPV,70.0,2020.0,402.0,0.793,0.701,2.0,0.879,,,,,,,,,,,0.0,,,,0.0,0.0
Cape Verde,CPV,70.0,2021.0,402.0,0.775,0.676,2.0,0.868,0.0,2.0,1.0,0.0,0.0,0.0,0.0,0.0,1.0,56.98,0.0,52.78,51.7,42.4,0.0,0.0
Cape Verde,CPV,70.0,2022.0,402.0,0.754,0.651,2.0,0.852,,,,,,,,,,,0.0,,,,0.0,0.0
Cape Verde,CPV,70.0,2023.0,402.0,0.75,0.646,2.0,0.852,,,,,,,,,,,0.0,,,,0.0,0.0
Cape Verde,CPV,70.0,2024.0,402.0,0.752,0.642,2.0,0.845,,,,,,,,,,,0.0,,,,0.0,0.0
Cape Verde,CPV,70.0,2025.0,402.0,0.745,0.631,2.0,0.807,,,,,,,,,,,0.0,,,,0.0,0.0
Central African Republic,CAF,71.0,1980.0,482.0,0.165,0.074,0.0,0.229,,,,,,,,,,,1.0,,,,1.0,0.0
Central African Republic,CAF,71.0,1981.0,482.0,0.185,0.084,1.0,0.229,0.0,0.0,0.0,0.0,0.0,0.0,0.0,0.0,1.0,,1.0,,51.1,38.7,1.0,0.0
Central African Republic,CAF,71.0,1982.0,482.0,0.107,0.064,0.0,0.229,,,,,,,,,,,1.0,,,,1.0,
Central African Republic,CAF,71.0,1983.0,482.0,0.107,0.065,0.0,0.229,,,,,,,,,,,1.0,,,,1.0,
Central African Republic,CAF,71.0,1984.0,482.0,0.107,0.065,0.0,0.229,,,,,,,,,,,1.0,,,,1.0,
Central African Republic,CAF,71.0,1985.0,482.0,0.107,0.065,0.0,0.229,,,,,,,,,,,1.0,,,,1.0,
Central African Republic,CAF,71.0,1986.0,482.0,0.119,0.069,1.0,0.229,0.0,0.0,0.0,0.0,0.0,0.0,0.0,0.0,1.0,,1.0,,92.2,0.0,1.0,
Central African Republic,CAF,71.0,1987.0,482.0,0.18,0.094,1.0,0.27,0.0,0.0,1.0,0.0,0.0,0.0,0.0,0.0,0.0,,1.0,100.0,,,1.0,
Central African Republic,CAF,71.0,1988.0,482.0,0.199,0.116,1.0,0.327,,,,,,,,,,,1.0,,,,1.0,
Central African Republic,CAF,71.0,1989.0,482.0,0.199,0.116,1.0,0.327,,,,,,,,,,,1.0,,,,1.0,
Central African Republic,CAF,71.0,1990.0,482.0,0.224,0.123,1.0,0.327,,,,,,,,,,,1.0,,,,1.0,
Central African Republic,CAF,71.0,1991.0,482.0,0.249,0.131,1.0,0.327,,,,,,,,,,,1.0,,,,1.0,0.0
Central African Republic,CAF,71.0,1992.0,482.0,0.289,0.152,1.0,0.364,2.0,0.0,1.0,0.0,0.0,0.0,0.0,0.0,1.0,,1.0,,,,1.0,0.0
Central African Republic,CAF,71.0,1993.0,482.0,0.346,0.212,1.0,0.72,2.0,2.0,1.0,1.0,0.0,0.0,0.0,0.0,1.0,50.28,1.0,40.0,37.3,21.7,1.0,0.0
Central African Republic,CAF,71.0,1994.0,482.0,0.352,0.223,1.0,0.72,,,,,,,,,,,1.0,,,,1.0,0.0
Central African Republic,CAF,71.0,1995.0,482.0,0.352,0.22,1.0,0.72,,,,,,,,,,,1.0,,,,1.0,0.0
Central African Republic,CAF,71.0,1996.0,482.0,0.352,0.22,1.0,0.72,,,,,,,,,,,1.0,,,,1.0,0.0
Central African Republic,CAF,71.0,1997.0,482.0,0.352,0.22,1.0,0.72,,,,,,,,,,,1.0,,,,1.0,0.0
Central African Republic,CAF,71.0,1998.0,482.0,0.352,0.22,1.0,0.72,2.0,0.0,1.0,1.0,0.0,0.0,0.0,0.0,0.0,53.6,1.0,43.12,,,1.0,0.0
Central African Republic,CAF,71.0,1999.0,482.0,0.346,0.217,1.0,0.72,0.0,0.0,0.0,0.0,0.0,0.0,0.0,0.0,1.0,63.71,1.0,,51.6,19.38,1.0,0.0
Central African Republic,CAF,71.0,2000.0,482.0,0.341,0.217,1.0,0.72,,,,,,,,,,,1.0,,,,1.0,0.0
Central African Republic,CAF,71.0,2001.0,482.0,0.341,0.217,1.0,0.72,,,,,,,,,,,1.0,,,,1.0,0.0
Central African Republic,CAF,71.0,2002.0,482.0,0.341,0.217,1.0,0.72,,,,,,,,,,,1.0,,,,1.0,0.0
Central African Republic,CAF,71.0,2003.0,482.0,0.245,0.118,1.0,0.757,,,,,,,,,,,1.0,,,,1.0,0.0
Central African Republic,CAF,71.0,2004.0,482.0,0.221,0.091,0.0,0.745,,,,,,,,,,,1.0,,,,1.0,0.0
Central African Republic,CAF,71.0,2005.0,482.0,0.294,0.174,1.0,0.627,2.0,0.0,1.0,1.0,0.0,0.0,0.0,0.0,1.0,45.14,1.0,40.0,64.6,35.4,1.0,0.0
Central African Republic,CAF,71.0,2006.0,482.0,0.342,0.191,1.0,0.627,,,,,,,,,,,1.0,,,,1.0,0.0
Central African Republic,CAF,71.0,2007.0,482.0,0.342,0.191,1.0,0.627,,,,,,,,,,,1.0,,,,1.0,0.0
Central African Republic,CAF,71.0,2008.0,482.0,0.342,0.191,1.0,0.627,,,,,,,,,,,1.0,,,,1.0,0.0
Central African Republic,CAF,71.0,2009.0,482.0,0.342,0.191,1.0,0.627,,,,,,,,,,,1.0,,,,1.0,0.0
Central African Republic,CAF,71.0,2010.0,482.0,0.343,0.193,1.0,0.627,,,,,,,,,,,1.0,,,,1.0,0.0
Central African Republic,CAF,71.0,2011.0,482.0,0.319,0.183,1.0,0.654,0.0,0.0,1.0,1.0,0.0,0.0,0.0,0.0,1.0,55.71,1.0,60.0,66.08,20.1,1.0,0.0
Central African Republic,CAF,71.0,2012.0,482.0,0.317,0.182,1.0,0.674,,,,,,,,,,,1.0,,,,1.0,0.0
Central African Republic,CAF,71.0,2013.0,482.0,0.272,0.15,1.0,0.691,,,,,,,,,,,1.0,,,,1.0,0.0
Central African Republic,CAF,71.0,2014.0,482.0,0.282,0.17,1.0,0.688,,,,,,,,,,,1.0,,,,1.0,0.0
Central African Republic,CAF,71.0,2015.0,482.0,0.284,0.179,1.0,0.706,0.0,2.0,1.0,0.0,0.0,0.0,0.0,0.0,1.0,48.22,1.0,,23.74,19.05,1.0,0.0
Central African Republic,CAF,71.0,2016.0,482.0,0.4,0.231,1.0,0.706,2.0,2.0,1.0,1.0,0.0,0.0,0.0,0.0,0.0,57.49,1.0,42.86,,,1.0,0.0
Central African Republic,CAF,71.0,2017.0,482.0,0.396,0.231,1.0,0.73,,,,,,,,,,,1.0,,,,1.0,0.0
Central African Republic,CAF,71.0,2018.0,482.0,0.406,0.249,1.0,0.814,,,,,,,,,,,1.0,,,,1.0,0.0
Central African Republic,CAF,71.0,2019.0,482.0,0.379,0.214,1.0,0.651,,,,,,,,,,,1.0,,,,1.0,0.0
Central African Republic,CAF,71.0,2020.0,482.0,0.374,0.201,1.0,0.668,0.0,0.0,1.0,0.0,0.0,0.0,0.0,0.0,1.0,20.24,1.0,43.57,53.9,21.01,1.0,0.0
Central African Republic,CAF,71.0,2021.0,482.0,0.343,0.176,1.0,0.551,0.0,0.0,0.0,1.0,0.0,0.0,0.0,0.0,0.0,,1.0,43.57,,,1.0,0.0
Central African Republic,CAF,71.0,2022.0,482.0,0.326,0.169,1.0,0.592,,,,,,,,,,,1.0,,,,1.0,0.0
Central African Republic,CAF,71.0,2023.0,482.0,0.301,0.102,1.0,0.158,,,,,,,,,,,1.0,,,,1.0,0.0
Central African Republic,CAF,71.0,2024.0,482.0,0.299,0.097,1.0,0.158,,,,,,,,,,,1.0,,,,1.0,0.0
Central African Republic,CAF,71.0,2025.0,482.0,0.293,0.102,1.0,0.158,0.0,0.0,1.0,0.0,0.0,0.0,0.0,0.0,1.0,39.47,1.0,,76.15,14.66,1.0,0.0
Chile,CHL,72.0,1980.0,155.0,0.075,0.044,0.0,,,,,,,,,,,,1.0,,,,1.0,
Chile,CHL,72.0,1981.0,155.0,0.075,0.044,0.0,,,,,,,,,,,,1.0,,,,1.0,
Chile,CHL,72.0,1982.0,155.0,0.075,0.045,0.0,,,,,,,,,,,,1.0,,,,1.0,
Chile,CHL,72.0,1983.0,155.0,0.075,0.047,0.0,,,,,,,,,,,,1.0,,,,1.0,
Chile,CHL,72.0,1984.0,155.0,0.075,0.048,0.0,,,,,,,,,,,,1.0,,,,1.0,
Chile,CHL,72.0,1985.0,155.0,0.078,0.048,0.0,,,,,,,,,,,,1.0,,,,1.0,
Chile,CHL,72.0,1986.0,155.0,0.078,0.049,0.0,,,,,,,,,,,,1.0,,,,1.0,
Chile,CHL,72.0,1987.0,155.0,0.082,0.052,0.0,,,,,,,,,,,,1.0,,,,1.0,
Chile,CHL,72.0,1988.0,155.0,0.111,0.06,0.0,,,,,,,,,,,,1.0,,,,1.0,
Chile,CHL,72.0,1989.0,155.0,0.135,0.075,1.0,,2.0,2.0,1.0,0.0,0.0,0.0,0.0,0.0,1.0,86.29,1.0,31.67,55.17,29.4,1.0,
Chile,CHL,72.0,1990.0,155.0,0.721,0.63,2.0,0.939,,,,,,,,,,,1.0,,,,1.0,
Chile,CHL,72.0,1991.0,155.0,0.816,0.75,2.0,0.939,,,,,,,,,,,1.0,,,,1.0,
Chile,CHL,72.0,1992.0,155.0,0.816,0.75,2.0,0.939,,,,,,,,,,,1.0,,,,1.0,
Chile,CHL,72.0,1993.0,155.0,0.813,0.746,2.0,0.939,1.0,1.0,1.0,0.0,0.0,0.0,0.0,0.0,1.0,81.47,1.0,30.83,57.99,24.42,1.0,
Chile,CHL,72.0,1994.0,155.0,0.85,0.783,2.0,0.939,,,,,,,,,,,1.0,,,,1.0,
Chile,CHL,72.0,1995.0,155.0,0.85,0.783,2.0,0.939,,,,,,,,,,,1.0,,,,1.0,
Chile,CHL,72.0,1996.0,155.0,0.85,0.784,3.0,0.939,,,,,,,,,,,1.0,,,,1.0,
Chile,CHL,72.0,1997.0,155.0,0.85,0.784,3.0,0.939,0.0,0.0,1.0,0.0,0.0,0.0,0.0,0.0,0.0,73.14,1.0,31.67,,,1.0,
Chile,CHL,72.0,1998.0,155.0,0.851,0.786,3.0,0.939,,,,,,,,,,,1.0,,,,1.0,
Chile,CHL,72.0,1999.0,155.0,0.85,0.785,3.0,0.939,2.0,2.0,0.0,0.0,0.0,0.0,0.0,0.0,1.0,72.79,1.0,,47.96,47.51,1.0,
Chile,CHL,72.0,2000.0,155.0,0.876,0.81,3.0,0.939,2.0,2.0,0.0,0.0,0.0,0.0,0.0,0.0,0.0,72.36,1.0,,,,1.0,
Chile,CHL,72.0,2001.0,155.0,0.876,0.811,3.0,0.939,0.0,0.0,1.0,0.0,0.0,0.0,0.0,0.0,0.0,66.95,1.0,25.83,,,1.0,
Chile,CHL,72.0,2002.0,155.0,0.88,0.817,3.0,0.939,,,,,,,,,,,1.0,,,,1.0,
Chile,CHL,72.0,2003.0,155.0,0.88,0.817,3.0,0.939,,,,,,,,,,,1.0,,,,1.0,
Chile,CHL,72.0,2004.0,155.0,0.88,0.817,3.0,0.939,,,,,,,,,,,1.0,,,,1.0,
Chile,CHL,72.0,2005.0,155.0,0.877,0.821,3.0,0.972,2.0,2.0,1.0,0.0,0.0,0.0,0.0,0.0,1.0,63.65,1.0,54.17,45.96,25.41,1.0,
Chile,CHL,72.0,2006.0,155.0,0.894,0.839,3.0,0.974,2.0,2.0,0.0,0.0,0.0,0.0,0.0,0.0,0.0,63.26,1.0,,,,1.0,
Chile,CHL,72.0,2007.0,155.0,0.894,0.842,3.0,0.982,,,,,,,,,,,1.0,,,,1.0,
Chile,CHL,72.0,2008.0,155.0,0.894,0.841,3.0,0.982,,,,,,,,,,,1.0,,,,1.0,
Chile,CHL,72.0,2009.0,155.0,0.887,0.836,3.0,0.982,2.0,2.0,1.0,0.0,0.0,0.0,0.0,0.0,1.0,59.17,1.0,48.33,43.81,29.43,1.0,
Chile,CHL,72.0,2010.0,155.0,0.888,0.837,3.0,0.982,2.0,2.0,0.0,0.0,0.0,0.0,0.0,0.0,0.0,59.14,1.0,,,,1.0,
Chile,CHL,72.0,2011.0,155.0,0.889,0.839,3.0,0.982,,,,,,,,,,,1.0,,,,1.0,
Chile,CHL,72.0,2012.0,155.0,0.893,0.844,3.0,0.982,,,,,,,,,,,1.0,,,,1.0,
Chile,CHL,72.0,2013.0,155.0,0.894,0.846,3.0,0.969,2.0,2.0,1.0,0.0,0.0,0.0,0.0,0.0,1.0,53.66,1.0,56.67,62.16,37.83,1.0,
Chile,CHL,72.0,2014.0,155.0,0.893,0.85,3.0,0.978,,,,,,,,,,,1.0,,,,1.0,
Chile,CHL,72.0,2015.0,155.0,0.886,0.839,3.0,0.978,,,,,,,,,,,1.0,,,,1.0,
Chile,CHL,72.0,2016.0,155.0,0.886,0.839,3.0,0.978,,,,,,,,,,,1.0,,,,1.0,
Chile,CHL,72.0,2017.0,155.0,0.889,0.842,3.0,0.98,2.0,2.0,1.0,0.0,0.0,0.0,0.0,0.0,1.0,49.74,1.0,23.23,36.64,22.7,1.0,
Chile,CHL,72.0,2018.0,155.0,0.87,0.803,3.0,0.98,,,,,,,,,,,1.0,,,,1.0,
Chile,CHL,72.0,2019.0,155.0,0.829,0.761,2.0,0.983,,,,,,,,,,,1.0,,,,1.0,
Chile,CHL,72.0,2020.0,155.0,0.837,0.766,2.0,0.982,,,,,,,,,,,1.0,,,,1.0,
Chile,CHL,72.0,2021.0,155.0,0.841,0.777,3.0,0.982,2.0,2.0,1.0,0.0,0.0,0.0,0.0,0.0,1.0,59.65,1.0,34.19,27.94,25.75,1.0,
Chile,CHL,72.0,2022.0,155.0,0.833,0.776,3.0,0.977,,,,,,,,,,,1.0,,,,1.0,
Chile,CHL,72.0,2023.0,155.0,0.836,0.779,3.0,0.981,0.0,0.0,0.0,0.0,0.0,0.0,1.0,0.0,0.0,,1.0,,,,1.0,
Chile,CHL,72.0,2024.0,155.0,0.845,0.786,3.0,0.976,,,,,,,,,,,1.0,,,,1.0,
Chile,CHL,72.0,2025.0,155.0,0.839,0.781,3.0,0.976,2.0,2.0,1.0,0.0,0.0,0.0,0.0,0.0,1.0,88.56,1.0,20.0,23.93,26.85,1.0,
Costa Rica,CRI,73.0,1980.0,94.0,0.848,0.767,2.0,0.895,,,,,,,,,,,1.0,,,,1.0,
Costa Rica,CRI,73.0,1981.0,94.0,0.848,0.764,2.0,0.895,,,,,,,,,,,1.0,,,,1.0,
Costa Rica,CRI,73.0,1982.0,94.0,0.866,0.786,2.0,0.895,2.0,2.0,1.0,0.0,0.0,0.0,0.0,0.0,1.0,79.02,1.0,57.89,58.8,33.6,1.0,
Costa Rica,CRI,73.0,1983.0,94.0,0.867,0.787,2.0,0.895,,,,,,,,,,,1.0,,,,1.0,
Costa Rica,CRI,73.0,1984.0,94.0,0.867,0.787,2.0,0.895,,,,,,,,,,,1.0,,,,1.0,
Costa Rica,CRI,73.0,1985.0,94.0,0.867,0.787,2.0,0.895,,,,,,,,,,,1.0,,,,1.0,
Costa Rica,CRI,73.0,1986.0,94.0,0.866,0.789,2.0,0.895,1.0,1.0,1.0,0.0,0.0,0.0,0.0,0.0,1.0,81.47,1.0,50.88,52.3,45.8,1.0,
Costa Rica,CRI,73.0,1987.0,94.0,0.865,0.795,2.0,0.895,,,,,,,,,,,1.0,,,,1.0,
Costa Rica,CRI,73.0,1988.0,94.0,0.876,0.804,2.0,0.895,,,,,,,,,,,1.0,,,,1.0,
Costa Rica,CRI,73.0,1989.0,94.0,0.876,0.812,3.0,0.909,,,,,,,,,,,1.0,,,,1.0,
Costa Rica,CRI,73.0,1990.0,94.0,0.891,0.838,3.0,0.94,2.0,2.0,1.0,0.0,0.0,0.0,0.0,0.0,1.0,85.09,1.0,50.88,51.5,47.2,1.0,
Costa Rica,CRI,73.0,1991.0,94.0,0.892,0.841,3.0,0.94,,,,,,,,,,,1.0,,,,1.0,
Costa Rica,CRI,73.0,1992.0,94.0,0.892,0.841,3.0,0.94,,,,,,,,,,,1.0,,,,1.0,
Costa Rica,CRI,73.0,1993.0,94.0,0.892,0.841,3.0,0.94,,,,,,,,,,,1.0,,,,1.0,
Costa Rica,CRI,73.0,1994.0,94.0,0.893,0.841,3.0,0.931,2.0,2.0,1.0,0.0,0.0,0.0,0.0,0.0,1.0,84.22,1.0,49.12,49.6,47.7,1.0,
Costa Rica,CRI,73.0,1995.0,94.0,0.893,0.841,3.0,0.931,,,,,,,,,,,1.0,,,,1.0,
Costa Rica,CRI,73.0,1996.0,94.0,0.893,0.84,3.0,0.931,,,,,,,,,,,1.0,,,,1.0,
Costa Rica,CRI,73.0,1997.0,94.0,0.893,0.835,3.0,0.931,,,,,,,,,,,1.0,,,,1.0,
Costa Rica,CRI,73.0,1998.0,94.0,0.893,0.841,3.0,0.946,2.0,2.0,1.0,0.0,0.0,0.0,0.0,0.0,1.0,73.72,1.0,47.37,47.0,44.6,1.0,
Costa Rica,CRI,73.0,1999.0,94.0,0.893,0.841,3.0,0.946,,,,,,,,,,,0.0,,,,1.0,
Costa Rica,CRI,73.0,2000.0,94.0,0.892,0.84,3.0,0.946,,,,,,,,,,,0.0,,,,1.0,
Costa Rica,CRI,73.0,2001.0,94.0,0.892,0.841,3.0,0.946,,,,,,,,,,,0.0,,,,1.0,
Costa Rica,CRI,73.0,2002.0,94.0,0.895,0.843,3.0,0.946,1.0,1.0,1.0,0.0,0.0,0.0,0.0,0.0,1.0,67.04,0.0,33.33,38.6,31.1,1.0,
Costa Rica,CRI,73.0,2003.0,94.0,0.895,0.843,3.0,0.946,,,,,,,,,,,0.0,,,,1.0,
Costa Rica,CRI,73.0,2004.0,94.0,0.894,0.843,3.0,0.946,,,,,,,,,,,0.0,,,,1.0,
Costa Rica,CRI,73.0,2005.0,94.0,0.894,0.839,3.0,0.946,,,,,,,,,,,0.0,,,,1.0,
Costa Rica,CRI,73.0,2006.0,94.0,0.905,0.851,3.0,0.946,2.0,2.0,1.0,0.0,0.0,0.0,0.0,0.0,1.0,63.96,0.0,43.86,58.0,42.0,1.0,
Costa Rica,CRI,73.0,2007.0,94.0,0.908,0.854,3.0,0.946,,,,,,,,,,,0.0,,,,1.0,
Costa Rica,CRI,73.0,2008.0,94.0,0.908,0.854,3.0,0.946,,,,,,,,,,,0.0,,,,1.0,
Costa Rica,CRI,73.0,2009.0,94.0,0.908,0.855,3.0,0.946,,,,,,,,,,,0.0,,,,1.0,
Costa Rica,CRI,73.0,2010.0,94.0,0.91,0.857,3.0,0.946,1.0,1.0,1.0,0.0,0.0,0.0,0.0,0.0,1.0,62.27,0.0,40.35,46.78,25.15,1.0,
Costa Rica,CRI,73.0,2011.0,94.0,0.91,0.856,3.0,0.946,,,,,,,,,,,0.0,,,,1.0,
Costa Rica,CRI,73.0,2012.0,94.0,0.91,0.857,3.0,0.946,,,,,,,,,,,0.0,,,,1.0,
Costa Rica,CRI,73.0,2013.0,94.0,0.907,0.853,3.0,0.941,,,,,,,,,,,0.0,,,,1.0,
Costa Rica,CRI,73.0,2014.0,94.0,0.906,0.854,3.0,0.948,2.0,2.0,1.0,0.0,0.0,0.0,0.0,0.0,1.0,64.35,0.0,31.58,30.64,29.71,1.0,
Costa Rica,CRI,73.0,2015.0,94.0,0.906,0.854,3.0,0.948,,,,,,,,,,,0.0,,,,1.0,
Costa Rica,CRI,73.0,2016.0,94.0,0.902,0.852,3.0,0.948,,,,,,,,,,,0.0,,,,1.0,
Costa Rica,CRI,73.0,2017.0,94.0,0.898,0.85,3.0,0.956,,,,,,,,,,,0.0,,,,1.0,
Costa Rica,CRI,73.0,2018.0,94.0,0.89,0.834,3.0,0.956,1.0,1.0,1.0,0.0,0.0,0.0,0.0,0.0,1.0,60.6,0.0,29.82,24.99,21.63,1.0,
Costa Rica,CRI,73.0,2019.0,94.0,0.893,0.842,3.0,0.956,,,,,,,,,,,0.0,,,,1.0,
Costa Rica,CRI,73.0,2020.0,94.0,0.895,0.844,3.0,0.956,,,,,,,,,,,0.0,,,,1.0,
Costa Rica,CRI,73.0,2021.0,94.0,0.894,0.843,3.0,0.956,,,,,,,,,,,0.0,,,,1.0,
Costa Rica,CRI,73.0,2022.0,94.0,0.866,0.813,3.0,0.956,2.0,2.0,1.0,0.0,0.0,0.0,0.0,0.0,1.0,55.05,0.0,33.33,52.84,47.16,1.0,
Costa Rica,CRI,73.0,2023.0,94.0,0.862,0.809,3.0,0.956,,,,,,,,,,,0.0,,,,1.0,
Costa Rica,CRI,73.0,2024.0,94.0,0.862,0.809,3.0,0.956,,,,,,,,,,,0.0,,,,1.0,
Costa Rica,CRI,73.0,2025.0,94.0,0.862,0.809,3.0,0.956,,,,,,,,,,,0.0,,,,1.0,
Timor-Leste,TLS,74.0,1980.0,860.0,0.076,,0.0,,,,,,,,,,,,1.0,,,,1.0,
Timor-Leste,TLS,74.0,1981.0,860.0,0.076,,0.0,,,,,,,,,,,,1.0,,,,1.0,
Timor-Leste,TLS,74.0,1982.0,860.0,0.076,,0.0,,,,,,,,,,,,1.0,,,,1.0,
Timor-Leste,TLS,74.0,1983.0,860.0,0.076,,0.0,,,,,,,,,,,,1.0,,,,1.0,
Timor-Leste,TLS,74.0,1984.0,860.0,0.076,,0.0,,,,,,,,,,,,1.0,,,,1.0,
Timor-Leste,TLS,74.0,1985.0,860.0,0.076,,0.0,,,,,,,,,,,,1.0,,,,1.0,
Timor-Leste,TLS,74.0,1986.0,860.0,0.076,,0.0,,,,,,,,,,,,1.0,,,,1.0,
Timor-Leste,TLS,74.0,1987.0,860.0,0.076,,0.0,,,,,,,,,,,,1.0,,,,1.0,
Timor-Leste,TLS,74.0,1988.0,860.0,0.076,,0.0,,,,,,,,,,,,1.0,,,,1.0,
Timor-Leste,TLS,74.0,1989.0,860.0,0.076,,0.0,,,,,,,,,,,,1.0,,,,1.0,
Timor-Leste,TLS,74.0,1990.0,860.0,0.077,,0.0,,,,,,,,,,,,1.0,,,,1.0,
Timor-Leste,TLS,74.0,1991.0,860.0,0.077,,0.0,,,,,,,,,,,,1.0,,,,1.0,
Timor-Leste,TLS,74.0,1992.0,860.0,0.077,,0.0,,,,,,,,,,,,1.0,,,,1.0,
Timor-Leste,TLS,74.0,1993.0,860.0,0.077,,0.0,,,,,,,,,,,,1.0,,,,1.0,
Timor-Leste,TLS,74.0,1994.0,860.0,0.077,,0.0,,,,,,,,,,,,1.0,,,,1.0,
Timor-Leste,TLS,74.0,1995.0,860.0,0.077,,0.0,,,,,,,,,,,,1.0,,,,1.0,
Timor-Leste,TLS,74.0,1996.0,860.0,0.077,,0.0,,,,,,,,,,,,1.0,,,,1.0,
Timor-Leste,TLS,74.0,1997.0,860.0,0.077,,0.0,,,,,,,,,,,,1.0,,,,1.0,
Timor-Leste,TLS,74.0,1998.0,860.0,0.09,,0.0,,,,,,,,,,,,1.0,,,,1.0,
Timor-Leste,TLS,74.0,1999.0,860.0,0.11,0.089,0.0,,,,,,,,,,,,1.0,,,,1.0,
Timor-Leste,TLS,74.0,2000.0,860.0,0.222,0.183,0.0,,,,,,,,,,,,1.0,,,,1.0,
Timor-Leste,TLS,74.0,2001.0,860.0,0.289,0.23,1.0,0.465,0.0,0.0,1.0,0.0,0.0,0.0,0.0,0.0,0.0,84.57,1.0,62.5,,,0.0,0.0
Timor-Leste,TLS,74.0,2002.0,860.0,0.561,0.417,2.0,0.524,0.0,2.0,0.0,0.0,0.0,0.0,0.0,0.0,1.0,87.79,1.0,,82.69,17.31,0.0,0.0
Timor-Leste,TLS,74.0,2003.0,860.0,0.573,0.411,2.0,0.524,,,,,,,,,,,1.0,,,,0.0,0.0
Timor-Leste,TLS,74.0,2004.0,860.0,0.573,0.411,2.0,0.524,,,,,,,,,,,1.0,,,,0.0,0.0
Timor-Leste,TLS,74.0,2005.0,860.0,0.572,0.408,2.0,0.495,,,,,,,,,,,1.0,,,,0.0,0.0
Timor-Leste,TLS,74.0,2006.0,860.0,0.569,0.405,2.0,0.52,,,,,,,,,,,1.0,,,,0.0,0.0
Timor-Leste,TLS,74.0,2007.0,860.0,0.609,0.454,2.0,0.6,2.0,2.0,1.0,0.0,0.0,0.0,0.0,0.0,1.0,71.63,1.0,32.31,27.89,21.81,0.0,0.0
Timor-Leste,TLS,74.0,2008.0,860.0,0.618,0.46,2.0,0.6,,,,,,,,,,,1.0,,,,0.0,0.0
Timor-Leste,TLS,74.0,2009.0,860.0,0.617,0.462,2.0,0.6,,,,,,,,,,,1.0,,,,0.0,0.0
Timor-Leste,TLS,74.0,2010.0,860.0,0.632,0.478,2.0,0.631,,,,,,,,,,,1.0,,,,0.0,0.0
Timor-Leste,TLS,74.0,2011.0,860.0,0.632,0.478,2.0,0.631,,,,,,,,,,,1.0,,,,0.0,0.0
Timor-Leste,TLS,74.0,2012.0,860.0,0.65,0.495,2.0,0.631,0.0,1.0,1.0,0.0,0.0,0.0,0.0,0.0,1.0,97.11,1.0,46.15,28.76,25.71,0.0,0.0
Timor-Leste,TLS,74.0,2013.0,860.0,0.661,0.501,2.0,0.631,,,,,,,,,,,1.0,,,,0.0,0.0
Timor-Leste,TLS,74.0,2014.0,860.0,0.639,0.471,2.0,0.631,,,,,,,,,,,1.0,,,,0.0,0.0
Timor-Leste,TLS,74.0,2015.0,860.0,0.644,0.466,2.0,0.621,,,,,,,,,,,1.0,,,,0.0,0.0
Timor-Leste,TLS,74.0,2016.0,860.0,0.628,0.46,2.0,0.623,,,,,,,,,,,1.0,,,,0.0,0.0
Timor-Leste,TLS,74.0,2017.0,860.0,0.671,0.489,2.0,0.671,1.0,2.0,1.0,0.0,0.0,0.0,0.0,0.0,1.0,83.26,1.0,35.38,57.1,32.5,0.0,0.0
Timor-Leste,TLS,74.0,2018.0,860.0,0.689,0.502,2.0,0.641,2.0,0.0,1.0,0.0,0.0,0.0,0.0,0.0,0.0,91.53,1.0,52.31,,,0.0,0.0
Timor-Leste,TLS,74.0,2019.0,860.0,0.703,0.517,2.0,0.668,,,,,,,,,,,1.0,,,,0.0,0.0
Timor-Leste,TLS,74.0,2020.0,860.0,0.679,0.492,2.0,0.66,,,,,,,,,,,1.0,,,,0.0,0.0
Timor-Leste,TLS,74.0,2021.0,860.0,0.693,0.501,2.0,0.605,,,,,,,,,,,1.0,,,,0.0,0.0
Timor-Leste,TLS,74.0,2022.0,860.0,0.709,0.516,2.0,0.625,0.0,2.0,0.0,0.0,0.0,0.0,0.0,0.0,1.0,81.45,1.0,,46.6,22.1,0.0,0.0
Timor-Leste,TLS,74.0,2023.0,860.0,0.714,0.526,2.0,0.637,2.0,0.0,1.0,0.0,0.0,0.0,0.0,0.0,0.0,84.32,1.0,47.69,,,0.0,0.0
Timor-Leste,TLS,74.0,2024.0,860.0,0.734,0.545,2.0,0.645,,,,,,,,,,,1.0,,,,0.0,0.0
Timor-Leste,TLS,74.0,2025.0,860.0,0.736,0.549,2.0,0.658,,,,,,,,,,,1.0,,,,0.0,0.0
Ecuador,ECU,75.0,1980.0,130.0,0.688,0.437,2.0,0.625,,,,,,,,,,,1.0,,,,1.0,
Ecuador,ECU,75.0,1981.0,130.0,0.688,0.438,2.0,0.625,,,,,,,,,,,1.0,,,,1.0,
Ecuador,ECU,75.0,1982.0,130.0,0.688,0.44,2.0,0.625,,,,,,,,,,,1.0,,,,1.0,
Ecuador,ECU,75.0,1983.0,130.0,0.684,0.439,2.0,0.625,,,,,,,,,,,1.0,,,,1.0,
Ecuador,ECU,75.0,1984.0,130.0,0.69,0.423,2.0,0.625,2.0,2.0,1.0,0.0,0.0,0.0,0.0,0.0,1.0,62.54,1.0,33.8,27.2,28.7,1.0,
Ecuador,ECU,75.0,1985.0,130.0,0.672,0.4,2.0,0.625,,,,,,,,,,,1.0,,,,1.0,
Ecuador,ECU,75.0,1986.0,130.0,0.671,0.403,2.0,0.625,0.0,0.0,1.0,0.0,0.0,0.0,0.0,0.0,0.0,64.93,1.0,23.73,,,1.0,
Ecuador,ECU,75.0,1987.0,130.0,0.67,0.402,2.0,0.625,,,,,,,,,,,1.0,,,,1.0,
Ecuador,ECU,75.0,1988.0,130.0,0.692,0.43,2.0,0.625,2.0,2.0,1.0,0.0,0.0,0.0,0.0,0.0,1.0,67.07,1.0,43.66,24.5,17.6,1.0,
Ecuador,ECU,75.0,1989.0,130.0,0.716,0.468,2.0,0.625,,,,,,,,,,,1.0,,,,1.0,
Ecuador,ECU,75.0,1990.0,130.0,0.716,0.467,2.0,0.625,0.0,0.0,1.0,0.0,0.0,0.0,0.0,0.0,0.0,64.68,1.0,25.0,,,1.0,
Ecuador,ECU,75.0,1991.0,130.0,0.716,0.467,2.0,0.625,,,,,,,,,,,1.0,,,,1.0,
Ecuador,ECU,75.0,1992.0,130.0,0.714,0.466,2.0,0.625,2.0,2.0,1.0,0.0,0.0,0.0,0.0,0.0,1.0,70.66,1.0,27.27,31.9,25.0,1.0,
Ecuador,ECU,75.0,1993.0,130.0,0.706,0.456,2.0,0.625,,,,,,,,,,,1.0,,,,1.0,
Ecuador,ECU,75.0,1994.0,130.0,0.697,0.45,2.0,0.625,0.0,0.0,1.0,0.0,0.0,0.0,0.0,0.0,0.0,66.3,1.0,35.38,,,1.0,
Ecuador,ECU,75.0,1995.0,130.0,0.699,0.45,2.0,0.625,,,,,,,,,,,1.0,,,,1.0,
Ecuador,ECU,75.0,1996.0,130.0,0.696,0.441,2.0,0.629,2.0,2.0,1.0,0.0,0.0,0.0,0.0,0.0,1.0,71.67,1.0,32.93,26.3,27.2,1.0,
Ecuador,ECU,75.0,1997.0,130.0,0.695,0.45,2.0,0.629,0.0,0.0,0.0,0.0,0.0,0.0,1.0,0.0,0.0,,1.0,,,,1.0,
Ecuador,ECU,75.0,1998.0,130.0,0.696,0.459,2.0,0.629,2.0,2.0,1.0,0.0,0.0,0.0,0.0,0.0,1.0,71.97,1.0,26.67,34.9,26.6,1.0,
Ecuador,ECU,75.0,1999.0,130.0,0.693,0.454,2.0,0.629,,,,,,,,,,,1.0,,,,1.0,
Ecuador,ECU,75.0,2000.0,130.0,0.689,0.445,2.0,0.629,,,,,,,,,,,1.0,,,,1.0,
Ecuador,ECU,75.0,2001.0,130.0,0.689,0.445,2.0,0.629,,,,,,,,,,,1.0,,,,1.0,
Ecuador,ECU,75.0,2002.0,130.0,0.689,0.446,2.0,0.629,2.0,2.0,1.0,0.0,0.0,0.0,0.0,0.0,1.0,78.77,1.0,24.0,20.6,17.4,1.0,
Ecuador,ECU,75.0,2003.0,130.0,0.698,0.454,2.0,0.629,,,,,,,,,,,1.0,,,,1.0,
Ecuador,ECU,75.0,2004.0,130.0,0.698,0.452,2.0,0.629,,,,,,,,,,,1.0,,,,1.0,
Ecuador,ECU,75.0,2005.0,130.0,0.698,0.454,2.0,0.629,,,,,,,,,,,1.0,,,,1.0,
Ecuador,ECU,75.0,2006.0,130.0,0.693,0.451,2.0,0.588,2.0,2.0,1.0,0.0,0.0,0.0,0.0,0.0,1.0,84.12,1.0,27.0,22.84,26.8,1.0,
Ecuador,ECU,75.0,2007.0,130.0,0.671,0.407,2.0,0.404,0.0,0.0,0.0,0.0,0.0,0.0,1.0,0.0,0.0,,1.0,,,,1.0,
Ecuador,ECU,75.0,2008.0,130.0,0.634,0.343,2.0,0.273,0.0,0.0,0.0,0.0,0.0,0.0,1.0,0.0,0.0,,1.0,,,,1.0,
Ecuador,ECU,75.0,2009.0,130.0,0.613,0.329,2.0,0.249,0.0,0.0,1.0,0.0,0.0,0.0,0.0,0.0,1.0,90.47,1.0,47.58,51.79,11.36,1.0,
Ecuador,ECU,75.0,2010.0,130.0,0.588,0.309,2.0,0.244,,,,,,,,,,,1.0,,,,1.0,
Ecuador,ECU,75.0,2011.0,130.0,0.581,0.304,2.0,0.244,,,,,,,,,,,1.0,,,,1.0,
Ecuador,ECU,75.0,2012.0,130.0,0.586,0.306,2.0,0.211,,,,,,,,,,,1.0,,,,1.0,
Ecuador,ECU,75.0,2013.0,130.0,0.538,0.265,2.0,0.144,0.0,0.0,1.0,0.0,0.0,0.0,0.0,0.0,1.0,94.29,1.0,72.99,57.17,22.68,1.0,
Ecuador,ECU,75.0,2014.0,130.0,0.534,0.262,2.0,0.141,,,,,,,,,,,1.0,,,,1.0,
Ecuador,ECU,75.0,2015.0,130.0,0.533,0.263,2.0,0.142,,,,,,,,,,,1.0,,,,1.0,
Ecuador,ECU,75.0,2016.0,130.0,0.54,0.264,2.0,0.144,,,,,,,,,,,1.0,,,,1.0,
Ecuador,ECU,75.0,2017.0,130.0,0.552,0.338,2.0,0.515,1.0,1.0,1.0,0.0,0.0,0.0,0.0,0.0,1.0,90.84,1.0,54.01,39.36,29.09,1.0,
Ecuador,ECU,75.0,2018.0,130.0,0.641,0.458,2.0,0.663,,,,,,,,,,,1.0,,,,1.0,
Ecuador,ECU,75.0,2019.0,130.0,0.617,0.446,2.0,0.706,,,,,,,,,,,1.0,,,,1.0,
Ecuador,ECU,75.0,2020.0,130.0,0.626,0.481,2.0,0.797,,,,,,,,,,,1.0,,,,1.0,
Ecuador,ECU,75.0,2021.0,130.0,0.625,0.454,2.0,0.696,2.0,2.0,1.0,0.0,0.0,0.0,0.0,0.0,1.0,89.34,1.0,35.77,32.72,19.74,1.0,
Ecuador,ECU,75.0,2022.0,130.0,0.661,0.504,2.0,0.794,,,,,,,,,,,1.0,,,,1.0,
Ecuador,ECU,75.0,2023.0,130.0,0.641,0.463,2.0,0.81,2.0,2.0,1.0,0.0,0.0,0.0,0.0,0.0,1.0,86.08,1.0,37.96,33.61,23.47,1.0,
Ecuador,ECU,75.0,2024.0,130.0,0.641,0.443,2.0,0.781,,,,,,,,,,,1.0,,,,1.0,
Ecuador,ECU,75.0,2025.0,130.0,0.607,0.386,2.0,0.626,0.0,0.0,1.0,0.0,0.0,0.0,0.0,0.0,1.0,85.58,1.0,43.71,44.17,43.97,1.0,
France,FRA,76.0,1980.0,220.0,0.854,0.773,3.0,0.865,,,,,,,,,,,1.0,,,,0.5,0.0
France,FRA,76.0,1981.0,220.0,0.862,0.788,3.0,0.865,0.0,2.0,1.0,1.0,0.0,0.0,0.0,0.0,1.0,77.04,1.0,54.58,25.8,28.3,0.5,0.0
France,FRA,76.0,1982.0,220.0,0.867,0.793,3.0,0.865,,,,,,,,,,,1.0,,,,0.5,0.0
France,FRA,76.0,1983.0,220.0,0.867,0.793,3.0,0.865,,,,,,,,,,,1.0,,,,0.5,0.0
France,FRA,76.0,1984.0,220.0,0.867,0.793,3.0,0.865,,,,,,,,,,,1.0,,,,0.5,0.0
France,FRA,76.0,1985.0,220.0,0.867,0.793,3.0,0.865,,,,,,,,,,,1.0,,,,0.5,0.0
France,FRA,76.0,1986.0,220.0,0.864,0.79,3.0,0.865,2.0,0.0,1.0,0.0,0.0,0.0,0.0,0.0,0.0,69.91,1.0,34.32,,,0.5,0.0
France,FRA,76.0,1987.0,220.0,0.864,0.789,3.0,0.865,,,,,,,,,,,1.0,,,,0.5,0.0
France,FRA,76.0,1988.0,220.0,0.874,0.8,3.0,0.865,2.0,0.0,1.0,1.0,0.0,0.0,0.0,0.0,1.0,76.42,1.0,45.22,34.1,20.0,0.5,0.0
France,FRA,76.0,1989.0,220.0,0.875,0.802,3.0,0.865,,,,,,,,,,,1.0,,,,0.5,0.0
France,FRA,76.0,1990.0,220.0,0.875,0.802,3.0,0.865,,,,,,,,,,,1.0,,,,0.5,0.0
France,FRA,76.0,1991.0,220.0,0.875,0.802,3.0,0.865,,,,,,,,,,,1.0,,,,0.5,1.0
France,FRA,76.0,1992.0,220.0,0.875,0.803,3.0,0.865,,,,,,,,,,,1.0,,,,0.5,0.0
France,FRA,76.0,1993.0,220.0,0.875,0.798,3.0,0.865,2.0,0.0,1.0,1.0,0.0,0.0,0.0,0.0,0.0,61.29,1.0,42.98,,,0.5,0.0
France,FRA,76.0,1994.0,220.0,0.875,0.801,3.0,0.865,,,,,,,,,,,1.0,,,,0.5,0.0
France,FRA,76.0,1995.0,220.0,0.869,0.798,3.0,0.865,1.0,2.0,0.0,0.0,0.0,0.0,0.0,0.0,1.0,72.26,1.0,,20.8,23.3,0.5,0.0
France,FRA,76.0,1996.0,220.0,0.874,0.802,3.0,0.865,,,,,,,,,,,1.0,,,,0.5,0.0
France,FRA,76.0,1997.0,220.0,0.874,0.8,3.0,0.865,2.0,0.0,1.0,1.0,0.0,0.0,0.0,0.0,0.0,59.86,1.0,43.67,,,0.5,0.0
France,FRA,76.0,1998.0,220.0,0.873,0.798,3.0,0.865,,,,,,,,,,,1.0,,,,0.5,0.0
France,FRA,76.0,1999.0,220.0,0.873,0.798,3.0,0.865,,,,,,,,,,,1.0,,,,0.5,0.0
France,FRA,76.0,2000.0,220.0,0.873,0.798,3.0,0.865,,,,,,,,,,,1.0,,,,0.5,0.0
France,FRA,76.0,2001.0,220.0,0.873,0.798,3.0,0.865,,,,,,,,,,,1.0,,,,0.5,0.0
France,FRA,76.0,2002.0,220.0,0.874,0.801,3.0,0.865,0.0,2.0,1.0,1.0,0.0,0.0,0.0,0.0,1.0,69.92,1.0,61.53,19.9,16.9,0.5,0.0
France,FRA,76.0,2003.0,220.0,0.874,0.802,3.0,0.865,,,,,,,,,,,1.0,,,,0.5,0.0
France,FRA,76.0,2004.0,220.0,0.874,0.802,3.0,0.865,,,,,,,,,,,1.0,,,,0.5,0.0
France,FRA,76.0,2005.0,220.0,0.874,0.802,3.0,0.865,,,,,,,,,,,1.0,,,,0.5,0.0
France,FRA,76.0,2006.0,220.0,0.874,0.802,3.0,0.865,,,,,,,,,,,1.0,,,,0.5,0.0
France,FRA,76.0,2007.0,220.0,0.877,0.807,3.0,0.885,0.0,2.0,1.0,1.0,0.0,0.0,0.0,0.0,1.0,76.75,1.0,54.25,31.2,25.9,0.5,0.0
France,FRA,76.0,2008.0,220.0,0.885,0.816,3.0,0.885,,,,,,,,,,,1.0,,,,0.5,0.0
France,FRA,76.0,2009.0,220.0,0.885,0.816,3.0,0.885,,,,,,,,,,,1.0,,,,0.5,0.0
France,FRA,76.0,2010.0,220.0,0.885,0.816,3.0,0.885,,,,,,,,,,,1.0,,,,0.5,0.0
France,FRA,76.0,2011.0,220.0,0.887,0.818,3.0,0.885,,,,,,,,,,,1.0,,,,0.5,0.0
France,FRA,76.0,2012.0,220.0,0.89,0.82,3.0,0.885,0.0,2.0,1.0,1.0,0.0,0.0,0.0,0.0,1.0,71.18,1.0,48.53,28.63,27.18,0.5,0.0
France,FRA,76.0,2013.0,220.0,0.89,0.822,3.0,0.885,,,,,,,,,,,1.0,,,,0.5,0.0
France,FRA,76.0,2014.0,220.0,0.889,0.821,3.0,0.885,,,,,,,,,,,1.0,,,,0.5,0.0
France,FRA,76.0,2015.0,220.0,0.883,0.812,3.0,0.885,,,,,,,,,,,1.0,,,,0.5,0.0
France,FRA,76.0,2016.0,220.0,0.883,0.812,3.0,0.885,,,,,,,,,,,1.0,,,,0.5,0.0
France,FRA,76.0,2017.0,220.0,0.886,0.817,3.0,0.885,2.0,2.0,1.0,1.0,0.0,0.0,0.0,0.0,1.0,70.87,1.0,53.38,24.01,21.3,0.5,0.0
France,FRA,76.0,2018.0,220.0,0.874,0.802,3.0,0.87,,,,,,,,,,,1.0,,,,0.5,0.0
France,FRA,76.0,2019.0,220.0,0.866,0.793,3.0,0.878,,,,,,,,,,,1.0,,,,0.5,0.0
France,FRA,76.0,2020.0,220.0,0.866,0.789,3.0,0.878,,,,,,,,,,,1.0,,,,0.5,0.0
France,FRA,76.0,2021.0,220.0,0.868,0.789,3.0,0.878,,,,,,,,,,,1.0,,,,0.5,0.0
France,FRA,76.0,2022.0,220.0,0.875,0.807,3.0,0.928,0.0,0.0,1.0,1.0,0.0,0.0,0.0,0.0,1.0,67.27,1.0,42.46,27.85,23.15,0.5,1.0
France,FRA,76.0,2023.0,220.0,0.871,0.807,3.0,0.946,,,,,,,,,,,1.0,,,,0.5,1.0
France,FRA,76.0,2024.0,220.0,0.864,0.8,3.0,0.946,2.0,0.0,1.0,1.0,0.0,0.0,0.0,0.0,0.0,60.95,1.0,30.8,,,0.5,0.0
France,FRA,76.0,2025.0,220.0,0.865,0.8,3.0,0.946,,,,,,,,,,,1.0,,,,0.5,0.0
Germany,DEU,77.0,1980.0,260.0,0.864,0.822,3.0,0.977,0.0,0.0,1.0,0.0,0.0,0.0,0.0,0.0,0.0,81.84,1.0,43.86,,,0.0,0.0
Germany,DEU,77.0,1981.0,260.0,0.865,0.824,3.0,0.977,,,,,,,,,,,1.0,,,,0.0,0.0
Germany,DEU,77.0,1982.0,260.0,0.865,0.824,3.0,0.977,,,,,,,,,,,1.0,,,,0.0,0.0
Germany,DEU,77.0,1983.0,260.0,0.864,0.82,3.0,0.977,0.0,0.0,1.0,0.0,0.0,0.0,0.0,0.0,0.0,80.95,1.0,38.76,,,0.0,0.0
Germany,DEU,77.0,1984.0,260.0,0.863,0.819,3.0,0.977,,,,,,,,,,,1.0,,,,0.0,0.0
Germany,DEU,77.0,1985.0,260.0,0.863,0.819,3.0,0.977,,,,,,,,,,,1.0,,,,0.0,0.0
Germany,DEU,77.0,1986.0,260.0,0.863,0.819,3.0,0.977,,,,,,,,,,,1.0,,,,0.0,0.0
Germany,DEU,77.0,1987.0,260.0,0.864,0.823,3.0,0.977,0.0,0.0,1.0,0.0,0.0,0.0,0.0,0.0,0.0,75.02,1.0,37.42,,,0.0,0.0
Germany,DEU,77.0,1988.0,260.0,0.864,0.824,3.0,0.977,,,,,,,,,,,1.0,,,,0.0,0.0
Germany,DEU,77.0,1989.0,260.0,0.864,0.824,3.0,0.977,,,,,,,,,,,1.0,,,,0.0,0.0
Germany,DEU,77.0,1990.0,260.0,0.892,0.853,3.0,0.977,0.0,0.0,1.0,0.0,0.0,0.0,0.0,0.0,0.0,73.1,1.0,40.48,,,0.0,0.0
Germany,DEU,77.0,1991.0,255.0,0.893,0.853,3.0,0.977,,,,,,,,,,,1.0,,,,0.0,0.0
Germany,DEU,77.0,1992.0,255.0,0.893,0.853,3.0,0.977,,,,,,,,,,,1.0,,,,0.0,0.0
Germany,DEU,77.0,1993.0,255.0,0.893,0.853,3.0,0.977,,,,,,,,,,,1.0,,,,0.0,0.0
Germany,DEU,77.0,1994.0,255.0,0.893,0.853,3.0,0.977,0.0,0.0,1.0,0.0,0.0,0.0,0.0,0.0,0.0,72.39,1.0,37.5,,,0.0,0.0
Germany,DEU,77.0,1995.0,255.0,0.893,0.853,3.0,0.977,,,,,,,,,,,1.0,,,,0.0,0.0
Germany,DEU,77.0,1996.0,255.0,0.893,0.854,3.0,0.977,,,,,,,,,,,1.0,,,,0.0,0.0
Germany,DEU,77.0,1997.0,255.0,0.893,0.854,3.0,0.977,,,,,,,,,,,1.0,,,,0.0,0.0
Germany,DEU,77.0,1998.0,255.0,0.894,0.856,3.0,0.977,2.0,0.0,1.0,0.0,0.0,0.0,0.0,0.0,0.0,75.32,1.0,44.54,,,0.0,0.0
Germany,DEU,77.0,1999.0,255.0,0.899,0.86,3.0,0.977,,,,,,,,,,,1.0,,,,0.0,0.0
Germany,DEU,77.0,2000.0,255.0,0.899,0.86,3.0,0.977,,,,,,,,,,,1.0,,,,0.0,0.0
Germany,DEU,77.0,2001.0,255.0,0.899,0.86,3.0,0.977,,,,,,,,,,,1.0,,,,0.0,0.0
Germany,DEU,77.0,2002.0,255.0,0.898,0.859,3.0,0.977,0.0,0.0,1.0,0.0,0.0,0.0,0.0,0.0,0.0,73.46,1.0,41.63,,,0.0,0.0
Germany,DEU,77.0,2003.0,255.0,0.896,0.857,3.0,0.977,,,,,,,,,,,1.0,,,,0.0,0.0
Germany,DEU,77.0,2004.0,255.0,0.896,0.857,3.0,0.977,,,,,,,,,,,1.0,,,,0.0,0.0
Germany,DEU,77.0,2005.0,255.0,0.896,0.859,3.0,0.983,2.0,0.0,1.0,0.0,0.0,0.0,0.0,0.0,0.0,71.99,1.0,36.16,,,0.0,1.0
Germany,DEU,77.0,2006.0,255.0,0.902,0.864,3.0,0.977,,,,,,,,,,,1.0,,,,0.0,1.0
Germany,DEU,77.0,2007.0,255.0,0.902,0.864,3.0,0.977,,,,,,,,,,,1.0,,,,0.0,1.0
Germany,DEU,77.0,2008.0,255.0,0.902,0.864,3.0,0.977,,,,,,,,,,,1.0,,,,0.0,1.0
Germany,DEU,77.0,2009.0,255.0,0.9,0.862,3.0,0.977,0.0,0.0,1.0,0.0,0.0,0.0,0.0,0.0,0.0,64.61,1.0,31.19,,,0.0,1.0
Germany,DEU,77.0,2010.0,255.0,0.898,0.862,3.0,0.987,,,,,,,,,,,1.0,,,,0.0,1.0
Germany,DEU,77.0,2011.0,255.0,0.9,0.864,3.0,0.987,,,,,,,,,,,1.0,,,,0.0,1.0
Germany,DEU,77.0,2012.0,255.0,0.899,0.863,3.0,0.987,,,,,,,,,,,1.0,,,,0.0,1.0
Germany,DEU,77.0,2013.0,255.0,0.892,0.853,3.0,0.975,0.0,0.0,1.0,0.0,0.0,0.0,0.0,0.0,0.0,66.04,1.0,40.41,,,0.0,1.0
Germany,DEU,77.0,2014.0,255.0,0.885,0.845,3.0,0.975,,,,,,,,,,,1.0,,,,0.0,1.0
Germany,DEU,77.0,2015.0,255.0,0.883,0.845,3.0,0.981,,,,,,,,,,,1.0,,,,0.0,1.0
Germany,DEU,77.0,2016.0,255.0,0.888,0.848,3.0,0.981,,,,,,,,,,,1.0,,,,0.0,1.0
Germany,DEU,77.0,2017.0,255.0,0.889,0.842,3.0,0.981,0.0,0.0,1.0,0.0,0.0,0.0,0.0,0.0,0.0,69.11,1.0,28.21,,,0.0,1.0
Germany,DEU,77.0,2018.0,255.0,0.881,0.834,3.0,0.981,,,,,,,,,,,1.0,,,,0.0,1.0
Germany,DEU,77.0,2019.0,255.0,0.878,0.831,3.0,0.981,,,,,,,,,,,1.0,,,,0.0,1.0
Germany,DEU,77.0,2020.0,255.0,0.87,0.821,3.0,0.981,,,,,,,,,,,1.0,,,,0.0,1.0
Germany,DEU,77.0,2021.0,255.0,0.863,0.814,3.0,0.981,2.0,0.0,1.0,0.0,0.0,0.0,0.0,0.0,0.0,69.46,1.0,27.99,,,0.0,0.0
Germany,DEU,77.0,2022.0,255.0,0.855,0.806,3.0,0.981,,,,,,,,,,,1.0,,,,0.0,0.0
Germany,DEU,77.0,2023.0,255.0,0.855,0.812,3.0,0.981,,,,,,,,,,,1.0,,,,0.0,0.0
Germany,DEU,77.0,2024.0,255.0,0.825,0.778,3.0,0.981,,,,,,,,,,,1.0,,,,0.0,0.0
Germany,DEU,77.0,2025.0,255.0,0.828,0.782,3.0,0.981,2.0,0.0,1.0,0.0,0.0,0.0,0.0,0.0,0.0,82.12,1.0,26.03,,,0.0,0.0
Guatemala,GTM,78.0,1980.0,90.0,0.163,0.066,1.0,0.031,,,,,,,,,,,1.0,,,,1.0,
Guatemala,GTM,78.0,1981.0,90.0,0.163,0.066,1.0,0.031,,,,,,,,,,,1.0,,,,1.0,
Guatemala,GTM,78.0,1982.0,90.0,0.109,0.05,1.0,0.091,2.0,2.0,1.0,0.0,0.0,0.0,0.0,0.0,1.0,30.74,1.0,50.0,38.9,28.2,1.0,
Guatemala,GTM,78.0,1983.0,90.0,0.095,0.05,0.0,0.112,,,,,,,,,,,1.0,,,,1.0,
Guatemala,GTM,78.0,1984.0,90.0,0.125,0.055,0.0,0.163,0.0,0.0,0.0,0.0,0.0,0.0,1.0,0.0,0.0,,1.0,,,,1.0,
Guatemala,GTM,78.0,1985.0,90.0,0.149,0.067,1.0,0.163,2.0,2.0,1.0,0.0,0.0,0.0,0.0,0.0,1.0,49.82,1.0,51.0,38.6,20.2,1.0,
Guatemala,GTM,78.0,1986.0,90.0,0.345,0.165,1.0,0.323,,,,,,,,,,,1.0,,,,1.0,
Guatemala,GTM,78.0,1987.0,90.0,0.37,0.195,1.0,0.422,,,,,,,,,,,1.0,,,,1.0,
Guatemala,GTM,78.0,1988.0,90.0,0.37,0.195,1.0,0.422,,,,,,,,,,,1.0,,,,1.0,
Guatemala,GTM,78.0,1989.0,90.0,0.37,0.195,1.0,0.422,,,,,,,,,,,1.0,,,,1.0,
Guatemala,GTM,78.0,1990.0,90.0,0.371,0.205,1.0,0.486,2.0,2.0,1.0,0.0,0.0,0.0,0.0,0.0,1.0,,1.0,35.34,25.7,24.1,1.0,
Guatemala,GTM,78.0,1991.0,90.0,0.382,0.208,1.0,0.486,2.0,2.0,0.0,0.0,0.0,0.0,0.0,0.0,0.0,31.92,1.0,,,,1.0,
Guatemala,GTM,78.0,1992.0,90.0,0.382,0.208,1.0,0.486,,,,,,,,,,,1.0,,,,1.0,
Guatemala,GTM,78.0,1993.0,90.0,0.385,0.216,1.0,0.544,,,,,,,,,,,1.0,,,,1.0,
Guatemala,GTM,78.0,1994.0,90.0,0.396,0.229,1.0,0.596,0.0,0.0,1.0,0.0,0.0,0.0,0.0,0.0,0.0,14.46,1.0,40.0,,,1.0,
Guatemala,GTM,78.0,1995.0,90.0,0.412,0.24,1.0,0.596,2.0,2.0,1.0,0.0,0.0,0.0,0.0,0.0,1.0,26.33,1.0,53.75,36.5,22.0,1.0,
Guatemala,GTM,78.0,1996.0,90.0,0.454,0.261,1.0,0.538,2.0,2.0,0.0,0.0,0.0,0.0,0.0,0.0,0.0,,1.0,,,,1.0,
Guatemala,GTM,78.0,1997.0,90.0,0.489,0.282,1.0,0.538,,,,,,,,,,,1.0,,,,1.0,
Guatemala,GTM,78.0,1998.0,90.0,0.489,0.284,1.0,0.538,,,,,,,,,,,1.0,,,,1.0,
Guatemala,GTM,78.0,1999.0,90.0,0.491,0.291,1.0,0.556,2.0,2.0,1.0,0.0,0.0,0.0,0.0,0.0,1.0,31.13,1.0,55.75,47.7,30.3,1.0,
Guatemala,GTM,78.0,2000.0,90.0,0.542,0.362,2.0,0.675,,,,,,,,,,,1.0,,,,1.0,
Guatemala,GTM,78.0,2001.0,90.0,0.542,0.362,2.0,0.675,,,,,,,,,,,1.0,,,,1.0,
Guatemala,GTM,78.0,2002.0,90.0,0.542,0.362,2.0,0.675,,,,,,,,,,,1.0,,,,1.0,
Guatemala,GTM,78.0,2003.0,90.0,0.543,0.363,2.0,0.675,2.0,2.0,1.0,0.0,0.0,0.0,0.0,0.0,1.0,50.56,1.0,31.01,34.3,26.4,1.0,
Guatemala,GTM,78.0,2004.0,90.0,0.552,0.372,2.0,0.694,,,,,,,,,,,1.0,,,,1.0,
Guatemala,GTM,78.0,2005.0,90.0,0.552,0.373,2.0,0.707,,,,,,,,,,,1.0,,,,1.0,
Guatemala,GTM,78.0,2006.0,90.0,0.552,0.374,2.0,0.707,,,,,,,,,,,1.0,,,,1.0,
Guatemala,GTM,78.0,2007.0,90.0,0.563,0.386,2.0,0.734,2.0,2.0,1.0,0.0,0.0,0.0,0.0,0.0,1.0,57.19,1.0,32.91,28.23,23.51,1.0,
Guatemala,GTM,78.0,2008.0,90.0,0.582,0.395,2.0,0.734,,,,,,,,,,,1.0,,,,1.0,
Guatemala,GTM,78.0,2009.0,90.0,0.58,0.396,2.0,0.734,,,,,,,,,,,1.0,,,,1.0,
Guatemala,GTM,78.0,2010.0,90.0,0.583,0.397,2.0,0.725,,,,,,,,,,,1.0,,,,1.0,
Guatemala,GTM,78.0,2011.0,90.0,0.581,0.393,2.0,0.698,2.0,2.0,1.0,0.0,0.0,0.0,0.0,0.0,1.0,69.99,1.0,35.44,36.01,23.2,1.0,
Guatemala,GTM,78.0,2012.0,90.0,0.576,0.391,2.0,0.691,,,,,,,,,,,1.0,,,,1.0,
Guatemala,GTM,78.0,2013.0,90.0,0.574,0.41,2.0,0.744,,,,,,,,,,,1.0,,,,1.0,
Guatemala,GTM,78.0,2014.0,90.0,0.572,0.412,2.0,0.744,,,,,,,,,,,1.0,,,,1.0,
Guatemala,GTM,78.0,2015.0,90.0,0.587,0.425,2.0,0.771,2.0,2.0,1.0,0.0,0.0,0.0,0.0,0.0,1.0,62.6,1.0,28.48,23.85,19.76,1.0,
Guatemala,GTM,78.0,2016.0,90.0,0.626,0.451,2.0,0.771,,,,,,,,,,,1.0,,,,1.0,
Guatemala,GTM,78.0,2017.0,90.0,0.621,0.444,2.0,0.722,,,,,,,,,,,1.0,,,,1.0,
Guatemala,GTM,78.0,2018.0,90.0,0.602,0.415,2.0,0.662,,,,,,,,,,,1.0,,,,1.0,
Guatemala,GTM,78.0,2019.0,90.0,0.597,0.415,2.0,0.681,2.0,2.0,1.0,0.0,0.0,0.0,0.0,0.0,1.0,50.28,1.0,32.5,25.54,13.95,1.0,
Guatemala,GTM,78.0,2020.0,90.0,0.589,0.402,2.0,0.666,,,,,,,,,,,1.0,,,,1.0,
Guatemala,GTM,78.0,2021.0,90.0,0.555,0.359,2.0,0.551,,,,,,,,,,,1.0,,,,1.0,
Guatemala,GTM,78.0,2022.0,90.0,0.509,0.314,2.0,0.473,,,,,,,,,,,1.0,,,,1.0,
Guatemala,GTM,78.0,2023.0,90.0,0.506,0.338,2.0,0.499,2.0,2.0,1.0,0.0,0.0,0.0,0.0,0.0,1.0,49.88,1.0,24.38,15.86,11.78,1.0,
Guatemala,GTM,78.0,2024.0,90.0,0.609,0.492,2.0,0.854,,,,,,,,,,,1.0,,,,1.0,
Guatemala,GTM,78.0,2025.0,90.0,0.637,0.523,2.0,0.885,,,,,,,,,,,1.0,,,,1.0,
Iran,IRN,79.0,1980.0,630.0,0.167,0.088,1.0,0.615,2.0,0.0,1.0,1.0,0.0,0.0,0.0,0.0,1.0,,1.0,51.85,76.5,15.9,1.0,0.0
Iran,IRN,79.0,1981.0,630.0,0.121,0.094,1.0,0.584,0.0,0.0,0.0,0.0,0.0,0.0,0.0,0.0,1.0,,1.0,,97.1,4.4,1.0,0.0
Iran,IRN,79.0,1982.0,630.0,0.106,0.09,1.0,0.584,,,,,,,,,,,1.0,,,,1.0,0.0
Iran,IRN,79.0,1983.0,630.0,0.104,0.085,1.0,0.584,,,,,,,,,,,1.0,,,,1.0,0.0
Iran,IRN,79.0,1984.0,630.0,0.108,0.089,1.0,0.584,0.0,0.0,1.0,1.0,0.0,0.0,0.0,0.0,0.0,,1.0,51.85,,,1.0,0.0
Iran,IRN,79.0,1985.0,630.0,0.109,0.09,1.0,0.584,0.0,0.0,0.0,0.0,0.0,0.0,0.0,0.0,1.0,,1.0,,87.9,10.1,1.0,0.0
Iran,IRN,79.0,1986.0,630.0,0.109,0.09,1.0,0.584,,,,,,,,,,,1.0,,,,1.0,0.0
Iran,IRN,79.0,1987.0,630.0,0.171,0.103,1.0,0.584,,,,,,,,,,,1.0,,,,1.0,0.0
Iran,IRN,79.0,1988.0,630.0,0.177,0.104,1.0,0.584,0.0,0.0,1.0,1.0,0.0,0.0,0.0,0.0,0.0,,1.0,59.26,,,1.0,0.0
Iran,IRN,79.0,1989.0,630.0,0.168,0.108,1.0,0.627,1.0,0.0,0.0,0.0,0.0,0.0,0.0,0.0,1.0,,1.0,,96.1,3.9,0.5,0.0
Iran,IRN,79.0,1990.0,630.0,0.16,0.111,1.0,0.627,,,,,,,,,,,1.0,,,,0.5,0.0
Iran,IRN,79.0,1991.0,630.0,0.16,0.111,1.0,0.627,,,,,,,,,,,1.0,,,,0.5,0.0
Iran,IRN,79.0,1992.0,630.0,0.159,0.108,1.0,0.603,0.0,0.0,1.0,1.0,0.0,0.0,0.0,0.0,0.0,24.71,1.0,55.56,,,0.5,0.0
Iran,IRN,79.0,1993.0,630.0,0.162,0.118,1.0,0.678,0.0,0.0,0.0,0.0,0.0,0.0,0.0,0.0,1.0,53.19,1.0,,64.0,24.3,0.5,0.0
Iran,IRN,79.0,1994.0,630.0,0.165,0.12,1.0,0.678,,,,,,,,,,,1.0,,,,0.5,0.0
Iran,IRN,79.0,1995.0,630.0,0.165,0.12,1.0,0.678,,,,,,,,,,,1.0,,,,0.5,0.0
Iran,IRN,79.0,1996.0,630.0,0.174,0.123,1.0,0.678,0.0,0.0,1.0,1.0,0.0,0.0,0.0,0.0,0.0,73.08,1.0,40.74,,,0.5,0.0
Iran,IRN,79.0,1997.0,630.0,0.218,0.149,1.0,0.802,2.0,0.0,0.0,0.0,0.0,0.0,0.0,0.0,1.0,,1.0,,69.6,25.1,0.5,0.0
Iran,IRN,79.0,1998.0,630.0,0.231,0.159,1.0,0.802,,,,,,,,,,,1.0,,,,0.5,0.0
Iran,IRN,79.0,1999.0,630.0,0.234,0.16,1.0,0.802,,,,,,,,,,,1.0,,,,0.5,0.0
Iran,IRN,79.0,2000.0,630.0,0.233,0.162,1.0,0.802,0.0,0.0,1.0,1.0,0.0,0.0,0.0,0.0,0.0,,1.0,74.48,,,0.5,0.0
Iran,IRN,79.0,2001.0,630.0,0.234,0.154,1.0,0.717,0.0,0.0,0.0,0.0,0.0,0.0,0.0,0.0,1.0,86.42,1.0,,77.1,15.6,0.5,0.0
Iran,IRN,79.0,2002.0,630.0,0.232,0.153,1.0,0.717,,,,,,,,,,,1.0,,,,0.5,0.0
Iran,IRN,79.0,2003.0,630.0,0.232,0.153,1.0,0.717,,,,,,,,,,,1.0,,,,0.5,0.0
Iran,IRN,79.0,2004.0,630.0,0.207,0.143,1.0,0.717,0.0,0.0,1.0,1.0,0.0,0.0,0.0,0.0,0.0,52.77,1.0,68.06,,,0.5,0.0
Iran,IRN,79.0,2005.0,630.0,0.177,0.128,1.0,0.679,2.0,0.0,0.0,0.0,0.0,0.0,0.0,0.0,1.0,70.9,1.0,,61.7,35.9,0.5,0.0
Iran,IRN,79.0,2006.0,630.0,0.173,0.126,1.0,0.682,,,,,,,,,,,1.0,,,,0.5,0.0
Iran,IRN,79.0,2007.0,630.0,0.173,0.127,1.0,0.682,,,,,,,,,,,1.0,,,,0.5,0.0
Iran,IRN,79.0,2008.0,630.0,0.167,0.125,1.0,0.682,0.0,0.0,1.0,1.0,0.0,0.0,0.0,0.0,0.0,54.08,1.0,67.24,,,0.5,0.0
Iran,IRN,79.0,2009.0,630.0,0.158,0.122,1.0,0.699,0.0,0.0,0.0,0.0,0.0,0.0,0.0,0.0,1.0,75.52,1.0,,62.6,33.9,0.5,0.0
Iran,IRN,79.0,2010.0,630.0,0.144,0.117,1.0,0.722,,,,,,,,,,,1.0,,,,0.5,0.0
Iran,IRN,79.0,2011.0,630.0,0.145,0.118,1.0,0.722,,,,,,,,,,,1.0,,,,0.5,0.0
Iran,IRN,79.0,2012.0,630.0,0.158,0.121,1.0,0.722,0.0,0.0,1.0,1.0,0.0,0.0,0.0,0.0,0.0,61.81,1.0,62.76,,,0.5,0.0
Iran,IRN,79.0,2013.0,630.0,0.174,0.129,1.0,0.704,2.0,0.0,0.0,0.0,0.0,0.0,0.0,0.0,1.0,62.27,1.0,,50.88,16.46,0.5,0.0
Iran,IRN,79.0,2014.0,630.0,0.183,0.131,1.0,0.704,,,,,,,,,,,1.0,,,,0.5,0.0
Iran,IRN,79.0,2015.0,630.0,0.186,0.136,1.0,0.704,,,,,,,,,,,1.0,,,,0.5,0.0
Iran,IRN,79.0,2016.0,630.0,0.186,0.137,1.0,0.722,0.0,0.0,1.0,1.0,0.0,0.0,0.0,0.0,0.0,55.29,1.0,41.03,,,0.5,0.0
Iran,IRN,79.0,2017.0,630.0,0.185,0.134,1.0,0.711,0.0,0.0,0.0,0.0,0.0,0.0,0.0,0.0,1.0,68.43,1.0,,57.0,38.5,0.5,0.0
Iran,IRN,79.0,2018.0,630.0,0.182,0.131,1.0,0.69,,,,,,,,,,,1.0,,,,0.5,0.0
Iran,IRN,79.0,2019.0,630.0,0.181,0.126,1.0,0.65,,,,,,,,,,,1.0,,,,0.5,0.0
Iran,IRN,79.0,2020.0,630.0,0.165,0.119,1.0,0.63,0.0,0.0,1.0,1.0,0.0,0.0,0.0,0.0,0.0,40.25,1.0,76.21,,,0.5,0.0
Iran,IRN,79.0,2021.0,630.0,0.158,0.091,0.0,0.371,0.0,1.0,0.0,0.0,0.0,0.0,0.0,0.0,1.0,46.9,1.0,,72.35,13.81,0.5,0.0
Iran,IRN,79.0,2022.0,630.0,0.148,0.078,0.0,0.338,,,,,,,,,,,1.0,,,,0.5,0.0
Iran,IRN,79.0,2023.0,630.0,0.153,0.077,0.0,0.31,,,,,,,,,,,1.0,,,,0.5,0.0
Iran,IRN,79.0,2024.0,630.0,0.166,0.088,1.0,0.339,0.0,2.0,1.0,1.0,0.0,0.0,0.0,0.0,1.0,38.84,1.0,,42.45,38.61,0.5,0.0
Iran,IRN,79.0,2025.0,630.0,0.159,0.103,1.0,0.523,,,,,,,,,,,1.0,,,,0.5,0.0
Iraq,IRQ,80.0,1980.0,645.0,0.046,0.056,0.0,0.143,0.0,0.0,1.0,0.0,0.0,0.0,0.0,0.0,0.0,,1.0,74.8,,,1.0,
Iraq,IRQ,80.0,1981.0,645.0,0.081,0.067,0.0,0.143,,,,,,,,,,,1.0,,,,1.0,
Iraq,IRQ,80.0,1982.0,645.0,0.081,0.066,0.0,0.143,,,,,,,,,,,1.0,,,,1.0,
Iraq,IRQ,80.0,1983.0,645.0,0.081,0.066,0.0,0.143,,,,,,,,,,,1.0,,,,1.0,
Iraq,IRQ,80.0,1984.0,645.0,0.081,0.066,0.0,0.143,0.0,0.0,1.0,0.0,0.0,0.0,0.0,0.0,0.0,,1.0,73.2,,,1.0,
Iraq,IRQ,80.0,1985.0,645.0,0.081,0.066,0.0,0.143,,,,,,,,,,,1.0,,,,1.0,
Iraq,IRQ,80.0,1986.0,645.0,0.081,0.066,0.0,0.143,,,,,,,,,,,1.0,,,,1.0,
Iraq,IRQ,80.0,1987.0,645.0,0.081,0.066,0.0,0.143,,,,,,,,,,,1.0,,,,1.0,
Iraq,IRQ,80.0,1988.0,645.0,0.081,0.066,0.0,0.143,,,,,,,,,,,1.0,,,,1.0,
Iraq,IRQ,80.0,1989.0,645.0,0.081,0.066,0.0,0.143,0.0,0.0,1.0,0.0,0.0,0.0,0.0,0.0,0.0,,1.0,82.8,,,1.0,
Iraq,IRQ,80.0,1990.0,645.0,0.081,0.062,0.0,0.143,,,,,,,,,,,1.0,,,,1.0,
Iraq,IRQ,80.0,1991.0,645.0,0.08,0.06,0.0,0.143,,,,,,,,,,,1.0,,,,1.0,0.0
Iraq,IRQ,80.0,1992.0,645.0,0.08,0.06,0.0,0.143,,,,,,,,,,,1.0,,,,1.0,0.0
Iraq,IRQ,80.0,1993.0,645.0,0.082,0.06,0.0,0.143,,,,,,,,,,,1.0,,,,1.0,0.0
Iraq,IRQ,80.0,1994.0,645.0,0.083,0.06,0.0,0.143,,,,,,,,,,,1.0,,,,1.0,0.0
Iraq,IRQ,80.0,1995.0,645.0,0.097,0.062,1.0,0.143,0.0,0.0,0.0,0.0,0.0,0.0,0.0,0.0,1.0,,1.0,,100.0,0.0,1.0,
Iraq,IRQ,80.0,1996.0,645.0,0.146,0.07,1.0,0.143,0.0,0.0,1.0,0.0,0.0,0.0,0.0,0.0,0.0,,1.0,64.4,,,1.0,
Iraq,IRQ,80.0,1997.0,645.0,0.146,0.07,1.0,0.143,,,,,,,,,,,1.0,,,,1.0,
Iraq,IRQ,80.0,1998.0,645.0,0.146,0.07,1.0,0.143,,,,,,,,,,,1.0,,,,1.0,
Iraq,IRQ,80.0,1999.0,645.0,0.146,0.07,1.0,0.143,,,,,,,,,,,1.0,,,,1.0,
Iraq,IRQ,80.0,2000.0,645.0,0.145,0.069,0.0,0.143,0.0,0.0,1.0,0.0,0.0,0.0,0.0,0.0,0.0,,1.0,75.0,,,1.0,
Iraq,IRQ,80.0,2001.0,645.0,0.147,0.069,0.0,0.143,,,,,,,,,,,1.0,,,,1.0,
Iraq,IRQ,80.0,2002.0,645.0,0.147,0.095,0.0,0.4,0.0,0.0,0.0,0.0,0.0,0.0,0.0,0.0,1.0,,1.0,,100.0,0.0,1.0,
Iraq,IRQ,80.0,2003.0,645.0,0.184,0.118,0.0,0.532,,,,,,,,,,,1.0,,,,0.5,0.0
Iraq,IRQ,80.0,2004.0,645.0,0.21,0.107,0.0,,,,,,,,,,,,1.0,,,,0.0,0.0
Iraq,IRQ,80.0,2005.0,645.0,0.237,0.107,1.0,0.729,2.0,0.0,1.0,0.0,0.0,0.0,1.0,0.0,0.0,89.22,1.0,46.55,,,0.0,0.0
Iraq,IRQ,80.0,2006.0,645.0,0.397,0.233,1.0,0.775,,,,,,,,,,,1.0,,,,0.0,0.0
Iraq,IRQ,80.0,2007.0,645.0,0.426,0.261,1.0,0.759,,,,,,,,,,,1.0,,,,0.0,0.0
Iraq,IRQ,80.0,2008.0,645.0,0.426,0.261,1.0,0.759,,,,,,,,,,,1.0,,,,0.0,0.0
Iraq,IRQ,80.0,2009.0,645.0,0.425,0.257,1.0,0.759,,,,,,,,,,,1.0,,,,0.0,0.0
Iraq,IRQ,80.0,2010.0,645.0,0.414,0.251,1.0,0.76,0.0,0.0,1.0,0.0,0.0,0.0,0.0,0.0,0.0,70.12,1.0,28.0,,,0.0,0.0
Iraq,IRQ,80.0,2011.0,645.0,0.413,0.251,1.0,0.758,,,,,,,,,,,1.0,,,,0.0,0.0
Iraq,IRQ,80.0,2012.0,645.0,0.41,0.25,1.0,0.758,,,,,,,,,,,1.0,,,,0.0,0.0
Iraq,IRQ,80.0,2013.0,645.0,0.414,0.238,1.0,0.679,,,,,,,,,,,1.0,,,,0.0,0.0
Iraq,IRQ,80.0,2014.0,645.0,0.403,0.237,1.0,0.752,1.0,1.0,1.0,0.0,0.0,0.0,0.0,0.0,0.0,76.81,1.0,28.05,,,0.0,0.0
Iraq,IRQ,80.0,2015.0,645.0,0.396,0.236,1.0,0.751,,,,,,,,,,,1.0,,,,0.0,0.0
Iraq,IRQ,80.0,2016.0,645.0,0.39,0.238,1.0,0.769,,,,,,,,,,,1.0,,,,0.0,0.0
Iraq,IRQ,80.0,2017.0,645.0,0.375,0.233,1.0,0.753,,,,,,,,,,,1.0,,,,0.0,0.0
Iraq,IRQ,80.0,2018.0,645.0,0.398,0.238,1.0,0.707,1.0,1.0,1.0,0.0,0.0,0.0,0.0,0.0,0.0,47.38,1.0,16.41,,,0.0,0.0
Iraq,IRQ,80.0,2019.0,645.0,0.393,0.226,1.0,0.69,,,,,,,,,,,1.0,,,,0.0,0.0
Iraq,IRQ,80.0,2020.0,645.0,0.376,0.212,1.0,0.705,,,,,,,,,,,1.0,,,,0.0,0.0
Iraq,IRQ,80.0,2021.0,645.0,0.374,0.218,1.0,0.665,0.0,0.0,1.0,0.0,0.0,0.0,0.0,0.0,0.0,42.59,1.0,22.19,,,0.0,0.0
Iraq,IRQ,80.0,2022.0,645.0,0.385,0.204,1.0,0.52,,,,,,,,,,,1.0,,,,0.0,0.0
Iraq,IRQ,80.0,2023.0,645.0,0.371,0.208,1.0,0.585,,,,,,,,,,,1.0,,,,0.0,0.0
Iraq,IRQ,80.0,2024.0,645.0,0.361,0.21,1.0,0.599,,,,,,,,,,,1.0,,,,0.0,0.0
Iraq,IRQ,80.0,2025.0,645.0,0.369,0.22,1.0,0.599,0.0,0.0,1.0,0.0,0.0,0.0,0.0,0.0,0.0,47.0,1.0,13.98,,,0.0,0.0
Ireland,IRL,81.0,1980.0,205.0,0.825,0.728,3.0,0.75,,,,,,,,,,,0.0,,,,0.0,0.0
Ireland,IRL,81.0,1981.0,205.0,0.831,0.734,3.0,0.75,2.0,0.0,1.0,0.0,0.0,0.0,0.0,0.0,0.0,78.78,0.0,46.99,,,0.0,0.0
Ireland,IRL,81.0,1982.0,205.0,0.83,0.73,3.0,0.75,2.0,0.0,1.0,0.0,0.0,0.0,0.0,0.0,0.0,76.33,0.0,48.8,,,0.0,0.0
Ireland,IRL,81.0,1983.0,205.0,0.829,0.734,3.0,0.75,,,,,,,,,,,0.0,,,,0.0,0.0
Ireland,IRL,81.0,1984.0,205.0,0.829,0.738,3.0,0.78,,,,,,,,,,,0.0,,,,0.0,0.0
Ireland,IRL,81.0,1985.0,205.0,0.833,0.742,3.0,0.78,,,,,,,,,,,0.0,,,,0.0,0.0
Ireland,IRL,81.0,1986.0,205.0,0.833,0.746,3.0,0.795,,,,,,,,,,,0.0,,,,0.0,0.0
Ireland,IRL,81.0,1987.0,205.0,0.842,0.754,3.0,0.795,2.0,0.0,1.0,0.0,0.0,0.0,0.0,0.0,0.0,77.87,0.0,48.8,,,0.0,0.0
Ireland,IRL,81.0,1988.0,205.0,0.843,0.755,3.0,0.795,,,,,,,,,,,0.0,,,,0.0,0.0
Ireland,IRL,81.0,1989.0,205.0,0.841,0.752,3.0,0.795,0.0,0.0,1.0,0.0,0.0,0.0,0.0,0.0,0.0,71.23,0.0,46.39,,,0.0,0.0
Ireland,IRL,81.0,1990.0,205.0,0.851,0.76,3.0,0.795,0.0,2.0,0.0,0.0,0.0,0.0,0.0,0.0,1.0,,0.0,,52.8,47.2,0.0,0.0
Ireland,IRL,81.0,1991.0,205.0,0.866,0.779,3.0,0.795,,,,,,,,,,,0.0,,,,0.0,0.0
Ireland,IRL,81.0,1992.0,205.0,0.867,0.782,3.0,0.815,0.0,0.0,1.0,0.0,0.0,0.0,0.0,0.0,0.0,73.65,0.0,40.96,,,0.0,0.0
Ireland,IRL,81.0,1993.0,205.0,0.871,0.788,3.0,0.815,,,,,,,,,,,0.0,,,,0.0,0.0
Ireland,IRL,81.0,1994.0,205.0,0.871,0.788,3.0,0.815,,,,,,,,,,,0.0,,,,0.0,0.0
Ireland,IRL,81.0,1995.0,205.0,0.871,0.789,3.0,0.815,,,,,,,,,,,0.0,,,,0.0,0.0
Ireland,IRL,81.0,1996.0,205.0,0.875,0.793,3.0,0.815,,,,,,,,,,,0.0,,,,0.0,0.0
Ireland,IRL,81.0,1997.0,205.0,0.878,0.802,3.0,0.856,2.0,2.0,1.0,0.0,0.0,0.0,0.0,0.0,1.0,67.38,0.0,46.39,58.7,41.3,0.0,0.0
Ireland,IRL,81.0,1998.0,205.0,0.88,0.804,3.0,0.856,,,,,,,,,,,0.0,,,,0.0,0.0
Ireland,IRL,81.0,1999.0,205.0,0.88,0.804,3.0,0.856,,,,,,,,,,,0.0,,,,0.0,0.0
Ireland,IRL,81.0,2000.0,205.0,0.885,0.809,3.0,0.856,,,,,,,,,,,0.0,,,,0.0,0.0
Ireland,IRL,81.0,2001.0,205.0,0.885,0.809,3.0,0.856,,,,,,,,,,,0.0,,,,0.0,0.0
Ireland,IRL,81.0,2002.0,205.0,0.883,0.807,3.0,0.856,0.0,0.0,1.0,0.0,0.0,0.0,0.0,0.0,0.0,66.98,0.0,48.8,,,0.0,0.0
Ireland,IRL,81.0,2003.0,205.0,0.882,0.806,3.0,0.856,,,,,,,,,,,0.0,,,,0.0,0.0
Ireland,IRL,81.0,2004.0,205.0,0.882,0.806,3.0,0.856,,,,,,,,,,,0.0,,,,0.0,0.0
Ireland,IRL,81.0,2005.0,205.0,0.882,0.806,3.0,0.856,,,,,,,,,,,0.0,,,,0.0,0.0
Ireland,IRL,81.0,2006.0,205.0,0.882,0.806,3.0,0.856,,,,,,,,,,,0.0,,,,0.0,0.0
Ireland,IRL,81.0,2007.0,205.0,0.891,0.815,3.0,0.856,0.0,0.0,1.0,0.0,0.0,0.0,0.0,0.0,0.0,68.89,0.0,46.99,,,0.0,0.0
Ireland,IRL,81.0,2008.0,205.0,0.896,0.82,3.0,0.856,,,,,,,,,,,0.0,,,,0.0,0.0
Ireland,IRL,81.0,2009.0,205.0,0.896,0.82,3.0,0.856,,,,,,,,,,,0.0,,,,0.0,0.0
Ireland,IRL,81.0,2010.0,205.0,0.896,0.82,3.0,0.856,,,,,,,,,,,0.0,,,,0.0,0.0
Ireland,IRL,81.0,2011.0,205.0,0.896,0.821,3.0,0.856,2.0,2.0,1.0,0.0,0.0,0.0,0.0,0.0,1.0,63.78,0.0,45.78,39.57,28.5,0.0,0.0
Ireland,IRL,81.0,2012.0,205.0,0.897,0.822,3.0,0.859,,,,,,,,,,,0.0,,,,0.0,0.0
Ireland,IRL,81.0,2013.0,205.0,0.895,0.823,3.0,0.868,,,,,,,,,,,0.0,,,,0.0,0.0
Ireland,IRL,81.0,2014.0,205.0,0.895,0.824,3.0,0.868,,,,,,,,,,,0.0,,,,0.0,0.0
Ireland,IRL,81.0,2015.0,205.0,0.895,0.825,3.0,0.868,,,,,,,,,,,0.0,,,,0.0,0.0
Ireland,IRL,81.0,2016.0,205.0,0.886,0.815,3.0,0.868,0.0,0.0,1.0,0.0,0.0,0.0,0.0,0.0,0.0,58.04,0.0,31.65,,,0.0,0.0
Ireland,IRL,81.0,2017.0,205.0,0.887,0.821,3.0,0.884,,,,,,,,,,,0.0,,,,0.0,0.0
Ireland,IRL,81.0,2018.0,205.0,0.89,0.821,3.0,0.884,0.0,0.0,0.0,0.0,0.0,0.0,0.0,0.0,1.0,39.33,0.0,,55.81,23.25,0.0,0.0
Ireland,IRL,81.0,2019.0,205.0,0.887,0.822,3.0,0.884,,,,,,,,,,,0.0,,,,0.0,0.0
Ireland,IRL,81.0,2020.0,205.0,0.891,0.824,3.0,0.884,2.0,0.0,1.0,0.0,0.0,0.0,0.0,0.0,0.0,56.65,0.0,23.9,,,0.0,0.0
Ireland,IRL,81.0,2021.0,205.0,0.898,0.833,3.0,0.884,,,,,,,,,,,0.0,,,,0.0,0.0
Ireland,IRL,81.0,2022.0,205.0,0.892,0.827,3.0,0.888,,,,,,,,,,,0.0,,,,0.0,0.0
Ireland,IRL,81.0,2023.0,205.0,0.894,0.829,3.0,0.888,,,,,,,,,,,0.0,,,,0.0,0.0
Ireland,IRL,81.0,2024.0,205.0,0.895,0.83,3.0,0.888,1.0,0.0,1.0,0.0,0.0,0.0,0.0,0.0,0.0,54.86,0.0,27.58,,,0.0,0.0
Ireland,IRL,81.0,2025.0,205.0,0.887,0.822,3.0,0.888,0.0,1.0,0.0,0.0,0.0,0.0,0.0,0.0,1.0,40.45,0.0,,63.36,29.46,0.0,0.0
Italy,ITA,82.0,1980.0,325.0,0.792,0.696,3.0,0.902,,,,,,,,,,,1.0,,,,0.0,0.0
Italy,ITA,82.0,1981.0,325.0,0.802,0.709,3.0,0.902,,,,,,,,,,,1.0,,,,0.0,0.0
Italy,ITA,82.0,1982.0,325.0,0.802,0.708,3.0,0.902,,,,,,,,,,,1.0,,,,0.0,0.0
Italy,ITA,82.0,1983.0,325.0,0.806,0.712,3.0,0.902,2.0,0.0,1.0,0.0,0.0,0.0,0.0,0.0,0.0,91.76,1.0,35.71,,,0.0,0.0
Italy,ITA,82.0,1984.0,325.0,0.819,0.724,3.0,0.902,,,,,,,,,,,1.0,,,,0.0,0.0
Italy,ITA,82.0,1985.0,325.0,0.819,0.724,3.0,0.902,,,,,,,,,,,1.0,,,,0.0,0.0
Italy,ITA,82.0,1986.0,325.0,0.819,0.724,3.0,0.902,,,,,,,,,,,1.0,,,,0.0,0.0
Italy,ITA,82.0,1987.0,325.0,0.82,0.725,3.0,0.902,2.0,0.0,1.0,0.0,0.0,0.0,0.0,0.0,0.0,94.4,1.0,37.14,,,0.0,0.0
Italy,ITA,82.0,1988.0,325.0,0.821,0.725,3.0,0.902,,,,,,,,,,,1.0,,,,0.0,0.0
Italy,ITA,82.0,1989.0,325.0,0.821,0.725,3.0,0.902,,,,,,,,,,,1.0,,,,0.0,0.0
Italy,ITA,82.0,1990.0,325.0,0.821,0.732,3.0,0.902,,,,,,,,,,,1.0,,,,0.0,0.0
Italy,ITA,82.0,1991.0,325.0,0.829,0.738,3.0,0.902,,,,,,,,,,,1.0,,,,0.0,0.0
Italy,ITA,82.0,1992.0,325.0,0.831,0.747,3.0,0.923,2.0,0.0,1.0,0.0,0.0,0.0,0.0,0.0,0.0,92.34,1.0,32.7,,,0.0,0.0
Italy,ITA,82.0,1993.0,325.0,0.835,0.749,3.0,0.923,,,,,,,,,,,1.0,,,,0.0,0.0
Italy,ITA,82.0,1994.0,325.0,0.83,0.743,3.0,0.93,2.0,0.0,1.0,0.0,0.0,0.0,0.0,0.0,0.0,90.84,1.0,18.1,,,0.0,0.0
Italy,ITA,82.0,1995.0,325.0,0.828,0.744,3.0,0.93,,,,,,,,,,,1.0,,,,0.0,0.0
Italy,ITA,82.0,1996.0,325.0,0.835,0.75,3.0,0.93,2.0,0.0,1.0,0.0,0.0,0.0,0.0,0.0,0.0,87.35,1.0,45.08,,,0.0,0.0
Italy,ITA,82.0,1997.0,325.0,0.843,0.758,3.0,0.93,,,,,,,,,,,1.0,,,,0.0,0.0
Italy,ITA,82.0,1998.0,325.0,0.843,0.758,3.0,0.93,,,,,,,,,,,1.0,,,,0.0,0.0
Italy,ITA,82.0,1999.0,325.0,0.843,0.758,3.0,0.93,,,,,,,,,,,1.0,,,,0.0,0.0
Italy,ITA,82.0,2000.0,325.0,0.84,0.756,3.0,0.93,,,,,,,,,,,1.0,,,,0.0,0.0
Italy,ITA,82.0,2001.0,325.0,0.833,0.746,3.0,0.93,2.0,0.0,1.0,0.0,0.0,0.0,0.0,0.0,0.0,84.92,1.0,58.1,,,0.0,0.0
Italy,ITA,82.0,2002.0,325.0,0.837,0.751,3.0,0.93,,,,,,,,,,,1.0,,,,0.0,0.0
Italy,ITA,82.0,2003.0,325.0,0.837,0.753,3.0,0.93,,,,,,,,,,,1.0,,,,0.0,0.0
Italy,ITA,82.0,2004.0,325.0,0.837,0.753,3.0,0.93,,,,,,,,,,,1.0,,,,0.0,0.0
Italy,ITA,82.0,2005.0,325.0,0.846,0.761,3.0,0.93,,,,,,,,,,,1.0,,,,0.0,0.0
Italy,ITA,82.0,2006.0,325.0,0.852,0.775,3.0,0.949,2.0,0.0,1.0,0.0,0.0,0.0,0.0,0.0,0.0,82.13,1.0,55.24,,,0.0,0.0
Italy,ITA,82.0,2007.0,325.0,0.861,0.782,3.0,0.949,,,,,,,,,,,1.0,,,,0.0,0.0
Italy,ITA,82.0,2008.0,325.0,0.855,0.768,3.0,0.927,2.0,0.0,1.0,0.0,0.0,0.0,0.0,0.0,0.0,79.13,1.0,43.81,,,0.0,0.0
Italy,ITA,82.0,2009.0,325.0,0.857,0.775,3.0,0.927,,,,,,,,,,,1.0,,,,0.0,0.0
Italy,ITA,82.0,2010.0,325.0,0.856,0.775,3.0,0.927,,,,,,,,,,,1.0,,,,0.0,0.0
Italy,ITA,82.0,2011.0,325.0,0.862,0.786,3.0,0.952,,,,,,,,,,,1.0,,,,0.0,0.0
Italy,ITA,82.0,2012.0,325.0,0.869,0.793,3.0,0.953,,,,,,,,,,,1.0,,,,0.0,0.0
Italy,ITA,82.0,2013.0,325.0,0.864,0.786,3.0,0.955,2.0,2.0,1.0,0.0,0.0,0.0,0.0,0.0,0.0,68.33,1.0,46.35,,,0.0,0.0
Italy,ITA,82.0,2014.0,325.0,0.865,0.786,3.0,0.955,,,,,,,,,,,1.0,,,,0.0,0.0
Italy,ITA,82.0,2015.0,325.0,0.865,0.786,3.0,0.955,,,,,,,,,,,1.0,,,,0.0,0.0
Italy,ITA,82.0,2016.0,325.0,0.869,0.791,3.0,0.955,,,,,,,,,,,1.0,,,,0.0,0.0
Italy,ITA,82.0,2017.0,325.0,0.87,0.797,3.0,0.955,,,,,,,,,,,1.0,,,,0.5,0.0
Italy,ITA,82.0,2018.0,325.0,0.864,0.787,3.0,0.955,2.0,0.0,1.0,0.0,0.0,0.0,0.0,0.0,0.0,65.18,1.0,42.06,,,0.0,0.0
Italy,ITA,82.0,2019.0,325.0,0.854,0.777,3.0,0.958,,,,,,,,,,,1.0,,,,0.0,0.0
Italy,ITA,82.0,2020.0,325.0,0.857,0.774,3.0,0.953,,,,,,,,,,,1.0,,,,0.0,0.0
Italy,ITA,82.0,2021.0,325.0,0.857,0.774,3.0,0.953,,,,,,,,,,,1.0,,,,0.0,0.0
Italy,ITA,82.0,2022.0,325.0,0.842,0.763,3.0,0.953,2.0,0.0,1.0,0.0,0.0,0.0,0.0,0.0,0.0,56.07,1.0,58.75,,,0.0,1.0
Italy,ITA,82.0,2023.0,325.0,0.806,0.727,3.0,0.953,,,,,,,,,,,1.0,,,,0.0,1.0
Italy,ITA,82.0,2024.0,325.0,0.784,0.687,3.0,0.953,,,,,,,,,,,1.0,,,,0.0,1.0
Italy,ITA,82.0,2025.0,325.0,0.745,0.642,3.0,0.905,,,,,,,,,,,1.0,,,,0.0,1.0
Jordan,JOR,83.0,1980.0,663.0,0.128,0.118,0.0,0.589,,,,,,,,,,,1.0,,,,1.0,0.0
Jordan,JOR,83.0,1981.0,663.0,0.128,0.118,0.0,0.589,,,,,,,,,,,1.0,,,,1.0,0.0
Jordan,JOR,83.0,1982.0,663.0,0.128,0.118,0.0,0.589,,,,,,,,,,,1.0,,,,1.0,0.0
Jordan,JOR,83.0,1983.0,663.0,0.128,0.118,0.0,0.589,,,,,,,,,,,1.0,,,,1.0,0.0
Jordan,JOR,83.0,1984.0,663.0,0.128,0.165,0.0,0.511,,,,,,,,,,,1.0,,,,1.0,0.0
Jordan,JOR,83.0,1985.0,663.0,0.128,0.171,0.0,0.594,,,,,,,,,,,1.0,,,,1.0,0.0
Jordan,JOR,83.0,1986.0,663.0,0.128,0.171,0.0,0.594,,,,,,,,,,,1.0,,,,1.0,0.0
Jordan,JOR,83.0,1987.0,663.0,0.128,0.171,0.0,0.594,,,,,,,,,,,1.0,,,,1.0,0.0
Jordan,JOR,83.0,1988.0,663.0,0.13,0.172,0.0,0.594,,,,,,,,,,,1.0,,,,1.0,0.0
Jordan,JOR,83.0,1989.0,663.0,0.15,0.177,0.0,0.594,0.0,0.0,1.0,0.0,0.0,0.0,0.0,0.0,0.0,28.47,1.0,,,,1.0,0.0
Jordan,JOR,83.0,1990.0,663.0,0.22,0.197,0.0,0.594,,,,,,,,,,,1.0,,,,1.0,0.0
Jordan,JOR,83.0,1991.0,663.0,0.221,0.197,0.0,0.594,,,,,,,,,,,1.0,,,,1.0,0.0
Jordan,JOR,83.0,1992.0,663.0,0.227,0.196,0.0,0.569,,,,,,,,,,,1.0,,,,1.0,0.0
Jordan,JOR,83.0,1993.0,663.0,0.235,0.198,0.0,0.569,0.0,0.0,1.0,0.0,0.0,0.0,0.0,0.0,0.0,34.71,1.0,75.0,,,1.0,0.0
Jordan,JOR,83.0,1994.0,663.0,0.227,0.196,0.0,0.569,,,,,,,,,,,1.0,,,,1.0,0.0
Jordan,JOR,83.0,1995.0,663.0,0.227,0.196,0.0,0.569,,,,,,,,,,,1.0,,,,1.0,0.0
Jordan,JOR,83.0,1996.0,663.0,0.227,0.196,0.0,0.569,,,,,,,,,,,1.0,,,,1.0,0.0
Jordan,JOR,83.0,1997.0,663.0,0.224,0.195,0.0,0.569,0.0,0.0,1.0,0.0,0.0,0.0,0.0,0.0,0.0,26.56,1.0,93.75,,,1.0,0.0
Jordan,JOR,83.0,1998.0,663.0,0.224,0.195,0.0,0.569,,,,,,,,,,,1.0,,,,1.0,0.0
Jordan,JOR,83.0,1999.0,663.0,0.222,0.196,0.0,0.569,,,,,,,,,,,1.0,,,,1.0,0.0
Jordan,JOR,83.0,2000.0,663.0,0.186,0.132,0.0,0.632,,,,,,,,,,,1.0,,,,1.0,0.0
Jordan,JOR,83.0,2001.0,663.0,0.185,0.131,0.0,0.632,,,,,,,,,,,1.0,,,,1.0,0.0
Jordan,JOR,83.0,2002.0,663.0,0.185,0.131,0.0,0.632,,,,,,,,,,,1.0,,,,1.0,0.0
Jordan,JOR,83.0,2003.0,663.0,0.208,0.152,0.0,0.606,0.0,0.0,1.0,0.0,0.0,0.0,0.0,0.0,0.0,44.19,1.0,79.09,,,1.0,0.0
Jordan,JOR,83.0,2004.0,663.0,0.228,0.202,0.0,0.601,,,,,,,,,,,1.0,,,,1.0,0.0
Jordan,JOR,83.0,2005.0,663.0,0.228,0.203,0.0,0.601,,,,,,,,,,,1.0,,,,1.0,0.0
Jordan,JOR,83.0,2006.0,663.0,0.229,0.204,0.0,0.601,,,,,,,,,,,1.0,,,,1.0,0.0
Jordan,JOR,83.0,2007.0,663.0,0.229,0.204,0.0,0.601,0.0,0.0,1.0,0.0,0.0,0.0,0.0,0.0,0.0,43.64,1.0,89.09,,,1.0,0.0
Jordan,JOR,83.0,2008.0,663.0,0.232,0.205,0.0,0.601,,,,,,,,,,,1.0,,,,1.0,0.0
Jordan,JOR,83.0,2009.0,663.0,0.233,0.205,0.0,0.601,,,,,,,,,,,1.0,,,,1.0,0.0
Jordan,JOR,83.0,2010.0,663.0,0.239,0.21,0.0,0.601,0.0,0.0,1.0,0.0,0.0,0.0,0.0,0.0,0.0,33.88,1.0,,,,1.0,0.0
Jordan,JOR,83.0,2011.0,663.0,0.247,0.215,0.0,0.619,,,,,,,,,,,1.0,,,,1.0,0.0
Jordan,JOR,83.0,2012.0,663.0,0.246,0.217,0.0,0.64,,,,,,,,,,,1.0,,,,1.0,0.0
Jordan,JOR,83.0,2013.0,663.0,0.255,0.22,0.0,0.62,0.0,0.0,1.0,0.0,0.0,0.0,0.0,0.0,0.0,34.11,1.0,82.0,,,1.0,0.0
Jordan,JOR,83.0,2014.0,663.0,0.255,0.221,0.0,0.626,,,,,,,,,,,1.0,,,,1.0,0.0
Jordan,JOR,83.0,2015.0,663.0,0.255,0.221,0.0,0.626,,,,,,,,,,,1.0,,,,1.0,0.0
Jordan,JOR,83.0,2016.0,663.0,0.239,0.195,0.0,0.633,0.0,0.0,1.0,0.0,0.0,0.0,0.0,0.0,0.0,31.1,1.0,73.08,,,1.0,0.0
Jordan,JOR,83.0,2017.0,663.0,0.263,0.23,0.0,0.608,,,,,,,,,,,1.0,,,,1.0,0.0
Jordan,JOR,83.0,2018.0,663.0,0.261,0.242,0.0,0.666,,,,,,,,,,,1.0,,,,1.0,0.0
Jordan,JOR,83.0,2019.0,663.0,0.26,0.24,0.0,0.645,,,,,,,,,,,1.0,,,,1.0,0.0
Jordan,JOR,83.0,2020.0,663.0,0.258,0.24,0.0,0.645,0.0,0.0,1.0,0.0,0.0,0.0,0.0,0.0,0.0,21.13,1.0,86.92,,,1.0,0.0
Jordan,JOR,83.0,2021.0,663.0,0.257,0.249,0.0,0.674,,,,,,,,,,,1.0,,,,1.0,0.0
Jordan,JOR,83.0,2022.0,663.0,0.256,0.244,0.0,0.666,,,,,,,,,,,1.0,,,,1.0,0.0
Jordan,JOR,83.0,2023.0,663.0,0.252,0.25,0.0,0.735,,,,,,,,,,,1.0,,,,1.0,0.0
Jordan,JOR,83.0,2024.0,663.0,0.274,0.27,0.0,0.746,0.0,0.0,1.0,0.0,0.0,0.0,0.0,0.0,0.0,23.17,1.0,22.46,,,1.0,0.0
Jordan,JOR,83.0,2025.0,663.0,0.282,0.274,0.0,0.732,,,,,,,,,,,1.0,,,,1.0,0.0
Latvia,LVA,84.0,1990.0,367.0,0.562,0.452,2.0,0.668,2.0,0.0,1.0,0.0,0.0,0.0,0.0,0.0,0.0,80.95,0.0,65.17,,,0.0,0.0
Latvia,LVA,84.0,1991.0,367.0,0.594,0.495,2.0,0.776,,,,,,,,,,,0.0,,,,0.0,0.0
Latvia,LVA,84.0,1992.0,367.0,0.674,0.561,2.0,0.776,,,,,,,,,,,0.0,,,,0.0,0.0
Latvia,LVA,84.0,1993.0,367.0,0.749,0.629,2.0,0.774,2.0,0.0,1.0,0.0,0.0,0.0,0.0,0.0,0.0,57.72,0.0,36.0,,,0.0,0.0
Latvia,LVA,84.0,1994.0,367.0,0.8,0.68,2.0,0.774,,,,,,,,,,,0.0,,,,0.0,0.0
Latvia,LVA,84.0,1995.0,367.0,0.799,0.67,2.0,0.744,2.0,0.0,1.0,0.0,0.0,0.0,0.0,0.0,0.0,50.64,0.0,18.0,,,0.0,0.0
Latvia,LVA,84.0,1996.0,367.0,0.788,0.674,2.0,0.751,,,,,,,,,,,0.0,,,,0.0,0.0
Latvia,LVA,84.0,1997.0,367.0,0.808,0.694,2.0,0.751,,,,,,,,,,,0.0,,,,0.0,0.0
Latvia,LVA,84.0,1998.0,367.0,0.809,0.696,2.0,0.751,2.0,0.0,1.0,0.0,0.0,0.0,0.0,0.0,0.0,51.91,0.0,24.0,,,0.0,0.0
Latvia,LVA,84.0,1999.0,367.0,0.816,0.701,2.0,0.751,,,,,,,,,,,0.0,,,,0.0,0.0
Latvia,LVA,84.0,2000.0,367.0,0.816,0.702,2.0,0.754,,,,,,,,,,,0.0,,,,0.0,0.0
Latvia,LVA,84.0,2001.0,367.0,0.816,0.702,2.0,0.754,,,,,,,,,,,0.0,,,,0.0,0.0
Latvia,LVA,84.0,2002.0,367.0,0.815,0.705,2.0,0.788,2.0,0.0,1.0,0.0,0.0,0.0,0.0,0.0,0.0,55.08,0.0,26.0,,,0.0,0.0
Latvia,LVA,84.0,2003.0,367.0,0.822,0.714,2.0,0.788,,,,,,,,,,,0.0,,,,0.0,0.0
Latvia,LVA,84.0,2004.0,367.0,0.822,0.715,2.0,0.788,,,,,,,,,,,0.0,,,,0.0,0.0
Latvia,LVA,84.0,2005.0,367.0,0.822,0.71,2.0,0.762,,,,,,,,,,,0.0,,,,0.0,0.0
Latvia,LVA,84.0,2006.0,367.0,0.814,0.703,2.0,0.762,0.0,0.0,1.0,0.0,0.0,0.0,0.0,0.0,0.0,50.18,0.0,23.0,,,0.0,0.0
Latvia,LVA,84.0,2007.0,367.0,0.793,0.685,2.0,0.773,,,,,,,,,,,0.0,,,,0.0,0.0
Latvia,LVA,84.0,2008.0,367.0,0.792,0.686,2.0,0.773,,,,,,,,,,,0.0,,,,0.0,0.0
Latvia,LVA,84.0,2009.0,367.0,0.793,0.694,3.0,0.799,,,,,,,,,,,0.0,,,,0.0,0.0
Latvia,LVA,84.0,2010.0,367.0,0.798,0.704,3.0,0.789,0.0,0.0,1.0,0.0,0.0,0.0,0.0,0.0,0.0,52.46,0.0,33.0,,,0.0,0.0
Latvia,LVA,84.0,2011.0,367.0,0.816,0.723,3.0,0.789,0.0,0.0,1.0,0.0,0.0,0.0,0.0,0.0,0.0,53.02,0.0,31.0,,,0.0,0.0
Latvia,LVA,84.0,2012.0,367.0,0.82,0.728,3.0,0.807,,,,,,,,,,,0.0,,,,0.0,0.0
Latvia,LVA,84.0,2013.0,367.0,0.83,0.743,2.0,0.811,,,,,,,,,,,0.0,,,,0.0,0.0
Latvia,LVA,84.0,2014.0,367.0,0.832,0.748,3.0,0.827,0.0,0.0,1.0,0.0,0.0,0.0,0.0,0.0,0.0,51.69,0.0,24.0,,,0.0,0.0
Latvia,LVA,84.0,2015.0,367.0,0.838,0.754,3.0,0.827,,,,,,,,,,,0.0,,,,0.0,0.0
Latvia,LVA,84.0,2016.0,367.0,0.84,0.748,2.0,0.818,,,,,,,,,,,0.0,,,,0.0,0.0
Latvia,LVA,84.0,2017.0,367.0,0.833,0.744,3.0,0.818,,,,,,,,,,,0.0,,,,0.0,0.0
Latvia,LVA,84.0,2018.0,367.0,0.832,0.745,3.0,0.818,2.0,0.0,1.0,0.0,0.0,0.0,0.0,0.0,0.0,53.55,0.0,23.0,,,0.0,0.0
Latvia,LVA,84.0,2019.0,367.0,0.826,0.741,3.0,0.818,,,,,,,,,,,0.0,,,,0.0,0.0
Latvia,LVA,84.0,2020.0,367.0,0.822,0.737,3.0,0.818,,,,,,,,,,,0.0,,,,0.0,0.0
Latvia,LVA,84.0,2021.0,367.0,0.831,0.74,3.0,0.768,,,,,,,,,,,0.0,,,,0.0,0.0
Latvia,LVA,84.0,2022.0,367.0,0.829,0.74,3.0,0.801,0.0,0.0,1.0,0.0,0.0,0.0,0.0,0.0,0.0,60.85,0.0,26.0,,,0.0,0.0
Latvia,LVA,84.0,2023.0,367.0,0.846,0.762,3.0,0.859,,,,,,,,,,,0.0,,,,0.0,1.0
Latvia,LVA,84.0,2024.0,367.0,0.834,0.759,3.0,0.863,,,,,,,,,,,0.0,,,,0.0,1.0
Latvia,LVA,84.0,2025.0,367.0,0.834,0.751,3.0,0.822,,,,,,,,,,,0.0,,,,0.0,1.0
Lesotho,LSO,85.0,1980.0,570.0,0.123,0.122,0.0,0.161,,,,,,,,,,,0.0,,,,0.0,0.0
Lesotho,LSO,85.0,1981.0,570.0,0.123,0.122,0.0,0.161,,,,,,,,,,,0.0,,,,0.0,0.0
Lesotho,LSO,85.0,1982.0,570.0,0.123,0.122,0.0,0.161,,,,,,,,,,,0.0,,,,0.0,0.0
Lesotho,LSO,85.0,1983.0,570.0,0.122,0.122,0.0,0.161,,,,,,,,,,,0.0,,,,0.0,0.0
Lesotho,LSO,85.0,1984.0,570.0,0.122,0.122,0.0,0.161,,,,,,,,,,,0.0,,,,0.0,0.0
Lesotho,LSO,85.0,1985.0,570.0,0.126,0.122,0.0,0.161,,,,,,,,,,,0.0,,,,0.0,0.0
Lesotho,LSO,85.0,1986.0,570.0,0.119,0.107,0.0,,,,,,,,,,,,0.0,,,,0.0,0.0
Lesotho,LSO,85.0,1987.0,570.0,0.127,0.119,0.0,,,,,,,,,,,,0.0,,,,1.0,0.0
Lesotho,LSO,85.0,1988.0,570.0,0.127,0.12,0.0,,,,,,,,,,,,0.0,,,,1.0,0.0
Lesotho,LSO,85.0,1989.0,570.0,0.127,0.12,0.0,,,,,,,,,,,,0.0,,,,1.0,0.0
Lesotho,LSO,85.0,1990.0,570.0,0.159,0.18,0.0,0.643,,,,,,,,,,,0.0,,,,1.0,0.0
Lesotho,LSO,85.0,1991.0,570.0,0.158,0.154,0.0,0.268,,,,,,,,,,,0.0,,,,0.0,0.0
Lesotho,LSO,85.0,1992.0,570.0,0.158,0.157,0.0,0.268,,,,,,,,,,,0.0,,,,0.0,0.0
Lesotho,LSO,85.0,1993.0,570.0,0.501,0.36,2.0,0.48,2.0,0.0,1.0,0.0,0.0,0.0,0.0,0.0,0.0,59.6,0.0,100.0,,,0.0,0.0
Lesotho,LSO,85.0,1994.0,570.0,0.469,0.333,1.0,0.483,,,,,,,,,,,0.0,,,,0.0,0.0
Lesotho,LSO,85.0,1995.0,570.0,0.314,0.256,0.0,0.484,,,,,,,,,,,0.0,,,,0.0,0.0
Lesotho,LSO,85.0,1996.0,570.0,0.314,0.258,0.0,0.484,,,,,,,,,,,0.0,,,,0.0,0.0
Lesotho,LSO,85.0,1997.0,570.0,0.314,0.258,0.0,0.484,,,,,,,,,,,0.0,,,,0.0,0.0
Lesotho,LSO,85.0,1998.0,570.0,0.371,0.288,1.0,0.482,1.0,0.0,1.0,0.0,0.0,0.0,0.0,0.0,0.0,61.71,0.0,98.75,,,0.0,0.0
Lesotho,LSO,85.0,1999.0,570.0,0.315,0.26,0.0,0.485,,,,,,,,,,,0.0,,,,0.0,0.0
Lesotho,LSO,85.0,2000.0,570.0,0.315,0.259,0.0,0.485,,,,,,,,,,,0.0,,,,0.0,0.0
Lesotho,LSO,85.0,2001.0,570.0,0.315,0.259,0.0,0.485,,,,,,,,,,,0.0,,,,0.0,0.0
Lesotho,LSO,85.0,2002.0,570.0,0.496,0.377,1.0,0.586,0.0,0.0,1.0,0.0,0.0,0.0,0.0,0.0,0.0,49.61,0.0,64.17,,,0.0,0.0
Lesotho,LSO,85.0,2003.0,570.0,0.614,0.45,2.0,0.586,,,,,,,,,,,0.0,,,,0.0,0.0
Lesotho,LSO,85.0,2004.0,570.0,0.614,0.449,2.0,0.586,,,,,,,,,,,0.0,,,,0.0,0.0
Lesotho,LSO,85.0,2005.0,570.0,0.614,0.452,2.0,0.586,,,,,,,,,,,1.0,,,,0.0,0.0
Lesotho,LSO,85.0,2006.0,570.0,0.614,0.451,2.0,0.586,,,,,,,,,,,1.0,,,,0.0,0.0
Lesotho,LSO,85.0,2007.0,570.0,0.568,0.419,2.0,0.586,0.0,0.0,1.0,0.0,0.0,0.0,0.0,0.0,0.0,38.63,1.0,51.67,,,0.0,0.0
Lesotho,LSO,85.0,2008.0,570.0,0.561,0.415,2.0,0.586,,,,,,,,,,,1.0,,,,0.0,0.0
Lesotho,LSO,85.0,2009.0,570.0,0.559,0.413,2.0,0.586,,,,,,,,,,,1.0,,,,0.0,0.0
Lesotho,LSO,85.0,2010.0,570.0,0.566,0.425,2.0,0.614,,,,,,,,,,,1.0,,,,0.0,0.0
Lesotho,LSO,85.0,2011.0,570.0,0.574,0.43,2.0,0.614,,,,,,,,,,,1.0,,,,0.0,0.0
Lesotho,LSO,85.0,2012.0,570.0,0.582,0.453,2.0,0.719,2.0,0.0,1.0,0.0,0.0,0.0,0.0,0.0,0.0,50.32,1.0,40.0,,,0.0,0.0
Lesotho,LSO,85.0,2013.0,570.0,0.619,0.477,2.0,0.697,,,,,,,,,,,1.0,,,,0.0,0.0
Lesotho,LSO,85.0,2014.0,570.0,0.621,0.48,2.0,0.697,,,,,,,,,,,1.0,,,,0.0,0.0
Lesotho,LSO,85.0,2015.0,570.0,0.597,0.445,2.0,0.656,2.0,0.0,1.0,0.0,0.0,0.0,0.0,0.0,0.0,49.77,1.0,39.17,,,0.0,0.0
Lesotho,LSO,85.0,2016.0,570.0,0.576,0.424,2.0,0.656,,,,,,,,,,,1.0,,,,0.0,0.0
Lesotho,LSO,85.0,2017.0,570.0,0.501,0.372,2.0,0.667,2.0,0.0,1.0,0.0,0.0,0.0,0.0,0.0,0.0,48.07,1.0,40.0,,,0.0,0.0
Lesotho,LSO,85.0,2018.0,570.0,0.601,0.441,2.0,0.692,,,,,,,,,,,1.0,,,,0.0,0.0
Lesotho,LSO,85.0,2019.0,570.0,0.621,0.488,2.0,0.81,,,,,,,,,,,1.0,,,,0.0,0.0
Lesotho,LSO,85.0,2020.0,570.0,0.627,0.505,2.0,0.794,,,,,,,,,,,1.0,,,,0.0,0.0
Lesotho,LSO,85.0,2021.0,570.0,0.616,0.498,2.0,0.778,,,,,,,,,,,1.0,,,,0.0,0.0
Lesotho,LSO,85.0,2022.0,570.0,0.648,0.509,2.0,0.719,2.0,0.0,1.0,0.0,0.0,0.0,0.0,0.0,0.0,38.69,1.0,46.67,,,0.0,0.0
Lesotho,LSO,85.0,2023.0,570.0,0.667,0.521,2.0,0.725,,,,,,,,,,,1.0,,,,0.0,0.0
Lesotho,LSO,85.0,2024.0,570.0,0.652,0.507,2.0,0.725,,,,,,,,,,,1.0,,,,0.0,0.0
Lesotho,LSO,85.0,2025.0,570.0,0.661,0.512,2.0,0.65,,,,,,,,,,,1.0,,,,0.0,0.0
Liberia,LBR,86.0,1980.0,450.0,0.123,0.061,0.0,0.339,,,,,,,,,,,1.0,,,,1.0,
Liberia,LBR,86.0,1981.0,450.0,0.091,0.043,0.0,,,,,,,,,,,,1.0,,,,1.0,
Liberia,LBR,86.0,1982.0,450.0,0.091,0.043,0.0,,,,,,,,,,,,1.0,,,,1.0,
Liberia,LBR,86.0,1983.0,450.0,0.091,0.043,0.0,,,,,,,,,,,,1.0,,,,1.0,
Liberia,LBR,86.0,1984.0,450.0,0.097,0.06,0.0,0.336,,,,,,,,,,,1.0,,,,1.0,
Liberia,LBR,86.0,1985.0,450.0,0.119,0.079,1.0,0.336,0.0,0.0,1.0,0.0,0.0,0.0,0.0,0.0,1.0,,1.0,79.69,50.93,26.45,1.0,
Liberia,LBR,86.0,1986.0,450.0,0.234,0.129,1.0,0.583,,,,,,,,,,,1.0,,,,1.0,
Liberia,LBR,86.0,1987.0,450.0,0.235,0.13,1.0,0.583,,,,,,,,,,,1.0,,,,1.0,
Liberia,LBR,86.0,1988.0,450.0,0.232,0.129,1.0,0.583,,,,,,,,,,,1.0,,,,1.0,
Liberia,LBR,86.0,1989.0,450.0,0.22,0.117,1.0,0.554,,,,,,,,,,,1.0,,,,1.0,
Liberia,LBR,86.0,1990.0,450.0,0.167,0.063,1.0,0.578,,,,,,,,,,,1.0,,,,1.0,
Liberia,LBR,86.0,1991.0,450.0,0.198,0.177,0.0,0.771,,,,,,,,,,,1.0,,,,1.0,
Liberia,LBR,86.0,1992.0,450.0,0.198,0.179,0.0,0.771,,,,,,,,,,,1.0,,,,1.0,
Liberia,LBR,86.0,1993.0,450.0,0.202,0.18,0.0,0.771,,,,,,,,,,,1.0,,,,1.0,
Liberia,LBR,86.0,1994.0,450.0,0.169,0.159,0.0,0.672,,,,,,,,,,,1.0,,,,1.0,
Liberia,LBR,86.0,1995.0,450.0,0.166,0.143,0.0,0.496,,,,,,,,,,,1.0,,,,1.0,
Liberia,LBR,86.0,1996.0,450.0,0.15,0.117,0.0,0.496,,,,,,,,,,,1.0,,,,1.0,
Liberia,LBR,86.0,1997.0,450.0,0.241,0.129,1.0,0.595,2.0,2.0,1.0,0.0,0.0,0.0,0.0,0.0,1.0,,1.0,76.56,75.33,9.58,1.0,
Liberia,LBR,86.0,1998.0,450.0,0.348,0.161,1.0,0.595,,,,,,,,,,,1.0,,,,1.0,
Liberia,LBR,86.0,1999.0,450.0,0.346,0.159,1.0,0.595,,,,,,,,,,,1.0,,,,1.0,
Liberia,LBR,86.0,2000.0,450.0,0.346,0.161,1.0,0.595,,,,,,,,,,,1.0,,,,1.0,
Liberia,LBR,86.0,2001.0,450.0,0.343,0.16,1.0,0.595,,,,,,,,,,,1.0,,,,1.0,
Liberia,LBR,86.0,2002.0,450.0,0.343,0.158,1.0,0.595,,,,,,,,,,,1.0,,,,1.0,
Liberia,LBR,86.0,2003.0,450.0,0.303,0.149,1.0,0.595,,,,,,,,,,,1.0,,,,1.0,
Liberia,LBR,86.0,2004.0,450.0,0.239,0.244,0.0,0.85,,,,,,,,,,,1.0,,,,1.0,
Liberia,LBR,86.0,2005.0,450.0,0.276,0.267,1.0,0.846,2.0,2.0,1.0,0.0,0.0,0.0,0.0,0.0,1.0,70.6,1.0,23.44,19.75,28.27,1.0,
Liberia,LBR,86.0,2006.0,450.0,0.643,0.498,2.0,0.82,,,,,,,,,,,1.0,,,,1.0,
Liberia,LBR,86.0,2007.0,450.0,0.655,0.506,2.0,0.82,,,,,,,,,,,1.0,,,,1.0,
Liberia,LBR,86.0,2008.0,450.0,0.655,0.506,2.0,0.82,,,,,,,,,,,1.0,,,,1.0,
Liberia,LBR,86.0,2009.0,450.0,0.657,0.507,2.0,0.82,,,,,,,,,,,1.0,,,,1.0,
Liberia,LBR,86.0,2010.0,450.0,0.649,0.489,2.0,0.82,,,,,,,,,,,1.0,,,,1.0,
Liberia,LBR,86.0,2011.0,450.0,0.646,0.487,2.0,0.82,0.0,0.0,1.0,0.0,0.0,0.0,0.0,0.0,1.0,67.39,1.0,32.88,43.93,32.68,1.0,
Liberia,LBR,86.0,2012.0,450.0,0.64,0.482,2.0,0.82,,,,,,,,,,,1.0,,,,1.0,
Liberia,LBR,86.0,2013.0,450.0,0.618,0.456,2.0,0.799,,,,,,,,,,,1.0,,,,1.0,
Liberia,LBR,86.0,2014.0,450.0,0.611,0.45,2.0,0.799,,,,,,,,,,,1.0,,,,1.0,
Liberia,LBR,86.0,2015.0,450.0,0.611,0.451,2.0,0.799,,,,,,,,,,,1.0,,,,1.0,
Liberia,LBR,86.0,2016.0,450.0,0.615,0.452,2.0,0.799,,,,,,,,,,,1.0,,,,1.0,
Liberia,LBR,86.0,2017.0,450.0,0.62,0.459,2.0,0.692,2.0,2.0,1.0,0.0,0.0,0.0,0.0,0.0,1.0,70.79,1.0,28.77,38.4,28.8,1.0,
Liberia,LBR,86.0,2018.0,450.0,0.621,0.425,2.0,0.536,,,,,,,,,,,1.0,,,,1.0,
Liberia,LBR,86.0,2019.0,450.0,0.623,0.412,2.0,0.536,,,,,,,,,,,1.0,,,,1.0,
Liberia,LBR,86.0,2020.0,450.0,0.633,0.419,2.0,0.499,,,,,,,,,,,1.0,,,,1.0,
Liberia,LBR,86.0,2021.0,450.0,0.616,0.408,2.0,0.499,,,,,,,,,,,1.0,,,,1.0,
Liberia,LBR,86.0,2022.0,450.0,0.618,0.409,2.0,0.499,,,,,,,,,,,1.0,,,,1.0,
Liberia,LBR,86.0,2023.0,450.0,0.624,0.421,2.0,0.533,2.0,2.0,1.0,0.0,0.0,0.0,0.0,0.0,1.0,68.2,1.0,34.25,43.44,43.83,1.0,
Liberia,LBR,86.0,2024.0,450.0,0.61,0.398,2.0,0.461,,,,,,,,,,,1.0,,,,1.0,
Liberia,LBR,86.0,2025.0,450.0,0.597,0.417,2.0,0.584,,,,,,,,,,,1.0,,,,1.0,
Malawi,MWI,87.0,1980.0,553.0,0.168,0.077,1.0,0.073,,,,,,,,,,,0.0,,,,1.0,
Malawi,MWI,87.0,1981.0,553.0,0.168,0.077,1.0,0.073,,,,,,,,,,,0.0,,,,1.0,
Malawi,MWI,87.0,1982.0,553.0,0.168,0.077,1.0,0.073,,,,,,,,,,,0.0,,,,1.0,
Malawi,MWI,87.0,1983.0,553.0,0.168,0.077,1.0,0.073,0.0,0.0,1.0,0.0,0.0,0.0,0.0,0.0,0.0,,0.0,100.0,,,1.0,
Malawi,MWI,87.0,1984.0,553.0,0.167,0.077,1.0,0.073,,,,,,,,,,,0.0,,,,1.0,
Malawi,MWI,87.0,1985.0,553.0,0.167,0.077,1.0,0.073,,,,,,,,,,,0.0,,,,1.0,
Malawi,MWI,87.0,1986.0,553.0,0.167,0.077,1.0,0.073,,,,,,,,,,,0.0,,,,1.0,
Malawi,MWI,87.0,1987.0,553.0,0.167,0.077,1.0,0.073,0.0,0.0,1.0,0.0,0.0,0.0,0.0,0.0,0.0,,0.0,100.0,,,1.0,
Malawi,MWI,87.0,1988.0,553.0,0.167,0.077,1.0,0.073,,,,,,,,,,,0.0,,,,1.0,
Malawi,MWI,87.0,1989.0,553.0,0.167,0.077,1.0,0.073,,,,,,,,,,,0.0,,,,1.0,
Malawi,MWI,87.0,1990.0,553.0,0.167,0.077,1.0,0.073,,,,,,,,,,,0.0,,,,1.0,
Malawi,MWI,87.0,1991.0,553.0,0.167,0.078,1.0,0.073,,,,,,,,,,,0.0,,,,1.0,
Malawi,MWI,87.0,1992.0,553.0,0.188,0.084,1.0,0.109,0.0,0.0,1.0,0.0,0.0,0.0,0.0,0.0,0.0,,0.0,100.0,,,1.0,
Malawi,MWI,87.0,1993.0,553.0,0.252,0.11,1.0,0.109,,,,,,,,,,,0.0,,,,1.0,
Malawi,MWI,87.0,1994.0,553.0,0.463,0.299,1.0,0.746,2.0,2.0,1.0,0.0,0.0,0.0,0.0,0.0,1.0,68.38,0.0,48.02,47.2,33.5,1.0,
Malawi,MWI,87.0,1995.0,553.0,0.566,0.432,2.0,0.827,,,,,,,,,,,0.0,,,,1.0,
Malawi,MWI,87.0,1996.0,553.0,0.567,0.439,2.0,0.827,,,,,,,,,,,0.0,,,,1.0,
Malawi,MWI,87.0,1997.0,553.0,0.567,0.439,2.0,0.827,,,,,,,,,,,0.0,,,,1.0,
Malawi,MWI,87.0,1998.0,553.0,0.567,0.439,2.0,0.827,,,,,,,,,,,0.0,,,,1.0,
Malawi,MWI,87.0,1999.0,553.0,0.512,0.401,2.0,0.827,0.0,0.0,1.0,0.0,0.0,0.0,0.0,0.0,1.0,93.96,0.0,48.19,52.38,45.17,1.0,
Malawi,MWI,87.0,2000.0,553.0,0.478,0.379,1.0,0.827,,,,,,,,,,,0.0,,,,1.0,
Malawi,MWI,87.0,2001.0,553.0,0.478,0.386,1.0,0.827,,,,,,,,,,,0.0,,,,1.0,
Malawi,MWI,87.0,2002.0,553.0,0.478,0.387,1.0,0.827,,,,,,,,,,,0.0,,,,1.0,
Malawi,MWI,87.0,2003.0,553.0,0.478,0.387,1.0,0.827,,,,,,,,,,,0.0,,,,1.0,
Malawi,MWI,87.0,2004.0,553.0,0.459,0.377,1.0,0.827,1.0,1.0,1.0,0.0,0.0,0.0,0.0,0.0,1.0,58.46,0.0,29.53,35.97,28.22,1.0,
Malawi,MWI,87.0,2005.0,553.0,0.443,0.367,1.0,0.827,,,,,,,,,,,0.0,,,,1.0,
Malawi,MWI,87.0,2006.0,553.0,0.439,0.364,1.0,0.827,,,,,,,,,,,0.0,,,,1.0,
Malawi,MWI,87.0,2007.0,553.0,0.442,0.365,1.0,0.827,,,,,,,,,,,0.0,,,,1.0,
Malawi,MWI,87.0,2008.0,553.0,0.443,0.367,1.0,0.822,,,,,,,,,,,0.0,,,,1.0,
Malawi,MWI,87.0,2009.0,553.0,0.5,0.4,1.0,0.797,0.0,0.0,1.0,0.0,0.0,0.0,0.0,0.0,1.0,73.93,0.0,58.55,66.17,30.49,1.0,
Malawi,MWI,87.0,2010.0,553.0,0.514,0.406,2.0,0.768,,,,,,,,,,,0.0,,,,1.0,
Malawi,MWI,87.0,2011.0,553.0,0.521,0.41,2.0,0.768,,,,,,,,,,,0.0,,,,1.0,
Malawi,MWI,87.0,2012.0,553.0,0.536,0.424,2.0,0.798,,,,,,,,,,,0.0,,,,1.0,
Malawi,MWI,87.0,2013.0,553.0,0.56,0.439,2.0,0.782,,,,,,,,,,,0.0,,,,1.0,
Malawi,MWI,87.0,2014.0,553.0,0.547,0.437,2.0,0.837,2.0,2.0,1.0,0.0,0.0,0.0,0.0,0.0,1.0,64.66,0.0,26.94,36.4,27.8,1.0,
Malawi,MWI,87.0,2015.0,553.0,0.54,0.444,2.0,0.844,,,,,,,,,,,0.0,,,,1.0,
Malawi,MWI,87.0,2016.0,553.0,0.538,0.442,2.0,0.885,,,,,,,,,,,0.0,,,,1.0,
Malawi,MWI,87.0,2017.0,553.0,0.546,0.457,2.0,0.915,,,,,,,,,,,0.0,,,,1.0,
Malawi,MWI,87.0,2018.0,553.0,0.528,0.442,2.0,0.919,,,,,,,,,,,0.0,,,,1.0,
Malawi,MWI,87.0,2019.0,553.0,0.48,0.413,1.0,0.921,0.0,0.0,1.0,0.0,0.0,0.0,0.0,0.0,1.0,52.83,0.0,32.12,38.57,35.41,1.0,
Malawi,MWI,87.0,2020.0,553.0,0.534,0.462,2.0,0.88,2.0,2.0,0.0,0.0,0.0,0.0,0.0,0.0,1.0,44.32,0.0,,59.34,39.92,1.0,
Malawi,MWI,87.0,2021.0,553.0,0.603,0.522,2.0,0.909,,,,,,,,,,,0.0,,,,1.0,
Malawi,MWI,87.0,2022.0,553.0,0.611,0.512,2.0,0.912,,,,,,,,,,,0.0,,,,1.0,
Malawi,MWI,87.0,2023.0,553.0,0.571,0.479,2.0,0.874,,,,,,,,,,,0.0,,,,1.0,
Malawi,MWI,87.0,2024.0,553.0,0.563,0.472,2.0,0.922,,,,,,,,,,,0.0,,,,1.0,
Malawi,MWI,87.0,2025.0,553.0,0.557,0.462,2.0,0.922,2.0,2.0,1.0,0.0,0.0,0.0,0.0,0.0,1.0,,0.0,34.06,56.76,33.01,1.0,
Maldives,MDV,88.0,1980.0,781.0,0.155,0.059,0.0,0.051,,,,,,,,,,,0.0,,,,1.0,
Maldives,MDV,88.0,1981.0,781.0,0.155,0.059,0.0,0.051,,,,,,,,,,,0.0,,,,1.0,
Maldives,MDV,88.0,1982.0,781.0,0.155,0.059,0.0,0.051,,,,,,,,,,,0.0,,,,1.0,
Maldives,MDV,88.0,1983.0,781.0,0.155,0.059,0.0,0.051,0.0,2.0,0.0,0.0,0.0,0.0,0.0,0.0,1.0,,0.0,,95.6,0.0,1.0,
Maldives,MDV,88.0,1984.0,781.0,0.154,0.059,0.0,0.051,0.0,0.0,1.0,0.0,0.0,0.0,0.0,0.0,0.0,,0.0,,,,1.0,
Maldives,MDV,88.0,1985.0,781.0,0.157,0.059,0.0,0.051,,,,,,,,,,,0.0,,,,1.0,
Maldives,MDV,88.0,1986.0,781.0,0.157,0.057,0.0,0.051,,,,,,,,,,,0.0,,,,1.0,
Maldives,MDV,88.0,1987.0,781.0,0.157,0.057,0.0,0.051,,,,,,,,,,,0.0,,,,1.0,
Maldives,MDV,88.0,1988.0,781.0,0.156,0.057,0.0,0.051,0.0,0.0,0.0,0.0,0.0,0.0,0.0,0.0,1.0,,0.0,,96.4,0.0,1.0,
Maldives,MDV,88.0,1989.0,781.0,0.157,0.057,0.0,0.051,0.0,0.0,1.0,0.0,0.0,0.0,0.0,0.0,0.0,70.49,0.0,,,,1.0,
Maldives,MDV,88.0,1990.0,781.0,0.167,0.059,0.0,0.051,,,,,,,,,,,0.0,,,,1.0,
Maldives,MDV,88.0,1991.0,781.0,0.16,0.058,0.0,0.051,,,,,,,,,,,0.0,,,,1.0,
Maldives,MDV,88.0,1992.0,781.0,0.16,0.058,0.0,0.051,,,,,,,,,,,0.0,,,,1.0,
Maldives,MDV,88.0,1993.0,781.0,0.16,0.058,0.0,0.051,0.0,0.0,0.0,0.0,0.0,0.0,0.0,0.0,1.0,,0.0,,92.8,0.0,1.0,
Maldives,MDV,88.0,1994.0,781.0,0.158,0.057,0.0,0.051,0.0,0.0,1.0,0.0,0.0,0.0,0.0,0.0,0.0,81.53,0.0,,,,1.0,
Maldives,MDV,88.0,1995.0,781.0,0.16,0.058,0.0,0.051,,,,,,,,,,,0.0,,,,1.0,
Maldives,MDV,88.0,1996.0,781.0,0.16,0.058,0.0,0.051,,,,,,,,,,,0.0,,,,1.0,
Maldives,MDV,88.0,1997.0,781.0,0.16,0.058,0.0,0.051,,,,,,,,,,,0.0,,,,1.0,
Maldives,MDV,88.0,1998.0,781.0,0.161,0.058,0.0,0.051,0.0,0.0,0.0,0.0,0.0,0.0,0.0,0.0,1.0,74.22,0.0,,90.9,0.0,1.0,
Maldives,MDV,88.0,1999.0,781.0,0.158,0.057,0.0,0.051,0.0,0.0,1.0,0.0,0.0,0.0,0.0,0.0,0.0,,0.0,,,,1.0,
Maldives,MDV,88.0,2000.0,781.0,0.161,0.057,0.0,0.051,,,,,,,,,,,0.0,,,,1.0,
Maldives,MDV,88.0,2001.0,781.0,0.162,0.058,0.0,0.051,,,,,,,,,,,0.0,,,,1.0,
Maldives,MDV,88.0,2002.0,781.0,0.163,0.055,0.0,0.051,,,,,,,,,,,0.0,,,,1.0,
Maldives,MDV,88.0,2003.0,781.0,0.171,0.057,0.0,0.051,0.0,0.0,0.0,0.0,0.0,0.0,0.0,0.0,1.0,77.0,0.0,,90.3,0.0,1.0,
Maldives,MDV,88.0,2004.0,781.0,0.175,0.061,0.0,0.087,,,,,,,,,,,0.0,,,,1.0,
Maldives,MDV,88.0,2005.0,781.0,0.283,0.117,0.0,0.29,0.0,0.0,1.0,0.0,0.0,0.0,0.0,0.0,0.0,55.38,0.0,,,,1.0,
Maldives,MDV,88.0,2006.0,781.0,0.303,0.126,0.0,0.342,,,,,,,,,,,0.0,,,,1.0,
Maldives,MDV,88.0,2007.0,781.0,0.308,0.128,0.0,0.342,,,,,,,,,,,0.0,,,,1.0,
Maldives,MDV,88.0,2008.0,781.0,0.459,0.246,1.0,0.595,2.0,2.0,0.0,0.0,0.0,0.0,0.0,0.0,1.0,70.12,0.0,,40.3,24.9,1.0,
Maldives,MDV,88.0,2009.0,781.0,0.609,0.404,2.0,0.774,0.0,0.0,1.0,0.0,0.0,0.0,0.0,0.0,0.0,59.11,0.0,36.36,,,1.0,
Maldives,MDV,88.0,2010.0,781.0,0.599,0.395,2.0,0.779,,,,,,,,,,,0.0,,,,1.0,
Maldives,MDV,88.0,2011.0,781.0,0.6,0.392,2.0,0.779,,,,,,,,,,,1.0,,,,1.0,
Maldives,MDV,88.0,2012.0,781.0,0.543,0.333,2.0,0.779,,,,,,,,,,,1.0,,,,1.0,
Maldives,MDV,88.0,2013.0,781.0,0.453,0.238,1.0,0.582,2.0,2.0,0.0,0.0,0.0,0.0,0.0,0.0,1.0,91.44,1.0,,46.93,29.72,1.0,
Maldives,MDV,88.0,2014.0,781.0,0.407,0.209,1.0,0.518,0.0,0.0,1.0,0.0,0.0,0.0,0.0,0.0,0.0,75.68,1.0,38.82,,,1.0,
Maldives,MDV,88.0,2015.0,781.0,0.38,0.187,1.0,0.473,,,,,,,,,,,1.0,,,,1.0,
Maldives,MDV,88.0,2016.0,781.0,0.365,0.182,1.0,0.433,,,,,,,,,,,1.0,,,,1.0,
Maldives,MDV,88.0,2017.0,781.0,0.353,0.178,1.0,0.458,,,,,,,,,,,1.0,,,,1.0,
Maldives,MDV,88.0,2018.0,781.0,0.391,0.196,1.0,0.528,2.0,2.0,0.0,0.0,0.0,0.0,0.0,0.0,1.0,80.61,1.0,,58.82,41.18,1.0,
Maldives,MDV,88.0,2019.0,781.0,0.57,0.41,2.0,0.715,0.0,0.0,1.0,0.0,0.0,0.0,0.0,0.0,0.0,68.01,1.0,74.71,,,1.0,
Maldives,MDV,88.0,2020.0,781.0,0.581,0.429,2.0,0.704,,,,,,,,,,,1.0,,,,1.0,
Maldives,MDV,88.0,2021.0,781.0,0.582,0.424,2.0,0.683,,,,,,,,,,,1.0,,,,1.0,
Maldives,MDV,88.0,2022.0,781.0,0.586,0.436,2.0,0.683,,,,,,,,,,,1.0,,,,1.0,
Maldives,MDV,88.0,2023.0,781.0,0.596,0.453,2.0,0.716,2.0,2.0,0.0,0.0,0.0,0.0,0.0,0.0,1.0,86.15,1.0,,46.06,39.05,1.0,
Maldives,MDV,88.0,2024.0,781.0,0.577,0.435,2.0,0.691,0.0,0.0,1.0,0.0,0.0,0.0,0.0,0.0,0.0,73.69,1.0,71.0,,,1.0,
Maldives,MDV,88.0,2025.0,781.0,0.556,0.416,2.0,0.721,,,,,,,,,,,1.0,,,,1.0,
Mongolia,MNG,89.0,1980.0,712.0,0.178,0.058,0.0,0.184,,,,,,,,,,,1.0,,,,0.5,0.0
Mongolia,MNG,89.0,1981.0,712.0,0.179,0.058,0.0,0.184,0.0,0.0,1.0,0.0,0.0,0.0,0.0,0.0,0.0,,1.0,92.97,,,0.5,0.0
Mongolia,MNG,89.0,1982.0,712.0,0.18,0.059,0.0,0.184,,,,,,,,,,,1.0,,,,0.5,0.0
Mongolia,MNG,89.0,1983.0,712.0,0.18,0.059,0.0,0.184,,,,,,,,,,,1.0,,,,0.5,0.0
Mongolia,MNG,89.0,1984.0,712.0,0.18,0.059,0.0,0.184,,,,,,,,,,,1.0,,,,1.0,0.0
Mongolia,MNG,89.0,1985.0,712.0,0.18,0.059,0.0,0.184,,,,,,,,,,,1.0,,,,1.0,0.0
Mongolia,MNG,89.0,1986.0,712.0,0.18,0.059,0.0,0.184,0.0,0.0,1.0,0.0,0.0,0.0,0.0,0.0,0.0,,1.0,93.51,,,1.0,0.0
Mongolia,MNG,89.0,1987.0,712.0,0.18,0.059,0.0,0.184,,,,,,,,,,,1.0,,,,1.0,0.0
Mongolia,MNG,89.0,1988.0,712.0,0.18,0.059,0.0,0.184,,,,,,,,,,,1.0,,,,1.0,0.0
Mongolia,MNG,89.0,1989.0,712.0,0.184,0.059,0.0,0.184,,,,,,,,,,,1.0,,,,1.0,0.0
Mongolia,MNG,89.0,1990.0,712.0,0.372,0.235,1.0,0.497,1.0,0.0,1.0,1.0,0.0,0.0,0.0,0.0,0.0,87.23,1.0,83.26,,,0.0,0.0
Mongolia,MNG,89.0,1991.0,712.0,0.555,0.395,2.0,0.885,,,,,,,,,,,1.0,,,,0.0,0.0
Mongolia,MNG,89.0,1992.0,712.0,0.667,0.533,2.0,0.886,1.0,0.0,1.0,0.0,0.0,0.0,0.0,0.0,0.0,86.11,1.0,92.11,,,0.0,0.0
Mongolia,MNG,89.0,1993.0,712.0,0.698,0.569,2.0,0.873,0.0,2.0,0.0,0.0,0.0,0.0,0.0,0.0,1.0,96.3,1.0,,59.9,40.1,0.0,0.0
Mongolia,MNG,89.0,1994.0,712.0,0.698,0.581,2.0,0.873,,,,,,,,,,,1.0,,,,0.0,0.0
Mongolia,MNG,89.0,1995.0,712.0,0.698,0.581,2.0,0.873,,,,,,,,,,,1.0,,,,0.0,0.0
Mongolia,MNG,89.0,1996.0,712.0,0.7,0.591,2.0,0.891,2.0,0.0,1.0,0.0,0.0,0.0,0.0,0.0,0.0,73.64,1.0,65.79,,,0.0,0.0
Mongolia,MNG,89.0,1997.0,712.0,0.707,0.598,2.0,0.891,0.0,2.0,0.0,0.0,0.0,0.0,0.0,0.0,1.0,100.0,1.0,,62.5,30.6,0.0,0.0
Mongolia,MNG,89.0,1998.0,712.0,0.707,0.6,2.0,0.912,,,,,,,,,,,1.0,,,,0.0,0.0
Mongolia,MNG,89.0,1999.0,712.0,0.707,0.603,2.0,0.912,,,,,,,,,,,1.0,,,,0.0,0.0
Mongolia,MNG,89.0,2000.0,712.0,0.674,0.552,2.0,0.809,2.0,0.0,1.0,0.0,0.0,0.0,0.0,0.0,0.0,70.96,1.0,94.74,,,0.0,0.0
Mongolia,MNG,89.0,2001.0,712.0,0.663,0.541,2.0,0.809,0.0,0.0,0.0,0.0,0.0,0.0,0.0,0.0,1.0,100.0,1.0,,59.2,37.2,0.0,0.0
Mongolia,MNG,89.0,2002.0,712.0,0.671,0.551,2.0,0.834,,,,,,,,,,,1.0,,,,0.0,0.0
Mongolia,MNG,89.0,2003.0,712.0,0.672,0.556,2.0,0.834,,,,,,,,,,,1.0,,,,0.0,0.0
Mongolia,MNG,89.0,2004.0,712.0,0.67,0.555,2.0,0.836,2.0,0.0,1.0,0.0,0.0,0.0,0.0,0.0,0.0,64.91,1.0,47.37,,,0.0,0.0
Mongolia,MNG,89.0,2005.0,712.0,0.673,0.557,2.0,0.836,0.0,1.0,0.0,0.0,0.0,0.0,0.0,0.0,1.0,53.68,1.0,,54.2,20.2,0.0,0.0
Mongolia,MNG,89.0,2006.0,712.0,0.685,0.566,2.0,0.836,,,,,,,,,,,1.0,,,,0.0,0.0
Mongolia,MNG,89.0,2007.0,712.0,0.685,0.566,2.0,0.836,,,,,,,,,,,1.0,,,,0.0,0.0
Mongolia,MNG,89.0,2008.0,712.0,0.653,0.539,2.0,0.817,0.0,0.0,1.0,0.0,0.0,0.0,0.0,0.0,0.0,60.47,1.0,59.21,,,0.0,0.0
Mongolia,MNG,89.0,2009.0,712.0,0.662,0.546,2.0,0.817,0.0,2.0,0.0,0.0,0.0,0.0,0.0,0.0,1.0,54.98,1.0,,51.85,48.0,0.0,0.0
Mongolia,MNG,89.0,2010.0,712.0,0.679,0.565,2.0,0.841,,,,,,,,,,,1.0,,,,0.0,0.0
Mongolia,MNG,89.0,2011.0,712.0,0.676,0.563,2.0,0.841,,,,,,,,,,,1.0,,,,0.0,0.0
Mongolia,MNG,89.0,2012.0,712.0,0.683,0.566,2.0,0.843,2.0,0.0,1.0,0.0,0.0,0.0,0.0,0.0,0.0,56.24,1.0,40.79,,,0.0,0.0
Mongolia,MNG,89.0,2013.0,712.0,0.684,0.557,2.0,0.797,0.0,2.0,0.0,0.0,0.0,0.0,0.0,0.0,1.0,56.24,1.0,,50.89,45.52,0.0,0.0
Mongolia,MNG,89.0,2014.0,712.0,0.686,0.556,2.0,0.797,,,,,,,,,,,1.0,,,,0.0,0.0
Mongolia,MNG,89.0,2015.0,712.0,0.681,0.556,2.0,0.805,,,,,,,,,,,1.0,,,,0.0,0.0
Mongolia,MNG,89.0,2016.0,712.0,0.671,0.548,2.0,0.795,2.0,0.0,1.0,0.0,0.0,0.0,0.0,0.0,0.0,67.86,1.0,85.53,,,0.0,0.0
Mongolia,MNG,89.0,2017.0,712.0,0.661,0.544,2.0,0.785,0.0,1.0,0.0,0.0,0.0,0.0,0.0,0.0,1.0,64.61,1.0,,38.64,30.75,0.0,0.0
Mongolia,MNG,89.0,2018.0,712.0,0.653,0.536,2.0,0.773,,,,,,,,,,,1.0,,,,0.0,0.0
Mongolia,MNG,89.0,2019.0,712.0,0.653,0.54,2.0,0.839,,,,,,,,,,,1.0,,,,0.0,0.0
Mongolia,MNG,89.0,2020.0,712.0,0.629,0.523,2.0,0.858,0.0,0.0,1.0,0.0,0.0,0.0,0.0,0.0,0.0,67.71,1.0,81.58,,,0.0,0.0
Mongolia,MNG,89.0,2021.0,712.0,0.609,0.495,2.0,0.791,0.0,1.0,0.0,0.0,0.0,0.0,0.0,0.0,1.0,54.92,1.0,,72.02,21.6,0.0,0.0
Mongolia,MNG,89.0,2022.0,712.0,0.573,0.462,2.0,0.741,,,,,,,,,,,1.0,,,,0.0,0.0
Mongolia,MNG,89.0,2023.0,712.0,0.534,0.412,2.0,0.741,,,,,,,,,,,1.0,,,,0.0,0.0
Mongolia,MNG,89.0,2024.0,712.0,0.498,0.385,1.0,0.69,0.0,0.0,1.0,0.0,0.0,0.0,0.0,0.0,0.0,64.08,1.0,54.0,,,0.0,0.0
Mongolia,MNG,89.0,2025.0,712.0,0.535,0.424,2.0,0.838,,,,,,,,,,,1.0,,,,0.0,0.0
Morocco,MAR,90.0,1980.0,600.0,0.159,0.149,0.0,0.507,,,,,,,,,,,0.0,,,,1.0,0.0
Morocco,MAR,90.0,1981.0,600.0,0.159,0.149,0.0,0.507,,,,,,,,,,,0.0,,,,1.0,0.0
Morocco,MAR,90.0,1982.0,600.0,0.159,0.149,0.0,0.507,,,,,,,,,,,0.0,,,,1.0,0.0
Morocco,MAR,90.0,1983.0,600.0,0.159,0.149,0.0,0.507,,,,,,,,,,,0.0,,,,1.0,0.0
Morocco,MAR,90.0,1984.0,600.0,0.16,0.15,0.0,0.507,0.0,0.0,1.0,0.0,0.0,0.0,0.0,0.0,0.0,47.57,0.0,27.45,,,1.0,0.0
Morocco,MAR,90.0,1985.0,600.0,0.16,0.15,0.0,0.507,,,,,,,,,,,0.0,,,,1.0,0.0
Morocco,MAR,90.0,1986.0,600.0,0.16,0.15,0.0,0.507,,,,,,,,,,,0.0,,,,1.0,0.0
Morocco,MAR,90.0,1987.0,600.0,0.164,0.151,0.0,0.507,,,,,,,,,,,0.0,,,,1.0,0.0
Morocco,MAR,90.0,1988.0,600.0,0.164,0.151,0.0,0.507,,,,,,,,,,,0.0,,,,1.0,0.0
Morocco,MAR,90.0,1989.0,600.0,0.164,0.151,0.0,0.507,,,,,,,,,,,0.0,,,,1.0,0.0
Morocco,MAR,90.0,1990.0,600.0,0.17,0.169,0.0,0.683,,,,,,,,,,,0.0,,,,1.0,0.0
Morocco,MAR,90.0,1991.0,600.0,0.172,0.177,0.0,0.734,,,,,,,,,,,0.0,,,,1.0,0.0
Morocco,MAR,90.0,1992.0,600.0,0.185,0.178,0.0,0.686,,,,,,,,,,,0.0,,,,1.0,0.0
Morocco,MAR,90.0,1993.0,600.0,0.19,0.184,0.0,0.686,0.0,0.0,1.0,0.0,0.0,0.0,0.0,0.0,0.0,51.77,0.0,21.62,,,1.0,0.0
Morocco,MAR,90.0,1994.0,600.0,0.192,0.187,0.0,0.686,,,,,,,,,,,0.0,,,,1.0,0.0
Morocco,MAR,90.0,1995.0,600.0,0.192,0.187,0.0,0.686,,,,,,,,,,,0.0,,,,1.0,0.0
Morocco,MAR,90.0,1996.0,600.0,0.192,0.196,0.0,0.781,,,,,,,,,,,0.0,,,,1.0,0.0
Morocco,MAR,90.0,1997.0,600.0,0.201,0.193,0.0,0.732,2.0,0.0,1.0,0.0,0.0,0.0,0.0,0.0,0.0,50.21,1.0,17.54,,,1.0,0.0
Morocco,MAR,90.0,1998.0,600.0,0.212,0.198,0.0,0.732,,,,,,,,,,,1.0,,,,1.0,0.0
Morocco,MAR,90.0,1999.0,600.0,0.213,0.198,0.0,0.732,,,,,,,,,,,1.0,,,,1.0,0.0
Morocco,MAR,90.0,2000.0,600.0,0.237,0.213,0.0,0.732,,,,,,,,,,,1.0,,,,1.0,0.0
Morocco,MAR,90.0,2001.0,600.0,0.239,0.22,0.0,0.777,,,,,,,,,,,1.0,,,,1.0,0.0
Morocco,MAR,90.0,2002.0,600.0,0.243,0.221,0.0,0.777,2.0,0.0,1.0,0.0,0.0,0.0,0.0,0.0,0.0,39.98,1.0,15.38,,,1.0,0.0
Morocco,MAR,90.0,2003.0,600.0,0.253,0.221,0.0,0.724,,,,,,,,,,,1.0,,,,1.0,0.0
Morocco,MAR,90.0,2004.0,600.0,0.253,0.221,0.0,0.724,,,,,,,,,,,1.0,,,,1.0,0.0
Morocco,MAR,90.0,2005.0,600.0,0.258,0.227,0.0,0.724,,,,,,,,,,,1.0,,,,1.0,0.0
Morocco,MAR,90.0,2006.0,600.0,0.255,0.226,0.0,0.724,,,,,,,,,,,1.0,,,,1.0,0.0
Morocco,MAR,90.0,2007.0,600.0,0.258,0.227,0.0,0.724,2.0,0.0,1.0,0.0,0.0,0.0,0.0,0.0,0.0,27.83,1.0,16.0,,,1.0,0.0
Morocco,MAR,90.0,2008.0,600.0,0.252,0.224,0.0,0.739,,,,,,,,,,,1.0,,,,1.0,0.0
Morocco,MAR,90.0,2009.0,600.0,0.254,0.223,0.0,0.725,,,,,,,,,,,1.0,,,,1.0,0.0
Morocco,MAR,90.0,2010.0,600.0,0.256,0.231,0.0,0.772,,,,,,,,,,,1.0,,,,1.0,0.0
Morocco,MAR,90.0,2011.0,600.0,0.262,0.234,0.0,0.754,2.0,0.0,1.0,0.0,0.0,0.0,0.0,0.0,0.0,28.65,1.0,27.09,,,1.0,0.0
Morocco,MAR,90.0,2012.0,600.0,0.265,0.235,0.0,0.754,,,,,,,,,,,1.0,,,,1.0,0.0
Morocco,MAR,90.0,2013.0,600.0,0.269,0.23,0.0,0.738,,,,,,,,,,,1.0,,,,1.0,0.0
Morocco,MAR,90.0,2014.0,600.0,0.27,0.23,0.0,0.738,,,,,,,,,,,1.0,,,,1.0,0.0
Morocco,MAR,90.0,2015.0,600.0,0.264,0.23,0.0,0.738,,,,,,,,,,,1.0,,,,1.0,0.0
Morocco,MAR,90.0,2016.0,600.0,0.266,0.231,0.0,0.748,0.0,0.0,1.0,0.0,0.0,0.0,0.0,0.0,0.0,29.2,1.0,31.65,,,1.0,0.0
Morocco,MAR,90.0,2017.0,600.0,0.259,0.241,0.0,0.748,,,,,,,,,,,1.0,,,,1.0,0.0
Morocco,MAR,90.0,2018.0,600.0,0.262,0.243,0.0,0.748,,,,,,,,,,,1.0,,,,1.0,0.0
Morocco,MAR,90.0,2019.0,600.0,0.257,0.244,0.0,0.748,,,,,,,,,,,1.0,,,,1.0,0.0
Morocco,MAR,90.0,2020.0,600.0,0.257,0.238,0.0,0.711,,,,,,,,,,,1.0,,,,1.0,0.0
Morocco,MAR,90.0,2021.0,600.0,0.261,0.24,0.0,0.711,0.0,0.0,1.0,0.0,0.0,0.0,0.0,0.0,0.0,35.94,1.0,25.82,,,1.0,0.0
Morocco,MAR,90.0,2022.0,600.0,0.262,0.252,0.0,0.711,,,,,,,,,,,1.0,,,,1.0,0.0
Morocco,MAR,90.0,2023.0,600.0,0.262,0.252,0.0,0.711,,,,,,,,,,,1.0,,,,1.0,0.0
Morocco,MAR,90.0,2024.0,600.0,0.261,0.252,0.0,0.711,,,,,,,,,,,1.0,,,,1.0,0.0
Morocco,MAR,90.0,2025.0,600.0,0.259,0.251,0.0,0.711,,,,,,,,,,,1.0,,,,1.0,0.0
Netherlands,NLD,91.0,1980.0,210.0,0.86,0.811,3.0,0.959,,,,,,,,,,,1.0,,,,0.0,0.0
Netherlands,NLD,91.0,1981.0,210.0,0.862,0.811,3.0,0.959,0.0,0.0,1.0,0.0,0.0,0.0,0.0,0.0,0.0,85.19,1.0,32.0,,,0.0,0.0
Netherlands,NLD,91.0,1982.0,210.0,0.862,0.814,3.0,0.968,1.0,0.0,1.0,0.0,0.0,0.0,0.0,0.0,0.0,80.3,1.0,31.33,,,0.0,0.0
Netherlands,NLD,91.0,1983.0,210.0,0.861,0.813,3.0,0.968,,,,,,,,,,,1.0,,,,0.0,0.0
Netherlands,NLD,91.0,1984.0,210.0,0.861,0.813,3.0,0.968,,,,,,,,,,,1.0,,,,0.0,0.0
Netherlands,NLD,91.0,1985.0,210.0,0.861,0.813,3.0,0.968,,,,,,,,,,,1.0,,,,0.0,0.0
Netherlands,NLD,91.0,1986.0,210.0,0.86,0.813,3.0,0.968,0.0,0.0,1.0,0.0,0.0,0.0,0.0,0.0,0.0,84.22,1.0,36.0,,,0.0,0.0
Netherlands,NLD,91.0,1987.0,210.0,0.86,0.812,3.0,0.968,,,,,,,,,,,1.0,,,,0.0,0.0
Netherlands,NLD,91.0,1988.0,210.0,0.86,0.812,3.0,0.968,,,,,,,,,,,1.0,,,,0.0,0.0
Netherlands,NLD,91.0,1989.0,210.0,0.861,0.813,3.0,0.968,0.0,0.0,1.0,0.0,0.0,0.0,0.0,0.0,0.0,78.01,1.0,36.0,,,0.0,0.0
Netherlands,NLD,91.0,1990.0,210.0,0.862,0.814,3.0,0.968,,,,,,,,,,,1.0,,,,0.0,0.0
Netherlands,NLD,91.0,1991.0,210.0,0.862,0.814,3.0,0.968,,,,,,,,,,,1.0,,,,0.0,0.0
Netherlands,NLD,91.0,1992.0,210.0,0.862,0.814,3.0,0.968,,,,,,,,,,,1.0,,,,0.0,0.0
Netherlands,NLD,91.0,1993.0,210.0,0.862,0.814,3.0,0.968,,,,,,,,,,,1.0,,,,0.0,0.0
Netherlands,NLD,91.0,1994.0,210.0,0.861,0.813,3.0,0.968,2.0,0.0,1.0,0.0,0.0,0.0,0.0,0.0,0.0,75.2,1.0,24.67,,,0.0,0.0
Netherlands,NLD,91.0,1995.0,210.0,0.861,0.812,3.0,0.968,,,,,,,,,,,1.0,,,,0.0,0.0
Netherlands,NLD,91.0,1996.0,210.0,0.861,0.812,3.0,0.968,,,,,,,,,,,1.0,,,,0.0,0.0
Netherlands,NLD,91.0,1997.0,210.0,0.854,0.805,3.0,0.968,,,,,,,,,,,1.0,,,,0.0,0.0
Netherlands,NLD,91.0,1998.0,210.0,0.847,0.799,3.0,0.968,0.0,0.0,1.0,0.0,0.0,0.0,0.0,0.0,0.0,70.12,1.0,30.0,,,0.0,0.0
Netherlands,NLD,91.0,1999.0,210.0,0.866,0.817,3.0,0.968,,,,,,,,,,,1.0,,,,0.0,0.0
Netherlands,NLD,91.0,2000.0,210.0,0.856,0.808,3.0,0.968,,,,,,,,,,,1.0,,,,0.0,0.0
Netherlands,NLD,91.0,2001.0,210.0,0.856,0.808,3.0,0.968,,,,,,,,,,,1.0,,,,0.0,0.0
Netherlands,NLD,91.0,2002.0,210.0,0.851,0.803,3.0,0.968,2.0,0.0,1.0,0.0,0.0,0.0,0.0,0.0,0.0,76.82,1.0,28.67,,,0.0,0.0
Netherlands,NLD,91.0,2003.0,210.0,0.86,0.813,3.0,0.968,0.0,0.0,1.0,0.0,0.0,0.0,0.0,0.0,0.0,77.54,1.0,29.33,,,0.0,0.0
Netherlands,NLD,91.0,2004.0,210.0,0.86,0.813,3.0,0.968,,,,,,,,,,,1.0,,,,0.0,0.0
Netherlands,NLD,91.0,2005.0,210.0,0.86,0.813,3.0,0.968,,,,,,,,,,,1.0,,,,0.0,0.0
Netherlands,NLD,91.0,2006.0,210.0,0.865,0.817,3.0,0.968,0.0,0.0,1.0,0.0,0.0,0.0,0.0,0.0,0.0,77.48,1.0,27.33,,,0.0,0.0
Netherlands,NLD,91.0,2007.0,210.0,0.872,0.823,3.0,0.968,,,,,,,,,,,1.0,,,,0.0,0.0
Netherlands,NLD,91.0,2008.0,210.0,0.872,0.823,3.0,0.968,,,,,,,,,,,1.0,,,,0.0,0.0
Netherlands,NLD,91.0,2009.0,210.0,0.872,0.823,3.0,0.968,,,,,,,,,,,1.0,,,,0.0,0.0
Netherlands,NLD,91.0,2010.0,210.0,0.874,0.828,3.0,0.976,2.0,0.0,1.0,0.0,0.0,0.0,0.0,0.0,0.0,71.13,1.0,20.67,,,0.0,0.0
Netherlands,NLD,91.0,2011.0,210.0,0.874,0.827,3.0,0.976,,,,,,,,,,,1.0,,,,0.0,0.0
Netherlands,NLD,91.0,2012.0,210.0,0.872,0.825,3.0,0.976,0.0,0.0,1.0,0.0,0.0,0.0,0.0,0.0,0.0,71.02,1.0,27.33,,,0.0,0.0
Netherlands,NLD,91.0,2013.0,210.0,0.878,0.83,3.0,0.976,,,,,,,,,,,1.0,,,,0.0,0.0
Netherlands,NLD,91.0,2014.0,210.0,0.879,0.831,3.0,0.976,,,,,,,,,,,1.0,,,,0.0,0.0
Netherlands,NLD,91.0,2015.0,210.0,0.879,0.831,3.0,0.976,,,,,,,,,,,1.0,,,,0.0,0.0
Netherlands,NLD,91.0,2016.0,210.0,0.879,0.831,3.0,0.976,,,,,,,,,,,1.0,,,,0.0,0.0
Netherlands,NLD,91.0,2017.0,210.0,0.878,0.833,3.0,0.976,0.0,0.0,1.0,0.0,0.0,0.0,0.0,0.0,0.0,77.31,1.0,22.0,,,0.0,0.0
Netherlands,NLD,91.0,2018.0,210.0,0.876,0.83,3.0,0.978,,,,,,,,,,,1.0,,,,0.0,0.0
Netherlands,NLD,91.0,2019.0,210.0,0.866,0.819,3.0,0.966,,,,,,,,,,,1.0,,,,0.0,0.0
Netherlands,NLD,91.0,2020.0,210.0,0.864,0.813,3.0,0.959,,,,,,,,,,,1.0,,,,0.0,0.0
Netherlands,NLD,91.0,2021.0,210.0,0.864,0.812,3.0,0.959,0.0,0.0,1.0,0.0,0.0,0.0,0.0,0.0,0.0,74.92,1.0,22.67,,,0.0,0.0
Netherlands,NLD,91.0,2022.0,210.0,0.852,0.798,3.0,0.967,,,,,,,,,,,1.0,,,,0.0,0.0
Netherlands,NLD,91.0,2023.0,210.0,0.847,0.791,3.0,0.967,2.0,0.0,1.0,0.0,0.0,0.0,0.0,0.0,0.0,72.65,1.0,24.67,,,0.0,0.0
Netherlands,NLD,91.0,2024.0,210.0,0.823,0.766,3.0,0.956,,,,,,,,,,,1.0,,,,0.0,0.0
Netherlands,NLD,91.0,2025.0,210.0,0.832,0.774,3.0,0.956,,,1.0,0.0,0.0,0.0,0.0,0.0,0.0,73.1,1.0,17.33,,,0.0,0.0
Panama,PAN,92.0,1980.0,95.0,0.135,0.078,0.0,0.025,0.0,0.0,1.0,0.0,0.0,0.0,0.0,0.0,0.0,,1.0,57.89,,,0.0,0.0
Panama,PAN,92.0,1981.0,95.0,0.126,0.076,0.0,0.025,,,,,,,,,,,1.0,,,,0.0,0.0
Panama,PAN,92.0,1982.0,95.0,0.123,0.07,0.0,0.025,,,,,,,,,,,1.0,,,,0.0,0.0
Panama,PAN,92.0,1983.0,95.0,0.123,0.07,0.0,0.025,,,,,,,,,,,1.0,,,,0.0,0.0
Panama,PAN,92.0,1984.0,95.0,0.133,0.075,1.0,0.025,2.0,2.0,1.0,0.0,0.0,0.0,0.0,0.0,1.0,56.41,1.0,50.75,46.7,45.6,0.0,0.0
Panama,PAN,92.0,1985.0,95.0,0.132,0.075,1.0,0.025,,,,,,,,,,,1.0,,,,0.0,0.0
Panama,PAN,92.0,1986.0,95.0,0.132,0.07,1.0,0.025,,,,,,,,,,,1.0,,,,0.0,0.0
Panama,PAN,92.0,1987.0,95.0,0.132,0.07,1.0,0.025,,,,,,,,,,,1.0,,,,0.0,0.0
Panama,PAN,92.0,1988.0,95.0,0.132,0.07,1.0,0.025,,,,,,,,,,,1.0,,,,0.0,0.0
Panama,PAN,92.0,1989.0,95.0,0.146,0.073,1.0,0.025,1.0,1.0,1.0,0.0,0.0,0.0,0.0,0.0,1.0,55.6,1.0,41.79,71.2,28.4,1.0,
Panama,PAN,92.0,1990.0,95.0,0.476,0.367,1.0,0.692,,,,,,,,,,,1.0,,,,1.0,
Panama,PAN,92.0,1991.0,95.0,0.684,0.507,2.0,0.692,0.0,0.0,1.0,0.0,0.0,0.0,0.0,0.0,0.0,,1.0,,,,1.0,
Panama,PAN,92.0,1992.0,95.0,0.7,0.518,2.0,0.692,,,,,,,,,,,1.0,,,,1.0,
Panama,PAN,92.0,1993.0,95.0,0.704,0.522,2.0,0.692,,,,,,,,,,,1.0,,,,1.0,
Panama,PAN,92.0,1994.0,95.0,0.707,0.533,2.0,0.692,2.0,2.0,1.0,0.0,0.0,0.0,0.0,0.0,1.0,70.16,1.0,41.67,33.3,29.1,1.0,
Panama,PAN,92.0,1995.0,95.0,0.711,0.534,2.0,0.692,,,,,,,,,,,1.0,,,,1.0,
Panama,PAN,92.0,1996.0,95.0,0.711,0.534,2.0,0.692,,,,,,,,,,,1.0,,,,1.0,
Panama,PAN,92.0,1997.0,95.0,0.711,0.534,2.0,0.692,,,,,,,,,,,1.0,,,,1.0,
Panama,PAN,92.0,1998.0,95.0,0.699,0.524,2.0,0.692,,,,,,,,,,,1.0,,,,1.0,
Panama,PAN,92.0,1999.0,95.0,0.698,0.524,2.0,0.692,2.0,2.0,1.0,0.0,0.0,0.0,0.0,0.0,1.0,76.3,1.0,47.89,44.8,37.8,1.0,
Panama,PAN,92.0,2000.0,95.0,0.73,0.549,2.0,0.692,,,,,,,,,,,1.0,,,,1.0,
Panama,PAN,92.0,2001.0,95.0,0.738,0.558,2.0,0.692,,,,,,,,,,,1.0,,,,1.0,
Panama,PAN,92.0,2002.0,95.0,0.738,0.558,2.0,0.692,,,,,,,,,,,1.0,,,,1.0,
Panama,PAN,92.0,2003.0,95.0,0.738,0.558,2.0,0.692,,,,,,,,,,,1.0,,,,1.0,
Panama,PAN,92.0,2004.0,95.0,0.737,0.561,2.0,0.692,2.0,2.0,1.0,0.0,0.0,0.0,0.0,0.0,1.0,80.33,1.0,52.56,47.4,30.9,1.0,
Panama,PAN,92.0,2005.0,95.0,0.736,0.547,2.0,0.692,,,,,,,,,,,1.0,,,,1.0,
Panama,PAN,92.0,2006.0,95.0,0.736,0.547,2.0,0.692,,,,,,,,,,,1.0,,,,1.0,
Panama,PAN,92.0,2007.0,95.0,0.736,0.547,2.0,0.692,,,,,,,,,,,1.0,,,,1.0,
Panama,PAN,92.0,2008.0,95.0,0.736,0.547,2.0,0.692,,,,,,,,,,,1.0,,,,1.0,
Panama,PAN,92.0,2009.0,95.0,0.739,0.549,2.0,0.692,2.0,2.0,1.0,0.0,0.0,0.0,0.0,0.0,1.0,69.04,1.0,36.62,60.03,37.65,1.0,
Panama,PAN,92.0,2010.0,95.0,0.746,0.554,2.0,0.692,,,,,,,,,,,1.0,,,,1.0,
Panama,PAN,92.0,2011.0,95.0,0.746,0.554,2.0,0.692,,,,,,,,,,,1.0,,,,1.0,
Panama,PAN,92.0,2012.0,95.0,0.746,0.554,2.0,0.692,,,,,,,,,,,1.0,,,,1.0,
Panama,PAN,92.0,2013.0,95.0,0.748,0.547,2.0,0.701,,,,,,,,,,,1.0,,,,1.0,
Panama,PAN,92.0,2014.0,95.0,0.744,0.544,2.0,0.701,2.0,2.0,1.0,0.0,0.0,0.0,0.0,0.0,1.0,80.67,1.0,35.21,39.07,31.38,1.0,
Panama,PAN,92.0,2015.0,95.0,0.755,0.553,2.0,0.701,,,,,,,,,,,1.0,,,,1.0,
Panama,PAN,92.0,2016.0,95.0,0.753,0.55,2.0,0.701,,,,,,,,,,,1.0,,,,1.0,
Panama,PAN,92.0,2017.0,95.0,0.736,0.553,2.0,0.72,,,,,,,,,,,1.0,,,,1.0,
Panama,PAN,92.0,2018.0,95.0,0.732,0.539,2.0,0.72,,,,,,,,,,,1.0,,,,1.0,
Panama,PAN,92.0,2019.0,95.0,0.731,0.535,2.0,0.72,2.0,2.0,1.0,0.0,0.0,0.0,0.0,0.0,1.0,75.66,1.0,50.7,33.35,31.0,1.0,
Panama,PAN,92.0,2020.0,95.0,0.721,0.533,2.0,0.72,,,,,,,,,,,1.0,,,,1.0,
Panama,PAN,92.0,2021.0,95.0,0.735,0.544,2.0,0.716,,,,,,,,,,,1.0,,,,1.0,
Panama,PAN,92.0,2022.0,95.0,0.725,0.559,2.0,0.774,,,,,,,,,,,1.0,,,,1.0,
Panama,PAN,92.0,2023.0,95.0,0.722,0.557,2.0,0.774,,,,,,,,,,,1.0,,,,1.0,
Panama,PAN,92.0,2024.0,95.0,0.728,0.578,2.0,0.808,2.0,2.0,1.0,0.0,0.0,0.0,0.0,0.0,1.0,74.11,1.0,24.1,34.35,24.83,1.0,
Panama,PAN,92.0,2025.0,95.0,0.728,0.575,2.0,0.808,,,,,,,,,,,1.0,,,,1.0,
Papua New Guinea,PNG,93.0,1980.0,910.0,0.572,0.436,2.0,0.689,,,,,,,,,,,1.0,,,,0.0,0.0
Papua New Guinea,PNG,93.0,1981.0,910.0,0.572,0.436,2.0,0.689,,,,,,,,,,,1.0,,,,0.0,0.0
Papua New Guinea,PNG,93.0,1982.0,910.0,0.573,0.437,2.0,0.689,2.0,0.0,1.0,0.0,0.0,0.0,0.0,0.0,0.0,75.68,1.0,46.79,,,0.0,0.0
Papua New Guinea,PNG,93.0,1983.0,910.0,0.573,0.438,2.0,0.689,,,,,,,,,,,1.0,,,,0.0,0.0
Papua New Guinea,PNG,93.0,1984.0,910.0,0.573,0.438,2.0,0.689,,,,,,,,,,,1.0,,,,0.0,0.0
Papua New Guinea,PNG,93.0,1985.0,910.0,0.573,0.438,2.0,0.689,,,,,,,,,,,1.0,,,,0.0,0.0
Papua New Guinea,PNG,93.0,1986.0,910.0,0.573,0.438,2.0,0.689,,,,,,,,,,,1.0,,,,0.0,0.0
Papua New Guinea,PNG,93.0,1987.0,910.0,0.563,0.432,2.0,0.689,0.0,0.0,1.0,0.0,0.0,0.0,0.0,0.0,0.0,76.33,1.0,23.85,,,0.0,0.0
Papua New Guinea,PNG,93.0,1988.0,910.0,0.555,0.426,2.0,0.689,,,,,,,,,,,1.0,,,,0.0,0.0
Papua New Guinea,PNG,93.0,1989.0,910.0,0.554,0.425,2.0,0.689,,,,,,,,,,,1.0,,,,0.0,0.0
Papua New Guinea,PNG,93.0,1990.0,910.0,0.554,0.425,2.0,0.689,,,,,,,,,,,1.0,,,,0.0,0.0
Papua New Guinea,PNG,93.0,1991.0,910.0,0.554,0.425,2.0,0.689,,,,,,,,,,,1.0,,,,0.0,0.0
Papua New Guinea,PNG,93.0,1992.0,910.0,0.545,0.418,2.0,0.689,2.0,0.0,1.0,0.0,0.0,0.0,0.0,0.0,0.0,71.03,1.0,20.18,,,0.0,0.0
Papua New Guinea,PNG,93.0,1993.0,910.0,0.537,0.413,2.0,0.689,,,,,,,,,,,1.0,,,,0.0,0.0
Papua New Guinea,PNG,93.0,1994.0,910.0,0.537,0.413,2.0,0.689,,,,,,,,,,,1.0,,,,0.0,0.0
Papua New Guinea,PNG,93.0,1995.0,910.0,0.537,0.413,2.0,0.689,,,,,,,,,,,1.0,,,,0.0,0.0
Papua New Guinea,PNG,93.0,1996.0,910.0,0.537,0.413,2.0,0.689,,,,,,,,,,,1.0,,,,0.0,0.0
Papua New Guinea,PNG,93.0,1997.0,910.0,0.538,0.414,2.0,0.689,2.0,0.0,1.0,0.0,0.0,0.0,0.0,0.0,0.0,98.76,1.0,33.03,,,0.0,0.0
Papua New Guinea,PNG,93.0,1998.0,910.0,0.538,0.415,2.0,0.689,,,,,,,,,,,1.0,,,,0.0,0.0
Papua New Guinea,PNG,93.0,1999.0,910.0,0.538,0.415,2.0,0.689,,,,,,,,,,,1.0,,,,0.0,0.0
Papua New Guinea,PNG,93.0,2000.0,910.0,0.538,0.415,2.0,0.689,,,,,,,,,,,1.0,,,,0.0,0.0
Papua New Guinea,PNG,93.0,2001.0,910.0,0.538,0.415,2.0,0.689,,,,,,,,,,,1.0,,,,0.0,0.0
Papua New Guinea,PNG,93.0,2002.0,910.0,0.54,0.415,2.0,0.689,1.0,0.0,1.0,0.0,0.0,0.0,0.0,0.0,0.0,,1.0,17.43,,,0.0,0.0
Papua New Guinea,PNG,93.0,2003.0,910.0,0.541,0.416,2.0,0.689,,,,,,,,,,,1.0,,,,0.0,0.0
Papua New Guinea,PNG,93.0,2004.0,910.0,0.537,0.413,2.0,0.689,,,,,,,,,,,1.0,,,,0.0,0.0
Papua New Guinea,PNG,93.0,2005.0,910.0,0.537,0.413,2.0,0.689,,,,,,,,,,,1.0,,,,0.0,0.0
Papua New Guinea,PNG,93.0,2006.0,910.0,0.544,0.417,2.0,0.689,,,,,,,,,,,1.0,,,,0.0,0.0
Papua New Guinea,PNG,93.0,2007.0,910.0,0.511,0.396,2.0,0.689,0.0,0.0,1.0,0.0,0.0,0.0,0.0,0.0,0.0,,1.0,24.77,,,0.0,0.0
Papua New Guinea,PNG,93.0,2008.0,910.0,0.478,0.376,1.0,0.689,,,,,,,,,,,1.0,,,,0.0,0.0
Papua New Guinea,PNG,93.0,2009.0,910.0,0.478,0.376,1.0,0.689,,,,,,,,,,,1.0,,,,0.0,0.0
Papua New Guinea,PNG,93.0,2010.0,910.0,0.475,0.37,1.0,0.689,,,,,,,,,,,1.0,,,,0.0,0.0
Papua New Guinea,PNG,93.0,2011.0,910.0,0.472,0.366,1.0,0.665,,,,,,,,,,,1.0,,,,0.0,0.0
Papua New Guinea,PNG,93.0,2012.0,910.0,0.46,0.354,1.0,0.665,2.0,0.0,1.0,0.0,0.0,0.0,0.0,0.0,0.0,100.96,1.0,24.32,,,0.0,0.0
Papua New Guinea,PNG,93.0,2013.0,910.0,0.448,0.348,1.0,0.665,,,,,,,,,,,1.0,,,,0.0,0.0
Papua New Guinea,PNG,93.0,2014.0,910.0,0.447,0.346,1.0,0.665,,,,,,,,,,,1.0,,,,0.0,0.0
Papua New Guinea,PNG,93.0,2015.0,910.0,0.444,0.345,1.0,0.665,,,,,,,,,,,1.0,,,,0.0,0.0
Papua New Guinea,PNG,93.0,2016.0,910.0,0.445,0.346,1.0,0.665,,,,,,,,,,,1.0,,,,0.0,0.0
Papua New Guinea,PNG,93.0,2017.0,910.0,0.447,0.344,1.0,0.636,0.0,0.0,1.0,0.0,0.0,0.0,0.0,0.0,0.0,59.28,1.0,22.52,,,0.0,0.0
Papua New Guinea,PNG,93.0,2018.0,910.0,0.457,0.351,1.0,0.636,,,,,,,,,,,1.0,,,,0.0,0.0
Papua New Guinea,PNG,93.0,2019.0,910.0,0.462,0.352,1.0,0.617,,,,,,,,,,,1.0,,,,0.0,0.0
Papua New Guinea,PNG,93.0,2020.0,910.0,0.455,0.359,1.0,0.635,,,,,,,,,,,1.0,,,,0.0,0.0
Papua New Guinea,PNG,93.0,2021.0,910.0,0.455,0.355,1.0,0.619,,,,,,,,,,,1.0,,,,0.0,0.0
Papua New Guinea,PNG,93.0,2022.0,910.0,0.467,0.369,1.0,0.708,0.0,0.0,1.0,0.0,0.0,0.0,0.0,0.0,0.0,,1.0,33.05,,,0.0,0.0
Papua New Guinea,PNG,93.0,2023.0,910.0,0.466,0.372,1.0,0.729,,,,,,,,,,,1.0,,,,0.0,0.0
Papua New Guinea,PNG,93.0,2024.0,910.0,0.462,0.38,1.0,0.79,,,,,,,,,,,1.0,,,,0.0,0.0
Papua New Guinea,PNG,93.0,2025.0,910.0,0.467,0.384,1.0,0.79,,,,,,,,,,,1.0,,,,0.0,0.0
Qatar,QAT,94.0,1980.0,694.0,0.016,0.075,0.0,0.048,,,,,,,,,,,0.0,,,,1.0,
Qatar,QAT,94.0,1981.0,694.0,0.016,0.075,0.0,0.048,,,,,,,,,,,0.0,,,,1.0,
Qatar,QAT,94.0,1982.0,694.0,0.016,0.075,0.0,0.048,,,,,,,,,,,0.0,,,,1.0,
Qatar,QAT,94.0,1983.0,694.0,0.016,0.075,0.0,0.048,,,,,,,,,,,0.0,,,,1.0,
Qatar,QAT,94.0,1984.0,694.0,0.016,0.075,0.0,0.048,,,,,,,,,,,0.0,,,,1.0,
Qatar,QAT,94.0,1985.0,694.0,0.016,0.075,0.0,0.048,,,,,,,,,,,0.0,,,,1.0,
Qatar,QAT,94.0,1986.0,694.0,0.016,0.075,0.0,0.048,,,,,,,,,,,0.0,,,,1.0,
Qatar,QAT,94.0,1987.0,694.0,0.016,0.075,0.0,0.048,,,,,,,,,,,0.0,,,,1.0,
Qatar,QAT,94.0,1988.0,694.0,0.016,0.075,0.0,0.048,,,,,,,,,,,0.0,,,,1.0,
Qatar,QAT,94.0,1989.0,694.0,0.016,0.076,0.0,0.048,,,,,,,,,,,0.0,,,,1.0,
Qatar,QAT,94.0,1990.0,694.0,0.016,0.08,0.0,0.048,,,,,,,,,,,0.0,,,,1.0,
Qatar,QAT,94.0,1991.0,694.0,0.016,0.08,0.0,0.048,,,,,,,,,,,0.0,,,,1.0,
Qatar,QAT,94.0,1992.0,694.0,0.016,0.08,0.0,0.048,,,,,,,,,,,0.0,,,,1.0,
Qatar,QAT,94.0,1993.0,694.0,0.016,0.08,0.0,0.048,,,,,,,,,,,0.0,,,,1.0,
Qatar,QAT,94.0,1994.0,694.0,0.017,0.081,0.0,0.048,,,,,,,,,,,0.0,,,,1.0,
Qatar,QAT,94.0,1995.0,694.0,0.017,0.083,0.0,0.048,,,,,,,,,,,0.0,,,,1.0,0.0
Qatar,QAT,94.0,1996.0,694.0,0.018,0.087,0.0,0.048,,,,,,,,,,,0.0,,,,1.0,0.0
Qatar,QAT,94.0,1997.0,694.0,0.018,0.087,0.0,0.048,,,,,,,,,,,0.0,,,,1.0,0.0
Qatar,QAT,94.0,1998.0,694.0,0.017,0.088,0.0,0.048,,,,,,,,,,,0.0,,,,1.0,0.0
Qatar,QAT,94.0,1999.0,694.0,0.017,0.088,0.0,0.048,,,,,,,,,,,0.0,,,,1.0,0.0
Qatar,QAT,94.0,2000.0,694.0,0.019,0.091,0.0,0.048,,,,,,,,,,,0.0,,,,1.0,0.0
Qatar,QAT,94.0,2001.0,694.0,0.019,0.09,0.0,0.048,,,,,,,,,,,0.0,,,,1.0,0.0
Qatar,QAT,94.0,2002.0,694.0,0.019,0.09,0.0,0.048,,,,,,,,,,,0.0,,,,1.0,0.0
Qatar,QAT,94.0,2003.0,694.0,0.041,0.095,0.0,0.048,,,,,,,,,,,0.0,,,,1.0,0.0
Qatar,QAT,94.0,2004.0,694.0,0.041,0.096,0.0,0.048,,,,,,,,,,,0.0,,,,1.0,0.0
Qatar,QAT,94.0,2005.0,694.0,0.041,0.097,0.0,0.048,,,,,,,,,,,0.0,,,,1.0,0.0
Qatar,QAT,94.0,2006.0,694.0,0.041,0.096,0.0,0.048,,,,,,,,,,,0.0,,,,1.0,0.0
Qatar,QAT,94.0,2007.0,694.0,0.041,0.097,0.0,0.048,,,,,,,,,,,0.0,,,,1.0,0.0
Qatar,QAT,94.0,2008.0,694.0,0.041,0.097,0.0,0.048,,,,,,,,,,,0.0,,,,1.0,0.0
Qatar,QAT,94.0,2009.0,694.0,0.041,0.097,0.0,0.048,,,,,,,,,,,0.0,,,,1.0,0.0
Qatar,QAT,94.0,2010.0,694.0,0.041,0.095,0.0,0.048,,,,,,,,,,,0.0,,,,1.0,0.0
Qatar,QAT,94.0,2011.0,694.0,0.041,0.096,0.0,0.048,,,,,,,,,,,0.0,,,,1.0,0.0
Qatar,QAT,94.0,2012.0,694.0,0.042,0.096,0.0,0.048,,,,,,,,,,,0.0,,,,1.0,0.0
Qatar,QAT,94.0,2013.0,694.0,0.042,0.089,0.0,0.048,,,,,,,,,,,0.0,,,,1.0,0.0
Qatar,QAT,94.0,2014.0,694.0,0.042,0.088,0.0,0.048,,,,,,,,,,,0.0,,,,1.0,0.0
Qatar,QAT,94.0,2015.0,694.0,0.041,0.089,0.0,0.048,,,,,,,,,,,0.0,,,,1.0,0.0
Qatar,QAT,94.0,2016.0,694.0,0.04,0.089,0.0,0.048,,,,,,,,,,,0.0,,,,1.0,0.0
Qatar,QAT,94.0,2017.0,694.0,0.041,0.085,0.0,0.048,,,,,,,,,,,0.0,,,,1.0,0.0
Qatar,QAT,94.0,2018.0,694.0,0.042,0.088,0.0,0.048,,,,,,,,,,,0.0,,,,1.0,0.0
Qatar,QAT,94.0,2019.0,694.0,0.04,0.082,0.0,0.048,,,,,,,,,,,0.0,,,,1.0,0.0
Qatar,QAT,94.0,2020.0,694.0,0.038,0.083,0.0,0.048,,,,,,,,,,,0.0,,,,1.0,0.0
Qatar,QAT,94.0,2021.0,694.0,0.089,0.081,0.0,0.048,0.0,0.0,1.0,0.0,0.0,0.0,0.0,0.0,0.0,,0.0,,,,1.0,0.0
Qatar,QAT,94.0,2022.0,694.0,0.086,0.081,0.0,0.048,,,,,,,,,,,0.0,,,,1.0,0.0
Qatar,QAT,94.0,2023.0,694.0,0.087,0.083,0.0,0.048,,,,,,,,,,,0.0,,,,1.0,0.0
Qatar,QAT,94.0,2024.0,694.0,0.087,0.095,0.0,0.071,,,,,,,,,,,0.0,,,,1.0,0.0
Qatar,QAT,94.0,2025.0,694.0,0.034,0.091,0.0,0.071,,,,,,,,,,,0.0,,,,1.0,0.0
Sierra Leone,SLE,95.0,1980.0,451.0,0.187,0.084,1.0,0.095,,,,,,,,,,,0.0,,,,1.0,
Sierra Leone,SLE,95.0,1981.0,451.0,0.18,0.082,1.0,0.095,,,,,,,,,,,0.0,,,,1.0,
Sierra Leone,SLE,95.0,1982.0,451.0,0.182,0.083,1.0,0.095,0.0,0.0,1.0,0.0,0.0,0.0,0.0,0.0,0.0,,0.0,100.0,,,1.0,
Sierra Leone,SLE,95.0,1983.0,451.0,0.182,0.083,1.0,0.095,,,,,,,,,,,0.0,,,,1.0,
Sierra Leone,SLE,95.0,1984.0,451.0,0.182,0.083,1.0,0.095,,,,,,,,,,,0.0,,,,1.0,
Sierra Leone,SLE,95.0,1985.0,451.0,0.184,0.083,1.0,0.095,0.0,2.0,0.0,0.0,0.0,0.0,0.0,0.0,1.0,,0.0,,99.9,0.1,1.0,
Sierra Leone,SLE,95.0,1986.0,451.0,0.195,0.086,1.0,0.115,0.0,0.0,1.0,0.0,0.0,0.0,0.0,0.0,0.0,,0.0,100.0,,,1.0,
Sierra Leone,SLE,95.0,1987.0,451.0,0.195,0.086,1.0,0.115,,,,,,,,,,,0.0,,,,1.0,
Sierra Leone,SLE,95.0,1988.0,451.0,0.195,0.086,1.0,0.115,,,,,,,,,,,0.0,,,,1.0,
Sierra Leone,SLE,95.0,1989.0,451.0,0.196,0.087,1.0,0.115,,,,,,,,,,,0.0,,,,1.0,
Sierra Leone,SLE,95.0,1990.0,451.0,0.196,0.086,1.0,0.128,,,,,,,,,,,0.0,,,,1.0,
Sierra Leone,SLE,95.0,1991.0,451.0,0.197,0.06,1.0,0.113,,,,,,,,,,,0.0,,,,1.0,
Sierra Leone,SLE,95.0,1992.0,451.0,0.165,0.049,1.0,0.371,,,,,,,,,,,0.0,,,,0.0,0.0
Sierra Leone,SLE,95.0,1993.0,451.0,0.145,0.032,0.0,,,,,,,,,,,,0.0,,,,0.0,0.0
Sierra Leone,SLE,95.0,1994.0,451.0,0.153,0.034,0.0,,,,,,,,,,,,0.0,,,,0.0,0.0
Sierra Leone,SLE,95.0,1995.0,451.0,0.159,0.035,0.0,,,,,,,,,,,,0.0,,,,0.0,0.0
Sierra Leone,SLE,95.0,1996.0,451.0,0.281,0.12,1.0,0.276,0.0,2.0,1.0,0.0,0.0,0.0,0.0,0.0,1.0,50.69,0.0,39.71,35.8,22.6,0.0,0.0
Sierra Leone,SLE,95.0,1997.0,451.0,0.292,0.094,1.0,0.283,,,,,,,,,,,0.0,,,,1.0,
Sierra Leone,SLE,95.0,1998.0,451.0,0.22,0.075,0.0,,,,,,,,,,,,0.0,,,,1.0,
Sierra Leone,SLE,95.0,1999.0,451.0,0.23,0.081,0.0,,,,,,,,,,,,0.0,,,,1.0,
Sierra Leone,SLE,95.0,2000.0,451.0,0.232,0.088,0.0,,,,,,,,,,,,0.0,,,,1.0,
Sierra Leone,SLE,95.0,2001.0,451.0,0.232,0.088,0.0,,,,,,,,,,,,0.0,,,,1.0,
Sierra Leone,SLE,95.0,2002.0,451.0,0.43,0.261,1.0,0.404,0.0,0.0,1.0,0.0,0.0,0.0,0.0,0.0,1.0,75.56,0.0,74.11,70.06,22.35,1.0,
Sierra Leone,SLE,95.0,2003.0,451.0,0.56,0.362,2.0,0.468,,,,,,,,,,,0.0,,,,1.0,
Sierra Leone,SLE,95.0,2004.0,451.0,0.557,0.36,2.0,0.468,,,,,,,,,,,0.0,,,,1.0,
Sierra Leone,SLE,95.0,2005.0,451.0,0.557,0.353,2.0,0.468,,,,,,,,,,,0.0,,,,1.0,
Sierra Leone,SLE,95.0,2006.0,451.0,0.557,0.35,2.0,0.468,,,,,,,,,,,0.0,,,,1.0,
Sierra Leone,SLE,95.0,2007.0,451.0,0.539,0.346,2.0,0.468,0.0,2.0,1.0,0.0,0.0,0.0,0.0,0.0,1.0,72.06,0.0,52.68,44.34,38.28,1.0,
Sierra Leone,SLE,95.0,2008.0,451.0,0.517,0.325,2.0,0.468,,,,,,,,,,,0.0,,,,1.0,
Sierra Leone,SLE,95.0,2009.0,451.0,0.514,0.324,2.0,0.468,,,,,,,,,,,0.0,,,,1.0,
Sierra Leone,SLE,95.0,2010.0,451.0,0.514,0.328,2.0,0.454,,,,,,,,,,,0.0,,,,1.0,
Sierra Leone,SLE,95.0,2011.0,451.0,0.514,0.328,2.0,0.454,,,,,,,,,,,0.0,,,,1.0,
Sierra Leone,SLE,95.0,2012.0,451.0,0.508,0.324,2.0,0.454,0.0,0.0,1.0,0.0,0.0,0.0,0.0,0.0,1.0,88.25,0.0,59.82,58.65,37.36,1.0,
Sierra Leone,SLE,95.0,2013.0,451.0,0.514,0.318,2.0,0.477,,,,,,,,,,,0.0,,,,1.0,
Sierra Leone,SLE,95.0,2014.0,451.0,0.514,0.318,2.0,0.477,,,,,,,,,,,0.0,,,,1.0,
Sierra Leone,SLE,95.0,2015.0,451.0,0.514,0.318,2.0,0.477,,,,,,,,,,,0.0,,,,1.0,
Sierra Leone,SLE,95.0,2016.0,451.0,0.514,0.314,2.0,0.477,,,,,,,,,,,0.0,,,,1.0,
Sierra Leone,SLE,95.0,2017.0,451.0,0.52,0.346,2.0,0.648,,,,,,,,,,,0.0,,,,1.0,
Sierra Leone,SLE,95.0,2018.0,451.0,0.548,0.38,2.0,0.662,2.0,2.0,1.0,0.0,0.0,0.0,0.0,0.0,1.0,81.5,0.0,51.52,43.3,42.7,1.0,
Sierra Leone,SLE,95.0,2019.0,451.0,0.554,0.392,2.0,0.723,,,,,,,,,,,0.0,,,,1.0,
Sierra Leone,SLE,95.0,2020.0,451.0,0.561,0.426,2.0,0.735,,,,,,,,,,,0.0,,,,1.0,
Sierra Leone,SLE,95.0,2021.0,451.0,0.562,0.436,2.0,0.79,,,,,,,,,,,0.0,,,,1.0,
Sierra Leone,SLE,95.0,2022.0,451.0,0.57,0.439,2.0,0.79,,,,,,,,,,,0.0,,,,1.0,
Sierra Leone,SLE,95.0,2023.0,451.0,0.512,0.391,1.0,0.724,0.0,0.0,1.0,0.0,0.0,0.0,0.0,0.0,1.0,59.71,0.0,60.0,56.17,41.16,1.0,
Sierra Leone,SLE,95.0,2024.0,451.0,0.471,0.363,1.0,0.706,,,,,,,,,,,0.0,,,,1.0,
Sierra Leone,SLE,95.0,2025.0,451.0,0.471,0.348,1.0,0.622,,,,,,,,,,,0.0,,,,1.0,
Spain,ESP,96.0,1980.0,230.0,0.867,0.788,2.0,0.84,,,,,,,,,,,1.0,,,,0.0,0.0
Spain,ESP,96.0,1981.0,230.0,0.867,0.788,2.0,0.84,,,,,,,,,,,1.0,,,,0.0,0.0
Spain,ESP,96.0,1982.0,230.0,0.881,0.791,2.0,0.804,2.0,0.0,1.0,0.0,0.0,0.0,0.0,0.0,0.0,83.11,1.0,50.57,,,0.0,0.0
Spain,ESP,96.0,1983.0,230.0,0.889,0.804,3.0,0.804,,,,,,,,,,,1.0,,,,0.0,0.0
Spain,ESP,96.0,1984.0,230.0,0.889,0.804,3.0,0.804,,,,,,,,,,,1.0,,,,0.0,0.0
Spain,ESP,96.0,1985.0,230.0,0.889,0.804,3.0,0.804,,,,,,,,,,,1.0,,,,0.0,0.0
Spain,ESP,96.0,1986.0,230.0,0.89,0.805,3.0,0.804,0.0,0.0,1.0,0.0,0.0,0.0,0.0,0.0,0.0,73.72,1.0,46.57,,,0.0,0.0
Spain,ESP,96.0,1987.0,230.0,0.891,0.81,3.0,0.804,,,,,,,,,,,1.0,,,,0.0,0.0
Spain,ESP,96.0,1988.0,230.0,0.891,0.81,3.0,0.804,,,,,,,,,,,1.0,,,,0.0,0.0
Spain,ESP,96.0,1989.0,230.0,0.891,0.81,3.0,0.804,0.0,0.0,1.0,0.0,0.0,0.0,0.0,0.0,0.0,71.28,1.0,44.29,,,0.0,0.0
Spain,ESP,96.0,1990.0,230.0,0.892,0.811,3.0,0.804,,,,,,,,,,,1.0,,,,0.0,0.0
Spain,ESP,96.0,1991.0,230.0,0.892,0.811,3.0,0.804,,,,,,,,,,,1.0,,,,0.0,0.0
Spain,ESP,96.0,1992.0,230.0,0.892,0.811,3.0,0.804,,,,,,,,,,,1.0,,,,0.0,0.0
Spain,ESP,96.0,1993.0,230.0,0.892,0.818,3.0,0.841,0.0,0.0,1.0,0.0,0.0,0.0,0.0,0.0,0.0,77.43,1.0,40.29,,,0.0,0.0
Spain,ESP,96.0,1994.0,230.0,0.892,0.818,3.0,0.841,,,,,,,,,,,1.0,,,,0.0,0.0
Spain,ESP,96.0,1995.0,230.0,0.892,0.818,3.0,0.841,,,,,,,,,,,1.0,,,,0.0,0.0
Spain,ESP,96.0,1996.0,230.0,0.893,0.82,3.0,0.841,2.0,0.0,1.0,0.0,0.0,0.0,0.0,0.0,0.0,80.56,1.0,41.71,,,0.0,0.0
Spain,ESP,96.0,1997.0,230.0,0.894,0.82,3.0,0.841,,,,,,,,,,,1.0,,,,0.0,0.0
Spain,ESP,96.0,1998.0,230.0,0.894,0.82,3.0,0.841,,,,,,,,,,,1.0,,,,0.0,0.0
Spain,ESP,96.0,1999.0,230.0,0.894,0.82,3.0,0.841,,,,,,,,,,,1.0,,,,0.0,0.0
Spain,ESP,96.0,2000.0,230.0,0.893,0.817,3.0,0.816,0.0,0.0,1.0,0.0,0.0,0.0,0.0,0.0,0.0,73.79,1.0,52.29,,,0.0,0.0
Spain,ESP,96.0,2001.0,230.0,0.893,0.817,3.0,0.811,,,,,,,,,,,1.0,,,,0.0,0.0
Spain,ESP,96.0,2002.0,230.0,0.893,0.817,3.0,0.811,,,,,,,,,,,1.0,,,,0.0,0.0
Spain,ESP,96.0,2003.0,230.0,0.875,0.796,3.0,0.811,,,,,,,,,,,1.0,,,,0.0,0.0
Spain,ESP,96.0,2004.0,230.0,0.875,0.808,3.0,0.858,2.0,0.0,1.0,0.0,0.0,0.0,0.0,0.0,0.0,76.25,1.0,41.71,,,0.0,0.0
Spain,ESP,96.0,2005.0,230.0,0.879,0.811,3.0,0.858,,,,,,,,,,,1.0,,,,0.0,0.0
Spain,ESP,96.0,2006.0,230.0,0.879,0.812,3.0,0.858,,,,,,,,,,,1.0,,,,0.0,0.0
Spain,ESP,96.0,2007.0,230.0,0.876,0.808,3.0,0.858,,,,,,,,,,,1.0,,,,0.0,0.0
Spain,ESP,96.0,2008.0,230.0,0.886,0.819,3.0,0.858,0.0,0.0,1.0,0.0,0.0,0.0,0.0,0.0,0.0,69.94,1.0,48.29,,,0.0,0.0
Spain,ESP,96.0,2009.0,230.0,0.888,0.821,3.0,0.858,,,,,,,,,,,1.0,,,,0.0,0.0
Spain,ESP,96.0,2010.0,230.0,0.892,0.825,3.0,0.858,,,,,,,,,,,1.0,,,,0.0,0.0
Spain,ESP,96.0,2011.0,230.0,0.893,0.821,3.0,0.848,2.0,0.0,1.0,0.0,0.0,0.0,0.0,0.0,0.0,63.26,1.0,53.14,,,0.0,0.0
Spain,ESP,96.0,2012.0,230.0,0.889,0.799,3.0,0.804,,,,,,,,,,,1.0,,,,0.0,0.0
Spain,ESP,96.0,2013.0,230.0,0.875,0.778,3.0,0.785,,,,,,,,,,,1.0,,,,0.0,0.0
Spain,ESP,96.0,2014.0,230.0,0.871,0.774,3.0,0.785,,,,,,,,,,,1.0,,,,0.0,0.0
Spain,ESP,96.0,2015.0,230.0,0.856,0.759,3.0,0.781,0.0,0.0,1.0,0.0,0.0,0.0,0.0,0.0,0.0,64.39,1.0,35.14,,,0.0,0.0
Spain,ESP,96.0,2016.0,230.0,0.847,0.766,3.0,0.837,0.0,0.0,1.0,0.0,0.0,0.0,0.0,0.0,0.0,60.87,1.0,39.14,,,0.0,0.0
Spain,ESP,96.0,2017.0,230.0,0.835,0.757,3.0,0.85,,,,,,,,,,,1.0,,,,0.0,0.0
Spain,ESP,96.0,2018.0,230.0,0.851,0.776,3.0,0.859,,,,,,,,,,,1.0,,,,0.0,0.0
Spain,ESP,96.0,2019.0,230.0,0.871,0.804,3.0,0.868,0.0,0.0,1.0,0.0,0.0,0.0,0.0,0.0,0.0,65.14,1.0,35.14,,,0.0,0.0
Spain,ESP,96.0,2020.0,230.0,0.874,0.786,3.0,0.783,,,,,,,,,,,1.0,,,,0.0,0.0
Spain,ESP,96.0,2021.0,230.0,0.85,0.775,3.0,0.832,,,,,,,,,,,1.0,,,,0.0,0.0
Spain,ESP,96.0,2022.0,230.0,0.867,0.782,3.0,0.813,,,,,,,,,,,1.0,,,,0.0,0.0
Spain,ESP,96.0,2023.0,230.0,0.846,0.759,3.0,0.813,0.0,0.0,1.0,0.0,0.0,0.0,0.0,0.0,0.0,63.38,1.0,39.14,,,0.0,0.0
Spain,ESP,96.0,2024.0,230.0,0.826,0.743,3.0,0.833,,,,,,,,,,,1.0,,,,0.0,0.0
Spain,ESP,96.0,2025.0,230.0,0.822,0.741,3.0,0.839,,,,,,,,,,,1.0,,,,0.0,0.0
Syria,SYR,97.0,1980.0,652.0,0.143,0.035,1.0,0.048,,,,,,,,,,,1.0,,,,1.0,0.0
Syria,SYR,97.0,1981.0,652.0,0.143,0.035,1.0,0.048,1.0,0.0,1.0,0.0,0.0,0.0,0.0,0.0,0.0,,1.0,65.13,,,1.0,0.0
Syria,SYR,97.0,1982.0,652.0,0.143,0.035,1.0,0.048,,,,,,,,,,,1.0,,,,1.0,0.0
Syria,SYR,97.0,1983.0,652.0,0.143,0.037,1.0,0.048,,,,,,,,,,,1.0,,,,1.0,0.0
Syria,SYR,97.0,1984.0,652.0,0.143,0.037,1.0,0.048,,,,,,,,,,,1.0,,,,1.0,0.0
Syria,SYR,97.0,1985.0,652.0,0.143,0.037,1.0,0.048,0.0,0.0,0.0,0.0,0.0,0.0,0.0,0.0,1.0,,1.0,,100.0,0.0,1.0,0.0
Syria,SYR,97.0,1986.0,652.0,0.143,0.037,1.0,0.048,0.0,0.0,1.0,0.0,0.0,0.0,0.0,0.0,0.0,,1.0,66.67,,,1.0,0.0
Syria,SYR,97.0,1987.0,652.0,0.143,0.035,1.0,0.048,,,,,,,,,,,1.0,,,,1.0,0.0
Syria,SYR,97.0,1988.0,652.0,0.143,0.035,1.0,0.048,,,,,,,,,,,1.0,,,,1.0,0.0
Syria,SYR,97.0,1989.0,652.0,0.143,0.035,1.0,0.048,,,,,,,,,,,1.0,,,,1.0,0.0
Syria,SYR,97.0,1990.0,652.0,0.144,0.037,1.0,0.048,0.0,0.0,1.0,0.0,0.0,0.0,0.0,0.0,0.0,,1.0,53.6,,,1.0,0.0
Syria,SYR,97.0,1991.0,652.0,0.145,0.037,1.0,0.048,0.0,0.0,0.0,0.0,0.0,0.0,0.0,0.0,1.0,,1.0,,100.0,0.0,1.0,0.0
Syria,SYR,97.0,1992.0,652.0,0.144,0.037,1.0,0.048,,,,,,,,,,,1.0,,,,1.0,0.0
Syria,SYR,97.0,1993.0,652.0,0.144,0.037,1.0,0.048,,,,,,,,,,,1.0,,,,1.0,0.0
Syria,SYR,97.0,1994.0,652.0,0.144,0.037,1.0,0.048,0.0,0.0,1.0,0.0,0.0,0.0,0.0,0.0,0.0,58.0,1.0,54.0,,,1.0,0.0
Syria,SYR,97.0,1995.0,652.0,0.145,0.037,1.0,0.048,,,,,,,,,,,1.0,,,,1.0,0.0
Syria,SYR,97.0,1996.0,652.0,0.145,0.037,1.0,0.048,,,,,,,,,,,1.0,,,,1.0,0.0
Syria,SYR,97.0,1997.0,652.0,0.145,0.037,1.0,0.048,,,,,,,,,,,1.0,,,,1.0,0.0
Syria,SYR,97.0,1998.0,652.0,0.144,0.038,1.0,0.048,0.0,0.0,1.0,0.0,0.0,0.0,0.0,0.0,0.0,79.04,1.0,54.0,,,1.0,0.0
Syria,SYR,97.0,1999.0,652.0,0.144,0.038,1.0,0.048,0.0,0.0,0.0,0.0,0.0,0.0,0.0,0.0,1.0,,1.0,,100.0,0.0,1.0,0.0
Syria,SYR,97.0,2000.0,652.0,0.15,0.051,1.0,0.079,0.0,1.0,0.0,0.0,0.0,0.0,0.0,0.0,1.0,,1.0,,99.7,0.0,1.0,0.0
Syria,SYR,97.0,2001.0,652.0,0.152,0.051,1.0,0.079,,,,,,,,,,,1.0,,,,1.0,0.0
Syria,SYR,97.0,2002.0,652.0,0.15,0.051,1.0,0.079,,,,,,,,,,,1.0,,,,1.0,0.0
Syria,SYR,97.0,2003.0,652.0,0.15,0.05,1.0,0.079,1.0,0.0,1.0,0.0,0.0,0.0,0.0,0.0,0.0,50.05,1.0,66.8,,,1.0,0.0
Syria,SYR,97.0,2004.0,652.0,0.149,0.049,1.0,0.079,,,,,,,,,,,1.0,,,,1.0,0.0
Syria,SYR,97.0,2005.0,652.0,0.148,0.05,1.0,0.079,,,,,,,,,,,1.0,,,,1.0,0.0
Syria,SYR,97.0,2006.0,652.0,0.148,0.05,1.0,0.079,,,,,,,,,,,1.0,,,,1.0,0.0
Syria,SYR,97.0,2007.0,652.0,0.145,0.05,1.0,0.079,0.0,0.0,1.0,0.0,0.0,0.0,0.0,0.0,1.0,41.52,1.0,68.8,97.62,0.0,1.0,0.0
Syria,SYR,97.0,2008.0,652.0,0.144,0.05,1.0,0.079,,,,,,,,,,,1.0,,,,1.0,0.0
Syria,SYR,97.0,2009.0,652.0,0.144,0.05,1.0,0.079,,,,,,,,,,,1.0,,,,1.0,0.0
Syria,SYR,97.0,2010.0,652.0,0.144,0.049,1.0,0.079,,,,,,,,,,,1.0,,,,1.0,0.0
Syria,SYR,97.0,2011.0,652.0,0.144,0.038,1.0,0.079,,,,,,,,,,,1.0,,,,1.0,0.0
Syria,SYR,97.0,2012.0,652.0,0.144,0.031,1.0,0.059,1.0,0.0,1.0,0.0,0.0,0.0,0.0,0.0,0.0,20.28,1.0,53.6,,,1.0,0.0
Syria,SYR,97.0,2013.0,652.0,0.136,0.024,0.0,0.038,,,,,,,,,,,1.0,,,,1.0,0.0
Syria,SYR,97.0,2014.0,652.0,0.137,0.024,0.0,0.043,0.0,0.0,0.0,0.0,0.0,0.0,0.0,0.0,1.0,107.21,1.0,,88.7,4.3,1.0,0.0
Syria,SYR,97.0,2015.0,652.0,0.136,0.025,0.0,0.049,,,,,,,,,,,1.0,,,,1.0,0.0
Syria,SYR,97.0,2016.0,652.0,0.136,0.025,0.0,0.051,1.0,0.0,1.0,0.0,0.0,0.0,0.0,0.0,0.0,47.89,1.0,68.8,,,1.0,0.0
Syria,SYR,97.0,2017.0,652.0,0.137,0.025,0.0,0.051,,,,,,,,,,,1.0,,,,1.0,0.0
Syria,SYR,97.0,2018.0,652.0,0.135,0.025,0.0,0.053,,,,,,,,,,,1.0,,,,1.0,0.0
Syria,SYR,97.0,2019.0,652.0,0.136,0.026,0.0,0.053,,,,,,,,,,,1.0,,,,1.0,0.0
Syria,SYR,97.0,2020.0,652.0,0.138,0.031,0.0,0.091,0.0,0.0,1.0,0.0,0.0,0.0,0.0,0.0,0.0,52.88,1.0,66.8,,,1.0,0.0
Syria,SYR,97.0,2021.0,652.0,0.136,0.033,0.0,0.09,0.0,0.0,0.0,0.0,0.0,0.0,0.0,0.0,1.0,114.77,1.0,,95.19,3.31,1.0,0.0
Syria,SYR,97.0,2022.0,652.0,0.137,0.031,0.0,0.07,,,,,,,,,,,1.0,,,,1.0,0.0
Syria,SYR,97.0,2023.0,652.0,0.145,0.044,0.0,0.166,,,,,,,,,,,1.0,,,,1.0,0.0
Syria,SYR,97.0,2024.0,652.0,0.143,0.054,0.0,0.166,0.0,0.0,1.0,0.0,0.0,0.0,0.0,0.0,0.0,50.1,1.0,74.0,,,1.0,0.0
Syria,SYR,97.0,2025.0,652.0,0.128,0.054,0.0,,,,,,,,,,,,1.0,,,,1.0,0.0
Tunisia,TUN,98.0,1980.0,616.0,0.192,0.157,1.0,0.231,,,,,,,,,,,1.0,,,,1.0,0.0
Tunisia,TUN,98.0,1981.0,616.0,0.195,0.158,1.0,0.231,0.0,0.0,1.0,0.0,0.0,0.0,0.0,0.0,0.0,63.59,1.0,100.0,,,1.0,0.0
Tunisia,TUN,98.0,1982.0,616.0,0.196,0.158,1.0,0.231,,,,,,,,,,,1.0,,,,1.0,0.0
Tunisia,TUN,98.0,1983.0,616.0,0.198,0.159,1.0,0.231,,,,,,,,,,,1.0,,,,1.0,0.0
Tunisia,TUN,98.0,1984.0,616.0,0.198,0.159,1.0,0.231,,,,,,,,,,,1.0,,,,1.0,0.0
Tunisia,TUN,98.0,1985.0,616.0,0.196,0.158,1.0,0.231,,,,,,,,,,,1.0,,,,1.0,0.0
Tunisia,TUN,98.0,1986.0,616.0,0.195,0.158,1.0,0.231,0.0,0.0,1.0,0.0,0.0,0.0,0.0,0.0,0.0,59.46,1.0,100.0,,,1.0,0.0
Tunisia,TUN,98.0,1987.0,616.0,0.18,0.154,1.0,0.231,,,,,,,,,,,1.0,,,,1.0,0.0
Tunisia,TUN,98.0,1988.0,616.0,0.113,0.076,0.0,0.188,,,,,,,,,,,1.0,,,,1.0,0.0
Tunisia,TUN,98.0,1989.0,616.0,0.125,0.078,1.0,0.188,1.0,1.0,1.0,0.0,0.0,0.0,0.0,0.0,1.0,50.42,1.0,100.0,100.0,0.0,1.0,0.0
Tunisia,TUN,98.0,1990.0,616.0,0.196,0.092,1.0,0.188,,,,,,,,,,,1.0,,,,1.0,0.0
Tunisia,TUN,98.0,1991.0,616.0,0.197,0.093,1.0,0.188,,,,,,,,,,,1.0,,,,1.0,0.0
Tunisia,TUN,98.0,1992.0,616.0,0.196,0.093,1.0,0.188,,,,,,,,,,,1.0,,,,1.0,0.0
Tunisia,TUN,98.0,1993.0,616.0,0.193,0.092,1.0,0.188,,,,,,,,,,,1.0,,,,1.0,0.0
Tunisia,TUN,98.0,1994.0,616.0,0.189,0.091,1.0,0.188,0.0,0.0,1.0,0.0,0.0,0.0,0.0,0.0,1.0,63.4,1.0,88.34,100.0,0.0,1.0,0.0
Tunisia,TUN,98.0,1995.0,616.0,0.188,0.091,1.0,0.188,,,,,,,,,,,1.0,,,,1.0,0.0
Tunisia,TUN,98.0,1996.0,616.0,0.188,0.091,1.0,0.188,,,,,,,,,,,1.0,,,,1.0,0.0
Tunisia,TUN,98.0,1997.0,616.0,0.188,0.091,1.0,0.188,,,,,,,,,,,1.0,,,,1.0,0.0
Tunisia,TUN,98.0,1998.0,616.0,0.188,0.091,1.0,0.188,,,,,,,,,,,1.0,,,,1.0,0.0
Tunisia,TUN,98.0,1999.0,616.0,0.188,0.091,1.0,0.188,1.0,0.0,1.0,0.0,0.0,0.0,0.0,0.0,1.0,3.52,1.0,81.32,99.45,0.31,1.0,0.0
Tunisia,TUN,98.0,2000.0,616.0,0.189,0.092,1.0,0.188,,,,,,,,,,,1.0,,,,1.0,0.0
Tunisia,TUN,98.0,2001.0,616.0,0.189,0.092,1.0,0.188,,,,,,,,,,,1.0,,,,1.0,0.0
Tunisia,TUN,98.0,2002.0,616.0,0.19,0.091,1.0,0.188,,,,,,,,,,,1.0,,,,1.0,0.0
Tunisia,TUN,98.0,2003.0,616.0,0.19,0.091,1.0,0.188,,,,,,,,,,,1.0,,,,1.0,0.0
Tunisia,TUN,98.0,2004.0,616.0,0.189,0.091,1.0,0.188,0.0,0.0,1.0,0.0,0.0,0.0,0.0,0.0,1.0,68.0,1.0,80.42,94.49,3.78,1.0,0.0
Tunisia,TUN,98.0,2005.0,616.0,0.191,0.092,1.0,0.188,,,,,,,,,,,1.0,,,,1.0,0.0
Tunisia,TUN,98.0,2006.0,616.0,0.191,0.095,1.0,0.221,,,,,,,,,,,1.0,,,,1.0,0.0
Tunisia,TUN,98.0,2007.0,616.0,0.191,0.095,1.0,0.221,,,,,,,,,,,1.0,,,,1.0,0.0
Tunisia,TUN,98.0,2008.0,616.0,0.191,0.095,1.0,0.221,,,,,,,,,,,1.0,,,,1.0,0.0
Tunisia,TUN,98.0,2009.0,616.0,0.191,0.095,1.0,0.221,0.0,0.0,1.0,0.0,0.0,0.0,0.0,0.0,1.0,64.84,1.0,75.23,89.62,5.01,1.0,0.0
Tunisia,TUN,98.0,2010.0,616.0,0.193,0.103,1.0,0.235,,,,,,,,,,,1.0,,,,1.0,0.0
Tunisia,TUN,98.0,2011.0,616.0,0.328,0.247,1.0,0.825,2.0,0.0,1.0,0.0,0.0,0.0,0.0,0.0,0.0,53.9,1.0,41.01,,,0.0,0.0
Tunisia,TUN,98.0,2012.0,616.0,0.765,0.642,2.0,0.913,,,,,,,,,,,1.0,,,,0.0,0.0
Tunisia,TUN,98.0,2013.0,616.0,0.761,0.635,2.0,0.91,,,,,,,,,,,1.0,,,,0.0,0.0
Tunisia,TUN,98.0,2014.0,616.0,0.745,0.632,2.0,0.967,0.0,2.0,1.0,0.0,0.0,0.0,0.0,0.0,1.0,45.39,1.0,39.63,55.68,44.32,0.0,0.0
Tunisia,TUN,98.0,2015.0,616.0,0.727,0.629,2.0,0.967,,,,,,,,,,,1.0,,,,0.0,0.0
Tunisia,TUN,98.0,2016.0,616.0,0.731,0.626,2.0,0.957,,,,,,,,,,,1.0,,,,0.0,0.0
Tunisia,TUN,98.0,2017.0,616.0,0.725,0.632,2.0,0.958,,,,,,,,,,,1.0,,,,0.0,0.0
Tunisia,TUN,98.0,2018.0,616.0,0.728,0.633,2.0,0.958,,,,,,,,,,,1.0,,,,0.0,0.0
Tunisia,TUN,98.0,2019.0,616.0,0.725,0.632,2.0,0.958,2.0,2.0,1.0,0.0,0.0,0.0,0.0,0.0,1.0,47.35,1.0,23.96,18.4,15.58,0.0,0.0
Tunisia,TUN,98.0,2020.0,616.0,0.712,0.623,2.0,0.97,,,,,,,,,,,1.0,,,,0.0,0.0
Tunisia,TUN,98.0,2021.0,616.0,0.535,0.464,2.0,0.945,,,,,,,,,,,1.0,,,,1.0,1.0
Tunisia,TUN,98.0,2022.0,616.0,0.283,0.196,1.0,0.904,2.0,0.0,1.0,0.0,0.0,0.0,0.0,0.0,0.0,12.15,1.0,,,,1.0,1.0
Tunisia,TUN,98.0,2023.0,616.0,0.432,0.283,1.0,0.675,2.0,0.0,0.0,1.0,0.0,0.0,0.0,0.0,0.0,10.61,1.0,,,,1.0,0.0
Tunisia,TUN,98.0,2024.0,616.0,0.422,0.271,1.0,0.507,0.0,0.0,0.0,0.0,0.0,0.0,0.0,0.0,1.0,10.61,1.0,,90.69,7.35,1.0,0.0
Tunisia,TUN,98.0,2025.0,616.0,0.395,0.265,1.0,0.456,,,,,,,,,,,1.0,,,,1.0,1.0
Türkiye,TUR,99.0,1980.0,640.0,0.335,0.196,1.0,0.421,,,,,,,,,,,1.0,,,,0.5,0.0
Türkiye,TUR,99.0,1981.0,640.0,0.114,0.055,0.0,0.422,,,,,,,,,,,1.0,,,,0.5,0.0
Türkiye,TUR,99.0,1982.0,640.0,0.114,0.061,0.0,0.422,,,,,,,,,,,1.0,,,,0.5,0.0
Türkiye,TUR,99.0,1983.0,640.0,0.147,0.136,1.0,0.605,2.0,0.0,1.0,0.0,0.0,0.0,0.0,0.0,0.0,75.54,1.0,52.88,,,0.0,0.0
Türkiye,TUR,99.0,1984.0,640.0,0.401,0.282,1.0,0.605,,,,,,,,,,,1.0,,,,0.0,0.0
Türkiye,TUR,99.0,1985.0,640.0,0.403,0.282,1.0,0.605,,,,,,,,,,,1.0,,,,0.0,0.0
Türkiye,TUR,99.0,1986.0,640.0,0.414,0.283,1.0,0.605,,,,,,,,,,,1.0,,,,0.0,0.0
Türkiye,TUR,99.0,1987.0,640.0,0.424,0.286,1.0,0.605,0.0,0.0,1.0,0.0,0.0,0.0,0.0,0.0,0.0,91.78,1.0,64.89,,,0.0,0.0
Türkiye,TUR,99.0,1988.0,640.0,0.487,0.321,1.0,0.605,,,,,,,,,,,1.0,,,,0.0,0.0
Türkiye,TUR,99.0,1989.0,640.0,0.487,0.321,1.0,0.605,,,,,,,,,,,1.0,,,,0.0,0.0
Türkiye,TUR,99.0,1990.0,640.0,0.517,0.348,2.0,0.605,,,,,,,,,,,1.0,,,,0.0,0.0
Türkiye,TUR,99.0,1991.0,640.0,0.518,0.361,2.0,0.659,2.0,0.0,1.0,0.0,0.0,0.0,0.0,0.0,0.0,79.79,1.0,39.56,,,0.0,0.0
Türkiye,TUR,99.0,1992.0,640.0,0.533,0.369,2.0,0.659,,,,,,,,,,,1.0,,,,0.0,0.0
Türkiye,TUR,99.0,1993.0,640.0,0.53,0.368,2.0,0.659,,,,,,,,,,,1.0,,,,0.0,1.0
Türkiye,TUR,99.0,1994.0,640.0,0.536,0.371,2.0,0.659,,,,,,,,,,,1.0,,,,0.0,1.0
Türkiye,TUR,99.0,1995.0,640.0,0.538,0.373,2.0,0.659,2.0,0.0,1.0,0.0,0.0,0.0,0.0,0.0,0.0,79.05,1.0,28.73,,,0.0,1.0
Türkiye,TUR,99.0,1996.0,640.0,0.547,0.382,2.0,0.659,,,,,,,,,,,1.0,,,,0.0,0.0
Türkiye,TUR,99.0,1997.0,640.0,0.545,0.391,2.0,0.659,,,,,,,,,,,1.0,,,,0.0,0.0
Türkiye,TUR,99.0,1998.0,640.0,0.544,0.389,2.0,0.659,,,,,,,,,,,1.0,,,,0.0,0.0
Türkiye,TUR,99.0,1999.0,640.0,0.57,0.413,2.0,0.659,2.0,0.0,1.0,0.0,0.0,0.0,0.0,0.0,0.0,80.38,1.0,24.73,,,0.0,0.0
Türkiye,TUR,99.0,2000.0,640.0,0.586,0.425,2.0,0.659,,,,,,,,,,,1.0,,,,0.0,0.0
Türkiye,TUR,99.0,2001.0,640.0,0.591,0.431,2.0,0.659,,,,,,,,,,,1.0,,,,0.0,0.0
Türkiye,TUR,99.0,2002.0,640.0,0.636,0.487,2.0,0.646,2.0,0.0,1.0,0.0,0.0,0.0,0.0,0.0,0.0,75.86,1.0,65.64,,,0.0,0.0
Türkiye,TUR,99.0,2003.0,640.0,0.651,0.498,2.0,0.646,,,,,,,,,,,1.0,,,,0.0,0.0
Türkiye,TUR,99.0,2004.0,640.0,0.657,0.502,2.0,0.619,,,,,,,,,,,1.0,,,,0.0,0.0
Türkiye,TUR,99.0,2005.0,640.0,0.643,0.484,2.0,0.619,,,,,,,,,,,1.0,,,,0.0,0.0
Türkiye,TUR,99.0,2006.0,640.0,0.643,0.483,2.0,0.619,,,,,,,,,,,1.0,,,,0.0,0.0
Türkiye,TUR,99.0,2007.0,640.0,0.616,0.461,2.0,0.61,0.0,0.0,1.0,0.0,0.0,0.0,0.0,0.0,0.0,74.46,1.0,62.0,,,0.0,0.0
Türkiye,TUR,99.0,2008.0,640.0,0.554,0.411,2.0,0.602,,,,,,,,,,,1.0,,,,0.0,0.0
Türkiye,TUR,99.0,2009.0,640.0,0.545,0.403,2.0,0.602,,,,,,,,,,,1.0,,,,0.0,0.0
Türkiye,TUR,99.0,2010.0,640.0,0.525,0.36,2.0,0.545,,,,,,,,,,,1.0,,,,0.0,0.0
Türkiye,TUR,99.0,2011.0,640.0,0.522,0.354,2.0,0.546,0.0,0.0,1.0,0.0,0.0,0.0,0.0,0.0,0.0,86.53,1.0,59.27,,,0.0,0.0
Türkiye,TUR,99.0,2012.0,640.0,0.508,0.346,2.0,0.537,,,,,,,,,,,1.0,,,,0.0,0.0
Türkiye,TUR,99.0,2013.0,640.0,0.469,0.289,1.0,0.445,,,,,,,,,,,1.0,,,,0.0,0.0
Türkiye,TUR,99.0,2014.0,640.0,0.426,0.252,1.0,0.389,0.0,1.0,0.0,0.0,0.0,0.0,0.0,0.0,1.0,74.37,1.0,,51.79,38.44,0.0,0.0
Türkiye,TUR,99.0,2015.0,640.0,0.388,0.23,1.0,0.374,0.0,0.0,1.0,0.0,0.0,0.0,0.0,0.0,0.0,84.27,1.0,57.64,,,0.0,0.0
Türkiye,TUR,99.0,2016.0,640.0,0.308,0.143,1.0,0.279,,,,,,,,,,,1.0,,,,0.0,0.0
Türkiye,TUR,99.0,2017.0,640.0,0.29,0.101,1.0,0.137,,,,,,,,,,,1.0,,,,0.5,0.0
Türkiye,TUR,99.0,2018.0,640.0,0.295,0.104,1.0,0.142,1.0,0.0,1.0,0.0,0.0,0.0,0.0,0.0,1.0,88.97,1.0,49.17,52.6,8.4,1.0,
Türkiye,TUR,99.0,2019.0,640.0,0.289,0.107,1.0,0.172,,,,,,,,,,,1.0,,,,1.0,
Türkiye,TUR,99.0,2020.0,640.0,0.292,0.115,1.0,0.221,,,,,,,,,,,1.0,,,,1.0,
Türkiye,TUR,99.0,2021.0,640.0,0.287,0.113,1.0,0.221,,,,,,,,,,,1.0,,,,1.0,
Türkiye,TUR,99.0,2022.0,640.0,0.285,0.11,1.0,0.194,,,,,,,,,,,1.0,,,,1.0,
Türkiye,TUR,99.0,2023.0,640.0,0.285,0.108,1.0,0.15,0.0,0.0,1.0,0.0,0.0,0.0,0.0,0.0,1.0,91.23,1.0,44.67,49.24,45.07,1.0,
Türkiye,TUR,99.0,2024.0,640.0,0.289,0.109,1.0,0.133,,,,,,,,,,,1.0,,,,1.0,
Türkiye,TUR,99.0,2025.0,640.0,0.293,0.11,1.0,0.133,,,,,,,,,,,1.0,,,,1.0,
Ukraine,UKR,100.0,1990.0,369.0,0.372,0.227,0.0,0.304,1.0,0.0,1.0,1.0,0.0,0.0,0.0,0.0,0.0,,1.0,73.56,,,1.0,0.0
Ukraine,UKR,100.0,1991.0,369.0,0.429,0.268,1.0,0.382,0.0,2.0,0.0,0.0,0.0,0.0,0.0,0.0,1.0,,1.0,,61.6,23.3,1.0,0.0
Ukraine,UKR,100.0,1992.0,369.0,0.528,0.326,1.0,0.521,,,,,,,,,,,1.0,,,,1.0,0.0
Ukraine,UKR,100.0,1993.0,369.0,0.528,0.349,1.0,0.693,,,,,,,,,,,1.0,,,,1.0,0.0
Ukraine,UKR,100.0,1994.0,369.0,0.546,0.351,2.0,0.605,2.0,1.0,1.0,1.0,0.0,0.0,0.0,0.0,1.0,73.42,1.0,36.22,31.8,38.4,1.0,0.0
Ukraine,UKR,100.0,1995.0,369.0,0.552,0.325,2.0,0.403,,,,,,,,,,,1.0,,,,1.0,0.0
Ukraine,UKR,100.0,1996.0,369.0,0.543,0.319,2.0,0.462,,,,,,,,,,,1.0,,,,1.0,0.0
Ukraine,UKR,100.0,1997.0,369.0,0.523,0.299,2.0,0.401,,,,,,,,,,,1.0,,,,1.0,0.0
Ukraine,UKR,100.0,1998.0,369.0,0.448,0.257,1.0,0.401,2.0,0.0,1.0,0.0,0.0,0.0,0.0,0.0,0.0,68.11,1.0,26.89,,,1.0,0.0
Ukraine,UKR,100.0,1999.0,369.0,0.422,0.245,1.0,0.422,0.0,0.0,0.0,0.0,0.0,0.0,0.0,0.0,1.0,73.77,1.0,,38.0,23.1,1.0,0.0
Ukraine,UKR,100.0,2000.0,369.0,0.389,0.229,1.0,0.452,,,,,,,,,,,1.0,,,,1.0,0.0
Ukraine,UKR,100.0,2001.0,369.0,0.384,0.233,1.0,0.505,,,,,,,,,,,1.0,,,,1.0,0.0
Ukraine,UKR,100.0,2002.0,369.0,0.394,0.245,1.0,0.498,2.0,0.0,1.0,0.0,0.0,0.0,0.0,0.0,0.0,69.58,1.0,24.67,,,1.0,0.0
Ukraine,UKR,100.0,2003.0,369.0,0.392,0.262,1.0,0.651,,,,,,,,,,,1.0,,,,1.0,0.0
Ukraine,UKR,100.0,2004.0,369.0,0.383,0.271,1.0,0.702,0.0,1.0,0.0,0.0,0.0,0.0,0.0,0.0,1.0,82.0,1.0,,41.1,40.5,1.0,0.0
Ukraine,UKR,100.0,2005.0,369.0,0.448,0.285,1.0,0.611,,,,,,,,,,,1.0,,,,1.0,1.0
Ukraine,UKR,100.0,2006.0,369.0,0.574,0.376,2.0,0.674,2.0,0.0,1.0,0.0,0.0,0.0,0.0,0.0,0.0,67.2,1.0,41.33,,,0.0,0.0
Ukraine,UKR,100.0,2007.0,369.0,0.607,0.4,2.0,0.685,2.0,0.0,1.0,0.0,0.0,0.0,0.0,0.0,0.0,62.73,1.0,38.89,,,0.0,1.0
Ukraine,UKR,100.0,2008.0,369.0,0.608,0.394,2.0,0.656,,,,,,,,,,,1.0,,,,0.0,1.0
Ukraine,UKR,100.0,2009.0,369.0,0.604,0.394,2.0,0.675,,,,,,,,,,,1.0,,,,0.0,1.0
Ukraine,UKR,100.0,2010.0,369.0,0.484,0.264,1.0,0.432,0.0,2.0,0.0,0.0,0.0,0.0,0.0,0.0,1.0,67.95,1.0,,36.75,26.06,1.0,0.0
Ukraine,UKR,100.0,2011.0,369.0,0.483,0.264,1.0,0.394,,,,,,,,,,,1.0,,,,1.0,0.0
Ukraine,UKR,100.0,2012.0,369.0,0.479,0.26,1.0,0.374,2.0,0.0,1.0,0.0,0.0,0.0,0.0,0.0,0.0,55.94,1.0,41.57,,,1.0,0.0
Ukraine,UKR,100.0,2013.0,369.0,0.459,0.251,1.0,0.406,,,,,,,,,,,1.0,,,,1.0,0.0
Ukraine,UKR,100.0,2014.0,369.0,0.417,0.215,1.0,0.509,0.0,2.0,1.0,0.0,0.0,0.0,0.0,0.0,1.0,49.98,1.0,31.21,54.7,12.81,0.0,0.0
Ukraine,UKR,100.0,2015.0,369.0,0.42,0.228,1.0,0.562,,,,,,,,,,,1.0,,,,0.0,0.0
Ukraine,UKR,100.0,2016.0,369.0,0.433,0.24,1.0,0.562,,,,,,,,,,,1.0,,,,0.0,0.0
Ukraine,UKR,100.0,2017.0,369.0,0.43,0.24,1.0,0.532,,,,,,,,,,,1.0,,,,0.0,0.0
Ukraine,UKR,100.0,2018.0,369.0,0.43,0.244,1.0,0.521,,,,,,,,,,,1.0,,,,0.0,0.0
Ukraine,UKR,100.0,2019.0,369.0,0.528,0.318,2.0,0.617,2.0,2.0,1.0,0.0,0.0,0.0,0.0,0.0,1.0,54.21,1.0,56.44,30.24,15.95,0.5,0.0
Ukraine,UKR,100.0,2020.0,369.0,0.552,0.325,2.0,0.576,,,,,,,,,,,1.0,,,,0.5,0.0
Ukraine,UKR,100.0,2021.0,369.0,0.537,0.323,2.0,0.564,,,,,,,,,,,1.0,,,,0.5,0.0
Ukraine,UKR,100.0,2022.0,369.0,0.392,0.235,1.0,0.64,,,,,,,,,,,1.0,,,,0.5,0.0
Ukraine,UKR,100.0,2023.0,369.0,0.39,0.239,1.0,0.602,,,,,,,,,,,1.0,,,,0.5,0.0
Ukraine,UKR,100.0,2024.0,369.0,0.387,0.23,1.0,0.613,,,,,,,,,,,1.0,,,,0.5,0.0
Ukraine,UKR,100.0,2025.0,369.0,0.386,0.24,1.0,0.655,,,,,,,,,,,1.0,,,,0.5,1.0
United Kingdom,GBR,101.0,1980.0,200.0,0.805,0.719,3.0,0.881,,,,,,,,,,,1.0,,,,0.0,1.0
United Kingdom,GBR,101.0,1981.0,200.0,0.805,0.726,3.0,0.921,,,,,,,,,,,1.0,,,,0.0,1.0
United Kingdom,GBR,101.0,1982.0,200.0,0.805,0.726,3.0,0.921,,,,,,,,,,,1.0,,,,0.0,1.0
United Kingdom,GBR,101.0,1983.0,200.0,0.803,0.724,3.0,0.921,0.0,0.0,1.0,0.0,0.0,0.0,0.0,0.0,0.0,71.7,1.0,61.08,,,0.0,1.0
United Kingdom,GBR,101.0,1984.0,200.0,0.802,0.723,3.0,0.921,,,,,,,,,,,1.0,,,,0.0,1.0
United Kingdom,GBR,101.0,1985.0,200.0,0.802,0.723,3.0,0.921,,,,,,,,,,,1.0,,,,0.0,1.0
United Kingdom,GBR,101.0,1986.0,200.0,0.802,0.723,3.0,0.921,,,,,,,,,,,1.0,,,,0.0,1.0
United Kingdom,GBR,101.0,1987.0,200.0,0.803,0.724,3.0,0.921,0.0,0.0,1.0,0.0,0.0,0.0,0.0,0.0,0.0,75.17,1.0,57.85,,,0.0,1.0
United Kingdom,GBR,101.0,1988.0,200.0,0.804,0.726,3.0,0.921,,,,,,,,,,,1.0,,,,0.0,1.0
United Kingdom,GBR,101.0,1989.0,200.0,0.804,0.726,3.0,0.921,,,,,,,,,,,1.0,,,,0.0,1.0
United Kingdom,GBR,101.0,1990.0,200.0,0.816,0.742,3.0,0.925,,,,,,,,,,,1.0,,,,0.0,0.0
United Kingdom,GBR,101.0,1991.0,200.0,0.816,0.742,3.0,0.925,,,,,,,,,,,1.0,,,,0.0,0.0
United Kingdom,GBR,101.0,1992.0,200.0,0.815,0.742,3.0,0.925,0.0,0.0,1.0,0.0,0.0,0.0,0.0,0.0,0.0,75.36,1.0,51.61,,,0.0,0.0
United Kingdom,GBR,101.0,1993.0,200.0,0.814,0.747,3.0,0.951,,,,,,,,,,,1.0,,,,0.0,0.0
United Kingdom,GBR,101.0,1994.0,200.0,0.814,0.751,3.0,0.952,,,,,,,,,,,1.0,,,,0.0,0.0
United Kingdom,GBR,101.0,1995.0,200.0,0.814,0.751,3.0,0.952,,,,,,,,,,,1.0,,,,0.0,0.0
United Kingdom,GBR,101.0,1996.0,200.0,0.814,0.751,3.0,0.952,,,,,,,,,,,1.0,,,,0.0,0.0
United Kingdom,GBR,101.0,1997.0,200.0,0.811,0.746,3.0,0.951,0.0,0.0,1.0,0.0,0.0,0.0,0.0,0.0,0.0,69.39,1.0,63.58,,,0.0,0.0
United Kingdom,GBR,101.0,1998.0,200.0,0.814,0.749,3.0,0.951,,,,,,,,,,,1.0,,,,0.0,0.0
United Kingdom,GBR,101.0,1999.0,200.0,0.835,0.77,3.0,0.951,,,,,,,,,,,1.0,,,,0.0,0.0
United Kingdom,GBR,101.0,2000.0,200.0,0.848,0.785,3.0,0.951,,,,,,,,,,,1.0,,,,0.0,0.0
United Kingdom,GBR,101.0,2001.0,200.0,0.856,0.792,3.0,0.951,0.0,0.0,1.0,0.0,0.0,0.0,0.0,0.0,0.0,57.56,1.0,62.52,,,0.0,0.0
United Kingdom,GBR,101.0,2002.0,200.0,0.857,0.793,3.0,0.95,,,,,,,,,,,1.0,,,,0.0,0.0
United Kingdom,GBR,101.0,2003.0,200.0,0.857,0.793,3.0,0.95,,,,,,,,,,,1.0,,,,0.0,0.0
United Kingdom,GBR,101.0,2004.0,200.0,0.857,0.793,3.0,0.95,,,,,,,,,,,1.0,,,,0.0,0.0
United Kingdom,GBR,101.0,2005.0,200.0,0.863,0.8,3.0,0.95,0.0,0.0,1.0,0.0,0.0,0.0,0.0,0.0,0.0,58.32,1.0,54.95,,,0.0,0.0
United Kingdom,GBR,101.0,2006.0,200.0,0.87,0.807,3.0,0.952,,,,,,,,,,,1.0,,,,0.0,0.0
United Kingdom,GBR,101.0,2007.0,200.0,0.87,0.807,3.0,0.952,,,,,,,,,,,1.0,,,,0.0,0.0
United Kingdom,GBR,101.0,2008.0,200.0,0.87,0.807,3.0,0.952,,,,,,,,,,,1.0,,,,0.0,0.0
United Kingdom,GBR,101.0,2009.0,200.0,0.87,0.807,3.0,0.952,,,,,,,,,,,1.0,,,,0.0,0.0
United Kingdom,GBR,101.0,2010.0,200.0,0.866,0.802,3.0,0.952,2.0,0.0,1.0,0.0,0.0,0.0,0.0,0.0,0.0,61.06,1.0,47.08,,,0.0,0.0
United Kingdom,GBR,101.0,2011.0,200.0,0.865,0.801,3.0,0.955,,,,,,,,,,,1.0,,,,0.0,0.0
United Kingdom,GBR,101.0,2012.0,200.0,0.868,0.804,3.0,0.955,,,,,,,,,,,1.0,,,,0.0,0.0
United Kingdom,GBR,101.0,2013.0,200.0,0.864,0.796,3.0,0.955,,,,,,,,,,,1.0,,,,0.0,0.0
United Kingdom,GBR,101.0,2014.0,200.0,0.861,0.794,3.0,0.955,,,,,,,,,,,1.0,,,,0.0,0.0
United Kingdom,GBR,101.0,2015.0,200.0,0.855,0.788,3.0,0.955,0.0,0.0,1.0,0.0,0.0,0.0,0.0,0.0,0.0,60.45,1.0,50.77,,,0.0,0.0
United Kingdom,GBR,101.0,2016.0,200.0,0.854,0.787,3.0,0.955,,,,,,,,,,,1.0,,,,0.0,1.0
United Kingdom,GBR,101.0,2017.0,200.0,0.865,0.801,3.0,0.955,0.0,0.0,1.0,0.0,0.0,0.0,0.0,0.0,0.0,62.88,1.0,48.77,,,0.0,1.0
United Kingdom,GBR,101.0,2018.0,200.0,0.875,0.811,3.0,0.955,,,,,,,,,,,1.0,,,,0.0,1.0
United Kingdom,GBR,101.0,2019.0,200.0,0.854,0.787,3.0,0.964,0.0,0.0,1.0,0.0,0.0,0.0,0.0,0.0,0.0,61.83,1.0,56.0,,,0.0,0.0
United Kingdom,GBR,101.0,2020.0,200.0,0.871,0.8,3.0,0.951,,,,,,,,,,,1.0,,,,0.0,0.0
United Kingdom,GBR,101.0,2021.0,200.0,0.857,0.781,3.0,0.945,,,,,,,,,,,1.0,,,,0.0,0.0
United Kingdom,GBR,101.0,2022.0,200.0,0.844,0.768,3.0,0.938,,,,,,,,,,,1.0,,,,0.0,0.0
United Kingdom,GBR,101.0,2023.0,200.0,0.852,0.771,3.0,0.946,,,,,,,,,,,1.0,,,,0.0,0.0
United Kingdom,GBR,101.0,2024.0,200.0,0.832,0.75,2.0,0.937,2.0,0.0,1.0,0.0,0.0,0.0,0.0,0.0,0.0,52.79,1.0,63.2,,,0.0,0.0
United Kingdom,GBR,101.0,2025.0,200.0,0.772,0.689,2.0,0.95,,,,,,,,,,,1.0,,,,0.0,0.0
Uruguay,URY,102.0,1980.0,165.0,0.104,0.045,0.0,,,,,,,,,,,,1.0,,,,1.0,
Uruguay,URY,102.0,1981.0,165.0,0.104,0.045,0.0,,,,,,,,,,,,1.0,,,,1.0,
Uruguay,URY,102.0,1982.0,165.0,0.109,0.046,0.0,,,,,,,,,,,,1.0,,,,1.0,
Uruguay,URY,102.0,1983.0,165.0,0.109,0.046,0.0,,,,,,,,,,,,1.0,,,,1.0,
Uruguay,URY,102.0,1984.0,165.0,0.129,0.054,1.0,0.054,0.0,0.0,1.0,0.0,0.0,0.0,0.0,0.0,1.0,92.8,1.0,41.41,41.2,35.0,1.0,
Uruguay,URY,102.0,1985.0,165.0,0.683,0.573,3.0,0.911,,,,,,,,,,,1.0,,,,1.0,
Uruguay,URY,102.0,1986.0,165.0,0.815,0.7,3.0,0.911,,,,,,,,,,,1.0,,,,1.0,
Uruguay,URY,102.0,1987.0,165.0,0.815,0.726,3.0,0.911,,,,,,,,,,,1.0,,,,1.0,
Uruguay,URY,102.0,1988.0,165.0,0.815,0.726,3.0,0.911,,,,,,,,,,,1.0,,,,1.0,
Uruguay,URY,102.0,1989.0,165.0,0.816,0.727,3.0,0.911,2.0,2.0,1.0,0.0,0.0,0.0,0.0,0.0,1.0,92.82,1.0,39.39,38.9,30.3,1.0,
Uruguay,URY,102.0,1990.0,165.0,0.836,0.76,3.0,0.923,,,,,,,,,,,1.0,,,,1.0,
Uruguay,URY,102.0,1991.0,165.0,0.837,0.762,3.0,0.923,,,,,,,,,,,1.0,,,,1.0,
Uruguay,URY,102.0,1992.0,165.0,0.837,0.762,3.0,0.923,,,,,,,,,,,1.0,,,,1.0,
Uruguay,URY,102.0,1993.0,165.0,0.837,0.762,3.0,0.923,,,,,,,,,,,1.0,,,,1.0,
Uruguay,URY,102.0,1994.0,165.0,0.838,0.761,3.0,0.923,2.0,2.0,1.0,0.0,0.0,0.0,0.0,0.0,1.0,96.11,1.0,32.32,32.3,31.2,1.0,
Uruguay,URY,102.0,1995.0,165.0,0.871,0.794,3.0,0.923,,,,,,,,,,,1.0,,,,1.0,
Uruguay,URY,102.0,1996.0,165.0,0.871,0.796,3.0,0.923,,,,,,,,,,,1.0,,,,1.0,
Uruguay,URY,102.0,1997.0,165.0,0.871,0.795,3.0,0.923,,,,,,,,,,,1.0,,,,1.0,
Uruguay,URY,102.0,1998.0,165.0,0.877,0.804,3.0,0.923,,,,,,,,,,,1.0,,,,1.0,
Uruguay,URY,102.0,1999.0,165.0,0.875,0.802,3.0,0.923,1.0,1.0,1.0,0.0,0.0,0.0,0.0,0.0,1.0,94.71,1.0,40.4,40.1,32.8,1.0,
Uruguay,URY,102.0,2000.0,165.0,0.873,0.797,3.0,0.923,,,,,,,,,,,1.0,,,,1.0,
Uruguay,URY,102.0,2001.0,165.0,0.873,0.802,3.0,0.923,,,,,,,,,,,1.0,,,,1.0,
Uruguay,URY,102.0,2002.0,165.0,0.873,0.802,3.0,0.923,,,,,,,,,,,1.0,,,,1.0,
Uruguay,URY,102.0,2003.0,165.0,0.873,0.79,3.0,0.923,,,,,,,,,,,1.0,,,,1.0,
Uruguay,URY,102.0,2004.0,165.0,0.874,0.808,3.0,0.938,2.0,2.0,1.0,0.0,0.0,0.0,0.0,0.0,1.0,91.75,1.0,53.54,51.7,35.1,1.0,
Uruguay,URY,102.0,2005.0,165.0,0.89,0.819,3.0,0.896,,,,,,,,,,,1.0,,,,1.0,
Uruguay,URY,102.0,2006.0,165.0,0.892,0.823,3.0,0.896,,,,,,,,,,,1.0,,,,1.0,
Uruguay,URY,102.0,2007.0,165.0,0.892,0.823,3.0,0.896,,,,,,,,,,,1.0,,,,1.0,
Uruguay,URY,102.0,2008.0,165.0,0.892,0.822,3.0,0.896,,,,,,,,,,,1.0,,,,1.0,
Uruguay,URY,102.0,2009.0,165.0,0.894,0.825,3.0,0.896,1.0,1.0,1.0,0.0,0.0,0.0,0.0,0.0,1.0,96.88,1.0,50.51,47.96,29.07,1.0,
Uruguay,URY,102.0,2010.0,165.0,0.912,0.847,3.0,0.918,,,,,,,,,,,1.0,,,,1.0,
Uruguay,URY,102.0,2011.0,165.0,0.912,0.847,3.0,0.918,,,,,,,,,,,1.0,,,,1.0,
Uruguay,URY,102.0,2012.0,165.0,0.912,0.847,3.0,0.918,,,,,,,,,,,1.0,,,,1.0,
Uruguay,URY,102.0,2013.0,165.0,0.91,0.843,3.0,0.918,,,,,,,,,,,1.0,,,,1.0,
Uruguay,URY,102.0,2014.0,165.0,0.909,0.843,3.0,0.918,1.0,1.0,1.0,0.0,0.0,0.0,0.0,0.0,1.0,98.29,1.0,50.51,49.45,31.94,1.0,
Uruguay,URY,102.0,2015.0,165.0,0.897,0.832,3.0,0.918,,,,,,,,,,,1.0,,,,1.0,
Uruguay,URY,102.0,2016.0,165.0,0.897,0.832,3.0,0.918,,,,,,,,,,,1.0,,,,1.0,
Uruguay,URY,102.0,2017.0,165.0,0.89,0.828,3.0,0.918,,,,,,,,,,,1.0,,,,1.0,
Uruguay,URY,102.0,2018.0,165.0,0.896,0.836,3.0,0.918,,,,,,,,,,,1.0,,,,1.0,
Uruguay,URY,102.0,2019.0,165.0,0.896,0.836,3.0,0.918,2.0,2.0,1.0,0.0,0.0,0.0,0.0,0.0,1.0,94.88,1.0,42.42,40.49,29.7,1.0,
Uruguay,URY,102.0,2020.0,165.0,0.867,0.808,3.0,0.928,,,,,,,,,,,1.0,,,,1.0,
Uruguay,URY,102.0,2021.0,165.0,0.852,0.789,3.0,0.928,,,,,,,,,,,1.0,,,,1.0,
Uruguay,URY,102.0,2022.0,165.0,0.818,0.747,3.0,0.91,,,,,,,,,,,1.0,,,,1.0,
Uruguay,URY,102.0,2023.0,165.0,0.833,0.756,3.0,0.883,,,,,,,,,,,1.0,,,,1.0,
Uruguay,URY,102.0,2024.0,165.0,0.846,0.768,3.0,0.884,2.0,2.0,1.0,0.0,0.0,0.0,0.0,0.0,1.0,92.41,1.0,48.5,49.81,45.9,1.0,
Uruguay,URY,102.0,2025.0,165.0,0.862,0.79,3.0,0.917,,,,,,,,,,,1.0,,,,1.0,
Algeria,DZA,103.0,1980.0,615.0,0.195,0.111,0.0,0.222,,,,,,,,,,,1.0,,,,1.0,0.0
Algeria,DZA,103.0,1981.0,615.0,0.195,0.111,0.0,0.222,,,,,,,,,,,1.0,,,,1.0,0.0
Algeria,DZA,103.0,1982.0,615.0,0.204,0.114,0.0,0.222,0.0,0.0,1.0,0.0,0.0,0.0,0.0,0.0,0.0,,1.0,100.0,,,1.0,0.0
Algeria,DZA,103.0,1983.0,615.0,0.206,0.114,0.0,0.222,,,,,,,,,,,1.0,,,,1.0,0.0
Algeria,DZA,103.0,1984.0,615.0,0.205,0.114,0.0,0.222,0.0,0.0,0.0,0.0,0.0,0.0,0.0,0.0,1.0,,1.0,,99.42,0.0,1.0,0.0
Algeria,DZA,103.0,1985.0,615.0,0.205,0.116,0.0,0.222,,,,,,,,,,,1.0,,,,1.0,0.0
Algeria,DZA,103.0,1986.0,615.0,0.205,0.116,0.0,0.222,,,,,,,,,,,1.0,,,,1.0,0.0
Algeria,DZA,103.0,1987.0,615.0,0.207,0.116,0.0,0.222,0.0,0.0,1.0,0.0,0.0,0.0,0.0,0.0,0.0,,1.0,100.0,,,1.0,0.0
Algeria,DZA,103.0,1988.0,615.0,0.206,0.118,0.0,0.222,0.0,0.0,0.0,0.0,0.0,0.0,0.0,0.0,1.0,,1.0,,93.26,0.0,1.0,0.0
Algeria,DZA,103.0,1989.0,615.0,0.222,0.125,0.0,0.266,,,,,,,,,,,1.0,,,,1.0,0.0
Algeria,DZA,103.0,1990.0,615.0,0.35,0.164,0.0,0.266,,,,,,,,,,,1.0,,,,1.0,0.0
Algeria,DZA,103.0,1991.0,615.0,0.35,0.157,0.0,0.266,0.0,0.0,1.0,0.0,0.0,0.0,0.0,0.0,0.0,60.07,1.0,43.72,,,1.0,0.0
Algeria,DZA,103.0,1992.0,615.0,0.188,0.081,0.0,0.266,,,,,,,,,,,1.0,,,,1.0,0.0
Algeria,DZA,103.0,1993.0,615.0,0.173,0.079,0.0,0.361,,,,,,,,,,,1.0,,,,1.0,0.0
Algeria,DZA,103.0,1994.0,615.0,0.179,0.101,0.0,0.334,,,,,,,,,,,1.0,,,,1.0,0.0
Algeria,DZA,103.0,1995.0,615.0,0.186,0.113,1.0,0.321,0.0,2.0,0.0,0.0,0.0,0.0,0.0,0.0,1.0,80.1,1.0,,61.0,25.6,1.0,0.0
Algeria,DZA,103.0,1996.0,615.0,0.332,0.157,1.0,0.321,,,,,,,,,,,1.0,,,,1.0,0.0
Algeria,DZA,103.0,1997.0,615.0,0.319,0.153,1.0,0.321,0.0,0.0,1.0,0.0,0.0,0.0,0.0,0.0,0.0,74.13,1.0,41.05,,,1.0,0.0
Algeria,DZA,103.0,1998.0,615.0,0.312,0.15,1.0,0.321,,,,,,,,,,,1.0,,,,1.0,0.0
Algeria,DZA,103.0,1999.0,615.0,0.328,0.161,1.0,0.321,0.0,2.0,0.0,0.0,0.0,0.0,0.0,0.0,1.0,63.77,1.0,,73.8,12.5,1.0,0.0
Algeria,DZA,103.0,2000.0,615.0,0.326,0.161,1.0,0.343,,,,,,,,,,,1.0,,,,1.0,0.0
Algeria,DZA,103.0,2001.0,615.0,0.326,0.161,1.0,0.343,,,,,,,,,,,1.0,,,,1.0,0.0
Algeria,DZA,103.0,2002.0,615.0,0.326,0.161,1.0,0.343,0.0,0.0,1.0,0.0,0.0,0.0,0.0,0.0,0.0,45.08,1.0,51.16,,,1.0,0.0
Algeria,DZA,103.0,2003.0,615.0,0.331,0.163,1.0,0.343,,,,,,,,,,,1.0,,,,1.0,0.0
Algeria,DZA,103.0,2004.0,615.0,0.333,0.163,1.0,0.343,0.0,0.0,0.0,0.0,0.0,0.0,0.0,0.0,1.0,53.6,1.0,,85.0,6.42,1.0,0.0
Algeria,DZA,103.0,2005.0,615.0,0.335,0.168,1.0,0.343,,,,,,,,,,,1.0,,,,1.0,0.0
Algeria,DZA,103.0,2006.0,615.0,0.335,0.168,1.0,0.343,,,,,,,,,,,1.0,,,,1.0,0.0
Algeria,DZA,103.0,2007.0,615.0,0.334,0.166,1.0,0.343,0.0,0.0,1.0,0.0,0.0,0.0,0.0,0.0,0.0,32.02,1.0,34.96,,,1.0,0.0
Algeria,DZA,103.0,2008.0,615.0,0.329,0.165,1.0,0.343,,,,,,,,,,,1.0,,,,1.0,0.0
Algeria,DZA,103.0,2009.0,615.0,0.327,0.164,1.0,0.343,0.0,0.0,0.0,0.0,0.0,0.0,0.0,0.0,1.0,65.86,1.0,,90.24,4.22,1.0,0.0
Algeria,DZA,103.0,2010.0,615.0,0.322,0.164,1.0,0.343,,,,,,,,,,,1.0,,,,1.0,0.0
Algeria,DZA,103.0,2011.0,615.0,0.322,0.165,1.0,0.343,,,,,,,,,,,1.0,,,,1.0,0.0
Algeria,DZA,103.0,2012.0,615.0,0.324,0.167,1.0,0.343,2.0,0.0,1.0,0.0,0.0,0.0,0.0,0.0,0.0,38.7,1.0,45.02,,,1.0,0.0
Algeria,DZA,103.0,2013.0,615.0,0.327,0.171,1.0,0.37,,,,,,,,,,,1.0,,,,1.0,0.0
Algeria,DZA,103.0,2014.0,615.0,0.324,0.173,1.0,0.379,0.0,0.0,0.0,0.0,0.0,0.0,0.0,0.0,1.0,43.57,1.0,,81.53,12.18,1.0,0.0
Algeria,DZA,103.0,2015.0,615.0,0.331,0.175,1.0,0.379,,,,,,,,,,,1.0,,,,1.0,0.0
Algeria,DZA,103.0,2016.0,615.0,0.308,0.165,1.0,0.379,,,,,,,,,,,1.0,,,,1.0,0.0
Algeria,DZA,103.0,2017.0,615.0,0.309,0.16,1.0,0.379,1.0,0.0,1.0,0.0,0.0,0.0,0.0,0.0,0.0,31.65,1.0,34.85,,,1.0,0.0
Algeria,DZA,103.0,2018.0,615.0,0.305,0.161,1.0,0.379,,,,,,,,,,,1.0,,,,1.0,0.0
Algeria,DZA,103.0,2019.0,615.0,0.293,0.153,1.0,0.391,2.0,2.0,0.0,0.0,0.0,0.0,0.0,0.0,1.0,34.86,1.0,,58.15,10.55,1.0,0.0
Algeria,DZA,103.0,2020.0,615.0,0.279,0.152,1.0,0.391,,,,,,,,,,,1.0,,,,1.0,0.0
Algeria,DZA,103.0,2021.0,615.0,0.282,0.139,1.0,0.316,0.0,0.0,1.0,0.0,0.0,0.0,0.0,0.0,0.0,19.53,1.0,24.08,,,1.0,0.0
Algeria,DZA,103.0,2022.0,615.0,0.269,0.126,1.0,0.307,,,,,,,,,,,1.0,,,,1.0,0.0
Algeria,DZA,103.0,2023.0,615.0,0.265,0.123,1.0,0.273,,,,,,,,,,,1.0,,,,1.0,0.0
Algeria,DZA,103.0,2024.0,615.0,0.26,0.123,1.0,0.273,0.0,0.0,0.0,0.0,0.0,0.0,0.0,0.0,1.0,37.12,1.0,,94.65,3.17,1.0,0.0
Algeria,DZA,103.0,2025.0,615.0,0.265,0.126,1.0,0.273,,,,,,,,,,,1.0,,,,1.0,0.0
Angola,AGO,104.0,1980.0,540.0,0.073,0.045,0.0,0.069,,,,,,,,,,,1.0,,,,1.0,
Angola,AGO,104.0,1981.0,540.0,0.073,0.045,0.0,0.069,,,,,,,,,,,1.0,,,,1.0,
Angola,AGO,104.0,1982.0,540.0,0.073,0.045,0.0,0.069,,,,,,,,,,,1.0,,,,1.0,
Angola,AGO,104.0,1983.0,540.0,0.073,0.045,0.0,0.069,,,,,,,,,,,1.0,,,,1.0,
Angola,AGO,104.0,1984.0,540.0,0.073,0.045,0.0,0.069,,,,,,,,,,,1.0,,,,1.0,
Angola,AGO,104.0,1985.0,540.0,0.073,0.045,0.0,0.069,,,,,,,,,,,1.0,,,,1.0,
Angola,AGO,104.0,1986.0,540.0,0.073,0.045,0.0,0.069,,,,,,,,,,,1.0,,,,1.0,
Angola,AGO,104.0,1987.0,540.0,0.073,0.045,0.0,0.069,,,,,,,,,,,1.0,,,,1.0,
Angola,AGO,104.0,1988.0,540.0,0.073,0.045,0.0,0.069,,,,,,,,,,,1.0,,,,1.0,
Angola,AGO,104.0,1989.0,540.0,0.073,0.045,0.0,0.069,,,,,,,,,,,1.0,,,,1.0,
Angola,AGO,104.0,1990.0,540.0,0.075,0.05,0.0,0.069,,,,,,,,,,,1.0,,,,1.0,
Angola,AGO,104.0,1991.0,540.0,0.083,0.055,0.0,0.069,,,,,,,,,,,1.0,,,,1.0,0.0
Angola,AGO,104.0,1992.0,540.0,0.146,0.076,1.0,0.123,0.0,2.0,1.0,0.0,0.0,0.0,0.0,0.0,1.0,87.51,1.0,58.64,,,1.0,
Angola,AGO,104.0,1993.0,540.0,0.155,0.075,0.0,0.123,,,,,,,,,,,1.0,,,,1.0,
Angola,AGO,104.0,1994.0,540.0,0.155,0.075,0.0,0.123,,,,,,,,,,,1.0,,,,1.0,
Angola,AGO,104.0,1995.0,540.0,0.155,0.076,0.0,0.13,,,,,,,,,,,1.0,,,,1.0,
Angola,AGO,104.0,1996.0,540.0,0.155,0.076,0.0,0.13,,,,,,,,,,,1.0,,,,1.0,
Angola,AGO,104.0,1997.0,540.0,0.155,0.076,0.0,0.13,,,,,,,,,,,1.0,,,,1.0,
Angola,AGO,104.0,1998.0,540.0,0.155,0.076,0.0,0.13,,,,,,,,,,,1.0,,,,1.0,
Angola,AGO,104.0,1999.0,540.0,0.155,0.076,0.0,0.13,,,,,,,,,,,1.0,,,,1.0,
Angola,AGO,104.0,2000.0,540.0,0.155,0.077,0.0,0.13,,,,,,,,,,,1.0,,,,1.0,
Angola,AGO,104.0,2001.0,540.0,0.155,0.079,0.0,0.13,,,,,,,,,,,1.0,,,,1.0,
Angola,AGO,104.0,2002.0,540.0,0.159,0.079,0.0,0.117,,,,,,,,,,,1.0,,,,1.0,
Angola,AGO,104.0,2003.0,540.0,0.166,0.083,0.0,0.117,,,,,,,,,,,1.0,,,,1.0,
Angola,AGO,104.0,2004.0,540.0,0.165,0.085,0.0,0.117,,,,,,,,,,,1.0,,,,1.0,
Angola,AGO,104.0,2005.0,540.0,0.168,0.086,0.0,0.117,,,,,,,,,,,1.0,,,,1.0,
Angola,AGO,104.0,2006.0,540.0,0.168,0.086,0.0,0.117,,,,,,,,,,,1.0,,,,1.0,
Angola,AGO,104.0,2007.0,540.0,0.168,0.088,0.0,0.126,,,,,,,,,,,1.0,,,,1.0,
Angola,AGO,104.0,2008.0,540.0,0.181,0.092,0.0,0.126,0.0,0.0,1.0,0.0,0.0,0.0,0.0,0.0,0.0,92.42,1.0,86.82,,,1.0,
Angola,AGO,104.0,2009.0,540.0,0.209,0.1,0.0,0.114,,,,,,,,,,,1.0,,,,1.0,
Angola,AGO,104.0,2010.0,540.0,0.211,0.098,1.0,0.093,,,,,,,,,,,1.0,,,,1.0,
Angola,AGO,104.0,2011.0,540.0,0.295,0.121,1.0,0.093,,,,,,,,,,,1.0,,,,1.0,
Angola,AGO,104.0,2012.0,540.0,0.294,0.121,1.0,0.095,0.0,0.0,1.0,0.0,0.0,0.0,0.0,0.0,0.0,71.58,1.0,79.55,,,1.0,
Angola,AGO,104.0,2013.0,540.0,0.29,0.122,1.0,0.114,,,,,,,,,,,1.0,,,,1.0,
Angola,AGO,104.0,2014.0,540.0,0.29,0.122,1.0,0.114,,,,,,,,,,,1.0,,,,1.0,
Angola,AGO,104.0,2015.0,540.0,0.29,0.122,1.0,0.114,,,,,,,,,,,1.0,,,,1.0,
Angola,AGO,104.0,2016.0,540.0,0.29,0.123,1.0,0.114,,,,,,,,,,,1.0,,,,1.0,
Angola,AGO,104.0,2017.0,540.0,0.307,0.139,1.0,0.147,1.0,1.0,1.0,0.0,0.0,0.0,0.0,0.0,0.0,53.07,1.0,68.18,,,1.0,
Angola,AGO,104.0,2018.0,540.0,0.35,0.161,1.0,0.181,,,,,,,,,,,1.0,,,,1.0,
Angola,AGO,104.0,2019.0,540.0,0.347,0.162,1.0,0.183,,,,,,,,,,,1.0,,,,1.0,
Angola,AGO,104.0,2020.0,540.0,0.336,0.16,1.0,0.189,,,,,,,,,,,1.0,,,,1.0,
Angola,AGO,104.0,2021.0,540.0,0.325,0.151,1.0,0.166,,,,,,,,,,,1.0,,,,1.0,
Angola,AGO,104.0,2022.0,540.0,0.326,0.153,1.0,0.183,0.0,0.0,1.0,0.0,0.0,0.0,0.0,0.0,0.0,40.49,1.0,56.36,,,1.0,
Angola,AGO,104.0,2023.0,540.0,0.329,0.154,1.0,0.144,,,,,,,,,,,1.0,,,,1.0,
Angola,AGO,104.0,2024.0,540.0,0.342,0.161,1.0,0.164,,,,,,,,,,,1.0,,,,1.0,
Angola,AGO,104.0,2025.0,540.0,0.344,0.163,1.0,0.164,,,,,,,,,,,1.0,,,,1.0,
Armenia,ARM,105.0,1990.0,371.0,0.565,0.327,2.0,0.402,0.0,0.0,1.0,1.0,0.0,0.0,0.0,0.0,0.0,,1.0,52.51,,,0.5,0.0
Armenia,ARM,105.0,1991.0,371.0,0.608,0.348,2.0,0.379,0.0,2.0,0.0,0.0,0.0,0.0,0.0,0.0,1.0,,1.0,,83.0,7.2,1.0,0.0
Armenia,ARM,105.0,1992.0,371.0,0.611,0.338,2.0,0.335,,,,,,,,,,,1.0,,,,0.5,0.0
Armenia,ARM,105.0,1993.0,371.0,0.597,0.327,2.0,0.335,,,,,,,,,,,1.0,,,,0.5,0.0
Armenia,ARM,105.0,1994.0,371.0,0.584,0.318,2.0,0.335,,,,,,,,,,,1.0,,,,0.5,0.0
Armenia,ARM,105.0,1995.0,371.0,0.489,0.273,1.0,0.335,0.0,0.0,1.0,1.0,0.0,0.0,0.0,0.0,0.0,50.61,1.0,46.32,,,0.5,0.0
Armenia,ARM,105.0,1996.0,371.0,0.419,0.235,1.0,0.335,0.0,0.0,0.0,0.0,0.0,0.0,0.0,0.0,1.0,56.35,1.0,,51.3,41.0,0.5,0.0
Armenia,ARM,105.0,1997.0,371.0,0.392,0.224,1.0,0.335,,,,,,,,,,,1.0,,,,0.5,0.0
Armenia,ARM,105.0,1998.0,371.0,0.404,0.214,1.0,0.303,0.0,2.0,0.0,0.0,0.0,0.0,0.0,0.0,1.0,61.24,1.0,,38.5,30.46,0.5,0.0
Armenia,ARM,105.0,1999.0,371.0,0.413,0.211,1.0,0.257,1.0,0.0,1.0,0.0,0.0,0.0,0.0,0.0,0.0,45.47,1.0,47.33,,,0.5,0.0
Armenia,ARM,105.0,2000.0,371.0,0.416,0.21,1.0,0.235,,,,,,,,,,,1.0,,,,0.5,0.0
Armenia,ARM,105.0,2001.0,371.0,0.415,0.211,1.0,0.235,,,,,,,,,,,1.0,,,,0.5,0.0
Armenia,ARM,105.0,2002.0,371.0,0.405,0.205,1.0,0.235,,,,,,,,,,,1.0,,,,0.5,0.0
Armenia,ARM,105.0,2003.0,371.0,0.349,0.186,1.0,0.235,0.0,0.0,1.0,0.0,0.0,0.0,0.0,0.0,1.0,78.5,1.0,25.19,49.48,28.22,0.5,0.0
Armenia,ARM,105.0,2004.0,371.0,0.34,0.181,1.0,0.26,,,,,,,,,,,1.0,,,,0.5,0.0
Armenia,ARM,105.0,2005.0,371.0,0.338,0.185,1.0,0.265,,,,,,,,,,,1.0,,,,1.0,0.0
Armenia,ARM,105.0,2006.0,371.0,0.338,0.185,1.0,0.265,,,,,,,,,,,1.0,,,,1.0,0.0
Armenia,ARM,105.0,2007.0,371.0,0.347,0.188,1.0,0.265,0.0,0.0,1.0,0.0,0.0,0.0,0.0,0.0,0.0,65.15,1.0,49.62,,,1.0,0.0
Armenia,ARM,105.0,2008.0,371.0,0.317,0.172,1.0,0.279,0.0,2.0,0.0,0.0,0.0,0.0,0.0,0.0,1.0,77.19,1.0,,82.82,21.51,1.0,0.0
Armenia,ARM,105.0,2009.0,371.0,0.318,0.18,1.0,0.27,,,,,,,,,,,1.0,,,,1.0,0.0
Armenia,ARM,105.0,2010.0,371.0,0.331,0.188,1.0,0.27,,,,,,,,,,,1.0,,,,1.0,0.0
Armenia,ARM,105.0,2011.0,371.0,0.333,0.189,1.0,0.27,,,,,,,,,,,1.0,,,,1.0,0.0
Armenia,ARM,105.0,2012.0,371.0,0.353,0.201,1.0,0.305,0.0,0.0,1.0,0.0,0.0,0.0,0.0,0.0,0.0,69.67,1.0,52.67,,,1.0,0.0
Armenia,ARM,105.0,2013.0,371.0,0.349,0.206,1.0,0.332,0.0,0.0,0.0,0.0,0.0,0.0,0.0,0.0,1.0,74.21,1.0,,56.67,35.51,1.0,0.0
Armenia,ARM,105.0,2014.0,371.0,0.342,0.201,1.0,0.332,,,,,,,,,,,1.0,,,,1.0,0.0
Armenia,ARM,105.0,2015.0,371.0,0.346,0.203,1.0,0.332,,,,,,,,,,,1.0,,,,1.0,0.0
Armenia,ARM,105.0,2016.0,371.0,0.348,0.204,1.0,0.332,,,,,,,,,,,1.0,,,,1.0,0.0
Armenia,ARM,105.0,2017.0,371.0,0.381,0.219,1.0,0.332,0.0,0.0,1.0,0.0,0.0,0.0,0.0,0.0,0.0,66.73,1.0,55.24,,,1.0,0.0
Armenia,ARM,105.0,2018.0,371.0,0.524,0.404,2.0,0.722,0.0,0.0,1.0,0.0,0.0,0.0,0.0,0.0,0.0,53.38,1.0,66.67,,,0.0,0.0
Armenia,ARM,105.0,2019.0,371.0,0.796,0.62,2.0,0.673,,,,,,,,,,,1.0,,,,0.0,0.0
Armenia,ARM,105.0,2020.0,371.0,0.781,0.576,2.0,0.657,,,,,,,,,,,1.0,,,,0.0,0.0
Armenia,ARM,105.0,2021.0,371.0,0.724,0.532,2.0,0.613,0.0,0.0,1.0,0.0,0.0,0.0,0.0,0.0,0.0,54.45,1.0,66.36,,,0.0,0.0
Armenia,ARM,105.0,2022.0,371.0,0.654,0.448,2.0,0.577,,,,,,,,,,,1.0,,,,0.0,0.0
Armenia,ARM,105.0,2023.0,371.0,0.631,0.421,2.0,0.547,,,,,,,,,,,1.0,,,,0.0,0.0
Armenia,ARM,105.0,2024.0,371.0,0.625,0.412,2.0,0.603,,,,,,,,,,,1.0,,,,0.0,0.0
Armenia,ARM,105.0,2025.0,371.0,0.614,0.371,2.0,0.513,,,,,,,,,,,1.0,,,,0.0,0.0
Azerbaijan,AZE,106.0,1990.0,373.0,0.172,0.078,0.0,0.205,0.0,0.0,1.0,1.0,0.0,0.0,0.0,0.0,0.0,,1.0,92.57,,,1.0,0.0
Azerbaijan,AZE,106.0,1991.0,373.0,0.186,0.095,1.0,0.243,0.0,2.0,0.0,0.0,0.0,0.0,0.0,0.0,1.0,,1.0,,98.5,0.0,1.0,0.0
Azerbaijan,AZE,106.0,1992.0,373.0,0.367,0.206,1.0,0.26,0.0,2.0,0.0,0.0,0.0,0.0,0.0,0.0,1.0,,1.0,,60.9,33.8,1.0,0.0
Azerbaijan,AZE,106.0,1993.0,373.0,0.306,0.137,1.0,0.107,0.0,0.0,0.0,0.0,0.0,0.0,0.0,0.0,1.0,94.14,1.0,,98.8,1.1,1.0,0.0
Azerbaijan,AZE,106.0,1994.0,373.0,0.249,0.086,1.0,0.107,,,,,,,,,,,1.0,,,,1.0,0.0
Azerbaijan,AZE,106.0,1995.0,373.0,0.247,0.083,1.0,0.081,0.0,0.0,1.0,1.0,0.0,0.0,0.0,0.0,0.0,82.51,1.0,47.2,,,1.0,0.0
Azerbaijan,AZE,106.0,1996.0,373.0,0.235,0.083,1.0,0.081,1.0,0.0,0.0,1.0,0.0,0.0,0.0,0.0,0.0,82.51,1.0,47.2,,,1.0,0.0
Azerbaijan,AZE,106.0,1997.0,373.0,0.237,0.084,1.0,0.081,,,,,,,,,,,1.0,,,,1.0,0.0
Azerbaijan,AZE,106.0,1998.0,373.0,0.244,0.083,1.0,0.081,0.0,0.0,0.0,0.0,0.0,0.0,0.0,0.0,1.0,71.98,1.0,,77.6,11.8,1.0,0.0
Azerbaijan,AZE,106.0,1999.0,373.0,0.239,0.079,1.0,0.064,,,,,,,,,,,1.0,,,,1.0,0.0
Azerbaijan,AZE,106.0,2000.0,373.0,0.245,0.081,1.0,0.064,0.0,0.0,1.0,0.0,0.0,0.0,0.0,0.0,0.0,61.23,1.0,60.0,,,1.0,0.0
Azerbaijan,AZE,106.0,2001.0,373.0,0.242,0.08,1.0,0.064,,,,,,,,,,,1.0,,,,1.0,0.0
Azerbaijan,AZE,106.0,2002.0,373.0,0.241,0.079,1.0,0.064,,,,,,,,,,,1.0,,,,1.0,0.0
Azerbaijan,AZE,106.0,2003.0,373.0,0.238,0.076,1.0,0.064,0.0,0.0,0.0,0.0,0.0,0.0,0.0,0.0,1.0,63.4,1.0,,76.84,13.97,1.0,0.0
Azerbaijan,AZE,106.0,2004.0,373.0,0.221,0.075,1.0,0.064,,,,,,,,,,,1.0,,,,1.0,0.0
Azerbaijan,AZE,106.0,2005.0,373.0,0.221,0.074,1.0,0.062,0.0,0.0,1.0,0.0,0.0,0.0,0.0,0.0,0.0,36.67,1.0,44.8,,,1.0,0.0
Azerbaijan,AZE,106.0,2006.0,373.0,0.219,0.072,1.0,0.062,,,,,,,,,,,1.0,,,,1.0,0.0
Azerbaijan,AZE,106.0,2007.0,373.0,0.216,0.071,1.0,0.062,,,,,,,,,,,1.0,,,,1.0,0.0
Azerbaijan,AZE,106.0,2008.0,373.0,0.212,0.07,1.0,0.062,0.0,0.0,0.0,0.0,0.0,0.0,0.0,0.0,1.0,66.97,1.0,,88.73,2.86,1.0,0.0
Azerbaijan,AZE,106.0,2009.0,373.0,0.212,0.07,1.0,0.062,,,,,,,,,,,1.0,,,,1.0,0.0
Azerbaijan,AZE,106.0,2010.0,373.0,0.213,0.069,1.0,0.062,0.0,0.0,1.0,0.0,0.0,0.0,0.0,0.0,0.0,46.55,1.0,56.8,,,1.0,0.0
Azerbaijan,AZE,106.0,2011.0,373.0,0.209,0.068,1.0,0.062,,,,,,,,,,,1.0,,,,1.0,0.0
Azerbaijan,AZE,106.0,2012.0,373.0,0.206,0.067,1.0,0.062,,,,,,,,,,,1.0,,,,1.0,0.0
Azerbaijan,AZE,106.0,2013.0,373.0,0.202,0.067,1.0,0.065,0.0,0.0,0.0,0.0,0.0,0.0,0.0,0.0,1.0,58.56,1.0,,84.54,5.53,1.0,0.0
Azerbaijan,AZE,106.0,2014.0,373.0,0.195,0.064,1.0,0.065,,,,,,,,,,,1.0,,,,1.0,0.0
Azerbaijan,AZE,106.0,2015.0,373.0,0.193,0.063,1.0,0.065,0.0,0.0,1.0,0.0,0.0,0.0,0.0,0.0,0.0,40.48,1.0,55.2,,,1.0,0.0
Azerbaijan,AZE,106.0,2016.0,373.0,0.199,0.062,1.0,0.072,,,,,,,,,,,1.0,,,,1.0,0.0
Azerbaijan,AZE,106.0,2017.0,373.0,0.202,0.067,1.0,0.072,,,,,,,,,,,1.0,,,,1.0,0.0
Azerbaijan,AZE,106.0,2018.0,373.0,0.192,0.058,1.0,0.052,1.0,0.0,0.0,0.0,0.0,0.0,0.0,0.0,1.0,53.76,1.0,,86.02,3.12,1.0,0.0
Azerbaijan,AZE,106.0,2019.0,373.0,0.195,0.063,1.0,0.064,,,,,,,,,,,1.0,,,,1.0,0.0
Azerbaijan,AZE,106.0,2020.0,373.0,0.194,0.064,1.0,0.077,0.0,0.0,1.0,0.0,0.0,0.0,0.0,0.0,0.0,33.58,1.0,56.0,,,1.0,0.0
Azerbaijan,AZE,106.0,2021.0,373.0,0.193,0.066,1.0,0.08,,,,,,,,,,,1.0,,,,1.0,0.0
Azerbaijan,AZE,106.0,2022.0,373.0,0.185,0.062,1.0,0.062,,,,,,,,,,,1.0,,,,1.0,0.0
Azerbaijan,AZE,106.0,2023.0,373.0,0.185,0.062,1.0,0.088,,,,,,,,,,,1.0,,,,1.0,0.0
Azerbaijan,AZE,106.0,2024.0,373.0,0.174,0.053,1.0,0.055,0.0,0.0,1.0,0.0,0.0,0.0,0.0,0.0,1.0,63.65,1.0,54.4,92.12,2.17,1.0,0.0
Azerbaijan,AZE,106.0,2025.0,373.0,0.171,0.053,1.0,0.06,,,,,,,,,,,1.0,,,,1.0,0.0
Belarus,BLR,107.0,1990.0,370.0,0.457,0.343,1.0,0.767,0.0,0.0,1.0,0.0,0.0,0.0,0.0,0.0,0.0,,1.0,,,,0.0,0.0
Belarus,BLR,107.0,1991.0,370.0,0.489,0.368,1.0,0.767,,,,,,,,,,,1.0,,,,0.0,0.0
Belarus,BLR,107.0,1992.0,370.0,0.565,0.443,2.0,0.767,,,,,,,,,,,1.0,,,,0.0,0.0
Belarus,BLR,107.0,1993.0,370.0,0.559,0.44,2.0,0.791,,,,,,,,,,,1.0,,,,0.0,0.0
Belarus,BLR,107.0,1994.0,370.0,0.546,0.404,2.0,0.724,0.0,2.0,0.0,0.0,0.0,0.0,0.0,0.0,1.0,65.68,1.0,,45.8,17.7,0.0,0.0
Belarus,BLR,107.0,1995.0,370.0,0.501,0.358,2.0,0.697,0.0,0.0,1.0,1.0,0.0,0.0,0.0,0.0,0.0,54.88,1.0,36.54,,,1.0,0.0
Belarus,BLR,107.0,1996.0,370.0,0.443,0.213,1.0,0.327,,,,,,,,,,,1.0,,,,1.0,0.0
Belarus,BLR,107.0,1997.0,370.0,0.369,0.139,1.0,0.029,,,,,,,,,,,1.0,,,,1.0,0.0
Belarus,BLR,107.0,1998.0,370.0,0.343,0.131,1.0,0.029,,,,,,,,,,,1.0,,,,1.0,0.0
Belarus,BLR,107.0,1999.0,370.0,0.332,0.114,1.0,0.029,,,,,,,,,,,1.0,,,,1.0,0.0
Belarus,BLR,107.0,2000.0,370.0,0.296,0.107,1.0,0.029,0.0,0.0,1.0,1.0,0.0,0.0,0.0,0.0,0.0,58.24,1.0,85.45,,,1.0,0.0
Belarus,BLR,107.0,2001.0,370.0,0.247,0.102,1.0,0.029,0.0,0.0,0.0,0.0,0.0,0.0,0.0,0.0,1.0,81.34,1.0,,77.4,16.0,1.0,0.0
Belarus,BLR,107.0,2002.0,370.0,0.243,0.1,1.0,0.029,,,,,,,,,,,1.0,,,,1.0,0.0
Belarus,BLR,107.0,2003.0,370.0,0.241,0.098,1.0,0.029,,,,,,,,,,,1.0,,,,1.0,0.0
Belarus,BLR,107.0,2004.0,370.0,0.24,0.097,1.0,0.029,0.0,0.0,1.0,0.0,0.0,0.0,0.0,0.0,0.0,82.43,1.0,89.09,,,1.0,0.0
Belarus,BLR,107.0,2005.0,370.0,0.233,0.095,1.0,0.029,,,,,,,,,,,1.0,,,,1.0,0.0
Belarus,BLR,107.0,2006.0,370.0,0.225,0.094,1.0,0.029,0.0,0.0,0.0,0.0,0.0,0.0,0.0,0.0,1.0,86.18,1.0,,83.0,6.1,1.0,0.0
Belarus,BLR,107.0,2007.0,370.0,0.222,0.095,1.0,0.029,,,,,,,,,,,1.0,,,,1.0,0.0
Belarus,BLR,107.0,2008.0,370.0,0.224,0.096,1.0,0.029,0.0,0.0,1.0,0.0,0.0,0.0,0.0,0.0,0.0,69.56,1.0,93.64,,,1.0,0.0
Belarus,BLR,107.0,2009.0,370.0,0.227,0.097,1.0,0.029,,,,,,,,,,,1.0,,,,1.0,0.0
Belarus,BLR,107.0,2010.0,370.0,0.226,0.095,1.0,0.029,0.0,0.0,0.0,0.0,0.0,0.0,0.0,0.0,1.0,81.66,1.0,,79.65,2.43,1.0,0.0
Belarus,BLR,107.0,2011.0,370.0,0.216,0.093,1.0,0.029,,,,,,,,,,,1.0,,,,1.0,0.0
Belarus,BLR,107.0,2012.0,370.0,0.221,0.094,1.0,0.029,0.0,0.0,1.0,0.0,0.0,0.0,0.0,0.0,0.0,65.92,1.0,94.55,,,1.0,0.0
Belarus,BLR,107.0,2013.0,370.0,0.242,0.099,1.0,0.037,,,,,,,,,,,1.0,,,,1.0,0.0
Belarus,BLR,107.0,2014.0,370.0,0.243,0.099,1.0,0.037,,,,,,,,,,,1.0,,,,1.0,0.0
Belarus,BLR,107.0,2015.0,370.0,0.247,0.1,1.0,0.037,0.0,0.0,0.0,0.0,0.0,0.0,0.0,0.0,1.0,78.08,1.0,,83.47,4.44,1.0,0.0
Belarus,BLR,107.0,2016.0,370.0,0.256,0.107,1.0,0.047,0.0,0.0,1.0,0.0,0.0,0.0,0.0,0.0,0.0,66.8,1.0,85.45,,,1.0,0.0
Belarus,BLR,107.0,2017.0,370.0,0.254,0.107,1.0,0.047,,,,,,,,,,,1.0,,,,1.0,0.0
Belarus,BLR,107.0,2018.0,370.0,0.252,0.109,1.0,0.066,,,,,,,,,,,1.0,,,,1.0,0.0
Belarus,BLR,107.0,2019.0,370.0,0.259,0.11,1.0,0.048,0.0,0.0,1.0,0.0,0.0,0.0,0.0,0.0,0.0,68.94,1.0,80.91,,,1.0,0.0
Belarus,BLR,107.0,2020.0,370.0,0.208,0.045,1.0,0.035,0.0,0.0,0.0,0.0,0.0,0.0,0.0,0.0,1.0,75.69,1.0,,80.1,10.12,1.0,0.0
Belarus,BLR,107.0,2021.0,370.0,0.172,0.035,1.0,0.035,,,,,,,,,,,1.0,,,,1.0,0.0
Belarus,BLR,107.0,2022.0,370.0,0.171,0.036,1.0,0.035,,,,,,,,,,,1.0,,,,1.0,0.0
Belarus,BLR,107.0,2023.0,370.0,0.157,0.035,1.0,0.029,,,,,,,,,,,1.0,,,,1.0,0.0
Belarus,BLR,107.0,2024.0,370.0,0.16,0.036,0.0,0.029,0.0,0.0,1.0,0.0,0.0,0.0,0.0,0.0,0.0,65.97,1.0,46.4,,,1.0,0.0
Belarus,BLR,107.0,2025.0,370.0,0.163,0.038,0.0,0.029,0.0,0.0,0.0,0.0,0.0,0.0,0.0,0.0,1.0,80.49,1.0,,87.48,3.23,1.0,0.0
Cameroon,CMR,108.0,1980.0,471.0,0.162,0.08,1.0,0.224,0.0,0.0,0.0,0.0,0.0,0.0,0.0,0.0,1.0,,1.0,,100.0,0.0,1.0,0.0
Cameroon,CMR,108.0,1981.0,471.0,0.162,0.08,1.0,0.224,,,,,,,,,,,1.0,,,,1.0,0.0
Cameroon,CMR,108.0,1982.0,471.0,0.169,0.09,1.0,0.224,,,,,,,,,,,1.0,,,,1.0,0.0
Cameroon,CMR,108.0,1983.0,471.0,0.177,0.097,1.0,0.224,0.0,0.0,1.0,0.0,0.0,0.0,0.0,0.0,0.0,,1.0,100.0,,,1.0,0.0
Cameroon,CMR,108.0,1984.0,471.0,0.177,0.101,1.0,0.224,0.0,1.0,0.0,0.0,0.0,0.0,0.0,0.0,1.0,,1.0,,100.0,0.0,1.0,
Cameroon,CMR,108.0,1985.0,471.0,0.179,0.1,1.0,0.224,,,,,,,,,,,1.0,,,,1.0,
Cameroon,CMR,108.0,1986.0,471.0,0.179,0.1,1.0,0.224,,,,,,,,,,,1.0,,,,1.0,
Cameroon,CMR,108.0,1987.0,471.0,0.179,0.1,1.0,0.224,,,,,,,,,,,1.0,,,,1.0,
Cameroon,CMR,108.0,1988.0,471.0,0.179,0.101,1.0,0.224,0.0,0.0,1.0,0.0,0.0,0.0,0.0,0.0,1.0,67.83,1.0,100.0,100.0,0.0,1.0,
Cameroon,CMR,108.0,1989.0,471.0,0.179,0.101,1.0,0.224,,,,,,,,,,,1.0,,,,1.0,
Cameroon,CMR,108.0,1990.0,471.0,0.245,0.127,1.0,0.262,,,,,,,,,,,1.0,,,,1.0,
Cameroon,CMR,108.0,1991.0,471.0,0.263,0.137,1.0,0.262,,,,,,,,,,,1.0,,,,1.0,0.0
Cameroon,CMR,108.0,1992.0,471.0,0.288,0.144,1.0,0.262,1.0,0.0,1.0,0.0,0.0,0.0,0.0,0.0,1.0,55.0,1.0,48.89,40.0,36.0,1.0,0.0
Cameroon,CMR,108.0,1993.0,471.0,0.288,0.148,1.0,0.262,,,,,,,,,,,1.0,,,,1.0,0.0
Cameroon,CMR,108.0,1994.0,471.0,0.288,0.146,1.0,0.26,,,,,,,,,,,1.0,,,,1.0,0.0
Cameroon,CMR,108.0,1995.0,471.0,0.287,0.146,1.0,0.26,,,,,,,,,,,1.0,,,,1.0,0.0
Cameroon,CMR,108.0,1996.0,471.0,0.287,0.144,1.0,0.257,,,,,,,,,,,1.0,,,,1.0,0.0
Cameroon,CMR,108.0,1997.0,471.0,0.289,0.144,1.0,0.257,0.0,0.0,1.0,0.0,0.0,0.0,0.0,0.0,1.0,53.67,1.0,63.01,92.57,2.5,1.0,0.0
Cameroon,CMR,108.0,1998.0,471.0,0.292,0.147,1.0,0.257,,,,,,,,,,,1.0,,,,1.0,0.0
Cameroon,CMR,108.0,1999.0,471.0,0.292,0.147,1.0,0.257,,,,,,,,,,,1.0,,,,1.0,0.0
Cameroon,CMR,108.0,2000.0,471.0,0.304,0.157,1.0,0.285,,,,,,,,,,,1.0,,,,1.0,0.0
Cameroon,CMR,108.0,2001.0,471.0,0.304,0.156,1.0,0.285,,,,,,,,,,,1.0,,,,1.0,0.0
Cameroon,CMR,108.0,2002.0,471.0,0.306,0.156,1.0,0.285,0.0,0.0,1.0,0.0,0.0,0.0,0.0,0.0,0.0,36.89,1.0,82.78,,,1.0,0.0
Cameroon,CMR,108.0,2003.0,471.0,0.309,0.157,1.0,0.285,,,,,,,,,,,1.0,,,,1.0,0.0
Cameroon,CMR,108.0,2004.0,471.0,0.312,0.158,1.0,0.285,0.0,0.0,0.0,0.0,0.0,0.0,0.0,0.0,1.0,45.28,1.0,,70.92,17.4,1.0,0.0
Cameroon,CMR,108.0,2005.0,471.0,0.315,0.155,1.0,0.242,,,,,,,,,,,1.0,,,,1.0,0.0
Cameroon,CMR,108.0,2006.0,471.0,0.315,0.155,1.0,0.242,,,,,,,,,,,1.0,,,,1.0,0.0
Cameroon,CMR,108.0,2007.0,471.0,0.314,0.153,1.0,0.242,0.0,0.0,1.0,0.0,0.0,0.0,0.0,0.0,0.0,34.51,1.0,85.0,,,1.0,0.0
Cameroon,CMR,108.0,2008.0,471.0,0.311,0.153,1.0,0.242,,,,,,,,,,,1.0,,,,1.0,0.0
Cameroon,CMR,108.0,2009.0,471.0,0.311,0.154,1.0,0.242,,,,,,,,,,,1.0,,,,1.0,0.0
Cameroon,CMR,108.0,2010.0,471.0,0.314,0.154,1.0,0.242,,,,,,,,,,,1.0,,,,1.0,0.0
Cameroon,CMR,108.0,2011.0,471.0,0.317,0.155,1.0,0.242,0.0,0.0,0.0,0.0,0.0,0.0,0.0,0.0,1.0,50.25,1.0,,77.99,10.71,1.0,0.0
Cameroon,CMR,108.0,2012.0,471.0,0.321,0.159,1.0,0.266,,,,,,,,,,,1.0,,,,1.0,0.0
Cameroon,CMR,108.0,2013.0,471.0,0.319,0.15,1.0,0.213,0.0,0.0,1.0,0.0,0.0,0.0,0.0,0.0,0.0,37.55,1.0,82.22,,,1.0,0.0
Cameroon,CMR,108.0,2014.0,471.0,0.326,0.152,1.0,0.213,,,,,,,,,,,1.0,,,,1.0,0.0
Cameroon,CMR,108.0,2015.0,471.0,0.324,0.152,1.0,0.213,,,,,,,,,,,1.0,,,,1.0,0.0
Cameroon,CMR,108.0,2016.0,471.0,0.307,0.139,1.0,0.221,,,,,,,,,,,1.0,,,,1.0,0.0
Cameroon,CMR,108.0,2017.0,471.0,0.298,0.131,1.0,0.225,,,,,,,,,,,1.0,,,,1.0,0.0
Cameroon,CMR,108.0,2018.0,471.0,0.293,0.12,1.0,0.182,0.0,0.0,0.0,0.0,0.0,0.0,0.0,0.0,1.0,29.06,1.0,,71.28,14.23,1.0,0.0
Cameroon,CMR,108.0,2019.0,471.0,0.28,0.116,1.0,0.168,,,,,,,,,,,1.0,,,,1.0,0.0
Cameroon,CMR,108.0,2020.0,471.0,0.285,0.123,1.0,0.168,0.0,0.0,1.0,0.0,0.0,0.0,0.0,0.0,0.0,23.24,1.0,77.22,,,1.0,0.0
Cameroon,CMR,108.0,2021.0,471.0,0.282,0.121,1.0,0.149,,,,,,,,,,,1.0,,,,1.0,0.0
Cameroon,CMR,108.0,2022.0,471.0,0.291,0.138,1.0,0.177,,,,,,,,,,,1.0,,,,1.0,0.0
Cameroon,CMR,108.0,2023.0,471.0,0.279,0.122,1.0,0.177,,,,,,,,,,,1.0,,,,1.0,0.0
Cameroon,CMR,108.0,2024.0,471.0,0.277,0.126,1.0,0.219,,,,,,,,,,,1.0,,,,1.0,0.0
Cameroon,CMR,108.0,2025.0,471.0,0.26,0.114,1.0,0.186,0.0,0.0,0.0,0.0,0.0,0.0,0.0,0.0,1.0,30.56,1.0,,53.66,35.19,1.0,0.0
Chad,TCD,109.0,1980.0,483.0,0.09,0.03,0.0,,,,,,,,,,,,1.0,,,,1.0,
Chad,TCD,109.0,1981.0,483.0,0.09,0.028,0.0,,,,,,,,,,,,1.0,,,,1.0,
Chad,TCD,109.0,1982.0,483.0,0.08,0.029,0.0,0.102,,,,,,,,,,,1.0,,,,1.0,
Chad,TCD,109.0,1983.0,483.0,0.08,0.034,0.0,0.057,,,,,,,,,,,1.0,,,,1.0,
Chad,TCD,109.0,1984.0,483.0,0.08,0.034,0.0,0.057,,,,,,,,,,,1.0,,,,1.0,
Chad,TCD,109.0,1985.0,483.0,0.08,0.034,0.0,0.057,,,,,,,,,,,1.0,,,,1.0,
Chad,TCD,109.0,1986.0,483.0,0.08,0.034,0.0,0.057,,,,,,,,,,,1.0,,,,1.0,
Chad,TCD,109.0,1987.0,483.0,0.08,0.034,0.0,0.057,,,,,,,,,,,1.0,,,,1.0,
Chad,TCD,109.0,1988.0,483.0,0.08,0.034,0.0,0.057,,,,,,,,,,,1.0,,,,1.0,
Chad,TCD,109.0,1989.0,483.0,0.08,0.034,0.0,0.057,,,,,,,,,,,1.0,,,,1.0,
Chad,TCD,109.0,1990.0,483.0,0.125,0.043,0.0,0.057,0.0,0.0,1.0,0.0,0.0,0.0,0.0,0.0,0.0,,1.0,,,,1.0,
Chad,TCD,109.0,1991.0,483.0,0.168,0.057,0.0,,,,,,,,,,,,1.0,,,,1.0,0.0
Chad,TCD,109.0,1992.0,483.0,0.173,0.058,0.0,,,,,,,,,,,,1.0,,,,1.0,0.0
Chad,TCD,109.0,1993.0,483.0,0.173,0.069,0.0,0.143,,,,,,,,,,,1.0,,,,1.0,0.0
Chad,TCD,109.0,1994.0,483.0,0.173,0.077,0.0,0.187,,,,,,,,,,,1.0,,,,1.0,0.0
Chad,TCD,109.0,1995.0,483.0,0.173,0.077,0.0,0.187,,,,,,,,,,,1.0,,,,1.0,0.0
Chad,TCD,109.0,1996.0,483.0,0.221,0.082,1.0,0.126,0.0,0.0,0.0,0.0,0.0,0.0,0.0,0.0,1.0,79.89,1.0,,43.82,12.39,1.0,0.0
Chad,TCD,109.0,1997.0,483.0,0.278,0.096,1.0,0.126,2.0,0.0,1.0,1.0,0.0,0.0,0.0,0.0,0.0,25.64,1.0,52.0,,,1.0,0.0
Chad,TCD,109.0,1998.0,483.0,0.279,0.097,1.0,0.126,,,,,,,,,,,1.0,,,,1.0,0.0
Chad,TCD,109.0,1999.0,483.0,0.279,0.097,1.0,0.126,,,,,,,,,,,1.0,,,,1.0,0.0
Chad,TCD,109.0,2000.0,483.0,0.279,0.097,1.0,0.126,,,,,,,,,,,1.0,,,,1.0,0.0
Chad,TCD,109.0,2001.0,483.0,0.276,0.096,1.0,0.126,0.0,0.0,0.0,0.0,0.0,0.0,0.0,0.0,1.0,70.01,1.0,,63.17,16.35,1.0,0.0
Chad,TCD,109.0,2002.0,483.0,0.273,0.095,1.0,0.126,1.0,0.0,1.0,0.0,0.0,0.0,0.0,0.0,0.0,59.61,1.0,72.9,,,1.0,0.0
Chad,TCD,109.0,2003.0,483.0,0.273,0.095,1.0,0.126,,,,,,,,,,,1.0,,,,1.0,0.0
Chad,TCD,109.0,2004.0,483.0,0.278,0.096,1.0,0.126,,,,,,,,,,,1.0,,,,1.0,0.0
Chad,TCD,109.0,2005.0,483.0,0.274,0.096,1.0,0.126,,,,,,,,,,,1.0,,,,1.0,0.0
Chad,TCD,109.0,2006.0,483.0,0.277,0.095,1.0,0.126,0.0,0.0,0.0,0.0,0.0,0.0,0.0,0.0,1.0,71.4,1.0,,64.67,15.13,1.0,0.0
Chad,TCD,109.0,2007.0,483.0,0.274,0.094,1.0,0.126,,,,,,,,,,,1.0,,,,1.0,0.0
Chad,TCD,109.0,2008.0,483.0,0.277,0.094,1.0,0.126,,,,,,,,,,,1.0,,,,1.0,0.0
Chad,TCD,109.0,2009.0,483.0,0.278,0.097,1.0,0.126,,,,,,,,,,,1.0,,,,1.0,0.0
Chad,TCD,109.0,2010.0,483.0,0.279,0.099,1.0,0.143,,,,,,,,,,,1.0,,,,1.0,0.0
Chad,TCD,109.0,2011.0,483.0,0.281,0.099,1.0,0.143,0.0,0.0,1.0,0.0,0.0,0.0,0.0,0.0,1.0,57.92,1.0,62.23,77.99,10.71,1.0,0.0
Chad,TCD,109.0,2012.0,483.0,0.28,0.099,1.0,0.143,,,,,,,,,,,1.0,,,,1.0,0.0
Chad,TCD,109.0,2013.0,483.0,0.277,0.093,1.0,0.154,,,,,,,,,,,1.0,,,,1.0,0.0
Chad,TCD,109.0,2014.0,483.0,0.274,0.091,1.0,0.154,,,,,,,,,,,1.0,,,,1.0,0.0
Chad,TCD,109.0,2015.0,483.0,0.279,0.091,1.0,0.154,,,,,,,,,,,1.0,,,,1.0,0.0
Chad,TCD,109.0,2016.0,483.0,0.28,0.092,1.0,0.154,0.0,0.0,0.0,0.0,0.0,0.0,0.0,0.0,1.0,70.98,1.0,,61.56,12.8,1.0,0.0
Chad,TCD,109.0,2017.0,483.0,0.265,0.084,1.0,0.15,,,,,,,,,,,1.0,,,,1.0,0.0
Chad,TCD,109.0,2018.0,483.0,0.267,0.079,1.0,0.094,,,,,,,,,,,1.0,,,,1.0,
Chad,TCD,109.0,2019.0,483.0,0.27,0.088,1.0,0.16,,,,,,,,,,,1.0,,,,1.0,
Chad,TCD,109.0,2020.0,483.0,0.268,0.088,1.0,0.162,,,,,,,,,,,1.0,,,,1.0,
Chad,TCD,109.0,2021.0,483.0,0.177,0.054,1.0,0.162,0.0,0.0,0.0,0.0,0.0,0.0,0.0,0.0,1.0,57.79,1.0,,79.32,10.33,1.0,0.0
Chad,TCD,109.0,2022.0,483.0,0.145,0.041,0.0,0.041,,,,,,,,,,,1.0,,,,1.0,0.0
Chad,TCD,109.0,2023.0,483.0,0.148,0.051,0.0,0.108,,,,,,,,,,,1.0,,,,1.0,0.0
Chad,TCD,109.0,2024.0,483.0,0.202,0.054,1.0,0.127,0.0,0.0,1.0,0.0,0.0,0.0,0.0,0.0,1.0,69.28,1.0,,61.0,18.54,1.0,0.0
Chad,TCD,109.0,2025.0,483.0,0.242,0.062,1.0,0.127,,,,,,,,,,,1.0,,,,1.0,0.0
China,CHN,110.0,1980.0,710.0,0.098,0.066,0.0,0.147,,,,,,,,,,,1.0,,,,0.5,0.0
China,CHN,110.0,1981.0,710.0,0.098,0.067,0.0,0.147,,,,,,,,,,,1.0,,,,0.5,0.0
China,CHN,110.0,1982.0,710.0,0.098,0.067,0.0,0.147,,,,,,,,,,,1.0,,,,0.5,0.0
China,CHN,110.0,1983.0,710.0,0.098,0.067,0.0,0.147,,,,,,,,,,,1.0,,,,0.0,0.0
China,CHN,110.0,1984.0,710.0,0.098,0.067,0.0,0.147,,,,,,,,,,,1.0,,,,0.0,0.0
China,CHN,110.0,1985.0,710.0,0.098,0.067,0.0,0.147,,,,,,,,,,,1.0,,,,0.0,0.0
China,CHN,110.0,1986.0,710.0,0.102,0.067,0.0,0.147,,,,,,,,,,,1.0,,,,0.0,0.0
China,CHN,110.0,1987.0,710.0,0.104,0.067,0.0,0.147,,,,,,,,,,,1.0,,,,0.0,0.0
China,CHN,110.0,1988.0,710.0,0.104,0.067,0.0,0.147,,,,,,,,,,,1.0,,,,0.0,0.0
China,CHN,110.0,1989.0,710.0,0.1,0.066,0.0,0.147,,,,,,,,,,,1.0,,,,0.0,0.0
China,CHN,110.0,1990.0,710.0,0.093,0.065,0.0,0.147,,,,,,,,,,,1.0,,,,0.0,0.0
China,CHN,110.0,1991.0,710.0,0.094,0.065,0.0,0.147,,,,,,,,,,,1.0,,,,0.0,0.0
China,CHN,110.0,1992.0,710.0,0.096,0.065,0.0,0.147,,,,,,,,,,,1.0,,,,0.0,0.0
China,CHN,110.0,1993.0,710.0,0.101,0.067,0.0,0.147,,,,,,,,,,,1.0,,,,1.0,0.0
China,CHN,110.0,1994.0,710.0,0.102,0.067,0.0,0.147,,,,,,,,,,,1.0,,,,1.0,0.0
China,CHN,110.0,1995.0,710.0,0.102,0.069,0.0,0.147,,,,,,,,,,,1.0,,,,1.0,0.0
China,CHN,110.0,1996.0,710.0,0.102,0.068,0.0,0.147,,,,,,,,,,,1.0,,,,1.0,0.0
China,CHN,110.0,1997.0,710.0,0.102,0.068,0.0,0.147,,,,,,,,,,,1.0,,,,1.0,0.0
China,CHN,110.0,1998.0,710.0,0.102,0.069,0.0,0.147,,,,,,,,,,,1.0,,,,1.0,0.0
China,CHN,110.0,1999.0,710.0,0.102,0.07,0.0,0.147,,,,,,,,,,,1.0,,,,1.0,0.0
China,CHN,110.0,2000.0,710.0,0.1,0.07,0.0,0.147,,,,,,,,,,,1.0,,,,1.0,0.0
China,CHN,110.0,2001.0,710.0,0.102,0.071,0.0,0.147,,,,,,,,,,,1.0,,,,1.0,0.0
China,CHN,110.0,2002.0,710.0,0.102,0.073,0.0,0.147,,,,,,,,,,,1.0,,,,1.0,0.0
China,CHN,110.0,2003.0,710.0,0.103,0.074,0.0,0.147,,,,,,,,,,,1.0,,,,1.0,0.0
China,CHN,110.0,2004.0,710.0,0.102,0.073,0.0,0.147,,,,,,,,,,,1.0,,,,1.0,0.0
China,CHN,110.0,2005.0,710.0,0.094,0.057,0.0,0.151,,,,,,,,,,,1.0,,,,1.0,0.0
China,CHN,110.0,2006.0,710.0,0.094,0.057,0.0,0.149,,,,,,,,,,,1.0,,,,1.0,0.0
China,CHN,110.0,2007.0,710.0,0.095,0.057,0.0,0.148,,,,,,,,,,,1.0,,,,1.0,0.0
China,CHN,110.0,2008.0,710.0,0.095,0.057,0.0,0.158,,,,,,,,,,,1.0,,,,1.0,0.0
China,CHN,110.0,2009.0,710.0,0.094,0.057,0.0,0.158,,,,,,,,,,,1.0,,,,1.0,0.0
China,CHN,110.0,2010.0,710.0,0.094,0.057,0.0,0.146,,,,,,,,,,,1.0,,,,1.0,0.0
China,CHN,110.0,2011.0,710.0,0.094,0.056,0.0,0.146,,,,,,,,,,,1.0,,,,1.0,0.0
China,CHN,110.0,2012.0,710.0,0.094,0.056,0.0,0.148,,,,,,,,,,,1.0,,,,1.0,0.0
China,CHN,110.0,2013.0,710.0,0.086,0.053,0.0,0.151,,,,,,,,,,,1.0,,,,1.0,0.0
China,CHN,110.0,2014.0,710.0,0.084,0.052,0.0,0.155,,,,,,,,,,,1.0,,,,1.0,0.0
China,CHN,110.0,2015.0,710.0,0.082,0.052,0.0,0.155,,,,,,,,,,,1.0,,,,1.0,0.0
China,CHN,110.0,2016.0,710.0,0.08,0.052,0.0,0.155,,,,,,,,,,,1.0,,,,1.0,0.0
China,CHN,110.0,2017.0,710.0,0.078,0.052,0.0,0.158,,,,,,,,,,,1.0,,,,1.0,0.0
China,CHN,110.0,2018.0,710.0,0.076,0.048,0.0,0.162,,,,,,,,,,,1.0,,,,1.0,0.0
China,CHN,110.0,2019.0,710.0,0.075,0.047,0.0,0.162,,,,,,,,,,,1.0,,,,1.0,0.0
China,CHN,110.0,2020.0,710.0,0.075,0.042,0.0,0.162,,,,,,,,,,,1.0,,,,1.0,0.0
China,CHN,110.0,2021.0,710.0,0.077,0.044,0.0,0.162,,,,,,,,,,,1.0,,,,1.0,0.0
China,CHN,110.0,2022.0,710.0,0.075,0.042,0.0,0.16,,,,,,,,,,,1.0,,,,1.0,0.0
China,CHN,110.0,2023.0,710.0,0.074,0.037,0.0,0.106,,,,,,,,,,,1.0,,,,1.0,0.0
China,CHN,110.0,2024.0,710.0,0.073,0.037,0.0,0.098,,,,,,,,,,,1.0,,,,1.0,0.0
China,CHN,110.0,2025.0,710.0,0.072,0.039,0.0,0.124,,,,,,,,,,,1.0,,,,1.0,0.0
Democratic Republic of the Congo,COD,111.0,1980.0,490.0,0.149,0.035,0.0,0.097,,,,,,,,,,,1.0,,,,1.0,0.0
Democratic Republic of the Congo,COD,111.0,1981.0,490.0,0.149,0.035,0.0,0.097,,,,,,,,,,,1.0,,,,1.0,0.0
Democratic Republic of the Congo,COD,111.0,1982.0,490.0,0.15,0.033,0.0,0.08,1.0,0.0,1.0,0.0,0.0,0.0,0.0,0.0,0.0,,1.0,100.0,,,1.0,0.0
Democratic Republic of the Congo,COD,111.0,1983.0,490.0,0.151,0.033,0.0,0.08,,,,,,,,,,,1.0,,,,1.0,0.0
Democratic Republic of the Congo,COD,111.0,1984.0,490.0,0.15,0.033,0.0,0.08,0.0,0.0,0.0,0.0,0.0,0.0,0.0,0.0,1.0,,1.0,,100.0,0.0,1.0,0.0
Democratic Republic of the Congo,COD,111.0,1985.0,490.0,0.149,0.033,0.0,0.08,,,,,,,,,,,1.0,,,,1.0,0.0
Democratic Republic of the Congo,COD,111.0,1986.0,490.0,0.149,0.033,0.0,0.08,,,,,,,,,,,1.0,,,,1.0,0.0
Democratic Republic of the Congo,COD,111.0,1987.0,490.0,0.15,0.033,0.0,0.08,0.0,0.0,1.0,0.0,0.0,0.0,0.0,0.0,0.0,,1.0,100.0,,,1.0,0.0
Democratic Republic of the Congo,COD,111.0,1988.0,490.0,0.152,0.034,0.0,0.08,,,,,,,,,,,1.0,,,,1.0,0.0
Democratic Republic of the Congo,COD,111.0,1989.0,490.0,0.152,0.033,0.0,0.08,,,,,,,,,,,1.0,,,,1.0,0.0
Democratic Republic of the Congo,COD,111.0,1990.0,490.0,0.177,0.051,0.0,0.137,,,,,,,,,,,1.0,,,,1.0,0.0
Democratic Republic of the Congo,COD,111.0,1991.0,490.0,0.198,0.055,0.0,0.137,,,,,,,,,,,1.0,,,,1.0,0.0
Democratic Republic of the Congo,COD,111.0,1992.0,490.0,0.2,0.054,0.0,0.137,,,,,,,,,,,1.0,,,,1.0,0.0
Democratic Republic of the Congo,COD,111.0,1993.0,490.0,0.168,0.035,0.0,0.155,,,,,,,,,,,1.0,,,,1.0,0.0
Democratic Republic of the Congo,COD,111.0,1994.0,490.0,0.17,0.035,0.0,0.155,,,,,,,,,,,1.0,,,,1.0,0.0
Democratic Republic of the Congo,COD,111.0,1995.0,490.0,0.17,0.036,0.0,0.155,,,,,,,,,,,1.0,,,,1.0,0.0
Democratic Republic of the Congo,COD,111.0,1996.0,490.0,0.17,0.036,0.0,0.155,,,,,,,,,,,1.0,,,,1.0,0.0
Democratic Republic of the Congo,COD,111.0,1997.0,490.0,0.126,0.026,0.0,0.155,,,,,,,,,,,1.0,,,,1.0,0.0
Democratic Republic of the Congo,COD,111.0,1998.0,490.0,0.149,0.039,0.0,0.155,,,,,,,,,,,1.0,,,,1.0,
Democratic Republic of the Congo,COD,111.0,1999.0,490.0,0.149,0.043,0.0,0.155,,,,,,,,,,,1.0,,,,1.0,
Democratic Republic of the Congo,COD,111.0,2000.0,490.0,0.15,0.053,0.0,0.25,,,,,,,,,,,1.0,,,,1.0,
Democratic Republic of the Congo,COD,111.0,2001.0,490.0,0.156,0.055,0.0,0.25,,,,,,,,,,,1.0,,,,1.0,
Democratic Republic of the Congo,COD,111.0,2002.0,490.0,0.163,0.056,0.0,0.25,,,,,,,,,,,1.0,,,,1.0,
Democratic Republic of the Congo,COD,111.0,2003.0,490.0,0.18,0.085,0.0,0.317,,,,,,,,,,,1.0,,,,1.0,
Democratic Republic of the Congo,COD,111.0,2004.0,490.0,0.187,0.096,0.0,0.339,,,,,,,,,,,1.0,,,,1.0,
Democratic Republic of the Congo,COD,111.0,2005.0,490.0,0.197,0.098,0.0,0.339,,,,,,,,,,,1.0,,,,1.0,
Democratic Republic of the Congo,COD,111.0,2006.0,490.0,0.251,0.116,1.0,0.379,2.0,0.0,1.0,0.0,0.0,0.0,0.0,0.0,1.0,61.57,1.0,22.2,58.05,41.95,1.0,0.0
Democratic Republic of the Congo,COD,111.0,2007.0,490.0,0.355,0.149,1.0,0.372,,,,,,,,,,,1.0,,,,1.0,0.0
Democratic Republic of the Congo,COD,111.0,2008.0,490.0,0.357,0.149,1.0,0.372,,,,,,,,,,,1.0,,,,1.0,0.0
Democratic Republic of the Congo,COD,111.0,2009.0,490.0,0.36,0.153,1.0,0.386,,,,,,,,,,,1.0,,,,1.0,0.0
Democratic Republic of the Congo,COD,111.0,2010.0,490.0,0.352,0.152,1.0,0.379,,,,,,,,,,,1.0,,,,1.0,0.0
Democratic Republic of the Congo,COD,111.0,2011.0,490.0,0.347,0.15,1.0,0.379,0.0,0.0,1.0,0.0,0.0,0.0,0.0,0.0,1.0,55.56,1.0,13.8,48.95,32.33,1.0,0.0
Democratic Republic of the Congo,COD,111.0,2012.0,490.0,0.321,0.141,1.0,0.369,,,,,,,,,,,1.0,,,,1.0,0.0
Democratic Republic of the Congo,COD,111.0,2013.0,490.0,0.319,0.124,1.0,0.251,,,,,,,,,,,1.0,,,,1.0,0.0
Democratic Republic of the Congo,COD,111.0,2014.0,490.0,0.318,0.126,1.0,0.267,,,,,,,,,,,1.0,,,,1.0,0.0
Democratic Republic of the Congo,COD,111.0,2015.0,490.0,0.316,0.122,1.0,0.247,,,,,,,,,,,1.0,,,,1.0,0.0
Democratic Republic of the Congo,COD,111.0,2016.0,490.0,0.305,0.119,1.0,0.247,,,,,,,,,,,1.0,,,,1.0,0.0
Democratic Republic of the Congo,COD,111.0,2017.0,490.0,0.304,0.11,1.0,0.211,,,,,,,,,,,1.0,,,,1.0,0.0
Democratic Republic of the Congo,COD,111.0,2018.0,490.0,0.306,0.117,1.0,0.192,1.0,2.0,1.0,0.0,0.0,0.0,0.0,0.0,1.0,41.53,1.0,10.0,38.57,34.83,1.0,0.0
Democratic Republic of the Congo,COD,111.0,2019.0,490.0,0.344,0.141,1.0,0.22,,,,,,,,,,,1.0,,,,1.0,0.0
Democratic Republic of the Congo,COD,111.0,2020.0,490.0,0.347,0.152,1.0,0.249,,,,,,,,,,,1.0,,,,1.0,0.0
Democratic Republic of the Congo,COD,111.0,2021.0,490.0,0.342,0.14,1.0,0.286,,,,,,,,,,,1.0,,,,1.0,0.0
Democratic Republic of the Congo,COD,111.0,2022.0,490.0,0.336,0.15,1.0,0.354,,,,,,,,,,,1.0,,,,1.0,0.0
Democratic Republic of the Congo,COD,111.0,2023.0,490.0,0.333,0.123,1.0,0.208,0.0,0.0,1.0,0.0,0.0,0.0,0.0,0.0,1.0,,1.0,14.26,73.34,18.08,1.0,0.0
Democratic Republic of the Congo,COD,111.0,2024.0,490.0,0.308,0.123,1.0,0.278,,,,,,,,,,,1.0,,,,1.0,1.0
Democratic Republic of the Congo,COD,111.0,2025.0,490.0,0.306,0.115,1.0,0.278,,,,,,,,,,,1.0,,,,1.0,1.0
Republic of the Congo,COG,112.0,1980.0,484.0,0.113,0.032,0.0,0.072,,,,,,,,,,,1.0,,,,1.0,0.0
Republic of the Congo,COG,112.0,1981.0,484.0,0.113,0.032,0.0,0.072,,,,,,,,,,,1.0,,,,1.0,0.0
Republic of the Congo,COG,112.0,1982.0,484.0,0.113,0.032,0.0,0.072,,,,,,,,,,,1.0,,,,1.0,0.0
Republic of the Congo,COG,112.0,1983.0,484.0,0.113,0.032,0.0,0.072,,,,,,,,,,,1.0,,,,1.0,0.0
Republic of the Congo,COG,112.0,1984.0,484.0,0.113,0.032,0.0,0.072,0.0,0.0,1.0,0.0,0.0,0.0,0.0,0.0,0.0,,1.0,100.0,,,1.0,0.0
Republic of the Congo,COG,112.0,1985.0,484.0,0.112,0.032,0.0,0.072,,,,,,,,,,,1.0,,,,1.0,0.0
Republic of the Congo,COG,112.0,1986.0,484.0,0.112,0.032,0.0,0.072,,,,,,,,,,,1.0,,,,1.0,0.0
Republic of the Congo,COG,112.0,1987.0,484.0,0.112,0.032,0.0,0.072,,,,,,,,,,,1.0,,,,1.0,0.0
Republic of the Congo,COG,112.0,1988.0,484.0,0.112,0.032,0.0,0.072,,,,,,,,,,,1.0,,,,1.0,0.0
Republic of the Congo,COG,112.0,1989.0,484.0,0.113,0.032,0.0,0.072,1.0,0.0,1.0,0.0,0.0,0.0,0.0,0.0,0.0,,1.0,100.0,,,1.0,0.0
Republic of the Congo,COG,112.0,1990.0,484.0,0.157,0.065,0.0,0.216,,,,,,,,,,,1.0,,,,1.0,0.0
Republic of the Congo,COG,112.0,1991.0,484.0,0.255,0.175,0.0,0.428,,,,,,,,,,,1.0,,,,1.0,0.0
Republic of the Congo,COG,112.0,1992.0,484.0,0.337,0.196,1.0,0.618,0.0,2.0,1.0,1.0,0.0,0.0,0.0,0.0,1.0,,1.0,31.2,35.89,20.32,1.0,0.0
Republic of the Congo,COG,112.0,1993.0,484.0,0.467,0.301,1.0,0.655,2.0,0.0,1.0,1.0,0.0,0.0,0.0,0.0,0.0,,1.0,37.6,,,1.0,0.0
Republic of the Congo,COG,112.0,1994.0,484.0,0.45,0.291,1.0,0.655,,,,,,,,,,,1.0,,,,1.0,0.0
Republic of the Congo,COG,112.0,1995.0,484.0,0.45,0.291,1.0,0.656,,,,,,,,,,,1.0,,,,1.0,0.0
Republic of the Congo,COG,112.0,1996.0,484.0,0.45,0.297,1.0,0.712,,,,,,,,,,,1.0,,,,1.0,0.0
Republic of the Congo,COG,112.0,1997.0,484.0,0.243,0.066,1.0,,,,,,,,,,,,1.0,,,,1.0,
Republic of the Congo,COG,112.0,1998.0,484.0,0.165,0.079,0.0,0.286,,,,,,,,,,,1.0,,,,1.0,
Republic of the Congo,COG,112.0,1999.0,484.0,0.165,0.075,0.0,0.25,,,,,,,,,,,1.0,,,,1.0,
Republic of the Congo,COG,112.0,2000.0,484.0,0.163,0.075,0.0,0.25,,,,,,,,,,,1.0,,,,1.0,
Republic of the Congo,COG,112.0,2001.0,484.0,0.16,0.075,0.0,0.25,,,,,,,,,,,1.0,,,,1.0,
Republic of the Congo,COG,112.0,2002.0,484.0,0.208,0.085,1.0,0.25,1.0,0.0,1.0,1.0,0.0,0.0,0.0,0.0,1.0,86.59,1.0,38.69,89.4,2.8,1.0,
Republic of the Congo,COG,112.0,2003.0,484.0,0.257,0.097,1.0,0.25,,,,,,,,,,,1.0,,,,1.0,
Republic of the Congo,COG,112.0,2004.0,484.0,0.257,0.097,1.0,0.25,,,,,,,,,,,1.0,,,,1.0,
Republic of the Congo,COG,112.0,2005.0,484.0,0.257,0.097,1.0,0.25,,,,,,,,,,,1.0,,,,1.0,0.0
Republic of the Congo,COG,112.0,2006.0,484.0,0.257,0.097,1.0,0.25,,,,,,,,,,,1.0,,,,1.0,0.0
Republic of the Congo,COG,112.0,2007.0,484.0,0.254,0.096,1.0,0.25,0.0,0.0,1.0,1.0,0.0,0.0,0.0,0.0,0.0,,1.0,32.12,,,1.0,0.0
Republic of the Congo,COG,112.0,2008.0,484.0,0.252,0.095,1.0,0.25,,,,,,,,,,,1.0,,,,1.0,0.0
Republic of the Congo,COG,112.0,2009.0,484.0,0.255,0.095,1.0,0.239,0.0,0.0,0.0,0.0,0.0,0.0,0.0,0.0,1.0,72.56,1.0,,78.6,7.5,1.0,
Republic of the Congo,COG,112.0,2010.0,484.0,0.255,0.095,1.0,0.239,,,,,,,,,,,1.0,,,,1.0,
Republic of the Congo,COG,112.0,2011.0,484.0,0.255,0.095,1.0,0.239,,,,,,,,,,,1.0,,,,1.0,
Republic of the Congo,COG,112.0,2012.0,484.0,0.254,0.095,1.0,0.239,0.0,0.0,1.0,1.0,0.0,0.0,0.0,0.0,0.0,,1.0,64.03,,,1.0,
Republic of the Congo,COG,112.0,2013.0,484.0,0.249,0.101,1.0,0.27,,,,,,,,,,,1.0,,,,1.0,
Republic of the Congo,COG,112.0,2014.0,484.0,0.249,0.101,1.0,0.27,,,,,,,,,,,1.0,,,,1.0,
Republic of the Congo,COG,112.0,2015.0,484.0,0.249,0.102,1.0,0.27,,,,,,,,,,,1.0,,,,1.0,
Republic of the Congo,COG,112.0,2016.0,484.0,0.247,0.101,1.0,0.27,0.0,0.0,0.0,0.0,0.0,0.0,0.0,0.0,1.0,55.84,1.0,,60.19,15.04,1.0,0.0
Republic of the Congo,COG,112.0,2017.0,484.0,0.252,0.103,1.0,0.281,0.0,0.0,1.0,1.0,0.0,0.0,0.0,0.0,0.0,35.83,1.0,64.08,,,1.0,0.0
Republic of the Congo,COG,112.0,2018.0,484.0,0.258,0.109,1.0,0.281,,,,,,,,,,,1.0,,,,1.0,0.0
Republic of the Congo,COG,112.0,2019.0,484.0,0.25,0.1,1.0,0.281,,,,,,,,,,,1.0,,,,1.0,0.0
Republic of the Congo,COG,112.0,2020.0,484.0,0.257,0.118,1.0,0.351,,,,,,,,,,,1.0,,,,1.0,0.0
Republic of the Congo,COG,112.0,2021.0,484.0,0.254,0.116,1.0,0.31,0.0,0.0,0.0,0.0,0.0,0.0,0.0,0.0,1.0,62.37,1.0,,88.4,7.96,1.0,0.0
Republic of the Congo,COG,112.0,2022.0,484.0,0.243,0.114,1.0,0.31,0.0,0.0,1.0,1.0,0.0,0.0,0.0,0.0,0.0,,1.0,74.17,,,1.0,0.0
Republic of the Congo,COG,112.0,2023.0,484.0,0.253,0.121,1.0,0.303,,,,,,,,,,,1.0,,,,1.0,0.0
Republic of the Congo,COG,112.0,2024.0,484.0,0.255,0.119,1.0,0.303,,,,,,,,,,,1.0,,,,1.0,0.0
Republic of the Congo,COG,112.0,2025.0,484.0,0.243,0.115,1.0,0.303,,,,,,,,,,,1.0,,,,1.0,0.0
Djibouti,DJI,113.0,1980.0,522.0,0.181,0.082,1.0,0.077,,,,,,,,,,,1.0,,,,1.0,0.0
Djibouti,DJI,113.0,1981.0,522.0,0.181,0.082,0.0,0.077,0.0,0.0,0.0,0.0,0.0,0.0,0.0,0.0,1.0,,1.0,,84.6,0.0,1.0,0.0
Djibouti,DJI,113.0,1982.0,522.0,0.178,0.082,0.0,0.077,0.0,0.0,1.0,0.0,0.0,0.0,0.0,0.0,0.0,,1.0,100.0,,,1.0,0.0
Djibouti,DJI,113.0,1983.0,522.0,0.178,0.082,0.0,0.077,,,,,,,,,,,1.0,,,,1.0,0.0
Djibouti,DJI,113.0,1984.0,522.0,0.178,0.082,0.0,0.077,,,,,,,,,,,1.0,,,,1.0,0.0
Djibouti,DJI,113.0,1985.0,522.0,0.178,0.082,0.0,0.077,,,,,,,,,,,1.0,,,,1.0,0.0
Djibouti,DJI,113.0,1986.0,522.0,0.178,0.082,0.0,0.077,,,,,,,,,,,1.0,,,,1.0,0.0
Djibouti,DJI,113.0,1987.0,522.0,0.179,0.082,1.0,0.077,0.0,0.0,1.0,0.0,0.0,0.0,0.0,0.0,1.0,,1.0,100.0,89.7,0.0,1.0,0.0
Djibouti,DJI,113.0,1988.0,522.0,0.179,0.082,1.0,0.077,,,,,,,,,,,1.0,,,,1.0,0.0
Djibouti,DJI,113.0,1989.0,522.0,0.179,0.082,1.0,0.077,,,,,,,,,,,1.0,,,,1.0,0.0
Djibouti,DJI,113.0,1990.0,522.0,0.18,0.084,1.0,0.077,,,,,,,,,,,1.0,,,,1.0,0.0
Djibouti,DJI,113.0,1991.0,522.0,0.178,0.081,1.0,0.077,,,,,,,,,,,1.0,,,,1.0,0.0
Djibouti,DJI,113.0,1992.0,522.0,0.226,0.105,1.0,0.123,0.0,0.0,1.0,0.0,0.0,0.0,0.0,0.0,0.0,26.28,1.0,100.0,,,1.0,0.0
Djibouti,DJI,113.0,1993.0,522.0,0.24,0.11,1.0,0.123,0.0,0.0,0.0,0.0,0.0,0.0,0.0,0.0,1.0,26.11,1.0,,60.7,22.0,1.0,0.0
Djibouti,DJI,113.0,1994.0,522.0,0.24,0.11,1.0,0.123,,,,,,,,,,,1.0,,,,1.0,0.0
Djibouti,DJI,113.0,1995.0,522.0,0.24,0.11,1.0,0.123,,,,,,,,,,,1.0,,,,1.0,0.0
Djibouti,DJI,113.0,1996.0,522.0,0.24,0.11,1.0,0.123,,,,,,,,,,,1.0,,,,1.0,0.0
Djibouti,DJI,113.0,1997.0,522.0,0.24,0.11,1.0,0.123,0.0,0.0,1.0,0.0,0.0,0.0,0.0,0.0,0.0,29.82,1.0,100.0,,,1.0,0.0
Djibouti,DJI,113.0,1998.0,522.0,0.245,0.114,1.0,0.127,,,,,,,,,,,1.0,,,,1.0,0.0
Djibouti,DJI,113.0,1999.0,522.0,0.246,0.114,1.0,0.127,0.0,1.0,0.0,0.0,0.0,0.0,0.0,0.0,1.0,29.01,1.0,,74.02,25.98,1.0,0.0
Djibouti,DJI,113.0,2000.0,522.0,0.251,0.116,1.0,0.127,,,,,,,,,,,1.0,,,,1.0,0.0
Djibouti,DJI,113.0,2001.0,522.0,0.253,0.117,1.0,0.127,,,,,,,,,,,1.0,,,,1.0,0.0
Djibouti,DJI,113.0,2002.0,522.0,0.268,0.122,1.0,0.127,,,,,,,,,,,1.0,,,,1.0,0.0
Djibouti,DJI,113.0,2003.0,522.0,0.262,0.12,1.0,0.127,0.0,0.0,1.0,0.0,0.0,0.0,0.0,0.0,0.0,23.56,1.0,100.0,,,1.0,0.0
Djibouti,DJI,113.0,2004.0,522.0,0.264,0.121,1.0,0.127,,,,,,,,,,,1.0,,,,1.0,0.0
Djibouti,DJI,113.0,2005.0,522.0,0.25,0.116,1.0,0.127,0.0,0.0,0.0,0.0,0.0,0.0,0.0,0.0,1.0,54.08,1.0,,100.0,,1.0,0.0
Djibouti,DJI,113.0,2006.0,522.0,0.247,0.115,1.0,0.127,,,,,,,,,,,1.0,,,,1.0,0.0
Djibouti,DJI,113.0,2007.0,522.0,0.247,0.115,1.0,0.127,,,,,,,,,,,1.0,,,,1.0,0.0
Djibouti,DJI,113.0,2008.0,522.0,0.242,0.114,1.0,0.127,0.0,0.0,1.0,0.0,0.0,0.0,0.0,0.0,0.0,27.72,1.0,100.0,,,1.0,0.0
Djibouti,DJI,113.0,2009.0,522.0,0.244,0.114,1.0,0.127,,,,,,,,,,,1.0,,,,1.0,0.0
Djibouti,DJI,113.0,2010.0,522.0,0.242,0.113,1.0,0.127,,,,,,,,,,,1.0,,,,1.0,0.0
Djibouti,DJI,113.0,2011.0,522.0,0.246,0.114,1.0,0.127,0.0,0.0,0.0,0.0,0.0,0.0,0.0,0.0,1.0,25.98,1.0,,80.63,19.37,1.0,0.0
Djibouti,DJI,113.0,2012.0,522.0,0.247,0.115,1.0,0.127,,,,,,,,,,,1.0,,,,1.0,0.0
Djibouti,DJI,113.0,2013.0,522.0,0.244,0.114,1.0,0.127,1.0,0.0,1.0,0.0,0.0,0.0,0.0,0.0,0.0,26.82,1.0,84.62,,,1.0,0.0
Djibouti,DJI,113.0,2014.0,522.0,0.245,0.114,1.0,0.127,,,,,,,,,,,1.0,,,,1.0,0.0
Djibouti,DJI,113.0,2015.0,522.0,0.245,0.114,1.0,0.127,,,,,,,,,,,1.0,,,,1.0,0.0
Djibouti,DJI,113.0,2016.0,522.0,0.243,0.114,1.0,0.127,0.0,0.0,0.0,0.0,0.0,0.0,0.0,0.0,1.0,24.73,1.0,,87.07,7.34,1.0,0.0
Djibouti,DJI,113.0,2017.0,522.0,0.243,0.11,1.0,0.127,,,,,,,,,,,1.0,,,,1.0,0.0
Djibouti,DJI,113.0,2018.0,522.0,0.25,0.113,1.0,0.127,0.0,0.0,1.0,0.0,0.0,0.0,0.0,0.0,0.0,21.48,1.0,87.69,,,1.0,0.0
Djibouti,DJI,113.0,2019.0,522.0,0.251,0.119,1.0,0.141,,,,,,,,,,,1.0,,,,1.0,0.0
Djibouti,DJI,113.0,2020.0,522.0,0.25,0.119,1.0,0.141,,,,,,,,,,,1.0,,,,1.0,0.0
Djibouti,DJI,113.0,2021.0,522.0,0.251,0.12,1.0,0.141,0.0,0.0,0.0,0.0,0.0,0.0,0.0,0.0,1.0,27.06,1.0,,97.3,2.7,1.0,0.0
Djibouti,DJI,113.0,2022.0,522.0,0.25,0.119,1.0,0.141,,,,,,,,,,,1.0,,,,1.0,0.0
Djibouti,DJI,113.0,2023.0,522.0,0.25,0.118,1.0,0.141,0.0,0.0,1.0,0.0,0.0,0.0,0.0,0.0,0.0,26.51,1.0,89.23,,,1.0,0.0
Djibouti,DJI,113.0,2024.0,522.0,0.25,0.118,1.0,0.141,,,,,,,,,,,1.0,,,,1.0,0.0
Djibouti,DJI,113.0,2025.0,522.0,0.25,0.118,1.0,0.141,,,,,,,,,,,1.0,,,,1.0,0.0
Dominican Republic,DOM,114.0,1980.0,42.0,0.473,0.252,1.0,0.145,,,,,,,,,,,1.0,,,,1.0,
Dominican Republic,DOM,114.0,1981.0,42.0,0.473,0.252,1.0,0.145,,,,,,,,,,,1.0,,,,1.0,
Dominican Republic,DOM,114.0,1982.0,42.0,0.51,0.271,2.0,0.145,1.0,1.0,1.0,0.0,0.0,0.0,0.0,0.0,1.0,65.62,1.0,51.67,46.7,38.6,1.0,
Dominican Republic,DOM,114.0,1983.0,42.0,0.532,0.267,2.0,0.145,,,,,,,,,,,1.0,,,,1.0,
Dominican Republic,DOM,114.0,1984.0,42.0,0.531,0.263,2.0,0.145,,,,,,,,,,,1.0,,,,1.0,
Dominican Republic,DOM,114.0,1985.0,42.0,0.531,0.263,2.0,0.145,,,,,,,,,,,1.0,,,,1.0,
Dominican Republic,DOM,114.0,1986.0,42.0,0.528,0.253,2.0,0.096,2.0,2.0,1.0,0.0,0.0,0.0,0.0,0.0,1.0,60.7,1.0,46.67,41.6,39.2,1.0,
Dominican Republic,DOM,114.0,1987.0,42.0,0.516,0.24,2.0,0.096,,,,,,,,,,,1.0,,,,1.0,
Dominican Republic,DOM,114.0,1988.0,42.0,0.517,0.237,2.0,0.096,,,,,,,,,,,1.0,,,,1.0,
Dominican Republic,DOM,114.0,1989.0,42.0,0.517,0.238,2.0,0.096,,,,,,,,,,,1.0,,,,1.0,
Dominican Republic,DOM,114.0,1990.0,42.0,0.46,0.216,1.0,0.117,0.0,0.0,1.0,0.0,0.0,0.0,0.0,0.0,1.0,48.78,1.0,36.67,35.35,33.79,1.0,
Dominican Republic,DOM,114.0,1991.0,42.0,0.43,0.203,1.0,0.117,,,,,,,,,,,1.0,,,,1.0,
Dominican Republic,DOM,114.0,1992.0,42.0,0.43,0.203,1.0,0.117,,,,,,,,,,,1.0,,,,1.0,
Dominican Republic,DOM,114.0,1993.0,42.0,0.43,0.201,1.0,0.117,,,,,,,,,,,1.0,,,,1.0,
Dominican Republic,DOM,114.0,1994.0,42.0,0.432,0.196,1.0,0.117,0.0,0.0,1.0,0.0,0.0,0.0,0.0,0.0,1.0,30.56,1.0,47.5,43.3,41.6,1.0,
Dominican Republic,DOM,114.0,1995.0,42.0,0.444,0.205,1.0,0.117,,,,,,,,,,,1.0,,,,1.0,
Dominican Republic,DOM,114.0,1996.0,42.0,0.544,0.281,2.0,0.258,2.0,2.0,0.0,0.0,0.0,0.0,0.0,0.0,1.0,60.54,1.0,,45.9,38.9,1.0,
Dominican Republic,DOM,114.0,1997.0,42.0,0.619,0.357,2.0,0.258,,,,,,,,,,,1.0,,,,1.0,
Dominican Republic,DOM,114.0,1998.0,42.0,0.639,0.372,2.0,0.258,0.0,0.0,1.0,0.0,0.0,0.0,0.0,0.0,0.0,45.62,1.0,55.7,,,1.0,
Dominican Republic,DOM,114.0,1999.0,42.0,0.647,0.378,2.0,0.258,,,,,,,,,,,1.0,,,,1.0,
Dominican Republic,DOM,114.0,2000.0,42.0,0.665,0.391,2.0,0.314,2.0,2.0,0.0,0.0,0.0,0.0,0.0,0.0,1.0,65.33,1.0,,49.87,24.94,1.0,
Dominican Republic,DOM,114.0,2001.0,42.0,0.673,0.391,2.0,0.287,,,,,,,,,,,1.0,,,,1.0,
Dominican Republic,DOM,114.0,2002.0,42.0,0.672,0.388,2.0,0.287,0.0,0.0,1.0,0.0,0.0,0.0,0.0,0.0,0.0,47.03,1.0,48.67,,,1.0,
Dominican Republic,DOM,114.0,2003.0,42.0,0.671,0.385,2.0,0.287,,,,,,,,,,,1.0,,,,1.0,
Dominican Republic,DOM,114.0,2004.0,42.0,0.659,0.379,2.0,0.287,2.0,2.0,0.0,0.0,0.0,0.0,0.0,0.0,1.0,69.45,1.0,,57.1,33.7,1.0,
Dominican Republic,DOM,114.0,2005.0,42.0,0.651,0.383,2.0,0.347,,,,,,,,,,,1.0,,,,1.0,
Dominican Republic,DOM,114.0,2006.0,42.0,0.644,0.378,2.0,0.347,0.0,0.0,1.0,0.0,0.0,0.0,0.0,0.0,0.0,56.4,1.0,53.93,,,1.0,
Dominican Republic,DOM,114.0,2007.0,42.0,0.636,0.376,2.0,0.372,,,,,,,,,,,1.0,,,,1.0,
Dominican Republic,DOM,114.0,2008.0,42.0,0.638,0.376,2.0,0.372,0.0,0.0,0.0,0.0,0.0,0.0,0.0,0.0,1.0,71.63,1.0,,53.83,40.48,1.0,
Dominican Republic,DOM,114.0,2009.0,42.0,0.639,0.377,2.0,0.372,,,,,,,,,,,1.0,,,,1.0,
Dominican Republic,DOM,114.0,2010.0,42.0,0.625,0.371,2.0,0.396,0.0,0.0,1.0,0.0,0.0,0.0,0.0,0.0,0.0,58.57,1.0,57.38,,,1.0,
Dominican Republic,DOM,114.0,2011.0,42.0,0.623,0.364,2.0,0.342,,,,,,,,,,,1.0,,,,1.0,
Dominican Republic,DOM,114.0,2012.0,42.0,0.612,0.366,2.0,0.344,1.0,1.0,0.0,0.0,0.0,0.0,0.0,0.0,1.0,70.21,1.0,,51.21,46.95,1.0,
Dominican Republic,DOM,114.0,2013.0,42.0,0.6,0.354,2.0,0.332,,,,,,,,,,,1.0,,,,1.0,
Dominican Republic,DOM,114.0,2014.0,42.0,0.6,0.352,2.0,0.332,,,,,,,,,,,1.0,,,,1.0,
Dominican Republic,DOM,114.0,2015.0,42.0,0.59,0.344,2.0,0.332,,,,,,,,,,,1.0,,,,1.0,
Dominican Republic,DOM,114.0,2016.0,42.0,0.571,0.333,2.0,0.325,0.0,0.0,1.0,0.0,0.0,0.0,0.0,0.0,1.0,65.99,1.0,55.79,61.74,34.98,1.0,
Dominican Republic,DOM,114.0,2017.0,42.0,0.559,0.328,2.0,0.328,,,,,,,,,,,1.0,,,,1.0,
Dominican Republic,DOM,114.0,2018.0,42.0,0.573,0.339,2.0,0.343,,,,,,,,,,,1.0,,,,1.0,
Dominican Republic,DOM,114.0,2019.0,42.0,0.569,0.34,2.0,0.343,,,,,,,,,,,1.0,,,,1.0,
Dominican Republic,DOM,114.0,2020.0,42.0,0.656,0.449,2.0,0.389,2.0,2.0,1.0,0.0,0.0,0.0,0.0,0.0,1.0,58.61,1.0,45.26,52.53,37.48,1.0,
Dominican Republic,DOM,114.0,2021.0,42.0,0.694,0.484,2.0,0.397,,,,,,,,,,,1.0,,,,1.0,
Dominican Republic,DOM,114.0,2022.0,42.0,0.692,0.478,2.0,0.408,,,,,,,,,,,1.0,,,,1.0,
Dominican Republic,DOM,114.0,2023.0,42.0,0.692,0.471,2.0,0.408,,,,,,,,,,,1.0,,,,1.0,
Dominican Republic,DOM,114.0,2024.0,42.0,0.71,0.495,2.0,0.452,0.0,0.0,1.0,0.0,0.0,0.0,0.0,0.0,1.0,,1.0,76.8,57.44,28.85,1.0,
Dominican Republic,DOM,114.0,2025.0,42.0,0.735,0.505,2.0,0.4,,,,,,,,,,,1.0,,,,1.0,
Eritrea,ERI,115.0,1980.0,531.0,0.073,0.009,0.0,0.113,,,,,,,,,,,1.0,,,,1.0,
Eritrea,ERI,115.0,1981.0,531.0,0.073,0.009,0.0,0.113,,,,,,,,,,,1.0,,,,1.0,
Eritrea,ERI,115.0,1982.0,531.0,0.073,0.009,0.0,0.113,,,,,,,,,,,1.0,,,,1.0,
Eritrea,ERI,115.0,1983.0,531.0,0.073,0.009,0.0,0.113,,,,,,,,,,,1.0,,,,1.0,
Eritrea,ERI,115.0,1984.0,531.0,0.073,0.009,0.0,0.113,,,,,,,,,,,1.0,,,,1.0,
Eritrea,ERI,115.0,1985.0,531.0,0.073,0.009,0.0,0.113,,,,,,,,,,,1.0,,,,1.0,
Eritrea,ERI,115.0,1986.0,531.0,0.073,0.009,0.0,0.113,,,,,,,,,,,1.0,,,,1.0,
Eritrea,ERI,115.0,1987.0,531.0,0.072,0.009,0.0,0.113,,,,,,,,,,,1.0,,,,1.0,
Eritrea,ERI,115.0,1988.0,531.0,0.072,0.009,0.0,0.113,,,,,,,,,,,1.0,,,,1.0,
Eritrea,ERI,115.0,1989.0,531.0,0.072,0.01,0.0,0.113,,,,,,,,,,,1.0,,,,1.0,
Eritrea,ERI,115.0,1990.0,531.0,0.076,0.015,0.0,0.113,,,,,,,,,,,1.0,,,,1.0,
Eritrea,ERI,115.0,1991.0,531.0,0.083,0.028,0.0,0.113,,,,,,,,,,,1.0,,,,1.0,
Eritrea,ERI,115.0,1992.0,531.0,0.095,0.04,0.0,0.113,,,,,,,,,,,1.0,,,,1.0,
Eritrea,ERI,115.0,1993.0,531.0,0.099,0.035,0.0,0.056,,,,,,,,,,,1.0,,,,1.0,
Eritrea,ERI,115.0,1994.0,531.0,0.102,0.036,0.0,0.056,,,,,,,,,,,1.0,,,,1.0,
Eritrea,ERI,115.0,1995.0,531.0,0.102,0.036,0.0,0.056,,,,,,,,,,,1.0,,,,1.0,
Eritrea,ERI,115.0,1996.0,531.0,0.102,0.035,0.0,0.056,,,,,,,,,,,1.0,,,,1.0,
Eritrea,ERI,115.0,1997.0,531.0,0.131,0.039,0.0,0.056,,,,,,,,,,,1.0,,,,1.0,
Eritrea,ERI,115.0,1998.0,531.0,0.122,0.033,0.0,0.056,,,,,,,,,,,1.0,,,,1.0,
Eritrea,ERI,115.0,1999.0,531.0,0.122,0.031,0.0,0.046,,,,,,,,,,,1.0,,,,1.0,
Eritrea,ERI,115.0,2000.0,531.0,0.12,0.027,0.0,0.046,,,,,,,,,,,1.0,,,,1.0,
Eritrea,ERI,115.0,2001.0,531.0,0.103,0.016,0.0,0.031,,,,,,,,,,,1.0,,,,1.0,
Eritrea,ERI,115.0,2002.0,531.0,0.084,0.011,0.0,0.031,,,,,,,,,,,1.0,,,,1.0,
Eritrea,ERI,115.0,2003.0,531.0,0.067,0.006,0.0,0.046,,,,,,,,,,,1.0,,,,1.0,
Eritrea,ERI,115.0,2004.0,531.0,0.067,0.006,0.0,0.046,,,,,,,,,,,1.0,,,,1.0,
Eritrea,ERI,115.0,2005.0,531.0,0.067,0.006,0.0,0.046,,,,,,,,,,,1.0,,,,1.0,
Eritrea,ERI,115.0,2006.0,531.0,0.067,0.006,0.0,0.046,,,,,,,,,,,1.0,,,,1.0,
Eritrea,ERI,115.0,2007.0,531.0,0.067,0.006,0.0,0.046,,,,,,,,,,,1.0,,,,1.0,
Eritrea,ERI,115.0,2008.0,531.0,0.067,0.006,0.0,0.046,,,,,,,,,,,1.0,,,,1.0,
Eritrea,ERI,115.0,2009.0,531.0,0.068,0.005,0.0,0.037,,,,,,,,,,,1.0,,,,1.0,
Eritrea,ERI,115.0,2010.0,531.0,0.068,0.005,0.0,0.037,,,,,,,,,,,1.0,,,,1.0,
Eritrea,ERI,115.0,2011.0,531.0,0.068,0.005,0.0,0.037,,,,,,,,,,,1.0,,,,1.0,
Eritrea,ERI,115.0,2012.0,531.0,0.067,0.005,0.0,0.037,,,,,,,,,,,1.0,,,,1.0,
Eritrea,ERI,115.0,2013.0,531.0,0.07,0.006,0.0,0.035,,,,,,,,,,,1.0,,,,1.0,
Eritrea,ERI,115.0,2014.0,531.0,0.07,0.007,0.0,0.035,,,,,,,,,,,1.0,,,,1.0,
Eritrea,ERI,115.0,2015.0,531.0,0.069,0.006,0.0,0.035,,,,,,,,,,,1.0,,,,1.0,
Eritrea,ERI,115.0,2016.0,531.0,0.069,0.006,0.0,0.035,,,,,,,,,,,1.0,,,,1.0,
Eritrea,ERI,115.0,2017.0,531.0,0.069,0.007,0.0,0.042,,,,,,,,,,,1.0,,,,1.0,
Eritrea,ERI,115.0,2018.0,531.0,0.068,0.007,0.0,0.058,,,,,,,,,,,1.0,,,,1.0,
Eritrea,ERI,115.0,2019.0,531.0,0.07,0.009,0.0,0.05,,,,,,,,,,,1.0,,,,1.0,
Eritrea,ERI,115.0,2020.0,531.0,0.069,0.01,0.0,0.05,,,,,,,,,,,1.0,,,,1.0,
Eritrea,ERI,115.0,2021.0,531.0,0.071,0.01,0.0,,,,,,,,,,,,1.0,,,,1.0,
Eritrea,ERI,115.0,2022.0,531.0,0.071,0.012,0.0,,,,,,,,,,,,1.0,,,,1.0,
Eritrea,ERI,115.0,2023.0,531.0,0.068,0.01,0.0,,,,,,,,,,,,1.0,,,,1.0,
Eritrea,ERI,115.0,2024.0,531.0,0.069,0.009,0.0,0.092,,,,,,,,,,,1.0,,,,1.0,
Eritrea,ERI,115.0,2025.0,531.0,0.069,0.009,0.0,0.092,,,,,,,,,,,1.0,,,,1.0,
Gabon,GAB,116.0,1980.0,481.0,0.183,0.102,0.0,0.095,0.0,0.0,1.0,0.0,0.0,0.0,0.0,0.0,0.0,,1.0,100.0,,,1.0,0.0
Gabon,GAB,116.0,1981.0,481.0,0.181,0.102,0.0,0.095,,,,,,,,,,,1.0,,,,1.0,0.0
Gabon,GAB,116.0,1982.0,481.0,0.181,0.102,0.0,0.095,,,,,,,,,,,1.0,,,,1.0,0.0
Gabon,GAB,116.0,1983.0,481.0,0.181,0.102,0.0,0.095,,,,,,,,,,,1.0,,,,1.0,0.0
Gabon,GAB,116.0,1984.0,481.0,0.181,0.102,0.0,0.095,,,,,,,,,,,1.0,,,,1.0,0.0
Gabon,GAB,116.0,1985.0,481.0,0.181,0.102,0.0,0.095,0.0,0.0,1.0,0.0,0.0,0.0,0.0,0.0,0.0,,1.0,100.0,,,1.0,0.0
Gabon,GAB,116.0,1986.0,481.0,0.181,0.102,0.0,0.095,0.0,0.0,0.0,0.0,0.0,0.0,0.0,0.0,1.0,223.7,1.0,,100.0,0.0,1.0,0.0
Gabon,GAB,116.0,1987.0,481.0,0.182,0.102,0.0,0.095,,,,,,,,,,,1.0,,,,1.0,0.0
Gabon,GAB,116.0,1988.0,481.0,0.182,0.102,0.0,0.095,,,,,,,,,,,1.0,,,,1.0,0.0
Gabon,GAB,116.0,1989.0,481.0,0.182,0.102,0.0,0.095,,,,,,,,,,,1.0,,,,1.0,0.0
Gabon,GAB,116.0,1990.0,481.0,0.218,0.152,0.0,0.166,0.0,0.0,1.0,1.0,0.0,0.0,0.0,0.0,0.0,,1.0,52.5,,,1.0,0.0
Gabon,GAB,116.0,1991.0,481.0,0.308,0.189,0.0,0.166,,,,,,,,,,,1.0,,,,1.0,0.0
Gabon,GAB,116.0,1992.0,481.0,0.327,0.197,0.0,0.193,,,,,,,,,,,1.0,,,,1.0,0.0
Gabon,GAB,116.0,1993.0,481.0,0.325,0.197,1.0,0.193,0.0,0.0,0.0,0.0,0.0,0.0,0.0,0.0,1.0,57.94,1.0,,51.2,26.5,1.0,0.0
Gabon,GAB,116.0,1994.0,481.0,0.329,0.199,1.0,0.193,,,,,,,,,,,1.0,,,,1.0,0.0
Gabon,GAB,116.0,1995.0,481.0,0.329,0.199,1.0,0.193,,,,,,,,,,,1.0,,,,1.0,0.0
Gabon,GAB,116.0,1996.0,481.0,0.329,0.198,1.0,0.193,0.0,0.0,1.0,1.0,0.0,0.0,0.0,0.0,0.0,,1.0,70.83,,,1.0,0.0
Gabon,GAB,116.0,1997.0,481.0,0.338,0.203,1.0,0.193,,,,,,,,,,,1.0,,,,1.0,0.0
Gabon,GAB,116.0,1998.0,481.0,0.338,0.203,1.0,0.193,0.0,0.0,0.0,0.0,0.0,0.0,0.0,0.0,1.0,49.3,1.0,,66.9,16.5,1.0,0.0
Gabon,GAB,116.0,1999.0,481.0,0.338,0.203,1.0,0.193,,,,,,,,,,,1.0,,,,1.0,0.0
Gabon,GAB,116.0,2000.0,481.0,0.337,0.199,1.0,0.193,,,,,,,,,,,1.0,,,,1.0,0.0
Gabon,GAB,116.0,2001.0,481.0,0.342,0.2,1.0,0.193,0.0,0.0,1.0,1.0,0.0,0.0,0.0,0.0,0.0,,1.0,70.83,,,1.0,0.0
Gabon,GAB,116.0,2002.0,481.0,0.344,0.202,1.0,0.193,,,,,,,,,,,1.0,,,,1.0,0.0
Gabon,GAB,116.0,2003.0,481.0,0.344,0.202,1.0,0.193,,,,,,,,,,,1.0,,,,1.0,0.0
Gabon,GAB,116.0,2004.0,481.0,0.344,0.202,1.0,0.193,,,,,,,,,,,1.0,,,,1.0,0.0
Gabon,GAB,116.0,2005.0,481.0,0.346,0.203,1.0,0.193,0.0,0.0,0.0,0.0,0.0,0.0,0.0,0.0,1.0,42.98,1.0,,79.18,13.61,1.0,0.0
Gabon,GAB,116.0,2006.0,481.0,0.353,0.204,1.0,0.193,0.0,0.0,1.0,0.0,0.0,0.0,0.0,0.0,0.0,,1.0,68.33,,,1.0,0.0
Gabon,GAB,116.0,2007.0,481.0,0.351,0.204,1.0,0.193,,,,,,,,,,,1.0,,,,1.0,0.0
Gabon,GAB,116.0,2008.0,481.0,0.351,0.204,1.0,0.193,,,,,,,,,,,1.0,,,,1.0,0.0
Gabon,GAB,116.0,2009.0,481.0,0.35,0.204,1.0,0.193,0.0,1.0,0.0,0.0,0.0,0.0,0.0,0.0,1.0,40.01,1.0,,41.7,25.9,1.0,0.0
Gabon,GAB,116.0,2010.0,481.0,0.37,0.206,1.0,0.189,,,,,,,,,,,1.0,,,,1.0,0.0
Gabon,GAB,116.0,2011.0,481.0,0.37,0.206,1.0,0.189,0.0,0.0,1.0,0.0,0.0,0.0,0.0,0.0,0.0,28.24,1.0,89.17,,,1.0,0.0
Gabon,GAB,116.0,2012.0,481.0,0.359,0.21,1.0,0.27,,,,,,,,,,,1.0,,,,1.0,0.0
Gabon,GAB,116.0,2013.0,481.0,0.375,0.223,1.0,0.271,,,,,,,,,,,1.0,,,,1.0,0.0
Gabon,GAB,116.0,2014.0,481.0,0.375,0.223,1.0,0.271,,,,,,,,,,,1.0,,,,1.0,0.0
Gabon,GAB,116.0,2015.0,481.0,0.375,0.223,1.0,0.271,,,,,,,,,,,1.0,,,,1.0,0.0
Gabon,GAB,116.0,2016.0,481.0,0.378,0.224,1.0,0.271,0.0,0.0,0.0,0.0,0.0,0.0,0.0,0.0,1.0,41.89,1.0,,49.8,48.23,1.0,0.0
Gabon,GAB,116.0,2017.0,481.0,0.398,0.233,1.0,0.235,,,,,,,,,,,1.0,,,,1.0,0.0
Gabon,GAB,116.0,2018.0,481.0,0.386,0.212,1.0,0.187,0.0,0.0,1.0,1.0,0.0,0.0,0.0,0.0,0.0,33.87,1.0,66.43,,,1.0,0.0
Gabon,GAB,116.0,2019.0,481.0,0.377,0.201,1.0,0.142,,,,,,,,,,,1.0,,,,1.0,0.0
Gabon,GAB,116.0,2020.0,481.0,0.368,0.196,1.0,0.142,,,,,,,,,,,1.0,,,,1.0,1.0
Gabon,GAB,116.0,2021.0,481.0,0.368,0.199,1.0,0.132,,,,,,,,,,,1.0,,,,1.0,1.0
Gabon,GAB,116.0,2022.0,481.0,0.362,0.199,1.0,0.152,,,,,,,,,,,1.0,,,,1.0,1.0
Gabon,GAB,116.0,2023.0,481.0,0.325,0.185,1.0,0.152,,,1.0,0.0,0.0,0.0,0.0,0.0,1.0,34.41,1.0,,64.27,30.77,1.0,0.0
Gabon,GAB,116.0,2024.0,481.0,0.227,0.151,0.0,0.145,,,,,,,,,,,1.0,,,,1.0,0.0
Gabon,GAB,116.0,2025.0,481.0,0.302,0.178,1.0,0.145,0.0,0.0,1.0,1.0,0.0,0.0,0.0,0.0,1.0,52.44,1.0,70.34,94.85,3.11,1.0,
The Gambia,GMB,117.0,1980.0,420.0,0.455,0.325,1.0,0.347,,,,,,,,,,,1.0,,,,1.0,
The Gambia,GMB,117.0,1981.0,420.0,0.45,0.316,1.0,0.347,,,,,,,,,,,1.0,,,,1.0,
The Gambia,GMB,117.0,1982.0,420.0,0.454,0.317,1.0,0.347,0.0,0.0,1.0,0.0,0.0,0.0,0.0,0.0,1.0,56.86,1.0,77.14,72.4,27.6,1.0,
The Gambia,GMB,117.0,1983.0,420.0,0.456,0.322,1.0,0.347,,,,,,,,,,,1.0,,,,1.0,
The Gambia,GMB,117.0,1984.0,420.0,0.456,0.321,1.0,0.347,,,,,,,,,,,1.0,,,,1.0,
The Gambia,GMB,117.0,1985.0,420.0,0.458,0.327,1.0,0.347,,,,,,,,,,,1.0,,,,1.0,
The Gambia,GMB,117.0,1986.0,420.0,0.458,0.327,1.0,0.347,,,,,,,,,,,1.0,,,,1.0,
The Gambia,GMB,117.0,1987.0,420.0,0.466,0.331,1.0,0.347,0.0,0.0,1.0,0.0,0.0,0.0,0.0,0.0,1.0,53.74,1.0,86.11,59.2,27.5,1.0,
The Gambia,GMB,117.0,1988.0,420.0,0.468,0.332,1.0,0.347,,,,,,,,,,,1.0,,,,1.0,
The Gambia,GMB,117.0,1989.0,420.0,0.468,0.332,1.0,0.347,,,,,,,,,,,1.0,,,,1.0,
The Gambia,GMB,117.0,1990.0,420.0,0.468,0.332,1.0,0.347,,,,,,,,,,,1.0,,,,1.0,
The Gambia,GMB,117.0,1991.0,420.0,0.468,0.332,1.0,0.347,,,,,,,,,,,1.0,,,,1.0,
The Gambia,GMB,117.0,1992.0,420.0,0.466,0.33,1.0,0.347,0.0,0.0,1.0,0.0,0.0,0.0,0.0,0.0,1.0,55.26,1.0,69.44,,,1.0,
The Gambia,GMB,117.0,1993.0,420.0,0.442,0.318,1.0,0.347,,,,,,,,,,,1.0,,,,1.0,
The Gambia,GMB,117.0,1994.0,420.0,0.207,0.139,1.0,0.273,,,,,,,,,,,1.0,,,,1.0,
The Gambia,GMB,117.0,1995.0,420.0,0.101,0.074,0.0,0.204,,,,,,,,,,,1.0,,,,1.0,
The Gambia,GMB,117.0,1996.0,420.0,0.13,0.08,1.0,0.204,0.0,0.0,0.0,0.0,0.0,0.0,0.0,0.0,1.0,72.68,1.0,,,,1.0,
The Gambia,GMB,117.0,1997.0,420.0,0.246,0.126,1.0,0.176,0.0,0.0,1.0,0.0,0.0,0.0,0.0,0.0,0.0,56.71,1.0,73.33,,,1.0,
The Gambia,GMB,117.0,1998.0,420.0,0.259,0.129,1.0,0.176,,,,,,,,,,,1.0,,,,1.0,
The Gambia,GMB,117.0,1999.0,420.0,0.258,0.127,1.0,0.176,,,,,,,,,,,1.0,,,,1.0,
The Gambia,GMB,117.0,2000.0,420.0,0.255,0.123,1.0,0.176,,,,,,,,,,,1.0,,,,1.0,
The Gambia,GMB,117.0,2001.0,420.0,0.258,0.123,1.0,0.176,0.0,0.0,0.0,0.0,0.0,0.0,0.0,0.0,1.0,61.32,1.0,,,,1.0,
The Gambia,GMB,117.0,2002.0,420.0,0.256,0.121,1.0,0.176,0.0,0.0,1.0,0.0,0.0,0.0,0.0,0.0,0.0,13.88,1.0,93.75,,,1.0,
The Gambia,GMB,117.0,2003.0,420.0,0.257,0.119,1.0,0.176,,,,,,,,,,,1.0,,,,1.0,
The Gambia,GMB,117.0,2004.0,420.0,0.257,0.116,1.0,0.176,,,,,,,,,,,1.0,,,,1.0,
The Gambia,GMB,117.0,2005.0,420.0,0.257,0.116,1.0,0.176,,,,,,,,,,,1.0,,,,1.0,
The Gambia,GMB,117.0,2006.0,420.0,0.251,0.114,1.0,0.176,0.0,0.0,0.0,0.0,0.0,0.0,0.0,0.0,1.0,50.66,1.0,,,,1.0,
The Gambia,GMB,117.0,2007.0,420.0,0.243,0.112,1.0,0.176,0.0,0.0,1.0,0.0,0.0,0.0,0.0,0.0,0.0,32.75,1.0,87.5,,,1.0,
The Gambia,GMB,117.0,2008.0,420.0,0.243,0.111,1.0,0.176,,,,,,,,,,,1.0,,,,1.0,
The Gambia,GMB,117.0,2009.0,420.0,0.243,0.111,1.0,0.176,,,,,,,,,,,1.0,,,,1.0,
The Gambia,GMB,117.0,2010.0,420.0,0.244,0.112,1.0,0.176,,,,,,,,,,,1.0,,,,1.0,
The Gambia,GMB,117.0,2011.0,420.0,0.244,0.112,1.0,0.176,0.0,0.0,0.0,0.0,0.0,0.0,0.0,0.0,1.0,73.53,1.0,,,,1.0,
The Gambia,GMB,117.0,2012.0,420.0,0.243,0.113,1.0,0.176,0.0,0.0,1.0,0.0,0.0,0.0,0.0,0.0,0.0,16.83,1.0,89.58,,,1.0,
The Gambia,GMB,117.0,2013.0,420.0,0.241,0.105,1.0,0.176,,,,,,,,,,,1.0,,,,1.0,
The Gambia,GMB,117.0,2014.0,420.0,0.244,0.105,1.0,0.176,,,,,,,,,,,1.0,,,,1.0,
The Gambia,GMB,117.0,2015.0,420.0,0.244,0.106,1.0,0.176,,,,,,,,,,,1.0,,,,1.0,
The Gambia,GMB,117.0,2016.0,420.0,0.25,0.11,1.0,0.196,2.0,2.0,0.0,0.0,0.0,0.0,0.0,0.0,1.0,47.04,1.0,,43.3,39.6,1.0,
The Gambia,GMB,117.0,2017.0,420.0,0.498,0.393,1.0,0.533,0.0,0.0,1.0,0.0,0.0,0.0,0.0,0.0,0.0,32.33,1.0,58.49,,,1.0,
The Gambia,GMB,117.0,2018.0,420.0,0.538,0.422,2.0,0.544,,,,,,,,,,,1.0,,,,1.0,
The Gambia,GMB,117.0,2019.0,420.0,0.524,0.421,2.0,0.63,,,,,,,,,,,1.0,,,,1.0,
The Gambia,GMB,117.0,2020.0,420.0,0.496,0.403,1.0,0.63,,,,,,,,,,,1.0,,,,1.0,
The Gambia,GMB,117.0,2021.0,420.0,0.507,0.417,2.0,0.63,0.0,0.0,0.0,0.0,0.0,0.0,0.0,0.0,1.0,66.24,1.0,,53.23,27.72,1.0,
The Gambia,GMB,117.0,2022.0,420.0,0.621,0.5,2.0,0.652,0.0,0.0,1.0,0.0,0.0,0.0,0.0,0.0,0.0,36.92,1.0,33.96,,,1.0,
The Gambia,GMB,117.0,2023.0,420.0,0.635,0.516,2.0,0.666,,,,,,,,,,,1.0,,,,1.0,
The Gambia,GMB,117.0,2024.0,420.0,0.63,0.51,2.0,0.647,,,,,,,,,,,1.0,,,,1.0,
The Gambia,GMB,117.0,2025.0,420.0,0.641,0.522,2.0,0.653,,,,,,,,,,,1.0,,,,1.0,
Georgia,GEO,118.0,1990.0,372.0,0.313,0.131,1.0,0.154,0.0,0.0,1.0,1.0,0.0,0.0,0.0,0.0,0.0,,1.0,62.0,,,1.0,0.0
Georgia,GEO,118.0,1991.0,372.0,0.327,0.14,1.0,0.154,0.0,2.0,0.0,0.0,0.0,0.0,0.0,0.0,1.0,,1.0,,87.6,8.2,1.0,0.0
Georgia,GEO,118.0,1992.0,372.0,0.254,0.098,1.0,,0.0,,1.0,0.0,0.0,0.0,0.0,0.0,1.0,67.09,1.0,15.56,98.0,2.0,1.0,0.0
Georgia,GEO,118.0,1993.0,372.0,0.356,0.158,1.0,0.154,,,,,,,,,,,1.0,,,,1.0,0.0
Georgia,GEO,118.0,1994.0,372.0,0.362,0.165,1.0,0.154,,,,,,,,,,,1.0,,,,1.0,0.0
Georgia,GEO,118.0,1995.0,372.0,0.366,0.182,1.0,0.21,0.0,2.0,1.0,1.0,0.0,0.0,0.0,0.0,1.0,54.44,1.0,45.96,77.0,20.1,1.0,0.0
Georgia,GEO,118.0,1996.0,372.0,0.382,0.208,1.0,0.346,,,,,,,,,,,1.0,,,,1.0,0.0
Georgia,GEO,118.0,1997.0,372.0,0.378,0.207,1.0,0.346,,,,,,,,,,,1.0,,,,1.0,0.0
Georgia,GEO,118.0,1998.0,372.0,0.38,0.213,1.0,0.346,,,,,,,,,,,1.0,,,,1.0,0.0
Georgia,GEO,118.0,1999.0,372.0,0.378,0.214,1.0,0.359,0.0,0.0,1.0,1.0,0.0,0.0,0.0,0.0,0.0,58.76,1.0,55.74,,,1.0,0.0
Georgia,GEO,118.0,2000.0,372.0,0.374,0.205,1.0,0.328,0.0,2.0,0.0,0.0,0.0,0.0,0.0,0.0,1.0,65.25,1.0,,82.0,17.1,1.0,0.0
Georgia,GEO,118.0,2001.0,372.0,0.382,0.209,1.0,0.328,,,,,,,,,,,1.0,,,,1.0,0.0
Georgia,GEO,118.0,2002.0,372.0,0.379,0.208,1.0,0.328,,,,,,,,,,,1.0,,,,1.0,0.0
Georgia,GEO,118.0,2003.0,372.0,0.384,0.22,1.0,0.422,2.0,0.0,1.0,0.0,0.0,0.0,0.0,0.0,0.0,54.78,1.0,,,,1.0,0.0
Georgia,GEO,118.0,2004.0,372.0,0.548,0.357,2.0,0.579,0.0,2.0,1.0,0.0,0.0,0.0,0.0,0.0,1.0,56.07,1.0,90.0,96.0,1.9,1.0,0.0
Georgia,GEO,118.0,2005.0,372.0,0.547,0.373,2.0,0.579,,,,,,,,,,,1.0,,,,1.0,0.0
Georgia,GEO,118.0,2006.0,372.0,0.548,0.378,2.0,0.579,,,,,,,,,,,1.0,,,,1.0,0.0
Georgia,GEO,118.0,2007.0,372.0,0.539,0.369,2.0,0.592,,,,,,,,,,,1.0,,,,1.0,0.0
Georgia,GEO,118.0,2008.0,372.0,0.495,0.339,1.0,0.586,2.0,0.0,1.0,0.0,0.0,0.0,0.0,0.0,1.0,55.38,1.0,79.33,53.73,26.29,1.0,0.0
Georgia,GEO,118.0,2009.0,372.0,0.491,0.34,1.0,0.588,,,,,,,,,,,1.0,,,,1.0,0.0
Georgia,GEO,118.0,2010.0,372.0,0.496,0.34,1.0,0.582,,,,,,,,,,,1.0,,,,1.0,0.0
Georgia,GEO,118.0,2011.0,372.0,0.5,0.344,1.0,0.591,,,,,,,,,,,1.0,,,,1.0,0.0
Georgia,GEO,118.0,2012.0,372.0,0.519,0.361,2.0,0.604,2.0,0.0,1.0,0.0,0.0,0.0,0.0,0.0,0.0,59.0,1.0,56.67,,,0.0,0.0
Georgia,GEO,118.0,2013.0,372.0,0.623,0.456,2.0,0.692,0.0,2.0,0.0,0.0,0.0,0.0,0.0,0.0,1.0,47.34,1.0,,62.12,21.72,0.0,0.0
Georgia,GEO,118.0,2014.0,372.0,0.675,0.5,2.0,0.71,,,,,,,,,,,1.0,,,,0.0,0.0
Georgia,GEO,118.0,2015.0,372.0,0.668,0.504,2.0,0.715,,,,,,,,,,,1.0,,,,0.0,0.0
Georgia,GEO,118.0,2016.0,372.0,0.685,0.518,2.0,0.706,0.0,0.0,1.0,1.0,0.0,0.0,0.0,0.0,0.0,46.98,1.0,76.67,,,0.0,0.0
Georgia,GEO,118.0,2017.0,372.0,0.669,0.498,2.0,0.702,,,,,,,,,,,1.0,,,,0.0,0.0
Georgia,GEO,118.0,2018.0,372.0,0.663,0.514,2.0,0.8,0.0,2.0,0.0,0.0,0.0,0.0,0.0,0.0,1.0,50.95,1.0,,38.64,37.73,0.0,0.0
Georgia,GEO,118.0,2019.0,372.0,0.627,0.48,2.0,0.778,,,,,,,,,,,1.0,,,,0.0,0.0
Georgia,GEO,118.0,2020.0,372.0,0.616,0.47,2.0,0.757,0.0,0.0,1.0,1.0,0.0,0.0,0.0,0.0,0.0,50.94,1.0,60.0,,,0.0,0.0
Georgia,GEO,118.0,2021.0,372.0,0.604,0.454,2.0,0.727,,,,,,,,,,,1.0,,,,0.0,0.0
Georgia,GEO,118.0,2022.0,372.0,0.607,0.464,2.0,0.754,,,,,,,,,,,1.0,,,,0.0,0.0
Georgia,GEO,118.0,2023.0,372.0,0.591,0.456,2.0,0.754,,,,,,,,,,,1.0,,,,0.0,0.0
Georgia,GEO,118.0,2024.0,372.0,0.48,0.327,1.0,0.648,0.0,2.0,1.0,0.0,0.0,0.0,0.0,0.0,1.0,55.4,1.0,59.33,100.0,,0.0,0.0
Georgia,GEO,118.0,2025.0,372.0,0.401,0.275,1.0,0.577,,,,,,,,,,,1.0,,,,0.0,0.0
Guinea-Bissau,GNB,119.0,1980.0,404.0,0.121,0.053,0.0,0.036,,,,,,,,,,,1.0,,,,1.0,
Guinea-Bissau,GNB,119.0,1981.0,404.0,0.092,0.045,0.0,0.036,,,,,,,,,,,1.0,,,,1.0,
Guinea-Bissau,GNB,119.0,1982.0,404.0,0.092,0.045,0.0,0.036,,,,,,,,,,,1.0,,,,1.0,0.0
Guinea-Bissau,GNB,119.0,1983.0,404.0,0.092,0.045,0.0,0.036,,,,,,,,,,,1.0,,,,1.0,0.0
Guinea-Bissau,GNB,119.0,1984.0,404.0,0.092,0.045,0.0,0.036,,,,,,,,,,,1.0,,,,1.0,
Guinea-Bissau,GNB,119.0,1985.0,404.0,0.092,0.045,0.0,0.036,,,,,,,,,,,1.0,,,,1.0,
Guinea-Bissau,GNB,119.0,1986.0,404.0,0.092,0.045,0.0,0.036,,,,,,,,,,,1.0,,,,1.0,
Guinea-Bissau,GNB,119.0,1987.0,404.0,0.092,0.045,0.0,0.036,,,,,,,,,,,1.0,,,,1.0,
Guinea-Bissau,GNB,119.0,1988.0,404.0,0.092,0.045,0.0,0.036,,,,,,,,,,,1.0,,,,1.0,
Guinea-Bissau,GNB,119.0,1989.0,404.0,0.092,0.045,0.0,0.036,,,,,,,,,,,1.0,,,,1.0,
Guinea-Bissau,GNB,119.0,1990.0,404.0,0.101,0.048,0.0,0.036,,,,,,,,,,,1.0,,,,1.0,
Guinea-Bissau,GNB,119.0,1991.0,404.0,0.101,0.048,0.0,0.036,,,,,,,,,,,1.0,,,,0.5,0.0
Guinea-Bissau,GNB,119.0,1992.0,404.0,0.13,0.054,0.0,0.063,,,,,,,,,,,1.0,,,,0.5,0.0
Guinea-Bissau,GNB,119.0,1993.0,404.0,0.157,0.078,0.0,0.094,,,,,,,,,,,1.0,,,,0.0,0.0
Guinea-Bissau,GNB,119.0,1994.0,404.0,0.249,0.135,1.0,0.256,1.0,0.0,1.0,0.0,0.0,0.0,0.0,0.0,1.0,56.94,1.0,62.0,46.2,21.88,0.0,0.0
Guinea-Bissau,GNB,119.0,1995.0,404.0,0.358,0.203,1.0,0.374,,,,,,,,,,,1.0,,,,0.0,0.0
Guinea-Bissau,GNB,119.0,1996.0,404.0,0.358,0.203,1.0,0.374,,,,,,,,,,,1.0,,,,0.0,0.0
Guinea-Bissau,GNB,119.0,1997.0,404.0,0.358,0.201,1.0,0.382,,,,,,,,,,,1.0,,,,0.0,0.0
Guinea-Bissau,GNB,119.0,1998.0,404.0,0.358,0.201,1.0,0.388,,,,,,,,,,,1.0,,,,0.0,0.0
Guinea-Bissau,GNB,119.0,1999.0,404.0,0.364,0.201,1.0,0.379,0.0,2.0,1.0,0.0,0.0,0.0,0.0,0.0,1.0,56.85,1.0,37.25,38.81,23.37,0.0,0.0
Guinea-Bissau,GNB,119.0,2000.0,404.0,0.424,0.228,1.0,0.403,0.0,2.0,0.0,0.0,0.0,0.0,0.0,0.0,0.0,56.84,1.0,,,,0.0,0.0
Guinea-Bissau,GNB,119.0,2001.0,404.0,0.428,0.232,1.0,0.396,,,,,,,,,,,1.0,,,,0.0,0.0
Guinea-Bissau,GNB,119.0,2002.0,404.0,0.434,0.239,1.0,0.398,,,,,,,,,,,1.0,,,,0.0,0.0
Guinea-Bissau,GNB,119.0,2003.0,404.0,0.376,0.202,1.0,0.353,,,,,,,,,,,1.0,,,,0.0,0.0
Guinea-Bissau,GNB,119.0,2004.0,404.0,0.377,0.218,1.0,0.353,2.0,0.0,1.0,0.0,0.0,0.0,0.0,0.0,0.0,65.21,1.0,44.12,,,0.0,0.0
Guinea-Bissau,GNB,119.0,2005.0,404.0,0.451,0.263,1.0,0.368,0.0,2.0,0.0,0.0,0.0,0.0,0.0,0.0,1.0,66.84,1.0,,35.45,28.87,0.0,0.0
Guinea-Bissau,GNB,119.0,2006.0,404.0,0.446,0.26,1.0,0.371,,,,,,,,,,,1.0,,,,0.0,0.0
Guinea-Bissau,GNB,119.0,2007.0,404.0,0.446,0.259,1.0,0.371,,,,,,,,,,,1.0,,,,0.0,0.0
Guinea-Bissau,GNB,119.0,2008.0,404.0,0.402,0.228,1.0,0.371,1.0,0.0,1.0,0.0,0.0,0.0,0.0,0.0,0.0,64.25,1.0,67.0,,,0.0,0.0
Guinea-Bissau,GNB,119.0,2009.0,404.0,0.452,0.261,1.0,0.378,0.0,2.0,0.0,0.0,0.0,0.0,0.0,0.0,1.0,44.83,1.0,,37.54,27.9,0.0,0.0
Guinea-Bissau,GNB,119.0,2010.0,404.0,0.448,0.262,1.0,0.361,,,,,,,,,,,1.0,,,,0.0,0.0
Guinea-Bissau,GNB,119.0,2011.0,404.0,0.449,0.26,1.0,0.361,,,,,,,,,,,1.0,,,,0.0,0.0
Guinea-Bissau,GNB,119.0,2012.0,404.0,0.328,0.171,1.0,0.285,0.0,1.0,0.0,0.0,0.0,0.0,0.0,0.0,1.0,,1.0,,48.97,23.36,0.0,0.0
Guinea-Bissau,GNB,119.0,2013.0,404.0,0.288,0.195,0.0,0.32,,,,,,,,,,,1.0,,,,0.0,0.0
Guinea-Bissau,GNB,119.0,2014.0,404.0,0.439,0.27,1.0,0.334,0.0,1.0,1.0,0.0,0.0,0.0,0.0,0.0,1.0,79.71,1.0,55.88,40.89,24.79,0.0,0.0
Guinea-Bissau,GNB,119.0,2015.0,404.0,0.501,0.29,2.0,0.289,,,,,,,,,,,1.0,,,,0.0,0.0
Guinea-Bissau,GNB,119.0,2016.0,404.0,0.5,0.289,2.0,0.289,,,,,,,,,,,1.0,,,,0.0,0.0
Guinea-Bissau,GNB,119.0,2017.0,404.0,0.49,0.286,1.0,0.282,,,,,,,,,,,1.0,,,,0.0,0.0
Guinea-Bissau,GNB,119.0,2018.0,404.0,0.51,0.307,2.0,0.37,,,,,,,,,,,1.0,,,,0.0,0.0
Guinea-Bissau,GNB,119.0,2019.0,404.0,0.529,0.327,2.0,0.393,0.0,2.0,1.0,0.0,0.0,0.0,0.0,0.0,1.0,68.93,1.0,46.08,40.13,27.65,0.0,0.0
Guinea-Bissau,GNB,119.0,2020.0,404.0,0.533,0.328,2.0,0.403,,,,,,,,,,,1.0,,,,0.0,0.0
Guinea-Bissau,GNB,119.0,2021.0,404.0,0.535,0.321,2.0,0.403,,,,,,,,,,,1.0,,,,0.0,0.0
Guinea-Bissau,GNB,119.0,2022.0,404.0,0.377,0.147,1.0,,,,,,,,,,,,1.0,,,,0.0,0.0
Guinea-Bissau,GNB,119.0,2023.0,404.0,0.428,0.231,1.0,0.452,2.0,0.0,1.0,0.0,0.0,0.0,0.0,0.0,0.0,67.63,1.0,52.94,,,0.0,0.0
Guinea-Bissau,GNB,119.0,2024.0,404.0,0.279,0.14,1.0,0.452,,,,,,,,,,,1.0,,,,0.0,0.0
Guinea-Bissau,GNB,119.0,2025.0,404.0,0.252,0.095,0.0,0.361,,,1.0,0.0,0.0,0.0,0.0,0.0,1.0,52.64,1.0,,,,1.0,0.0
Jamaica,JAM,120.0,1980.0,51.0,0.499,0.389,1.0,0.553,2.0,0.0,1.0,0.0,0.0,0.0,0.0,0.0,0.0,74.74,0.0,85.0,,,0.0,0.0
Jamaica,JAM,120.0,1981.0,51.0,0.473,0.37,1.0,0.553,,,,,,,,,,,0.0,,,,0.0,0.0
Jamaica,JAM,120.0,1982.0,51.0,0.473,0.37,1.0,0.553,,,,,,,,,,,0.0,,,,0.0,0.0
Jamaica,JAM,120.0,1983.0,51.0,0.475,0.372,1.0,0.553,0.0,0.0,1.0,0.0,0.0,0.0,0.0,0.0,0.0,2.14,0.0,100.0,,,0.0,0.0
Jamaica,JAM,120.0,1984.0,51.0,0.536,0.412,2.0,0.553,,,,,,,,,,,0.0,,,,0.0,0.0
Jamaica,JAM,120.0,1985.0,51.0,0.537,0.414,2.0,0.553,,,,,,,,,,,0.0,,,,0.0,0.0
Jamaica,JAM,120.0,1986.0,51.0,0.537,0.414,2.0,0.553,,,,,,,,,,,0.0,,,,0.0,0.0
Jamaica,JAM,120.0,1987.0,51.0,0.537,0.414,2.0,0.553,,,,,,,,,,,0.0,,,,0.0,0.0
Jamaica,JAM,120.0,1988.0,51.0,0.537,0.418,2.0,0.553,,,,,,,,,,,0.0,,,,0.0,0.0
Jamaica,JAM,120.0,1989.0,51.0,0.56,0.431,2.0,0.553,2.0,0.0,1.0,0.0,0.0,0.0,0.0,0.0,0.0,58.96,0.0,75.0,,,0.0,0.0
Jamaica,JAM,120.0,1990.0,51.0,0.577,0.448,2.0,0.557,,,,,,,,,,,0.0,,,,0.0,0.0
Jamaica,JAM,120.0,1991.0,51.0,0.577,0.448,2.0,0.557,,,,,,,,,,,0.0,,,,0.0,0.0
Jamaica,JAM,120.0,1992.0,51.0,0.577,0.451,2.0,0.579,,,,,,,,,,,0.0,,,,0.0,0.0
Jamaica,JAM,120.0,1993.0,51.0,0.608,0.473,2.0,0.579,0.0,0.0,1.0,0.0,0.0,0.0,0.0,0.0,0.0,44.67,0.0,86.67,,,0.0,0.0
Jamaica,JAM,120.0,1994.0,51.0,0.623,0.486,2.0,0.579,,,,,,,,,,,0.0,,,,0.0,0.0
Jamaica,JAM,120.0,1995.0,51.0,0.627,0.489,2.0,0.579,,,,,,,,,,,0.0,,,,0.0,0.0
Jamaica,JAM,120.0,1996.0,51.0,0.628,0.49,2.0,0.579,,,,,,,,,,,0.0,,,,0.0,0.0
Jamaica,JAM,120.0,1997.0,51.0,0.642,0.499,2.0,0.579,0.0,0.0,1.0,0.0,0.0,0.0,0.0,0.0,0.0,48.77,0.0,83.33,,,0.0,0.0
Jamaica,JAM,120.0,1998.0,51.0,0.67,0.522,2.0,0.579,,,,,,,,,,,0.0,,,,0.0,0.0
Jamaica,JAM,120.0,1999.0,51.0,0.67,0.522,2.0,0.579,,,,,,,,,,,0.0,,,,0.0,0.0
Jamaica,JAM,120.0,2000.0,51.0,0.675,0.549,2.0,0.719,,,,,,,,,,,0.0,,,,0.0,0.0
Jamaica,JAM,120.0,2001.0,51.0,0.675,0.549,2.0,0.719,,,,,,,,,,,0.0,,,,0.0,0.0
Jamaica,JAM,120.0,2002.0,51.0,0.695,0.566,2.0,0.719,0.0,0.0,1.0,0.0,0.0,0.0,0.0,0.0,0.0,50.89,0.0,56.67,,,0.0,0.0
Jamaica,JAM,120.0,2003.0,51.0,0.743,0.617,2.0,0.766,,,,,,,,,,,0.0,,,,0.0,0.0
Jamaica,JAM,120.0,2004.0,51.0,0.743,0.617,2.0,0.766,,,,,,,,,,,0.0,,,,0.0,0.0
Jamaica,JAM,120.0,2005.0,51.0,0.751,0.629,2.0,0.796,,,,,,,,,,,0.0,,,,0.0,0.0
Jamaica,JAM,120.0,2006.0,51.0,0.756,0.633,2.0,0.796,,,,,,,,,,,0.0,,,,0.0,1.0
Jamaica,JAM,120.0,2007.0,51.0,0.762,0.644,2.0,0.828,2.0,0.0,1.0,0.0,0.0,0.0,0.0,0.0,0.0,49.56,0.0,53.33,,,0.0,0.0
Jamaica,JAM,120.0,2008.0,51.0,0.774,0.654,2.0,0.828,,,,,,,,,,,0.0,,,,0.0,0.0
Jamaica,JAM,120.0,2009.0,51.0,0.774,0.654,2.0,0.828,,,,,,,,,,,0.0,,,,0.0,0.0
Jamaica,JAM,120.0,2010.0,51.0,0.774,0.656,2.0,0.833,,,,,,,,,,,0.0,,,,0.0,0.0
Jamaica,JAM,120.0,2011.0,51.0,0.767,0.651,2.0,0.833,1.0,0.0,1.0,0.0,0.0,0.0,0.0,0.0,0.0,46.18,0.0,66.67,,,0.0,0.0
Jamaica,JAM,120.0,2012.0,51.0,0.784,0.667,2.0,0.825,,,,,,,,,,,0.0,,,,0.0,1.0
Jamaica,JAM,120.0,2013.0,51.0,0.798,0.679,2.0,0.825,,,,,,,,,,,0.0,,,,0.0,1.0
Jamaica,JAM,120.0,2014.0,51.0,0.798,0.679,2.0,0.825,,,,,,,,,,,0.0,,,,0.0,1.0
Jamaica,JAM,120.0,2015.0,51.0,0.798,0.679,2.0,0.825,,,,,,,,,,,0.0,,,,0.0,1.0
Jamaica,JAM,120.0,2016.0,51.0,0.804,0.685,2.0,0.825,2.0,0.0,1.0,0.0,0.0,0.0,0.0,0.0,0.0,44.19,0.0,50.79,,,0.0,0.0
Jamaica,JAM,120.0,2017.0,51.0,0.811,0.696,2.0,0.825,,,,,,,,,,,0.0,,,,0.0,0.0
Jamaica,JAM,120.0,2018.0,51.0,0.807,0.688,2.0,0.818,,,,,,,,,,,0.0,,,,0.0,0.0
Jamaica,JAM,120.0,2019.0,51.0,0.81,0.703,3.0,0.836,,,,,,,,,,,0.0,,,,0.0,0.0
Jamaica,JAM,120.0,2020.0,51.0,0.808,0.702,2.0,0.836,0.0,0.0,1.0,0.0,0.0,0.0,0.0,0.0,0.0,36.68,0.0,76.19,,,0.0,0.0
Jamaica,JAM,120.0,2021.0,51.0,0.801,0.691,2.0,0.836,,,,,,,,,,,0.0,,,,0.0,0.0
Jamaica,JAM,120.0,2022.0,51.0,0.798,0.692,2.0,0.848,,,,,,,,,,,0.0,,,,0.0,0.0
Jamaica,JAM,120.0,2023.0,51.0,0.798,0.677,2.0,0.803,,,,,,,,,,,0.0,,,,0.0,0.0
Jamaica,JAM,120.0,2024.0,51.0,0.798,0.676,2.0,0.783,,,,,,,,,,,0.0,,,,0.0,0.0
Jamaica,JAM,120.0,2025.0,51.0,0.805,0.679,2.0,0.783,0.0,0.0,1.0,0.0,0.0,0.0,0.0,0.0,0.0,41.26,0.0,55.56,,,0.0,0.0
Kazakhstan,KAZ,121.0,1990.0,705.0,0.247,0.15,1.0,0.353,0.0,0.0,1.0,0.0,0.0,0.0,0.0,0.0,0.0,,1.0,92.59,,,1.0,0.0
Kazakhstan,KAZ,121.0,1991.0,705.0,0.289,0.171,1.0,0.43,0.0,0.0,0.0,0.0,0.0,0.0,0.0,0.0,1.0,,1.0,,98.8,1.2,1.0,0.0
Kazakhstan,KAZ,121.0,1992.0,705.0,0.303,0.179,1.0,0.43,,,,,,,,,,,1.0,,,,1.0,0.0
Kazakhstan,KAZ,121.0,1993.0,705.0,0.302,0.181,1.0,0.43,,,,,,,,,,,1.0,,,,1.0,0.0
Kazakhstan,KAZ,121.0,1994.0,705.0,0.303,0.176,1.0,0.367,2.0,0.0,1.0,0.0,0.0,0.0,0.0,0.0,0.0,,1.0,47.41,,,1.0,0.0
Kazakhstan,KAZ,121.0,1995.0,705.0,0.288,0.147,1.0,0.215,0.0,0.0,1.0,1.0,0.0,0.0,0.0,0.0,0.0,64.3,1.0,37.31,,,1.0,0.0
Kazakhstan,KAZ,121.0,1996.0,705.0,0.283,0.132,1.0,0.2,,,,,,,,,,,1.0,,,,1.0,0.0
Kazakhstan,KAZ,121.0,1997.0,705.0,0.295,0.136,1.0,0.2,,,,,,,,,,,1.0,,,,1.0,0.0
Kazakhstan,KAZ,121.0,1998.0,705.0,0.284,0.134,1.0,0.2,,,,,,,,,,,1.0,,,,1.0,0.0
Kazakhstan,KAZ,121.0,1999.0,705.0,0.268,0.128,1.0,0.2,0.0,0.0,1.0,1.0,0.0,0.0,0.0,0.0,1.0,71.11,1.0,29.87,81.0,11.9,1.0,0.0
Kazakhstan,KAZ,121.0,2000.0,705.0,0.27,0.129,1.0,0.189,,,,,,,,,,,1.0,,,,1.0,0.0
Kazakhstan,KAZ,121.0,2001.0,705.0,0.255,0.125,1.0,0.189,,,,,,,,,,,1.0,,,,1.0,0.0
Kazakhstan,KAZ,121.0,2002.0,705.0,0.252,0.125,1.0,0.189,,,,,,,,,,,1.0,,,,1.0,0.0
Kazakhstan,KAZ,121.0,2003.0,705.0,0.247,0.121,1.0,0.189,,,,,,,,,,,1.0,,,,1.0,0.0
Kazakhstan,KAZ,121.0,2004.0,705.0,0.246,0.122,1.0,0.199,0.0,0.0,1.0,1.0,0.0,0.0,0.0,0.0,0.0,48.42,1.0,54.55,,,1.0,0.0
Kazakhstan,KAZ,121.0,2005.0,705.0,0.239,0.12,1.0,0.225,0.0,0.0,0.0,0.0,0.0,0.0,0.0,0.0,1.0,66.98,1.0,,91.15,6.61,1.0,0.0
Kazakhstan,KAZ,121.0,2006.0,705.0,0.242,0.121,1.0,0.225,,,,,,,,,,,1.0,,,,1.0,0.0
Kazakhstan,KAZ,121.0,2007.0,705.0,0.24,0.122,1.0,0.225,0.0,0.0,1.0,0.0,0.0,0.0,0.0,0.0,0.0,57.54,1.0,100.0,,,1.0,0.0
Kazakhstan,KAZ,121.0,2008.0,705.0,0.241,0.122,1.0,0.225,,,,,,,,,,,1.0,,,,1.0,0.0
Kazakhstan,KAZ,121.0,2009.0,705.0,0.242,0.122,1.0,0.225,,,,,,,,,,,1.0,,,,1.0,0.0
Kazakhstan,KAZ,121.0,2010.0,705.0,0.236,0.12,1.0,0.225,,,,,,,,,,,1.0,,,,1.0,0.0
Kazakhstan,KAZ,121.0,2011.0,705.0,0.233,0.119,1.0,0.225,0.0,0.0,0.0,0.0,0.0,0.0,0.0,0.0,1.0,72.72,1.0,,95.55,1.94,1.0,0.0
Kazakhstan,KAZ,121.0,2012.0,705.0,0.232,0.113,1.0,0.154,0.0,0.0,1.0,0.0,0.0,0.0,0.0,0.0,0.0,56.88,1.0,84.69,,,1.0,0.0
Kazakhstan,KAZ,121.0,2013.0,705.0,0.229,0.109,1.0,0.154,,,,,,,,,,,1.0,,,,1.0,0.0
Kazakhstan,KAZ,121.0,2014.0,705.0,0.23,0.11,1.0,0.154,,,,,,,,,,,1.0,,,,1.0,0.0
Kazakhstan,KAZ,121.0,2015.0,705.0,0.234,0.11,1.0,0.154,0.0,0.0,0.0,0.0,0.0,0.0,0.0,0.0,1.0,70.8,1.0,,97.75,1.61,1.0,0.0
Kazakhstan,KAZ,121.0,2016.0,705.0,0.242,0.114,1.0,0.154,0.0,0.0,1.0,0.0,0.0,0.0,0.0,0.0,0.0,58.43,1.0,85.71,,,1.0,0.0
Kazakhstan,KAZ,121.0,2017.0,705.0,0.235,0.112,1.0,0.154,,,,,,,,,,,1.0,,,,1.0,0.0
Kazakhstan,KAZ,121.0,2018.0,705.0,0.232,0.108,1.0,0.154,,,,,,,,,,,1.0,,,,1.0,0.0
Kazakhstan,KAZ,121.0,2019.0,705.0,0.236,0.113,1.0,0.154,0.0,0.0,0.0,0.0,0.0,0.0,0.0,0.0,1.0,70.09,1.0,,70.96,16.23,1.0,0.0
Kazakhstan,KAZ,121.0,2020.0,705.0,0.241,0.117,1.0,0.154,,,,,,,,,,,1.0,,,,1.0,0.0
Kazakhstan,KAZ,121.0,2021.0,705.0,0.253,0.121,1.0,0.16,0.0,0.0,1.0,0.0,0.0,0.0,0.0,0.0,0.0,56.09,1.0,77.55,,,1.0,0.0
Kazakhstan,KAZ,121.0,2022.0,705.0,0.265,0.134,1.0,0.245,0.0,0.0,0.0,0.0,0.0,0.0,0.0,0.0,1.0,61.22,1.0,,81.31,3.42,1.0,0.0
Kazakhstan,KAZ,121.0,2023.0,705.0,0.269,0.139,1.0,0.267,0.0,0.0,1.0,0.0,0.0,0.0,0.0,0.0,0.0,47.63,1.0,63.27,,,1.0,0.0
Kazakhstan,KAZ,121.0,2024.0,705.0,0.267,0.133,1.0,0.267,,,,,,,,,,,1.0,,,,1.0,0.0
Kazakhstan,KAZ,121.0,2025.0,705.0,0.259,0.131,1.0,0.305,,,,,,,,,,,1.0,,,,1.0,0.0
Kyrgyzstan,KGZ,122.0,1990.0,703.0,0.252,0.141,0.0,0.25,0.0,0.0,1.0,1.0,0.0,0.0,0.0,0.0,0.0,,1.0,90.0,,,1.0,
Kyrgyzstan,KGZ,122.0,1991.0,703.0,0.291,0.17,0.0,0.416,0.0,0.0,0.0,0.0,0.0,0.0,0.0,0.0,1.0,,1.0,,95.4,4.6,1.0,0.0
Kyrgyzstan,KGZ,122.0,1992.0,703.0,0.353,0.206,0.0,0.536,,,,,,,,,,,1.0,,,,1.0,0.0
Kyrgyzstan,KGZ,122.0,1993.0,703.0,0.342,0.204,0.0,0.569,,,,,,,,,,,1.0,,,,1.0,0.0
Kyrgyzstan,KGZ,122.0,1994.0,703.0,0.319,0.194,0.0,0.531,,,,,,,,,,,1.0,,,,1.0,0.0
Kyrgyzstan,KGZ,122.0,1995.0,703.0,0.303,0.182,1.0,0.471,0.0,0.0,1.0,1.0,0.0,0.0,0.0,0.0,1.0,72.95,1.0,63.81,72.4,24.7,1.0,0.0
Kyrgyzstan,KGZ,122.0,1996.0,703.0,0.295,0.179,1.0,0.471,,,,,,,,,,,1.0,,,,1.0,0.0
Kyrgyzstan,KGZ,122.0,1997.0,703.0,0.287,0.172,1.0,0.446,,,,,,,,,,,1.0,,,,1.0,0.0
Kyrgyzstan,KGZ,122.0,1998.0,703.0,0.29,0.177,1.0,0.446,,,,,,,,,,,1.0,,,,1.0,0.0
Kyrgyzstan,KGZ,122.0,1999.0,703.0,0.286,0.177,1.0,0.446,,,,,,,,,,,1.0,,,,1.0,0.0
Kyrgyzstan,KGZ,122.0,2000.0,703.0,0.287,0.174,1.0,0.443,0.0,0.0,1.0,1.0,0.0,0.0,0.0,0.0,1.0,74.29,1.0,69.52,76.4,14.2,1.0,0.0
Kyrgyzstan,KGZ,122.0,2001.0,703.0,0.285,0.171,1.0,0.443,,,,,,,,,,,1.0,,,,1.0,0.0
Kyrgyzstan,KGZ,122.0,2002.0,703.0,0.282,0.17,1.0,0.443,,,,,,,,,,,1.0,,,,1.0,0.0
Kyrgyzstan,KGZ,122.0,2003.0,703.0,0.282,0.168,1.0,0.443,,,,,,,,,,,1.0,,,,1.0,0.0
Kyrgyzstan,KGZ,122.0,2004.0,703.0,0.282,0.168,1.0,0.443,,,,,,,,,,,1.0,,,,1.0,0.0
Kyrgyzstan,KGZ,122.0,2005.0,703.0,0.319,0.19,1.0,0.501,2.0,0.0,1.0,1.0,0.0,0.0,0.0,0.0,1.0,65.8,1.0,62.67,88.9,3.8,1.0,0.0
Kyrgyzstan,KGZ,122.0,2006.0,703.0,0.331,0.198,1.0,0.539,,,,,,,,,,,1.0,,,,1.0,0.0
Kyrgyzstan,KGZ,122.0,2007.0,703.0,0.317,0.181,1.0,0.452,2.0,0.0,1.0,0.0,0.0,0.0,0.0,0.0,0.0,63.63,1.0,78.89,,,1.0,0.0
Kyrgyzstan,KGZ,122.0,2008.0,703.0,0.306,0.169,1.0,0.382,,,,,,,,,,,1.0,,,,1.0,0.0
Kyrgyzstan,KGZ,122.0,2009.0,703.0,0.294,0.165,1.0,0.382,0.0,0.0,0.0,0.0,0.0,0.0,0.0,0.0,1.0,67.18,1.0,,76.12,8.41,1.0,0.0
Kyrgyzstan,KGZ,122.0,2010.0,703.0,0.381,0.26,1.0,0.731,2.0,0.0,1.0,0.0,0.0,0.0,0.0,0.0,0.0,45.62,1.0,23.33,,,0.0,0.0
Kyrgyzstan,KGZ,122.0,2011.0,703.0,0.473,0.333,1.0,0.8,0.0,1.0,0.0,0.0,0.0,0.0,0.0,0.0,1.0,52.06,1.0,,63.2,14.8,0.0,0.0
Kyrgyzstan,KGZ,122.0,2012.0,703.0,0.467,0.328,1.0,0.773,,,,,,,,,,,1.0,,,,0.0,0.0
Kyrgyzstan,KGZ,122.0,2013.0,703.0,0.447,0.316,1.0,0.791,,,,,,,,,,,1.0,,,,0.5,0.0
Kyrgyzstan,KGZ,122.0,2014.0,703.0,0.446,0.314,1.0,0.791,,,,,,,,,,,1.0,,,,0.5,0.0
Kyrgyzstan,KGZ,122.0,2015.0,703.0,0.455,0.317,1.0,0.791,0.0,0.0,1.0,0.0,0.0,0.0,0.0,0.0,0.0,42.46,1.0,31.67,,,0.5,0.0
Kyrgyzstan,KGZ,122.0,2016.0,703.0,0.447,0.303,1.0,0.708,,,,,,,,,,,1.0,,,,0.5,0.0
Kyrgyzstan,KGZ,122.0,2017.0,703.0,0.449,0.303,1.0,0.682,0.0,1.0,0.0,0.0,0.0,0.0,0.0,0.0,1.0,45.13,1.0,,54.74,33.49,0.5,0.0
Kyrgyzstan,KGZ,122.0,2018.0,703.0,0.467,0.327,1.0,0.733,,,,,,,,,,,1.0,,,,0.5,0.0
Kyrgyzstan,KGZ,122.0,2019.0,703.0,0.441,0.309,1.0,0.751,,,,,,,,,,,1.0,,,,0.0,0.0
Kyrgyzstan,KGZ,122.0,2020.0,703.0,0.385,0.255,1.0,0.601,0.0,0.0,1.0,0.0,0.0,0.0,0.0,0.0,0.0,51.26,1.0,38.33,,,0.0,0.0
Kyrgyzstan,KGZ,122.0,2021.0,703.0,0.41,0.256,1.0,0.508,0.0,2.0,1.0,0.0,0.0,0.0,0.0,0.0,1.0,35.75,1.0,16.67,79.83,6.84,1.0,
Kyrgyzstan,KGZ,122.0,2022.0,703.0,0.38,0.237,1.0,0.461,,,,,,,,,,,1.0,,,,1.0,
Kyrgyzstan,KGZ,122.0,2023.0,703.0,0.348,0.197,1.0,0.32,,,,,,,,,,,1.0,,,,1.0,
Kyrgyzstan,KGZ,122.0,2024.0,703.0,0.321,0.185,1.0,0.311,,,,,,,,,,,1.0,,,,1.0,
Kyrgyzstan,KGZ,122.0,2025.0,703.0,0.313,0.178,1.0,0.311,0.0,0.0,1.0,0.0,0.0,0.0,0.0,0.0,0.0,38.78,1.0,93.33,,,1.0,
Laos,LAO,123.0,1980.0,812.0,0.069,0.068,0.0,0.45,,,,,,,,,,,1.0,,,,0.5,0.0
Laos,LAO,123.0,1981.0,812.0,0.069,0.068,0.0,0.45,,,,,,,,,,,1.0,,,,0.5,0.0
Laos,LAO,123.0,1982.0,812.0,0.069,0.068,0.0,0.45,,,,,,,,,,,1.0,,,,0.5,0.0
Laos,LAO,123.0,1983.0,812.0,0.069,0.068,0.0,0.45,,,,,,,,,,,1.0,,,,0.5,0.0
Laos,LAO,123.0,1984.0,812.0,0.069,0.068,0.0,0.45,,,,,,,,,,,1.0,,,,0.5,0.0
Laos,LAO,123.0,1985.0,812.0,0.069,0.068,0.0,0.45,,,,,,,,,,,1.0,,,,0.5,0.0
Laos,LAO,123.0,1986.0,812.0,0.069,0.071,0.0,0.45,,,,,,,,,,,1.0,,,,0.5,0.0
Laos,LAO,123.0,1987.0,812.0,0.07,0.071,0.0,0.45,,,,,,,,,,,1.0,,,,0.5,0.0
Laos,LAO,123.0,1988.0,812.0,0.07,0.071,0.0,0.45,,,,,,,,,,,1.0,,,,0.5,0.0
Laos,LAO,123.0,1989.0,812.0,0.113,0.091,1.0,0.15,0.0,0.0,1.0,0.0,0.0,0.0,0.0,0.0,0.0,,1.0,82.28,,,0.5,0.0
Laos,LAO,123.0,1990.0,812.0,0.116,0.092,1.0,0.15,,,,,,,,,,,1.0,,,,0.5,0.0
Laos,LAO,123.0,1991.0,812.0,0.085,0.087,0.0,0.15,,,,,,,,,,,1.0,,,,1.0,0.0
Laos,LAO,123.0,1992.0,812.0,0.085,0.083,0.0,0.106,0.0,0.0,1.0,0.0,0.0,0.0,0.0,0.0,0.0,,1.0,100.0,,,1.0,0.0
Laos,LAO,123.0,1993.0,812.0,0.085,0.087,0.0,0.156,,,,,,,,,,,1.0,,,,1.0,0.0
Laos,LAO,123.0,1994.0,812.0,0.085,0.086,0.0,0.155,,,,,,,,,,,1.0,,,,1.0,0.0
Laos,LAO,123.0,1995.0,812.0,0.085,0.087,0.0,0.155,,,,,,,,,,,1.0,,,,1.0,0.0
Laos,LAO,123.0,1996.0,812.0,0.085,0.087,0.0,0.155,,,,,,,,,,,1.0,,,,1.0,0.0
Laos,LAO,123.0,1997.0,812.0,0.086,0.087,0.0,0.155,0.0,0.0,1.0,0.0,0.0,0.0,0.0,0.0,0.0,90.29,1.0,98.99,,,1.0,0.0
Laos,LAO,123.0,1998.0,812.0,0.087,0.087,0.0,0.155,,,,,,,,,,,1.0,,,,1.0,0.0
Laos,LAO,123.0,1999.0,812.0,0.087,0.088,0.0,0.155,,,,,,,,,,,1.0,,,,1.0,0.0
Laos,LAO,123.0,2000.0,812.0,0.087,0.088,0.0,0.155,,,,,,,,,,,1.0,,,,1.0,0.0
Laos,LAO,123.0,2001.0,812.0,0.087,0.088,0.0,0.155,,,,,,,,,,,1.0,,,,1.0,0.0
Laos,LAO,123.0,2002.0,812.0,0.09,0.089,0.0,0.155,0.0,0.0,1.0,0.0,0.0,0.0,0.0,0.0,0.0,88.6,1.0,100.0,,,1.0,0.0
Laos,LAO,123.0,2003.0,812.0,0.09,0.089,0.0,0.155,,,,,,,,,,,1.0,,,,1.0,0.0
Laos,LAO,123.0,2004.0,812.0,0.09,0.089,0.0,0.155,,,,,,,,,,,1.0,,,,1.0,0.0
Laos,LAO,123.0,2005.0,812.0,0.09,0.089,0.0,0.155,,,,,,,,,,,1.0,,,,1.0,0.0
Laos,LAO,123.0,2006.0,812.0,0.09,0.088,0.0,0.155,0.0,0.0,1.0,0.0,0.0,0.0,0.0,0.0,0.0,89.03,1.0,98.26,,,1.0,0.0
Laos,LAO,123.0,2007.0,812.0,0.089,0.088,0.0,0.155,,,,,,,,,,,1.0,,,,1.0,0.0
Laos,LAO,123.0,2008.0,812.0,0.09,0.088,0.0,0.155,,,,,,,,,,,1.0,,,,1.0,0.0
Laos,LAO,123.0,2009.0,812.0,0.09,0.088,0.0,0.155,,,,,,,,,,,1.0,,,,1.0,0.0
Laos,LAO,123.0,2010.0,812.0,0.092,0.089,0.0,0.155,,,,,,,,,,,1.0,,,,1.0,0.0
Laos,LAO,123.0,2011.0,812.0,0.09,0.089,0.0,0.155,0.0,0.0,1.0,0.0,0.0,0.0,0.0,0.0,0.0,88.21,1.0,96.97,,,1.0,0.0
Laos,LAO,123.0,2012.0,812.0,0.09,0.089,0.0,0.155,,,,,,,,,,,1.0,,,,1.0,0.0
Laos,LAO,123.0,2013.0,812.0,0.091,0.09,0.0,0.155,,,,,,,,,,,1.0,,,,1.0,0.0
Laos,LAO,123.0,2014.0,812.0,0.091,0.09,0.0,0.155,,,,,,,,,,,1.0,,,,1.0,0.0
Laos,LAO,123.0,2015.0,812.0,0.09,0.089,0.0,0.155,,,,,,,,,,,1.0,,,,1.0,0.0
Laos,LAO,123.0,2016.0,812.0,0.093,0.088,0.0,0.155,0.0,0.0,1.0,0.0,0.0,0.0,0.0,0.0,0.0,87.28,1.0,96.64,,,1.0,0.0
Laos,LAO,123.0,2017.0,812.0,0.124,0.093,0.0,0.164,,,,,,,,,,,1.0,,,,0.5,0.0
Laos,LAO,123.0,2018.0,812.0,0.125,0.09,0.0,0.164,,,,,,,,,,,1.0,,,,0.5,0.0
Laos,LAO,123.0,2019.0,812.0,0.127,0.109,0.0,0.353,,,,,,,,,,,1.0,,,,0.5,0.0
Laos,LAO,123.0,2020.0,812.0,0.126,0.094,0.0,0.171,,,,,,,,,,,1.0,,,,0.5,0.0
Laos,LAO,123.0,2021.0,812.0,0.135,0.104,0.0,0.284,0.0,0.0,1.0,0.0,0.0,0.0,0.0,0.0,0.0,83.07,1.0,96.34,,,0.5,0.0
Laos,LAO,123.0,2022.0,812.0,0.134,0.113,0.0,0.43,,,,,,,,,,,1.0,,,,0.5,0.0
Laos,LAO,123.0,2023.0,812.0,0.132,0.106,0.0,0.342,,,,,,,,,,,1.0,,,,0.5,0.0
Laos,LAO,123.0,2024.0,812.0,0.135,0.117,0.0,0.403,,,,,,,,,,,1.0,,,,0.5,0.0
Laos,LAO,123.0,2025.0,812.0,0.135,0.11,0.0,0.3,,,,,,,,,,,1.0,,,,0.5,0.0
Libya,LBY,124.0,1980.0,620.0,0.072,0.046,0.0,0.231,,,,,,,,,,,0.0,,,,1.0,0.0
Libya,LBY,124.0,1981.0,620.0,0.072,0.046,0.0,0.231,,,,,,,,,,,0.0,,,,1.0,0.0
Libya,LBY,124.0,1982.0,620.0,0.072,0.046,0.0,0.231,,,,,,,,,,,0.0,,,,1.0,0.0
Libya,LBY,124.0,1983.0,620.0,0.072,0.046,0.0,0.231,,,,,,,,,,,0.0,,,,1.0,0.0
Libya,LBY,124.0,1984.0,620.0,0.072,0.046,0.0,0.231,,,,,,,,,,,0.0,,,,1.0,0.0
Libya,LBY,124.0,1985.0,620.0,0.072,0.046,0.0,0.231,,,,,,,,,,,0.0,,,,1.0,0.0
Libya,LBY,124.0,1986.0,620.0,0.072,0.048,0.0,0.231,,,,,,,,,,,0.0,,,,1.0,0.0
Libya,LBY,124.0,1987.0,620.0,0.072,0.048,0.0,0.231,,,,,,,,,,,0.0,,,,1.0,0.0
Libya,LBY,124.0,1988.0,620.0,0.072,0.048,0.0,0.231,,,,,,,,,,,0.0,,,,1.0,0.0
Libya,LBY,124.0,1989.0,620.0,0.072,0.048,0.0,0.231,,,,,,,,,,,0.0,,,,1.0,0.0
Libya,LBY,124.0,1990.0,620.0,0.072,0.048,0.0,0.231,,,,,,,,,,,0.0,,,,1.0,0.0
Libya,LBY,124.0,1991.0,620.0,0.072,0.048,0.0,0.231,,,,,,,,,,,0.0,,,,1.0,0.0
Libya,LBY,124.0,1992.0,620.0,0.072,0.048,0.0,0.231,,,,,,,,,,,0.0,,,,1.0,0.0
Libya,LBY,124.0,1993.0,620.0,0.072,0.048,0.0,0.231,,,,,,,,,,,0.0,,,,1.0,0.0
Libya,LBY,124.0,1994.0,620.0,0.072,0.048,0.0,0.231,,,,,,,,,,,0.0,,,,1.0,0.0
Libya,LBY,124.0,1995.0,620.0,0.072,0.048,0.0,0.224,,,,,,,,,,,0.0,,,,1.0,0.0
Libya,LBY,124.0,1996.0,620.0,0.072,0.048,0.0,0.224,,,,,,,,,,,0.0,,,,1.0,0.0
Libya,LBY,124.0,1997.0,620.0,0.072,0.048,0.0,0.224,,,,,,,,,,,0.0,,,,1.0,0.0
Libya,LBY,124.0,1998.0,620.0,0.072,0.048,0.0,0.224,,,,,,,,,,,0.0,,,,1.0,0.0
Libya,LBY,124.0,1999.0,620.0,0.072,0.048,0.0,0.224,,,,,,,,,,,0.0,,,,1.0,0.0
Libya,LBY,124.0,2000.0,620.0,0.072,0.048,0.0,0.224,,,,,,,,,,,0.0,,,,1.0,0.0
Libya,LBY,124.0,2001.0,620.0,0.072,0.048,0.0,0.224,,,,,,,,,,,0.0,,,,1.0,0.0
Libya,LBY,124.0,2002.0,620.0,0.072,0.048,0.0,0.224,,,,,,,,,,,0.0,,,,1.0,0.0
Libya,LBY,124.0,2003.0,620.0,0.072,0.045,0.0,0.224,,,,,,,,,,,0.0,,,,1.0,0.0
Libya,LBY,124.0,2004.0,620.0,0.072,0.045,0.0,0.224,,,,,,,,,,,0.0,,,,1.0,0.0
Libya,LBY,124.0,2005.0,620.0,0.072,0.045,0.0,0.224,,,,,,,,,,,0.0,,,,1.0,0.0
Libya,LBY,124.0,2006.0,620.0,0.072,0.045,0.0,0.224,,,,,,,,,,,0.0,,,,1.0,0.0
Libya,LBY,124.0,2007.0,620.0,0.072,0.045,0.0,0.224,,,,,,,,,,,0.0,,,,1.0,0.0
Libya,LBY,124.0,2008.0,620.0,0.072,0.045,0.0,0.224,,,,,,,,,,,0.0,,,,1.0,0.0
Libya,LBY,124.0,2009.0,620.0,0.071,0.044,0.0,0.224,,,,,,,,,,,0.0,,,,1.0,0.0
Libya,LBY,124.0,2010.0,620.0,0.071,0.045,0.0,0.224,,,,,,,,,,,0.0,,,,1.0,0.0
Libya,LBY,124.0,2011.0,620.0,0.175,0.061,0.0,0.891,,,,,,,,,,,0.0,,,,1.0,0.0
Libya,LBY,124.0,2012.0,620.0,0.329,0.21,1.0,0.754,0.0,0.0,1.0,0.0,0.0,0.0,0.0,0.0,0.0,48.72,0.0,60.0,,,0.0,0.0
Libya,LBY,124.0,2013.0,620.0,0.54,0.3,2.0,0.715,,,,,,,,,,,0.0,,,,0.0,0.0
Libya,LBY,124.0,2014.0,620.0,0.28,0.175,0.0,0.657,0.0,0.0,1.0,0.0,0.0,0.0,1.0,0.0,0.0,15.64,0.0,,,,0.0,0.0
Libya,LBY,124.0,2015.0,620.0,0.285,0.172,0.0,0.711,,,,,,,,,,,0.0,,,,0.0,0.0
Libya,LBY,124.0,2016.0,620.0,0.285,0.17,0.0,0.711,,,,,,,,,,,0.0,,,,1.0,
Libya,LBY,124.0,2017.0,620.0,0.273,0.167,0.0,0.756,,,,,,,,,,,0.0,,,,1.0,
Libya,LBY,124.0,2018.0,620.0,0.268,0.153,0.0,0.719,,,,,,,,,,,0.0,,,,1.0,
Libya,LBY,124.0,2019.0,620.0,0.263,0.148,0.0,0.719,,,,,,,,,,,0.0,,,,1.0,
Libya,LBY,124.0,2020.0,620.0,0.266,0.145,0.0,0.691,,,,,,,,,,,0.0,,,,1.0,
Libya,LBY,124.0,2021.0,620.0,0.216,0.129,0.0,0.656,,,,,,,,,,,0.0,,,,0.0,0.0
Libya,LBY,124.0,2022.0,620.0,0.206,0.108,0.0,0.478,,,,,,,,,,,0.0,,,,0.0,0.0
Libya,LBY,124.0,2023.0,620.0,0.196,0.105,0.0,0.459,,,,,,,,,,,0.0,,,,0.0,0.0
Libya,LBY,124.0,2024.0,620.0,0.195,0.109,0.0,0.504,,,,,,,,,,,0.0,,,,0.0,0.0
Libya,LBY,124.0,2025.0,620.0,0.193,0.098,0.0,0.453,,,,,,,,,,,0.0,,,,0.0,0.0
Madagascar,MDG,125.0,1980.0,580.0,0.198,0.089,1.0,0.056,,,,,,,,,,,1.0,,,,1.0,0.0
Madagascar,MDG,125.0,1981.0,580.0,0.2,0.091,1.0,0.074,,,,,,,,,,,1.0,,,,1.0,0.0
Madagascar,MDG,125.0,1982.0,580.0,0.199,0.091,1.0,0.074,0.0,0.0,0.0,0.0,0.0,0.0,0.0,0.0,1.0,,1.0,,80.16,19.84,1.0,0.0
Madagascar,MDG,125.0,1983.0,580.0,0.197,0.092,1.0,0.074,0.0,0.0,1.0,0.0,0.0,0.0,0.0,0.0,0.0,76.42,1.0,85.82,,,1.0,0.0
Madagascar,MDG,125.0,1984.0,580.0,0.198,0.093,1.0,0.074,,,,,,,,,,,1.0,,,,1.0,0.0
Madagascar,MDG,125.0,1985.0,580.0,0.201,0.093,1.0,0.074,,,,,,,,,,,1.0,,,,1.0,0.0
Madagascar,MDG,125.0,1986.0,580.0,0.201,0.094,1.0,0.074,,,,,,,,,,,1.0,,,,1.0,0.0
Madagascar,MDG,125.0,1987.0,580.0,0.207,0.096,1.0,0.074,,,,,,,,,,,1.0,,,,1.0,0.0
Madagascar,MDG,125.0,1988.0,580.0,0.215,0.097,1.0,0.074,,,,,,,,,,,1.0,,,,1.0,0.0
Madagascar,MDG,125.0,1989.0,580.0,0.219,0.099,1.0,0.074,0.0,0.0,1.0,0.0,0.0,0.0,0.0,0.0,1.0,73.38,1.0,87.59,62.71,19.33,1.0,0.0
Madagascar,MDG,125.0,1990.0,580.0,0.232,0.11,1.0,0.109,,,,,,,,,,,1.0,,,,1.0,0.0
Madagascar,MDG,125.0,1991.0,580.0,0.25,0.14,1.0,0.351,,,,,,,,,,,1.0,,,,1.0,0.0
Madagascar,MDG,125.0,1992.0,580.0,0.282,0.148,1.0,0.225,0.0,2.0,0.0,0.0,0.0,0.0,0.0,0.0,1.0,66.71,1.0,,45.94,28.59,1.0,0.0
Madagascar,MDG,125.0,1993.0,580.0,0.442,0.252,1.0,0.624,2.0,2.0,1.0,0.0,0.0,0.0,0.0,0.0,0.0,64.7,1.0,34.06,,,1.0,0.0
Madagascar,MDG,125.0,1994.0,580.0,0.555,0.372,2.0,0.791,,,,,,,,,,,1.0,,,,1.0,0.0
Madagascar,MDG,125.0,1995.0,580.0,0.555,0.357,2.0,0.738,,,,,,,,,,,1.0,,,,1.0,0.0
Madagascar,MDG,125.0,1996.0,580.0,0.548,0.351,2.0,0.738,0.0,2.0,0.0,0.0,0.0,0.0,0.0,0.0,1.0,29.67,1.0,,36.61,23.39,1.0,0.0
Madagascar,MDG,125.0,1997.0,580.0,0.51,0.279,2.0,0.4,,,,,,,,,,,1.0,,,,1.0,0.0
Madagascar,MDG,125.0,1998.0,580.0,0.507,0.271,2.0,0.359,1.0,0.0,1.0,0.0,0.0,0.0,0.0,0.0,0.0,40.64,1.0,42.0,,,1.0,0.0
Madagascar,MDG,125.0,1999.0,580.0,0.503,0.272,2.0,0.359,,,,,,,,,,,1.0,,,,1.0,0.0
Madagascar,MDG,125.0,2000.0,580.0,0.5,0.272,1.0,0.373,,,,,,,,,,,1.0,,,,1.0,0.0
Madagascar,MDG,125.0,2001.0,580.0,0.494,0.27,1.0,0.4,0.0,2.0,0.0,0.0,0.0,0.0,0.0,0.0,1.0,56.42,1.0,,51.46,35.9,1.0,0.0
Madagascar,MDG,125.0,2002.0,580.0,0.432,0.245,1.0,0.334,0.0,0.0,1.0,0.0,0.0,0.0,0.0,0.0,0.0,50.87,1.0,63.75,,,1.0,0.0
Madagascar,MDG,125.0,2003.0,580.0,0.495,0.267,1.0,0.305,,,,,,,,,,,1.0,,,,1.0,0.0
Madagascar,MDG,125.0,2004.0,580.0,0.495,0.269,1.0,0.297,,,,,,,,,,,1.0,,,,1.0,0.0
Madagascar,MDG,125.0,2005.0,580.0,0.495,0.269,1.0,0.297,,,,,,,,,,,1.0,,,,1.0,0.0
Madagascar,MDG,125.0,2006.0,580.0,0.487,0.267,1.0,0.297,0.0,0.0,0.0,0.0,0.0,0.0,0.0,0.0,1.0,50.85,1.0,,54.79,11.65,1.0,0.0
Madagascar,MDG,125.0,2007.0,580.0,0.495,0.274,1.0,0.297,0.0,0.0,1.0,0.0,0.0,0.0,0.0,0.0,0.0,,1.0,83.46,,,1.0,0.0
Madagascar,MDG,125.0,2008.0,580.0,0.504,0.277,2.0,0.297,,,,,,,,,,,1.0,,,,1.0,0.0
Madagascar,MDG,125.0,2009.0,580.0,0.272,0.101,1.0,0.118,,,,,,,,,,,1.0,,,,1.0,0.0
Madagascar,MDG,125.0,2010.0,580.0,0.221,0.079,0.0,0.049,,,,,,,,,,,1.0,,,,1.0,0.0
Madagascar,MDG,125.0,2011.0,580.0,0.221,0.101,0.0,0.223,,,,,,,,,,,1.0,,,,1.0,0.0
Madagascar,MDG,125.0,2012.0,580.0,0.222,0.1,0.0,0.223,,,,,,,,,,,1.0,,,,1.0,0.0
Madagascar,MDG,125.0,2013.0,580.0,0.246,0.125,1.0,0.292,0.0,2.0,1.0,0.0,0.0,0.0,0.0,0.0,1.0,42.12,1.0,32.45,21.1,15.93,1.0,0.0
Madagascar,MDG,125.0,2014.0,580.0,0.463,0.232,1.0,0.323,,,,,,,,,,,1.0,,,,1.0,0.0
Madagascar,MDG,125.0,2015.0,580.0,0.476,0.258,1.0,0.353,,,,,,,,,,,1.0,,,,1.0,0.0
Madagascar,MDG,125.0,2016.0,580.0,0.48,0.258,1.0,0.336,,,,,,,,,,,1.0,,,,1.0,0.0
Madagascar,MDG,125.0,2017.0,580.0,0.478,0.26,1.0,0.344,,,,,,,,,,,1.0,,,,1.0,0.0
Madagascar,MDG,125.0,2018.0,580.0,0.481,0.268,1.0,0.433,0.0,2.0,0.0,0.0,0.0,0.0,0.0,0.0,1.0,38.73,1.0,,38.95,36.8,1.0,0.0
Madagascar,MDG,125.0,2019.0,580.0,0.478,0.248,1.0,0.415,0.0,0.0,1.0,0.0,0.0,0.0,0.0,0.0,0.0,28.83,1.0,55.63,,,1.0,0.0
Madagascar,MDG,125.0,2020.0,580.0,0.486,0.246,1.0,0.366,,,,,,,,,,,1.0,,,,1.0,0.0
Madagascar,MDG,125.0,2021.0,580.0,0.479,0.237,1.0,0.337,,,,,,,,,,,1.0,,,,1.0,0.0
Madagascar,MDG,125.0,2022.0,580.0,0.477,0.237,1.0,0.337,,,,,,,,,,,1.0,,,,1.0,0.0
Madagascar,MDG,125.0,2023.0,580.0,0.461,0.225,1.0,0.343,0.0,0.0,0.0,0.0,0.0,0.0,0.0,0.0,1.0,31.67,1.0,,58.96,14.39,1.0,0.0
Madagascar,MDG,125.0,2024.0,580.0,0.403,0.201,1.0,0.343,0.0,0.0,1.0,0.0,0.0,0.0,0.0,0.0,0.0,32.49,1.0,51.53,,,1.0,0.0
Madagascar,MDG,125.0,2025.0,580.0,0.361,0.187,1.0,0.452,,,,,,,,,,,1.0,,,,1.0,0.0
Moldova,MDA,126.0,1990.0,359.0,0.421,0.301,1.0,0.468,0.0,0.0,1.0,1.0,0.0,0.0,0.0,0.0,0.0,,1.0,46.58,,,0.5,0.0
Moldova,MDA,126.0,1991.0,359.0,0.462,0.33,1.0,0.468,0.0,0.0,0.0,0.0,0.0,0.0,0.0,0.0,1.0,,1.0,,,,0.5,0.0
Moldova,MDA,126.0,1992.0,359.0,0.501,0.366,2.0,0.557,,,,,,,,,,,1.0,,,,0.5,0.0
Moldova,MDA,126.0,1993.0,359.0,0.498,0.367,1.0,0.557,,,,,,,,,,,1.0,,,,0.5,0.0
Moldova,MDA,126.0,1994.0,359.0,0.575,0.41,2.0,0.538,0.0,0.0,1.0,0.0,0.0,0.0,0.0,0.0,0.0,64.13,1.0,53.85,,,0.0,0.0
Moldova,MDA,126.0,1995.0,359.0,0.591,0.411,2.0,0.493,,,,,,,,,,,1.0,,,,0.0,0.0
Moldova,MDA,126.0,1996.0,359.0,0.591,0.411,2.0,0.493,0.0,2.0,0.0,0.0,0.0,0.0,0.0,0.0,1.0,60.0,1.0,,38.8,27.7,0.0,0.0
Moldova,MDA,126.0,1997.0,359.0,0.592,0.412,2.0,0.493,,,,,,,,,,,1.0,,,,0.0,0.0
Moldova,MDA,126.0,1998.0,359.0,0.582,0.429,2.0,0.657,0.0,0.0,1.0,0.0,0.0,0.0,0.0,0.0,0.0,56.98,1.0,39.6,,,0.0,0.0
Moldova,MDA,126.0,1999.0,359.0,0.587,0.452,2.0,0.754,,,,,,,,,,,1.0,,,,0.0,0.0
Moldova,MDA,126.0,2000.0,359.0,0.579,0.438,2.0,0.699,,,,,,,,,,,1.0,,,,0.0,0.0
Moldova,MDA,126.0,2001.0,359.0,0.512,0.35,2.0,0.39,2.0,0.0,1.0,0.0,0.0,0.0,0.0,0.0,0.0,63.77,1.0,70.3,,,1.0,0.0
Moldova,MDA,126.0,2002.0,359.0,0.506,0.381,2.0,0.648,,,,,,,,,,,1.0,,,,1.0,0.0
Moldova,MDA,126.0,2003.0,359.0,0.506,0.381,2.0,0.648,,,,,,,,,,,1.0,,,,1.0,0.0
Moldova,MDA,126.0,2004.0,359.0,0.506,0.381,2.0,0.648,,,,,,,,,,,1.0,,,,1.0,0.0
Moldova,MDA,126.0,2005.0,359.0,0.446,0.345,1.0,0.648,0.0,0.0,1.0,0.0,0.0,0.0,0.0,0.0,0.0,48.66,1.0,55.45,,,1.0,0.0
Moldova,MDA,126.0,2006.0,359.0,0.435,0.343,1.0,0.683,,,,,,,,,,,1.0,,,,1.0,0.0
Moldova,MDA,126.0,2007.0,359.0,0.438,0.346,1.0,0.683,,,,,,,,,,,1.0,,,,1.0,0.0
Moldova,MDA,126.0,2008.0,359.0,0.435,0.345,1.0,0.683,,,,,,,,,,,1.0,,,,1.0,1.0
Moldova,MDA,126.0,2009.0,359.0,0.457,0.358,1.0,0.737,2.0,0.0,1.0,0.0,0.0,0.0,0.0,0.0,0.0,46.36,1.0,59.41,,,0.0,0.0
Moldova,MDA,126.0,2010.0,359.0,0.603,0.508,2.0,0.881,0.0,0.0,1.0,0.0,0.0,0.0,0.0,0.0,0.0,50.21,1.0,41.58,,,0.0,0.0
Moldova,MDA,126.0,2011.0,359.0,0.672,0.562,2.0,0.881,,,,,,,,,,,1.0,,,,0.0,0.0
Moldova,MDA,126.0,2012.0,359.0,0.665,0.558,2.0,0.888,,,,,,,,,,,1.0,,,,0.0,0.0
Moldova,MDA,126.0,2013.0,359.0,0.638,0.53,2.0,0.87,,,,,,,,,,,1.0,,,,0.0,0.0
Moldova,MDA,126.0,2014.0,359.0,0.623,0.516,2.0,0.87,0.0,0.0,1.0,0.0,0.0,0.0,0.0,0.0,0.0,61.2,1.0,24.75,,,0.0,0.0
Moldova,MDA,126.0,2015.0,359.0,0.57,0.476,2.0,0.867,,,,,,,,,,,1.0,,,,0.0,0.0
Moldova,MDA,126.0,2016.0,359.0,0.529,0.433,2.0,0.828,0.0,2.0,0.0,0.0,0.0,0.0,0.0,0.0,1.0,58.45,1.0,,48.22,38.43,0.0,0.0
Moldova,MDA,126.0,2017.0,359.0,0.503,0.394,2.0,0.68,,,,,,,,,,,1.0,,,,0.0,0.0
Moldova,MDA,126.0,2018.0,359.0,0.506,0.39,2.0,0.667,,,,,,,,,,,1.0,,,,0.0,0.0
Moldova,MDA,126.0,2019.0,359.0,0.588,0.445,2.0,0.716,2.0,0.0,1.0,0.0,0.0,0.0,0.0,0.0,0.0,54.66,1.0,34.65,,,0.0,1.0
Moldova,MDA,126.0,2020.0,359.0,0.651,0.518,2.0,0.788,2.0,2.0,0.0,0.0,0.0,0.0,0.0,0.0,1.0,52.78,1.0,,36.16,32.61,0.0,0.0
Moldova,MDA,126.0,2021.0,359.0,0.752,0.618,2.0,0.817,2.0,0.0,1.0,0.0,0.0,0.0,0.0,0.0,0.0,56.92,1.0,62.38,,,0.0,1.0
Moldova,MDA,126.0,2022.0,359.0,0.76,0.643,2.0,0.864,,,,,,,,,,,1.0,,,,0.0,1.0
Moldova,MDA,126.0,2023.0,359.0,0.712,0.602,2.0,0.836,,,,,,,,,,,1.0,,,,0.0,0.0
Moldova,MDA,126.0,2024.0,359.0,0.622,0.503,2.0,0.692,0.0,0.0,0.0,0.0,0.0,0.0,0.0,0.0,1.0,56.92,1.0,,42.48,25.95,0.0,0.0
Moldova,MDA,126.0,2025.0,359.0,0.553,0.449,2.0,0.703,1.0,0.0,1.0,0.0,0.0,0.0,0.0,0.0,0.0,54.86,1.0,54.46,,,0.0,0.0
Namibia,NAM,127.0,1980.0,565.0,0.091,0.072,0.0,0.178,,,,,,,,,,,0.0,,,,0.0,0.0
Namibia,NAM,127.0,1981.0,565.0,0.091,0.071,0.0,0.178,,,,,,,,,,,0.0,,,,0.0,0.0
Namibia,NAM,127.0,1982.0,565.0,0.091,0.071,0.0,0.178,,,,,,,,,,,0.0,,,,0.0,0.0
Namibia,NAM,127.0,1983.0,565.0,0.072,0.053,0.0,0.21,,,,,,,,,,,0.0,,,,0.0,0.0
Namibia,NAM,127.0,1984.0,565.0,0.071,0.052,0.0,0.21,,,,,,,,,,,0.0,,,,0.0,0.0
Namibia,NAM,127.0,1985.0,565.0,0.081,0.074,0.0,0.209,,,,,,,,,,,0.0,,,,0.0,0.0
Namibia,NAM,127.0,1986.0,565.0,0.081,0.081,0.0,0.184,,,,,,,,,,,0.0,,,,0.0,0.0
Namibia,NAM,127.0,1987.0,565.0,0.083,0.081,0.0,0.184,,,,,,,,,,,0.0,,,,0.0,0.0
Namibia,NAM,127.0,1988.0,565.0,0.081,0.081,0.0,0.184,,,,,,,,,,,0.0,,,,0.0,0.0
Namibia,NAM,127.0,1989.0,565.0,0.184,0.105,0.0,0.184,0.0,0.0,1.0,0.0,0.0,0.0,0.0,0.0,0.0,101.65,0.0,56.94,,,1.0,
Namibia,NAM,127.0,1990.0,565.0,0.529,0.403,2.0,0.503,,,,,,,,,,,1.0,,,,1.0,
Namibia,NAM,127.0,1991.0,565.0,0.593,0.49,2.0,0.716,,,,,,,,,,,1.0,,,,1.0,
Namibia,NAM,127.0,1992.0,565.0,0.593,0.49,2.0,0.716,,,,,,,,,,,1.0,,,,1.0,
Namibia,NAM,127.0,1993.0,565.0,0.593,0.49,2.0,0.716,,,,,,,,,,,1.0,,,,1.0,
Namibia,NAM,127.0,1994.0,565.0,0.587,0.487,2.0,0.716,0.0,0.0,1.0,0.0,0.0,0.0,0.0,0.0,1.0,62.22,1.0,73.61,76.34,23.66,1.0,
Namibia,NAM,127.0,1995.0,565.0,0.67,0.553,2.0,0.716,,,,,,,,,,,1.0,,,,1.0,
Namibia,NAM,127.0,1996.0,565.0,0.67,0.553,2.0,0.716,,,,,,,,,,,1.0,,,,1.0,
Namibia,NAM,127.0,1997.0,565.0,0.67,0.553,2.0,0.716,,,,,,,,,,,1.0,,,,1.0,
Namibia,NAM,127.0,1998.0,565.0,0.67,0.553,2.0,0.716,,,,,,,,,,,1.0,,,,1.0,
Namibia,NAM,127.0,1999.0,565.0,0.669,0.55,2.0,0.716,0.0,0.0,1.0,0.0,0.0,0.0,0.0,0.0,1.0,62.21,1.0,76.39,76.82,10.49,1.0,
Namibia,NAM,127.0,2000.0,565.0,0.654,0.54,2.0,0.716,,,,,,,,,,,1.0,,,,1.0,
Namibia,NAM,127.0,2001.0,565.0,0.651,0.537,2.0,0.716,,,,,,,,,,,1.0,,,,1.0,
Namibia,NAM,127.0,2002.0,565.0,0.651,0.534,2.0,0.716,,,,,,,,,,,1.0,,,,1.0,
Namibia,NAM,127.0,2003.0,565.0,0.651,0.537,2.0,0.716,,,,,,,,,,,1.0,,,,1.0,
Namibia,NAM,127.0,2004.0,565.0,0.654,0.537,2.0,0.716,0.0,1.0,1.0,0.0,0.0,0.0,0.0,0.0,1.0,80.85,1.0,76.39,76.44,7.28,1.0,
Namibia,NAM,127.0,2005.0,565.0,0.664,0.55,2.0,0.716,,,,,,,,,,,1.0,,,,1.0,
Namibia,NAM,127.0,2006.0,565.0,0.668,0.551,2.0,0.716,,,,,,,,,,,1.0,,,,1.0,
Namibia,NAM,127.0,2007.0,565.0,0.659,0.544,2.0,0.716,,,,,,,,,,,1.0,,,,1.0,
Namibia,NAM,127.0,2008.0,565.0,0.662,0.548,2.0,0.716,,,,,,,,,,,1.0,,,,1.0,
Namibia,NAM,127.0,2009.0,565.0,0.655,0.541,2.0,0.716,0.0,0.0,1.0,0.0,0.0,0.0,0.0,0.0,1.0,67.62,1.0,75.0,75.25,10.91,1.0,
Namibia,NAM,127.0,2010.0,565.0,0.637,0.528,2.0,0.716,,,,,,,,,,,1.0,,,,1.0,
Namibia,NAM,127.0,2011.0,565.0,0.644,0.533,2.0,0.716,,,,,,,,,,,1.0,,,,1.0,
Namibia,NAM,127.0,2012.0,565.0,0.644,0.533,2.0,0.716,,,,,,,,,,,1.0,,,,1.0,
Namibia,NAM,127.0,2013.0,565.0,0.65,0.536,2.0,0.698,,,,,,,,,,,1.0,,,,1.0,
Namibia,NAM,127.0,2014.0,565.0,0.656,0.542,2.0,0.698,1.0,1.0,1.0,0.0,0.0,0.0,0.0,0.0,1.0,73.875,1.0,80.21,86.73,4.97,1.0,
Namibia,NAM,127.0,2015.0,565.0,0.707,0.579,2.0,0.698,,,,,,,,,,,1.0,,,,1.0,
Namibia,NAM,127.0,2016.0,565.0,0.711,0.584,2.0,0.698,,,,,,,,,,,1.0,,,,1.0,
Namibia,NAM,127.0,2017.0,565.0,0.709,0.577,2.0,0.669,,,,,,,,,,,1.0,,,,1.0,
Namibia,NAM,127.0,2018.0,565.0,0.682,0.562,2.0,0.721,,,,,,,,,,,1.0,,,,1.0,
Namibia,NAM,127.0,2019.0,565.0,0.647,0.512,2.0,0.72,0.0,0.0,1.0,0.0,0.0,0.0,0.0,0.0,1.0,55.44,1.0,65.63,56.3,29.4,1.0,
Namibia,NAM,127.0,2020.0,565.0,0.632,0.516,2.0,0.751,,,,,,,,,,,1.0,,,,1.0,
Namibia,NAM,127.0,2021.0,565.0,0.622,0.506,2.0,0.739,,,,,,,,,,,1.0,,,,1.0,
Namibia,NAM,127.0,2022.0,565.0,0.626,0.503,2.0,0.711,,,,,,,,,,,1.0,,,,1.0,
Namibia,NAM,127.0,2023.0,565.0,0.622,0.503,2.0,0.711,,,,,,,,,,,1.0,,,,1.0,
Namibia,NAM,127.0,2024.0,565.0,0.624,0.516,2.0,0.757,0.0,0.0,1.0,0.0,0.0,0.0,0.0,0.0,1.0,66.68,1.0,53.0,57.0,26.0,1.0,
Namibia,NAM,127.0,2025.0,565.0,0.633,0.519,2.0,0.757,,,,,,,,,,,1.0,,,,1.0,
Palestine/West Bank,PSE,128.0,1980.0,,0.087,0.077,0.0,0.366,,,,,,,,,,,0.0,,,,1.0,0.0
Palestine/West Bank,PSE,128.0,1981.0,,0.088,0.077,0.0,0.366,,,,,,,,,,,0.0,,,,1.0,0.0
Palestine/West Bank,PSE,128.0,1982.0,,0.088,0.077,0.0,0.366,,,,,,,,,,,0.0,,,,1.0,0.0
Palestine/West Bank,PSE,128.0,1983.0,,0.088,0.077,0.0,0.366,,,,,,,,,,,0.0,,,,1.0,0.0
Palestine/West Bank,PSE,128.0,1984.0,,0.087,0.077,0.0,0.366,,,,,,,,,,,0.0,,,,1.0,0.0
Palestine/West Bank,PSE,128.0,1985.0,,0.087,0.077,0.0,0.366,,,,,,,,,,,0.0,,,,1.0,0.0
Palestine/West Bank,PSE,128.0,1986.0,,0.087,0.077,0.0,0.366,,,,,,,,,,,0.0,,,,1.0,0.0
Palestine/West Bank,PSE,128.0,1987.0,,0.083,0.076,0.0,0.366,,,,,,,,,,,0.0,,,,1.0,0.0
Palestine/West Bank,PSE,128.0,1988.0,,0.083,0.076,0.0,0.366,,,,,,,,,,,0.0,,,,1.0,0.0
Palestine/West Bank,PSE,128.0,1989.0,,0.083,0.076,0.0,0.366,,,,,,,,,,,0.0,,,,1.0,0.0
Palestine/West Bank,PSE,128.0,1990.0,,0.077,0.071,0.0,0.326,,,,,,,,,,,0.0,,,,1.0,0.0
Palestine/West Bank,PSE,128.0,1991.0,,0.079,0.072,0.0,0.326,,,,,,,,,,,0.0,,,,1.0,0.0
Palestine/West Bank,PSE,128.0,1992.0,,0.079,0.077,0.0,0.401,,,,,,,,,,,0.0,,,,1.0,0.0
Palestine/West Bank,PSE,128.0,1993.0,,0.083,0.083,0.0,0.401,,,,,,,,,,,0.0,,,,1.0,0.0
Palestine/West Bank,PSE,128.0,1994.0,,0.155,0.147,0.0,0.458,,,,,,,,,,,0.0,,,,1.0,
Palestine/West Bank,PSE,128.0,1995.0,,0.161,0.15,0.0,0.458,,,,,,,,,,,0.0,,,,1.0,
Palestine/West Bank,PSE,128.0,1996.0,,0.443,0.272,1.0,0.535,0.0,0.0,1.0,0.0,0.0,0.0,0.0,0.0,1.0,78.09,0.0,56.82,88.2,11.5,1.0,
Palestine/West Bank,PSE,128.0,1997.0,,0.454,0.276,1.0,0.535,,,,,,,,,,,0.0,,,,1.0,
Palestine/West Bank,PSE,128.0,1998.0,,0.461,0.281,1.0,0.535,,,,,,,,,,,0.0,,,,1.0,
Palestine/West Bank,PSE,128.0,1999.0,,0.461,0.279,1.0,0.515,,,,,,,,,,,0.0,,,,1.0,
Palestine/West Bank,PSE,128.0,2000.0,,0.471,0.274,1.0,0.504,,,,,,,,,,,0.0,,,,1.0,
Palestine/West Bank,PSE,128.0,2001.0,,0.474,0.276,1.0,0.504,,,,,,,,,,,0.0,,,,1.0,
Palestine/West Bank,PSE,128.0,2002.0,,0.471,0.276,1.0,0.504,,,,,,,,,,,0.0,,,,1.0,
Palestine/West Bank,PSE,128.0,2003.0,,0.502,0.294,2.0,0.504,,,,,,,,,,,0.0,,,,0.5,0.0
Palestine/West Bank,PSE,128.0,2004.0,,0.511,0.306,2.0,0.504,,,,,,,,,,,0.0,,,,0.5,0.0
Palestine/West Bank,PSE,128.0,2005.0,,0.533,0.326,2.0,0.504,0.0,1.0,0.0,0.0,0.0,0.0,0.0,0.0,1.0,46.02,0.0,,67.38,20.99,0.5,0.0
Palestine/West Bank,PSE,128.0,2006.0,,0.501,0.313,2.0,0.523,2.0,0.0,1.0,0.0,0.0,0.0,0.0,0.0,0.0,57.65,0.0,56.06,,,0.5,0.0
Palestine/West Bank,PSE,128.0,2007.0,,0.323,0.181,1.0,0.194,,,,,,,,,,,0.0,,,,0.0,0.0
Palestine/West Bank,PSE,128.0,2008.0,,0.234,0.138,1.0,0.251,,,,,,,,,,,0.0,,,,0.0,0.0
Palestine/West Bank,PSE,128.0,2009.0,,0.242,0.142,1.0,0.251,,,,,,,,,,,0.0,,,,0.0,0.0
Palestine/West Bank,PSE,128.0,2010.0,,0.244,0.142,1.0,0.251,,,,,,,,,,,0.0,,,,0.0,0.0
Palestine/West Bank,PSE,128.0,2011.0,,0.241,0.142,1.0,0.251,,,,,,,,,,,0.0,,,,0.0,0.0
Palestine/West Bank,PSE,128.0,2012.0,,0.243,0.142,1.0,0.251,,,,,,,,,,,0.0,,,,0.0,0.0
Palestine/West Bank,PSE,128.0,2013.0,,0.246,0.163,1.0,0.251,,,,,,,,,,,0.0,,,,0.0,0.0
Palestine/West Bank,PSE,128.0,2014.0,,0.249,0.165,1.0,0.251,,,,,,,,,,,0.0,,,,0.0,0.0
Palestine/West Bank,PSE,128.0,2015.0,,0.244,0.162,1.0,0.251,,,,,,,,,,,0.0,,,,0.0,0.0
Palestine/West Bank,PSE,128.0,2016.0,,0.243,0.162,1.0,0.251,,,,,,,,,,,0.0,,,,0.0,0.0
Palestine/West Bank,PSE,128.0,2017.0,,0.252,0.171,1.0,0.251,,,,,,,,,,,0.0,,,,0.0,0.0
Palestine/West Bank,PSE,128.0,2018.0,,0.265,0.176,1.0,0.251,,,,,,,,,,,0.0,,,,0.0,0.0
Palestine/West Bank,PSE,128.0,2019.0,,0.272,0.19,1.0,0.251,,,,,,,,,,,0.0,,,,0.5,0.0
Palestine/West Bank,PSE,128.0,2020.0,,0.242,0.148,1.0,0.251,,,,,,,,,,,0.0,,,,0.5,0.0
Palestine/West Bank,PSE,128.0,2021.0,,0.235,0.128,1.0,0.251,,,,,,,,,,,0.0,,,,0.5,0.0
Palestine/West Bank,PSE,128.0,2022.0,,0.229,0.122,1.0,0.251,,,,,,,,,,,0.0,,,,0.5,0.0
Palestine/West Bank,PSE,128.0,2023.0,,0.229,0.124,1.0,0.251,,,,,,,,,,,0.0,,,,0.5,0.0
Palestine/West Bank,PSE,128.0,2024.0,,0.212,0.118,1.0,0.251,,,,,,,,,,,0.0,,,,0.5,0.0
Palestine/West Bank,PSE,128.0,2025.0,,0.214,0.114,1.0,0.251,,,,,,,,,,,0.0,,,,0.5,0.0
Rwanda,RWA,129.0,1980.0,517.0,0.165,0.121,0.0,,,,,,,,,,,,1.0,,,,1.0,
Rwanda,RWA,129.0,1981.0,517.0,0.165,0.121,0.0,,0.0,0.0,1.0,0.0,0.0,0.0,0.0,0.0,0.0,,1.0,100.0,,,1.0,
Rwanda,RWA,129.0,1982.0,517.0,0.207,0.151,0.0,0.182,,,,,,,,,,,1.0,,,,1.0,
Rwanda,RWA,129.0,1983.0,517.0,0.207,0.151,0.0,0.182,0.0,0.0,1.0,0.0,0.0,0.0,0.0,0.0,1.0,,1.0,100.0,99.97,0.0,1.0,
Rwanda,RWA,129.0,1984.0,517.0,0.204,0.15,0.0,0.182,,,,,,,,,,,1.0,,,,1.0,
Rwanda,RWA,129.0,1985.0,517.0,0.204,0.15,0.0,0.182,,,,,,,,,,,1.0,,,,1.0,
Rwanda,RWA,129.0,1986.0,517.0,0.204,0.15,0.0,0.182,,,,,,,,,,,1.0,,,,1.0,
Rwanda,RWA,129.0,1987.0,517.0,0.204,0.15,0.0,0.182,,,,,,,,,,,1.0,,,,1.0,
Rwanda,RWA,129.0,1988.0,517.0,0.207,0.151,0.0,0.182,0.0,0.0,1.0,0.0,0.0,0.0,0.0,0.0,1.0,,1.0,100.0,99.98,0.0,1.0,
Rwanda,RWA,129.0,1989.0,517.0,0.21,0.152,0.0,0.182,,,,,,,,,,,1.0,,,,1.0,
Rwanda,RWA,129.0,1990.0,517.0,0.217,0.157,0.0,0.241,,,,,,,,,,,1.0,,,,1.0,
Rwanda,RWA,129.0,1991.0,517.0,0.256,0.18,0.0,0.304,,,,,,,,,,,1.0,,,,1.0,0.0
Rwanda,RWA,129.0,1992.0,517.0,0.29,0.193,0.0,0.304,,,,,,,,,,,1.0,,,,1.0,0.0
Rwanda,RWA,129.0,1993.0,517.0,0.187,0.129,0.0,,,,,,,,,,,,1.0,,,,1.0,1.0
Rwanda,RWA,129.0,1994.0,517.0,0.143,0.114,0.0,0.611,,,,,,,,,,,1.0,,,,1.0,0.0
Rwanda,RWA,129.0,1995.0,517.0,0.104,0.118,0.0,0.587,,,,,,,,,,,1.0,,,,1.0,0.0
Rwanda,RWA,129.0,1996.0,517.0,0.107,0.12,0.0,0.587,,,,,,,,,,,1.0,,,,1.0,0.0
Rwanda,RWA,129.0,1997.0,517.0,0.107,0.122,0.0,0.587,,,,,,,,,,,1.0,,,,1.0,0.0
Rwanda,RWA,129.0,1998.0,517.0,0.106,0.124,0.0,0.587,,,,,,,,,,,1.0,,,,1.0,0.0
Rwanda,RWA,129.0,1999.0,517.0,0.107,0.125,0.0,0.587,,,,,,,,,,,1.0,,,,1.0,0.0
Rwanda,RWA,129.0,2000.0,517.0,0.114,0.104,0.0,0.272,,,,,,,,,,,1.0,,,,1.0,0.0
Rwanda,RWA,129.0,2001.0,517.0,0.114,0.104,0.0,0.272,,,,,,,,,,,1.0,,,,1.0,0.0
Rwanda,RWA,129.0,2002.0,517.0,0.115,0.104,0.0,0.272,,,,,,,,,,,1.0,,,,1.0,0.0
Rwanda,RWA,129.0,2003.0,517.0,0.143,0.111,1.0,0.272,0.0,0.0,1.0,0.0,0.0,0.0,0.0,0.0,1.0,89.92,1.0,75.47,95.0,3.6,1.0,0.0
Rwanda,RWA,129.0,2004.0,517.0,0.198,0.123,1.0,0.272,,,,,,,,,,,1.0,,,,1.0,0.0
Rwanda,RWA,129.0,2005.0,517.0,0.196,0.124,1.0,0.272,,,,,,,,,,,1.0,,,,1.0,0.0
Rwanda,RWA,129.0,2006.0,517.0,0.197,0.124,1.0,0.272,,,,,,,,,,,1.0,,,,1.0,0.0
Rwanda,RWA,129.0,2007.0,517.0,0.197,0.123,1.0,0.272,,,,,,,,,,,1.0,,,,1.0,0.0
Rwanda,RWA,129.0,2008.0,517.0,0.203,0.125,1.0,0.272,0.0,0.0,1.0,0.0,0.0,0.0,0.0,0.0,0.0,93.6,1.0,79.25,,,1.0,0.0
Rwanda,RWA,129.0,2009.0,517.0,0.22,0.13,1.0,0.264,,,,,,,,,,,1.0,,,,1.0,0.0
Rwanda,RWA,129.0,2010.0,517.0,0.217,0.133,1.0,0.29,0.0,0.0,0.0,0.0,0.0,0.0,0.0,0.0,1.0,89.17,1.0,,93.08,5.15,1.0,0.0
Rwanda,RWA,129.0,2011.0,517.0,0.216,0.133,1.0,0.29,,,,,,,,,,,1.0,,,,1.0,0.0
Rwanda,RWA,129.0,2012.0,517.0,0.22,0.136,1.0,0.29,,,,,,,,,,,1.0,,,,1.0,0.0
Rwanda,RWA,129.0,2013.0,517.0,0.221,0.136,1.0,0.3,0.0,0.0,1.0,0.0,0.0,0.0,0.0,0.0,0.0,99.38,1.0,69.81,,,1.0,0.0
Rwanda,RWA,129.0,2014.0,517.0,0.226,0.139,1.0,0.3,,,,,,,,,,,1.0,,,,1.0,0.0
Rwanda,RWA,129.0,2015.0,517.0,0.226,0.138,1.0,0.3,,,,,,,,,,,1.0,,,,1.0,0.0
Rwanda,RWA,129.0,2016.0,517.0,0.226,0.128,1.0,0.316,,,,,,,,,,,1.0,,,,1.0,0.0
Rwanda,RWA,129.0,2017.0,517.0,0.222,0.116,1.0,0.316,1.0,0.0,0.0,0.0,0.0,0.0,0.0,0.0,1.0,109.1,1.0,,98.79,0.73,1.0,0.0
Rwanda,RWA,129.0,2018.0,517.0,0.226,0.118,1.0,0.304,0.0,0.0,1.0,0.0,0.0,0.0,0.0,0.0,0.0,104.31,1.0,67.92,,,1.0,0.0
Rwanda,RWA,129.0,2019.0,517.0,0.227,0.12,1.0,0.304,,,,,,,,,,,1.0,,,,1.0,0.0
Rwanda,RWA,129.0,2020.0,517.0,0.227,0.12,1.0,0.327,,,,,,,,,,,1.0,,,,1.0,0.0
Rwanda,RWA,129.0,2021.0,517.0,0.226,0.11,1.0,0.337,,,,,,,,,,,1.0,,,,1.0,0.0
Rwanda,RWA,129.0,2022.0,517.0,0.219,0.11,1.0,0.337,,,,,,,,,,,1.0,,,,1.0,0.0
Rwanda,RWA,129.0,2023.0,517.0,0.212,0.099,1.0,0.337,,,,,,,,,,,1.0,,,,1.0,0.0
Rwanda,RWA,129.0,2024.0,517.0,0.201,0.091,1.0,0.275,0.0,0.0,1.0,0.0,0.0,0.0,0.0,0.0,1.0,117.03,1.0,46.25,99.18,0.49,1.0,0.0
Rwanda,RWA,129.0,2025.0,517.0,0.193,0.09,1.0,0.274,,,,,,,,,,,1.0,,,,1.0,0.0
Somalia,SOM,130.0,1980.0,520.0,0.084,0.032,1.0,0.119,,,,,,,,,,,1.0,,,,1.0,
Somalia,SOM,130.0,1981.0,520.0,0.144,0.04,1.0,0.119,,,,,,,,,,,1.0,,,,1.0,
Somalia,SOM,130.0,1982.0,520.0,0.144,0.04,1.0,0.119,,,,,,,,,,,1.0,,,,1.0,
Somalia,SOM,130.0,1983.0,520.0,0.144,0.04,1.0,0.119,,,,,,,,,,,1.0,,,,1.0,
Somalia,SOM,130.0,1984.0,520.0,0.144,0.04,0.0,0.119,0.0,0.0,1.0,0.0,0.0,0.0,0.0,0.0,0.0,142.76,1.0,100.0,,,1.0,
Somalia,SOM,130.0,1985.0,520.0,0.142,0.04,0.0,0.119,,,,,,,,,,,1.0,,,,1.0,
Somalia,SOM,130.0,1986.0,520.0,0.142,0.04,0.0,0.119,0.0,0.0,0.0,0.0,0.0,0.0,0.0,0.0,1.0,,1.0,,100.0,0.0,1.0,
Somalia,SOM,130.0,1987.0,520.0,0.143,0.04,0.0,0.119,,,,,,,,,,,1.0,,,,1.0,0.0
Somalia,SOM,130.0,1988.0,520.0,0.143,0.04,0.0,0.119,,,,,,,,,,,1.0,,,,1.0,0.0
Somalia,SOM,130.0,1989.0,520.0,0.143,0.04,0.0,0.119,,,,,,,,,,,1.0,,,,1.0,0.0
Somalia,SOM,130.0,1990.0,520.0,0.144,0.039,0.0,0.119,,,,,,,,,,,1.0,,,,1.0,0.0
Somalia,SOM,130.0,1991.0,520.0,0.132,0.037,0.0,0.089,,,,,,,,,,,1.0,,,,0.5,0.0
Somalia,SOM,130.0,1992.0,520.0,0.151,0.026,0.0,,,,,,,,,,,,1.0,,,,0.5,0.0
Somalia,SOM,130.0,1993.0,520.0,0.156,0.026,0.0,,,,,,,,,,,,1.0,,,,0.5,0.0
Somalia,SOM,130.0,1994.0,520.0,0.157,0.026,0.0,,,,,,,,,,,,1.0,,,,0.5,0.0
Somalia,SOM,130.0,1995.0,520.0,0.158,0.027,0.0,,,,,,,,,,,,1.0,,,,0.5,0.0
Somalia,SOM,130.0,1996.0,520.0,0.158,0.027,0.0,,,,,,,,,,,,1.0,,,,0.5,0.0
Somalia,SOM,130.0,1997.0,520.0,0.158,0.027,0.0,,,,,,,,,,,,1.0,,,,1.0,
Somalia,SOM,130.0,1998.0,520.0,0.158,0.027,0.0,,,,,,,,,,,,1.0,,,,1.0,
Somalia,SOM,130.0,1999.0,520.0,0.158,0.027,0.0,,,,,,,,,,,,1.0,,,,1.0,
Somalia,SOM,130.0,2000.0,520.0,0.167,0.028,0.0,,,,,,,,,,,,1.0,,,,0.0,0.0
Somalia,SOM,130.0,2001.0,520.0,0.166,0.028,0.0,0.685,,,,,,,,,,,1.0,,,,0.0,0.0
Somalia,SOM,130.0,2002.0,520.0,0.166,0.028,0.0,0.685,,,,,,,,,,,1.0,,,,0.0,0.0
Somalia,SOM,130.0,2003.0,520.0,0.166,0.028,0.0,0.685,,,,,,,,,,,1.0,,,,0.0,0.0
Somalia,SOM,130.0,2004.0,520.0,0.166,0.058,0.0,0.685,,,,,,,,,,,1.0,,,,0.0,0.0
Somalia,SOM,130.0,2005.0,520.0,0.171,0.092,0.0,0.64,,,,,,,,,,,1.0,,,,0.0,0.0
Somalia,SOM,130.0,2006.0,520.0,0.172,0.093,0.0,0.637,,,,,,,,,,,1.0,,,,0.0,0.0
Somalia,SOM,130.0,2007.0,520.0,0.172,0.095,0.0,0.668,,,,,,,,,,,1.0,,,,0.0,0.0
Somalia,SOM,130.0,2008.0,520.0,0.172,0.094,0.0,0.652,,,,,,,,,,,1.0,,,,0.0,0.0
Somalia,SOM,130.0,2009.0,520.0,0.172,0.094,0.0,0.652,,,,,,,,,,,1.0,,,,0.0,0.0
Somalia,SOM,130.0,2010.0,520.0,0.186,0.102,0.0,0.652,,,,,,,,,,,1.0,,,,0.0,0.0
Somalia,SOM,130.0,2011.0,520.0,0.19,0.104,0.0,0.675,,,,,,,,,,,1.0,,,,0.0,0.0
Somalia,SOM,130.0,2012.0,520.0,0.167,0.107,0.0,0.711,,,,,,,,,,,1.0,,,,0.0,0.0
Somalia,SOM,130.0,2013.0,520.0,0.162,0.118,0.0,0.609,,,,,,,,,,,1.0,,,,0.0,0.0
Somalia,SOM,130.0,2014.0,520.0,0.162,0.118,0.0,0.609,,,,,,,,,,,1.0,,,,0.0,0.0
Somalia,SOM,130.0,2015.0,520.0,0.162,0.123,0.0,0.659,,,,,,,,,,,1.0,,,,0.0,0.0
Somalia,SOM,130.0,2016.0,520.0,0.16,0.11,0.0,0.662,,,,,,,,,,,1.0,,,,0.0,0.0
Somalia,SOM,130.0,2017.0,520.0,0.167,0.123,0.0,0.641,,,,,,,,,,,1.0,,,,0.0,0.0
Somalia,SOM,130.0,2018.0,520.0,0.154,0.106,0.0,0.578,,,,,,,,,,,1.0,,,,0.0,0.0
Somalia,SOM,130.0,2019.0,520.0,0.148,0.104,0.0,0.625,,,,,,,,,,,1.0,,,,0.0,0.0
Somalia,SOM,130.0,2020.0,520.0,0.154,0.105,0.0,0.631,,,,,,,,,,,1.0,,,,0.0,0.0
Somalia,SOM,130.0,2021.0,520.0,0.161,0.111,0.0,0.64,,,,,,,,,,,1.0,,,,0.0,0.0
Somalia,SOM,130.0,2022.0,520.0,0.158,0.114,0.0,0.662,,,,,,,,,,,1.0,,,,0.0,0.0
Somalia,SOM,130.0,2023.0,520.0,0.167,0.131,0.0,0.728,,,,,,,,,,,1.0,,,,0.0,0.0
Somalia,SOM,130.0,2024.0,520.0,0.165,0.127,0.0,0.609,,,,,,,,,,,1.0,,,,0.0,0.0
Somalia,SOM,130.0,2025.0,520.0,0.165,0.128,0.0,0.609,,,,,,,,,,,1.0,,,,0.0,0.0
Sri Lanka,LKA,131.0,1980.0,780.0,0.519,0.338,2.0,0.44,,,,,,,,,,,1.0,,,,1.0,
Sri Lanka,LKA,131.0,1981.0,780.0,0.519,0.338,2.0,0.44,,,,,,,,,,,1.0,,,,1.0,
Sri Lanka,LKA,131.0,1982.0,780.0,0.512,0.334,2.0,0.44,0.0,0.0,0.0,0.0,0.0,0.0,0.0,0.0,1.0,74.95,1.0,,52.91,39.07,1.0,
Sri Lanka,LKA,131.0,1983.0,780.0,0.48,0.308,1.0,0.44,,,,,,,,,,,1.0,,,,1.0,
Sri Lanka,LKA,131.0,1984.0,780.0,0.48,0.305,1.0,0.44,,,,,,,,,,,1.0,,,,1.0,
Sri Lanka,LKA,131.0,1985.0,780.0,0.48,0.305,1.0,0.44,,,,,,,,,,,1.0,,,,1.0,
Sri Lanka,LKA,131.0,1986.0,780.0,0.478,0.3,1.0,0.44,,,,,,,,,,,1.0,,,,1.0,
Sri Lanka,LKA,131.0,1987.0,780.0,0.472,0.289,1.0,0.44,,,,,,,,,,,1.0,,,,1.0,
Sri Lanka,LKA,131.0,1988.0,780.0,0.461,0.283,1.0,0.44,0.0,1.0,0.0,0.0,0.0,0.0,0.0,0.0,1.0,51.22,1.0,,50.43,44.95,1.0,
Sri Lanka,LKA,131.0,1989.0,780.0,0.435,0.268,1.0,0.44,1.0,0.0,1.0,0.0,0.0,0.0,0.0,0.0,0.0,58.09,1.0,55.56,,,1.0,
Sri Lanka,LKA,131.0,1990.0,780.0,0.445,0.275,1.0,0.44,,,,,,,,,,,1.0,,,,1.0,
Sri Lanka,LKA,131.0,1991.0,780.0,0.445,0.274,1.0,0.44,,,,,,,,,,,1.0,,,,1.0,
Sri Lanka,LKA,131.0,1992.0,780.0,0.449,0.284,1.0,0.44,,,,,,,,,,,1.0,,,,1.0,
Sri Lanka,LKA,131.0,1993.0,780.0,0.449,0.284,1.0,0.441,,,,,,,,,,,1.0,,,,1.0,
Sri Lanka,LKA,131.0,1994.0,780.0,0.49,0.315,1.0,0.441,2.0,2.0,1.0,0.0,0.0,0.0,0.0,0.0,1.0,74.14,1.0,46.67,62.28,35.91,1.0,
Sri Lanka,LKA,131.0,1995.0,780.0,0.544,0.346,2.0,0.433,,,,,,,,,,,1.0,,,,1.0,
Sri Lanka,LKA,131.0,1996.0,780.0,0.544,0.346,2.0,0.433,,,,,,,,,,,1.0,,,,1.0,
Sri Lanka,LKA,131.0,1997.0,780.0,0.544,0.346,2.0,0.433,,,,,,,,,,,1.0,,,,1.0,
Sri Lanka,LKA,131.0,1998.0,780.0,0.53,0.337,2.0,0.433,,,,,,,,,,,1.0,,,,1.0,
Sri Lanka,LKA,131.0,1999.0,780.0,0.529,0.336,2.0,0.433,0.0,0.0,0.0,0.0,0.0,0.0,0.0,0.0,1.0,78.49,1.0,,51.12,42.71,1.0,
Sri Lanka,LKA,131.0,2000.0,780.0,0.494,0.318,1.0,0.433,0.0,0.0,1.0,0.0,0.0,0.0,0.0,0.0,0.0,82.16,1.0,47.56,,,1.0,
Sri Lanka,LKA,131.0,2001.0,780.0,0.496,0.319,1.0,0.442,2.0,0.0,1.0,0.0,0.0,0.0,0.0,0.0,0.0,72.24,1.0,48.44,,,1.0,
Sri Lanka,LKA,131.0,2002.0,780.0,0.529,0.34,2.0,0.442,,,,,,,,,,,1.0,,,,1.0,
Sri Lanka,LKA,131.0,2003.0,780.0,0.529,0.34,2.0,0.442,,,,,,,,,,,1.0,,,,1.0,
Sri Lanka,LKA,131.0,2004.0,780.0,0.513,0.329,2.0,0.442,2.0,0.0,1.0,0.0,0.0,0.0,0.0,0.0,0.0,70.78,1.0,46.67,,,1.0,
Sri Lanka,LKA,131.0,2005.0,780.0,0.435,0.278,1.0,0.411,0.0,1.0,0.0,0.0,0.0,0.0,0.0,0.0,1.0,69.1,1.0,,50.29,48.43,1.0,
Sri Lanka,LKA,131.0,2006.0,780.0,0.373,0.243,1.0,0.411,,,,,,,,,,,1.0,,,,1.0,
Sri Lanka,LKA,131.0,2007.0,780.0,0.373,0.24,1.0,0.411,,,,,,,,,,,1.0,,,,1.0,
Sri Lanka,LKA,131.0,2008.0,780.0,0.368,0.236,1.0,0.411,,,,,,,,,,,1.0,,,,1.0,
Sri Lanka,LKA,131.0,2009.0,780.0,0.366,0.233,1.0,0.411,,,,,,,,,,,1.0,,,,1.0,
Sri Lanka,LKA,131.0,2010.0,780.0,0.386,0.244,1.0,0.403,1.0,0.0,1.0,0.0,0.0,0.0,0.0,0.0,1.0,70.92,1.0,64.0,57.88,40.15,1.0,
Sri Lanka,LKA,131.0,2011.0,780.0,0.384,0.243,1.0,0.403,,,,,,,,,,,1.0,,,,1.0,
Sri Lanka,LKA,131.0,2012.0,780.0,0.39,0.246,1.0,0.403,,,,,,,,,,,1.0,,,,1.0,
Sri Lanka,LKA,131.0,2013.0,780.0,0.418,0.268,1.0,0.396,,,,,,,,,,,1.0,,,,1.0,
Sri Lanka,LKA,131.0,2014.0,780.0,0.417,0.267,1.0,0.396,,,,,,,,,,,1.0,,,,1.0,
Sri Lanka,LKA,131.0,2015.0,780.0,0.55,0.397,2.0,0.541,2.0,2.0,1.0,0.0,0.0,0.0,0.0,0.0,1.0,80.35,1.0,47.11,51.28,47.58,1.0,
Sri Lanka,LKA,131.0,2016.0,780.0,0.595,0.45,2.0,0.598,,,,,,,,,,,1.0,,,,1.0,
Sri Lanka,LKA,131.0,2017.0,780.0,0.591,0.448,2.0,0.617,,,,,,,,,,,1.0,,,,1.0,
Sri Lanka,LKA,131.0,2018.0,780.0,0.612,0.481,2.0,0.673,,,,,,,,,,,1.0,,,,1.0,
Sri Lanka,LKA,131.0,2019.0,780.0,0.564,0.439,2.0,0.655,2.0,2.0,0.0,0.0,0.0,0.0,0.0,0.0,1.0,81.91,1.0,,52.25,41.99,1.0,
Sri Lanka,LKA,131.0,2020.0,780.0,0.579,0.379,2.0,0.485,0.0,0.0,1.0,0.0,0.0,0.0,0.0,0.0,0.0,74.67,1.0,64.44,,,1.0,
Sri Lanka,LKA,131.0,2021.0,780.0,0.572,0.393,2.0,0.508,,,,,,,,,,,1.0,,,,1.0,
Sri Lanka,LKA,131.0,2022.0,780.0,0.602,0.44,2.0,0.622,,,,,,,,,,,1.0,,,,1.0,
Sri Lanka,LKA,131.0,2023.0,780.0,0.585,0.426,2.0,0.601,,,,,,,,,,,1.0,,,,1.0,
Sri Lanka,LKA,131.0,2024.0,780.0,0.677,0.497,2.0,0.543,2.0,2.0,1.0,0.0,0.0,0.0,0.0,0.0,1.0,74.23,1.0,70.66,42.31,32.76,1.0,
Sri Lanka,LKA,131.0,2025.0,780.0,0.783,0.613,2.0,0.599,,,,,,,,,,,1.0,,,,1.0,
Eswatini,SWZ,132.0,1980.0,572.0,0.131,0.109,0.0,0.216,,,,,,,,,,,1.0,,,,1.0,0.0
Eswatini,SWZ,132.0,1981.0,572.0,0.131,0.109,0.0,0.216,,,,,,,,,,,1.0,,,,1.0,0.0
Eswatini,SWZ,132.0,1982.0,572.0,0.131,0.109,0.0,0.216,,,,,,,,,,,1.0,,,,1.0,0.0
Eswatini,SWZ,132.0,1983.0,572.0,0.131,0.109,0.0,0.216,2.0,0.0,1.0,0.0,0.0,0.0,0.0,0.0,0.0,,1.0,,,,1.0,0.0
Eswatini,SWZ,132.0,1984.0,572.0,0.126,0.106,0.0,0.216,,,,,,,,,,,1.0,,,,1.0,0.0
Eswatini,SWZ,132.0,1985.0,572.0,0.126,0.106,0.0,0.216,,,,,,,,,,,1.0,,,,1.0,0.0
Eswatini,SWZ,132.0,1986.0,572.0,0.126,0.106,0.0,0.216,,,,,,,,,,,1.0,,,,1.0,0.0
Eswatini,SWZ,132.0,1987.0,572.0,0.126,0.106,0.0,0.216,0.0,0.0,1.0,0.0,0.0,0.0,0.0,0.0,0.0,,1.0,,,,1.0,0.0
Eswatini,SWZ,132.0,1988.0,572.0,0.122,0.105,0.0,0.216,,,,,,,,,,,1.0,,,,1.0,0.0
Eswatini,SWZ,132.0,1989.0,572.0,0.122,0.105,0.0,0.216,,,,,,,,,,,1.0,,,,1.0,0.0
Eswatini,SWZ,132.0,1990.0,572.0,0.124,0.104,0.0,0.227,,,,,,,,,,,1.0,,,,1.0,0.0
Eswatini,SWZ,132.0,1991.0,572.0,0.124,0.104,0.0,0.227,,,,,,,,,,,1.0,,,,1.0,0.0
Eswatini,SWZ,132.0,1992.0,572.0,0.124,0.104,0.0,0.227,,,,,,,,,,,1.0,,,,1.0,0.0
Eswatini,SWZ,132.0,1993.0,572.0,0.122,0.104,0.0,0.227,2.0,0.0,1.0,1.0,0.0,0.0,0.0,0.0,0.0,,1.0,,,,1.0,0.0
Eswatini,SWZ,132.0,1994.0,572.0,0.117,0.099,0.0,0.227,,,,,,,,,,,1.0,,,,1.0,0.0
Eswatini,SWZ,132.0,1995.0,572.0,0.117,0.099,0.0,0.227,,,,,,,,,,,1.0,,,,1.0,0.0
Eswatini,SWZ,132.0,1996.0,572.0,0.115,0.098,0.0,0.227,,,,,,,,,,,1.0,,,,1.0,0.0
Eswatini,SWZ,132.0,1997.0,572.0,0.115,0.098,0.0,0.227,,,,,,,,,,,1.0,,,,1.0,0.0
Eswatini,SWZ,132.0,1998.0,572.0,0.117,0.095,0.0,0.227,0.0,0.0,1.0,0.0,0.0,0.0,0.0,0.0,0.0,,1.0,,,,1.0,0.0
Eswatini,SWZ,132.0,1999.0,572.0,0.123,0.096,0.0,0.227,,,,,,,,,,,1.0,,,,1.0,0.0
Eswatini,SWZ,132.0,2000.0,572.0,0.124,0.097,0.0,0.243,,,,,,,,,,,1.0,,,,1.0,0.0
Eswatini,SWZ,132.0,2001.0,572.0,0.125,0.097,0.0,0.243,,,,,,,,,,,1.0,,,,1.0,0.0
Eswatini,SWZ,132.0,2002.0,572.0,0.125,0.097,0.0,0.243,,,,,,,,,,,1.0,,,,1.0,0.0
Eswatini,SWZ,132.0,2003.0,572.0,0.125,0.097,0.0,0.243,2.0,0.0,1.0,0.0,0.0,0.0,0.0,0.0,0.0,,1.0,,,,1.0,0.0
Eswatini,SWZ,132.0,2004.0,572.0,0.123,0.096,0.0,0.243,,,,,,,,,,,1.0,,,,1.0,0.0
Eswatini,SWZ,132.0,2005.0,572.0,0.128,0.096,0.0,0.304,,,,,,,,,,,1.0,,,,1.0,0.0
Eswatini,SWZ,132.0,2006.0,572.0,0.129,0.096,0.0,0.304,,,,,,,,,,,1.0,,,,1.0,0.0
Eswatini,SWZ,132.0,2007.0,572.0,0.129,0.095,0.0,0.304,,,,,,,,,,,1.0,,,,1.0,0.0
Eswatini,SWZ,132.0,2008.0,572.0,0.127,0.097,0.0,0.304,2.0,0.0,1.0,0.0,0.0,0.0,0.0,0.0,0.0,,1.0,,,,1.0,0.0
Eswatini,SWZ,132.0,2009.0,572.0,0.124,0.097,0.0,0.304,,,,,,,,,,,1.0,,,,1.0,0.0
Eswatini,SWZ,132.0,2010.0,572.0,0.125,0.094,0.0,0.304,,,,,,,,,,,1.0,,,,1.0,0.0
Eswatini,SWZ,132.0,2011.0,572.0,0.125,0.093,0.0,0.304,,,,,,,,,,,1.0,,,,1.0,0.0
Eswatini,SWZ,132.0,2012.0,572.0,0.125,0.093,0.0,0.304,,,,,,,,,,,1.0,,,,1.0,0.0
Eswatini,SWZ,132.0,2013.0,572.0,0.13,0.097,0.0,0.333,0.0,0.0,1.0,0.0,0.0,0.0,0.0,0.0,0.0,,1.0,,,,1.0,0.0
Eswatini,SWZ,132.0,2014.0,572.0,0.131,0.097,0.0,0.333,,,,,,,,,,,1.0,,,,1.0,0.0
Eswatini,SWZ,132.0,2015.0,572.0,0.131,0.097,0.0,0.333,,,,,,,,,,,1.0,,,,1.0,0.0
Eswatini,SWZ,132.0,2016.0,572.0,0.131,0.097,0.0,0.333,,,,,,,,,,,1.0,,,,1.0,0.0
Eswatini,SWZ,132.0,2017.0,572.0,0.132,0.099,0.0,0.327,,,,,,,,,,,1.0,,,,1.0,0.0
Eswatini,SWZ,132.0,2018.0,572.0,0.132,0.115,0.0,0.424,0.0,0.0,1.0,0.0,0.0,0.0,0.0,0.0,0.0,,1.0,,,,1.0,0.0
Eswatini,SWZ,132.0,2019.0,572.0,0.133,0.114,0.0,0.447,,,,,,,,,,,1.0,,,,1.0,0.0
Eswatini,SWZ,132.0,2020.0,572.0,0.132,0.115,0.0,0.447,,,,,,,,,,,1.0,,,,1.0,0.0
Eswatini,SWZ,132.0,2021.0,572.0,0.12,0.095,0.0,0.38,,,,,,,,,,,1.0,,,,1.0,0.0
Eswatini,SWZ,132.0,2022.0,572.0,0.117,0.097,0.0,0.38,,,,,,,,,,,1.0,,,,1.0,0.0
Eswatini,SWZ,132.0,2023.0,572.0,0.121,0.099,0.0,0.38,0.0,0.0,1.0,0.0,0.0,0.0,0.0,0.0,0.0,,1.0,,,,1.0,0.0
Eswatini,SWZ,132.0,2024.0,572.0,0.129,0.101,0.0,0.38,,,,,,,,,,,1.0,,,,1.0,0.0
Eswatini,SWZ,132.0,2025.0,572.0,0.128,0.097,0.0,0.38,,,,,,,,,,,1.0,,,,1.0,0.0
Tajikistan,TJK,133.0,1990.0,702.0,0.259,0.123,1.0,0.145,0.0,0.0,1.0,0.0,0.0,0.0,0.0,0.0,0.0,,1.0,96.09,,,1.0,
Tajikistan,TJK,133.0,1991.0,702.0,0.306,0.129,1.0,0.211,0.0,1.0,0.0,0.0,0.0,0.0,0.0,0.0,1.0,,1.0,,56.9,30.1,1.0,0.0
Tajikistan,TJK,133.0,1992.0,702.0,0.278,0.077,1.0,0.119,,,,,,,,,,,1.0,,,,1.0,0.0
Tajikistan,TJK,133.0,1993.0,702.0,0.217,0.059,1.0,0.078,,,,,,,,,,,1.0,,,,1.0,0.0
Tajikistan,TJK,133.0,1994.0,702.0,0.194,0.054,1.0,0.078,0.0,2.0,0.0,0.0,0.0,0.0,0.0,0.0,1.0,77.28,1.0,,59.5,34.7,1.0,0.0
Tajikistan,TJK,133.0,1995.0,702.0,0.173,0.055,1.0,0.102,0.0,0.0,1.0,1.0,0.0,0.0,0.0,0.0,0.0,72.43,1.0,62.43,,,1.0,
Tajikistan,TJK,133.0,1996.0,702.0,0.173,0.056,1.0,0.102,,,,,,,,,,,1.0,,,,1.0,
Tajikistan,TJK,133.0,1997.0,702.0,0.182,0.058,1.0,0.102,,,,,,,,,,,1.0,,,,1.0,
Tajikistan,TJK,133.0,1998.0,702.0,0.196,0.066,1.0,0.102,,,,,,,,,,,1.0,,,,1.0,
Tajikistan,TJK,133.0,1999.0,702.0,0.209,0.071,1.0,0.102,0.0,0.0,0.0,0.0,0.0,0.0,0.0,0.0,1.0,,1.0,,97.6,2.1,1.0,
Tajikistan,TJK,133.0,2000.0,702.0,0.239,0.083,1.0,0.135,0.0,0.0,1.0,1.0,0.0,0.0,0.0,0.0,0.0,85.56,1.0,57.14,,,1.0,
Tajikistan,TJK,133.0,2001.0,702.0,0.244,0.084,1.0,0.145,,,,,,,,,,,1.0,,,,1.0,
Tajikistan,TJK,133.0,2002.0,702.0,0.241,0.08,1.0,0.132,,,,,,,,,,,1.0,,,,1.0,
Tajikistan,TJK,133.0,2003.0,702.0,0.245,0.082,1.0,0.132,,,,,,,,,,,1.0,,,,1.0,
Tajikistan,TJK,133.0,2004.0,702.0,0.243,0.08,1.0,0.109,,,,,,,,,,,1.0,,,,1.0,
Tajikistan,TJK,133.0,2005.0,702.0,0.228,0.07,1.0,0.08,0.0,0.0,1.0,1.0,0.0,0.0,0.0,0.0,0.0,70.73,1.0,82.54,,,1.0,
Tajikistan,TJK,133.0,2006.0,702.0,0.226,0.069,1.0,0.07,0.0,0.0,0.0,0.0,0.0,0.0,0.0,0.0,1.0,80.78,1.0,,79.3,6.2,1.0,
Tajikistan,TJK,133.0,2007.0,702.0,0.227,0.068,1.0,0.065,,,,,,,,,,,1.0,,,,1.0,
Tajikistan,TJK,133.0,2008.0,702.0,0.229,0.068,1.0,0.065,,,,,,,,,,,1.0,,,,1.0,
Tajikistan,TJK,133.0,2009.0,702.0,0.23,0.069,1.0,0.065,,,,,,,,,,,1.0,,,,1.0,
Tajikistan,TJK,133.0,2010.0,702.0,0.225,0.063,1.0,0.053,0.0,0.0,1.0,1.0,0.0,0.0,0.0,0.0,0.0,59.3,1.0,87.3,,,1.0,
Tajikistan,TJK,133.0,2011.0,702.0,0.225,0.064,1.0,0.053,,,,,,,,,,,1.0,,,,1.0,
Tajikistan,TJK,133.0,2012.0,702.0,0.222,0.062,1.0,0.053,,,,,,,,,,,1.0,,,,1.0,
Tajikistan,TJK,133.0,2013.0,702.0,0.206,0.053,1.0,0.05,0.0,0.0,0.0,0.0,0.0,0.0,0.0,0.0,1.0,79.13,1.0,,83.92,5.04,1.0,
Tajikistan,TJK,133.0,2014.0,702.0,0.201,0.052,1.0,0.05,,,,,,,,,,,1.0,,,,1.0,
Tajikistan,TJK,133.0,2015.0,702.0,0.184,0.042,1.0,0.05,0.0,0.0,1.0,0.0,0.0,0.0,0.0,0.0,0.0,77.16,1.0,80.95,,,1.0,
Tajikistan,TJK,133.0,2016.0,702.0,0.174,0.039,1.0,0.046,,,,,,,,,,,1.0,,,,1.0,
Tajikistan,TJK,133.0,2017.0,702.0,0.168,0.04,1.0,0.042,,,,,,,,,,,1.0,,,,1.0,
Tajikistan,TJK,133.0,2018.0,702.0,0.164,0.044,1.0,0.054,,,,,,,,,,,1.0,,,,1.0,
Tajikistan,TJK,133.0,2019.0,702.0,0.164,0.041,1.0,0.044,,,,,,,,,,,1.0,,,,1.0,
Tajikistan,TJK,133.0,2020.0,702.0,0.17,0.041,1.0,0.036,0.0,0.0,1.0,0.0,0.0,0.0,0.0,0.0,1.0,76.28,1.0,74.6,92.07,3.06,1.0,
Tajikistan,TJK,133.0,2021.0,702.0,0.171,0.039,1.0,0.041,,,,,,,,,,,1.0,,,,1.0,
Tajikistan,TJK,133.0,2022.0,702.0,0.164,0.036,1.0,0.067,,,,,,,,,,,1.0,,,,1.0,
Tajikistan,TJK,133.0,2023.0,702.0,0.164,0.036,1.0,0.067,,,,,,,,,,,1.0,,,,1.0,
Tajikistan,TJK,133.0,2024.0,702.0,0.168,0.041,1.0,0.098,,,,,,,,,,,1.0,,,,1.0,
Tajikistan,TJK,133.0,2025.0,702.0,0.158,0.043,1.0,0.148,0.0,0.0,1.0,0.0,0.0,0.0,0.0,0.0,0.0,85.89,1.0,77.78,,,1.0,
Togo,TGO,134.0,1980.0,461.0,0.14,0.058,1.0,0.065,,,,,,,,,,,0.0,,,,1.0,
Togo,TGO,134.0,1981.0,461.0,0.15,0.062,1.0,0.065,,,,,,,,,,,0.0,,,,1.0,
Togo,TGO,134.0,1982.0,461.0,0.15,0.062,1.0,0.065,,,,,,,,,,,0.0,,,,1.0,
Togo,TGO,134.0,1983.0,461.0,0.15,0.062,1.0,0.065,,,,,,,,,,,0.0,,,,1.0,
Togo,TGO,134.0,1984.0,461.0,0.15,0.062,1.0,0.065,,,,,,,,,,,0.0,,,,1.0,
Togo,TGO,134.0,1985.0,461.0,0.151,0.062,1.0,0.065,0.0,0.0,1.0,0.0,0.0,0.0,0.0,0.0,0.0,69.89,0.0,100.0,,,1.0,
Togo,TGO,134.0,1986.0,461.0,0.151,0.063,1.0,0.065,0.0,0.0,0.0,0.0,0.0,0.0,0.0,0.0,1.0,,0.0,,100.0,0.0,1.0,
Togo,TGO,134.0,1987.0,461.0,0.15,0.063,1.0,0.065,,,,,,,,,,,0.0,,,,1.0,
Togo,TGO,134.0,1988.0,461.0,0.15,0.063,1.0,0.065,,,,,,,,,,,0.0,,,,1.0,
Togo,TGO,134.0,1989.0,461.0,0.15,0.063,1.0,0.065,,,,,,,,,,,0.0,,,,1.0,
Togo,TGO,134.0,1990.0,461.0,0.155,0.064,1.0,0.065,0.0,0.0,1.0,1.0,0.0,0.0,0.0,0.0,0.0,75.14,0.0,100.0,,,1.0,
Togo,TGO,134.0,1991.0,461.0,0.229,0.126,1.0,0.324,,,,,,,,,,,0.0,,,,1.0,0.0
Togo,TGO,134.0,1992.0,461.0,0.274,0.15,1.0,0.46,,,,,,,,,,,0.0,,,,1.0,0.0
Togo,TGO,134.0,1993.0,461.0,0.289,0.16,1.0,0.46,0.0,0.0,0.0,0.0,0.0,0.0,0.0,0.0,1.0,,0.0,,96.5,1.9,1.0,0.0
Togo,TGO,134.0,1994.0,461.0,0.317,0.163,1.0,0.43,0.0,0.0,1.0,1.0,0.0,0.0,0.0,0.0,0.0,69.08,0.0,43.21,,,1.0,0.0
Togo,TGO,134.0,1995.0,461.0,0.322,0.165,1.0,0.43,,,,,,,,,,,0.0,,,,1.0,0.0
Togo,TGO,134.0,1996.0,461.0,0.328,0.167,1.0,0.43,,,,,,,,,,,0.0,,,,1.0,0.0
Togo,TGO,134.0,1997.0,461.0,0.328,0.167,1.0,0.43,,,,,,,,,,,0.0,,,,1.0,0.0
Togo,TGO,134.0,1998.0,461.0,0.31,0.162,1.0,0.43,0.0,0.0,0.0,0.0,0.0,0.0,0.0,0.0,1.0,74.82,0.0,,52.1,34.2,1.0,0.0
Togo,TGO,134.0,1999.0,461.0,0.297,0.154,1.0,0.395,2.0,0.0,1.0,0.0,0.0,0.0,0.0,0.0,0.0,,0.0,97.53,,,1.0,0.0
Togo,TGO,134.0,2000.0,461.0,0.301,0.167,1.0,0.501,,,,,,,,,,,0.0,,,,1.0,0.0
Togo,TGO,134.0,2001.0,461.0,0.301,0.167,1.0,0.501,,,,,,,,,,,0.0,,,,1.0,0.0
Togo,TGO,134.0,2002.0,461.0,0.302,0.166,1.0,0.501,0.0,0.0,1.0,0.0,0.0,0.0,0.0,0.0,0.0,82.29,0.0,88.89,,,1.0,0.0
Togo,TGO,134.0,2003.0,461.0,0.304,0.166,1.0,0.501,0.0,0.0,0.0,0.0,0.0,0.0,0.0,0.0,1.0,96.46,0.0,,57.8,33.7,1.0,0.0
Togo,TGO,134.0,2004.0,461.0,0.303,0.166,1.0,0.501,,,,,,,,,,,0.0,,,,1.0,0.0
Togo,TGO,134.0,2005.0,461.0,0.325,0.149,1.0,0.19,0.0,1.0,0.0,0.0,0.0,0.0,0.0,0.0,1.0,88.36,0.0,,60.2,38.2,1.0,0.0
Togo,TGO,134.0,2006.0,461.0,0.338,0.18,1.0,0.379,,,,,,,,,,,0.0,,,,1.0,0.0
Togo,TGO,134.0,2007.0,461.0,0.355,0.194,1.0,0.431,2.0,0.0,1.0,0.0,0.0,0.0,0.0,0.0,0.0,90.97,0.0,61.73,,,1.0,0.0
Togo,TGO,134.0,2008.0,461.0,0.433,0.227,1.0,0.429,,,,,,,,,,,0.0,,,,1.0,0.0
Togo,TGO,134.0,2009.0,461.0,0.434,0.229,1.0,0.429,,,,,,,,,,,0.0,,,,1.0,0.0
Togo,TGO,134.0,2010.0,461.0,0.414,0.235,1.0,0.487,0.0,0.0,0.0,0.0,0.0,0.0,0.0,0.0,1.0,65.79,0.0,,60.9,33.9,1.0,0.0
Togo,TGO,134.0,2011.0,461.0,0.416,0.238,1.0,0.487,,,,,,,,,,,0.0,,,,1.0,0.0
Togo,TGO,134.0,2012.0,461.0,0.412,0.235,1.0,0.487,,,,,,,,,,,0.0,,,,1.0,0.0
Togo,TGO,134.0,2013.0,461.0,0.432,0.238,1.0,0.491,0.0,0.0,1.0,0.0,0.0,0.0,0.0,0.0,0.0,57.72,0.0,68.13,,,1.0,0.0
Togo,TGO,134.0,2014.0,461.0,0.465,0.251,1.0,0.491,,,,,,,,,,,0.0,,,,1.0,0.0
Togo,TGO,134.0,2015.0,461.0,0.471,0.258,1.0,0.506,0.0,0.0,0.0,0.0,0.0,0.0,0.0,0.0,1.0,53.21,0.0,,58.75,35.21,1.0,0.0
Togo,TGO,134.0,2016.0,461.0,0.472,0.26,1.0,0.506,,,,,,,,,,,0.0,,,,1.0,0.0
Togo,TGO,134.0,2017.0,461.0,0.442,0.239,1.0,0.509,,,,,,,,,,,0.0,,,,1.0,0.0
Togo,TGO,134.0,2018.0,461.0,0.428,0.212,1.0,0.365,0.0,0.0,1.0,0.0,0.0,0.0,0.0,0.0,0.0,42.66,0.0,64.84,,,1.0,0.0
Togo,TGO,134.0,2019.0,461.0,0.395,0.193,1.0,0.343,,,,,,,,,,,0.0,,,,1.0,0.0
Togo,TGO,134.0,2020.0,461.0,0.424,0.233,1.0,0.433,0.0,0.0,0.0,0.0,0.0,0.0,0.0,0.0,1.0,74.27,0.0,,70.78,19.46,1.0,1.0
Togo,TGO,134.0,2021.0,461.0,0.396,0.214,1.0,0.367,,,,,,,,,,,0.0,,,,1.0,1.0
Togo,TGO,134.0,2022.0,461.0,0.399,0.216,1.0,0.367,,,,,,,,,,,0.0,,,,1.0,1.0
Togo,TGO,134.0,2023.0,461.0,0.389,0.194,1.0,0.379,,,,,,,,,,,0.0,,,,1.0,1.0
Togo,TGO,134.0,2024.0,461.0,0.35,0.167,1.0,0.266,0.0,0.0,1.0,0.0,0.0,0.0,0.0,0.0,0.0,,1.0,95.58,,,1.0,1.0
Togo,TGO,134.0,2025.0,461.0,0.351,0.157,1.0,0.193,,,,,,,,,,,1.0,,,,0.0,0.0
Trinidad and Tobago,TTO,135.0,1980.0,52.0,0.679,0.561,2.0,0.767,,,,,,,,,,,0.0,,,,0.0,0.0
Trinidad and Tobago,TTO,135.0,1981.0,52.0,0.688,0.567,2.0,0.767,0.0,0.0,1.0,0.0,0.0,0.0,0.0,0.0,0.0,64.41,0.0,72.22,,,0.0,0.0
Trinidad and Tobago,TTO,135.0,1982.0,52.0,0.693,0.572,2.0,0.767,,,,,,,,,,,0.0,,,,0.0,0.0
Trinidad and Tobago,TTO,135.0,1983.0,52.0,0.693,0.572,2.0,0.767,,,,,,,,,,,0.0,,,,0.0,0.0
Trinidad and Tobago,TTO,135.0,1984.0,52.0,0.694,0.574,2.0,0.767,,,,,,,,,,,0.0,,,,0.0,0.0
Trinidad and Tobago,TTO,135.0,1985.0,52.0,0.694,0.574,2.0,0.767,,,,,,,,,,,0.0,,,,0.0,0.0
Trinidad and Tobago,TTO,135.0,1986.0,52.0,0.707,0.586,2.0,0.767,2.0,0.0,1.0,0.0,0.0,0.0,0.0,0.0,0.0,80.45,0.0,91.67,,,0.0,0.0
Trinidad and Tobago,TTO,135.0,1987.0,52.0,0.739,0.614,2.0,0.767,,,,,,,,,,,0.0,,,,0.0,0.0
Trinidad and Tobago,TTO,135.0,1988.0,52.0,0.739,0.614,2.0,0.767,,,,,,,,,,,0.0,,,,0.0,0.0
Trinidad and Tobago,TTO,135.0,1989.0,52.0,0.739,0.614,2.0,0.767,,,,,,,,,,,0.0,,,,0.0,0.0
Trinidad and Tobago,TTO,135.0,1990.0,52.0,0.744,0.617,2.0,0.767,,,,,,,,,,,0.0,,,,0.0,0.0
Trinidad and Tobago,TTO,135.0,1991.0,52.0,0.762,0.635,2.0,0.767,2.0,0.0,1.0,0.0,0.0,0.0,0.0,0.0,0.0,70.4,0.0,58.33,,,0.0,0.0
Trinidad and Tobago,TTO,135.0,1992.0,52.0,0.772,0.644,2.0,0.767,,,,,,,,,,,0.0,,,,0.0,0.0
Trinidad and Tobago,TTO,135.0,1993.0,52.0,0.772,0.644,2.0,0.767,,,,,,,,,,,0.0,,,,0.0,0.0
Trinidad and Tobago,TTO,135.0,1994.0,52.0,0.775,0.645,2.0,0.767,,,,,,,,,,,0.0,,,,0.0,0.0
Trinidad and Tobago,TTO,135.0,1995.0,52.0,0.772,0.646,2.0,0.767,2.0,0.0,1.0,0.0,0.0,0.0,0.0,0.0,0.0,67.3,0.0,47.22,,,0.0,0.0
Trinidad and Tobago,TTO,135.0,1996.0,52.0,0.776,0.646,2.0,0.767,,,,,,,,,,,0.0,,,,0.0,0.0
Trinidad and Tobago,TTO,135.0,1997.0,52.0,0.776,0.646,2.0,0.767,,,,,,,,,,,0.0,,,,0.0,0.0
Trinidad and Tobago,TTO,135.0,1998.0,52.0,0.776,0.646,2.0,0.767,,,,,,,,,,,0.0,,,,0.0,0.0
Trinidad and Tobago,TTO,135.0,1999.0,52.0,0.776,0.646,2.0,0.767,,,,,,,,,,,0.0,,,,0.0,0.0
Trinidad and Tobago,TTO,135.0,2000.0,52.0,0.782,0.66,2.0,0.805,2.0,0.0,1.0,0.0,0.0,0.0,0.0,0.0,0.0,69.99,0.0,52.78,,,0.0,0.0
Trinidad and Tobago,TTO,135.0,2001.0,52.0,0.754,0.633,2.0,0.805,2.0,0.0,1.0,0.0,0.0,0.0,0.0,0.0,0.0,64.98,0.0,50.0,,,0.0,0.0
Trinidad and Tobago,TTO,135.0,2002.0,52.0,0.766,0.643,2.0,0.805,0.0,0.0,1.0,0.0,0.0,0.0,0.0,0.0,0.0,71.91,0.0,55.56,,,0.0,0.0
Trinidad and Tobago,TTO,135.0,2003.0,52.0,0.776,0.662,2.0,0.84,,,,,,,,,,,0.0,,,,0.0,0.0
Trinidad and Tobago,TTO,135.0,2004.0,52.0,0.776,0.662,2.0,0.84,,,,,,,,,,,0.0,,,,0.0,0.0
Trinidad and Tobago,TTO,135.0,2005.0,52.0,0.775,0.662,3.0,0.84,,,,,,,,,,,0.0,,,,0.0,0.0
Trinidad and Tobago,TTO,135.0,2006.0,52.0,0.779,0.665,3.0,0.84,,,,,,,,,,,0.0,,,,0.0,0.0
Trinidad and Tobago,TTO,135.0,2007.0,52.0,0.781,0.666,3.0,0.84,0.0,0.0,1.0,0.0,0.0,0.0,0.0,0.0,0.0,72.52,0.0,63.41,,,0.0,0.0
Trinidad and Tobago,TTO,135.0,2008.0,52.0,0.801,0.684,3.0,0.84,,,,,,,,,,,0.0,,,,0.0,0.0
Trinidad and Tobago,TTO,135.0,2009.0,52.0,0.801,0.684,3.0,0.84,,,,,,,,,,,0.0,,,,0.0,0.0
Trinidad and Tobago,TTO,135.0,2010.0,52.0,0.802,0.686,3.0,0.84,2.0,0.0,1.0,0.0,0.0,0.0,0.0,0.0,0.0,77.16,0.0,70.73,,,0.0,1.0
Trinidad and Tobago,TTO,135.0,2011.0,52.0,0.803,0.687,3.0,0.84,,,,,,,,,,,0.0,,,,0.0,1.0
Trinidad and Tobago,TTO,135.0,2012.0,52.0,0.803,0.687,3.0,0.84,,,,,,,,,,,0.0,,,,0.0,1.0
Trinidad and Tobago,TTO,135.0,2013.0,52.0,0.777,0.665,3.0,0.84,,,,,,,,,,,0.0,,,,0.0,1.0
Trinidad and Tobago,TTO,135.0,2014.0,52.0,0.777,0.662,3.0,0.84,,,,,,,,,,,0.0,,,,0.0,1.0
Trinidad and Tobago,TTO,135.0,2015.0,52.0,0.791,0.676,3.0,0.84,2.0,0.0,1.0,0.0,0.0,0.0,0.0,0.0,0.0,78.1,0.0,56.1,,,0.0,0.0
Trinidad and Tobago,TTO,135.0,2016.0,52.0,0.79,0.676,3.0,0.84,,,,,,,,,,,0.0,,,,0.0,0.0
Trinidad and Tobago,TTO,135.0,2017.0,52.0,0.791,0.676,3.0,0.851,,,,,,,,,,,0.0,,,,0.0,0.0
Trinidad and Tobago,TTO,135.0,2018.0,52.0,0.784,0.67,3.0,0.829,,,,,,,,,,,0.0,,,,0.0,0.0
Trinidad and Tobago,TTO,135.0,2019.0,52.0,0.787,0.676,3.0,0.861,,,,,,,,,,,0.0,,,,0.0,0.0
Trinidad and Tobago,TTO,135.0,2020.0,52.0,0.788,0.672,3.0,0.849,0.0,0.0,1.0,0.0,0.0,0.0,0.0,0.0,0.0,70.26,0.0,53.66,,,0.0,0.0
Trinidad and Tobago,TTO,135.0,2021.0,52.0,0.791,0.672,2.0,0.849,,,,,,,,,,,0.0,,,,0.0,0.0
Trinidad and Tobago,TTO,135.0,2022.0,52.0,0.778,0.661,3.0,0.849,,,,,,,,,,,0.0,,,,0.0,0.0
Trinidad and Tobago,TTO,135.0,2023.0,52.0,0.778,0.661,3.0,0.849,,,,,,,,,,,0.0,,,,0.0,0.0
Trinidad and Tobago,TTO,135.0,2024.0,52.0,0.773,0.653,3.0,0.849,,,,,,,,,,,0.0,,,,0.0,0.0
Trinidad and Tobago,TTO,135.0,2025.0,52.0,0.786,0.668,3.0,0.849,2.0,0.0,1.0,0.0,0.0,0.0,0.0,0.0,0.0,56.96,0.0,63.41,,,0.0,1.0
Turkmenistan,TKM,136.0,1990.0,701.0,,,,0.045,0.0,0.0,1.0,0.0,0.0,0.0,0.0,0.0,1.0,,1.0,90.29,98.3,0.0,1.0,
Turkmenistan,TKM,136.0,1991.0,701.0,0.174,0.043,0.0,0.045,,,,,,,,,,,1.0,,,,1.0,
Turkmenistan,TKM,136.0,1992.0,701.0,0.161,0.03,0.0,0.038,0.0,0.0,0.0,0.0,0.0,0.0,0.0,0.0,1.0,,1.0,,99.5,0.0,1.0,
Turkmenistan,TKM,136.0,1993.0,701.0,0.15,0.028,0.0,0.038,,,,,,,,,,,1.0,,,,1.0,
Turkmenistan,TKM,136.0,1994.0,701.0,0.149,0.028,0.0,0.038,0.0,0.0,1.0,0.0,0.0,0.0,0.0,0.0,0.0,,1.0,100.0,,,1.0,
Turkmenistan,TKM,136.0,1995.0,701.0,0.147,0.028,0.0,0.038,,,,,,,,,,,1.0,,,,1.0,
Turkmenistan,TKM,136.0,1996.0,701.0,0.147,0.028,0.0,0.038,,,,,,,,,,,1.0,,,,1.0,
Turkmenistan,TKM,136.0,1997.0,701.0,0.143,0.024,0.0,0.038,,,,,,,,,,,1.0,,,,1.0,
Turkmenistan,TKM,136.0,1998.0,701.0,0.143,0.024,0.0,0.038,0.0,0.0,1.0,0.0,0.0,0.0,0.0,0.0,0.0,,1.0,,,,1.0,
Turkmenistan,TKM,136.0,1999.0,701.0,0.143,0.024,0.0,0.038,0.0,0.0,1.0,0.0,0.0,0.0,0.0,0.0,0.0,,1.0,100.0,,,1.0,
Turkmenistan,TKM,136.0,2000.0,701.0,0.07,0.015,0.0,0.038,,,,,,,,,,,1.0,,,,1.0,
Turkmenistan,TKM,136.0,2001.0,701.0,0.07,0.014,0.0,0.038,,,,,,,,,,,1.0,,,,1.0,
Turkmenistan,TKM,136.0,2002.0,701.0,0.07,0.014,0.0,0.038,,,,,,,,,,,1.0,,,,1.0,
Turkmenistan,TKM,136.0,2003.0,701.0,0.069,0.014,0.0,0.038,,,,,,,,,,,1.0,,,,1.0,
Turkmenistan,TKM,136.0,2004.0,701.0,0.07,0.014,0.0,0.038,0.0,0.0,1.0,0.0,0.0,0.0,0.0,0.0,0.0,55.8,1.0,100.0,,,1.0,
Turkmenistan,TKM,136.0,2005.0,701.0,0.079,0.015,0.0,0.038,0.0,0.0,0.0,1.0,0.0,0.0,0.0,0.0,0.0,,1.0,100.0,,,1.0,
Turkmenistan,TKM,136.0,2006.0,701.0,0.078,0.015,0.0,0.038,,,,,,,,,,,1.0,,,,1.0,
Turkmenistan,TKM,136.0,2007.0,701.0,0.133,0.023,0.0,0.038,0.0,0.0,0.0,0.0,0.0,0.0,0.0,0.0,1.0,100.18,1.0,,89.23,3.23,1.0,
Turkmenistan,TKM,136.0,2008.0,701.0,0.141,0.025,0.0,0.038,0.0,0.0,1.0,1.0,0.0,0.0,0.0,0.0,0.0,84.74,1.0,100.0,,,1.0,
Turkmenistan,TKM,136.0,2009.0,701.0,0.143,0.023,0.0,0.02,,,,,,,,,,,1.0,,,,1.0,
Turkmenistan,TKM,136.0,2010.0,701.0,0.144,0.023,0.0,0.02,,,,,,,,,,,1.0,,,,1.0,
Turkmenistan,TKM,136.0,2011.0,701.0,0.144,0.023,0.0,0.02,,,,,,,,,,,1.0,,,,1.0,
Turkmenistan,TKM,136.0,2012.0,701.0,0.145,0.023,0.0,0.02,0.0,0.0,0.0,0.0,0.0,0.0,0.0,0.0,1.0,87.03,1.0,,97.14,1.04,1.0,
Turkmenistan,TKM,136.0,2013.0,701.0,0.144,0.024,0.0,0.02,0.0,0.0,1.0,0.0,0.0,0.0,0.0,0.0,0.0,83.33,1.0,37.6,,,1.0,
Turkmenistan,TKM,136.0,2014.0,701.0,0.143,0.024,0.0,0.02,,,,,,,,,,,1.0,,,,1.0,
Turkmenistan,TKM,136.0,2015.0,701.0,0.143,0.024,0.0,0.02,,,,,,,,,,,1.0,,,,1.0,
Turkmenistan,TKM,136.0,2016.0,701.0,0.143,0.025,0.0,0.02,,,,,,,,,,,1.0,,,,1.0,
Turkmenistan,TKM,136.0,2017.0,701.0,0.147,0.027,0.0,0.02,0.0,0.0,0.0,0.0,0.0,0.0,0.0,0.0,1.0,85.47,1.0,,97.69,1.02,1.0,
Turkmenistan,TKM,136.0,2018.0,701.0,0.149,0.028,1.0,0.02,0.0,0.0,1.0,0.0,0.0,0.0,0.0,0.0,0.0,80.33,1.0,44.8,,,1.0,
Turkmenistan,TKM,136.0,2019.0,701.0,0.149,0.035,1.0,0.059,,,,,,,,,,,1.0,,,,1.0,
Turkmenistan,TKM,136.0,2020.0,701.0,0.15,0.033,1.0,0.059,,,,,,,,,,,1.0,,,,1.0,
Turkmenistan,TKM,136.0,2021.0,701.0,0.15,0.033,1.0,0.061,,,,,,,,,,,1.0,,,,1.0,
Turkmenistan,TKM,136.0,2022.0,701.0,0.148,0.032,0.0,0.061,1.0,1.0,0.0,0.0,0.0,0.0,0.0,0.0,1.0,84.44,1.0,,72.97,11.09,1.0,
Turkmenistan,TKM,136.0,2023.0,701.0,0.148,0.034,0.0,0.061,0.0,0.0,1.0,0.0,0.0,0.0,0.0,0.0,0.0,79.04,1.0,52.0,,,1.0,
Turkmenistan,TKM,136.0,2024.0,701.0,0.149,0.034,0.0,0.061,,,,,,,,,,,1.0,,,,1.0,
Turkmenistan,TKM,136.0,2025.0,701.0,0.148,0.034,0.0,0.061,,,,,,,,,,,1.0,,,,1.0,
German Democratic Republic,DDR,137.0,1980.0,265.0,0.168,0.062,0.0,0.058,,,,,,,,,,,1.0,,,,1.0,
German Democratic Republic,DDR,137.0,1981.0,265.0,0.168,0.062,0.0,0.058,0.0,0.0,1.0,0.0,0.0,0.0,0.0,0.0,0.0,,1.0,100.0,,,1.0,
German Democratic Republic,DDR,137.0,1982.0,265.0,0.168,0.062,0.0,0.058,,,,,,,,,,,1.0,,,,1.0,
German Democratic Republic,DDR,137.0,1983.0,265.0,0.168,0.062,0.0,0.058,,,,,,,,,,,1.0,,,,1.0,
German Democratic Republic,DDR,137.0,1984.0,265.0,0.168,0.062,0.0,0.058,,,,,,,,,,,1.0,,,,1.0,
German Democratic Republic,DDR,137.0,1985.0,265.0,0.168,0.062,0.0,0.058,,,,,,,,,,,1.0,,,,1.0,
German Democratic Republic,DDR,137.0,1986.0,265.0,0.172,0.062,0.0,0.058,0.0,0.0,1.0,0.0,0.0,0.0,0.0,0.0,0.0,,1.0,100.0,,,1.0,
German Democratic Republic,DDR,137.0,1987.0,265.0,0.175,0.063,0.0,0.058,,,,,,,,,,,1.0,,,,1.0,
German Democratic Republic,DDR,137.0,1988.0,265.0,0.175,0.063,0.0,0.058,,,,,,,,,,,1.0,,,,1.0,
German Democratic Republic,DDR,137.0,1989.0,265.0,0.181,0.065,0.0,0.074,,,,,,,,,,,1.0,,,,0.0,0.0
German Democratic Republic,DDR,137.0,1990.0,265.0,0.707,0.538,2.0,0.554,2.0,0.0,1.0,0.0,0.0,0.0,0.0,0.0,0.0,,1.0,40.75,,,0.0,0.0
Palestine/Gaza,PSG,138.0,2007.0,,0.131,0.089,0.0,0.082,,,,,,,,,,,0.0,,,,1.0,
Palestine/Gaza,PSG,138.0,2008.0,,0.133,0.089,0.0,0.15,,,,,,,,,,,0.0,,,,1.0,
Palestine/Gaza,PSG,138.0,2009.0,,0.135,0.09,0.0,0.15,,,,,,,,,,,0.0,,,,1.0,
Palestine/Gaza,PSG,138.0,2010.0,,0.141,0.097,0.0,0.15,,,,,,,,,,,0.0,,,,1.0,
Palestine/Gaza,PSG,138.0,2011.0,,0.14,0.095,0.0,0.15,,,,,,,,,,,0.0,,,,1.0,
Palestine/Gaza,PSG,138.0,2012.0,,0.143,0.095,0.0,0.15,,,,,,,,,,,0.0,,,,1.0,
Palestine/Gaza,PSG,138.0,2013.0,,0.129,0.068,0.0,0.15,,,,,,,,,,,0.0,,,,1.0,
Palestine/Gaza,PSG,138.0,2014.0,,0.13,0.066,0.0,0.15,,,,,,,,,,,0.0,,,,1.0,
Palestine/Gaza,PSG,138.0,2015.0,,0.119,0.063,0.0,0.15,,,,,,,,,,,0.0,,,,1.0,
Palestine/Gaza,PSG,138.0,2016.0,,0.119,0.063,0.0,0.15,,,,,,,,,,,0.0,,,,1.0,
Palestine/Gaza,PSG,138.0,2017.0,,0.121,0.059,0.0,0.15,,,,,,,,,,,0.0,,,,1.0,
Palestine/Gaza,PSG,138.0,2018.0,,0.118,0.039,0.0,0.15,,,,,,,,,,,0.0,,,,1.0,
Palestine/Gaza,PSG,138.0,2019.0,,0.117,0.069,0.0,0.15,,,,,,,,,,,0.0,,,,1.0,
Palestine/Gaza,PSG,138.0,2020.0,,0.129,0.048,0.0,0.15,,,,,,,,,,,0.0,,,,1.0,
Palestine/Gaza,PSG,138.0,2021.0,,0.128,0.053,0.0,0.15,,,,,,,,,,,0.0,,,,1.0,
Palestine/Gaza,PSG,138.0,2022.0,,0.124,0.055,0.0,0.15,,,,,,,,,,,0.0,,,,1.0,
Palestine/Gaza,PSG,138.0,2023.0,,0.122,0.073,0.0,0.15,,,,,,,,,,,0.0,,,,1.0,
Palestine/Gaza,PSG,138.0,2024.0,,0.095,0.055,0.0,0.15,,,,,,,,,,,0.0,,,,1.0,
Palestine/Gaza,PSG,138.0,2025.0,,0.128,0.058,0.0,0.15,,,,,,,,,,,0.0,,,,1.0,
Somaliland,SML,139.0,1991.0,,0.142,0.082,0.0,,,,,,,,,,,,1.0,,,,1.0,
Somaliland,SML,139.0,1992.0,,0.142,0.082,0.0,,,,,,,,,,,,1.0,,,,1.0,
Somaliland,SML,139.0,1993.0,,0.162,0.12,0.0,0.329,,,,,,,,,,,1.0,,,,1.0,
Somaliland,SML,139.0,1994.0,,0.17,0.122,0.0,0.329,,,,,,,,,,,1.0,,,,1.0,
Somaliland,SML,139.0,1995.0,,0.17,0.127,0.0,0.389,,,,,,,,,,,1.0,,,,1.0,
Somaliland,SML,139.0,1996.0,,0.17,0.127,0.0,0.389,,,,,,,,,,,1.0,,,,1.0,
Somaliland,SML,139.0,1997.0,,0.173,0.131,0.0,0.389,,,,,,,,,,,1.0,,,,1.0,
Somaliland,SML,139.0,1998.0,,0.17,0.137,0.0,0.471,,,,,,,,,,,1.0,,,,1.0,
Somaliland,SML,139.0,1999.0,,0.17,0.138,0.0,0.471,,,,,,,,,,,1.0,,,,1.0,
Somaliland,SML,139.0,2000.0,,0.17,0.139,0.0,0.471,,,,,,,,,,,1.0,,,,1.0,
Somaliland,SML,139.0,2001.0,,0.179,0.141,0.0,0.471,,,,,,,,,,,1.0,,,,1.0,
Somaliland,SML,139.0,2002.0,,0.198,0.15,0.0,0.514,,,,,,,,,,,1.0,,,,1.0,
Somaliland,SML,139.0,2003.0,,0.356,0.218,1.0,0.596,0.0,0.0,0.0,0.0,0.0,0.0,0.0,0.0,1.0,,1.0,,41.23,41.21,1.0,
Somaliland,SML,139.0,2004.0,,0.378,0.227,1.0,0.596,,,,,,,,,,,1.0,,,,1.0,
Somaliland,SML,139.0,2005.0,,0.384,0.232,1.0,0.625,0.0,0.0,1.0,0.0,0.0,0.0,0.0,0.0,0.0,,1.0,40.24,,,1.0,
Somaliland,SML,139.0,2006.0,,0.394,0.239,1.0,0.648,,,,,,,,,,,1.0,,,,1.0,
Somaliland,SML,139.0,2007.0,,0.393,0.239,1.0,0.648,,,,,,,,,,,1.0,,,,1.0,
Somaliland,SML,139.0,2008.0,,0.393,0.239,1.0,0.648,,,,,,,,,,,1.0,,,,1.0,
Somaliland,SML,139.0,2009.0,,0.393,0.239,1.0,0.648,,,,,,,,,,,1.0,,,,1.0,
Somaliland,SML,139.0,2010.0,,0.414,0.249,1.0,0.653,2.0,2.0,0.0,0.0,0.0,0.0,0.0,0.0,1.0,,1.0,,49.59,33.23,1.0,
Somaliland,SML,139.0,2011.0,,0.436,0.261,1.0,0.66,,,,,,,,,,,1.0,,,,1.0,
Somaliland,SML,139.0,2012.0,,0.436,0.262,1.0,0.66,,,,,,,,,,,1.0,,,,1.0,
Somaliland,SML,139.0,2013.0,,0.402,0.248,1.0,0.624,,,,,,,,,,,1.0,,,,1.0,
Somaliland,SML,139.0,2014.0,,0.401,0.247,1.0,0.624,,,,,,,,,,,1.0,,,,1.0,
Somaliland,SML,139.0,2015.0,,0.401,0.247,1.0,0.624,,,,,,,,,,,1.0,,,,1.0,
Somaliland,SML,139.0,2016.0,,0.408,0.252,1.0,0.624,,,,,,,,,,,1.0,,,,1.0,
Somaliland,SML,139.0,2017.0,,0.413,0.254,1.0,0.624,2.0,2.0,0.0,0.0,0.0,0.0,0.0,0.0,1.0,,1.0,,55.1,40.73,1.0,
Somaliland,SML,139.0,2018.0,,0.4,0.248,1.0,0.649,,,,,,,,,,,1.0,,,,1.0,
Somaliland,SML,139.0,2019.0,,0.395,0.246,1.0,0.649,,,,,,,,,,,1.0,,,,1.0,
Somaliland,SML,139.0,2020.0,,0.399,0.243,1.0,0.656,,,,,,,,,,,1.0,,,,1.0,
Somaliland,SML,139.0,2021.0,,0.406,0.25,1.0,0.656,0.0,0.0,1.0,0.0,0.0,0.0,0.0,0.0,0.0,,1.0,,,,1.0,
Somaliland,SML,139.0,2022.0,,0.408,0.251,1.0,0.656,,,,,,,,,,,1.0,,,,1.0,
Somaliland,SML,139.0,2023.0,,0.402,0.251,1.0,0.681,,,,,,,,,,,1.0,,,,1.0,
Somaliland,SML,139.0,2024.0,,0.42,0.272,1.0,0.714,2.0,2.0,0.0,0.0,0.0,0.0,0.0,0.0,1.0,,1.0,,63.92,34.81,1.0,
Somaliland,SML,139.0,2025.0,,0.445,0.297,1.0,0.714,,,,,,,,,,,1.0,,,,1.0,
Uzbekistan,UZB,140.0,1990.0,704.0,0.203,0.069,0.0,0.18,0.0,0.0,1.0,0.0,0.0,0.0,0.0,0.0,0.0,,1.0,73.6,,,1.0,0.0
Uzbekistan,UZB,140.0,1991.0,704.0,0.226,0.072,0.0,0.163,0.0,0.0,0.0,0.0,0.0,0.0,0.0,0.0,1.0,89.12,1.0,,87.1,12.5,1.0,
Uzbekistan,UZB,140.0,1992.0,704.0,0.203,0.057,0.0,0.091,,,,,,,,,,,1.0,,,,1.0,
Uzbekistan,UZB,140.0,1993.0,704.0,0.199,0.049,0.0,0.049,,,,,,,,,,,1.0,,,,1.0,
Uzbekistan,UZB,140.0,1994.0,704.0,0.187,0.045,1.0,0.026,0.0,0.0,1.0,0.0,0.0,0.0,0.0,0.0,0.0,87.22,1.0,66.8,,,1.0,
Uzbekistan,UZB,140.0,1995.0,704.0,0.165,0.041,1.0,0.026,0.0,0.0,0.0,1.0,0.0,0.0,0.0,0.0,0.0,87.22,1.0,66.8,,,1.0,
Uzbekistan,UZB,140.0,1996.0,704.0,0.163,0.041,1.0,0.026,,,,,,,,,,,1.0,,,,1.0,
Uzbekistan,UZB,140.0,1997.0,704.0,0.163,0.04,1.0,0.026,,,,,,,,,,,1.0,,,,1.0,
Uzbekistan,UZB,140.0,1998.0,704.0,0.163,0.037,1.0,0.026,,,,,,,,,,,1.0,,,,1.0,
Uzbekistan,UZB,140.0,1999.0,704.0,0.158,0.035,1.0,0.026,0.0,0.0,1.0,1.0,0.0,0.0,0.0,0.0,0.0,90.72,1.0,19.2,,,1.0,
Uzbekistan,UZB,140.0,2000.0,704.0,0.157,0.035,1.0,0.026,0.0,0.0,0.0,0.0,0.0,0.0,0.0,0.0,1.0,91.2,1.0,,95.7,4.3,1.0,
Uzbekistan,UZB,140.0,2001.0,704.0,0.156,0.034,1.0,0.026,,,,,,,,,,,1.0,,,,1.0,
Uzbekistan,UZB,140.0,2002.0,704.0,0.157,0.034,1.0,0.026,,,,,,,,,,,1.0,,,,1.0,
Uzbekistan,UZB,140.0,2003.0,704.0,0.157,0.035,1.0,0.026,,,,,,,,,,,1.0,,,,1.0,
Uzbekistan,UZB,140.0,2004.0,704.0,0.157,0.035,1.0,0.026,0.0,0.0,1.0,0.0,0.0,0.0,0.0,0.0,0.0,80.66,1.0,34.17,,,1.0,
Uzbekistan,UZB,140.0,2005.0,704.0,0.16,0.031,1.0,0.026,0.0,0.0,0.0,1.0,0.0,0.0,0.0,0.0,0.0,,1.0,34.17,,,1.0,
Uzbekistan,UZB,140.0,2006.0,704.0,0.16,0.032,1.0,0.026,,,,,,,,,,,1.0,,,,1.0,
Uzbekistan,UZB,140.0,2007.0,704.0,0.16,0.033,1.0,0.026,0.0,0.0,0.0,0.0,0.0,0.0,0.0,0.0,1.0,89.84,1.0,,90.77,3.27,1.0,
Uzbekistan,UZB,140.0,2008.0,704.0,0.163,0.034,1.0,0.026,,,,,,,,,,,1.0,,,,1.0,
Uzbekistan,UZB,140.0,2009.0,704.0,0.162,0.034,1.0,0.026,0.0,0.0,1.0,0.0,0.0,0.0,0.0,0.0,0.0,81.87,1.0,39.26,,,1.0,
Uzbekistan,UZB,140.0,2010.0,704.0,0.161,0.035,1.0,0.042,0.0,0.0,0.0,1.0,0.0,0.0,0.0,0.0,0.0,82.2,1.0,39.26,,,1.0,
Uzbekistan,UZB,140.0,2011.0,704.0,0.163,0.036,1.0,0.054,,,,,,,,,,,1.0,,,,1.0,
Uzbekistan,UZB,140.0,2012.0,704.0,0.162,0.036,1.0,0.054,,,,,,,,,,,1.0,,,,1.0,
Uzbekistan,UZB,140.0,2013.0,704.0,0.166,0.037,1.0,0.044,,,,,,,,,,,1.0,,,,1.0,
Uzbekistan,UZB,140.0,2014.0,704.0,0.167,0.037,0.0,0.044,0.0,0.0,1.0,0.0,0.0,0.0,0.0,0.0,0.0,96.45,1.0,38.52,,,1.0,
Uzbekistan,UZB,140.0,2015.0,704.0,0.166,0.036,0.0,0.044,0.0,0.0,0.0,1.0,0.0,0.0,0.0,0.0,1.0,98.41,1.0,38.52,90.39,3.08,1.0,
Uzbekistan,UZB,140.0,2016.0,704.0,0.169,0.037,0.0,0.044,1.0,1.0,0.0,0.0,0.0,0.0,0.0,0.0,1.0,86.17,1.0,,90.29,3.8,1.0,
Uzbekistan,UZB,140.0,2017.0,704.0,0.191,0.052,0.0,0.046,,,,,,,,,,,1.0,,,,1.0,
Uzbekistan,UZB,140.0,2018.0,704.0,0.189,0.065,0.0,0.092,,,,,,,,,,,1.0,,,,1.0,
Uzbekistan,UZB,140.0,2019.0,704.0,0.203,0.077,1.0,0.078,0.0,0.0,1.0,0.0,0.0,0.0,0.0,0.0,0.0,61.39,1.0,35.33,,,1.0,
Uzbekistan,UZB,140.0,2020.0,704.0,0.206,0.083,0.0,0.122,0.0,0.0,0.0,1.0,0.0,0.0,0.0,0.0,0.0,9.09,1.0,35.33,,,1.0,
Uzbekistan,UZB,140.0,2021.0,704.0,0.204,0.078,0.0,0.086,0.0,0.0,0.0,0.0,0.0,0.0,0.0,0.0,1.0,72.42,1.0,,80.1,6.6,1.0,
Uzbekistan,UZB,140.0,2022.0,704.0,0.213,0.078,0.0,0.074,,,,,,,,,,,1.0,,,,1.0,
Uzbekistan,UZB,140.0,2023.0,704.0,0.215,0.079,0.0,0.063,0.0,0.0,0.0,0.0,0.0,0.0,0.0,0.0,1.0,68.26,1.0,,87.05,4.43,1.0,
Uzbekistan,UZB,140.0,2024.0,704.0,0.214,0.074,0.0,0.051,0.0,0.0,1.0,0.0,0.0,0.0,0.0,0.0,0.0,62.78,1.0,42.67,,,1.0,
Uzbekistan,UZB,140.0,2025.0,704.0,0.218,0.079,0.0,0.079,,,,,,,,,,,1.0,,,,1.0,
Austria,AUT,144.0,1980.0,305.0,0.853,0.749,3.0,0.769,0.0,0.0,0.0,0.0,0.0,0.0,0.0,0.0,1.0,86.72,1.0,,79.9,16.9,0.0,0.0
Austria,AUT,144.0,1981.0,305.0,0.856,0.765,3.0,0.833,,,,,,,,,,,1.0,,,,0.0,0.0
Austria,AUT,144.0,1982.0,305.0,0.856,0.765,3.0,0.833,,,,,,,,,,,1.0,,,,0.0,0.0
Austria,AUT,144.0,1983.0,305.0,0.854,0.764,3.0,0.833,1.0,0.0,1.0,0.0,0.0,0.0,0.0,0.0,0.0,86.91,1.0,49.18,,,0.0,0.0
Austria,AUT,144.0,1984.0,305.0,0.853,0.763,3.0,0.833,,,,,,,,,,,1.0,,,,0.0,0.0
Austria,AUT,144.0,1985.0,305.0,0.853,0.763,3.0,0.833,,,,,,,,,,,1.0,,,,0.0,0.0
Austria,AUT,144.0,1986.0,305.0,0.854,0.763,3.0,0.833,0.0,2.0,1.0,0.0,0.0,0.0,0.0,0.0,1.0,87.07,1.0,43.72,49.6,43.7,0.0,0.0
Austria,AUT,144.0,1987.0,305.0,0.854,0.776,3.0,0.891,,,,,,,,,,,1.0,,,,0.0,0.0
Austria,AUT,144.0,1988.0,305.0,0.853,0.78,3.0,0.911,,,,,,,,,,,1.0,,,,0.0,0.0
Austria,AUT,144.0,1989.0,305.0,0.855,0.783,3.0,0.911,,,,,,,,,,,1.0,,,,0.0,0.0
Austria,AUT,144.0,1990.0,305.0,0.857,0.78,3.0,0.892,0.0,0.0,1.0,0.0,0.0,0.0,0.0,0.0,0.0,80.47,1.0,43.72,,,0.0,0.0
Austria,AUT,144.0,1991.0,305.0,0.856,0.779,3.0,0.892,,,,,,,,,,,1.0,,,,0.0,0.0
Austria,AUT,144.0,1992.0,305.0,0.858,0.781,3.0,0.892,0.0,1.0,0.0,0.0,0.0,0.0,0.0,0.0,1.0,75.66,1.0,,40.7,37.2,0.0,0.0
Austria,AUT,144.0,1993.0,305.0,0.859,0.782,3.0,0.892,,,,,,,,,,,1.0,,,,0.0,0.0
Austria,AUT,144.0,1994.0,305.0,0.858,0.782,3.0,0.892,0.0,0.0,1.0,0.0,0.0,0.0,0.0,0.0,0.0,76.02,1.0,35.52,,,0.0,0.0
Austria,AUT,144.0,1995.0,305.0,0.857,0.779,3.0,0.892,0.0,0.0,1.0,0.0,0.0,0.0,0.0,0.0,0.0,78.64,1.0,38.8,,,0.0,0.0
Austria,AUT,144.0,1996.0,305.0,0.856,0.78,3.0,0.892,,,,,,,,,,,1.0,,,,0.0,0.0
Austria,AUT,144.0,1997.0,305.0,0.856,0.78,3.0,0.892,,,,,,,,,,,1.0,,,,0.0,0.0
Austria,AUT,144.0,1998.0,305.0,0.856,0.78,3.0,0.892,0.0,0.0,0.0,0.0,0.0,0.0,0.0,0.0,1.0,68.59,1.0,,63.4,13.6,0.0,0.0
Austria,AUT,144.0,1999.0,305.0,0.857,0.78,3.0,0.892,2.0,0.0,1.0,0.0,0.0,0.0,0.0,0.0,0.0,72.64,1.0,35.52,,,0.0,0.0
Austria,AUT,144.0,2000.0,305.0,0.858,0.782,3.0,0.909,,,,,,,,,,,1.0,,,,0.0,0.0
Austria,AUT,144.0,2001.0,305.0,0.858,0.782,3.0,0.909,,,,,,,,,,,1.0,,,,0.0,0.0
Austria,AUT,144.0,2002.0,305.0,0.858,0.782,3.0,0.909,0.0,0.0,1.0,0.0,0.0,0.0,0.0,0.0,0.0,77.45,1.0,43.17,,,0.0,0.0
Austria,AUT,144.0,2003.0,305.0,0.858,0.786,3.0,0.909,,,,,,,,,,,1.0,,,,0.0,0.0
Austria,AUT,144.0,2004.0,305.0,0.858,0.785,3.0,0.909,0.0,2.0,0.0,0.0,0.0,0.0,0.0,0.0,1.0,66.5,1.0,,52.4,47.6,0.0,0.0
Austria,AUT,144.0,2005.0,305.0,0.858,0.784,3.0,0.909,,,,,,,,,,,1.0,,,,0.0,0.0
Austria,AUT,144.0,2006.0,305.0,0.861,0.788,3.0,0.909,2.0,0.0,1.0,0.0,0.0,0.0,0.0,0.0,0.0,73.21,1.0,37.16,,,0.0,0.0
Austria,AUT,144.0,2007.0,305.0,0.872,0.802,3.0,0.919,,,,,,,,,,,1.0,,,,0.0,0.0
Austria,AUT,144.0,2008.0,305.0,0.872,0.802,3.0,0.919,1.0,0.0,1.0,0.0,0.0,0.0,0.0,0.0,0.0,75.61,1.0,31.15,,,0.0,0.0
Austria,AUT,144.0,2009.0,305.0,0.874,0.804,3.0,0.919,,,,,,,,,,,1.0,,,,0.0,0.0
Austria,AUT,144.0,2010.0,305.0,0.872,0.803,3.0,0.919,0.0,0.0,0.0,0.0,0.0,0.0,0.0,0.0,1.0,47.84,1.0,,79.3,15.2,0.0,0.0
Austria,AUT,144.0,2011.0,305.0,0.871,0.804,3.0,0.919,,,,,,,,,,,1.0,,,,0.0,0.0
Austria,AUT,144.0,2012.0,305.0,0.872,0.803,3.0,0.919,,,,,,,,,,,1.0,,,,0.0,0.0
Austria,AUT,144.0,2013.0,305.0,0.875,0.807,3.0,0.932,0.0,0.0,1.0,0.0,0.0,0.0,0.0,0.0,0.0,69.31,1.0,28.42,,,0.0,0.0
Austria,AUT,144.0,2014.0,305.0,0.873,0.805,3.0,0.94,,,,,,,,,,,1.0,,,,0.0,0.0
Austria,AUT,144.0,2015.0,305.0,0.873,0.805,3.0,0.94,,,,,,,,,,,1.0,,,,0.0,0.0
Austria,AUT,144.0,2016.0,305.0,0.848,0.78,3.0,0.942,0.0,2.0,0.0,0.0,0.0,0.0,0.0,0.0,1.0,64.13,1.0,,35.1,21.3,0.0,0.0
Austria,AUT,144.0,2017.0,305.0,0.851,0.782,3.0,0.942,2.0,0.0,1.0,0.0,0.0,0.0,0.0,0.0,0.0,68.79,1.0,33.88,,,0.0,0.0
Austria,AUT,144.0,2018.0,305.0,0.851,0.776,3.0,0.942,,,,,,,,,,,1.0,,,,0.0,0.0
Austria,AUT,144.0,2019.0,305.0,0.862,0.793,3.0,0.942,2.0,0.0,1.0,0.0,0.0,0.0,0.0,0.0,0.0,64.4,1.0,38.8,,,0.0,1.0
Austria,AUT,144.0,2020.0,305.0,0.858,0.786,3.0,0.937,,,,,,,,,,,1.0,,,,0.0,0.0
Austria,AUT,144.0,2021.0,305.0,0.854,0.784,3.0,0.938,,,,,,,,,,,1.0,,,,0.0,0.0
Austria,AUT,144.0,2022.0,305.0,0.841,0.762,3.0,0.909,0.0,0.0,0.0,0.0,0.0,0.0,0.0,0.0,1.0,54.74,1.0,,56.69,17.68,0.0,0.0
Austria,AUT,144.0,2023.0,305.0,0.848,0.775,3.0,0.925,,,,,,,,,,,1.0,,,,0.0,0.0
Austria,AUT,144.0,2024.0,305.0,0.84,0.762,3.0,0.904,0.0,0.0,1.0,0.0,0.0,0.0,0.0,0.0,0.0,65.76,1.0,31.15,,,0.0,0.0
Austria,AUT,144.0,2025.0,305.0,0.839,0.757,3.0,0.904,,,,,,,,,,,1.0,,,,0.0,0.0
Bahrain,BHR,146.0,1980.0,692.0,0.049,,0.0,,,,,,,,,,,,0.0,,,,0.5,0.0
Bahrain,BHR,146.0,1981.0,692.0,0.049,,0.0,,,,,,,,,,,,0.0,,,,0.5,0.0
Bahrain,BHR,146.0,1982.0,692.0,0.049,,0.0,,,,,,,,,,,,0.0,,,,0.5,0.0
Bahrain,BHR,146.0,1983.0,692.0,0.049,,0.0,,,,,,,,,,,,0.0,,,,0.5,0.0
Bahrain,BHR,146.0,1984.0,692.0,0.05,,0.0,,,,,,,,,,,,0.0,,,,0.5,0.0
Bahrain,BHR,146.0,1985.0,692.0,0.05,,0.0,,,,,,,,,,,,0.0,,,,0.5,0.0
Bahrain,BHR,146.0,1986.0,692.0,0.05,,0.0,,,,,,,,,,,,0.0,,,,0.5,0.0
Bahrain,BHR,146.0,1987.0,692.0,0.05,,0.0,,,,,,,,,,,,0.0,,,,0.5,0.0
Bahrain,BHR,146.0,1988.0,692.0,0.05,,0.0,,,,,,,,,,,,0.0,,,,0.5,0.0
Bahrain,BHR,146.0,1989.0,692.0,0.05,,0.0,,,,,,,,,,,,0.0,,,,0.5,0.0
Bahrain,BHR,146.0,1990.0,692.0,0.049,,0.0,,,,,,,,,,,,0.0,,,,0.5,0.0
Bahrain,BHR,146.0,1991.0,692.0,0.049,,0.0,,,,,,,,,,,,0.0,,,,0.5,0.0
Bahrain,BHR,146.0,1992.0,692.0,0.049,,0.0,0.105,,,,,,,,,,,0.0,,,,0.5,0.0
Bahrain,BHR,146.0,1993.0,692.0,0.049,,0.0,0.081,,,,,,,,,,,0.0,,,,0.5,0.0
Bahrain,BHR,146.0,1994.0,692.0,0.049,,0.0,0.081,,,,,,,,,,,0.0,,,,0.5,0.0
Bahrain,BHR,146.0,1995.0,692.0,0.049,,0.0,0.081,,,,,,,,,,,0.0,,,,0.5,0.0
Bahrain,BHR,146.0,1996.0,692.0,0.049,,0.0,0.081,,,,,,,,,,,0.0,,,,0.5,0.0
Bahrain,BHR,146.0,1997.0,692.0,0.049,,0.0,0.081,,,,,,,,,,,0.0,,,,0.5,0.0
Bahrain,BHR,146.0,1998.0,692.0,0.049,,0.0,0.081,,,,,,,,,,,0.0,,,,0.5,0.0
Bahrain,BHR,146.0,1999.0,692.0,0.049,,0.0,0.081,,,,,,,,,,,0.0,,,,0.5,0.0
Bahrain,BHR,146.0,2000.0,692.0,0.065,,0.0,0.081,,,,,,,,,,,0.0,,,,0.5,0.0
Bahrain,BHR,146.0,2001.0,692.0,0.111,,0.0,0.081,,,,,,,,,,,0.0,,,,0.5,0.0
Bahrain,BHR,146.0,2002.0,692.0,0.164,0.082,0.0,0.081,0.0,0.0,1.0,0.0,0.0,0.0,0.0,0.0,0.0,74.48,0.0,,,,0.5,0.0
Bahrain,BHR,146.0,2003.0,692.0,0.211,0.092,0.0,0.081,,,,,,,,,,,0.0,,,,0.5,0.0
Bahrain,BHR,146.0,2004.0,692.0,0.211,0.088,0.0,0.081,,,,,,,,,,,0.0,,,,0.5,0.0
Bahrain,BHR,146.0,2005.0,692.0,0.219,0.09,0.0,0.081,,,,,,,,,,,0.0,,,,0.5,0.0
Bahrain,BHR,146.0,2006.0,692.0,0.221,0.096,0.0,0.14,0.0,0.0,1.0,1.0,0.0,0.0,0.0,0.0,0.0,37.22,0.0,42.5,,,0.5,0.0
Bahrain,BHR,146.0,2007.0,692.0,0.22,0.091,0.0,0.14,,,,,,,,,,,0.0,,,,0.5,0.0
Bahrain,BHR,146.0,2008.0,692.0,0.22,0.091,0.0,0.14,,,,,,,,,,,0.0,,,,0.5,0.0
Bahrain,BHR,146.0,2009.0,692.0,0.22,0.091,0.0,0.14,,,,,,,,,,,0.0,,,,0.5,0.0
Bahrain,BHR,146.0,2010.0,692.0,0.216,0.088,0.0,0.117,0.0,0.0,1.0,1.0,0.0,0.0,0.0,0.0,0.0,14.5,0.0,45.0,,,0.5,0.0
Bahrain,BHR,146.0,2011.0,692.0,0.171,0.052,0.0,0.088,,,,,,,,,,,0.0,,,,0.5,0.0
Bahrain,BHR,146.0,2012.0,692.0,0.162,0.049,0.0,0.073,,,,,,,,,,,0.0,,,,0.5,0.0
Bahrain,BHR,146.0,2013.0,692.0,0.162,0.051,0.0,0.073,,,,,,,,,,,0.0,,,,0.5,0.0
Bahrain,BHR,146.0,2014.0,692.0,0.16,0.052,0.0,0.073,0.0,0.0,1.0,1.0,0.0,0.0,0.0,0.0,0.0,18.45,0.0,87.5,,,0.5,0.0
Bahrain,BHR,146.0,2015.0,692.0,0.144,0.051,0.0,0.075,,,,,,,,,,,0.0,,,,0.5,0.0
Bahrain,BHR,146.0,2016.0,692.0,0.139,0.051,0.0,0.075,,,,,,,,,,,0.0,,,,0.5,0.0
Bahrain,BHR,146.0,2017.0,692.0,0.133,0.05,0.0,0.075,,,,,,,,,,,0.0,,,,0.5,0.0
Bahrain,BHR,146.0,2018.0,692.0,0.13,0.052,0.0,0.089,0.0,0.0,1.0,1.0,0.0,0.0,0.0,0.0,0.0,22.3,0.0,42.5,,,0.5,0.0
Bahrain,BHR,146.0,2019.0,692.0,0.132,0.059,0.0,0.089,,,,,,,,,,,0.0,,,,0.5,0.0
Bahrain,BHR,146.0,2020.0,692.0,0.132,0.062,0.0,0.089,,,,,,,,,,,0.0,,,,0.5,0.0
Bahrain,BHR,146.0,2021.0,692.0,0.134,0.063,0.0,0.11,,,,,,,,,,,0.0,,,,0.5,0.0
Bahrain,BHR,146.0,2022.0,692.0,0.135,0.064,0.0,0.11,0.0,0.0,1.0,1.0,0.0,0.0,0.0,0.0,0.0,21.7,0.0,80.0,,,0.5,0.0
Bahrain,BHR,146.0,2023.0,692.0,0.138,0.064,0.0,0.11,,,,,,,,,,,0.0,,,,0.5,0.0
Bahrain,BHR,146.0,2024.0,692.0,0.138,0.062,0.0,0.113,,,,,,,,,,,0.0,,,,0.5,0.0
Bahrain,BHR,146.0,2025.0,692.0,0.139,0.062,0.0,0.113,,,,,,,,,,,0.0,,,,0.5,0.0
Barbados,BRB,147.0,1980.0,53.0,0.742,0.627,2.0,0.731,,,,,,,,,,,0.0,,,,0.0,0.0
Barbados,BRB,147.0,1981.0,53.0,0.744,0.629,2.0,0.731,0.0,0.0,1.0,0.0,0.0,0.0,0.0,0.0,0.0,74.73,0.0,62.96,,,0.0,0.0
Barbados,BRB,147.0,1982.0,53.0,0.745,0.626,2.0,0.731,,,,,,,,,,,0.0,,,,0.0,0.0
Barbados,BRB,147.0,1983.0,53.0,0.745,0.626,2.0,0.731,,,,,,,,,,,0.0,,,,0.0,0.0
Barbados,BRB,147.0,1984.0,53.0,0.745,0.626,2.0,0.731,,,,,,,,,,,0.0,,,,0.0,0.0
Barbados,BRB,147.0,1985.0,53.0,0.745,0.626,2.0,0.731,,,,,,,,,,,0.0,,,,0.0,0.0
Barbados,BRB,147.0,1986.0,53.0,0.744,0.625,2.0,0.731,2.0,0.0,1.0,0.0,0.0,0.0,0.0,0.0,0.0,79.97,0.0,88.89,,,0.0,0.0
Barbados,BRB,147.0,1987.0,53.0,0.743,0.625,2.0,0.731,,,,,,,,,,,0.0,,,,0.0,0.0
Barbados,BRB,147.0,1988.0,53.0,0.743,0.625,2.0,0.731,,,,,,,,,,,0.0,,,,0.0,0.0
Barbados,BRB,147.0,1989.0,53.0,0.743,0.632,2.0,0.75,,,,,,,,,,,0.0,,,,0.0,0.0
Barbados,BRB,147.0,1990.0,53.0,0.748,0.636,2.0,0.75,,,,,,,,,,,0.0,,,,0.0,0.0
Barbados,BRB,147.0,1991.0,53.0,0.762,0.646,2.0,0.75,0.0,0.0,1.0,0.0,0.0,0.0,0.0,0.0,0.0,67.38,0.0,64.29,,,0.0,0.0
Barbados,BRB,147.0,1992.0,53.0,0.762,0.646,2.0,0.75,,,,,,,,,,,0.0,,,,0.0,0.0
Barbados,BRB,147.0,1993.0,53.0,0.762,0.646,2.0,0.75,,,,,,,,,,,0.0,,,,0.0,0.0
Barbados,BRB,147.0,1994.0,53.0,0.762,0.646,2.0,0.75,2.0,0.0,1.0,0.0,0.0,0.0,0.0,0.0,0.0,66.05,0.0,67.86,,,0.0,0.0
Barbados,BRB,147.0,1995.0,53.0,0.762,0.647,2.0,0.75,,,,,,,,,,,0.0,,,,0.0,0.0
Barbados,BRB,147.0,1996.0,53.0,0.762,0.647,2.0,0.75,,,,,,,,,,,0.0,,,,0.0,0.0
Barbados,BRB,147.0,1997.0,53.0,0.762,0.647,2.0,0.75,,,,,,,,,,,0.0,,,,0.0,0.0
Barbados,BRB,147.0,1998.0,53.0,0.762,0.647,2.0,0.75,,,,,,,,,,,0.0,,,,0.0,0.0
Barbados,BRB,147.0,1999.0,53.0,0.77,0.656,2.0,0.75,0.0,0.0,1.0,0.0,0.0,0.0,0.0,0.0,0.0,68.64,0.0,92.86,,,0.0,0.0
Barbados,BRB,147.0,2000.0,53.0,0.769,0.654,2.0,0.75,,,,,,,,,,,0.0,,,,0.0,0.0
Barbados,BRB,147.0,2001.0,53.0,0.769,0.654,2.0,0.75,,,,,,,,,,,0.0,,,,0.0,0.0
Barbados,BRB,147.0,2002.0,53.0,0.769,0.654,2.0,0.75,,,,,,,,,,,0.0,,,,0.0,0.0
Barbados,BRB,147.0,2003.0,53.0,0.767,0.652,2.0,0.75,0.0,0.0,1.0,0.0,0.0,0.0,0.0,0.0,0.0,68.13,0.0,76.67,,,0.0,0.0
Barbados,BRB,147.0,2004.0,53.0,0.766,0.65,2.0,0.75,,,,,,,,,,,0.0,,,,0.0,0.0
Barbados,BRB,147.0,2005.0,53.0,0.766,0.65,2.0,0.75,,,,,,,,,,,0.0,,,,0.0,0.0
Barbados,BRB,147.0,2006.0,53.0,0.766,0.648,2.0,0.75,,,,,,,,,,,0.0,,,,0.0,0.0
Barbados,BRB,147.0,2007.0,53.0,0.766,0.65,2.0,0.75,,,,,,,,,,,0.0,,,,0.0,0.0
Barbados,BRB,147.0,2008.0,53.0,0.783,0.665,2.0,0.75,2.0,0.0,1.0,0.0,0.0,0.0,0.0,0.0,0.0,69.41,0.0,66.67,,,0.0,0.0
Barbados,BRB,147.0,2009.0,53.0,0.784,0.666,2.0,0.75,,,,,,,,,,,0.0,,,,0.0,0.0
Barbados,BRB,147.0,2010.0,53.0,0.784,0.667,2.0,0.75,,,,,,,,,,,0.0,,,,0.0,0.0
Barbados,BRB,147.0,2011.0,53.0,0.784,0.667,2.0,0.75,,,,,,,,,,,0.0,,,,0.0,0.0
Barbados,BRB,147.0,2012.0,53.0,0.784,0.667,2.0,0.75,,,,,,,,,,,0.0,,,,0.0,0.0
Barbados,BRB,147.0,2013.0,53.0,0.781,0.664,2.0,0.75,0.0,0.0,1.0,0.0,0.0,0.0,0.0,0.0,0.0,69.78,0.0,53.33,,,0.0,0.0
Barbados,BRB,147.0,2014.0,53.0,0.78,0.662,2.0,0.75,,,,,,,,,,,0.0,,,,0.0,0.0
Barbados,BRB,147.0,2015.0,53.0,0.776,0.662,3.0,0.744,,,,,,,,,,,0.0,,,,0.0,0.0
Barbados,BRB,147.0,2016.0,53.0,0.776,0.662,3.0,0.744,,,,,,,,,,,0.0,,,,0.0,0.0
Barbados,BRB,147.0,2017.0,53.0,0.773,0.66,3.0,0.727,,,,,,,,,,,0.0,,,,0.0,0.0
Barbados,BRB,147.0,2018.0,53.0,0.776,0.656,3.0,0.714,2.0,0.0,1.0,0.0,0.0,0.0,0.0,0.0,0.0,67.06,0.0,100.0,,,0.0,1.0
Barbados,BRB,147.0,2019.0,53.0,0.792,0.668,3.0,0.714,,,,,,,,,,,0.0,,,,0.0,1.0
Barbados,BRB,147.0,2020.0,53.0,0.811,0.692,3.0,0.731,,,,,,,,,,,0.0,,,,0.0,1.0
Barbados,BRB,147.0,2021.0,53.0,0.807,0.686,3.0,0.731,,,,,,,,,,,0.0,,,,0.0,1.0
Barbados,BRB,147.0,2022.0,53.0,0.802,0.682,3.0,0.731,0.0,0.0,1.0,0.0,0.0,0.0,0.0,0.0,0.0,46.2,0.0,100.0,,,0.0,1.0
Barbados,BRB,147.0,2023.0,53.0,0.802,0.684,3.0,0.736,,,,,,,,,,,0.0,,,,0.0,1.0
Barbados,BRB,147.0,2024.0,53.0,0.802,0.685,3.0,0.727,,,,,,,,,,,0.0,,,,0.0,1.0
Barbados,BRB,147.0,2025.0,53.0,0.797,0.679,3.0,0.727,,,,,,,,,,,0.0,,,,0.0,1.0
Belgium,BEL,148.0,1980.0,211.0,0.866,0.786,3.0,0.842,,,,,,,,,,,1.0,,,,0.0,0.0
Belgium,BEL,148.0,1981.0,211.0,0.859,0.782,3.0,0.842,1.0,0.0,1.0,0.0,0.0,0.0,0.0,0.0,0.0,94.31,1.0,28.77,,,0.0,0.0
Belgium,BEL,148.0,1982.0,211.0,0.86,0.782,3.0,0.842,,,,,,,,,,,1.0,,,,0.0,0.0
Belgium,BEL,148.0,1983.0,211.0,0.86,0.782,3.0,0.842,,,,,,,,,,,1.0,,,,0.0,0.0
Belgium,BEL,148.0,1984.0,211.0,0.86,0.782,3.0,0.842,,,,,,,,,,,1.0,,,,0.0,0.0
Belgium,BEL,148.0,1985.0,211.0,0.86,0.782,3.0,0.842,0.0,0.0,1.0,0.0,0.0,0.0,0.0,0.0,0.0,86.32,1.0,32.55,,,0.0,0.0
Belgium,BEL,148.0,1986.0,211.0,0.859,0.783,3.0,0.842,,,,,,,,,,,1.0,,,,0.0,0.0
Belgium,BEL,148.0,1987.0,211.0,0.859,0.78,3.0,0.842,0.0,0.0,1.0,0.0,0.0,0.0,0.0,0.0,0.0,86.49,1.0,33.96,,,0.0,0.0
Belgium,BEL,148.0,1988.0,211.0,0.854,0.776,3.0,0.842,,,,,,,,,,,1.0,,,,0.0,0.0
Belgium,BEL,148.0,1989.0,211.0,0.858,0.778,3.0,0.842,,,,,,,,,,,1.0,,,,0.0,0.0
Belgium,BEL,148.0,1990.0,211.0,0.869,0.797,3.0,0.88,,,,,,,,,,,1.0,,,,0.0,0.0
Belgium,BEL,148.0,1991.0,211.0,0.87,0.798,3.0,0.88,0.0,0.0,1.0,0.0,0.0,0.0,0.0,0.0,0.0,85.1,1.0,29.72,,,0.0,0.0
Belgium,BEL,148.0,1992.0,211.0,0.879,0.808,3.0,0.88,,,,,,,,,,,1.0,,,,0.0,0.0
Belgium,BEL,148.0,1993.0,211.0,0.879,0.808,3.0,0.88,,,,,,,,,,,1.0,,,,0.0,0.0
Belgium,BEL,148.0,1994.0,211.0,0.879,0.808,3.0,0.88,,,,,,,,,,,1.0,,,,0.0,0.0
Belgium,BEL,148.0,1995.0,211.0,0.882,0.812,3.0,0.88,0.0,0.0,1.0,0.0,0.0,0.0,0.0,0.0,0.0,83.2,1.0,27.33,,,0.0,0.0
Belgium,BEL,148.0,1996.0,211.0,0.882,0.812,3.0,0.893,,,,,,,,,,,1.0,,,,0.0,0.0
Belgium,BEL,148.0,1997.0,211.0,0.882,0.812,3.0,0.893,,,,,,,,,,,1.0,,,,0.0,0.0
Belgium,BEL,148.0,1998.0,211.0,0.882,0.813,3.0,0.886,,,,,,,,,,,1.0,,,,0.0,0.0
Belgium,BEL,148.0,1999.0,211.0,0.883,0.816,3.0,0.898,2.0,0.0,1.0,0.0,0.0,0.0,0.0,0.0,0.0,83.14,1.0,22.0,,,0.0,0.0
Belgium,BEL,148.0,2000.0,211.0,0.885,0.819,3.0,0.898,,,,,,,,,,,1.0,,,,0.0,0.0
Belgium,BEL,148.0,2001.0,211.0,0.885,0.819,3.0,0.898,,,,,,,,,,,1.0,,,,0.0,0.0
Belgium,BEL,148.0,2002.0,211.0,0.885,0.819,3.0,0.898,,,,,,,,,,,1.0,,,,0.0,0.0
Belgium,BEL,148.0,2003.0,211.0,0.886,0.819,3.0,0.898,0.0,0.0,1.0,0.0,0.0,0.0,0.0,0.0,0.0,85.95,1.0,16.67,,,0.0,0.0
Belgium,BEL,148.0,2004.0,211.0,0.864,0.795,3.0,0.898,,,,,,,,,,,1.0,,,,0.0,0.0
Belgium,BEL,148.0,2005.0,211.0,0.884,0.816,3.0,0.898,,,,,,,,,,,1.0,,,,0.0,0.0
Belgium,BEL,148.0,2006.0,211.0,0.885,0.818,3.0,0.898,,,,,,,,,,,1.0,,,,0.0,0.0
Belgium,BEL,148.0,2007.0,211.0,0.891,0.828,3.0,0.912,0.0,0.0,1.0,0.0,0.0,0.0,0.0,0.0,0.0,86.0,1.0,20.0,,,0.0,0.0
Belgium,BEL,148.0,2008.0,211.0,0.899,0.832,3.0,0.896,,,,,,,,,,,1.0,,,,0.0,0.0
Belgium,BEL,148.0,2009.0,211.0,0.899,0.834,3.0,0.905,,,,,,,,,,,1.0,,,,0.0,0.0
Belgium,BEL,148.0,2010.0,211.0,0.9,0.834,3.0,0.898,2.0,0.0,1.0,0.0,0.0,0.0,0.0,0.0,0.0,93.26,1.0,18.0,,,0.0,0.0
Belgium,BEL,148.0,2011.0,211.0,0.9,0.835,3.0,0.898,,,,,,,,,,,1.0,,,,0.0,0.0
Belgium,BEL,148.0,2012.0,211.0,0.9,0.835,3.0,0.898,,,,,,,,,,,1.0,,,,0.0,0.0
Belgium,BEL,148.0,2013.0,211.0,0.902,0.839,3.0,0.91,,,,,,,,,,,1.0,,,,0.0,0.0
Belgium,BEL,148.0,2014.0,211.0,0.902,0.838,3.0,0.91,2.0,0.0,1.0,0.0,0.0,0.0,0.0,0.0,0.0,87.21,1.0,22.0,,,0.0,0.0
Belgium,BEL,148.0,2015.0,211.0,0.901,0.837,3.0,0.91,,,,,,,,,,,1.0,,,,0.0,0.0
Belgium,BEL,148.0,2016.0,211.0,0.901,0.837,3.0,0.91,,,,,,,,,,,1.0,,,,0.0,0.0
Belgium,BEL,148.0,2017.0,211.0,0.9,0.836,3.0,0.91,,,,,,,,,,,1.0,,,,0.0,0.0
Belgium,BEL,148.0,2018.0,211.0,0.9,0.836,3.0,0.91,,,,,,,,,,,1.0,,,,0.0,0.0
Belgium,BEL,148.0,2019.0,211.0,0.901,0.837,3.0,0.929,2.0,0.0,1.0,0.0,0.0,0.0,0.0,0.0,0.0,77.94,1.0,16.67,,,0.0,1.0
Belgium,BEL,148.0,2020.0,211.0,0.897,0.826,3.0,0.894,,,,,,,,,,,1.0,,,,0.0,0.0
Belgium,BEL,148.0,2021.0,211.0,0.897,0.827,3.0,0.894,,,,,,,,,,,1.0,,,,0.0,0.0
Belgium,BEL,148.0,2022.0,211.0,0.895,0.833,3.0,0.926,,,,,,,,,,,1.0,,,,0.0,0.0
Belgium,BEL,148.0,2023.0,211.0,0.895,0.812,3.0,0.889,,,,,,,,,,,1.0,,,,0.0,0.0
Belgium,BEL,148.0,2024.0,211.0,0.891,0.81,3.0,0.889,2.0,0.0,1.0,0.0,0.0,0.0,0.0,0.0,0.0,75.82,1.0,16.0,,,0.0,0.0
Belgium,BEL,148.0,2025.0,211.0,0.889,0.794,3.0,0.889,,,,,,,,,,,1.0,,,,0.0,0.0
Bosnia and Herzegovina,BIH,150.0,1992.0,346.0,0.249,0.093,0.0,0.113,,,,,,,,,,,0.0,,,,0.5,0.0
Bosnia and Herzegovina,BIH,150.0,1993.0,346.0,0.249,0.093,0.0,0.113,,,,,,,,,,,0.0,,,,0.5,0.0
Bosnia and Herzegovina,BIH,150.0,1994.0,346.0,0.187,0.066,0.0,0.194,,,,,,,,,,,0.0,,,,0.5,0.0
Bosnia and Herzegovina,BIH,150.0,1995.0,346.0,0.187,0.069,0.0,0.194,,,,,,,,,,,1.0,,,,0.5,0.0
Bosnia and Herzegovina,BIH,150.0,1996.0,346.0,0.268,0.141,1.0,0.194,0.0,0.0,1.0,0.0,0.0,0.0,0.0,0.0,1.0,56.35,1.0,45.24,25.3,6.8,0.0,0.0
Bosnia and Herzegovina,BIH,150.0,1997.0,346.0,0.584,0.34,2.0,0.411,,,,,,,,,,,1.0,,,,0.0,0.0
Bosnia and Herzegovina,BIH,150.0,1998.0,346.0,0.6,0.35,2.0,0.387,0.0,2.0,1.0,0.0,0.0,0.0,0.0,0.0,1.0,57.72,1.0,40.48,21.0,9.2,0.0,0.0
Bosnia and Herzegovina,BIH,150.0,1999.0,346.0,0.621,0.361,2.0,0.387,,,,,,,,,,,1.0,,,,0.0,0.0
Bosnia and Herzegovina,BIH,150.0,2000.0,346.0,0.635,0.394,2.0,0.387,0.0,0.0,1.0,0.0,0.0,0.0,0.0,0.0,0.0,52.33,1.0,21.43,,,0.0,0.0
Bosnia and Herzegovina,BIH,150.0,2001.0,346.0,0.654,0.424,2.0,0.387,,,,,,,,,,,1.0,,,,0.0,0.0
Bosnia and Herzegovina,BIH,150.0,2002.0,346.0,0.654,0.418,2.0,0.387,0.0,2.0,1.0,0.0,0.0,0.0,0.0,0.0,1.0,40.86,1.0,23.81,13.4,8.6,0.0,0.0
Bosnia and Herzegovina,BIH,150.0,2003.0,346.0,0.661,0.426,2.0,0.387,,,,,,,,,,,1.0,,,,0.0,0.0
Bosnia and Herzegovina,BIH,150.0,2004.0,346.0,0.647,0.416,2.0,0.387,,,,,,,,,,,1.0,,,,0.0,0.0
Bosnia and Herzegovina,BIH,150.0,2005.0,346.0,0.647,0.425,2.0,0.375,,,,,,,,,,,1.0,,,,0.0,0.0
Bosnia and Herzegovina,BIH,150.0,2006.0,346.0,0.626,0.409,2.0,0.375,0.0,2.0,1.0,0.0,0.0,0.0,0.0,0.0,1.0,39.32,1.0,21.43,52.0,25.9,0.0,0.0
Bosnia and Herzegovina,BIH,150.0,2007.0,346.0,0.566,0.369,2.0,0.375,,,,,,,,,,,1.0,,,,0.0,0.0
Bosnia and Herzegovina,BIH,150.0,2008.0,346.0,0.562,0.367,2.0,0.375,,,,,,,,,,,1.0,,,,0.0,0.0
Bosnia and Herzegovina,BIH,150.0,2009.0,346.0,0.56,0.366,2.0,0.391,,,,,,,,,,,1.0,,,,0.0,0.0
Bosnia and Herzegovina,BIH,150.0,2010.0,346.0,0.566,0.37,2.0,0.391,2.0,2.0,1.0,0.0,0.0,0.0,0.0,0.0,1.0,58.75,1.0,19.05,48.1,32.5,0.0,0.0
Bosnia and Herzegovina,BIH,150.0,2011.0,346.0,0.564,0.37,2.0,0.391,,,,,,,,,,,1.0,,,,0.0,0.0
Bosnia and Herzegovina,BIH,150.0,2012.0,346.0,0.566,0.37,2.0,0.391,,,,,,,,,,,1.0,,,,0.0,0.0
Bosnia and Herzegovina,BIH,150.0,2013.0,346.0,0.56,0.369,2.0,0.401,,,,,,,,,,,1.0,,,,0.0,0.0
Bosnia and Herzegovina,BIH,150.0,2014.0,346.0,0.557,0.37,2.0,0.401,0.0,0.0,1.0,0.0,0.0,0.0,0.0,0.0,1.0,59.32,1.0,23.81,32.87,26.78,0.0,0.0
Bosnia and Herzegovina,BIH,150.0,2015.0,346.0,0.547,0.363,2.0,0.401,,,,,,,,,,,1.0,,,,0.0,0.0
Bosnia and Herzegovina,BIH,150.0,2016.0,346.0,0.547,0.358,2.0,0.354,,,,,,,,,,,1.0,,,,0.0,0.0
Bosnia and Herzegovina,BIH,150.0,2017.0,346.0,0.541,0.355,2.0,0.354,,,,,,,,,,,1.0,,,,0.0,0.0
Bosnia and Herzegovina,BIH,150.0,2018.0,346.0,0.513,0.34,2.0,0.403,0.0,2.0,1.0,0.0,0.0,0.0,0.0,0.0,1.0,56.14,1.0,21.43,53.88,42.74,0.0,0.0
Bosnia and Herzegovina,BIH,150.0,2019.0,346.0,0.515,0.338,2.0,0.406,,,,,,,,,,,1.0,,,,0.0,0.0
Bosnia and Herzegovina,BIH,150.0,2020.0,346.0,0.517,0.335,2.0,0.399,,,,,,,,,,,1.0,,,,0.0,0.0
Bosnia and Herzegovina,BIH,150.0,2021.0,346.0,0.508,0.328,2.0,0.417,,,,,,,,,,,1.0,,,,0.0,0.0
Bosnia and Herzegovina,BIH,150.0,2022.0,346.0,0.521,0.344,2.0,0.421,0.0,1.0,1.0,0.0,0.0,0.0,0.0,0.0,1.0,53.94,1.0,21.43,57.37,51.65,0.0,0.0
Bosnia and Herzegovina,BIH,150.0,2023.0,346.0,0.502,0.336,2.0,0.451,,,,,,,,,,,1.0,,,,0.0,1.0
Bosnia and Herzegovina,BIH,150.0,2024.0,346.0,0.507,0.336,2.0,0.419,,,,,,,,,,,1.0,,,,0.0,1.0
Bosnia and Herzegovina,BIH,150.0,2025.0,346.0,0.498,0.339,1.0,0.446,,,,,,,,,,,1.0,,,,0.0,1.0
Bulgaria,BGR,152.0,1980.0,355.0,0.176,0.057,0.0,0.074,,,,,,,,,,,1.0,,,,1.0,
Bulgaria,BGR,152.0,1981.0,355.0,0.177,0.057,0.0,0.074,1.0,0.0,1.0,0.0,0.0,0.0,0.0,0.0,0.0,,1.0,100.0,,,1.0,
Bulgaria,BGR,152.0,1982.0,355.0,0.178,0.057,0.0,0.074,,,,,,,,,,,1.0,,,,1.0,
Bulgaria,BGR,152.0,1983.0,355.0,0.178,0.057,0.0,0.074,,,,,,,,,,,1.0,,,,1.0,
Bulgaria,BGR,152.0,1984.0,355.0,0.18,0.058,0.0,0.074,,,,,,,,,,,1.0,,,,1.0,
Bulgaria,BGR,152.0,1985.0,355.0,0.18,0.058,0.0,0.074,,,,,,,,,,,1.0,,,,1.0,
Bulgaria,BGR,152.0,1986.0,355.0,0.181,0.058,0.0,0.074,0.0,0.0,1.0,0.0,0.0,0.0,0.0,0.0,0.0,,1.0,100.0,,,1.0,
Bulgaria,BGR,152.0,1987.0,355.0,0.181,0.058,0.0,0.074,,,,,,,,,,,1.0,,,,1.0,
Bulgaria,BGR,152.0,1988.0,355.0,0.181,0.058,0.0,0.074,,,,,,,,,,,1.0,,,,1.0,
Bulgaria,BGR,152.0,1989.0,355.0,0.182,0.06,0.0,0.074,,,,,,,,,,,1.0,,,,1.0,
Bulgaria,BGR,152.0,1990.0,355.0,0.572,0.454,2.0,0.834,2.0,0.0,1.0,1.0,0.0,0.0,0.0,0.0,0.0,,1.0,52.75,,,0.0,0.0
Bulgaria,BGR,152.0,1991.0,355.0,0.622,0.508,2.0,0.834,2.0,0.0,1.0,0.0,0.0,0.0,0.0,0.0,0.0,84.54,1.0,45.83,,,0.0,0.0
Bulgaria,BGR,152.0,1992.0,355.0,0.698,0.598,2.0,0.888,0.0,2.0,0.0,0.0,0.0,0.0,0.0,0.0,1.0,80.48,1.0,,44.4,30.4,0.0,0.0
Bulgaria,BGR,152.0,1993.0,355.0,0.693,0.593,2.0,0.888,,,,,,,,,,,1.0,,,,0.0,0.0
Bulgaria,BGR,152.0,1994.0,355.0,0.692,0.593,2.0,0.888,2.0,0.0,1.0,0.0,0.0,0.0,0.0,0.0,0.0,80.98,1.0,52.08,,,0.0,1.0
Bulgaria,BGR,152.0,1995.0,355.0,0.691,0.588,2.0,0.888,,,,,,,,,,,1.0,,,,0.0,0.0
Bulgaria,BGR,152.0,1996.0,355.0,0.698,0.597,2.0,0.888,0.0,1.0,0.0,0.0,0.0,0.0,0.0,0.0,1.0,52.16,1.0,,44.1,27.0,0.0,0.0
Bulgaria,BGR,152.0,1997.0,355.0,0.712,0.609,2.0,0.888,2.0,0.0,1.0,0.0,0.0,0.0,0.0,0.0,0.0,66.9,1.0,57.08,,,0.0,0.0
Bulgaria,BGR,152.0,1998.0,355.0,0.707,0.609,2.0,0.888,,,,,,,,,,,1.0,,,,0.0,0.0
Bulgaria,BGR,152.0,1999.0,355.0,0.716,0.616,2.0,0.888,,,,,,,,,,,1.0,,,,0.0,0.0
Bulgaria,BGR,152.0,2000.0,355.0,0.717,0.617,2.0,0.888,,,,,,,,,,,1.0,,,,0.0,0.0
Bulgaria,BGR,152.0,2001.0,355.0,0.692,0.595,2.0,0.876,2.0,2.0,1.0,0.0,0.0,0.0,0.0,0.0,1.0,72.1,1.0,50.0,36.4,34.9,0.0,0.0
Bulgaria,BGR,152.0,2002.0,355.0,0.721,0.619,2.0,0.85,,,,,,,,,,,1.0,,,,0.0,0.0
Bulgaria,BGR,152.0,2003.0,355.0,0.721,0.621,2.0,0.853,,,,,,,,,,,1.0,,,,0.0,0.0
Bulgaria,BGR,152.0,2004.0,355.0,0.721,0.623,2.0,0.871,,,,,,,,,,,1.0,,,,0.0,0.0
Bulgaria,BGR,152.0,2005.0,355.0,0.701,0.604,2.0,0.871,2.0,0.0,1.0,0.0,0.0,0.0,0.0,0.0,0.0,62.41,1.0,34.17,,,0.0,0.0
Bulgaria,BGR,152.0,2006.0,355.0,0.706,0.61,2.0,0.876,0.0,0.0,0.0,0.0,0.0,0.0,0.0,0.0,1.0,47.8,1.0,,64.04,21.48,0.0,0.0
Bulgaria,BGR,152.0,2007.0,355.0,0.705,0.611,2.0,0.876,,,,,,,,,,,1.0,,,,0.0,0.0
Bulgaria,BGR,152.0,2008.0,355.0,0.711,0.617,2.0,0.876,,,,,,,,,,,1.0,,,,0.0,0.0
Bulgaria,BGR,152.0,2009.0,355.0,0.691,0.587,2.0,0.842,2.0,0.0,1.0,0.0,0.0,0.0,0.0,0.0,0.0,72.43,1.0,40.42,,,0.0,0.0
Bulgaria,BGR,152.0,2010.0,355.0,0.674,0.568,2.0,0.846,,,,,,,,,,,1.0,,,,0.0,0.0
Bulgaria,BGR,152.0,2011.0,355.0,0.672,0.565,2.0,0.846,0.0,2.0,0.0,0.0,0.0,0.0,0.0,0.0,1.0,60.51,1.0,,40.1,28.96,0.0,0.0
Bulgaria,BGR,152.0,2012.0,355.0,0.664,0.561,2.0,0.857,,,,,,,,,,,1.0,,,,0.0,0.0
Bulgaria,BGR,152.0,2013.0,355.0,0.657,0.542,2.0,0.797,2.0,0.0,1.0,0.0,0.0,0.0,0.0,0.0,0.0,59.69,1.0,40.42,,,0.0,0.0
Bulgaria,BGR,152.0,2014.0,355.0,0.673,0.561,2.0,0.81,2.0,0.0,1.0,0.0,0.0,0.0,0.0,0.0,0.0,60.88,1.0,35.0,,,0.0,0.0
Bulgaria,BGR,152.0,2015.0,355.0,0.671,0.566,2.0,0.835,,,,,,,,,,,1.0,,,,0.0,0.0
Bulgaria,BGR,152.0,2016.0,355.0,0.667,0.561,2.0,0.835,0.0,2.0,0.0,0.0,0.0,0.0,0.0,0.0,1.0,66.87,1.0,,25.45,21.97,0.0,0.0
Bulgaria,BGR,152.0,2017.0,355.0,0.624,0.521,2.0,0.813,0.0,0.0,1.0,0.0,0.0,0.0,0.0,0.0,0.0,62.79,1.0,39.58,,,0.0,0.0
Bulgaria,BGR,152.0,2018.0,355.0,0.612,0.508,2.0,0.843,,,,,,,,,,,1.0,,,,0.0,0.0
Bulgaria,BGR,152.0,2019.0,355.0,0.609,0.506,2.0,0.85,,,,,,,,,,,1.0,,,,0.0,0.0
Bulgaria,BGR,152.0,2020.0,355.0,0.607,0.501,2.0,0.81,,,,,,,,,,,1.0,,,,0.0,0.0
Bulgaria,BGR,152.0,2021.0,355.0,0.665,0.549,2.0,0.851,2.0,2.0,1.0,0.0,0.0,0.0,0.0,0.0,1.0,58.32,1.0,31.25,49.42,22.83,0.0,0.0
Bulgaria,BGR,152.0,2022.0,355.0,0.679,0.602,2.0,0.947,0.0,0.0,1.0,0.0,0.0,0.0,0.0,0.0,0.0,45.79,1.0,27.92,,,0.0,0.0
Bulgaria,BGR,152.0,2023.0,355.0,0.659,0.58,2.0,0.922,2.0,0.0,1.0,0.0,0.0,0.0,0.0,0.0,0.0,47.48,1.0,28.75,,,0.0,0.0
Bulgaria,BGR,152.0,2024.0,355.0,0.645,0.533,2.0,0.848,0.0,0.0,1.0,0.0,0.0,0.0,0.0,0.0,0.0,44.71,1.0,28.75,,,0.0,0.0
Bulgaria,BGR,152.0,2025.0,355.0,0.599,0.499,2.0,0.9,,,,,,,,,,,1.0,,,,0.0,0.0
Comoros,COM,153.0,1980.0,581.0,0.226,0.098,0.0,0.145,,,,,,,,,,,1.0,,,,1.0,0.0
Comoros,COM,153.0,1981.0,581.0,0.226,0.098,0.0,0.145,,,,,,,,,,,1.0,,,,1.0,0.0
Comoros,COM,153.0,1982.0,581.0,0.209,0.093,0.0,0.145,0.0,0.0,1.0,1.0,0.0,0.0,0.0,0.0,0.0,,1.0,97.37,,,1.0,0.0
Comoros,COM,153.0,1983.0,581.0,0.206,0.093,0.0,0.145,,,,,,,,,,,1.0,,,,1.0,0.0
Comoros,COM,153.0,1984.0,581.0,0.204,0.092,0.0,0.145,0.0,0.0,0.0,0.0,0.0,0.0,0.0,0.0,1.0,,1.0,,99.4,0.0,1.0,0.0
Comoros,COM,153.0,1985.0,581.0,0.203,0.092,0.0,0.145,,,,,,,,,,,1.0,,,,1.0,
Comoros,COM,153.0,1986.0,581.0,0.203,0.093,0.0,0.145,,,,,,,,,,,1.0,,,,1.0,
Comoros,COM,153.0,1987.0,581.0,0.204,0.095,0.0,0.145,0.0,0.0,1.0,0.0,0.0,0.0,0.0,0.0,0.0,100.64,1.0,100.0,,,1.0,
Comoros,COM,153.0,1988.0,581.0,0.206,0.095,0.0,0.145,,,,,,,,,,,1.0,,,,1.0,
Comoros,COM,153.0,1989.0,581.0,0.206,0.096,1.0,0.145,,,,,,,,,,,1.0,,,,1.0,
Comoros,COM,153.0,1990.0,581.0,0.381,0.178,1.0,0.278,0.0,0.0,0.0,0.0,0.0,0.0,0.0,0.0,1.0,77.79,1.0,,23.1,24.4,1.0,
Comoros,COM,153.0,1991.0,581.0,0.418,0.197,1.0,0.278,,,,,,,,,,,1.0,,,,1.0,
Comoros,COM,153.0,1992.0,581.0,0.414,0.201,1.0,0.278,0.0,0.0,1.0,1.0,0.0,0.0,0.0,0.0,0.0,,1.0,16.67,,,1.0,0.0
Comoros,COM,153.0,1993.0,581.0,0.339,0.158,1.0,0.291,0.0,0.0,1.0,1.0,0.0,0.0,0.0,0.0,0.0,,1.0,66.67,,,1.0,0.0
Comoros,COM,153.0,1994.0,581.0,0.399,0.198,1.0,0.291,,,,,,,,,,,1.0,,,,1.0,0.0
Comoros,COM,153.0,1995.0,581.0,0.4,0.194,1.0,0.281,,,,,,,,,,,1.0,,,,1.0,0.0
Comoros,COM,153.0,1996.0,581.0,0.317,0.142,1.0,0.192,2.0,2.0,1.0,1.0,0.0,0.0,0.0,0.0,1.0,59.06,1.0,90.7,21.3,15.7,1.0,0.0
Comoros,COM,153.0,1997.0,581.0,0.429,0.208,1.0,0.284,,,,,,,,,,,1.0,,,,1.0,0.0
Comoros,COM,153.0,1998.0,581.0,0.43,0.209,1.0,0.279,,,,,,,,,,,1.0,,,,1.0,0.0
Comoros,COM,153.0,1999.0,581.0,0.296,0.135,1.0,0.206,,,,,,,,,,,1.0,,,,1.0,0.0
Comoros,COM,153.0,2000.0,581.0,0.218,0.101,0.0,0.452,,,,,,,,,,,1.0,,,,1.0,0.0
Comoros,COM,153.0,2001.0,581.0,0.221,0.096,0.0,0.452,,,,,,,,,,,1.0,,,,1.0,0.0
Comoros,COM,153.0,2002.0,581.0,0.315,0.135,1.0,0.535,2.0,2.0,0.0,0.0,0.0,0.0,0.0,0.0,1.0,37.99,1.0,,39.8,15.69,1.0,
Comoros,COM,153.0,2003.0,581.0,0.369,0.156,1.0,0.579,,,,,,,,,,,1.0,,,,1.0,
Comoros,COM,153.0,2004.0,581.0,0.408,0.215,1.0,0.578,0.0,0.0,1.0,1.0,0.0,0.0,0.0,0.0,0.0,,1.0,66.67,,,1.0,
Comoros,COM,153.0,2005.0,581.0,0.427,0.241,1.0,0.491,,,,,,,,,,,1.0,,,,1.0,
Comoros,COM,153.0,2006.0,581.0,0.419,0.237,1.0,0.491,2.0,2.0,0.0,0.0,0.0,0.0,0.0,0.0,1.0,52.14,1.0,,26.93,14.88,1.0,
Comoros,COM,153.0,2007.0,581.0,0.414,0.235,1.0,0.491,,,,,,,,,,,1.0,,,,1.0,
Comoros,COM,153.0,2008.0,581.0,0.414,0.235,1.0,0.491,,,,,,,,,,,1.0,,,,1.0,
Comoros,COM,153.0,2009.0,581.0,0.418,0.232,1.0,0.497,0.0,0.0,1.0,1.0,0.0,0.0,0.0,0.0,0.0,,1.0,79.17,,,1.0,
Comoros,COM,153.0,2010.0,581.0,0.416,0.243,1.0,0.554,2.0,2.0,0.0,0.0,0.0,0.0,0.0,0.0,1.0,56.13,1.0,,28.19,22.94,1.0,
Comoros,COM,153.0,2011.0,581.0,0.446,0.256,1.0,0.554,,,,,,,,,,,1.0,,,,1.0,
Comoros,COM,153.0,2012.0,581.0,0.446,0.256,1.0,0.554,,,,,,,,,,,1.0,,,,1.0,
Comoros,COM,153.0,2013.0,581.0,0.467,0.278,1.0,0.634,,,,,,,,,,,1.0,,,,1.0,
Comoros,COM,153.0,2014.0,581.0,0.467,0.277,1.0,0.634,,,,,,,,,,,1.0,,,,1.0,
Comoros,COM,153.0,2015.0,581.0,0.395,0.24,1.0,0.602,0.0,0.0,1.0,1.0,0.0,0.0,0.0,0.0,0.0,49.41,1.0,33.33,,,1.0,
Comoros,COM,153.0,2016.0,581.0,0.385,0.239,1.0,0.627,2.0,2.0,0.0,0.0,0.0,0.0,0.0,0.0,1.0,48.3,1.0,,17.61,15.09,1.0,
Comoros,COM,153.0,2017.0,581.0,0.38,0.194,1.0,0.265,,,,,,,,,,,1.0,,,,1.0,
Comoros,COM,153.0,2018.0,581.0,0.367,0.176,1.0,0.21,,,,,,,,,,,1.0,,,,1.0,
Comoros,COM,153.0,2019.0,581.0,0.305,0.129,1.0,0.228,0.0,0.0,0.0,0.0,0.0,0.0,0.0,0.0,1.0,36.14,1.0,,60.77,14.62,1.0,
Comoros,COM,153.0,2020.0,581.0,0.28,0.124,1.0,0.18,0.0,0.0,1.0,1.0,0.0,0.0,0.0,0.0,0.0,41.27,1.0,83.33,,,1.0,
Comoros,COM,153.0,2021.0,581.0,0.28,0.124,1.0,0.196,,,,,,,,,,,1.0,,,,1.0,
Comoros,COM,153.0,2022.0,581.0,0.272,0.124,1.0,0.225,,,,,,,,,,,1.0,,,,1.0,
Comoros,COM,153.0,2023.0,581.0,0.264,0.118,1.0,0.216,,,,,,,,,,,1.0,,,,1.0,
Comoros,COM,153.0,2024.0,581.0,0.276,0.122,1.0,0.216,0.0,0.0,0.0,0.0,0.0,0.0,0.0,0.0,1.0,35.22,1.0,,57.02,11.07,1.0,
Comoros,COM,153.0,2025.0,581.0,0.293,0.132,1.0,0.318,0.0,0.0,1.0,0.0,0.0,0.0,0.0,0.0,0.0,40.16,1.0,93.94,,,1.0,
Croatia,HRV,154.0,1991.0,344.0,0.242,0.16,0.0,0.327,,,,,,,,,,,1.0,,,,0.0,0.0
Croatia,HRV,154.0,1992.0,344.0,0.299,0.18,1.0,0.327,2.0,0.0,1.0,0.0,0.0,0.0,0.0,0.0,1.0,74.55,1.0,61.59,57.8,22.3,0.0,0.0
Croatia,HRV,154.0,1993.0,344.0,0.377,0.213,1.0,0.327,,,,,,,,,,,1.0,,,,0.0,0.0
Croatia,HRV,154.0,1994.0,344.0,0.384,0.214,1.0,0.327,,,,,,,,,,,1.0,,,,0.0,0.0
Croatia,HRV,154.0,1995.0,344.0,0.386,0.219,1.0,0.327,1.0,0.0,1.0,0.0,0.0,0.0,0.0,0.0,0.0,72.17,1.0,59.06,,,0.0,0.0
Croatia,HRV,154.0,1996.0,344.0,0.406,0.242,1.0,0.327,,,,,,,,,,,1.0,,,,0.0,0.0
Croatia,HRV,154.0,1997.0,344.0,0.422,0.259,1.0,0.352,0.0,0.0,0.0,0.0,0.0,0.0,0.0,0.0,1.0,64.3,1.0,,61.4,21.0,0.0,0.0
Croatia,HRV,154.0,1998.0,344.0,0.428,0.261,1.0,0.352,,,,,,,,,,,1.0,,,,0.0,0.0
Croatia,HRV,154.0,1999.0,344.0,0.431,0.272,1.0,0.404,,,,,,,,,,,1.0,,,,0.0,0.0
Croatia,HRV,154.0,2000.0,344.0,0.76,0.61,2.0,0.737,2.0,2.0,1.0,0.0,0.0,0.0,0.0,0.0,1.0,80.95,1.0,30.46,41.3,27.8,0.0,0.0
Croatia,HRV,154.0,2001.0,344.0,0.767,0.622,2.0,0.737,,,,,,,,,,,1.0,,,,0.0,0.0
Croatia,HRV,154.0,2002.0,344.0,0.766,0.622,2.0,0.737,,,,,,,,,,,1.0,,,,0.0,0.0
Croatia,HRV,154.0,2003.0,344.0,0.769,0.624,2.0,0.737,2.0,0.0,1.0,0.0,0.0,0.0,0.0,0.0,0.0,71.96,1.0,43.42,,,0.0,0.0
Croatia,HRV,154.0,2004.0,344.0,0.757,0.606,2.0,0.697,,,,,,,,,,,1.0,,,,0.0,0.0
Croatia,HRV,154.0,2005.0,344.0,0.775,0.635,2.0,0.761,0.0,2.0,0.0,0.0,0.0,0.0,0.0,0.0,1.0,63.44,1.0,,49.4,20.5,0.0,0.0
Croatia,HRV,154.0,2006.0,344.0,0.772,0.63,2.0,0.74,,,,,,,,,,,1.0,,,,0.0,0.0
Croatia,HRV,154.0,2007.0,344.0,0.784,0.642,2.0,0.738,0.0,0.0,1.0,0.0,0.0,0.0,0.0,0.0,0.0,70.84,1.0,43.14,,,0.0,0.0
Croatia,HRV,154.0,2008.0,344.0,0.779,0.638,2.0,0.753,,,,,,,,,,,1.0,,,,0.0,0.0
Croatia,HRV,154.0,2009.0,344.0,0.784,0.653,2.0,0.809,0.0,2.0,0.0,0.0,0.0,0.0,0.0,0.0,1.0,57.2,1.0,,32.42,14.83,0.0,1.0
Croatia,HRV,154.0,2010.0,344.0,0.844,0.73,2.0,0.825,0.0,2.0,0.0,0.0,0.0,0.0,0.0,0.0,0.0,65.24,1.0,,,,0.0,1.0
Croatia,HRV,154.0,2011.0,344.0,0.853,0.744,2.0,0.843,2.0,0.0,1.0,0.0,0.0,0.0,0.0,0.0,0.0,66.09,1.0,52.98,,,0.0,0.0
Croatia,HRV,154.0,2012.0,344.0,0.851,0.744,2.0,0.854,,,,,,,,,,,1.0,,,,0.0,0.0
Croatia,HRV,154.0,2013.0,344.0,0.828,0.71,2.0,0.829,,,,,,,,,,,1.0,,,,0.0,0.0
Croatia,HRV,154.0,2014.0,344.0,0.823,0.704,2.0,0.828,0.0,2.0,0.0,0.0,0.0,0.0,0.0,0.0,1.0,49.6,1.0,,38.46,37.22,0.0,0.0
Croatia,HRV,154.0,2015.0,344.0,0.816,0.703,2.0,0.85,2.0,2.0,1.0,0.0,0.0,0.0,0.0,0.0,0.0,63.96,1.0,39.07,,,0.0,0.0
Croatia,HRV,154.0,2016.0,344.0,0.765,0.651,2.0,0.859,1.0,0.0,1.0,0.0,0.0,0.0,0.0,0.0,0.0,55.5,1.0,40.4,,,0.0,0.0
Croatia,HRV,154.0,2017.0,344.0,0.739,0.623,2.0,0.843,,,,,,,,,,,1.0,,,,0.0,0.0
Croatia,HRV,154.0,2018.0,344.0,0.729,0.615,2.0,0.822,,,,,,,,,,,1.0,,,,0.0,0.0
Croatia,HRV,154.0,2019.0,344.0,0.734,0.617,2.0,0.851,0.0,2.0,0.0,0.0,0.0,0.0,0.0,0.0,1.0,54.02,1.0,,29.55,26.65,0.0,0.0
Croatia,HRV,154.0,2020.0,344.0,0.756,0.647,2.0,0.86,0.0,2.0,1.0,0.0,0.0,0.0,0.0,0.0,0.0,58.24,1.0,43.71,,,0.0,0.0
Croatia,HRV,154.0,2021.0,344.0,0.747,0.641,2.0,0.855,,,,,,,,,,,1.0,,,,0.0,0.0
Croatia,HRV,154.0,2022.0,344.0,0.724,0.636,2.0,0.857,,,,,,,,,,,1.0,,,,0.0,0.0
Croatia,HRV,154.0,2023.0,344.0,0.725,0.628,2.0,0.857,,,,,,,,,,,1.0,,,,0.0,0.0
Croatia,HRV,154.0,2024.0,344.0,0.71,0.607,2.0,0.871,0.0,0.0,1.0,0.0,0.0,0.0,0.0,0.0,1.0,64.26,1.0,36.42,49.68,19.59,0.0,0.0
Croatia,HRV,154.0,2025.0,344.0,0.686,0.593,2.0,0.871,0.0,0.0,0.0,0.0,0.0,0.0,0.0,0.0,0.0,55.38,1.0,,49.68,19.59,0.0,0.0
Cuba,CUB,155.0,1980.0,40.0,0.071,0.032,0.0,0.072,,,,,,,,,,,1.0,,,,1.0,
Cuba,CUB,155.0,1981.0,40.0,0.071,0.032,0.0,0.072,,,,,,,,,,,1.0,,,,1.0,
Cuba,CUB,155.0,1982.0,40.0,0.071,0.032,0.0,0.072,,,,,,,,,,,1.0,,,,1.0,
Cuba,CUB,155.0,1983.0,40.0,0.071,0.032,0.0,0.072,,,,,,,,,,,1.0,,,,1.0,
Cuba,CUB,155.0,1984.0,40.0,0.071,0.032,0.0,0.072,,,,,,,,,,,1.0,,,,1.0,
Cuba,CUB,155.0,1985.0,40.0,0.071,0.032,0.0,0.072,,,,,,,,,,,1.0,,,,1.0,
Cuba,CUB,155.0,1986.0,40.0,0.071,0.033,0.0,0.072,,,,,,,,,,,1.0,,,,1.0,
Cuba,CUB,155.0,1987.0,40.0,0.071,0.033,0.0,0.072,,,,,,,,,,,1.0,,,,1.0,
Cuba,CUB,155.0,1988.0,40.0,0.071,0.033,0.0,0.072,,,,,,,,,,,1.0,,,,1.0,
Cuba,CUB,155.0,1989.0,40.0,0.071,0.033,0.0,0.072,,,,,,,,,,,1.0,,,,1.0,
Cuba,CUB,155.0,1990.0,40.0,0.071,0.033,0.0,0.07,,,,,,,,,,,1.0,,,,1.0,
Cuba,CUB,155.0,1991.0,40.0,0.071,0.033,0.0,0.07,,,,,,,,,,,1.0,,,,1.0,
Cuba,CUB,155.0,1992.0,40.0,0.071,0.034,0.0,0.07,,,,,,,,,,,1.0,,,,1.0,
Cuba,CUB,155.0,1993.0,40.0,0.103,0.037,0.0,0.07,0.0,0.0,1.0,0.0,0.0,0.0,0.0,0.0,0.0,90.69,1.0,100.0,,,1.0,
Cuba,CUB,155.0,1994.0,40.0,0.108,0.037,0.0,0.07,,,,,,,,,,,1.0,,,,1.0,
Cuba,CUB,155.0,1995.0,40.0,0.108,0.037,0.0,0.07,,,,,,,,,,,1.0,,,,1.0,
Cuba,CUB,155.0,1996.0,40.0,0.108,0.038,0.0,0.07,,,,,,,,,,,1.0,,,,1.0,
Cuba,CUB,155.0,1997.0,40.0,0.108,0.038,0.0,0.07,,,,,,,,,,,1.0,,,,1.0,
Cuba,CUB,155.0,1998.0,40.0,0.113,0.039,0.0,0.07,0.0,0.0,1.0,0.0,0.0,0.0,0.0,0.0,0.0,89.86,1.0,100.0,,,1.0,
Cuba,CUB,155.0,1999.0,40.0,0.113,0.04,0.0,0.07,,,,,,,,,,,1.0,,,,1.0,
Cuba,CUB,155.0,2000.0,40.0,0.113,0.04,0.0,0.07,,,,,,,,,,,1.0,,,,1.0,
Cuba,CUB,155.0,2001.0,40.0,0.113,0.041,0.0,0.07,,,,,,,,,,,1.0,,,,1.0,
Cuba,CUB,155.0,2002.0,40.0,0.113,0.041,0.0,0.07,,,,,,,,,,,1.0,,,,1.0,
Cuba,CUB,155.0,2003.0,40.0,0.114,0.04,0.0,0.07,0.0,0.0,1.0,0.0,0.0,0.0,0.0,0.0,0.0,90.99,1.0,100.0,,,1.0,
Cuba,CUB,155.0,2004.0,40.0,0.114,0.04,0.0,0.07,,,,,,,,,,,1.0,,,,1.0,
Cuba,CUB,155.0,2005.0,40.0,0.113,0.041,0.0,0.07,,,,,,,,,,,1.0,,,,1.0,
Cuba,CUB,155.0,2006.0,40.0,0.113,0.041,0.0,0.07,,,,,,,,,,,1.0,,,,1.0,
Cuba,CUB,155.0,2007.0,40.0,0.113,0.041,0.0,0.07,,,,,,,,,,,1.0,,,,1.0,
Cuba,CUB,155.0,2008.0,40.0,0.105,0.039,0.0,0.07,0.0,0.0,1.0,0.0,0.0,0.0,0.0,0.0,0.0,92.24,1.0,100.0,,,1.0,
Cuba,CUB,155.0,2009.0,40.0,0.167,0.05,0.0,0.074,,,,,,,,,,,1.0,,,,1.0,
Cuba,CUB,155.0,2010.0,40.0,0.167,0.05,0.0,0.074,,,,,,,,,,,1.0,,,,1.0,
Cuba,CUB,155.0,2011.0,40.0,0.167,0.051,0.0,0.074,,,,,,,,,,,1.0,,,,1.0,
Cuba,CUB,155.0,2012.0,40.0,0.167,0.052,0.0,0.074,,,,,,,,,,,1.0,,,,1.0,
Cuba,CUB,155.0,2013.0,40.0,0.168,0.057,0.0,0.068,0.0,0.0,1.0,0.0,0.0,0.0,0.0,0.0,0.0,88.75,1.0,100.0,,,1.0,
Cuba,CUB,155.0,2014.0,40.0,0.168,0.057,0.0,0.068,,,,,,,,,,,1.0,,,,1.0,
Cuba,CUB,155.0,2015.0,40.0,0.168,0.057,0.0,0.068,,,,,,,,,,,1.0,,,,1.0,
Cuba,CUB,155.0,2016.0,40.0,0.169,0.055,0.0,0.068,,,,,,,,,,,1.0,,,,1.0,
Cuba,CUB,155.0,2017.0,40.0,0.168,0.058,0.0,0.068,,,,,,,,,,,1.0,,,,1.0,
Cuba,CUB,155.0,2018.0,40.0,0.177,0.061,0.0,0.1,1.0,1.0,1.0,0.0,0.0,0.0,0.0,0.0,0.0,80.82,1.0,100.0,,,1.0,
Cuba,CUB,155.0,2019.0,40.0,0.181,0.062,0.0,0.1,,,,,,,,,,,1.0,,,,1.0,0.0
Cuba,CUB,155.0,2020.0,40.0,0.178,0.06,0.0,0.093,,,,,,,,,,,1.0,,,,1.0,0.0
Cuba,CUB,155.0,2021.0,40.0,0.178,0.056,0.0,0.084,,,,,,,,,,,1.0,,,,1.0,0.0
Cuba,CUB,155.0,2022.0,40.0,0.178,0.056,0.0,0.084,,,,,,,,,,,1.0,,,,1.0,0.0
Cuba,CUB,155.0,2023.0,40.0,0.175,0.055,0.0,0.084,0.0,0.0,1.0,0.0,0.0,0.0,0.0,0.0,0.0,67.98,1.0,100.0,,,1.0,0.0
Cuba,CUB,155.0,2024.0,40.0,0.178,0.056,0.0,0.084,,,,,,,,,,,1.0,,,,1.0,0.0
Cuba,CUB,155.0,2025.0,40.0,0.176,0.057,0.0,0.095,,,,,,,,,,,1.0,,,,1.0,0.0
Cyprus,CYP,156.0,1980.0,352.0,0.597,0.476,2.0,0.786,,,,,,,,,,,0.0,,,,1.0,
Cyprus,CYP,156.0,1981.0,352.0,0.634,0.503,2.0,0.786,0.0,0.0,1.0,0.0,0.0,0.0,0.0,0.0,0.0,72.85,0.0,34.29,,,1.0,
Cyprus,CYP,156.0,1982.0,352.0,0.661,0.525,2.0,0.786,,,,,,,,,,,0.0,,,,1.0,
Cyprus,CYP,156.0,1983.0,352.0,0.691,0.548,2.0,0.786,0.0,0.0,0.0,0.0,0.0,0.0,0.0,0.0,1.0,,0.0,,56.5,33.9,1.0,
Cyprus,CYP,156.0,1984.0,352.0,0.695,0.552,2.0,0.786,,,,,,,,,,,0.0,,,,1.0,
Cyprus,CYP,156.0,1985.0,352.0,0.695,0.553,2.0,0.786,0.0,0.0,1.0,0.0,0.0,0.0,0.0,0.0,0.0,77.95,0.0,33.93,,,1.0,
Cyprus,CYP,156.0,1986.0,352.0,0.697,0.556,2.0,0.786,,,,,,,,,,,0.0,,,,1.0,
Cyprus,CYP,156.0,1987.0,352.0,0.697,0.556,2.0,0.786,,,,,,,,,,,0.0,,,,1.0,
Cyprus,CYP,156.0,1988.0,352.0,0.707,0.564,2.0,0.786,2.0,2.0,0.0,0.0,0.0,0.0,0.0,0.0,1.0,,0.0,,30.1,33.3,1.0,
Cyprus,CYP,156.0,1989.0,352.0,0.721,0.577,2.0,0.786,,,,,,,,,,,0.0,,,,1.0,
Cyprus,CYP,156.0,1990.0,352.0,0.752,0.608,2.0,0.786,,,,,,,,,,,0.0,,,,1.0,
Cyprus,CYP,156.0,1991.0,352.0,0.764,0.624,2.0,0.804,0.0,0.0,1.0,0.0,0.0,0.0,0.0,0.0,0.0,78.63,0.0,35.71,,,1.0,
Cyprus,CYP,156.0,1992.0,352.0,0.773,0.632,2.0,0.804,,,,,,,,,,,0.0,,,,1.0,
Cyprus,CYP,156.0,1993.0,352.0,0.774,0.633,2.0,0.804,2.0,2.0,0.0,0.0,0.0,0.0,0.0,0.0,1.0,78.74,0.0,,36.7,44.2,1.0,
Cyprus,CYP,156.0,1994.0,352.0,0.774,0.635,2.0,0.804,,,,,,,,,,,0.0,,,,1.0,
Cyprus,CYP,156.0,1995.0,352.0,0.774,0.634,2.0,0.804,,,,,,,,,,,0.0,,,,1.0,
Cyprus,CYP,156.0,1996.0,352.0,0.776,0.635,2.0,0.804,0.0,0.0,1.0,0.0,0.0,0.0,0.0,0.0,0.0,75.9,0.0,35.71,,,1.0,
Cyprus,CYP,156.0,1997.0,352.0,0.778,0.636,2.0,0.804,,,,,,,,,,,0.0,,,,1.0,
Cyprus,CYP,156.0,1998.0,352.0,0.765,0.629,2.0,0.829,0.0,0.0,0.0,0.0,0.0,0.0,0.0,0.0,1.0,85.59,0.0,,40.1,40.6,1.0,
Cyprus,CYP,156.0,1999.0,352.0,0.765,0.632,2.0,0.829,,,,,,,,,,,0.0,,,,1.0,
Cyprus,CYP,156.0,2000.0,352.0,0.795,0.668,2.0,0.829,,,,,,,,,,,0.0,,,,1.0,
Cyprus,CYP,156.0,2001.0,352.0,0.805,0.678,2.0,0.829,0.0,0.0,1.0,0.0,0.0,0.0,0.0,0.0,0.0,67.68,0.0,35.71,,,1.0,
Cyprus,CYP,156.0,2002.0,352.0,0.81,0.684,2.0,0.833,,,,,,,,,,,0.0,,,,1.0,
Cyprus,CYP,156.0,2003.0,352.0,0.805,0.668,2.0,0.774,2.0,2.0,0.0,0.0,0.0,0.0,0.0,0.0,1.0,78.31,0.0,,51.5,38.8,1.0,
Cyprus,CYP,156.0,2004.0,352.0,0.826,0.704,3.0,0.774,,,,,,,,,,,0.0,,,,1.0,
Cyprus,CYP,156.0,2005.0,352.0,0.825,0.704,3.0,0.774,,,,,,,,,,,0.0,,,,1.0,
Cyprus,CYP,156.0,2006.0,352.0,0.834,0.713,3.0,0.761,0.0,0.0,1.0,0.0,0.0,0.0,0.0,0.0,0.0,60.35,0.0,32.14,,,1.0,
Cyprus,CYP,156.0,2007.0,352.0,0.837,0.724,3.0,0.802,,,,,,,,,,,0.0,,,,1.0,
Cyprus,CYP,156.0,2008.0,352.0,0.836,0.723,3.0,0.802,2.0,2.0,0.0,0.0,0.0,0.0,0.0,0.0,1.0,78.84,0.0,,33.29,33.51,1.0,
Cyprus,CYP,156.0,2009.0,352.0,0.836,0.722,3.0,0.786,,,,,,,,,,,0.0,,,,1.0,
Cyprus,CYP,156.0,2010.0,352.0,0.845,0.734,3.0,0.786,,,,,,,,,,,0.0,,,,1.0,
Cyprus,CYP,156.0,2011.0,352.0,0.845,0.734,3.0,0.786,0.0,0.0,1.0,0.0,0.0,0.0,0.0,0.0,0.0,47.21,0.0,35.71,,,1.0,
Cyprus,CYP,156.0,2012.0,352.0,0.845,0.733,3.0,0.786,,,,,,,,,,,0.0,,,,1.0,
Cyprus,CYP,156.0,2013.0,352.0,0.847,0.732,3.0,0.774,2.0,2.0,0.0,0.0,0.0,0.0,0.0,0.0,1.0,50.51,0.0,,45.56,26.9,1.0,
Cyprus,CYP,156.0,2014.0,352.0,0.846,0.733,3.0,0.785,,,,,,,,,,,0.0,,,,1.0,
Cyprus,CYP,156.0,2015.0,352.0,0.851,0.737,3.0,0.785,,,,,,,,,,,0.0,,,,1.0,
Cyprus,CYP,156.0,2016.0,352.0,0.851,0.739,3.0,0.785,0.0,0.0,1.0,0.0,0.0,0.0,0.0,0.0,0.0,39.13,0.0,32.14,,,1.0,
Cyprus,CYP,156.0,2017.0,352.0,0.84,0.731,3.0,0.811,,,,,,,,,,,0.0,,,,1.0,
Cyprus,CYP,156.0,2018.0,352.0,0.836,0.722,3.0,0.811,0.0,0.0,0.0,0.0,0.0,0.0,0.0,0.0,1.0,40.54,0.0,,35.51,30.24,1.0,
Cyprus,CYP,156.0,2019.0,352.0,0.84,0.71,3.0,0.754,,,,,,,,,,,0.0,,,,1.0,
Cyprus,CYP,156.0,2020.0,352.0,0.807,0.691,3.0,0.818,,,,,,,,,,,0.0,,,,1.0,
Cyprus,CYP,156.0,2021.0,352.0,0.795,0.653,3.0,0.747,0.0,0.0,1.0,0.0,0.0,0.0,0.0,0.0,0.0,35.17,0.0,30.36,,,1.0,
Cyprus,CYP,156.0,2022.0,352.0,0.779,0.645,3.0,0.747,,,,,,,,,,,0.0,,,,1.0,
Cyprus,CYP,156.0,2023.0,352.0,0.777,0.643,3.0,0.747,2.0,2.0,0.0,0.0,0.0,0.0,0.0,0.0,1.0,38.21,0.0,,32.04,29.59,1.0,
Cyprus,CYP,156.0,2024.0,352.0,0.777,0.653,3.0,0.77,,,,,,,,,,,0.0,,,,1.0,
Cyprus,CYP,156.0,2025.0,352.0,0.773,0.664,3.0,0.817,,,,,,,,,,,0.0,,,,1.0,
Czechia,CZE,157.0,1980.0,315.0,0.195,0.056,0.0,0.08,,,,,,,,,,,1.0,,,,1.0,
Czechia,CZE,157.0,1981.0,315.0,0.195,0.057,0.0,0.084,0.0,0.0,1.0,0.0,0.0,0.0,0.0,0.0,0.0,,1.0,100.0,,,1.0,
Czechia,CZE,157.0,1982.0,315.0,0.195,0.057,0.0,0.084,,,,,,,,,,,1.0,,,,1.0,
Czechia,CZE,157.0,1983.0,315.0,0.195,0.057,0.0,0.084,,,,,,,,,,,1.0,,,,1.0,
Czechia,CZE,157.0,1984.0,315.0,0.195,0.057,0.0,0.084,,,,,,,,,,,1.0,,,,1.0,
Czechia,CZE,157.0,1985.0,315.0,0.195,0.058,0.0,0.084,,,,,,,,,,,1.0,,,,1.0,
Czechia,CZE,157.0,1986.0,315.0,0.197,0.058,0.0,0.084,0.0,0.0,1.0,0.0,0.0,0.0,0.0,0.0,0.0,,1.0,100.0,,,1.0,
Czechia,CZE,157.0,1987.0,315.0,0.197,0.058,0.0,0.084,,,,,,,,,,,1.0,,,,0.0,0.0
Czechia,CZE,157.0,1988.0,315.0,0.136,0.047,0.0,0.084,,,,,,,,,,,1.0,,,,0.0,0.0
Czechia,CZE,157.0,1989.0,315.0,0.146,0.056,0.0,0.086,,,,,,,,,,,1.0,,,,0.0,0.0
Czechia,CZE,157.0,1990.0,315.0,0.794,0.71,3.0,0.868,0.0,0.0,1.0,0.0,0.0,0.0,0.0,0.0,0.0,93.06,1.0,45.33,,,0.0,0.0
Czechia,CZE,157.0,1991.0,315.0,0.883,0.796,3.0,0.873,,,,,,,,,,,1.0,,,,0.0,0.0
Czechia,CZE,157.0,1992.0,315.0,0.884,0.805,3.0,0.907,0.0,0.0,1.0,0.0,0.0,0.0,0.0,0.0,0.0,83.76,1.0,38.0,,,0.0,0.0
Czechia,CZE,157.0,1993.0,316.0,0.895,0.819,3.0,0.917,,,,,,,,,,,1.0,,,,0.0,0.0
Czechia,CZE,157.0,1994.0,316.0,0.895,0.819,3.0,0.917,,,,,,,,,,,1.0,,,,0.0,0.0
Czechia,CZE,157.0,1995.0,316.0,0.895,0.819,3.0,0.917,,,,,,,,,,,1.0,,,,0.0,0.0
Czechia,CZE,157.0,1996.0,316.0,0.892,0.817,3.0,0.917,0.0,0.0,1.0,0.0,0.0,0.0,0.0,0.0,0.0,77.57,1.0,34.0,,,0.0,0.0
Czechia,CZE,157.0,1997.0,316.0,0.891,0.816,3.0,0.917,,,,,,,,,,,1.0,,,,0.0,0.0
Czechia,CZE,157.0,1998.0,316.0,0.884,0.808,3.0,0.917,0.0,0.0,1.0,0.0,0.0,0.0,0.0,0.0,0.0,76.73,1.0,37.0,,,0.0,0.0
Czechia,CZE,157.0,1999.0,316.0,0.878,0.801,3.0,0.917,,,,,,,,,,,1.0,,,,0.0,0.0
Czechia,CZE,157.0,2000.0,316.0,0.878,0.801,3.0,0.92,,,,,,,,,,,1.0,,,,0.0,0.0
Czechia,CZE,157.0,2001.0,316.0,0.878,0.801,3.0,0.92,,,,,,,,,,,1.0,,,,0.0,0.0
Czechia,CZE,157.0,2002.0,316.0,0.884,0.808,3.0,0.92,0.0,0.0,1.0,0.0,0.0,0.0,0.0,0.0,0.0,59.03,1.0,35.0,,,0.0,0.0
Czechia,CZE,157.0,2003.0,316.0,0.891,0.814,3.0,0.92,,,,,,,,,,,1.0,,,,0.0,0.0
Czechia,CZE,157.0,2004.0,316.0,0.892,0.815,3.0,0.92,,,,,,,,,,,1.0,,,,0.0,0.0
Czechia,CZE,157.0,2005.0,316.0,0.892,0.816,3.0,0.92,,,,,,,,,,,1.0,,,,0.0,0.0
Czechia,CZE,157.0,2006.0,316.0,0.896,0.821,3.0,0.92,2.0,0.0,1.0,0.0,0.0,0.0,0.0,0.0,0.0,65.12,1.0,40.5,,,0.0,0.0
Czechia,CZE,157.0,2007.0,316.0,0.897,0.824,3.0,0.917,,,,,,,,,,,1.0,,,,0.0,0.0
Czechia,CZE,157.0,2008.0,316.0,0.897,0.821,3.0,0.899,,,,,,,,,,,1.0,,,,0.0,0.0
Czechia,CZE,157.0,2009.0,316.0,0.888,0.813,3.0,0.905,,,,,,,,,,,1.0,,,,0.0,0.0
Czechia,CZE,157.0,2010.0,316.0,0.883,0.805,3.0,0.914,2.0,0.0,1.0,0.0,0.0,0.0,0.0,0.0,0.0,62.22,1.0,28.0,,,0.0,0.0
Czechia,CZE,157.0,2011.0,316.0,0.891,0.808,3.0,0.888,,,,,,,,,,,1.0,,,,0.0,0.0
Czechia,CZE,157.0,2012.0,316.0,0.891,0.814,3.0,0.892,,,,,,,,,,,1.0,,,,0.0,0.0
Czechia,CZE,157.0,2013.0,316.0,0.863,0.779,3.0,0.861,2.0,2.0,1.0,0.0,0.0,0.0,0.0,0.0,1.0,61.23,1.0,25.0,24.22,23.41,0.0,0.0
Czechia,CZE,157.0,2014.0,316.0,0.852,0.766,3.0,0.87,,,,,,,,,,,1.0,,,,0.0,0.0
Czechia,CZE,157.0,2015.0,316.0,0.852,0.766,3.0,0.87,,,,,,,,,,,1.0,,,,0.0,0.0
Czechia,CZE,157.0,2016.0,316.0,0.852,0.763,3.0,0.87,,,,,,,,,,,1.0,,,,0.0,0.0
Czechia,CZE,157.0,2017.0,316.0,0.833,0.726,3.0,0.829,2.0,0.0,1.0,0.0,0.0,0.0,0.0,0.0,0.0,58.06,1.0,39.0,,,0.0,0.0
Czechia,CZE,157.0,2018.0,316.0,0.81,0.708,3.0,0.833,0.0,0.0,0.0,0.0,0.0,0.0,0.0,0.0,1.0,63.44,1.0,,38.56,26.6,0.0,0.0
Czechia,CZE,157.0,2019.0,316.0,0.8,0.699,3.0,0.847,,,,,,,,,,,1.0,,,,0.0,0.0
Czechia,CZE,157.0,2020.0,316.0,0.806,0.709,2.0,0.865,,,,,,,,,,,1.0,,,,0.0,0.0
Czechia,CZE,157.0,2021.0,316.0,0.789,0.698,2.0,0.915,2.0,0.0,1.0,0.0,0.0,0.0,0.0,0.0,0.0,61.66,1.0,36.0,,,0.0,0.0
Czechia,CZE,157.0,2022.0,316.0,0.854,0.784,3.0,0.94,,,,,,,,,,,1.0,,,,0.0,0.0
Czechia,CZE,157.0,2023.0,316.0,0.863,0.796,3.0,0.949,0.0,2.0,0.0,0.0,0.0,0.0,0.0,0.0,1.0,65.86,1.0,,35.4,34.99,0.0,0.0
Czechia,CZE,157.0,2024.0,316.0,0.865,0.811,3.0,0.935,,,,,,,,,,,1.0,,,,0.0,0.0
Czechia,CZE,157.0,2025.0,316.0,0.849,0.794,3.0,0.929,2.0,0.0,1.0,0.0,0.0,0.0,0.0,0.0,0.0,64.74,1.0,40.0,,,0.0,0.0
Denmark,DNK,158.0,1980.0,390.0,0.907,0.88,3.0,0.982,,,,,,,,,,,1.0,,,,0.0,0.0
Denmark,DNK,158.0,1981.0,390.0,0.907,0.88,3.0,0.982,0.0,0.0,1.0,0.0,0.0,0.0,0.0,0.0,0.0,86.28,1.0,33.71,,,0.0,0.0
Denmark,DNK,158.0,1982.0,390.0,0.909,0.881,3.0,0.982,,,,,,,,,,,1.0,,,,0.0,0.0
Denmark,DNK,158.0,1983.0,390.0,0.909,0.881,3.0,0.982,,,,,,,,,,,1.0,,,,0.0,0.0
Denmark,DNK,158.0,1984.0,390.0,0.906,0.878,3.0,0.982,0.0,0.0,1.0,0.0,0.0,0.0,0.0,0.0,0.0,86.04,1.0,32.0,,,0.0,0.0
Denmark,DNK,158.0,1985.0,390.0,0.906,0.878,3.0,0.982,,,,,,,,,,,1.0,,,,0.0,0.0
Denmark,DNK,158.0,1986.0,390.0,0.906,0.878,3.0,0.982,,,,,,,,,,,1.0,,,,0.0,0.0
Denmark,DNK,158.0,1987.0,390.0,0.907,0.879,3.0,0.982,0.0,0.0,1.0,0.0,0.0,0.0,0.0,0.0,0.0,85.85,1.0,30.86,,,0.0,0.0
Denmark,DNK,158.0,1988.0,390.0,0.908,0.88,3.0,0.982,0.0,0.0,1.0,0.0,0.0,0.0,0.0,0.0,0.0,82.73,1.0,31.43,,,0.0,0.0
Denmark,DNK,158.0,1989.0,390.0,0.908,0.88,3.0,0.982,,,,,,,,,,,1.0,,,,0.0,0.0
Denmark,DNK,158.0,1990.0,390.0,0.908,0.88,3.0,0.982,0.0,0.0,1.0,0.0,0.0,0.0,0.0,0.0,0.0,80.42,1.0,39.43,,,0.0,0.0
Denmark,DNK,158.0,1991.0,390.0,0.909,0.881,3.0,0.982,,,,,,,,,,,1.0,,,,0.0,0.0
Denmark,DNK,158.0,1992.0,390.0,0.909,0.881,3.0,0.982,,,,,,,,,,,1.0,,,,0.0,0.0
Denmark,DNK,158.0,1993.0,390.0,0.909,0.881,3.0,0.982,,,,,,,,,,,1.0,,,,0.0,0.0
Denmark,DNK,158.0,1994.0,390.0,0.909,0.881,3.0,0.982,0.0,0.0,1.0,0.0,0.0,0.0,0.0,0.0,0.0,81.73,1.0,35.43,,,0.0,0.0
Denmark,DNK,158.0,1995.0,390.0,0.908,0.88,3.0,0.982,,,,,,,,,,,1.0,,,,0.0,0.0
Denmark,DNK,158.0,1996.0,390.0,0.908,0.88,3.0,0.982,,,,,,,,,,,1.0,,,,0.0,0.0
Denmark,DNK,158.0,1997.0,390.0,0.908,0.88,3.0,0.982,,,,,,,,,,,1.0,,,,0.0,0.0
Denmark,DNK,158.0,1998.0,390.0,0.906,0.879,3.0,0.982,0.0,0.0,1.0,0.0,0.0,0.0,0.0,0.0,0.0,83.13,1.0,36.0,,,0.0,0.0
Denmark,DNK,158.0,1999.0,390.0,0.906,0.878,3.0,0.982,,,,,,,,,,,1.0,,,,0.0,0.0
Denmark,DNK,158.0,2000.0,390.0,0.906,0.878,3.0,0.982,,,,,,,,,,,1.0,,,,0.0,0.0
Denmark,DNK,158.0,2001.0,390.0,0.906,0.879,3.0,0.982,2.0,0.0,1.0,0.0,0.0,0.0,0.0,0.0,0.0,84.34,1.0,32.0,,,0.0,0.0
Denmark,DNK,158.0,2002.0,390.0,0.908,0.88,3.0,0.982,,,,,,,,,,,1.0,,,,0.0,0.0
Denmark,DNK,158.0,2003.0,390.0,0.908,0.88,3.0,0.982,,,,,,,,,,,1.0,,,,0.0,0.0
Denmark,DNK,158.0,2004.0,390.0,0.908,0.88,3.0,0.982,,,,,,,,,,,1.0,,,,0.0,0.0
Denmark,DNK,158.0,2005.0,390.0,0.92,0.895,3.0,0.982,0.0,0.0,1.0,0.0,0.0,0.0,0.0,0.0,0.0,81.34,1.0,29.71,,,0.0,0.0
Denmark,DNK,158.0,2006.0,390.0,0.922,0.896,3.0,0.982,,,,,,,,,,,1.0,,,,0.0,0.0
Denmark,DNK,158.0,2007.0,390.0,0.922,0.896,3.0,0.982,0.0,0.0,1.0,0.0,0.0,0.0,0.0,0.0,0.0,83.2,1.0,26.29,,,0.0,0.0
Denmark,DNK,158.0,2008.0,390.0,0.921,0.895,3.0,0.982,,,,,,,,,,,1.0,,,,0.0,0.0
Denmark,DNK,158.0,2009.0,390.0,0.921,0.895,3.0,0.982,,,,,,,,,,,1.0,,,,0.0,0.0
Denmark,DNK,158.0,2010.0,390.0,0.921,0.895,3.0,0.982,,,,,,,,,,,1.0,,,,0.0,0.0
Denmark,DNK,158.0,2011.0,390.0,0.921,0.894,3.0,0.982,2.0,0.0,1.0,0.0,0.0,0.0,0.0,0.0,0.0,81.83,1.0,26.86,,,0.0,1.0
Denmark,DNK,158.0,2012.0,390.0,0.921,0.895,3.0,0.982,,,,,,,,,,,1.0,,,,0.0,1.0
Denmark,DNK,158.0,2013.0,390.0,0.921,0.895,3.0,0.982,,,,,,,,,,,1.0,,,,0.0,1.0
Denmark,DNK,158.0,2014.0,390.0,0.921,0.895,3.0,0.982,,,,,,,,,,,1.0,,,,0.0,1.0
Denmark,DNK,158.0,2015.0,390.0,0.921,0.894,3.0,0.982,2.0,0.0,1.0,0.0,0.0,0.0,0.0,0.0,0.0,80.34,1.0,26.86,,,0.0,0.0
Denmark,DNK,158.0,2016.0,390.0,0.918,0.892,3.0,0.982,,,,,,,,,,,1.0,,,,0.0,0.0
Denmark,DNK,158.0,2017.0,390.0,0.918,0.891,3.0,0.982,,,,,,,,,,,1.0,,,,0.0,0.0
Denmark,DNK,158.0,2018.0,390.0,0.918,0.89,3.0,0.982,,,,,,,,,,,1.0,,,,0.0,0.0
Denmark,DNK,158.0,2019.0,390.0,0.916,0.886,3.0,0.982,2.0,0.0,1.0,0.0,0.0,0.0,0.0,0.0,0.0,76.38,1.0,27.43,,,0.0,1.0
Denmark,DNK,158.0,2020.0,390.0,0.915,0.882,3.0,0.982,,,,,,,,,,,1.0,,,,0.0,1.0
Denmark,DNK,158.0,2021.0,390.0,0.915,0.882,3.0,0.982,,,,,,,,,,,1.0,,,,0.0,1.0
Denmark,DNK,158.0,2022.0,390.0,0.915,0.887,3.0,0.982,0.0,0.0,1.0,0.0,0.0,0.0,0.0,0.0,0.0,75.65,1.0,28.57,,,0.0,1.0
Denmark,DNK,158.0,2023.0,390.0,0.917,0.884,3.0,0.962,,,,,,,,,,,1.0,,,,0.0,1.0
Denmark,DNK,158.0,2024.0,390.0,0.917,0.885,3.0,0.968,,,,,,,,,,,1.0,,,,0.0,1.0
Denmark,DNK,158.0,2025.0,390.0,0.913,0.884,3.0,0.977,,,,,,,,,,,1.0,,,,0.0,1.0
Equatorial Guinea,GNQ,160.0,1980.0,411.0,0.031,0.021,0.0,0.151,,,,,,,,,,,1.0,,,,1.0,
Equatorial Guinea,GNQ,160.0,1981.0,411.0,0.031,0.022,0.0,0.151,,,,,,,,,,,1.0,,,,1.0,
Equatorial Guinea,GNQ,160.0,1982.0,411.0,0.102,0.028,0.0,0.151,,,0.0,0.0,0.0,0.0,0.0,0.0,1.0,,1.0,,40.1,34.8,1.0,
Equatorial Guinea,GNQ,160.0,1983.0,411.0,0.135,0.038,0.0,0.151,,,,,,,,,,,1.0,,,,1.0,
Equatorial Guinea,GNQ,160.0,1984.0,411.0,0.146,0.045,0.0,0.104,,,,,,,,,,,1.0,,,,1.0,
Equatorial Guinea,GNQ,160.0,1985.0,411.0,0.146,0.045,0.0,0.104,,,,,,,,,,,1.0,,,,1.0,
Equatorial Guinea,GNQ,160.0,1986.0,411.0,0.146,0.045,0.0,0.104,,,,,,,,,,,1.0,,,,1.0,
Equatorial Guinea,GNQ,160.0,1987.0,411.0,0.146,0.044,0.0,0.104,,,,,,,,,,,1.0,,,,1.0,
Equatorial Guinea,GNQ,160.0,1988.0,411.0,0.162,0.046,0.0,0.104,0.0,0.0,1.0,0.0,0.0,0.0,0.0,0.0,0.0,,1.0,100.0,,,1.0,
Equatorial Guinea,GNQ,160.0,1989.0,411.0,0.163,0.046,0.0,0.104,0.0,0.0,0.0,0.0,0.0,0.0,0.0,0.0,1.0,,1.0,,100.0,0.0,1.0,
Equatorial Guinea,GNQ,160.0,1990.0,411.0,0.162,0.049,0.0,0.104,,,,,,,,,,,1.0,,,,1.0,
Equatorial Guinea,GNQ,160.0,1991.0,411.0,0.162,0.049,0.0,0.104,,,,,,,,,,,1.0,,,,1.0,
Equatorial Guinea,GNQ,160.0,1992.0,411.0,0.162,0.048,0.0,0.104,,,,,,,,,,,1.0,,,,1.0,
Equatorial Guinea,GNQ,160.0,1993.0,411.0,0.171,0.051,0.0,0.104,0.0,0.0,1.0,0.0,0.0,0.0,0.0,0.0,0.0,,1.0,85.0,,,1.0,
Equatorial Guinea,GNQ,160.0,1994.0,411.0,0.176,0.052,0.0,0.104,,,,,,,,,,,1.0,,,,1.0,
Equatorial Guinea,GNQ,160.0,1995.0,411.0,0.181,0.052,0.0,0.104,,,,,,,,,,,1.0,,,,1.0,
Equatorial Guinea,GNQ,160.0,1996.0,411.0,0.182,0.052,1.0,0.104,0.0,0.0,0.0,0.0,0.0,0.0,0.0,0.0,1.0,,1.0,,97.8,0.7,1.0,
Equatorial Guinea,GNQ,160.0,1997.0,411.0,0.18,0.051,1.0,0.104,,,,,,,,,,,1.0,,,,1.0,
Equatorial Guinea,GNQ,160.0,1998.0,411.0,0.18,0.051,1.0,0.104,,,,,,,,,,,1.0,,,,1.0,
Equatorial Guinea,GNQ,160.0,1999.0,411.0,0.182,0.051,1.0,0.104,0.0,0.0,1.0,0.0,0.0,0.0,0.0,0.0,0.0,24.51,1.0,93.75,,,1.0,
Equatorial Guinea,GNQ,160.0,2000.0,411.0,0.186,0.052,1.0,0.104,,,,,,,,,,,1.0,,,,1.0,
Equatorial Guinea,GNQ,160.0,2001.0,411.0,0.186,0.052,1.0,0.104,,,,,,,,,,,1.0,,,,1.0,
Equatorial Guinea,GNQ,160.0,2002.0,411.0,0.186,0.053,1.0,0.104,0.0,0.0,0.0,0.0,0.0,0.0,0.0,0.0,1.0,78.94,1.0,,97.1,2.2,1.0,
Equatorial Guinea,GNQ,160.0,2003.0,411.0,0.185,0.053,1.0,0.104,,,,,,,,,,,1.0,,,,1.0,
Equatorial Guinea,GNQ,160.0,2004.0,411.0,0.184,0.053,1.0,0.104,0.0,0.0,1.0,0.0,0.0,0.0,0.0,0.0,0.0,74.58,1.0,68.0,,,1.0,
Equatorial Guinea,GNQ,160.0,2005.0,411.0,0.18,0.053,1.0,0.104,,,,,,,,,,,1.0,,,,1.0,
Equatorial Guinea,GNQ,160.0,2006.0,411.0,0.182,0.054,1.0,0.104,,,,,,,,,,,1.0,,,,1.0,
Equatorial Guinea,GNQ,160.0,2007.0,411.0,0.182,0.053,1.0,0.104,,,,,,,,,,,1.0,,,,1.0,
Equatorial Guinea,GNQ,160.0,2008.0,411.0,0.179,0.053,1.0,0.104,0.0,0.0,1.0,0.0,0.0,0.0,0.0,0.0,0.0,,1.0,89.0,,,1.0,
Equatorial Guinea,GNQ,160.0,2009.0,411.0,0.18,0.053,1.0,0.104,0.0,0.0,0.0,0.0,0.0,0.0,0.0,0.0,1.0,83.03,1.0,,95.36,3.55,1.0,
Equatorial Guinea,GNQ,160.0,2010.0,411.0,0.177,0.049,1.0,0.104,,,,,,,,,,,1.0,,,,1.0,
Equatorial Guinea,GNQ,160.0,2011.0,411.0,0.176,0.049,1.0,0.104,,,,,,,,,,,1.0,,,,1.0,
Equatorial Guinea,GNQ,160.0,2012.0,411.0,0.176,0.049,1.0,0.104,,,,,,,,,,,1.0,,,,1.0,
Equatorial Guinea,GNQ,160.0,2013.0,411.0,0.177,0.052,1.0,0.137,0.0,0.0,1.0,0.0,0.0,0.0,0.0,0.0,0.0,,1.0,99.0,,,1.0,
Equatorial Guinea,GNQ,160.0,2014.0,411.0,0.179,0.053,1.0,0.137,,,,,,,,,,,1.0,,,,1.0,
Equatorial Guinea,GNQ,160.0,2015.0,411.0,0.178,0.05,1.0,0.137,,,,,,,,,,,1.0,,,,1.0,
Equatorial Guinea,GNQ,160.0,2016.0,411.0,0.18,0.051,1.0,0.137,0.0,0.0,0.0,0.0,0.0,0.0,0.0,0.0,1.0,74.6,1.0,,93.53,1.57,1.0,
Equatorial Guinea,GNQ,160.0,2017.0,411.0,0.174,0.049,1.0,0.137,0.0,0.0,1.0,0.0,0.0,0.0,0.0,0.0,0.0,65.53,1.0,99.0,,,1.0,
Equatorial Guinea,GNQ,160.0,2018.0,411.0,0.177,0.052,1.0,0.137,,,,,,,,,,,1.0,,,,1.0,
Equatorial Guinea,GNQ,160.0,2019.0,411.0,0.178,0.051,1.0,0.137,,,,,,,,,,,1.0,,,,1.0,
Equatorial Guinea,GNQ,160.0,2020.0,411.0,0.175,0.051,1.0,0.132,,,,,,,,,,,1.0,,,,1.0,
Equatorial Guinea,GNQ,160.0,2021.0,411.0,0.172,0.051,1.0,0.144,,,,,,,,,,,1.0,,,,1.0,
Equatorial Guinea,GNQ,160.0,2022.0,411.0,0.173,0.049,1.0,0.144,0.0,0.0,1.0,0.0,0.0,0.0,0.0,0.0,1.0,43.0,1.0,100.0,97.0,0.68,1.0,
Equatorial Guinea,GNQ,160.0,2023.0,411.0,0.183,0.054,1.0,0.144,,,,,,,,,,,1.0,,,,1.0,
Equatorial Guinea,GNQ,160.0,2024.0,411.0,0.176,0.049,1.0,0.144,,,,,,,,,,,1.0,,,,1.0,
Equatorial Guinea,GNQ,160.0,2025.0,411.0,0.172,0.047,1.0,0.144,,,,,,,,,,,1.0,,,,1.0,
Estonia,EST,161.0,1990.0,366.0,0.797,0.681,2.0,0.796,2.0,0.0,1.0,0.0,0.0,0.0,0.0,0.0,0.0,78.28,1.0,40.95,,,0.0,0.0
Estonia,EST,161.0,1991.0,366.0,0.608,0.52,2.0,0.796,,,,,,,,,,,1.0,,,,0.0,0.0
Estonia,EST,161.0,1992.0,366.0,0.45,0.384,1.0,0.835,2.0,2.0,1.0,0.0,0.0,0.0,0.0,0.0,1.0,40.93,1.0,28.71,42.2,29.8,0.0,0.0
Estonia,EST,161.0,1993.0,366.0,0.881,0.809,2.0,0.918,,,,,,,,,,,1.0,,,,0.0,0.0
Estonia,EST,161.0,1994.0,366.0,0.869,0.797,2.0,0.924,,,,,,,,,,,1.0,,,,0.0,0.0
Estonia,EST,161.0,1995.0,366.0,0.869,0.802,2.0,0.924,2.0,0.0,1.0,0.0,0.0,0.0,0.0,0.0,0.0,48.84,1.0,40.59,,,0.0,0.0
Estonia,EST,161.0,1996.0,366.0,0.869,0.804,3.0,0.924,,,,,,,,,,,1.0,,,,0.0,0.0
Estonia,EST,161.0,1997.0,366.0,0.869,0.806,3.0,0.924,,,,,,,,,,,1.0,,,,0.0,0.0
Estonia,EST,161.0,1998.0,366.0,0.869,0.805,3.0,0.924,,,,,,,,,,,1.0,,,,0.0,0.0
Estonia,EST,161.0,1999.0,366.0,0.869,0.807,3.0,0.924,2.0,0.0,1.0,0.0,0.0,0.0,0.0,0.0,0.0,45.95,1.0,27.72,,,0.0,0.0
Estonia,EST,161.0,2000.0,366.0,0.869,0.808,3.0,0.924,,,,,,,,,,,1.0,,,,0.0,0.0
Estonia,EST,161.0,2001.0,366.0,0.869,0.808,3.0,0.924,,,,,,,,,,,1.0,,,,0.0,0.0
Estonia,EST,161.0,2002.0,366.0,0.871,0.811,3.0,0.924,,,,,,,,,,,1.0,,,,0.0,0.0
Estonia,EST,161.0,2003.0,366.0,0.868,0.808,3.0,0.924,2.0,0.0,1.0,0.0,0.0,0.0,0.0,0.0,0.0,48.12,1.0,27.72,,,0.0,0.0
Estonia,EST,161.0,2004.0,366.0,0.871,0.811,3.0,0.924,,,,,,,,,,,1.0,,,,0.0,0.0
Estonia,EST,161.0,2005.0,366.0,0.871,0.811,3.0,0.924,,,,,,,,,,,1.0,,,,0.0,0.0
Estonia,EST,161.0,2006.0,366.0,0.871,0.811,3.0,0.924,,,,,,,,,,,1.0,,,,0.0,0.0
Estonia,EST,161.0,2007.0,366.0,0.871,0.811,3.0,0.911,0.0,0.0,1.0,0.0,0.0,0.0,0.0,0.0,0.0,53.44,1.0,30.69,,,0.0,0.0
Estonia,EST,161.0,2008.0,366.0,0.871,0.811,3.0,0.911,,,,,,,,,,,1.0,,,,0.0,0.0
Estonia,EST,161.0,2009.0,366.0,0.874,0.814,3.0,0.911,,,,,,,,,,,1.0,,,,0.0,0.0
Estonia,EST,161.0,2010.0,366.0,0.88,0.829,3.0,0.952,,,,,,,,,,,1.0,,,,0.0,0.0
Estonia,EST,161.0,2011.0,366.0,0.883,0.832,3.0,0.952,0.0,0.0,1.0,0.0,0.0,0.0,0.0,0.0,0.0,55.45,1.0,32.67,,,0.0,0.0
Estonia,EST,161.0,2012.0,366.0,0.883,0.832,3.0,0.945,,,,,,,,,,,1.0,,,,0.0,0.0
Estonia,EST,161.0,2013.0,366.0,0.883,0.834,3.0,0.954,,,,,,,,,,,1.0,,,,0.0,0.0
Estonia,EST,161.0,2014.0,366.0,0.888,0.838,3.0,0.954,,,,,,,,,,,1.0,,,,0.0,0.0
Estonia,EST,161.0,2015.0,366.0,0.894,0.845,3.0,0.954,0.0,0.0,1.0,0.0,0.0,0.0,0.0,0.0,0.0,56.82,1.0,29.7,,,0.0,0.0
Estonia,EST,161.0,2016.0,366.0,0.907,0.859,3.0,0.954,,,,,,,,,,,1.0,,,,0.0,0.0
Estonia,EST,161.0,2017.0,366.0,0.907,0.861,3.0,0.96,,,,,,,,,,,1.0,,,,0.0,0.0
Estonia,EST,161.0,2018.0,366.0,0.906,0.863,3.0,0.97,,,,,,,,,,,0.0,,,,0.0,0.0
Estonia,EST,161.0,2019.0,366.0,0.898,0.848,3.0,0.962,0.0,0.0,1.0,0.0,0.0,0.0,0.0,0.0,0.0,56.45,0.0,33.66,,,0.0,0.0
Estonia,EST,161.0,2020.0,366.0,0.897,0.842,3.0,0.95,,,,,,,,,,,0.0,,,,0.0,0.0
Estonia,EST,161.0,2021.0,366.0,0.9,0.853,3.0,0.957,,,,,,,,,,,0.0,,,,0.0,1.0
Estonia,EST,161.0,2022.0,366.0,0.896,0.853,3.0,0.964,,,,,,,,,,,0.0,,,,0.0,1.0
Estonia,EST,161.0,2023.0,366.0,0.893,0.845,3.0,0.945,0.0,0.0,1.0,0.0,0.0,0.0,0.0,0.0,0.0,62.95,0.0,36.63,,,0.0,1.0
Estonia,EST,161.0,2024.0,366.0,0.893,0.848,3.0,0.955,,,,,,,,,,,0.0,,,,0.0,0.0
Estonia,EST,161.0,2025.0,366.0,0.887,0.837,3.0,0.932,,,,,,,,,,,0.0,,,,0.0,0.0
Fiji,FJI,162.0,1980.0,950.0,0.572,0.421,2.0,0.759,,,,,,,,,,,1.0,,,,0.0,0.0
Fiji,FJI,162.0,1981.0,950.0,0.572,0.421,2.0,0.759,,,,,,,,,,,1.0,,,,0.0,0.0
Fiji,FJI,162.0,1982.0,950.0,0.571,0.42,2.0,0.759,0.0,0.0,1.0,0.0,0.0,0.0,0.0,0.0,0.0,,1.0,53.85,,,0.0,0.0
Fiji,FJI,162.0,1983.0,950.0,0.569,0.419,2.0,0.759,,,,,,,,,,,1.0,,,,0.0,0.0
Fiji,FJI,162.0,1984.0,950.0,0.569,0.419,2.0,0.759,,,,,,,,,,,1.0,,,,0.0,0.0
Fiji,FJI,162.0,1985.0,950.0,0.569,0.419,2.0,0.759,,,,,,,,,,,1.0,,,,0.0,0.0
Fiji,FJI,162.0,1986.0,950.0,0.569,0.419,2.0,0.759,,,,,,,,,,,1.0,,,,0.0,0.0
Fiji,FJI,162.0,1987.0,950.0,0.327,0.178,0.0,0.09,2.0,0.0,1.0,0.0,0.0,0.0,0.0,0.0,0.0,,1.0,53.85,,,0.0,0.0
Fiji,FJI,162.0,1988.0,950.0,0.219,0.144,0.0,0.646,,,,,,,,,,,1.0,,,,0.0,0.0
Fiji,FJI,162.0,1989.0,950.0,0.219,0.144,0.0,0.646,,,,,,,,,,,1.0,,,,0.0,0.0
Fiji,FJI,162.0,1990.0,950.0,0.223,0.147,0.0,0.646,,,,,,,,,,,1.0,,,,0.0,0.0
Fiji,FJI,162.0,1991.0,950.0,0.224,0.148,0.0,0.646,,,,,,,,,,,1.0,,,,0.0,0.0
Fiji,FJI,162.0,1992.0,950.0,0.403,0.276,1.0,0.646,2.0,0.0,1.0,0.0,0.0,0.0,0.0,0.0,0.0,64.03,1.0,42.86,,,0.0,0.0
Fiji,FJI,162.0,1993.0,950.0,0.54,0.395,2.0,0.762,,,,,,,,,,,1.0,,,,0.0,0.0
Fiji,FJI,162.0,1994.0,950.0,0.525,0.383,2.0,0.762,0.0,0.0,1.0,0.0,0.0,0.0,0.0,0.0,0.0,55.69,1.0,45.71,,,0.0,0.0
Fiji,FJI,162.0,1995.0,950.0,0.522,0.381,2.0,0.762,,,,,,,,,,,1.0,,,,0.0,0.0
Fiji,FJI,162.0,1996.0,950.0,0.522,0.382,2.0,0.762,,,,,,,,,,,1.0,,,,0.0,0.0
Fiji,FJI,162.0,1997.0,950.0,0.543,0.404,2.0,0.762,,,,,,,,,,,1.0,,,,0.0,0.0
Fiji,FJI,162.0,1998.0,950.0,0.543,0.404,2.0,0.762,,,,,,,,,,,1.0,,,,0.0,0.0
Fiji,FJI,162.0,1999.0,950.0,0.542,0.403,2.0,0.762,2.0,0.0,1.0,0.0,0.0,0.0,0.0,0.0,0.0,74.84,1.0,52.11,,,0.0,0.0
Fiji,FJI,162.0,2000.0,950.0,0.344,0.208,0.0,0.227,,,,,,,,,,,1.0,,,,0.0,0.0
Fiji,FJI,162.0,2001.0,950.0,0.256,0.184,0.0,0.656,0.0,0.0,1.0,0.0,0.0,0.0,0.0,0.0,0.0,77.04,1.0,43.66,,,0.0,0.0
Fiji,FJI,162.0,2002.0,950.0,0.317,0.253,1.0,0.558,,,,,,,,,,,1.0,,,,0.0,0.0
Fiji,FJI,162.0,2003.0,950.0,0.53,0.371,2.0,0.558,,,,,,,,,,,1.0,,,,0.0,0.0
Fiji,FJI,162.0,2004.0,950.0,0.53,0.371,2.0,0.558,,,,,,,,,,,1.0,,,,0.0,0.0
Fiji,FJI,162.0,2005.0,950.0,0.53,0.371,2.0,0.558,,,,,,,,,,,1.0,,,,0.0,0.0
Fiji,FJI,162.0,2006.0,950.0,0.395,0.267,1.0,0.558,0.0,0.0,1.0,0.0,0.0,0.0,0.0,0.0,0.0,55.54,1.0,50.7,,,0.0,0.0
Fiji,FJI,162.0,2007.0,950.0,0.134,0.105,0.0,0.484,,,,,,,,,,,1.0,,,,0.0,0.0
Fiji,FJI,162.0,2008.0,950.0,0.131,0.105,0.0,0.484,,,,,,,,,,,1.0,,,,0.0,0.0
Fiji,FJI,162.0,2009.0,950.0,0.129,0.097,0.0,0.484,,,,,,,,,,,1.0,,,,0.0,0.0
Fiji,FJI,162.0,2010.0,950.0,0.131,0.105,0.0,0.057,,,,,,,,,,,1.0,,,,0.0,0.0
Fiji,FJI,162.0,2011.0,950.0,0.131,0.105,0.0,0.057,,,,,,,,,,,1.0,,,,0.0,0.0
Fiji,FJI,162.0,2012.0,950.0,0.135,0.106,0.0,0.057,,,,,,,,,,,1.0,,,,0.0,0.0
Fiji,FJI,162.0,2013.0,950.0,0.14,0.114,0.0,0.417,,,,,,,,,,,1.0,,,,0.0,0.0
Fiji,FJI,162.0,2014.0,950.0,0.196,0.145,1.0,0.407,0.0,0.0,1.0,0.0,0.0,0.0,0.0,0.0,0.0,66.7,1.0,64.0,,,0.0,0.0
Fiji,FJI,162.0,2015.0,950.0,0.385,0.27,1.0,0.527,,,,,,,,,,,1.0,,,,0.0,0.0
Fiji,FJI,162.0,2016.0,950.0,0.397,0.275,1.0,0.508,,,,,,,,,,,1.0,,,,0.0,0.0
Fiji,FJI,162.0,2017.0,950.0,0.4,0.283,1.0,0.55,,,,,,,,,,,1.0,,,,0.0,0.0
Fiji,FJI,162.0,2018.0,950.0,0.403,0.28,1.0,0.55,0.0,0.0,1.0,0.0,0.0,0.0,0.0,0.0,0.0,42.97,1.0,52.94,,,0.0,0.0
Fiji,FJI,162.0,2019.0,950.0,0.391,0.264,1.0,0.482,,,,,,,,,,,1.0,,,,0.0,0.0
Fiji,FJI,162.0,2020.0,950.0,0.411,0.276,1.0,0.47,,,,,,,,,,,1.0,,,,0.0,0.0
Fiji,FJI,162.0,2021.0,950.0,0.4,0.269,1.0,0.533,,,,,,,,,,,1.0,,,,0.0,0.0
Fiji,FJI,162.0,2022.0,950.0,0.398,0.263,1.0,0.516,2.0,0.0,1.0,0.0,0.0,0.0,0.0,0.0,0.0,72.49,1.0,47.27,,,0.0,0.0
Fiji,FJI,162.0,2023.0,950.0,0.509,0.411,2.0,0.731,,,,,,,,,,,1.0,,,,0.0,0.0
Fiji,FJI,162.0,2024.0,950.0,0.514,0.41,2.0,0.71,,,,,,,,,,,1.0,,,,0.0,0.0
Fiji,FJI,162.0,2025.0,950.0,0.507,0.398,2.0,0.71,,,,,,,,,,,1.0,,,,0.0,0.0
Finland,FIN,163.0,1980.0,375.0,0.818,0.769,3.0,0.963,,,,,,,,,,,1.0,,,,1.0,0.0
Finland,FIN,163.0,1981.0,375.0,0.822,0.773,3.0,0.963,,,,,,,,,,,1.0,,,,0.5,0.0
Finland,FIN,163.0,1982.0,375.0,0.837,0.787,3.0,0.963,0.0,2.0,0.0,0.0,0.0,0.0,0.0,0.0,1.0,88.06,1.0,,48.3,19.3,0.5,0.0
Finland,FIN,163.0,1983.0,375.0,0.842,0.796,3.0,0.963,0.0,0.0,1.0,0.0,0.0,0.0,0.0,0.0,0.0,81.1,1.0,28.5,,,0.5,0.0
Finland,FIN,163.0,1984.0,375.0,0.843,0.797,3.0,0.963,,,,,,,,,,,1.0,,,,0.5,0.0
Finland,FIN,163.0,1985.0,375.0,0.843,0.797,3.0,0.963,,,,,,,,,,,1.0,,,,0.5,0.0
Finland,FIN,163.0,1986.0,375.0,0.843,0.799,3.0,0.963,,,,,,,,,,,1.0,,,,0.5,0.0
Finland,FIN,163.0,1987.0,375.0,0.847,0.804,3.0,0.963,2.0,0.0,1.0,0.0,0.0,0.0,0.0,0.0,0.0,77.25,1.0,28.0,,,0.5,0.0
Finland,FIN,163.0,1988.0,375.0,0.847,0.804,3.0,0.963,0.0,0.0,0.0,0.0,0.0,0.0,0.0,0.0,1.0,82.48,1.0,,48.9,20.6,0.5,0.0
Finland,FIN,163.0,1989.0,375.0,0.847,0.804,3.0,0.963,,,,,,,,,,,1.0,,,,0.5,0.0
Finland,FIN,163.0,1990.0,375.0,0.859,0.819,3.0,0.97,,,,,,,,,,,1.0,,,,0.5,0.0
Finland,FIN,163.0,1991.0,375.0,0.864,0.823,3.0,0.97,2.0,0.0,1.0,0.0,0.0,0.0,0.0,0.0,0.0,71.93,1.0,27.5,,,0.5,0.0
Finland,FIN,163.0,1992.0,375.0,0.864,0.822,3.0,0.97,,,,,,,,,,,1.0,,,,0.5,0.0
Finland,FIN,163.0,1993.0,375.0,0.871,0.831,3.0,0.97,,,,,,,,,,,1.0,,,,0.5,0.0
Finland,FIN,163.0,1994.0,375.0,0.871,0.831,3.0,0.97,0.0,1.0,0.0,0.0,0.0,0.0,0.0,0.0,1.0,81.41,1.0,,25.9,22.0,0.5,0.0
Finland,FIN,163.0,1995.0,375.0,0.872,0.832,3.0,0.97,2.0,0.0,1.0,0.0,0.0,0.0,0.0,0.0,0.0,71.13,1.0,31.5,,,0.5,0.0
Finland,FIN,163.0,1996.0,375.0,0.873,0.832,3.0,0.97,,,,,,,,,,,1.0,,,,0.5,0.0
Finland,FIN,163.0,1997.0,375.0,0.873,0.832,3.0,0.97,,,,,,,,,,,1.0,,,,0.5,0.0
Finland,FIN,163.0,1998.0,375.0,0.873,0.832,3.0,0.97,,,,,,,,,,,1.0,,,,0.5,0.0
Finland,FIN,163.0,1999.0,375.0,0.873,0.833,3.0,0.97,0.0,0.0,1.0,0.0,0.0,0.0,0.0,0.0,0.0,65.21,1.0,25.5,,,0.5,0.0
Finland,FIN,163.0,2000.0,375.0,0.873,0.834,3.0,0.97,0.0,1.0,0.0,0.0,0.0,0.0,0.0,0.0,1.0,76.81,1.0,,40.0,34.4,0.0,0.0
Finland,FIN,163.0,2001.0,375.0,0.873,0.834,3.0,0.97,,,,,,,,,,,1.0,,,,0.0,0.0
Finland,FIN,163.0,2002.0,375.0,0.873,0.834,3.0,0.97,,,,,,,,,,,1.0,,,,0.0,0.0
Finland,FIN,163.0,2003.0,375.0,0.871,0.831,3.0,0.97,2.0,0.0,1.0,0.0,0.0,0.0,0.0,0.0,0.0,69.96,1.0,27.5,,,0.0,0.0
Finland,FIN,163.0,2004.0,375.0,0.871,0.83,3.0,0.97,,,,,,,,,,,1.0,,,,0.0,0.0
Finland,FIN,163.0,2005.0,375.0,0.871,0.83,3.0,0.97,,,,,,,,,,,1.0,,,,0.0,0.0
Finland,FIN,163.0,2006.0,375.0,0.88,0.842,3.0,0.97,0.0,0.0,0.0,0.0,0.0,0.0,0.0,0.0,1.0,77.56,1.0,,46.3,24.1,0.0,0.0
Finland,FIN,163.0,2007.0,375.0,0.881,0.842,3.0,0.97,0.0,0.0,1.0,0.0,0.0,0.0,0.0,0.0,0.0,68.18,1.0,25.5,,,0.0,0.0
Finland,FIN,163.0,2008.0,375.0,0.881,0.842,3.0,0.97,,,,,,,,,,,1.0,,,,0.0,0.0
Finland,FIN,163.0,2009.0,375.0,0.881,0.842,3.0,0.97,,,,,,,,,,,1.0,,,,0.0,0.0
Finland,FIN,163.0,2010.0,375.0,0.881,0.842,3.0,0.97,,,,,,,,,,,1.0,,,,0.0,1.0
Finland,FIN,163.0,2011.0,375.0,0.884,0.843,3.0,0.965,0.0,0.0,1.0,0.0,0.0,0.0,0.0,0.0,0.0,72.77,1.0,22.0,,,0.0,0.0
Finland,FIN,163.0,2012.0,375.0,0.885,0.844,3.0,0.965,2.0,2.0,0.0,0.0,0.0,0.0,0.0,0.0,1.0,75.79,1.0,,36.96,18.76,0.0,0.0
Finland,FIN,163.0,2013.0,375.0,0.891,0.858,3.0,0.977,,,,,,,,,,,1.0,,,,0.0,0.0
Finland,FIN,163.0,2014.0,375.0,0.891,0.858,3.0,0.977,,,,,,,,,,,1.0,,,,0.0,0.0
Finland,FIN,163.0,2015.0,375.0,0.869,0.827,3.0,0.958,2.0,0.0,1.0,0.0,0.0,0.0,0.0,0.0,0.0,73.14,1.0,24.5,,,0.0,0.0
Finland,FIN,163.0,2016.0,375.0,0.869,0.827,3.0,0.958,,,,,,,,,,,1.0,,,,0.0,0.0
Finland,FIN,163.0,2017.0,375.0,0.873,0.836,3.0,0.976,,,,,,,,,,,1.0,,,,0.0,0.0
Finland,FIN,163.0,2018.0,375.0,0.884,0.849,3.0,0.976,0.0,0.0,0.0,0.0,0.0,0.0,0.0,0.0,1.0,67.47,1.0,,62.6,12.4,0.0,0.0
Finland,FIN,163.0,2019.0,375.0,0.881,0.842,3.0,0.969,2.0,0.0,1.0,0.0,0.0,0.0,0.0,0.0,0.0,69.43,1.0,20.0,,,0.0,1.0
Finland,FIN,163.0,2020.0,375.0,0.88,0.844,3.0,0.974,,,,,,,,,,,1.0,,,,0.0,1.0
Finland,FIN,163.0,2021.0,375.0,0.871,0.835,3.0,0.98,,,,,,,,,,,1.0,,,,0.0,1.0
Finland,FIN,163.0,2022.0,375.0,0.869,0.827,3.0,0.97,,,,,,,,,,,1.0,,,,0.0,1.0
Finland,FIN,163.0,2023.0,375.0,0.853,0.812,3.0,0.965,2.0,0.0,1.0,0.0,0.0,0.0,0.0,0.0,0.0,68.87,1.0,24.0,,,0.0,0.0
Finland,FIN,163.0,2024.0,375.0,0.827,0.782,3.0,0.965,0.0,1.0,0.0,0.0,0.0,0.0,0.0,0.0,1.0,71.82,1.0,,27.2,25.8,0.0,0.0
Finland,FIN,163.0,2025.0,375.0,0.852,0.808,3.0,0.965,,,,,,,,,,,1.0,,,,0.0,0.0
Greece,GRC,164.0,1980.0,350.0,0.826,0.73,3.0,0.877,,,,,,,,,,,1.0,,,,0.0,0.0
Greece,GRC,164.0,1981.0,350.0,0.834,0.738,3.0,0.877,2.0,0.0,1.0,0.0,0.0,0.0,0.0,0.0,0.0,84.48,1.0,57.33,,,0.0,0.0
Greece,GRC,164.0,1982.0,350.0,0.848,0.751,3.0,0.877,,,,,,,,,,,1.0,,,,0.0,0.0
Greece,GRC,164.0,1983.0,350.0,0.848,0.751,3.0,0.877,,,,,,,,,,,1.0,,,,0.0,0.0
Greece,GRC,164.0,1984.0,350.0,0.857,0.762,3.0,0.88,,,,,,,,,,,1.0,,,,0.0,0.0
Greece,GRC,164.0,1985.0,350.0,0.858,0.763,3.0,0.88,0.0,0.0,1.0,0.0,0.0,0.0,0.0,0.0,0.0,87.35,1.0,53.67,,,0.0,0.0
Greece,GRC,164.0,1986.0,350.0,0.858,0.764,3.0,0.88,,,,,,,,,,,1.0,,,,0.0,0.0
Greece,GRC,164.0,1987.0,350.0,0.861,0.768,3.0,0.88,,,,,,,,,,,1.0,,,,0.0,0.0
Greece,GRC,164.0,1988.0,350.0,0.861,0.768,3.0,0.88,,,,,,,,,,,1.0,,,,0.0,0.0
Greece,GRC,164.0,1989.0,350.0,0.867,0.773,3.0,0.88,2.0,0.0,1.0,0.0,0.0,0.0,0.0,0.0,0.0,85.84,1.0,49.33,,,0.0,0.0
Greece,GRC,164.0,1990.0,350.0,0.882,0.788,3.0,0.88,2.0,0.0,1.0,0.0,0.0,0.0,0.0,0.0,0.0,,1.0,50.0,,,0.0,0.0
Greece,GRC,164.0,1991.0,350.0,0.882,0.788,3.0,0.88,,,,,,,,,,,1.0,,,,0.0,0.0
Greece,GRC,164.0,1992.0,350.0,0.882,0.789,3.0,0.88,,,,,,,,,,,1.0,,,,0.0,0.0
Greece,GRC,164.0,1993.0,350.0,0.882,0.79,3.0,0.88,2.0,0.0,1.0,0.0,0.0,0.0,0.0,0.0,0.0,85.61,1.0,56.67,,,0.0,0.0
Greece,GRC,164.0,1994.0,350.0,0.884,0.792,3.0,0.88,,,,,,,,,,,1.0,,,,0.0,0.0
Greece,GRC,164.0,1995.0,350.0,0.884,0.793,3.0,0.88,,,,,,,,,,,1.0,,,,0.0,0.0
Greece,GRC,164.0,1996.0,350.0,0.884,0.797,3.0,0.898,0.0,0.0,1.0,0.0,0.0,0.0,0.0,0.0,0.0,83.88,1.0,54.0,,,0.0,0.0
Greece,GRC,164.0,1997.0,350.0,0.883,0.798,3.0,0.898,,,,,,,,,,,1.0,,,,0.0,0.0
Greece,GRC,164.0,1998.0,350.0,0.883,0.798,3.0,0.898,,,,,,,,,,,1.0,,,,0.0,0.0
Greece,GRC,164.0,1999.0,350.0,0.883,0.798,3.0,0.898,,,,,,,,,,,1.0,,,,0.0,0.0
Greece,GRC,164.0,2000.0,350.0,0.882,0.798,3.0,0.898,0.0,0.0,1.0,0.0,0.0,0.0,0.0,0.0,0.0,89.02,1.0,52.67,,,0.0,0.0
Greece,GRC,164.0,2001.0,350.0,0.887,0.802,3.0,0.898,,,,,,,,,,,1.0,,,,0.0,0.0
Greece,GRC,164.0,2002.0,350.0,0.887,0.802,3.0,0.898,,,,,,,,,,,1.0,,,,0.0,0.0
Greece,GRC,164.0,2003.0,350.0,0.887,0.802,3.0,0.898,,,,,,,,,,,1.0,,,,0.0,0.0
Greece,GRC,164.0,2004.0,350.0,0.889,0.803,3.0,0.898,2.0,0.0,1.0,0.0,0.0,0.0,0.0,0.0,0.0,87.66,1.0,55.0,,,0.0,0.0
Greece,GRC,164.0,2005.0,350.0,0.89,0.804,3.0,0.898,,,,,,,,,,,1.0,,,,0.0,0.0
Greece,GRC,164.0,2006.0,350.0,0.89,0.803,3.0,0.892,,,,,,,,,,,1.0,,,,0.0,0.0
Greece,GRC,164.0,2007.0,350.0,0.895,0.805,3.0,0.879,0.0,0.0,1.0,0.0,0.0,0.0,0.0,0.0,0.0,79.59,1.0,50.67,,,0.0,0.0
Greece,GRC,164.0,2008.0,350.0,0.9,0.811,3.0,0.879,,,,,,,,,,,1.0,,,,0.0,0.0
Greece,GRC,164.0,2009.0,350.0,0.901,0.812,3.0,0.879,2.0,0.0,1.0,0.0,0.0,0.0,0.0,0.0,0.0,79.24,1.0,53.33,,,0.0,0.0
Greece,GRC,164.0,2010.0,350.0,0.901,0.812,3.0,0.896,,,,,,,,,,,1.0,,,,0.0,0.0
Greece,GRC,164.0,2011.0,350.0,0.901,0.814,3.0,0.904,,,,,,,,,,,1.0,,,,0.0,0.0
Greece,GRC,164.0,2012.0,350.0,0.897,0.81,3.0,0.901,2.0,0.0,1.0,0.0,0.0,0.0,0.0,0.0,0.0,69.36,1.0,43.0,,,0.0,0.0
Greece,GRC,164.0,2013.0,350.0,0.889,0.801,3.0,0.897,,,,,,,,,,,1.0,,,,0.0,0.0
Greece,GRC,164.0,2014.0,350.0,0.889,0.804,3.0,0.897,,,,,,,,,,,1.0,,,,0.0,0.0
Greece,GRC,164.0,2015.0,350.0,0.88,0.785,3.0,0.888,2.0,0.0,1.0,0.0,0.0,0.0,0.0,0.0,0.0,70.62,1.0,49.67,,,0.0,0.0
Greece,GRC,164.0,2016.0,350.0,0.872,0.776,3.0,0.888,,,,,,,,,,,1.0,,,,0.0,0.0
Greece,GRC,164.0,2017.0,350.0,0.868,0.775,3.0,0.888,,,,,,,,,,,1.0,,,,0.0,0.0
Greece,GRC,164.0,2018.0,350.0,0.859,0.767,3.0,0.888,,,,,,,,,,,1.0,,,,0.0,0.0
Greece,GRC,164.0,2019.0,350.0,0.864,0.763,3.0,0.861,2.0,0.0,1.0,0.0,0.0,0.0,0.0,0.0,0.0,63.52,1.0,52.67,,,0.0,0.0
Greece,GRC,164.0,2020.0,350.0,0.788,0.669,2.0,0.774,,,,,,,,,,,1.0,,,,0.0,0.0
Greece,GRC,164.0,2021.0,350.0,0.76,0.63,2.0,0.715,,,,,,,,,,,1.0,,,,0.0,0.0
Greece,GRC,164.0,2022.0,350.0,0.762,0.607,2.0,0.628,,,,,,,,,,,1.0,,,,0.0,0.0
Greece,GRC,164.0,2023.0,350.0,0.735,0.573,2.0,0.575,2.0,0.0,1.0,0.0,0.0,0.0,0.0,0.0,0.0,68.92,1.0,52.67,,,0.0,0.0
Greece,GRC,164.0,2024.0,350.0,0.744,0.565,2.0,0.545,,,,,,,,,,,1.0,,,,0.0,0.0
Greece,GRC,164.0,2025.0,350.0,0.741,0.568,2.0,0.594,,,,,,,,,,,1.0,,,,0.0,0.0
Guyana,GUY,166.0,1980.0,110.0,0.269,0.181,1.0,0.09,0.0,0.0,1.0,0.0,0.0,0.0,0.0,0.0,0.0,91.36,1.0,77.36,,,1.0,
Guyana,GUY,166.0,1981.0,110.0,0.248,0.174,1.0,0.09,,,,,,,,,,,1.0,,,,1.0,
Guyana,GUY,166.0,1982.0,110.0,0.248,0.174,1.0,0.09,,,,,,,,,,,1.0,,,,1.0,
Guyana,GUY,166.0,1983.0,110.0,0.248,0.174,1.0,0.09,,,,,,,,,,,1.0,,,,1.0,
Guyana,GUY,166.0,1984.0,110.0,0.249,0.176,1.0,0.09,,,,,,,,,,,1.0,,,,1.0,
Guyana,GUY,166.0,1985.0,110.0,0.245,0.176,1.0,0.09,1.0,1.0,1.0,0.0,0.0,0.0,0.0,0.0,0.0,65.82,1.0,79.25,,,1.0,
Guyana,GUY,166.0,1986.0,110.0,0.284,0.201,1.0,0.119,,,,,,,,,,,1.0,,,,1.0,
Guyana,GUY,166.0,1987.0,110.0,0.292,0.204,1.0,0.119,,,,,,,,,,,1.0,,,,1.0,
Guyana,GUY,166.0,1988.0,110.0,0.297,0.209,1.0,0.119,,,,,,,,,,,1.0,,,,1.0,
Guyana,GUY,166.0,1989.0,110.0,0.3,0.209,1.0,0.119,,,,,,,,,,,1.0,,,,1.0,
Guyana,GUY,166.0,1990.0,110.0,0.314,0.218,1.0,0.119,,,,,,,,,,,1.0,,,,1.0,
Guyana,GUY,166.0,1991.0,110.0,0.309,0.216,1.0,0.119,,,,,,,,,,,1.0,,,,1.0,
Guyana,GUY,166.0,1992.0,110.0,0.358,0.256,1.0,0.297,0.0,1.0,1.0,0.0,0.0,0.0,0.0,0.0,0.0,63.71,1.0,52.83,,,1.0,
Guyana,GUY,166.0,1993.0,110.0,0.444,0.296,1.0,0.297,,,,,,,,,,,1.0,,,,1.0,
Guyana,GUY,166.0,1994.0,110.0,0.444,0.298,1.0,0.297,,,,,,,,,,,1.0,,,,1.0,
Guyana,GUY,166.0,1995.0,110.0,0.444,0.298,1.0,0.297,,,,,,,,,,,1.0,,,,1.0,
Guyana,GUY,166.0,1996.0,110.0,0.444,0.298,1.0,0.297,,,,,,,,,,,1.0,,,,1.0,
Guyana,GUY,166.0,1997.0,110.0,0.452,0.304,1.0,0.297,0.0,0.0,1.0,0.0,0.0,0.0,0.0,0.0,0.0,80.16,1.0,54.72,,,1.0,
Guyana,GUY,166.0,1998.0,110.0,0.523,0.336,2.0,0.297,,,,,,,,,,,1.0,,,,1.0,
Guyana,GUY,166.0,1999.0,110.0,0.522,0.337,2.0,0.297,,,,,,,,,,,1.0,,,,1.0,
Guyana,GUY,166.0,2000.0,110.0,0.519,0.334,2.0,0.297,,,,,,,,,,,1.0,,,,1.0,
Guyana,GUY,166.0,2001.0,110.0,0.553,0.353,2.0,0.344,0.0,0.0,1.0,0.0,0.0,0.0,0.0,0.0,0.0,72.56,1.0,52.31,,,1.0,
Guyana,GUY,166.0,2002.0,110.0,0.572,0.362,2.0,0.344,,,,,,,,,,,1.0,,,,1.0,
Guyana,GUY,166.0,2003.0,110.0,0.588,0.372,2.0,0.344,,,,,,,,,,,1.0,,,,1.0,
Guyana,GUY,166.0,2004.0,110.0,0.588,0.372,2.0,0.344,,,,,,,,,,,1.0,,,,1.0,
Guyana,GUY,166.0,2005.0,110.0,0.588,0.372,2.0,0.344,,,,,,,,,,,1.0,,,,1.0,
Guyana,GUY,166.0,2006.0,110.0,0.583,0.369,2.0,0.344,0.0,0.0,1.0,0.0,0.0,0.0,0.0,0.0,0.0,66.44,1.0,55.38,,,1.0,
Guyana,GUY,166.0,2007.0,110.0,0.579,0.366,2.0,0.344,,,,,,,,,,,1.0,,,,1.0,
Guyana,GUY,166.0,2008.0,110.0,0.576,0.366,2.0,0.344,,,,,,,,,,,1.0,,,,1.0,
Guyana,GUY,166.0,2009.0,110.0,0.583,0.369,2.0,0.344,,,,,,,,,,,1.0,,,,1.0,
Guyana,GUY,166.0,2010.0,110.0,0.583,0.369,2.0,0.344,,,,,,,,,,,1.0,,,,1.0,
Guyana,GUY,166.0,2011.0,110.0,0.582,0.369,2.0,0.344,0.0,0.0,1.0,0.0,0.0,0.0,0.0,0.0,0.0,75.0,1.0,49.23,,,1.0,
Guyana,GUY,166.0,2012.0,110.0,0.579,0.369,2.0,0.364,,,,,,,,,,,1.0,,,,1.0,
Guyana,GUY,166.0,2013.0,110.0,0.608,0.386,2.0,0.363,,,,,,,,,,,1.0,,,,1.0,
Guyana,GUY,166.0,2014.0,110.0,0.607,0.385,2.0,0.368,,,,,,,,,,,1.0,,,,1.0,
Guyana,GUY,166.0,2015.0,110.0,0.65,0.444,2.0,0.391,2.0,2.0,1.0,0.0,0.0,0.0,0.0,0.0,0.0,86.27,1.0,50.77,,,1.0,
Guyana,GUY,166.0,2016.0,110.0,0.657,0.456,2.0,0.408,,,,,,,,,,,1.0,,,,1.0,
Guyana,GUY,166.0,2017.0,110.0,0.66,0.457,2.0,0.408,,,,,,,,,,,1.0,,,,1.0,
Guyana,GUY,166.0,2018.0,110.0,0.664,0.45,2.0,0.348,,,,,,,,,,,1.0,,,,1.0,
Guyana,GUY,166.0,2019.0,110.0,0.64,0.426,2.0,0.332,,,,,,,,,,,1.0,,,,1.0,
Guyana,GUY,166.0,2020.0,110.0,0.555,0.386,2.0,0.375,2.0,2.0,1.0,0.0,0.0,0.0,0.0,0.0,0.0,91.49,1.0,50.77,,,1.0,
Guyana,GUY,166.0,2021.0,110.0,0.498,0.335,1.0,0.269,,,,,,,,,,,1.0,,,,1.0,
Guyana,GUY,166.0,2022.0,110.0,0.491,0.329,1.0,0.29,,,,,,,,,,,1.0,,,,1.0,
Guyana,GUY,166.0,2023.0,110.0,0.484,0.313,1.0,0.266,,,,,,,,,,,1.0,,,,1.0,
Guyana,GUY,166.0,2024.0,110.0,0.491,0.314,1.0,0.266,,,,,,,,,,,1.0,,,,1.0,
Guyana,GUY,166.0,2025.0,110.0,0.515,0.328,2.0,0.266,0.0,0.0,1.0,0.0,0.0,0.0,0.0,0.0,0.0,77.32,1.0,55.38,,,1.0,
Hong Kong,HKG,167.0,1980.0,,0.185,0.204,0.0,0.145,,,,,,,,,,,0.0,,,,1.0,
Hong Kong,HKG,167.0,1981.0,,0.185,0.204,0.0,0.145,,,,,,,,,,,0.0,,,,1.0,
Hong Kong,HKG,167.0,1982.0,,0.185,0.204,0.0,0.145,,,,,,,,,,,0.0,,,,1.0,
Hong Kong,HKG,167.0,1983.0,,0.184,0.204,0.0,0.145,,,,,,,,,,,0.0,,,,1.0,
Hong Kong,HKG,167.0,1984.0,,0.184,0.205,0.0,0.145,,,,,,,,,,,0.0,,,,1.0,
Hong Kong,HKG,167.0,1985.0,,0.189,0.211,0.0,0.193,,,,,,,,,,,0.0,,,,1.0,
Hong Kong,HKG,167.0,1986.0,,0.197,0.215,0.0,0.216,,,,,,,,,,,0.0,,,,1.0,
Hong Kong,HKG,167.0,1987.0,,0.197,0.215,0.0,0.216,,,,,,,,,,,0.0,,,,1.0,
Hong Kong,HKG,167.0,1988.0,,0.198,0.216,0.0,0.216,,,,,,,,,,,0.0,,,,1.0,
Hong Kong,HKG,167.0,1989.0,,0.2,0.216,0.0,0.216,,,,,,,,,,,0.0,,,,1.0,
Hong Kong,HKG,167.0,1990.0,,0.263,0.252,0.0,0.319,,,,,,,,,,,0.0,,,,1.0,
Hong Kong,HKG,167.0,1991.0,,0.299,0.275,0.0,0.375,0.0,0.0,1.0,0.0,0.0,0.0,0.0,0.0,0.0,,0.0,66.67,,,1.0,
Hong Kong,HKG,167.0,1992.0,,0.373,0.317,0.0,0.418,,,,,,,,,,,0.0,,,,1.0,
Hong Kong,HKG,167.0,1993.0,,0.373,0.318,0.0,0.418,,,,,,,,,,,0.0,,,,1.0,
Hong Kong,HKG,167.0,1994.0,,0.373,0.318,0.0,0.418,,,,,,,,,,,0.0,,,,1.0,
Hong Kong,HKG,167.0,1995.0,,0.377,0.32,0.0,0.418,0.0,0.0,1.0,0.0,0.0,0.0,0.0,0.0,0.0,14.8,0.0,60.0,,,1.0,
Hong Kong,HKG,167.0,1996.0,,0.377,0.32,0.0,0.418,,,,,,,,,,,0.0,,,,1.0,
Hong Kong,HKG,167.0,1997.0,,0.368,0.322,0.0,0.501,,,,,,,,,,,0.0,,,,1.0,
Hong Kong,HKG,167.0,1998.0,,0.372,0.325,0.0,0.501,0.0,0.0,1.0,0.0,0.0,0.0,0.0,0.0,0.0,22.76,0.0,45.0,,,1.0,
Hong Kong,HKG,167.0,1999.0,,0.371,0.325,0.0,0.508,,,,,,,,,,,0.0,,,,1.0,
Hong Kong,HKG,167.0,2000.0,,0.371,0.325,0.0,0.508,0.0,0.0,1.0,0.0,0.0,0.0,0.0,0.0,0.0,19.97,0.0,37.5,,,1.0,
Hong Kong,HKG,167.0,2001.0,,0.372,0.325,0.0,0.508,,,,,,,,,,,0.0,,,,1.0,
Hong Kong,HKG,167.0,2002.0,,0.372,0.325,0.0,0.508,,,,,,,,,,,0.0,,,,1.0,
Hong Kong,HKG,167.0,2003.0,,0.372,0.325,0.0,0.508,,,,,,,,,,,0.0,,,,1.0,
Hong Kong,HKG,167.0,2004.0,,0.371,0.325,0.0,0.508,0.0,0.0,1.0,0.0,0.0,0.0,0.0,0.0,0.0,25.64,0.0,26.67,,,1.0,
Hong Kong,HKG,167.0,2005.0,,0.369,0.324,0.0,0.508,,,,,,,,,,,0.0,,,,1.0,
Hong Kong,HKG,167.0,2006.0,,0.369,0.324,0.0,0.508,,,,,,,,,,,0.0,,,,1.0,
Hong Kong,HKG,167.0,2007.0,,0.369,0.324,0.0,0.508,,,,,,,,,,,0.0,,,,1.0,
Hong Kong,HKG,167.0,2008.0,,0.369,0.324,0.0,0.508,0.0,0.0,1.0,0.0,0.0,0.0,0.0,0.0,0.0,21.9,0.0,23.33,,,1.0,
Hong Kong,HKG,167.0,2009.0,,0.371,0.324,0.0,0.508,,,,,,,,,,,0.0,,,,1.0,
Hong Kong,HKG,167.0,2010.0,,0.369,0.323,0.0,0.508,,,,,,,,,,,0.0,,,,1.0,
Hong Kong,HKG,167.0,2011.0,,0.367,0.322,0.0,0.508,,,,,,,,,,,0.0,,,,1.0,
Hong Kong,HKG,167.0,2012.0,,0.362,0.316,0.0,0.49,0.0,0.0,1.0,0.0,0.0,0.0,0.0,0.0,0.0,25.88,0.0,25.71,,,1.0,
Hong Kong,HKG,167.0,2013.0,,0.358,0.314,0.0,0.482,,,,,,,,,,,0.0,,,,1.0,
Hong Kong,HKG,167.0,2014.0,,0.354,0.311,0.0,0.482,,,,,,,,,,,0.0,,,,1.0,
Hong Kong,HKG,167.0,2015.0,,0.345,0.303,0.0,0.456,,,,,,,,,,,0.0,,,,1.0,
Hong Kong,HKG,167.0,2016.0,,0.333,0.294,0.0,0.446,0.0,0.0,1.0,0.0,0.0,0.0,0.0,0.0,0.0,29.97,0.0,20.0,,,1.0,
Hong Kong,HKG,167.0,2017.0,,0.325,0.289,0.0,0.446,,,,,,,,,,,0.0,,,,1.0,
Hong Kong,HKG,167.0,2018.0,,0.318,0.281,0.0,0.446,,,,,,,,,,,0.0,,,,1.0,
Hong Kong,HKG,167.0,2019.0,,0.3,0.267,0.0,0.437,,,,,,,,,,,0.0,,,,1.0,
Hong Kong,HKG,167.0,2020.0,,0.255,0.204,0.0,0.211,,,,,,,,,,,0.0,,,,1.0,
Hong Kong,HKG,167.0,2021.0,,0.205,0.168,0.0,0.141,0.0,0.0,1.0,0.0,0.0,0.0,0.0,0.0,0.0,,0.0,50.0,,,1.0,
Hong Kong,HKG,167.0,2022.0,,0.16,0.149,0.0,0.114,,,,,,,,,,,0.0,,,,1.0,
Hong Kong,HKG,167.0,2023.0,,0.149,0.139,0.0,0.096,,,,,,,,,,,0.0,,,,1.0,
Hong Kong,HKG,167.0,2024.0,,0.158,0.142,0.0,0.107,,,,,,,,,,,0.0,,,,1.0,
Hong Kong,HKG,167.0,2025.0,,0.151,0.142,0.0,0.107,0.0,0.0,1.0,0.0,0.0,0.0,0.0,0.0,0.0,,0.0,44.44,,,1.0,
Iceland,ISL,168.0,1980.0,395.0,0.849,0.744,3.0,0.749,0.0,2.0,0.0,0.0,0.0,0.0,0.0,0.0,1.0,91.68,0.0,,33.8,32.3,0.0,0.0
Iceland,ISL,168.0,1981.0,395.0,0.849,0.744,3.0,0.749,,,,,,,,,,,0.0,,,,0.0,0.0
Iceland,ISL,168.0,1982.0,395.0,0.849,0.744,3.0,0.749,,,,,,,,,,,0.0,,,,0.0,0.0
Iceland,ISL,168.0,1983.0,395.0,0.845,0.741,3.0,0.749,2.0,0.0,1.0,0.0,0.0,0.0,0.0,0.0,0.0,88.19,0.0,37.5,,,0.0,0.0
Iceland,ISL,168.0,1984.0,395.0,0.843,0.739,3.0,0.749,,,,,,,,,,,0.0,,,,0.0,0.0
Iceland,ISL,168.0,1985.0,395.0,0.843,0.739,3.0,0.749,,,,,,,,,,,0.0,,,,0.0,0.0
Iceland,ISL,168.0,1986.0,395.0,0.852,0.748,3.0,0.749,,,,,,,,,,,0.0,,,,0.0,0.0
Iceland,ISL,168.0,1987.0,395.0,0.859,0.769,3.0,0.817,2.0,0.0,1.0,0.0,0.0,0.0,0.0,0.0,0.0,92.32,0.0,28.57,,,0.0,0.0
Iceland,ISL,168.0,1988.0,395.0,0.859,0.77,3.0,0.817,0.0,0.0,0.0,0.0,0.0,0.0,0.0,0.0,1.0,72.31,0.0,,94.6,5.4,0.0,0.0
Iceland,ISL,168.0,1989.0,395.0,0.859,0.768,3.0,0.804,,,,,,,,,,,0.0,,,,0.0,0.0
Iceland,ISL,168.0,1990.0,395.0,0.862,0.775,3.0,0.804,,,,,,,,,,,0.0,,,,0.0,0.0
Iceland,ISL,168.0,1991.0,395.0,0.862,0.776,3.0,0.804,2.0,0.0,1.0,0.0,0.0,0.0,0.0,0.0,0.0,88.67,0.0,41.27,,,0.0,0.0
Iceland,ISL,168.0,1992.0,395.0,0.862,0.776,3.0,0.804,,,,,,,,,,,0.0,,,,0.0,0.0
Iceland,ISL,168.0,1993.0,395.0,0.862,0.776,3.0,0.804,,,,,,,,,,,0.0,,,,0.0,0.0
Iceland,ISL,168.0,1994.0,395.0,0.862,0.776,3.0,0.804,,,,,,,,,,,0.0,,,,0.0,0.0
Iceland,ISL,168.0,1995.0,395.0,0.862,0.778,3.0,0.804,0.0,0.0,1.0,0.0,0.0,0.0,0.0,0.0,0.0,87.83,0.0,39.68,,,0.0,0.0
Iceland,ISL,168.0,1996.0,395.0,0.869,0.783,3.0,0.804,0.0,1.0,0.0,0.0,0.0,0.0,0.0,0.0,1.0,86.96,0.0,,41.4,29.6,0.0,0.0
Iceland,ISL,168.0,1997.0,395.0,0.868,0.783,3.0,0.804,,,,,,,,,,,0.0,,,,0.0,0.0
Iceland,ISL,168.0,1998.0,395.0,0.868,0.783,3.0,0.804,,,,,,,,,,,0.0,,,,0.0,0.0
Iceland,ISL,168.0,1999.0,395.0,0.868,0.781,3.0,0.804,0.0,0.0,1.0,0.0,0.0,0.0,0.0,0.0,0.0,86.18,0.0,41.27,,,0.0,0.0
Iceland,ISL,168.0,2000.0,395.0,0.868,0.78,3.0,0.804,,,,,,,,,,,0.0,,,,0.0,0.0
Iceland,ISL,168.0,2001.0,395.0,0.868,0.78,3.0,0.804,,,,,,,,,,,0.0,,,,0.0,0.0
Iceland,ISL,168.0,2002.0,395.0,0.868,0.78,3.0,0.804,,,,,,,,,,,0.0,,,,0.0,0.0
Iceland,ISL,168.0,2003.0,395.0,0.867,0.781,3.0,0.804,0.0,0.0,1.0,0.0,0.0,0.0,0.0,0.0,0.0,89.12,0.0,34.92,,,0.0,0.0
Iceland,ISL,168.0,2004.0,395.0,0.867,0.782,3.0,0.804,0.0,0.0,0.0,0.0,0.0,0.0,0.0,0.0,1.0,63.72,0.0,,85.6,12.5,0.0,0.0
Iceland,ISL,168.0,2005.0,395.0,0.865,0.781,3.0,0.804,,,,,,,,,,,0.0,,,,0.0,0.0
Iceland,ISL,168.0,2006.0,395.0,0.865,0.781,3.0,0.804,,,,,,,,,,,0.0,,,,0.0,0.0
Iceland,ISL,168.0,2007.0,395.0,0.873,0.787,3.0,0.804,0.0,0.0,1.0,0.0,0.0,0.0,0.0,0.0,0.0,84.65,0.0,39.68,,,0.0,0.0
Iceland,ISL,168.0,2008.0,395.0,0.88,0.795,3.0,0.804,,,,,,,,,,,0.0,,,,0.0,0.0
Iceland,ISL,168.0,2009.0,395.0,0.882,0.796,3.0,0.801,0.0,0.0,1.0,0.0,0.0,0.0,0.0,0.0,0.0,84.74,0.0,31.75,,,0.0,1.0
Iceland,ISL,168.0,2010.0,395.0,0.881,0.799,3.0,0.818,,,,,,,,,,,0.0,,,,0.0,1.0
Iceland,ISL,168.0,2011.0,395.0,0.881,0.795,3.0,0.818,,,,,,,,,,,0.0,,,,0.0,1.0
Iceland,ISL,168.0,2012.0,395.0,0.875,0.794,3.0,0.818,0.0,0.0,0.0,0.0,0.0,0.0,0.0,0.0,1.0,68.91,0.0,,52.78,33.16,0.0,1.0
Iceland,ISL,168.0,2013.0,395.0,0.858,0.775,3.0,0.818,2.0,0.0,1.0,0.0,0.0,0.0,0.0,0.0,0.0,80.01,0.0,30.16,,,0.0,0.0
Iceland,ISL,168.0,2014.0,395.0,0.856,0.773,3.0,0.818,,,,,,,,,,,0.0,,,,0.0,0.0
Iceland,ISL,168.0,2015.0,395.0,0.861,0.777,3.0,0.818,,,,,,,,,,,0.0,,,,0.0,0.0
Iceland,ISL,168.0,2016.0,395.0,0.86,0.776,3.0,0.818,2.0,2.0,1.0,0.0,0.0,0.0,0.0,0.0,1.0,75.68,0.0,33.33,38.49,27.51,0.0,0.0
Iceland,ISL,168.0,2017.0,395.0,0.861,0.779,3.0,0.818,2.0,0.0,1.0,0.0,0.0,0.0,0.0,0.0,0.0,79.38,0.0,25.4,,,0.0,1.0
Iceland,ISL,168.0,2018.0,395.0,0.875,0.793,3.0,0.818,,,,,,,,,,,0.0,,,,0.0,1.0
Iceland,ISL,168.0,2019.0,395.0,0.859,0.784,3.0,0.855,,,,,,,,,,,0.0,,,,0.0,1.0
Iceland,ISL,168.0,2020.0,395.0,0.859,0.784,3.0,0.855,0.0,0.0,0.0,0.0,0.0,0.0,0.0,0.0,1.0,63.39,0.0,,92.2,7.8,0.0,1.0
Iceland,ISL,168.0,2021.0,395.0,0.836,0.745,3.0,0.785,0.0,0.0,1.0,0.0,0.0,0.0,0.0,0.0,0.0,75.79,0.0,25.4,,,0.0,1.0
Iceland,ISL,168.0,2022.0,395.0,0.832,0.742,3.0,0.785,,,,,,,,,,,0.0,,,,0.0,1.0
Iceland,ISL,168.0,2023.0,395.0,0.841,0.751,3.0,0.785,,,,,,,,,,,0.0,,,,0.0,1.0
Iceland,ISL,168.0,2024.0,395.0,0.842,0.757,3.0,0.818,2.0,2.0,1.0,0.0,0.0,0.0,0.0,0.0,1.0,77.68,0.0,23.8,33.94,25.03,0.0,1.0
Iceland,ISL,168.0,2025.0,395.0,0.807,0.72,3.0,0.792,,,,,,,,,,,0.0,,,,0.0,1.0
Israel,ISR,169.0,1980.0,666.0,0.754,0.677,3.0,0.95,,,,,,,,,,,0.0,,,,0.0,0.0
Israel,ISR,169.0,1981.0,666.0,0.756,0.678,3.0,0.95,0.0,0.0,1.0,0.0,0.0,0.0,0.0,0.0,0.0,79.85,0.0,40.0,,,0.0,0.0
Israel,ISR,169.0,1982.0,666.0,0.758,0.68,3.0,0.95,,,,,,,,,,,0.0,,,,0.0,0.0
Israel,ISR,169.0,1983.0,666.0,0.758,0.68,3.0,0.95,,,,,,,,,,,0.0,,,,0.0,0.0
Israel,ISR,169.0,1984.0,666.0,0.753,0.674,3.0,0.95,2.0,0.0,1.0,0.0,0.0,0.0,0.0,0.0,0.0,80.43,0.0,36.67,,,0.0,0.0
Israel,ISR,169.0,1985.0,666.0,0.749,0.67,3.0,0.956,,,,,,,,,,,0.0,,,,0.0,0.0
Israel,ISR,169.0,1986.0,666.0,0.757,0.679,3.0,0.956,,,,,,,,,,,0.0,,,,0.0,0.0
Israel,ISR,169.0,1987.0,666.0,0.765,0.687,3.0,0.956,,,,,,,,,,,0.0,,,,0.0,0.0
Israel,ISR,169.0,1988.0,666.0,0.753,0.676,3.0,0.956,0.0,0.0,1.0,0.0,0.0,0.0,0.0,0.0,0.0,82.39,0.0,33.33,,,0.0,0.0
Israel,ISR,169.0,1989.0,666.0,0.767,0.689,3.0,0.956,,,,,,,,,,,0.0,,,,0.0,0.0
Israel,ISR,169.0,1990.0,666.0,0.767,0.689,3.0,0.956,,,,,,,,,,,0.0,,,,0.0,0.0
Israel,ISR,169.0,1991.0,666.0,0.768,0.69,3.0,0.956,,,,,,,,,,,0.0,,,,0.0,0.0
Israel,ISR,169.0,1992.0,666.0,0.762,0.683,3.0,0.956,2.0,0.0,1.0,0.0,0.0,0.0,0.0,0.0,0.0,81.73,0.0,36.67,,,0.0,0.0
Israel,ISR,169.0,1993.0,666.0,0.762,0.683,3.0,0.956,,,,,,,,,,,0.0,,,,0.0,0.0
Israel,ISR,169.0,1994.0,666.0,0.772,0.694,3.0,0.956,,,,,,,,,,,0.0,,,,0.0,0.0
Israel,ISR,169.0,1995.0,666.0,0.772,0.694,3.0,0.956,,,,,,,,,,,0.0,,,,0.0,0.0
Israel,ISR,169.0,1996.0,666.0,0.773,0.695,3.0,0.956,2.0,0.0,1.0,0.0,0.0,0.0,0.0,0.0,1.0,84.67,0.0,28.33,50.5,49.5,0.0,0.0
Israel,ISR,169.0,1997.0,666.0,0.774,0.696,3.0,0.956,,,,,,,,,,,0.0,,,,0.0,0.0
Israel,ISR,169.0,1998.0,666.0,0.774,0.696,3.0,0.956,,,,,,,,,,,0.0,,,,0.0,0.0
Israel,ISR,169.0,1999.0,666.0,0.773,0.696,3.0,0.956,2.0,0.0,1.0,0.0,0.0,0.0,0.0,0.0,1.0,84.45,0.0,21.67,56.1,43.9,0.0,0.0
Israel,ISR,169.0,2000.0,666.0,0.768,0.693,3.0,0.956,,,,,,,,,,,0.0,,,,0.0,0.0
Israel,ISR,169.0,2001.0,666.0,0.764,0.688,3.0,0.956,0.0,0.0,0.0,0.0,0.0,0.0,0.0,0.0,1.0,69.57,0.0,,62.4,37.6,0.0,0.0
Israel,ISR,169.0,2002.0,666.0,0.764,0.689,3.0,0.956,,,,,,,,,,,0.0,,,,0.0,0.0
Israel,ISR,169.0,2003.0,666.0,0.76,0.683,3.0,0.956,0.0,0.0,1.0,0.0,0.0,0.0,0.0,0.0,0.0,76.11,0.0,31.67,,,0.0,0.0
Israel,ISR,169.0,2004.0,666.0,0.759,0.683,3.0,0.956,,,,,,,,,,,0.0,,,,0.0,0.0
Israel,ISR,169.0,2005.0,666.0,0.759,0.683,3.0,0.956,,,,,,,,,,,0.0,,,,0.0,0.0
Israel,ISR,169.0,2006.0,666.0,0.764,0.687,3.0,0.956,0.0,0.0,1.0,0.0,0.0,0.0,0.0,0.0,0.0,71.16,0.0,24.17,,,0.0,0.0
Israel,ISR,169.0,2007.0,666.0,0.758,0.684,3.0,0.956,,,,,,,,,,,0.0,,,,0.0,0.0
Israel,ISR,169.0,2008.0,666.0,0.758,0.684,3.0,0.956,,,,,,,,,,,0.0,,,,0.0,0.0
Israel,ISR,169.0,2009.0,666.0,0.756,0.68,3.0,0.956,2.0,0.0,1.0,0.0,0.0,0.0,0.0,0.0,0.0,70.24,0.0,23.33,,,0.0,0.0
Israel,ISR,169.0,2010.0,666.0,0.752,0.675,3.0,0.95,,,,,,,,,,,0.0,,,,0.0,0.0
Israel,ISR,169.0,2011.0,666.0,0.752,0.675,3.0,0.95,,,,,,,,,,,0.0,,,,0.0,0.0
Israel,ISR,169.0,2012.0,666.0,0.751,0.675,3.0,0.95,,,,,,,,,,,0.0,,,,0.0,0.0
Israel,ISR,169.0,2013.0,666.0,0.734,0.655,3.0,0.946,0.0,0.0,1.0,0.0,0.0,0.0,0.0,0.0,0.0,73.19,0.0,25.83,,,0.0,0.0
Israel,ISR,169.0,2014.0,666.0,0.733,0.654,3.0,0.946,,,,,,,,,,,0.0,,,,0.0,0.0
Israel,ISR,169.0,2015.0,666.0,0.733,0.654,3.0,0.941,0.0,0.0,1.0,0.0,0.0,0.0,0.0,0.0,0.0,76.1,0.0,25.0,,,0.0,0.0
Israel,ISR,169.0,2016.0,666.0,0.729,0.646,3.0,0.941,,,,,,,,,,,0.0,,,,0.0,0.0
Israel,ISR,169.0,2017.0,666.0,0.714,0.632,3.0,0.944,,,,,,,,,,,0.0,,,,0.0,0.0
Israel,ISR,169.0,2018.0,666.0,0.705,0.626,3.0,0.944,,,,,,,,,,,0.0,,,,0.0,0.0
Israel,ISR,169.0,2019.0,666.0,0.708,0.623,3.0,0.938,0.0,0.0,1.0,0.0,0.0,0.0,0.0,0.0,0.0,78.73,0.0,29.17,,,0.0,0.0
Israel,ISR,169.0,2020.0,666.0,0.723,0.639,3.0,0.928,0.0,0.0,1.0,0.0,0.0,0.0,0.0,0.0,0.0,77.9,0.0,30.0,,,0.0,0.0
Israel,ISR,169.0,2021.0,666.0,0.722,0.639,3.0,0.928,2.0,0.0,1.0,0.0,0.0,0.0,0.0,0.0,0.0,73.65,0.0,25.0,,,0.0,0.0
Israel,ISR,169.0,2022.0,666.0,0.714,0.64,3.0,0.928,2.0,0.0,1.0,0.0,0.0,0.0,0.0,0.0,0.0,78.13,0.0,26.67,,,0.0,0.0
Israel,ISR,169.0,2023.0,666.0,0.704,0.616,2.0,0.928,,,,,,,,,,,0.0,,,,0.0,0.0
Israel,ISR,169.0,2024.0,666.0,0.702,0.597,2.0,0.883,,,,,,,,,,,0.0,,,,0.0,0.0
Israel,ISR,169.0,2025.0,666.0,0.694,0.588,2.0,0.876,,,,,,,,,,,0.0,,,,0.0,0.0
Kuwait,KWT,171.0,1980.0,690.0,0.089,0.125,0.0,0.729,,,,,,,,,,,0.0,,,,1.0,0.0
Kuwait,KWT,171.0,1981.0,690.0,0.257,0.258,0.0,0.84,0.0,0.0,1.0,0.0,0.0,0.0,0.0,0.0,0.0,8.26,0.0,,,,1.0,0.0
Kuwait,KWT,171.0,1982.0,690.0,0.274,0.265,0.0,0.84,,,,,,,,,,,0.0,,,,1.0,0.0
Kuwait,KWT,171.0,1983.0,690.0,0.274,0.265,0.0,0.84,,,,,,,,,,,0.0,,,,1.0,0.0
Kuwait,KWT,171.0,1984.0,690.0,0.274,0.265,0.0,0.84,,,,,,,,,,,0.0,,,,1.0,0.0
Kuwait,KWT,171.0,1985.0,690.0,0.272,0.263,0.0,0.84,0.0,0.0,1.0,0.0,0.0,0.0,0.0,0.0,0.0,8.46,0.0,,,,1.0,0.0
Kuwait,KWT,171.0,1986.0,690.0,0.088,0.126,0.0,0.777,,,,,,,,,,,0.0,,,,1.0,0.0
Kuwait,KWT,171.0,1987.0,690.0,0.088,0.125,0.0,0.718,,,,,,,,,,,0.0,,,,1.0,0.0
Kuwait,KWT,171.0,1988.0,690.0,0.088,0.123,0.0,0.718,,,,,,,,,,,0.0,,,,1.0,0.0
Kuwait,KWT,171.0,1989.0,690.0,0.087,0.123,0.0,0.718,,,,,,,,,,,0.0,,,,1.0,0.0
Kuwait,KWT,171.0,1990.0,690.0,0.086,0.111,0.0,0.705,0.0,0.0,1.0,0.0,0.0,0.0,0.0,0.0,0.0,,0.0,,,,1.0,
Kuwait,KWT,171.0,1991.0,690.0,0.108,0.115,0.0,0.705,,,,,,,,,,,0.0,,,,1.0,0.0
Kuwait,KWT,171.0,1992.0,690.0,0.201,0.236,0.0,0.854,0.0,0.0,1.0,0.0,0.0,0.0,0.0,0.0,0.0,18.45,0.0,,,,1.0,0.0
Kuwait,KWT,171.0,1993.0,690.0,0.282,0.267,0.0,0.854,,,,,,,,,,,0.0,,,,1.0,0.0
Kuwait,KWT,171.0,1994.0,690.0,0.282,0.267,0.0,0.854,,,,,,,,,,,0.0,,,,1.0,0.0
Kuwait,KWT,171.0,1995.0,690.0,0.282,0.267,0.0,0.854,,,,,,,,,,,0.0,,,,1.0,0.0
Kuwait,KWT,171.0,1996.0,690.0,0.283,0.268,0.0,0.854,0.0,0.0,1.0,0.0,0.0,0.0,0.0,0.0,0.0,22.86,0.0,,,,1.0,0.0
Kuwait,KWT,171.0,1997.0,690.0,0.286,0.269,0.0,0.854,,,,,,,,,,,0.0,,,,1.0,0.0
Kuwait,KWT,171.0,1998.0,690.0,0.286,0.27,0.0,0.854,,,,,,,,,,,0.0,,,,1.0,0.0
Kuwait,KWT,171.0,1999.0,690.0,0.284,0.269,0.0,0.854,0.0,0.0,1.0,0.0,0.0,0.0,0.0,0.0,0.0,,0.0,,,,1.0,0.0
Kuwait,KWT,171.0,2000.0,690.0,0.282,0.267,0.0,0.854,,,,,,,,,,,0.0,,,,1.0,0.0
Kuwait,KWT,171.0,2001.0,690.0,0.266,0.259,0.0,0.854,,,,,,,,,,,0.0,,,,1.0,
Kuwait,KWT,171.0,2002.0,690.0,0.278,0.263,0.0,0.854,,,,,,,,,,,0.0,,,,1.0,0.0
Kuwait,KWT,171.0,2003.0,690.0,0.282,0.265,0.0,0.854,0.0,0.0,1.0,0.0,0.0,0.0,0.0,0.0,0.0,,0.0,,,,1.0,0.0
Kuwait,KWT,171.0,2004.0,690.0,0.282,0.265,0.0,0.854,,,,,,,,,,,0.0,,,,1.0,0.0
Kuwait,KWT,171.0,2005.0,690.0,0.326,0.287,0.0,0.854,,,,,,,,,,,0.0,,,,1.0,0.0
Kuwait,KWT,171.0,2006.0,690.0,0.326,0.288,0.0,0.854,0.0,0.0,1.0,0.0,0.0,0.0,0.0,0.0,0.0,19.42,0.0,,,,1.0,0.0
Kuwait,KWT,171.0,2007.0,690.0,0.323,0.286,0.0,0.854,,,,,,,,,,,0.0,,,,1.0,0.0
Kuwait,KWT,171.0,2008.0,690.0,0.324,0.287,0.0,0.854,0.0,0.0,1.0,0.0,0.0,0.0,0.0,0.0,0.0,12.29,0.0,,,,1.0,0.0
Kuwait,KWT,171.0,2009.0,690.0,0.324,0.286,0.0,0.854,0.0,0.0,1.0,0.0,0.0,0.0,0.0,0.0,0.0,,0.0,,,,1.0,0.0
Kuwait,KWT,171.0,2010.0,690.0,0.32,0.284,0.0,0.854,,,,,,,,,,,0.0,,,,1.0,0.0
Kuwait,KWT,171.0,2011.0,690.0,0.319,0.282,0.0,0.854,,,,,,,,,,,0.0,,,,1.0,0.0
Kuwait,KWT,171.0,2012.0,690.0,0.31,0.279,0.0,0.854,0.0,0.0,1.0,0.0,0.0,0.0,0.0,0.0,0.0,12.93,0.0,,,,1.0,0.0
Kuwait,KWT,171.0,2013.0,690.0,0.311,0.278,0.0,0.839,0.0,0.0,1.0,0.0,0.0,0.0,0.0,0.0,0.0,12.2,0.0,,,,1.0,0.0
Kuwait,KWT,171.0,2014.0,690.0,0.315,0.279,0.0,0.839,,,,,,,,,,,0.0,,,,1.0,0.0
Kuwait,KWT,171.0,2015.0,690.0,0.311,0.278,0.0,0.839,,,,,,,,,,,0.0,,,,1.0,0.0
Kuwait,KWT,171.0,2016.0,690.0,0.311,0.281,0.0,0.855,0.0,0.0,1.0,0.0,0.0,0.0,0.0,0.0,0.0,17.77,0.0,,,,1.0,0.0
Kuwait,KWT,171.0,2017.0,690.0,0.326,0.288,0.0,0.864,,,,,,,,,,,0.0,,,,1.0,0.0
Kuwait,KWT,171.0,2018.0,690.0,0.32,0.286,0.0,0.864,,,,,,,,,,,0.0,,,,1.0,0.0
Kuwait,KWT,171.0,2019.0,690.0,0.323,0.288,0.0,0.861,,,,,,,,,,,0.0,,,,1.0,0.0
Kuwait,KWT,171.0,2020.0,690.0,0.317,0.282,0.0,0.839,0.0,0.0,1.0,0.0,0.0,0.0,0.0,0.0,0.0,16.72,0.0,,,,1.0,0.0
Kuwait,KWT,171.0,2021.0,690.0,0.301,0.274,0.0,0.882,,,,,,,,,,,0.0,,,,1.0,0.0
Kuwait,KWT,171.0,2022.0,690.0,0.298,0.281,0.0,0.869,0.0,0.0,1.0,0.0,0.0,0.0,0.0,0.0,0.0,18.93,0.0,,,,1.0,0.0
Kuwait,KWT,171.0,2023.0,690.0,0.314,0.294,0.0,0.881,0.0,0.0,1.0,0.0,0.0,0.0,0.0,0.0,0.0,22.04,0.0,,,,1.0,0.0
Kuwait,KWT,171.0,2024.0,690.0,0.198,0.179,0.0,0.788,0.0,0.0,1.0,0.0,0.0,0.0,0.0,0.0,0.0,23.93,0.0,,,,1.0,0.0
Kuwait,KWT,171.0,2025.0,690.0,0.138,0.127,0.0,,,,,,,,,,,,0.0,,,,1.0,0.0
Lithuania,LTU,173.0,1990.0,368.0,0.797,0.729,2.0,0.984,2.0,0.0,1.0,0.0,0.0,0.0,0.0,0.0,0.0,,1.0,45.39,,,0.0,1.0
Lithuania,LTU,173.0,1991.0,368.0,0.791,0.714,2.0,0.976,,,,,,,,,,,1.0,,,,0.0,0.0
Lithuania,LTU,173.0,1992.0,368.0,0.799,0.731,2.0,0.976,2.0,0.0,1.0,1.0,0.0,0.0,0.0,0.0,0.0,70.21,1.0,51.77,,,0.0,0.0
Lithuania,LTU,173.0,1993.0,368.0,0.811,0.741,3.0,0.944,0.0,2.0,0.0,0.0,0.0,0.0,0.0,0.0,1.0,73.15,1.0,,61.1,38.9,0.0,0.0
Lithuania,LTU,173.0,1994.0,368.0,0.828,0.757,3.0,0.944,,,,,,,,,,,1.0,,,,0.0,0.0
Lithuania,LTU,173.0,1995.0,368.0,0.828,0.757,3.0,0.944,,,,,,,,,,,1.0,,,,0.0,0.0
Lithuania,LTU,173.0,1996.0,368.0,0.824,0.753,3.0,0.944,2.0,0.0,1.0,1.0,0.0,0.0,0.0,0.0,0.0,49.96,1.0,51.09,,,0.0,0.0
Lithuania,LTU,173.0,1997.0,368.0,0.827,0.758,3.0,0.944,0.0,2.0,0.0,0.0,0.0,0.0,0.0,0.0,1.0,70.52,1.0,,45.36,27.9,0.0,0.0
Lithuania,LTU,173.0,1998.0,368.0,0.824,0.754,3.0,0.944,0.0,2.0,0.0,0.0,0.0,0.0,0.0,0.0,0.0,70.52,1.0,,,,0.0,0.0
Lithuania,LTU,173.0,1999.0,368.0,0.827,0.756,3.0,0.941,,,,,,,,,,,1.0,,,,0.0,0.0
Lithuania,LTU,173.0,2000.0,368.0,0.822,0.759,3.0,0.941,2.0,0.0,1.0,0.0,0.0,0.0,0.0,0.0,0.0,50.43,1.0,23.4,,,0.0,0.0
Lithuania,LTU,173.0,2001.0,368.0,0.816,0.757,3.0,0.943,,,,,,,,,,,1.0,,,,0.0,0.0
Lithuania,LTU,173.0,2002.0,368.0,0.816,0.757,3.0,0.943,0.0,2.0,0.0,0.0,0.0,0.0,0.0,0.0,1.0,51.58,1.0,,35.5,19.7,0.0,0.0
Lithuania,LTU,173.0,2003.0,368.0,0.814,0.752,3.0,0.943,0.0,2.0,0.0,0.0,0.0,0.0,0.0,0.0,0.0,50.95,1.0,,,,0.0,0.0
Lithuania,LTU,173.0,2004.0,368.0,0.819,0.759,3.0,0.943,0.0,2.0,1.0,1.0,0.0,0.0,0.0,0.0,1.0,49.24,1.0,27.66,31.1,21.3,0.0,0.0
Lithuania,LTU,173.0,2005.0,368.0,0.822,0.762,3.0,0.943,,,,,,,,,,,1.0,,,,0.0,0.0
Lithuania,LTU,173.0,2006.0,368.0,0.822,0.761,3.0,0.934,,,,,,,,,,,1.0,,,,0.0,0.0
Lithuania,LTU,173.0,2007.0,368.0,0.822,0.762,3.0,0.934,,,,,,,,,,,1.0,,,,0.0,0.0
Lithuania,LTU,173.0,2008.0,368.0,0.824,0.765,3.0,0.934,2.0,0.0,1.0,1.0,0.0,0.0,0.0,0.0,0.0,46.15,0.0,31.91,,,0.0,0.0
Lithuania,LTU,173.0,2009.0,368.0,0.846,0.788,3.0,0.934,0.0,2.0,0.0,0.0,0.0,0.0,0.0,0.0,1.0,48.04,0.0,,69.09,11.8,0.0,0.0
Lithuania,LTU,173.0,2010.0,368.0,0.85,0.794,3.0,0.934,,,,,,,,,,,0.0,,,,0.0,0.0
Lithuania,LTU,173.0,2011.0,368.0,0.847,0.791,3.0,0.934,,,,,,,,,,,0.0,,,,0.0,0.0
Lithuania,LTU,173.0,2012.0,368.0,0.839,0.783,3.0,0.934,2.0,0.0,1.0,1.0,0.0,0.0,0.0,0.0,0.0,55.86,0.0,26.95,,,0.0,0.0
Lithuania,LTU,173.0,2013.0,368.0,0.826,0.771,3.0,0.934,,,,,,,,,,,0.0,,,,0.0,0.0
Lithuania,LTU,173.0,2014.0,368.0,0.829,0.773,3.0,0.934,0.0,2.0,0.0,0.0,0.0,0.0,0.0,0.0,1.0,47.44,0.0,,46.61,13.84,0.0,0.0
Lithuania,LTU,173.0,2015.0,368.0,0.836,0.78,3.0,0.934,,,,,,,,,,,0.0,,,,0.0,0.0
Lithuania,LTU,173.0,2016.0,368.0,0.825,0.772,2.0,0.95,2.0,0.0,1.0,1.0,0.0,0.0,0.0,0.0,0.0,54.5,0.0,38.3,,,0.0,0.0
Lithuania,LTU,173.0,2017.0,368.0,0.808,0.753,2.0,0.95,,,,,,,,,,,0.0,,,,0.0,0.0
Lithuania,LTU,173.0,2018.0,368.0,0.818,0.754,2.0,0.917,,,,,,,,,,,0.0,,,,0.0,0.0
Lithuania,LTU,173.0,2019.0,368.0,0.817,0.756,2.0,0.93,0.0,1.0,0.0,0.0,0.0,0.0,0.0,0.0,1.0,63.01,0.0,,31.53,31.16,0.0,0.0
Lithuania,LTU,173.0,2020.0,368.0,0.802,0.745,2.0,0.962,2.0,0.0,1.0,1.0,0.0,0.0,0.0,0.0,0.0,52.51,0.0,35.46,,,0.0,1.0
Lithuania,LTU,173.0,2021.0,368.0,0.793,0.732,2.0,0.966,,,,,,,,,,,0.0,,,,0.0,1.0
Lithuania,LTU,173.0,2022.0,368.0,0.793,0.734,2.0,0.966,,,,,,,,,,,0.0,,,,0.0,1.0
Lithuania,LTU,173.0,2023.0,368.0,0.785,0.724,2.0,0.956,,,,,,,,,,,0.0,,,,0.0,1.0
Lithuania,LTU,173.0,2024.0,368.0,0.798,0.732,2.0,0.958,0.0,0.0,1.0,1.0,0.0,0.0,0.0,0.0,1.0,67.05,0.0,36.88,74.15,24.34,0.0,0.0
Lithuania,LTU,173.0,2025.0,368.0,0.786,0.712,3.0,0.919,,,,,,,,,,,0.0,,,,0.0,1.0
Luxembourg,LUX,174.0,1980.0,212.0,0.869,0.78,3.0,0.899,,,,,,,,,,,0.0,,,,0.0,0.0
Luxembourg,LUX,174.0,1981.0,212.0,0.869,0.78,3.0,0.899,,,,,,,,,,,0.0,,,,0.0,0.0
Luxembourg,LUX,174.0,1982.0,212.0,0.869,0.78,3.0,0.899,,,,,,,,,,,0.0,,,,0.0,0.0
Luxembourg,LUX,174.0,1983.0,212.0,0.869,0.78,3.0,0.899,,,,,,,,,,,0.0,,,,0.0,0.0
Luxembourg,LUX,174.0,1984.0,212.0,0.869,0.78,3.0,0.899,,,1.0,0.0,0.0,0.0,0.0,0.0,0.0,66.83,0.0,39.06,,,0.0,0.0
Luxembourg,LUX,174.0,1985.0,212.0,0.87,0.779,3.0,0.899,,,,,,,,,,,0.0,,,,0.0,0.0
Luxembourg,LUX,174.0,1986.0,212.0,0.87,0.779,3.0,0.899,,,,,,,,,,,0.0,,,,0.0,0.0
Luxembourg,LUX,174.0,1987.0,212.0,0.87,0.779,3.0,0.899,,,,,,,,,,,0.0,,,,0.0,0.0
Luxembourg,LUX,174.0,1988.0,212.0,0.87,0.779,3.0,0.899,,,,,,,,,,,0.0,,,,0.0,0.0
Luxembourg,LUX,174.0,1989.0,212.0,0.869,0.78,3.0,0.899,,,1.0,0.0,0.0,0.0,0.0,0.0,0.0,64.07,0.0,36.67,,,0.0,0.0
Luxembourg,LUX,174.0,1990.0,212.0,0.868,0.785,3.0,0.899,,,,,,,,,,,0.0,,,,0.0,0.0
Luxembourg,LUX,174.0,1991.0,212.0,0.868,0.785,3.0,0.899,,,,,,,,,,,0.0,,,,0.0,0.0
Luxembourg,LUX,174.0,1992.0,212.0,0.868,0.785,3.0,0.899,,,,,,,,,,,0.0,,,,0.0,0.0
Luxembourg,LUX,174.0,1993.0,212.0,0.868,0.785,3.0,0.899,,,,,,,,,,,0.0,,,,0.0,0.0
Luxembourg,LUX,174.0,1994.0,212.0,0.868,0.785,3.0,0.899,,,1.0,0.0,0.0,0.0,0.0,0.0,0.0,60.52,0.0,35.0,,,0.0,0.0
Luxembourg,LUX,174.0,1995.0,212.0,0.867,0.784,3.0,0.899,,,,,,,,,,,0.0,,,,0.0,0.0
Luxembourg,LUX,174.0,1996.0,212.0,0.867,0.784,3.0,0.899,,,,,,,,,,,0.0,,,,0.0,0.0
Luxembourg,LUX,174.0,1997.0,212.0,0.867,0.784,3.0,0.899,,,,,,,,,,,0.0,,,,0.0,0.0
Luxembourg,LUX,174.0,1998.0,212.0,0.867,0.784,3.0,0.899,,,,,,,,,,,0.0,,,,0.0,0.0
Luxembourg,LUX,174.0,1999.0,212.0,0.868,0.785,3.0,0.899,,,1.0,0.0,0.0,0.0,0.0,0.0,0.0,56.92,0.0,31.67,,,0.0,0.0
Luxembourg,LUX,174.0,2000.0,212.0,0.869,0.787,3.0,0.899,,,,,,,,,,,0.0,,,,0.0,0.0
Luxembourg,LUX,174.0,2001.0,212.0,0.869,0.787,3.0,0.899,,,,,,,,,,,0.0,,,,0.0,0.0
Luxembourg,LUX,174.0,2002.0,212.0,0.869,0.787,3.0,0.899,,,,,,,,,,,0.0,,,,0.0,0.0
Luxembourg,LUX,174.0,2003.0,212.0,0.869,0.787,3.0,0.899,,,,,,,,,,,0.0,,,,0.0,0.0
Luxembourg,LUX,174.0,2004.0,212.0,0.869,0.787,3.0,0.899,0.0,0.0,1.0,0.0,0.0,0.0,0.0,0.0,0.0,56.5,0.0,40.0,,,0.0,0.0
Luxembourg,LUX,174.0,2005.0,212.0,0.87,0.787,3.0,0.899,,,,,,,,,,,0.0,,,,0.0,0.0
Luxembourg,LUX,174.0,2006.0,212.0,0.87,0.787,3.0,0.899,,,,,,,,,,,0.0,,,,0.0,0.0
Luxembourg,LUX,174.0,2007.0,212.0,0.87,0.787,3.0,0.899,,,,,,,,,,,0.0,,,,0.0,0.0
Luxembourg,LUX,174.0,2008.0,212.0,0.87,0.787,3.0,0.899,,,,,,,,,,,0.0,,,,0.0,0.0
Luxembourg,LUX,174.0,2009.0,212.0,0.871,0.79,3.0,0.899,0.0,0.0,1.0,0.0,0.0,0.0,0.0,0.0,0.0,53.2,0.0,43.33,,,0.0,0.0
Luxembourg,LUX,174.0,2010.0,212.0,0.872,0.792,3.0,0.899,,,,,,,,,,,0.0,,,,0.0,0.0
Luxembourg,LUX,174.0,2011.0,212.0,0.872,0.792,3.0,0.899,,,,,,,,,,,0.0,,,,0.0,0.0
Luxembourg,LUX,174.0,2012.0,212.0,0.872,0.792,3.0,0.899,,,,,,,,,,,0.0,,,,0.0,0.0
Luxembourg,LUX,174.0,2013.0,212.0,0.873,0.792,3.0,0.899,2.0,0.0,1.0,0.0,0.0,0.0,0.0,0.0,0.0,55.12,0.0,38.33,,,0.0,0.0
Luxembourg,LUX,174.0,2014.0,212.0,0.874,0.793,3.0,0.899,,,,,,,,,,,0.0,,,,0.0,0.0
Luxembourg,LUX,174.0,2015.0,212.0,0.874,0.793,3.0,0.899,,,,,,,,,,,0.0,,,,0.0,0.0
Luxembourg,LUX,174.0,2016.0,212.0,0.874,0.793,3.0,0.899,,,,,,,,,,,0.0,,,,0.0,0.0
Luxembourg,LUX,174.0,2017.0,212.0,0.874,0.793,3.0,0.899,,,,,,,,,,,0.0,,,,0.0,0.0
Luxembourg,LUX,174.0,2018.0,212.0,0.874,0.793,3.0,0.899,0.0,0.0,1.0,0.0,0.0,0.0,0.0,0.0,0.0,48.16,0.0,35.0,,,0.0,0.0
Luxembourg,LUX,174.0,2019.0,212.0,0.872,0.788,3.0,0.899,,,,,,,,,,,0.0,,,,0.0,0.0
Luxembourg,LUX,174.0,2020.0,212.0,0.872,0.786,3.0,0.899,,,,,,,,,,,0.0,,,,0.0,0.0
Luxembourg,LUX,174.0,2021.0,212.0,0.872,0.785,3.0,0.899,,,,,,,,,,,0.0,,,,0.0,0.0
Luxembourg,LUX,174.0,2022.0,212.0,0.872,0.788,3.0,0.899,,,,,,,,,,,0.0,,,,0.0,0.0
Luxembourg,LUX,174.0,2023.0,212.0,0.871,0.789,3.0,0.899,0.0,0.0,1.0,0.0,0.0,0.0,0.0,0.0,0.0,47.25,0.0,35.0,,,0.0,0.0
Luxembourg,LUX,174.0,2024.0,212.0,0.869,0.781,3.0,0.879,,,,,,,,,,,0.0,,,,0.0,0.0
Luxembourg,LUX,174.0,2025.0,212.0,0.869,0.777,3.0,0.86,,,,,,,,,,,0.0,,,,0.0,0.0
North Macedonia,MKD,176.0,1991.0,343.0,0.273,0.255,0.0,0.724,,,,,,,,,,,0.0,,,,0.0,0.0
North Macedonia,MKD,176.0,1992.0,343.0,0.274,0.256,0.0,0.724,,,,,,,,,,,0.0,,,,0.0,0.0
North Macedonia,MKD,176.0,1993.0,343.0,0.277,0.26,0.0,0.724,,,,,,,,,,,0.0,,,,0.0,0.0
North Macedonia,MKD,176.0,1994.0,343.0,0.315,0.279,1.0,0.719,0.0,0.0,1.0,1.0,0.0,0.0,0.0,0.0,1.0,71.59,0.0,72.5,78.4,21.6,0.0,0.0
North Macedonia,MKD,176.0,1995.0,343.0,0.449,0.348,1.0,0.693,,,,,,,,,,,0.0,,,,0.0,0.0
North Macedonia,MKD,176.0,1996.0,343.0,0.463,0.357,1.0,0.709,,,,,,,,,,,0.0,,,,0.0,0.0
North Macedonia,MKD,176.0,1997.0,343.0,0.471,0.362,1.0,0.711,,,,,,,,,,,0.0,,,,0.0,0.0
North Macedonia,MKD,176.0,1998.0,343.0,0.503,0.388,2.0,0.724,0.0,0.0,1.0,1.0,0.0,0.0,0.0,0.0,0.0,48.94,0.0,40.83,,,0.0,0.0
North Macedonia,MKD,176.0,1999.0,343.0,0.564,0.429,1.0,0.739,0.0,2.0,0.0,0.0,0.0,0.0,0.0,0.0,1.0,77.84,0.0,,21.1,33.1,0.0,0.0
North Macedonia,MKD,176.0,2000.0,343.0,0.459,0.352,1.0,0.739,,,,,,,,,,,0.0,,,,0.0,0.0
North Macedonia,MKD,176.0,2001.0,343.0,0.445,0.333,1.0,0.741,,,,,,,,,,,0.0,,,,0.0,0.0
North Macedonia,MKD,176.0,2002.0,343.0,0.525,0.399,2.0,0.741,2.0,0.0,1.0,0.0,0.0,0.0,0.0,0.0,0.0,85.35,0.0,50.0,,,0.0,0.0
North Macedonia,MKD,176.0,2003.0,343.0,0.617,0.465,2.0,0.734,,,,,,,,,,,0.0,,,,0.0,0.0
North Macedonia,MKD,176.0,2004.0,343.0,0.618,0.468,2.0,0.736,0.0,2.0,0.0,0.0,0.0,0.0,0.0,0.0,1.0,61.27,0.0,,42.5,34.1,0.0,0.0
North Macedonia,MKD,176.0,2005.0,343.0,0.603,0.455,2.0,0.736,,,,,,,,,,,0.0,,,,0.0,0.0
North Macedonia,MKD,176.0,2006.0,343.0,0.597,0.451,2.0,0.736,2.0,0.0,1.0,0.0,0.0,0.0,0.0,0.0,0.0,64.5,0.0,37.5,,,0.0,0.0
North Macedonia,MKD,176.0,2007.0,343.0,0.584,0.438,2.0,0.736,,,,,,,,,,,0.0,,,,0.0,0.0
North Macedonia,MKD,176.0,2008.0,343.0,0.553,0.412,2.0,0.727,0.0,0.0,1.0,0.0,0.0,0.0,0.0,0.0,0.0,67.08,0.0,52.5,,,0.0,0.0
North Macedonia,MKD,176.0,2009.0,343.0,0.528,0.378,2.0,0.685,0.0,2.0,0.0,0.0,0.0,0.0,0.0,0.0,1.0,64.01,0.0,,35.1,20.5,0.0,0.0
North Macedonia,MKD,176.0,2010.0,343.0,0.526,0.373,2.0,0.685,,,,,,,,,,,0.0,,,,0.0,0.0
North Macedonia,MKD,176.0,2011.0,343.0,0.478,0.34,1.0,0.685,0.0,0.0,1.0,0.0,0.0,0.0,0.0,0.0,0.0,69.37,0.0,45.53,,,0.0,0.0
North Macedonia,MKD,176.0,2012.0,343.0,0.45,0.315,1.0,0.691,,,,,,,,,,,0.0,,,,0.0,0.0
North Macedonia,MKD,176.0,2013.0,343.0,0.448,0.287,1.0,0.639,,,,,,,,,,,0.0,,,,0.0,0.0
North Macedonia,MKD,176.0,2014.0,343.0,0.447,0.276,1.0,0.618,0.0,0.0,1.0,0.0,0.0,0.0,0.0,0.0,1.0,59.54,0.0,49.59,51.67,37.52,0.0,0.0
North Macedonia,MKD,176.0,2015.0,343.0,0.44,0.27,1.0,0.599,,,,,,,,,,,0.0,,,,0.0,0.0
North Macedonia,MKD,176.0,2016.0,343.0,0.449,0.279,1.0,0.658,0.0,0.0,1.0,0.0,0.0,0.0,0.0,0.0,0.0,71.99,0.0,42.5,,,0.0,0.0
North Macedonia,MKD,176.0,2017.0,343.0,0.548,0.376,2.0,0.704,,,,,,,,,,,0.0,,,,0.0,0.0
North Macedonia,MKD,176.0,2018.0,343.0,0.575,0.386,2.0,0.664,,,,,,,,,,,0.0,,,,0.0,0.0
North Macedonia,MKD,176.0,2019.0,343.0,0.602,0.411,2.0,0.655,0.0,2.0,0.0,0.0,0.0,0.0,0.0,0.0,1.0,49.41,0.0,,42.84,42.24,0.0,0.0
North Macedonia,MKD,176.0,2020.0,343.0,0.598,0.4,2.0,0.638,0.0,0.0,1.0,0.0,0.0,0.0,0.0,0.0,0.0,55.09,0.0,38.33,,,0.0,0.0
North Macedonia,MKD,176.0,2021.0,343.0,0.592,0.389,2.0,0.652,,,,,,,,,,,0.0,,,,0.0,0.0
North Macedonia,MKD,176.0,2022.0,343.0,0.56,0.373,2.0,0.653,,,,,,,,,,,0.0,,,,0.0,0.0
North Macedonia,MKD,176.0,2023.0,343.0,0.562,0.363,2.0,0.618,,,,,,,,,,,0.0,,,,0.0,0.0
North Macedonia,MKD,176.0,2024.0,343.0,0.557,0.37,2.0,0.638,2.0,2.0,1.0,0.0,0.0,0.0,0.0,0.0,1.0,58.3,0.0,48.33,65.14,29.25,0.0,0.0
North Macedonia,MKD,176.0,2025.0,343.0,0.562,0.374,2.0,0.638,,,,,,,,,,,0.0,,,,0.0,0.0
Malaysia,MYS,177.0,1980.0,820.0,0.278,0.196,1.0,0.204,,,,,,,,,,,1.0,,,,0.0,0.0
Malaysia,MYS,177.0,1981.0,820.0,0.274,0.191,1.0,0.204,,,,,,,,,,,1.0,,,,0.0,0.0
Malaysia,MYS,177.0,1982.0,820.0,0.273,0.175,1.0,0.167,0.0,0.0,1.0,0.0,0.0,0.0,0.0,0.0,0.0,61.24,1.0,85.71,,,0.0,0.0
Malaysia,MYS,177.0,1983.0,820.0,0.272,0.173,1.0,0.149,,,,,,,,,,,1.0,,,,0.0,0.0
Malaysia,MYS,177.0,1984.0,820.0,0.272,0.171,1.0,0.149,,,,,,,,,,,1.0,,,,0.0,0.0
Malaysia,MYS,177.0,1985.0,820.0,0.272,0.17,1.0,0.149,,,,,,,,,,,1.0,,,,0.0,0.0
Malaysia,MYS,177.0,1986.0,820.0,0.27,0.168,1.0,0.149,0.0,0.0,1.0,0.0,0.0,0.0,0.0,0.0,0.0,64.0,1.0,83.62,,,0.0,0.0
Malaysia,MYS,177.0,1987.0,820.0,0.26,0.163,1.0,0.149,,,,,,,,,,,1.0,,,,0.0,0.0
Malaysia,MYS,177.0,1988.0,820.0,0.257,0.155,1.0,0.149,,,,,,,,,,,1.0,,,,0.0,0.0
Malaysia,MYS,177.0,1989.0,820.0,0.257,0.161,1.0,0.149,,,,,,,,,,,1.0,,,,0.0,0.0
Malaysia,MYS,177.0,1990.0,820.0,0.26,0.163,1.0,0.149,0.0,0.0,1.0,0.0,0.0,0.0,0.0,0.0,0.0,63.05,1.0,70.56,,,0.0,0.0
Malaysia,MYS,177.0,1991.0,820.0,0.259,0.162,1.0,0.149,,,,,,,,,,,1.0,,,,0.0,0.0
Malaysia,MYS,177.0,1992.0,820.0,0.259,0.162,1.0,0.149,,,,,,,,,,,1.0,,,,0.0,0.0
Malaysia,MYS,177.0,1993.0,820.0,0.259,0.162,1.0,0.149,,,,,,,,,,,1.0,,,,0.0,0.0
Malaysia,MYS,177.0,1994.0,820.0,0.259,0.162,1.0,0.149,,,,,,,,,,,1.0,,,,0.0,0.0
Malaysia,MYS,177.0,1995.0,820.0,0.258,0.162,1.0,0.149,0.0,0.0,1.0,0.0,0.0,0.0,0.0,0.0,0.0,63.6,1.0,84.38,,,0.0,0.0
Malaysia,MYS,177.0,1996.0,820.0,0.257,0.161,1.0,0.149,,,,,,,,,,,1.0,,,,0.0,0.0
Malaysia,MYS,177.0,1997.0,820.0,0.257,0.161,1.0,0.149,,,,,,,,,,,1.0,,,,0.0,0.0
Malaysia,MYS,177.0,1998.0,820.0,0.257,0.161,1.0,0.149,,,,,,,,,,,1.0,,,,0.0,0.0
Malaysia,MYS,177.0,1999.0,820.0,0.266,0.162,1.0,0.149,0.0,0.0,1.0,0.0,0.0,0.0,0.0,0.0,0.0,49.62,1.0,76.68,,,0.0,0.0
Malaysia,MYS,177.0,2000.0,820.0,0.277,0.165,1.0,0.149,,,,,,,,,,,1.0,,,,0.0,0.0
Malaysia,MYS,177.0,2001.0,820.0,0.281,0.166,1.0,0.149,,,,,,,,,,,1.0,,,,0.0,0.0
Malaysia,MYS,177.0,2002.0,820.0,0.281,0.171,1.0,0.206,,,,,,,,,,,1.0,,,,0.0,0.0
Malaysia,MYS,177.0,2003.0,820.0,0.286,0.173,1.0,0.206,,,,,,,,,,,1.0,,,,0.0,0.0
Malaysia,MYS,177.0,2004.0,820.0,0.309,0.207,1.0,0.333,0.0,0.0,1.0,0.0,0.0,0.0,0.0,0.0,0.0,52.24,1.0,90.41,,,0.0,0.0
Malaysia,MYS,177.0,2005.0,820.0,0.311,0.209,1.0,0.333,,,,,,,,,,,1.0,,,,0.0,0.0
Malaysia,MYS,177.0,2006.0,820.0,0.312,0.21,1.0,0.333,,,,,,,,,,,1.0,,,,0.0,0.0
Malaysia,MYS,177.0,2007.0,820.0,0.314,0.21,1.0,0.333,,,,,,,,,,,1.0,,,,0.0,0.0
Malaysia,MYS,177.0,2008.0,820.0,0.328,0.216,1.0,0.333,0.0,0.0,1.0,0.0,0.0,0.0,0.0,0.0,0.0,53.4,1.0,63.06,,,0.0,0.0
Malaysia,MYS,177.0,2009.0,820.0,0.331,0.218,1.0,0.333,,,,,,,,,,,1.0,,,,0.0,0.0
Malaysia,MYS,177.0,2010.0,820.0,0.329,0.216,1.0,0.333,,,,,,,,,,,1.0,,,,0.0,0.0
Malaysia,MYS,177.0,2011.0,820.0,0.327,0.216,1.0,0.333,,,,,,,,,,,1.0,,,,0.0,0.0
Malaysia,MYS,177.0,2012.0,820.0,0.327,0.218,1.0,0.343,,,,,,,,,,,1.0,,,,0.0,0.0
Malaysia,MYS,177.0,2013.0,820.0,0.321,0.206,1.0,0.335,0.0,0.0,1.0,0.0,0.0,0.0,0.0,0.0,0.0,62.95,1.0,59.91,,,0.0,0.0
Malaysia,MYS,177.0,2014.0,820.0,0.323,0.208,1.0,0.335,,,,,,,,,,,1.0,,,,0.0,0.0
Malaysia,MYS,177.0,2015.0,820.0,0.325,0.204,1.0,0.322,,,,,,,,,,,1.0,,,,0.0,0.0
Malaysia,MYS,177.0,2016.0,820.0,0.328,0.202,1.0,0.322,,,,,,,,,,,1.0,,,,0.0,0.0
Malaysia,MYS,177.0,2017.0,820.0,0.333,0.206,1.0,0.304,,,,,,,,,,,1.0,,,,0.0,0.0
Malaysia,MYS,177.0,2018.0,820.0,0.444,0.319,1.0,0.483,2.0,0.0,1.0,0.0,0.0,0.0,0.0,0.0,0.0,62.14,1.0,54.5,,,0.0,0.0
Malaysia,MYS,177.0,2019.0,820.0,0.47,0.338,1.0,0.519,,,,,,,,,,,1.0,,,,0.0,0.0
Malaysia,MYS,177.0,2020.0,820.0,0.425,0.307,1.0,0.458,,,,,,,,,,,1.0,,,,0.0,0.0
Malaysia,MYS,177.0,2021.0,820.0,0.432,0.3,1.0,0.412,,,,,,,,,,,1.0,,,,0.0,0.0
Malaysia,MYS,177.0,2022.0,820.0,0.459,0.316,1.0,0.412,2.0,0.0,1.0,0.0,0.0,0.0,0.0,0.0,0.0,63.6,1.0,36.94,,,0.0,0.0
Malaysia,MYS,177.0,2023.0,820.0,0.508,0.362,2.0,0.514,,,,,,,,,,,1.0,,,,0.0,0.0
Malaysia,MYS,177.0,2024.0,820.0,0.513,0.359,2.0,0.481,,,,,,,,,,,1.0,,,,0.0,0.0
Malaysia,MYS,177.0,2025.0,820.0,0.504,0.355,2.0,0.466,,,,,,,,,,,1.0,,,,0.0,0.0
Malta,MLT,178.0,1980.0,338.0,0.667,0.488,2.0,0.509,,,,,,,,,,,0.0,,,,0.0,0.0
Malta,MLT,178.0,1981.0,338.0,0.666,0.487,2.0,0.509,0.0,0.0,1.0,0.0,0.0,0.0,0.0,0.0,0.0,86.03,0.0,52.31,,,0.0,0.0
Malta,MLT,178.0,1982.0,338.0,0.65,0.472,2.0,0.509,,,,,,,,,,,0.0,,,,0.0,0.0
Malta,MLT,178.0,1983.0,338.0,0.65,0.472,2.0,0.509,,,,,,,,,,,0.0,,,,0.0,0.0
Malta,MLT,178.0,1984.0,338.0,0.65,0.472,2.0,0.509,,,,,,,,,,,0.0,,,,0.0,0.0
Malta,MLT,178.0,1985.0,338.0,0.65,0.472,2.0,0.509,,,,,,,,,,,0.0,,,,0.0,0.0
Malta,MLT,178.0,1986.0,338.0,0.65,0.475,2.0,0.509,,,,,,,,,,,0.0,,,,0.0,0.0
Malta,MLT,178.0,1987.0,338.0,0.713,0.528,2.0,0.531,2.0,0.0,1.0,0.0,0.0,0.0,0.0,0.0,0.0,95.57,0.0,50.72,,,0.0,0.0
Malta,MLT,178.0,1988.0,338.0,0.723,0.545,2.0,0.531,,,,,,,,,,,0.0,,,,0.0,0.0
Malta,MLT,178.0,1989.0,338.0,0.723,0.545,2.0,0.531,,,,,,,,,,,0.0,,,,0.0,0.0
Malta,MLT,178.0,1990.0,338.0,0.723,0.545,2.0,0.531,,,,,,,,,,,0.0,,,,0.0,0.0
Malta,MLT,178.0,1991.0,338.0,0.738,0.557,2.0,0.531,,,,,,,,,,,0.0,,,,0.0,0.0
Malta,MLT,178.0,1992.0,338.0,0.771,0.582,2.0,0.531,0.0,0.0,1.0,0.0,0.0,0.0,0.0,0.0,0.0,95.33,0.0,52.31,,,0.0,0.0
Malta,MLT,178.0,1993.0,338.0,0.776,0.586,2.0,0.531,,,,,,,,,,,0.0,,,,0.0,0.0
Malta,MLT,178.0,1994.0,338.0,0.776,0.586,2.0,0.531,,,,,,,,,,,0.0,,,,0.0,0.0
Malta,MLT,178.0,1995.0,338.0,0.776,0.586,2.0,0.531,,,,,,,,,,,0.0,,,,0.0,0.0
Malta,MLT,178.0,1996.0,338.0,0.786,0.596,2.0,0.531,2.0,0.0,1.0,0.0,0.0,0.0,0.0,0.0,0.0,98.02,0.0,50.72,,,0.0,0.0
Malta,MLT,178.0,1997.0,338.0,0.788,0.599,2.0,0.531,,,,,,,,,,,0.0,,,,0.0,0.0
Malta,MLT,178.0,1998.0,338.0,0.787,0.598,2.0,0.531,2.0,0.0,1.0,0.0,0.0,0.0,0.0,0.0,0.0,95.93,0.0,53.85,,,0.0,0.0
Malta,MLT,178.0,1999.0,338.0,0.786,0.597,2.0,0.531,,,,,,,,,,,0.0,,,,0.0,0.0
Malta,MLT,178.0,2000.0,338.0,0.786,0.597,2.0,0.531,,,,,,,,,,,0.0,,,,0.0,0.0
Malta,MLT,178.0,2001.0,338.0,0.786,0.597,2.0,0.531,,,,,,,,,,,0.0,,,,0.0,0.0
Malta,MLT,178.0,2002.0,338.0,0.786,0.597,2.0,0.531,,,,,,,,,,,0.0,,,,0.0,0.0
Malta,MLT,178.0,2003.0,338.0,0.788,0.599,2.0,0.531,0.0,0.0,1.0,0.0,0.0,0.0,0.0,0.0,0.0,95.35,0.0,53.85,,,0.0,0.0
Malta,MLT,178.0,2004.0,338.0,0.789,0.599,2.0,0.531,,,,,,,,,,,0.0,,,,0.0,0.0
Malta,MLT,178.0,2005.0,338.0,0.789,0.599,2.0,0.531,,,,,,,,,,,0.0,,,,0.0,0.0
Malta,MLT,178.0,2006.0,338.0,0.789,0.599,2.0,0.531,,,,,,,,,,,0.0,,,,0.0,0.0
Malta,MLT,178.0,2007.0,338.0,0.784,0.596,2.0,0.531,,,,,,,,,,,0.0,,,,0.0,0.0
Malta,MLT,178.0,2008.0,338.0,0.803,0.61,2.0,0.531,0.0,0.0,1.0,0.0,0.0,0.0,0.0,0.0,0.0,88.88,0.0,50.72,,,0.0,0.0
Malta,MLT,178.0,2009.0,338.0,0.815,0.624,2.0,0.531,,,,,,,,,,,0.0,,,,0.0,0.0
Malta,MLT,178.0,2010.0,338.0,0.815,0.623,2.0,0.531,,,,,,,,,,,0.0,,,,0.0,0.0
Malta,MLT,178.0,2011.0,338.0,0.815,0.623,2.0,0.531,,,,,,,,,,,0.0,,,,0.0,0.0
Malta,MLT,178.0,2012.0,338.0,0.817,0.624,2.0,0.531,,,,,,,,,,,0.0,,,,0.0,0.0
Malta,MLT,178.0,2013.0,338.0,0.793,0.597,2.0,0.513,2.0,0.0,1.0,0.0,0.0,0.0,0.0,0.0,0.0,91.72,0.0,56.52,,,0.0,0.0
Malta,MLT,178.0,2014.0,338.0,0.778,0.587,2.0,0.515,,,,,,,,,,,0.0,,,,0.0,0.0
Malta,MLT,178.0,2015.0,338.0,0.778,0.584,2.0,0.515,,,,,,,,,,,0.0,,,,0.0,0.0
Malta,MLT,178.0,2016.0,338.0,0.777,0.572,2.0,0.491,,,,,,,,,,,0.0,,,,0.0,0.0
Malta,MLT,178.0,2017.0,338.0,0.761,0.558,2.0,0.476,0.0,0.0,1.0,0.0,0.0,0.0,0.0,0.0,0.0,92.29,0.0,55.22,,,0.0,0.0
Malta,MLT,178.0,2018.0,338.0,0.754,0.552,2.0,0.476,,,,,,,,,,,0.0,,,,0.0,0.0
Malta,MLT,178.0,2019.0,338.0,0.767,0.569,2.0,0.535,,,,,,,,,,,0.0,,,,0.0,0.0
Malta,MLT,178.0,2020.0,338.0,0.767,0.605,2.0,0.637,,,,,,,,,,,0.0,,,,0.0,0.0
Malta,MLT,178.0,2021.0,338.0,0.77,0.605,2.0,0.637,,,,,,,,,,,0.0,,,,0.0,0.0
Malta,MLT,178.0,2022.0,338.0,0.78,0.617,2.0,0.637,0.0,0.0,1.0,0.0,0.0,0.0,0.0,0.0,0.0,77.41,0.0,56.72,,,0.0,0.0
Malta,MLT,178.0,2023.0,338.0,0.783,0.623,2.0,0.637,,,,,,,,,,,0.0,,,,0.0,0.0
Malta,MLT,178.0,2024.0,338.0,0.783,0.621,2.0,0.614,,,,,,,,,,,0.0,,,,0.0,0.0
Malta,MLT,178.0,2025.0,338.0,0.783,0.621,2.0,0.614,,,,,,,,,,,0.0,,,,0.0,0.0
Mauritius,MUS,180.0,1980.0,590.0,0.69,0.591,2.0,0.895,,,,,,,,,,,0.0,,,,0.0,0.0
Mauritius,MUS,180.0,1981.0,590.0,0.69,0.591,2.0,0.895,,,,,,,,,,,0.0,,,,0.0,0.0
Mauritius,MUS,180.0,1982.0,590.0,0.7,0.601,2.0,0.895,2.0,0.0,1.0,0.0,0.0,0.0,0.0,0.0,0.0,91.46,0.0,63.64,,,0.0,0.0
Mauritius,MUS,180.0,1983.0,590.0,0.7,0.601,2.0,0.895,0.0,0.0,1.0,0.0,0.0,0.0,0.0,0.0,0.0,77.04,0.0,65.71,,,0.0,0.0
Mauritius,MUS,180.0,1984.0,590.0,0.701,0.6,2.0,0.895,,,,,,,,,,,0.0,,,,0.0,0.0
Mauritius,MUS,180.0,1985.0,590.0,0.701,0.6,3.0,0.895,,,,,,,,,,,0.0,,,,0.0,0.0
Mauritius,MUS,180.0,1986.0,590.0,0.707,0.608,3.0,0.895,,,,,,,,,,,0.0,,,,0.0,0.0
Mauritius,MUS,180.0,1987.0,590.0,0.708,0.609,3.0,0.895,0.0,0.0,1.0,0.0,0.0,0.0,0.0,0.0,0.0,84.63,0.0,62.86,,,0.0,0.0
Mauritius,MUS,180.0,1988.0,590.0,0.71,0.611,3.0,0.895,,,,,,,,,,,0.0,,,,0.0,0.0
Mauritius,MUS,180.0,1989.0,590.0,0.71,0.611,3.0,0.895,,,,,,,,,,,0.0,,,,0.0,0.0
Mauritius,MUS,180.0,1990.0,590.0,0.718,0.603,3.0,0.833,,,,,,,,,,,0.0,,,,0.0,0.0
Mauritius,MUS,180.0,1991.0,590.0,0.72,0.605,3.0,0.833,0.0,0.0,1.0,0.0,0.0,0.0,0.0,0.0,0.0,82.45,0.0,48.39,,,0.0,0.0
Mauritius,MUS,180.0,1992.0,590.0,0.719,0.609,3.0,0.862,,,,,,,,,,,0.0,,,,0.0,0.0
Mauritius,MUS,180.0,1993.0,590.0,0.725,0.619,3.0,0.862,,,,,,,,,,,0.0,,,,0.0,0.0
Mauritius,MUS,180.0,1994.0,590.0,0.725,0.619,3.0,0.862,,,,,,,,,,,0.0,,,,0.0,0.0
Mauritius,MUS,180.0,1995.0,590.0,0.725,0.619,3.0,0.862,2.0,0.0,1.0,0.0,0.0,0.0,0.0,0.0,0.0,77.09,0.0,96.77,,,0.0,0.0
Mauritius,MUS,180.0,1996.0,590.0,0.723,0.617,3.0,0.862,,,,,,,,,,,0.0,,,,0.0,0.0
Mauritius,MUS,180.0,1997.0,590.0,0.723,0.617,3.0,0.862,,,,,,,,,,,0.0,,,,0.0,0.0
Mauritius,MUS,180.0,1998.0,590.0,0.723,0.617,3.0,0.862,,,,,,,,,,,0.0,,,,0.0,0.0
Mauritius,MUS,180.0,1999.0,590.0,0.723,0.616,3.0,0.862,,,,,,,,,,,0.0,,,,0.0,0.0
Mauritius,MUS,180.0,2000.0,590.0,0.73,0.641,3.0,0.894,2.0,0.0,1.0,0.0,0.0,0.0,0.0,0.0,0.0,79.57,0.0,87.1,,,0.0,0.0
Mauritius,MUS,180.0,2001.0,590.0,0.731,0.642,3.0,0.894,,,,,,,,,,,0.0,,,,0.0,0.0
Mauritius,MUS,180.0,2002.0,590.0,0.737,0.648,3.0,0.894,,,,,,,,,,,0.0,,,,0.0,0.0
Mauritius,MUS,180.0,2003.0,590.0,0.737,0.648,3.0,0.894,,,,,,,,,,,0.0,,,,0.0,0.0
Mauritius,MUS,180.0,2004.0,590.0,0.737,0.648,3.0,0.894,,,,,,,,,,,0.0,,,,0.0,0.0
Mauritius,MUS,180.0,2005.0,590.0,0.737,0.644,3.0,0.894,2.0,0.0,1.0,0.0,0.0,0.0,0.0,0.0,0.0,75.34,0.0,61.29,,,0.0,0.0
Mauritius,MUS,180.0,2006.0,590.0,0.737,0.645,3.0,0.894,,,,,,,,,,,0.0,,,,0.0,0.0
Mauritius,MUS,180.0,2007.0,590.0,0.737,0.645,3.0,0.894,,,,,,,,,,,0.0,,,,0.0,0.0
Mauritius,MUS,180.0,2008.0,590.0,0.737,0.641,3.0,0.862,,,,,,,,,,,0.0,,,,0.0,0.0
Mauritius,MUS,180.0,2009.0,590.0,0.737,0.641,3.0,0.862,,,,,,,,,,,0.0,,,,0.0,0.0
Mauritius,MUS,180.0,2010.0,590.0,0.746,0.655,3.0,0.891,0.0,0.0,1.0,0.0,0.0,0.0,0.0,0.0,0.0,72.63,0.0,66.13,,,0.0,0.0
Mauritius,MUS,180.0,2011.0,590.0,0.746,0.656,3.0,0.891,,,,,,,,,,,0.0,,,,0.0,0.0
Mauritius,MUS,180.0,2012.0,590.0,0.746,0.656,3.0,0.891,,,,,,,,,,,0.0,,,,0.0,0.0
Mauritius,MUS,180.0,2013.0,590.0,0.738,0.642,3.0,0.897,,,,,,,,,,,0.0,,,,0.0,0.0
Mauritius,MUS,180.0,2014.0,590.0,0.723,0.617,3.0,0.891,2.0,0.0,1.0,0.0,0.0,0.0,0.0,0.0,0.0,71.23,0.0,75.81,,,0.0,0.0
Mauritius,MUS,180.0,2015.0,590.0,0.737,0.627,3.0,0.891,,,,,,,,,,,0.0,,,,0.0,0.0
Mauritius,MUS,180.0,2016.0,590.0,0.731,0.62,3.0,0.891,,,,,,,,,,,0.0,,,,0.0,0.0
Mauritius,MUS,180.0,2017.0,590.0,0.732,0.622,2.0,0.857,,,,,,,,,,,0.0,,,,0.0,0.0
Mauritius,MUS,180.0,2018.0,590.0,0.739,0.631,2.0,0.869,,,,,,,,,,,0.0,,,,0.0,0.0
Mauritius,MUS,180.0,2019.0,590.0,0.694,0.595,2.0,0.886,0.0,0.0,1.0,0.0,0.0,0.0,0.0,0.0,0.0,69.45,0.0,61.29,,,0.0,0.0
Mauritius,MUS,180.0,2020.0,590.0,0.549,0.451,2.0,0.831,,,,,,,,,,,0.0,,,,0.0,0.0
Mauritius,MUS,180.0,2021.0,590.0,0.532,0.423,2.0,0.804,,,,,,,,,,,0.0,,,,0.0,0.0
Mauritius,MUS,180.0,2022.0,590.0,0.501,0.373,2.0,0.714,,,,,,,,,,,0.0,,,,0.0,0.0
Mauritius,MUS,180.0,2023.0,590.0,0.47,0.353,1.0,0.703,,,,,,,,,,,0.0,,,,0.0,0.0
Mauritius,MUS,180.0,2024.0,590.0,0.495,0.371,1.0,0.707,0.0,0.0,1.0,0.0,0.0,0.0,0.0,0.0,0.0,,0.0,96.77,,,0.0,0.0
Mauritius,MUS,180.0,2025.0,590.0,0.738,0.639,2.0,0.929,,,,,,,,,,,0.0,,,,0.0,0.0
Montenegro,MNE,183.0,1998.0,341.0,0.353,0.191,1.0,,0.0,0.0,1.0,0.0,0.0,0.0,0.0,0.0,0.0,,0.0,53.85,,,0.0,0.0
Montenegro,MNE,183.0,1999.0,341.0,0.432,0.331,1.0,0.551,,,,,,,,,,,0.0,,,,0.0,0.0
Montenegro,MNE,183.0,2000.0,341.0,0.432,0.336,1.0,0.575,,,,,,,,,,,0.0,,,,0.0,0.0
Montenegro,MNE,183.0,2001.0,341.0,0.457,0.348,1.0,0.575,0.0,0.0,1.0,0.0,0.0,0.0,0.0,0.0,0.0,,0.0,46.75,,,0.0,0.0
Montenegro,MNE,183.0,2002.0,341.0,0.483,0.363,1.0,0.557,0.0,0.0,1.0,0.0,0.0,0.0,0.0,0.0,1.0,38.9,0.0,52.0,85.73,6.02,0.0,0.0
Montenegro,MNE,183.0,2003.0,341.0,0.503,0.378,2.0,0.557,0.0,2.0,0.0,0.0,0.0,0.0,0.0,0.0,0.0,41.16,0.0,,,,0.0,0.0
Montenegro,MNE,183.0,2004.0,341.0,0.518,0.385,2.0,0.557,,,,,,,,,,,0.0,,,,0.0,0.0
Montenegro,MNE,183.0,2005.0,341.0,0.522,0.388,2.0,0.557,,,,,,,,,,,0.0,,,,0.0,0.0
Montenegro,MNE,183.0,2006.0,341.0,0.512,0.382,2.0,0.558,1.0,0.0,1.0,0.0,0.0,0.0,0.0,0.0,0.0,65.84,0.0,50.62,,,0.0,0.0
Montenegro,MNE,183.0,2007.0,341.0,0.493,0.392,1.0,0.696,,,,,,,,,,,0.0,,,,0.0,0.0
Montenegro,MNE,183.0,2008.0,341.0,0.506,0.406,2.0,0.696,0.0,0.0,0.0,0.0,0.0,0.0,0.0,0.0,1.0,63.46,0.0,,51.9,19.6,0.0,0.0
Montenegro,MNE,183.0,2009.0,341.0,0.511,0.41,2.0,0.696,0.0,0.0,1.0,0.0,0.0,0.0,0.0,0.0,0.0,61.15,0.0,59.26,,,0.0,0.0
Montenegro,MNE,183.0,2010.0,341.0,0.51,0.411,2.0,0.696,,,,,,,,,,,0.0,,,,0.0,0.0
Montenegro,MNE,183.0,2011.0,341.0,0.51,0.41,2.0,0.696,,,,,,,,,,,0.0,,,,0.0,0.0
Montenegro,MNE,183.0,2012.0,341.0,0.517,0.413,2.0,0.696,0.0,0.0,1.0,0.0,0.0,0.0,0.0,0.0,0.0,71.01,0.0,48.15,,,0.0,0.0
Montenegro,MNE,183.0,2013.0,341.0,0.494,0.394,1.0,0.621,0.0,0.0,0.0,0.0,0.0,0.0,0.0,0.0,1.0,64.36,0.0,,51.21,48.79,0.0,0.0
Montenegro,MNE,183.0,2014.0,341.0,0.484,0.388,1.0,0.621,,,,,,,,,,,0.0,,,,0.0,0.0
Montenegro,MNE,183.0,2015.0,341.0,0.484,0.387,1.0,0.624,,,,,,,,,,,0.0,,,,0.0,0.0
Montenegro,MNE,183.0,2016.0,341.0,0.484,0.383,1.0,0.612,1.0,0.0,1.0,0.0,0.0,0.0,0.0,0.0,0.0,73.88,0.0,44.44,,,0.0,0.0
Montenegro,MNE,183.0,2017.0,341.0,0.474,0.375,1.0,0.603,,,,,,,,,,,0.0,,,,0.0,0.0
Montenegro,MNE,183.0,2018.0,341.0,0.482,0.378,1.0,0.599,0.0,1.0,0.0,0.0,0.0,0.0,0.0,0.0,1.0,64.68,0.0,,53.9,33.4,0.0,0.0
Montenegro,MNE,183.0,2019.0,341.0,0.483,0.376,1.0,0.595,,,,,,,,,,,0.0,,,,0.0,0.0
Montenegro,MNE,183.0,2020.0,341.0,0.5,0.395,1.0,0.664,2.0,0.0,1.0,0.0,0.0,0.0,0.0,0.0,0.0,86.82,0.0,37.04,,,0.0,0.0
Montenegro,MNE,183.0,2021.0,341.0,0.534,0.432,2.0,0.729,,,,,,,,,,,0.0,,,,0.0,0.0
Montenegro,MNE,183.0,2022.0,341.0,0.532,0.429,2.0,0.702,,,,,,,,,,,0.0,,,,0.0,0.0
Montenegro,MNE,183.0,2023.0,341.0,0.61,0.491,2.0,0.729,2.0,2.0,1.0,0.0,0.0,0.0,0.0,0.0,1.0,80.41,0.0,29.63,35.37,28.92,0.0,0.0
Montenegro,MNE,183.0,2024.0,341.0,0.64,0.5,2.0,0.72,,,,,,,,,,,0.0,,,,0.0,0.0
Montenegro,MNE,183.0,2025.0,341.0,0.636,0.5,2.0,0.742,,,,,,,,,,,0.0,,,,0.0,0.0
New Zealand,NZL,185.0,1980.0,920.0,0.849,0.775,3.0,0.875,,,,,,,,,,,0.0,,,,0.0,0.0
New Zealand,NZL,185.0,1981.0,920.0,0.849,0.773,3.0,0.875,0.0,0.0,1.0,0.0,0.0,0.0,0.0,0.0,0.0,88.86,0.0,51.09,,,0.0,0.0
New Zealand,NZL,185.0,1982.0,920.0,0.85,0.775,3.0,0.875,,,,,,,,,,,0.0,,,,0.0,0.0
New Zealand,NZL,185.0,1983.0,920.0,0.853,0.778,3.0,0.875,,,,,,,,,,,0.0,,,,0.0,0.0
New Zealand,NZL,185.0,1984.0,920.0,0.862,0.788,3.0,0.875,2.0,0.0,1.0,0.0,0.0,0.0,0.0,0.0,0.0,87.44,0.0,58.95,,,0.0,0.0
New Zealand,NZL,185.0,1985.0,920.0,0.863,0.796,3.0,0.893,,,,,,,,,,,0.0,,,,0.0,0.0
New Zealand,NZL,185.0,1986.0,920.0,0.863,0.803,3.0,0.893,,,,,,,,,,,0.0,,,,0.0,0.0
New Zealand,NZL,185.0,1987.0,920.0,0.864,0.804,3.0,0.893,0.0,0.0,1.0,0.0,0.0,0.0,0.0,0.0,0.0,81.43,0.0,58.76,,,0.0,0.0
New Zealand,NZL,185.0,1988.0,920.0,0.866,0.806,3.0,0.893,,,,,,,,,,,0.0,,,,0.0,0.0
New Zealand,NZL,185.0,1989.0,920.0,0.866,0.806,3.0,0.893,,,,,,,,,,,0.0,,,,0.0,0.0
New Zealand,NZL,185.0,1990.0,920.0,0.869,0.808,3.0,0.893,2.0,0.0,1.0,0.0,0.0,0.0,0.0,0.0,0.0,78.62,0.0,69.07,,,0.0,0.0
New Zealand,NZL,185.0,1991.0,920.0,0.871,0.809,3.0,0.893,,,,,,,,,,,0.0,,,,0.0,0.0
New Zealand,NZL,185.0,1992.0,920.0,0.871,0.809,3.0,0.893,,,,,,,,,,,0.0,,,,0.0,0.0
New Zealand,NZL,185.0,1993.0,920.0,0.874,0.814,3.0,0.893,0.0,0.0,1.0,0.0,0.0,0.0,0.0,0.0,0.0,79.61,0.0,50.51,,,0.0,0.0
New Zealand,NZL,185.0,1994.0,920.0,0.872,0.813,3.0,0.893,,,,,,,,,,,0.0,,,,0.0,0.0
New Zealand,NZL,185.0,1995.0,920.0,0.872,0.813,3.0,0.893,,,,,,,,,,,0.0,,,,0.0,0.0
New Zealand,NZL,185.0,1996.0,920.0,0.879,0.82,3.0,0.893,0.0,0.0,1.0,0.0,0.0,0.0,0.0,0.0,0.0,83.02,0.0,36.67,,,0.0,0.0
New Zealand,NZL,185.0,1997.0,920.0,0.88,0.825,3.0,0.915,,,,,,,,,,,0.0,,,,0.0,1.0
New Zealand,NZL,185.0,1998.0,920.0,0.88,0.825,3.0,0.915,,,,,,,,,,,0.0,,,,0.0,1.0
New Zealand,NZL,185.0,1999.0,920.0,0.88,0.825,3.0,0.915,2.0,0.0,1.0,0.0,0.0,0.0,0.0,0.0,0.0,76.11,0.0,40.83,,,0.0,1.0
New Zealand,NZL,185.0,2000.0,920.0,0.881,0.827,3.0,0.915,,,,,,,,,,,0.0,,,,0.0,1.0
New Zealand,NZL,185.0,2001.0,920.0,0.881,0.827,3.0,0.915,,,,,,,,,,,0.0,,,,0.0,1.0
New Zealand,NZL,185.0,2002.0,920.0,0.881,0.826,3.0,0.915,0.0,0.0,1.0,0.0,0.0,0.0,0.0,0.0,0.0,72.49,0.0,43.33,,,0.0,1.0
New Zealand,NZL,185.0,2003.0,920.0,0.88,0.825,3.0,0.915,,,,,,,,,,,0.0,,,,0.0,1.0
New Zealand,NZL,185.0,2004.0,920.0,0.88,0.825,3.0,0.915,,,,,,,,,,,0.0,,,,0.0,1.0
New Zealand,NZL,185.0,2005.0,920.0,0.879,0.824,3.0,0.915,0.0,0.0,1.0,0.0,0.0,0.0,0.0,0.0,0.0,79.22,0.0,41.32,,,0.0,1.0
New Zealand,NZL,185.0,2006.0,920.0,0.878,0.822,3.0,0.915,,,,,,,,,,,0.0,,,,0.0,1.0
New Zealand,NZL,185.0,2007.0,920.0,0.878,0.822,3.0,0.915,,,,,,,,,,,0.0,,,,0.0,1.0
New Zealand,NZL,185.0,2008.0,920.0,0.88,0.825,3.0,0.915,2.0,0.0,1.0,0.0,0.0,0.0,0.0,0.0,0.0,77.84,0.0,47.54,,,0.0,0.0
New Zealand,NZL,185.0,2009.0,920.0,0.893,0.839,3.0,0.915,,,,,,,,,,,0.0,,,,0.0,0.0
New Zealand,NZL,185.0,2010.0,920.0,0.893,0.839,3.0,0.915,,,,,,,,,,,0.0,,,,0.0,0.0
New Zealand,NZL,185.0,2011.0,920.0,0.891,0.837,3.0,0.915,0.0,0.0,1.0,0.0,0.0,0.0,0.0,0.0,0.0,69.83,0.0,48.76,,,0.0,0.0
New Zealand,NZL,185.0,2012.0,920.0,0.893,0.84,3.0,0.915,,,,,,,,,,,0.0,,,,0.0,0.0
New Zealand,NZL,185.0,2013.0,920.0,0.887,0.832,3.0,0.915,,,,,,,,,,,0.0,,,,0.0,0.0
New Zealand,NZL,185.0,2014.0,920.0,0.886,0.831,3.0,0.915,0.0,0.0,1.0,0.0,0.0,0.0,0.0,0.0,0.0,72.35,0.0,49.59,,,0.0,0.0
New Zealand,NZL,185.0,2015.0,920.0,0.883,0.828,3.0,0.915,,,,,,,,,,,0.0,,,,0.0,0.0
New Zealand,NZL,185.0,2016.0,920.0,0.883,0.828,3.0,0.915,,,,,,,,,,,0.0,,,,0.0,0.0
New Zealand,NZL,185.0,2017.0,920.0,0.879,0.822,3.0,0.915,2.0,0.0,1.0,0.0,0.0,0.0,0.0,0.0,0.0,76.35,0.0,48.33,,,0.0,1.0
New Zealand,NZL,185.0,2018.0,920.0,0.888,0.833,3.0,0.915,,,,,,,,,,,0.0,,,,0.0,1.0
New Zealand,NZL,185.0,2019.0,920.0,0.885,0.831,3.0,0.915,,,,,,,,,,,0.0,,,,0.0,1.0
New Zealand,NZL,185.0,2020.0,920.0,0.882,0.826,3.0,0.915,0.0,0.0,1.0,0.0,0.0,0.0,0.0,0.0,0.0,77.35,0.0,54.17,,,0.0,1.0
New Zealand,NZL,185.0,2021.0,920.0,0.874,0.813,3.0,0.915,,,,,,,,,,,0.0,,,,0.0,1.0
New Zealand,NZL,185.0,2022.0,920.0,0.878,0.822,3.0,0.915,,,,,,,,,,,0.0,,,,0.0,1.0
New Zealand,NZL,185.0,2023.0,920.0,0.88,0.824,3.0,0.915,2.0,0.0,1.0,0.0,0.0,0.0,0.0,0.0,0.0,73.4,0.0,39.34,,,0.0,0.0
New Zealand,NZL,185.0,2024.0,920.0,0.868,0.811,3.0,0.915,,,,,,,,,,,0.0,,,,0.0,0.0
New Zealand,NZL,185.0,2025.0,920.0,0.849,0.787,3.0,0.884,,,,,,,,,,,0.0,,,,0.0,0.0
Norway,NOR,186.0,1980.0,385.0,0.864,0.827,3.0,0.974,,,,,,,,,,,1.0,,,,0.0,0.0
Norway,NOR,186.0,1981.0,385.0,0.864,0.828,3.0,0.974,0.0,0.0,1.0,0.0,0.0,0.0,0.0,0.0,0.0,82.26,1.0,42.58,,,0.0,1.0
Norway,NOR,186.0,1982.0,385.0,0.863,0.828,3.0,0.974,,,,,,,,,,,1.0,,,,0.0,0.0
Norway,NOR,186.0,1983.0,385.0,0.863,0.828,3.0,0.974,,,,,,,,,,,1.0,,,,0.0,0.0
Norway,NOR,186.0,1984.0,385.0,0.863,0.828,3.0,0.974,,,,,,,,,,,1.0,,,,0.0,0.0
Norway,NOR,186.0,1985.0,385.0,0.863,0.828,3.0,0.974,0.0,0.0,1.0,0.0,0.0,0.0,0.0,0.0,0.0,83.65,1.0,45.22,,,0.0,0.0
Norway,NOR,186.0,1986.0,385.0,0.865,0.83,3.0,0.974,,,,,,,,,,,1.0,,,,0.0,1.0
Norway,NOR,186.0,1987.0,385.0,0.865,0.83,3.0,0.974,,,,,,,,,,,1.0,,,,0.0,1.0
Norway,NOR,186.0,1988.0,385.0,0.865,0.83,3.0,0.974,,,,,,,,,,,1.0,,,,0.0,1.0
Norway,NOR,186.0,1989.0,385.0,0.864,0.829,3.0,0.974,2.0,0.0,1.0,0.0,0.0,0.0,0.0,0.0,0.0,81.52,1.0,38.18,,,0.0,0.0
Norway,NOR,186.0,1990.0,385.0,0.88,0.845,3.0,0.974,,,,,,,,,,,1.0,,,,0.0,1.0
Norway,NOR,186.0,1991.0,385.0,0.88,0.845,3.0,0.974,,,,,,,,,,,1.0,,,,0.0,1.0
Norway,NOR,186.0,1992.0,385.0,0.88,0.845,3.0,0.974,,,,,,,,,,,1.0,,,,0.0,1.0
Norway,NOR,186.0,1993.0,385.0,0.88,0.846,3.0,0.974,0.0,0.0,1.0,0.0,0.0,0.0,0.0,0.0,0.0,74.47,1.0,40.61,,,0.0,1.0
Norway,NOR,186.0,1994.0,385.0,0.881,0.847,3.0,0.974,,,,,,,,,,,1.0,,,,0.0,1.0
Norway,NOR,186.0,1995.0,385.0,0.881,0.847,3.0,0.974,,,,,,,,,,,1.0,,,,0.0,1.0
Norway,NOR,186.0,1996.0,385.0,0.881,0.847,3.0,0.974,,,,,,,,,,,1.0,,,,0.0,0.0
Norway,NOR,186.0,1997.0,385.0,0.881,0.847,3.0,0.974,2.0,0.0,1.0,0.0,0.0,0.0,0.0,0.0,0.0,76.77,1.0,39.39,,,0.0,0.0
Norway,NOR,186.0,1998.0,385.0,0.882,0.848,3.0,0.974,,,,,,,,,,,1.0,,,,0.0,0.0
Norway,NOR,186.0,1999.0,385.0,0.882,0.848,3.0,0.974,,,,,,,,,,,1.0,,,,0.0,0.0
Norway,NOR,186.0,2000.0,385.0,0.891,0.857,3.0,0.974,,,,,,,,,,,1.0,,,,0.0,0.0
Norway,NOR,186.0,2001.0,385.0,0.892,0.858,3.0,0.974,2.0,0.0,1.0,0.0,0.0,0.0,0.0,0.0,0.0,73.5,1.0,26.06,,,0.0,0.0
Norway,NOR,186.0,2002.0,385.0,0.893,0.86,3.0,0.974,,,,,,,,,,,1.0,,,,0.0,0.0
Norway,NOR,186.0,2003.0,385.0,0.893,0.86,3.0,0.974,,,,,,,,,,,1.0,,,,0.0,0.0
Norway,NOR,186.0,2004.0,385.0,0.893,0.86,3.0,0.974,,,,,,,,,,,1.0,,,,0.0,0.0
Norway,NOR,186.0,2005.0,385.0,0.895,0.862,3.0,0.974,2.0,0.0,1.0,0.0,0.0,0.0,0.0,0.0,0.0,76.54,1.0,36.09,,,0.0,0.0
Norway,NOR,186.0,2006.0,385.0,0.898,0.864,3.0,0.974,,,,,,,,,,,1.0,,,,0.0,0.0
Norway,NOR,186.0,2007.0,385.0,0.898,0.864,3.0,0.974,,,,,,,,,,,1.0,,,,0.0,0.0
Norway,NOR,186.0,2008.0,385.0,0.898,0.864,3.0,0.974,,,,,,,,,,,1.0,,,,0.0,0.0
Norway,NOR,186.0,2009.0,385.0,0.899,0.866,3.0,0.974,0.0,0.0,1.0,0.0,0.0,0.0,0.0,0.0,0.0,74.74,1.0,37.87,,,0.0,0.0
Norway,NOR,186.0,2010.0,385.0,0.901,0.869,3.0,0.974,,,,,,,,,,,1.0,,,,0.0,0.0
Norway,NOR,186.0,2011.0,385.0,0.901,0.869,3.0,0.974,,,,,,,,,,,1.0,,,,0.0,0.0
Norway,NOR,186.0,2012.0,385.0,0.901,0.869,3.0,0.974,,,,,,,,,,,1.0,,,,0.0,0.0
Norway,NOR,186.0,2013.0,385.0,0.897,0.863,3.0,0.974,2.0,0.0,1.0,0.0,0.0,0.0,0.0,0.0,0.0,77.93,1.0,32.54,,,0.0,1.0
Norway,NOR,186.0,2014.0,385.0,0.9,0.866,3.0,0.974,,,,,,,,,,,1.0,,,,0.0,1.0
Norway,NOR,186.0,2015.0,385.0,0.904,0.871,3.0,0.974,,,,,,,,,,,1.0,,,,0.0,1.0
Norway,NOR,186.0,2016.0,385.0,0.891,0.859,3.0,0.974,,,,,,,,,,,1.0,,,,0.0,1.0
Norway,NOR,186.0,2017.0,385.0,0.888,0.855,3.0,0.974,0.0,0.0,1.0,0.0,0.0,0.0,0.0,0.0,0.0,70.59,1.0,28.99,,,0.0,1.0
Norway,NOR,186.0,2018.0,385.0,0.883,0.847,3.0,0.974,,,,,,,,,,,1.0,,,,0.0,1.0
Norway,NOR,186.0,2019.0,385.0,0.889,0.852,3.0,0.974,,,,,,,,,,,1.0,,,,0.0,1.0
Norway,NOR,186.0,2020.0,385.0,0.888,0.84,3.0,0.974,,,,,,,,,,,1.0,,,,0.0,1.0
Norway,NOR,186.0,2021.0,385.0,0.892,0.843,3.0,0.974,1.0,0.0,1.0,0.0,0.0,0.0,0.0,0.0,0.0,69.33,1.0,28.4,,,0.0,0.0
Norway,NOR,186.0,2022.0,385.0,0.892,0.842,3.0,0.974,,,,,,,,,,,1.0,,,,0.0,0.0
Norway,NOR,186.0,2023.0,385.0,0.89,0.841,3.0,0.974,,,,,,,,,,,1.0,,,,0.0,0.0
Norway,NOR,186.0,2024.0,385.0,0.889,0.847,3.0,0.984,,,,,,,,,,,1.0,,,,0.0,0.0
Norway,NOR,186.0,2025.0,385.0,0.89,0.847,3.0,0.984,0.0,0.0,1.0,0.0,0.0,0.0,0.0,0.0,0.0,73.13,1.0,31.36,,,0.0,0.0
Oman,OMN,187.0,1980.0,698.0,0.015,0.062,0.0,0.313,,,,,,,,,,,0.0,,,,1.0,
Oman,OMN,187.0,1981.0,698.0,0.015,0.062,0.0,0.313,,,,,,,,,,,0.0,,,,1.0,
Oman,OMN,187.0,1982.0,698.0,0.015,0.064,0.0,0.313,,,,,,,,,,,0.0,,,,1.0,
Oman,OMN,187.0,1983.0,698.0,0.015,0.064,0.0,0.313,,,,,,,,,,,0.0,,,,1.0,
Oman,OMN,187.0,1984.0,698.0,0.015,0.064,0.0,0.313,,,,,,,,,,,0.0,,,,1.0,
Oman,OMN,187.0,1985.0,698.0,0.015,0.064,0.0,0.313,,,,,,,,,,,0.0,,,,1.0,
Oman,OMN,187.0,1986.0,698.0,0.015,0.065,0.0,0.313,,,,,,,,,,,0.0,,,,1.0,
Oman,OMN,187.0,1987.0,698.0,0.015,0.065,0.0,0.313,,,,,,,,,,,0.0,,,,1.0,
Oman,OMN,187.0,1988.0,698.0,0.015,0.066,0.0,0.313,,,,,,,,,,,0.0,,,,1.0,
Oman,OMN,187.0,1989.0,698.0,0.015,0.066,0.0,0.313,,,,,,,,,,,0.0,,,,1.0,
Oman,OMN,187.0,1990.0,698.0,0.014,0.066,0.0,0.313,,,,,,,,,,,0.0,,,,1.0,
Oman,OMN,187.0,1991.0,698.0,0.014,0.069,0.0,0.312,,,,,,,,,,,0.0,,,,1.0,
Oman,OMN,187.0,1992.0,698.0,0.014,0.084,0.0,0.2,,,,,,,,,,,0.0,,,,1.0,
Oman,OMN,187.0,1993.0,698.0,0.014,0.084,0.0,0.2,,,,,,,,,,,0.0,,,,1.0,
Oman,OMN,187.0,1994.0,698.0,0.015,0.084,0.0,0.2,,,,,,,,,,,0.0,,,,1.0,
Oman,OMN,187.0,1995.0,698.0,0.015,0.084,0.0,0.2,,,,,,,,,,,0.0,,,,1.0,
Oman,OMN,187.0,1996.0,698.0,0.015,0.086,0.0,0.2,,,,,,,,,,,0.0,,,,1.0,
Oman,OMN,187.0,1997.0,698.0,0.015,0.086,0.0,0.2,,,,,,,,,,,0.0,,,,1.0,
Oman,OMN,187.0,1998.0,698.0,0.017,0.086,0.0,0.2,,,,,,,,,,,0.0,,,,1.0,
Oman,OMN,187.0,1999.0,698.0,0.017,0.087,0.0,0.2,,,,,,,,,,,0.0,,,,1.0,
Oman,OMN,187.0,2000.0,698.0,0.051,0.104,0.0,0.2,0.0,0.0,1.0,0.0,0.0,0.0,0.0,0.0,0.0,,0.0,,,,1.0,
Oman,OMN,187.0,2001.0,698.0,0.101,0.111,0.0,0.2,,,,,,,,,,,0.0,,,,1.0,
Oman,OMN,187.0,2002.0,698.0,0.148,0.122,0.0,0.2,,,,,,,,,,,0.0,,,,1.0,
Oman,OMN,187.0,2003.0,698.0,0.151,0.123,0.0,0.2,0.0,0.0,1.0,0.0,0.0,0.0,0.0,0.0,0.0,,0.0,,,,1.0,
Oman,OMN,187.0,2004.0,698.0,0.156,0.124,0.0,0.2,,,,,,,,,,,0.0,,,,1.0,
Oman,OMN,187.0,2005.0,698.0,0.156,0.125,0.0,0.2,,,,,,,,,,,0.0,,,,1.0,
Oman,OMN,187.0,2006.0,698.0,0.157,0.127,0.0,0.2,,,,,,,,,,,0.0,,,,1.0,
Oman,OMN,187.0,2007.0,698.0,0.157,0.125,0.0,0.2,0.0,0.0,1.0,0.0,0.0,0.0,0.0,0.0,0.0,13.28,0.0,,,,1.0,
Oman,OMN,187.0,2008.0,698.0,0.157,0.126,0.0,0.2,,,,,,,,,,,0.0,,,,1.0,
Oman,OMN,187.0,2009.0,698.0,0.157,0.126,0.0,0.2,,,,,,,,,,,0.0,,,,1.0,
Oman,OMN,187.0,2010.0,698.0,0.156,0.126,0.0,0.2,,,,,,,,,,,0.0,,,,1.0,
Oman,OMN,187.0,2011.0,698.0,0.167,0.136,0.0,0.293,0.0,0.0,1.0,0.0,0.0,0.0,0.0,0.0,0.0,23.18,0.0,,,,1.0,
Oman,OMN,187.0,2012.0,698.0,0.171,0.138,0.0,0.306,,,,,,,,,,,0.0,,,,1.0,
Oman,OMN,187.0,2013.0,698.0,0.171,0.139,0.0,0.306,,,,,,,,,,,0.0,,,,1.0,
Oman,OMN,187.0,2014.0,698.0,0.172,0.14,0.0,0.306,,,,,,,,,,,0.0,,,,1.0,
Oman,OMN,187.0,2015.0,698.0,0.172,0.141,0.0,0.306,0.0,0.0,1.0,0.0,0.0,0.0,0.0,0.0,0.0,15.52,0.0,,,,1.0,
Oman,OMN,187.0,2016.0,698.0,0.175,0.141,0.0,0.306,,,,,,,,,,,0.0,,,,1.0,
Oman,OMN,187.0,2017.0,698.0,0.176,0.14,0.0,0.306,,,,,,,,,,,0.0,,,,1.0,
Oman,OMN,187.0,2018.0,698.0,0.176,0.141,0.0,0.306,,,,,,,,,,,0.0,,,,1.0,
Oman,OMN,187.0,2019.0,698.0,0.176,0.141,0.0,0.306,0.0,0.0,1.0,0.0,0.0,0.0,0.0,0.0,0.0,16.42,0.0,,,,1.0,
Oman,OMN,187.0,2020.0,698.0,0.174,0.137,0.0,0.283,,,,,,,,,,,0.0,,,,1.0,
Oman,OMN,187.0,2021.0,698.0,0.174,0.14,0.0,0.316,,,,,,,,,,,0.0,,,,1.0,
Oman,OMN,187.0,2022.0,698.0,0.172,0.138,0.0,0.316,,,,,,,,,,,0.0,,,,1.0,
Oman,OMN,187.0,2023.0,698.0,0.172,0.139,0.0,0.316,0.0,0.0,1.0,0.0,0.0,0.0,0.0,0.0,0.0,21.26,0.0,,,,1.0,
Oman,OMN,187.0,2024.0,698.0,0.175,0.139,0.0,0.316,,,,,,,,,,,0.0,,,,1.0,
Oman,OMN,187.0,2025.0,698.0,0.175,0.14,0.0,0.316,,,,,,,,,,,0.0,,,,1.0,
Paraguay,PRY,189.0,1980.0,150.0,0.162,0.045,1.0,0.042,,,,,,,,,,,1.0,,,,1.0,
Paraguay,PRY,189.0,1981.0,150.0,0.162,0.045,1.0,0.042,,,,,,,,,,,1.0,,,,1.0,
Paraguay,PRY,189.0,1982.0,150.0,0.162,0.045,1.0,0.042,,,,,,,,,,,1.0,,,,1.0,
Paraguay,PRY,189.0,1983.0,150.0,0.163,0.045,1.0,0.042,0.0,0.0,1.0,0.0,0.0,0.0,0.0,0.0,1.0,56.99,1.0,66.67,91.0,5.7,1.0,
Paraguay,PRY,189.0,1984.0,150.0,0.163,0.045,1.0,0.042,,,,,,,,,,,1.0,,,,1.0,
Paraguay,PRY,189.0,1985.0,150.0,0.164,0.045,1.0,0.042,,,,,,,,,,,1.0,,,,1.0,
Paraguay,PRY,189.0,1986.0,150.0,0.164,0.047,1.0,0.042,,,,,,,,,,,1.0,,,,1.0,
Paraguay,PRY,189.0,1987.0,150.0,0.166,0.05,1.0,0.055,,,,,,,,,,,1.0,,,,1.0,
Paraguay,PRY,189.0,1988.0,150.0,0.167,0.051,1.0,0.055,0.0,0.0,1.0,0.0,0.0,0.0,0.0,0.0,1.0,63.49,1.0,66.67,89.6,7.2,1.0,
Paraguay,PRY,189.0,1989.0,150.0,0.191,0.075,1.0,0.254,2.0,2.0,1.0,0.0,0.0,0.0,0.0,0.0,1.0,55.66,1.0,66.67,75.9,20.4,1.0,
Paraguay,PRY,189.0,1990.0,150.0,0.384,0.208,1.0,0.37,,,,,,,,,,,1.0,,,,1.0,
Paraguay,PRY,189.0,1991.0,150.0,0.401,0.215,1.0,0.37,0.0,0.0,0.0,0.0,0.0,0.0,1.0,0.0,0.0,,1.0,,,,1.0,
Paraguay,PRY,189.0,1992.0,150.0,0.481,0.35,1.0,0.659,,,,,,,,,,,1.0,,,,1.0,
Paraguay,PRY,189.0,1993.0,150.0,0.512,0.364,2.0,0.645,1.0,1.0,1.0,0.0,0.0,0.0,0.0,0.0,1.0,33.38,1.0,47.5,41.6,33.5,1.0,
Paraguay,PRY,189.0,1994.0,150.0,0.518,0.377,2.0,0.695,,,,,,,,,,,1.0,,,,1.0,
Paraguay,PRY,189.0,1995.0,150.0,0.518,0.377,2.0,0.695,,,,,,,,,,,1.0,,,,1.0,
Paraguay,PRY,189.0,1996.0,150.0,0.523,0.38,2.0,0.695,,,,,,,,,,,1.0,,,,1.0,
Paraguay,PRY,189.0,1997.0,150.0,0.527,0.383,2.0,0.695,,,,,,,,,,,1.0,,,,1.0,
Paraguay,PRY,189.0,1998.0,150.0,0.532,0.386,2.0,0.695,1.0,1.0,1.0,0.0,0.0,0.0,0.0,0.0,1.0,59.43,1.0,56.25,55.3,43.9,1.0,
Paraguay,PRY,189.0,1999.0,150.0,0.535,0.385,2.0,0.695,,,,,,,,,,,1.0,,,,1.0,
Paraguay,PRY,189.0,2000.0,150.0,0.54,0.391,2.0,0.695,,,,,,,,,,,1.0,,,,1.0,
Paraguay,PRY,189.0,2001.0,150.0,0.54,0.391,2.0,0.695,,,,,,,,,,,1.0,,,,1.0,
Paraguay,PRY,189.0,2002.0,150.0,0.54,0.391,2.0,0.695,,,,,,,,,,,1.0,,,,1.0,
Paraguay,PRY,189.0,2003.0,150.0,0.565,0.409,2.0,0.695,1.0,1.0,1.0,0.0,0.0,0.0,0.0,0.0,1.0,47.6,1.0,46.25,38.3,24.7,1.0,
Paraguay,PRY,189.0,2004.0,150.0,0.595,0.428,2.0,0.695,,,,,,,,,,,1.0,,,,1.0,
Paraguay,PRY,189.0,2005.0,150.0,0.595,0.427,2.0,0.693,,,,,,,,,,,1.0,,,,1.0,
Paraguay,PRY,189.0,2006.0,150.0,0.595,0.433,2.0,0.693,,,,,,,,,,,1.0,,,,1.0,
Paraguay,PRY,189.0,2007.0,150.0,0.595,0.446,2.0,0.714,,,,,,,,,,,1.0,,,,1.0,
Paraguay,PRY,189.0,2008.0,150.0,0.62,0.493,2.0,0.799,2.0,2.0,1.0,0.0,0.0,0.0,0.0,0.0,1.0,45.94,1.0,37.5,40.9,30.6,1.0,
Paraguay,PRY,189.0,2009.0,150.0,0.631,0.502,2.0,0.799,,,,,,,,,,,1.0,,,,1.0,
Paraguay,PRY,189.0,2010.0,150.0,0.639,0.509,2.0,0.799,,,,,,,,,,,1.0,,,,1.0,
Paraguay,PRY,189.0,2011.0,150.0,0.63,0.503,2.0,0.799,,,,,,,,,,,1.0,,,,1.0,
Paraguay,PRY,189.0,2012.0,150.0,0.608,0.48,2.0,0.781,,,,,,,,,,,1.0,,,,1.0,
Paraguay,PRY,189.0,2013.0,150.0,0.585,0.407,2.0,0.588,2.0,2.0,1.0,0.0,0.0,0.0,0.0,0.0,1.0,57.96,1.0,55.0,48.48,39.05,1.0,
Paraguay,PRY,189.0,2014.0,150.0,0.595,0.414,2.0,0.588,,,,,,,,,,,1.0,,,,1.0,
Paraguay,PRY,189.0,2015.0,150.0,0.593,0.416,2.0,0.619,,,,,,,,,,,1.0,,,,1.0,
Paraguay,PRY,189.0,2016.0,150.0,0.589,0.414,2.0,0.634,,,,,,,,,,,1.0,,,,1.0,
Paraguay,PRY,189.0,2017.0,150.0,0.596,0.418,2.0,0.642,,,,,,,,,,,1.0,,,,1.0,
Paraguay,PRY,189.0,2018.0,150.0,0.583,0.417,2.0,0.635,1.0,1.0,1.0,0.0,0.0,0.0,0.0,0.0,1.0,52.36,1.0,52.5,48.96,45.08,1.0,
Paraguay,PRY,189.0,2019.0,150.0,0.585,0.42,2.0,0.655,,,,,,,,,,,1.0,,,,1.0,
Paraguay,PRY,189.0,2020.0,150.0,0.578,0.42,2.0,0.717,,,,,,,,,,,1.0,,,,1.0,
Paraguay,PRY,189.0,2021.0,150.0,0.578,0.427,2.0,0.682,,,,,,,,,,,1.0,,,,1.0,
Paraguay,PRY,189.0,2022.0,150.0,0.578,0.43,2.0,0.682,,,,,,,,,,,1.0,,,,1.0,
Paraguay,PRY,189.0,2023.0,150.0,0.576,0.42,2.0,0.663,1.0,1.0,1.0,0.0,0.0,0.0,0.0,0.0,1.0,55.35,1.0,60.0,43.93,28.25,1.0,
Paraguay,PRY,189.0,2024.0,150.0,0.581,0.39,2.0,0.454,,,,,,,,,,,1.0,,,,1.0,
Paraguay,PRY,189.0,2025.0,150.0,0.581,0.376,2.0,0.447,,,,,,,,,,,1.0,,,,1.0,
Romania,ROU,190.0,1980.0,360.0,0.186,0.042,0.0,0.02,0.0,0.0,1.0,0.0,0.0,0.0,0.0,0.0,0.0,,1.0,100.0,,,1.0,
Romania,ROU,190.0,1981.0,360.0,0.186,0.042,0.0,0.02,,,,,,,,,,,1.0,,,,1.0,
Romania,ROU,190.0,1982.0,360.0,0.186,0.042,0.0,0.02,,,,,,,,,,,1.0,,,,1.0,
Romania,ROU,190.0,1983.0,360.0,0.186,0.042,0.0,0.02,,,,,,,,,,,1.0,,,,1.0,
Romania,ROU,190.0,1984.0,360.0,0.186,0.042,0.0,0.02,,,,,,,,,,,1.0,,,,1.0,
Romania,ROU,190.0,1985.0,360.0,0.186,0.042,0.0,0.02,0.0,0.0,1.0,0.0,0.0,0.0,0.0,0.0,0.0,,1.0,100.0,,,1.0,
Romania,ROU,190.0,1986.0,360.0,0.185,0.042,0.0,0.02,,,,,,,,,,,1.0,,,,1.0,
Romania,ROU,190.0,1987.0,360.0,0.185,0.042,0.0,0.02,,,,,,,,,,,1.0,,,,1.0,
Romania,ROU,190.0,1988.0,360.0,0.185,0.042,0.0,0.02,,,,,,,,,,,1.0,,,,1.0,
Romania,ROU,190.0,1989.0,360.0,0.185,0.042,0.0,0.02,,,,,,,,,,,1.0,,,,0.0,0.0
Romania,ROU,190.0,1990.0,360.0,0.522,0.298,2.0,0.429,0.0,0.0,1.0,0.0,0.0,0.0,0.0,0.0,1.0,,1.0,66.58,85.1,10.6,0.0,0.0
Romania,ROU,190.0,1991.0,360.0,0.545,0.328,2.0,0.453,,,,,,,,,,,1.0,,,,0.0,0.0
Romania,ROU,190.0,1992.0,360.0,0.553,0.363,2.0,0.517,2.0,0.0,1.0,0.0,0.0,0.0,0.0,0.0,1.0,76.16,1.0,34.31,47.2,31.1,0.0,0.0
Romania,ROU,190.0,1993.0,360.0,0.562,0.392,2.0,0.652,,,,,,,,,,,1.0,,,,0.0,0.0
Romania,ROU,190.0,1994.0,360.0,0.562,0.392,2.0,0.652,,,,,,,,,,,1.0,,,,0.0,0.0
Romania,ROU,190.0,1995.0,360.0,0.562,0.392,2.0,0.652,,,,,,,,,,,1.0,,,,0.0,0.0
Romania,ROU,190.0,1996.0,360.0,0.573,0.408,2.0,0.68,2.0,2.0,1.0,0.0,0.0,0.0,0.0,0.0,1.0,78.14,1.0,35.57,28.2,32.3,0.0,0.0
Romania,ROU,190.0,1997.0,360.0,0.619,0.438,2.0,0.68,,,,,,,,,,,1.0,,,,0.0,0.0
Romania,ROU,190.0,1998.0,360.0,0.619,0.438,2.0,0.68,,,,,,,,,,,1.0,,,,0.0,0.0
Romania,ROU,190.0,1999.0,360.0,0.619,0.435,2.0,0.68,,,,,,,,,,,1.0,,,,0.0,0.0
Romania,ROU,190.0,2000.0,360.0,0.611,0.432,2.0,0.664,2.0,2.0,1.0,0.0,0.0,0.0,0.0,0.0,1.0,62.15,1.0,44.93,36.4,28.3,0.0,0.0
Romania,ROU,190.0,2001.0,360.0,0.597,0.424,2.0,0.664,,,,,,,,,,,1.0,,,,0.0,0.0
Romania,ROU,190.0,2002.0,360.0,0.597,0.424,2.0,0.664,,,,,,,,,,,1.0,,,,0.0,0.0
Romania,ROU,190.0,2003.0,360.0,0.609,0.437,2.0,0.664,,,,,,,,,,,1.0,,,,0.0,0.0
Romania,ROU,190.0,2004.0,360.0,0.592,0.435,2.0,0.664,1.0,2.0,1.0,0.0,0.0,0.0,0.0,0.0,1.0,62.26,1.0,39.76,33.9,40.9,0.0,0.0
Romania,ROU,190.0,2005.0,360.0,0.61,0.468,2.0,0.693,,,,,,,,,,,1.0,,,,0.0,0.0
Romania,ROU,190.0,2006.0,360.0,0.611,0.471,2.0,0.693,,,,,,,,,,,1.0,,,,0.0,0.0
Romania,ROU,190.0,2007.0,360.0,0.609,0.484,2.0,0.693,,,,,,,,,,,1.0,,,,0.0,0.0
Romania,ROU,190.0,2008.0,360.0,0.621,0.495,2.0,0.721,2.0,0.0,1.0,0.0,0.0,0.0,0.0,0.0,0.0,40.48,1.0,34.43,,,0.0,0.0
Romania,ROU,190.0,2009.0,360.0,0.666,0.529,2.0,0.723,0.0,0.0,0.0,0.0,0.0,0.0,0.0,0.0,1.0,59.24,1.0,,32.5,31.2,0.0,0.0
Romania,ROU,190.0,2010.0,360.0,0.68,0.55,2.0,0.741,,,,,,,,,,,1.0,,,,0.0,0.0
Romania,ROU,190.0,2011.0,360.0,0.684,0.553,2.0,0.741,,,,,,,,,,,1.0,,,,0.0,0.0
Romania,ROU,190.0,2012.0,360.0,0.674,0.54,2.0,0.734,0.0,0.0,1.0,0.0,0.0,0.0,0.0,0.0,0.0,42.81,1.0,66.26,,,0.0,0.0
Romania,ROU,190.0,2013.0,360.0,0.672,0.563,2.0,0.753,,,,,,,,,,,1.0,,,,0.0,0.0
Romania,ROU,190.0,2014.0,360.0,0.676,0.57,2.0,0.753,0.0,2.0,0.0,0.0,0.0,0.0,0.0,0.0,1.0,66.42,1.0,,30.37,40.44,0.0,0.0
Romania,ROU,190.0,2015.0,360.0,0.716,0.609,2.0,0.76,,,,,,,,,,,1.0,,,,0.0,0.0
Romania,ROU,190.0,2016.0,360.0,0.733,0.63,2.0,0.77,2.0,0.0,1.0,0.0,0.0,0.0,0.0,0.0,0.0,41.12,1.0,46.81,,,0.0,0.0
Romania,ROU,190.0,2017.0,360.0,0.695,0.532,2.0,0.629,,,,,,,,,,,1.0,,,,0.0,0.0
Romania,ROU,190.0,2018.0,360.0,0.692,0.483,2.0,0.591,,,,,,,,,,,1.0,,,,0.0,1.0
Romania,ROU,190.0,2019.0,360.0,0.75,0.555,2.0,0.654,0.0,0.0,0.0,0.0,0.0,0.0,0.0,0.0,1.0,55.92,1.0,,37.82,22.26,0.0,0.0
Romania,ROU,190.0,2020.0,360.0,0.805,0.676,2.0,0.808,1.0,0.0,1.0,0.0,0.0,0.0,0.0,0.0,0.0,32.8,1.0,33.33,,,0.0,0.0
Romania,ROU,190.0,2021.0,360.0,0.766,0.611,2.0,0.72,,,,,,,,,,,1.0,,,,0.0,0.0
Romania,ROU,190.0,2022.0,360.0,0.691,0.542,2.0,0.673,,,,,,,,,,,1.0,,,,0.0,0.0
Romania,ROU,190.0,2023.0,360.0,0.677,0.503,2.0,0.586,,,,,,,,,,,1.0,,,,0.0,0.0
Romania,ROU,190.0,2024.0,360.0,0.628,0.449,2.0,0.555,0.0,0.0,1.0,0.0,0.0,0.0,0.0,0.0,1.0,,1.0,26.06,22.94,19.17,0.0,0.0
Romania,ROU,190.0,2025.0,360.0,0.605,0.464,2.0,0.663,2.0,2.0,0.0,0.0,0.0,0.0,0.0,0.0,1.0,79.58,1.0,,20.99,40.96,0.0,0.0
Sao Tome and Principe,STP,196.0,1980.0,403.0,0.158,0.159,0.0,0.334,,,,,,,,,,,1.0,,,,1.0,
Sao Tome and Principe,STP,196.0,1981.0,403.0,0.158,0.159,0.0,0.334,,,,,,,,,,,1.0,,,,1.0,
Sao Tome and Principe,STP,196.0,1982.0,403.0,0.158,0.159,0.0,0.334,,,,,,,,,,,1.0,,,,1.0,
Sao Tome and Principe,STP,196.0,1983.0,403.0,0.158,0.159,0.0,0.334,,,,,,,,,,,1.0,,,,1.0,
Sao Tome and Principe,STP,196.0,1984.0,403.0,0.158,0.159,0.0,0.334,,,,,,,,,,,1.0,,,,1.0,
Sao Tome and Principe,STP,196.0,1985.0,403.0,0.158,0.159,0.0,0.334,,,,,,,,,,,1.0,,,,1.0,
Sao Tome and Principe,STP,196.0,1986.0,403.0,0.158,0.159,0.0,0.334,,,,,,,,,,,1.0,,,,1.0,
Sao Tome and Principe,STP,196.0,1987.0,403.0,0.189,0.168,0.0,0.334,,,,,,,,,,,1.0,,,,1.0,
Sao Tome and Principe,STP,196.0,1988.0,403.0,0.189,0.168,0.0,0.334,,,,,,,,,,,1.0,,,,1.0,
Sao Tome and Principe,STP,196.0,1989.0,403.0,0.189,0.168,0.0,0.334,,,,,,,,,,,1.0,,,,1.0,
Sao Tome and Principe,STP,196.0,1990.0,403.0,0.234,0.201,0.0,0.374,,,,,,,,,,,1.0,,,,1.0,
Sao Tome and Principe,STP,196.0,1991.0,403.0,0.54,0.403,2.0,0.49,2.0,2.0,1.0,0.0,0.0,0.0,0.0,0.0,1.0,69.64,1.0,60.0,100.0,0.0,0.0,0.0
Sao Tome and Principe,STP,196.0,1992.0,403.0,0.623,0.493,2.0,0.711,,,,,,,,,,,1.0,,,,0.0,0.0
Sao Tome and Principe,STP,196.0,1993.0,403.0,0.631,0.501,2.0,0.711,,,,,,,,,,,1.0,,,,0.0,0.0
Sao Tome and Principe,STP,196.0,1994.0,403.0,0.633,0.503,2.0,0.711,2.0,0.0,1.0,0.0,0.0,0.0,0.0,0.0,0.0,49.53,1.0,49.09,,,0.0,0.0
Sao Tome and Principe,STP,196.0,1995.0,403.0,0.64,0.508,2.0,0.711,,,,,,,,,,,1.0,,,,0.0,0.0
Sao Tome and Principe,STP,196.0,1996.0,403.0,0.626,0.5,2.0,0.711,0.0,0.0,0.0,0.0,0.0,0.0,0.0,0.0,1.0,63.65,1.0,,41.4,37.7,0.0,0.0
Sao Tome and Principe,STP,196.0,1997.0,403.0,0.614,0.492,2.0,0.711,,,,,,,,,,,1.0,,,,0.0,0.0
Sao Tome and Principe,STP,196.0,1998.0,403.0,0.618,0.495,2.0,0.711,0.0,0.0,1.0,0.0,0.0,0.0,0.0,0.0,0.0,50.54,1.0,56.36,,,0.0,0.0
Sao Tome and Principe,STP,196.0,1999.0,403.0,0.642,0.513,2.0,0.711,,,,,,,,,,,1.0,,,,0.0,0.0
Sao Tome and Principe,STP,196.0,2000.0,403.0,0.642,0.509,2.0,0.725,,,,,,,,,,,1.0,,,,0.0,0.0
Sao Tome and Principe,STP,196.0,2001.0,403.0,0.644,0.511,2.0,0.725,0.0,1.0,0.0,0.0,0.0,0.0,0.0,0.0,1.0,70.42,1.0,,55.18,39.98,0.0,0.0
Sao Tome and Principe,STP,196.0,2002.0,403.0,0.637,0.505,2.0,0.725,2.0,0.0,1.0,0.0,0.0,0.0,0.0,0.0,0.0,54.43,1.0,43.64,,,0.0,1.0
Sao Tome and Principe,STP,196.0,2003.0,403.0,0.637,0.511,2.0,0.775,,,,,,,,,,,1.0,,,,0.0,1.0
Sao Tome and Principe,STP,196.0,2004.0,403.0,0.637,0.517,2.0,0.811,,,,,,,,,,,1.0,,,,0.0,0.0
Sao Tome and Principe,STP,196.0,2005.0,403.0,0.641,0.524,2.0,0.811,,,,,,,,,,,1.0,,,,0.0,1.0
Sao Tome and Principe,STP,196.0,2006.0,403.0,0.642,0.526,2.0,0.818,2.0,0.0,1.0,1.0,0.0,0.0,0.0,0.0,1.0,69.76,1.0,41.82,60.6,38.8,0.0,0.0
Sao Tome and Principe,STP,196.0,2007.0,403.0,0.643,0.527,2.0,0.818,,,,,,,,,,,1.0,,,,0.0,0.0
Sao Tome and Principe,STP,196.0,2008.0,403.0,0.643,0.527,2.0,0.818,,,,,,,,,,,1.0,,,,0.0,0.0
Sao Tome and Principe,STP,196.0,2009.0,403.0,0.643,0.527,2.0,0.818,,,,,,,,,,,1.0,,,,0.0,0.0
Sao Tome and Principe,STP,196.0,2010.0,403.0,0.653,0.536,2.0,0.818,2.0,0.0,1.0,0.0,0.0,0.0,0.0,0.0,0.0,81.66,1.0,47.27,,,0.0,0.0
Sao Tome and Principe,STP,196.0,2011.0,403.0,0.657,0.54,2.0,0.818,0.0,2.0,0.0,0.0,0.0,0.0,0.0,0.0,1.0,74.65,1.0,,35.62,21.79,0.0,0.0
Sao Tome and Principe,STP,196.0,2012.0,403.0,0.654,0.537,2.0,0.818,,,,,,,,,,,1.0,,,,0.0,0.0
Sao Tome and Principe,STP,196.0,2013.0,403.0,0.655,0.547,2.0,0.869,,,,,,,,,,,1.0,,,,0.0,0.0
Sao Tome and Principe,STP,196.0,2014.0,403.0,0.657,0.548,2.0,0.858,2.0,0.0,1.0,0.0,0.0,0.0,0.0,0.0,0.0,,1.0,60.0,,,0.0,0.0
Sao Tome and Principe,STP,196.0,2015.0,403.0,0.664,0.554,2.0,0.858,,,,,,,,,,,1.0,,,,0.0,0.0
Sao Tome and Principe,STP,196.0,2016.0,403.0,0.658,0.548,2.0,0.858,0.0,2.0,0.0,0.0,0.0,0.0,0.0,0.0,1.0,71.9,1.0,,49.88,24.84,0.0,0.0
Sao Tome and Principe,STP,196.0,2017.0,403.0,0.647,0.537,2.0,0.858,,,,,,,,,,,1.0,,,,0.0,0.0
Sao Tome and Principe,STP,196.0,2018.0,403.0,0.65,0.531,2.0,0.837,2.0,0.0,1.0,0.0,0.0,0.0,0.0,0.0,0.0,74.49,1.0,45.45,,,0.0,0.0
Sao Tome and Principe,STP,196.0,2019.0,403.0,0.67,0.556,2.0,0.851,,,,,,,,,,,1.0,,,,0.0,0.0
Sao Tome and Principe,STP,196.0,2020.0,403.0,0.66,0.557,2.0,0.903,,,,,,,,,,,1.0,,,,0.0,0.0
Sao Tome and Principe,STP,196.0,2021.0,403.0,0.657,0.554,2.0,0.903,0.0,2.0,0.0,0.0,0.0,0.0,0.0,0.0,1.0,72.4,1.0,,39.47,20.75,0.0,0.0
Sao Tome and Principe,STP,196.0,2022.0,403.0,0.65,0.542,2.0,0.903,0.0,0.0,1.0,0.0,0.0,0.0,0.0,0.0,0.0,68.12,1.0,54.55,,,0.0,0.0
Sao Tome and Principe,STP,196.0,2023.0,403.0,0.644,0.54,2.0,0.889,,,,,,,,,,,1.0,,,,0.0,0.0
Sao Tome and Principe,STP,196.0,2024.0,403.0,0.632,0.519,2.0,0.824,,,,,,,,,,,1.0,,,,0.0,0.0
Sao Tome and Principe,STP,196.0,2025.0,403.0,0.632,0.519,2.0,0.824,,,,,,,,,,,1.0,,,,0.0,0.0
Saudi Arabia,SAU,197.0,1980.0,670.0,0.014,0.037,0.0,0.046,,,,,,,,,,,1.0,,,,1.0,
Saudi Arabia,SAU,197.0,1981.0,670.0,0.014,0.037,0.0,0.046,,,,,,,,,,,1.0,,,,1.0,
Saudi Arabia,SAU,197.0,1982.0,670.0,0.014,0.037,0.0,0.046,,,,,,,,,,,1.0,,,,1.0,
Saudi Arabia,SAU,197.0,1983.0,670.0,0.014,0.036,0.0,0.046,,,,,,,,,,,1.0,,,,1.0,
Saudi Arabia,SAU,197.0,1984.0,670.0,0.014,0.036,0.0,0.046,,,,,,,,,,,1.0,,,,1.0,
Saudi Arabia,SAU,197.0,1985.0,670.0,0.014,0.036,0.0,0.046,,,,,,,,,,,1.0,,,,1.0,
Saudi Arabia,SAU,197.0,1986.0,670.0,0.014,0.037,0.0,0.046,,,,,,,,,,,1.0,,,,1.0,
Saudi Arabia,SAU,197.0,1987.0,670.0,0.014,0.037,0.0,0.046,,,,,,,,,,,1.0,,,,1.0,
Saudi Arabia,SAU,197.0,1988.0,670.0,0.014,0.037,0.0,0.046,,,,,,,,,,,1.0,,,,1.0,
Saudi Arabia,SAU,197.0,1989.0,670.0,0.014,0.037,0.0,0.046,,,,,,,,,,,1.0,,,,1.0,
Saudi Arabia,SAU,197.0,1990.0,670.0,0.013,0.037,0.0,0.046,,,,,,,,,,,1.0,,,,1.0,
Saudi Arabia,SAU,197.0,1991.0,670.0,0.013,0.037,0.0,0.046,,,,,,,,,,,1.0,,,,1.0,
Saudi Arabia,SAU,197.0,1992.0,670.0,0.013,0.039,0.0,0.067,,,,,,,,,,,1.0,,,,1.0,
Saudi Arabia,SAU,197.0,1993.0,670.0,0.016,0.039,0.0,0.067,,,,,,,,,,,1.0,,,,1.0,
Saudi Arabia,SAU,197.0,1994.0,670.0,0.016,0.039,0.0,0.067,,,,,,,,,,,1.0,,,,1.0,
Saudi Arabia,SAU,197.0,1995.0,670.0,0.015,0.039,0.0,0.067,,,,,,,,,,,1.0,,,,1.0,
Saudi Arabia,SAU,197.0,1996.0,670.0,0.016,0.039,0.0,0.067,,,,,,,,,,,1.0,,,,1.0,
Saudi Arabia,SAU,197.0,1997.0,670.0,0.016,0.039,0.0,0.067,,,,,,,,,,,1.0,,,,1.0,
Saudi Arabia,SAU,197.0,1998.0,670.0,0.016,0.039,0.0,0.067,,,,,,,,,,,1.0,,,,1.0,
Saudi Arabia,SAU,197.0,1999.0,670.0,0.016,0.039,0.0,0.067,,,,,,,,,,,1.0,,,,1.0,
Saudi Arabia,SAU,197.0,2000.0,670.0,0.017,0.04,0.0,0.067,,,,,,,,,,,1.0,,,,1.0,
Saudi Arabia,SAU,197.0,2001.0,670.0,0.018,0.039,0.0,0.078,,,,,,,,,,,1.0,,,,1.0,
Saudi Arabia,SAU,197.0,2002.0,670.0,0.018,0.039,0.0,0.078,,,,,,,,,,,1.0,,,,1.0,
Saudi Arabia,SAU,197.0,2003.0,670.0,0.018,0.039,0.0,0.078,,,,,,,,,,,1.0,,,,1.0,
Saudi Arabia,SAU,197.0,2004.0,670.0,0.018,0.039,0.0,0.078,,,,,,,,,,,1.0,,,,1.0,
Saudi Arabia,SAU,197.0,2005.0,670.0,0.019,0.042,0.0,0.078,,,,,,,,,,,1.0,,,,1.0,
Saudi Arabia,SAU,197.0,2006.0,670.0,0.019,0.043,0.0,0.078,,,,,,,,,,,1.0,,,,1.0,
Saudi Arabia,SAU,197.0,2007.0,670.0,0.019,0.043,0.0,0.078,,,,,,,,,,,1.0,,,,1.0,
Saudi Arabia,SAU,197.0,2008.0,670.0,0.019,0.044,0.0,0.078,,,,,,,,,,,1.0,,,,1.0,
Saudi Arabia,SAU,197.0,2009.0,670.0,0.019,0.045,0.0,0.078,,,,,,,,,,,1.0,,,,1.0,
Saudi Arabia,SAU,197.0,2010.0,670.0,0.02,0.046,0.0,0.078,,,,,,,,,,,1.0,,,,1.0,
Saudi Arabia,SAU,197.0,2011.0,670.0,0.02,0.046,0.0,0.078,,,,,,,,,,,1.0,,,,1.0,
Saudi Arabia,SAU,197.0,2012.0,670.0,0.019,0.046,0.0,0.078,,,,,,,,,,,1.0,,,,1.0,
Saudi Arabia,SAU,197.0,2013.0,670.0,0.018,0.046,0.0,0.078,,,,,,,,,,,1.0,,,,1.0,
Saudi Arabia,SAU,197.0,2014.0,670.0,0.017,0.046,0.0,0.078,,,,,,,,,,,1.0,,,,1.0,
Saudi Arabia,SAU,197.0,2015.0,670.0,0.016,0.046,0.0,0.078,,,,,,,,,,,1.0,,,,1.0,
Saudi Arabia,SAU,197.0,2016.0,670.0,0.016,0.044,0.0,0.053,,,,,,,,,,,1.0,,,,1.0,
Saudi Arabia,SAU,197.0,2017.0,670.0,0.014,0.043,0.0,0.045,,,,,,,,,,,1.0,,,,1.0,
Saudi Arabia,SAU,197.0,2018.0,670.0,0.015,0.042,0.0,0.045,,,,,,,,,,,1.0,,,,1.0,
Saudi Arabia,SAU,197.0,2019.0,670.0,0.015,0.045,0.0,0.045,,,,,,,,,,,1.0,,,,1.0,
Saudi Arabia,SAU,197.0,2020.0,670.0,0.014,0.045,0.0,0.045,,,,,,,,,,,1.0,,,,1.0,
Saudi Arabia,SAU,197.0,2021.0,670.0,0.015,0.045,0.0,0.045,,,,,,,,,,,1.0,,,,1.0,
Saudi Arabia,SAU,197.0,2022.0,670.0,0.015,0.046,0.0,0.045,,,,,,,,,,,1.0,,,,1.0,0.0
Saudi Arabia,SAU,197.0,2023.0,670.0,0.014,0.045,0.0,0.045,,,,,,,,,,,1.0,,,,1.0,0.0
Saudi Arabia,SAU,197.0,2024.0,670.0,0.015,0.047,0.0,0.045,,,,,,,,,,,1.0,,,,1.0,0.0
Saudi Arabia,SAU,197.0,2025.0,670.0,0.016,0.047,0.0,0.045,,,,,,,,,,,1.0,,,,1.0,0.0
Serbia,SRB,198.0,1980.0,345.0,0.114,0.125,0.0,0.244,,,,,,,,,,,1.0,,,,1.0,0.0
Serbia,SRB,198.0,1981.0,345.0,0.135,0.133,0.0,0.244,,,,,,,,,,,1.0,,,,0.5,0.0
Serbia,SRB,198.0,1982.0,345.0,0.135,0.135,0.0,0.244,,,,,,,,,,,1.0,,,,0.5,0.0
Serbia,SRB,198.0,1983.0,345.0,0.135,0.135,0.0,0.244,,,,,,,,,,,1.0,,,,0.5,0.0
Serbia,SRB,198.0,1984.0,345.0,0.135,0.135,0.0,0.244,,,,,,,,,,,1.0,,,,0.5,0.0
Serbia,SRB,198.0,1985.0,345.0,0.135,0.135,0.0,0.244,,,,,,,,,,,1.0,,,,0.5,0.0
Serbia,SRB,198.0,1986.0,345.0,0.135,0.135,0.0,0.244,,,,,,,,,,,1.0,,,,0.5,0.0
Serbia,SRB,198.0,1987.0,345.0,0.137,0.135,0.0,0.244,,,,,,,,,,,1.0,,,,0.5,0.0
Serbia,SRB,198.0,1988.0,345.0,0.137,0.138,0.0,0.244,,,,,,,,,,,1.0,,,,0.5,0.0
Serbia,SRB,198.0,1989.0,345.0,0.136,0.129,0.0,0.212,,,,,,,,,,,1.0,,,,1.0,0.0
Serbia,SRB,198.0,1990.0,345.0,0.2,0.15,0.0,0.381,,,,,,,,,,,1.0,,,,1.0,0.0
Serbia,SRB,198.0,1991.0,345.0,0.164,0.103,0.0,,,,,,,,,,,,1.0,,,,1.0,0.0
Serbia,SRB,198.0,1992.0,345.0,0.238,0.15,1.0,0.388,1.0,1.0,1.0,1.0,0.0,0.0,0.0,0.0,0.0,65.11,0.0,68.87,,,1.0,0.0
Serbia,SRB,198.0,1993.0,345.0,0.288,0.181,1.0,0.375,,,,,,,,,,,0.0,,,,1.0,0.0
Serbia,SRB,198.0,1994.0,345.0,0.288,0.18,1.0,0.375,,,,,,,,,,,0.0,,,,1.0,0.0
Serbia,SRB,198.0,1995.0,345.0,0.288,0.18,1.0,0.375,,,,,,,,,,,0.0,,,,1.0,0.0
Serbia,SRB,198.0,1996.0,345.0,0.293,0.185,1.0,0.375,0.0,0.0,1.0,0.0,0.0,0.0,0.0,0.0,0.0,52.19,0.0,46.38,,,1.0,0.0
Serbia,SRB,198.0,1997.0,345.0,0.299,0.188,1.0,0.375,,,,,,,,,,,0.0,,,,1.0,0.0
Serbia,SRB,198.0,1998.0,345.0,0.298,0.185,1.0,0.375,,,,,,,,,,,0.0,,,,1.0,0.0
Serbia,SRB,198.0,1999.0,345.0,0.298,0.185,1.0,0.375,,,,,,,,,,,0.0,,,,1.0,0.0
Serbia,SRB,198.0,2000.0,345.0,0.364,0.272,1.0,0.636,2.0,0.0,1.0,0.0,0.0,0.0,0.0,0.0,1.0,,0.0,70.4,51.7,38.2,0.5,0.0
Serbia,SRB,198.0,2001.0,345.0,0.584,0.481,2.0,0.912,,,,,,,,,,,0.0,,,,0.0,0.0
Serbia,SRB,198.0,2002.0,345.0,0.61,0.499,2.0,0.912,0.0,2.0,0.0,0.0,0.0,0.0,0.0,0.0,1.0,56.52,0.0,,30.89,27.36,0.0,0.0
Serbia,SRB,198.0,2003.0,345.0,0.646,0.53,2.0,0.926,2.0,0.0,1.0,0.0,0.0,0.0,0.0,0.0,1.0,63.97,0.0,32.8,47.87,36.67,0.0,0.0
Serbia,SRB,198.0,2004.0,345.0,0.634,0.521,2.0,0.926,0.0,2.0,0.0,0.0,0.0,0.0,0.0,0.0,1.0,48.34,0.0,,27.7,31.0,0.0,0.0
Serbia,SRB,198.0,2005.0,345.0,0.634,0.523,2.0,0.926,,,,,,,,,,,0.0,,,,0.0,0.0
Serbia,SRB,198.0,2006.0,345.0,0.633,0.524,2.0,0.926,,,,,,,,,,,0.0,,,,0.0,0.0
Serbia,SRB,198.0,2007.0,345.0,0.628,0.527,3.0,0.93,0.0,0.0,1.0,0.0,0.0,0.0,0.0,0.0,0.0,68.19,0.0,32.4,,,0.0,0.0
Serbia,SRB,198.0,2008.0,345.0,0.628,0.525,3.0,0.935,2.0,0.0,1.0,0.0,0.0,0.0,0.0,0.0,1.0,77.61,0.0,40.8,39.99,35.99,0.0,0.0
Serbia,SRB,198.0,2009.0,345.0,0.623,0.521,3.0,0.935,,,,,,,,,,,0.0,,,,0.0,0.0
Serbia,SRB,198.0,2010.0,345.0,0.61,0.503,3.0,0.917,,,,,,,,,,,0.0,,,,0.0,0.0
Serbia,SRB,198.0,2011.0,345.0,0.607,0.501,3.0,0.917,,,,,,,,,,,0.0,,,,0.0,0.0
Serbia,SRB,198.0,2012.0,345.0,0.593,0.486,3.0,0.883,2.0,2.0,1.0,0.0,0.0,0.0,0.0,0.0,1.0,67.5,0.0,29.2,25.31,25.05,0.0,0.0
Serbia,SRB,198.0,2013.0,345.0,0.502,0.401,2.0,0.843,,,,,,,,,,,0.0,,,,0.0,0.0
Serbia,SRB,198.0,2014.0,345.0,0.44,0.35,1.0,0.754,2.0,0.0,1.0,0.0,0.0,0.0,0.0,0.0,0.0,63.49,0.0,63.2,,,0.0,0.0
Serbia,SRB,198.0,2015.0,345.0,0.422,0.341,1.0,0.762,,,,,,,,,,,0.0,,,,0.0,0.0
Serbia,SRB,198.0,2016.0,345.0,0.411,0.321,1.0,0.692,0.0,0.0,1.0,0.0,0.0,0.0,0.0,0.0,0.0,64.31,0.0,52.4,,,0.0,0.0
Serbia,SRB,198.0,2017.0,345.0,0.376,0.29,1.0,0.658,0.0,0.0,0.0,0.0,0.0,0.0,0.0,0.0,1.0,62.45,0.0,,55.06,16.37,0.0,1.0
Serbia,SRB,198.0,2018.0,345.0,0.354,0.283,1.0,0.633,,,,,,,,,,,0.0,,,,0.0,1.0
Serbia,SRB,198.0,2019.0,345.0,0.365,0.28,1.0,0.594,,,,,,,,,,,0.0,,,,0.0,1.0
Serbia,SRB,198.0,2020.0,345.0,0.349,0.244,1.0,0.364,0.0,0.0,1.0,0.0,0.0,0.0,0.0,0.0,0.0,55.6,0.0,75.2,,,0.0,1.0
Serbia,SRB,198.0,2021.0,345.0,0.336,0.236,1.0,0.323,,,,,,,,,,,0.0,,,,0.0,1.0
Serbia,SRB,198.0,2022.0,345.0,0.357,0.259,1.0,0.457,0.0,0.0,1.0,0.0,0.0,0.0,0.0,0.0,1.0,65.94,0.0,48.0,60.01,18.84,0.0,1.0
Serbia,SRB,198.0,2023.0,345.0,0.36,0.248,1.0,0.362,0.0,0.0,1.0,0.0,0.0,0.0,0.0,0.0,0.0,69.23,0.0,52.0,,,0.0,1.0
Serbia,SRB,198.0,2024.0,345.0,0.315,0.225,1.0,0.354,,,,,,,,,,,0.0,,,,0.0,0.0
Serbia,SRB,198.0,2025.0,345.0,0.3,0.208,1.0,0.339,,,,,,,,,,,0.0,,,,0.0,0.0
Seychelles,SYC,199.0,1980.0,591.0,0.2,0.165,1.0,0.404,,,,,,,,,,,0.0,,,,1.0,
Seychelles,SYC,199.0,1981.0,591.0,0.2,0.165,1.0,0.404,,,,,,,,,,,0.0,,,,1.0,
Seychelles,SYC,199.0,1982.0,591.0,0.201,0.166,1.0,0.404,,,,,,,,,,,0.0,,,,1.0,
Seychelles,SYC,199.0,1983.0,591.0,0.201,0.167,1.0,0.404,0.0,0.0,1.0,0.0,0.0,0.0,0.0,0.0,0.0,,0.0,100.0,,,1.0,
Seychelles,SYC,199.0,1984.0,591.0,0.201,0.167,1.0,0.404,0.0,0.0,0.0,0.0,0.0,0.0,0.0,0.0,1.0,,0.0,,92.63,0.0,1.0,
Seychelles,SYC,199.0,1985.0,591.0,0.206,0.173,1.0,0.404,,,,,,,,,,,0.0,,,,1.0,
Seychelles,SYC,199.0,1986.0,591.0,0.207,0.171,1.0,0.404,,,,,,,,,,,0.0,,,,1.0,
Seychelles,SYC,199.0,1987.0,591.0,0.207,0.171,0.0,0.404,0.0,0.0,1.0,0.0,0.0,0.0,0.0,0.0,0.0,,0.0,100.0,,,1.0,
Seychelles,SYC,199.0,1988.0,591.0,0.202,0.17,0.0,0.404,,,,,,,,,,,0.0,,,,1.0,
Seychelles,SYC,199.0,1989.0,591.0,0.205,0.171,0.0,0.404,0.0,0.0,0.0,0.0,0.0,0.0,0.0,0.0,1.0,,0.0,,96.09,0.0,1.0,
Seychelles,SYC,199.0,1990.0,591.0,0.21,0.178,0.0,0.437,,,,,,,,,,,0.0,,,,1.0,
Seychelles,SYC,199.0,1991.0,591.0,0.218,0.18,0.0,0.437,,,,,,,,,,,0.0,,,,1.0,
Seychelles,SYC,199.0,1992.0,591.0,0.279,0.213,1.0,0.49,0.0,0.0,0.0,0.0,0.0,0.0,1.0,0.0,0.0,,0.0,,,,1.0,
Seychelles,SYC,199.0,1993.0,591.0,0.34,0.248,1.0,0.49,0.0,0.0,1.0,0.0,0.0,0.0,0.0,0.0,1.0,96.08,0.0,81.82,58.8,36.3,1.0,
Seychelles,SYC,199.0,1994.0,591.0,0.353,0.253,1.0,0.49,,,,,,,,,,,0.0,,,,1.0,
Seychelles,SYC,199.0,1995.0,591.0,0.362,0.257,1.0,0.49,,,,,,,,,,,0.0,,,,1.0,
Seychelles,SYC,199.0,1996.0,591.0,0.36,0.255,1.0,0.49,,,,,,,,,,,0.0,,,,1.0,
Seychelles,SYC,199.0,1997.0,591.0,0.365,0.258,1.0,0.49,,,,,,,,,,,0.0,,,,1.0,
Seychelles,SYC,199.0,1998.0,591.0,0.367,0.259,1.0,0.49,0.0,0.0,1.0,0.0,0.0,0.0,0.0,0.0,1.0,90.18,0.0,88.24,66.7,19.5,1.0,
Seychelles,SYC,199.0,1999.0,591.0,0.368,0.259,1.0,0.49,,,,,,,,,,,0.0,,,,1.0,
Seychelles,SYC,199.0,2000.0,591.0,0.368,0.264,1.0,0.521,,,,,,,,,,,0.0,,,,1.0,
Seychelles,SYC,199.0,2001.0,591.0,0.359,0.259,1.0,0.521,0.0,0.0,0.0,0.0,0.0,0.0,0.0,0.0,1.0,97.85,0.0,,54.19,44.95,1.0,
Seychelles,SYC,199.0,2002.0,591.0,0.361,0.263,1.0,0.521,0.0,0.0,1.0,0.0,0.0,0.0,0.0,0.0,0.0,98.12,0.0,67.65,,,1.0,
Seychelles,SYC,199.0,2003.0,591.0,0.396,0.305,1.0,0.505,,,,,,,,,,,0.0,,,,1.0,
Seychelles,SYC,199.0,2004.0,591.0,0.439,0.347,1.0,0.626,,,,,,,,,,,0.0,,,,1.0,
Seychelles,SYC,199.0,2005.0,591.0,0.44,0.348,1.0,0.626,,,,,,,,,,,0.0,,,,1.0,
Seychelles,SYC,199.0,2006.0,591.0,0.449,0.352,1.0,0.626,1.0,1.0,0.0,0.0,0.0,0.0,0.0,0.0,1.0,97.08,0.0,,53.73,45.71,1.0,
Seychelles,SYC,199.0,2007.0,591.0,0.474,0.368,1.0,0.626,0.0,0.0,1.0,0.0,0.0,0.0,0.0,0.0,0.0,93.49,0.0,67.65,,,1.0,
Seychelles,SYC,199.0,2008.0,591.0,0.48,0.373,1.0,0.626,,,,,,,,,,,0.0,,,,1.0,
Seychelles,SYC,199.0,2009.0,591.0,0.478,0.371,1.0,0.626,,,,,,,,,,,0.0,,,,1.0,
Seychelles,SYC,199.0,2010.0,591.0,0.478,0.373,1.0,0.639,,,,,,,,,,,0.0,,,,1.0,
Seychelles,SYC,199.0,2011.0,591.0,0.479,0.377,1.0,0.658,0.0,0.0,1.0,0.0,0.0,0.0,0.0,0.0,1.0,92.6,0.0,97.06,55.46,41.43,1.0,
Seychelles,SYC,199.0,2012.0,591.0,0.477,0.373,1.0,0.647,,,,,,,,,,,0.0,,,,1.0,
Seychelles,SYC,199.0,2013.0,591.0,0.491,0.396,1.0,0.675,,,,,,,,,,,0.0,,,,1.0,
Seychelles,SYC,199.0,2014.0,591.0,0.495,0.4,1.0,0.687,,,,,,,,,,,0.0,,,,1.0,
Seychelles,SYC,199.0,2015.0,591.0,0.518,0.427,2.0,0.724,0.0,0.0,0.0,0.0,0.0,0.0,0.0,0.0,1.0,91.4,0.0,,47.76,33.93,1.0,
Seychelles,SYC,199.0,2016.0,591.0,0.585,0.491,3.0,0.811,0.0,0.0,1.0,0.0,0.0,0.0,0.0,0.0,0.0,89.0,0.0,57.58,,,1.0,
Seychelles,SYC,199.0,2017.0,591.0,0.599,0.509,3.0,0.858,,,,,,,,,,,0.0,,,,1.0,
Seychelles,SYC,199.0,2018.0,591.0,0.605,0.524,3.0,0.878,,,,,,,,,,,0.0,,,,1.0,
Seychelles,SYC,199.0,2019.0,591.0,0.621,0.535,3.0,0.878,,,,,,,,,,,1.0,,,,1.0,
Seychelles,SYC,199.0,2020.0,591.0,0.666,0.575,3.0,0.844,2.0,2.0,1.0,0.0,0.0,0.0,0.0,0.0,1.0,88.83,0.0,71.43,54.91,43.51,1.0,
Seychelles,SYC,199.0,2021.0,591.0,0.711,0.634,3.0,0.853,,,,,,,,,,,0.0,,,,1.0,
Seychelles,SYC,199.0,2022.0,591.0,0.735,0.648,3.0,0.794,,,,,,,,,,,0.0,,,,1.0,
Seychelles,SYC,199.0,2023.0,591.0,0.728,0.641,3.0,0.8,,,,,,,,,,,0.0,,,,1.0,
Seychelles,SYC,199.0,2024.0,591.0,0.737,0.652,3.0,0.8,,,,,,,,,,,0.0,,,,1.0,
Seychelles,SYC,199.0,2025.0,591.0,0.76,0.68,3.0,0.818,2.0,2.0,1.0,0.0,0.0,0.0,0.0,0.0,1.0,82.88,0.0,55.88,48.83,46.44,1.0,
Singapore,SGP,200.0,1980.0,830.0,0.333,0.28,1.0,0.446,0.0,0.0,1.0,0.0,0.0,0.0,0.0,0.0,0.0,45.93,0.0,100.0,,,0.0,0.0
Singapore,SGP,200.0,1981.0,830.0,0.341,0.284,1.0,0.446,,,,,,,,,,,0.0,,,,0.0,0.0
Singapore,SGP,200.0,1982.0,830.0,0.341,0.284,1.0,0.446,,,,,,,,,,,0.0,,,,0.0,0.0
Singapore,SGP,200.0,1983.0,830.0,0.341,0.284,1.0,0.446,,,,,,,,,,,0.0,,,,0.0,0.0
Singapore,SGP,200.0,1984.0,830.0,0.341,0.284,1.0,0.446,0.0,0.0,1.0,0.0,0.0,0.0,0.0,0.0,0.0,55.79,0.0,97.47,,,0.0,0.0
Singapore,SGP,200.0,1985.0,830.0,0.341,0.285,1.0,0.446,,,,,,,,,,,0.0,,,,0.0,0.0
Singapore,SGP,200.0,1986.0,830.0,0.348,0.288,1.0,0.446,,,,,,,,,,,0.0,,,,0.0,0.0
Singapore,SGP,200.0,1987.0,830.0,0.352,0.29,1.0,0.446,,,,,,,,,,,0.0,,,,0.0,0.0
Singapore,SGP,200.0,1988.0,830.0,0.353,0.29,1.0,0.446,0.0,0.0,1.0,0.0,0.0,0.0,0.0,0.0,0.0,78.85,0.0,98.77,,,0.0,0.0
Singapore,SGP,200.0,1989.0,830.0,0.352,0.29,1.0,0.446,,,,,,,,,,,0.0,,,,0.0,0.0
Singapore,SGP,200.0,1990.0,830.0,0.365,0.299,1.0,0.446,,,,,,,,,,,0.0,,,,0.0,0.0
Singapore,SGP,200.0,1991.0,830.0,0.368,0.301,1.0,0.446,0.0,0.0,1.0,0.0,0.0,0.0,0.0,0.0,0.0,43.52,0.0,95.06,,,0.0,0.0
Singapore,SGP,200.0,1992.0,830.0,0.36,0.297,1.0,0.446,,,,,,,,,,,0.0,,,,0.0,0.0
Singapore,SGP,200.0,1993.0,830.0,0.36,0.297,1.0,0.446,0.0,1.0,0.0,0.0,0.0,0.0,0.0,0.0,1.0,83.68,0.0,,58.69,41.31,0.0,0.0
Singapore,SGP,200.0,1994.0,830.0,0.361,0.297,1.0,0.446,,,,,,,,,,,0.0,,,,0.0,0.0
Singapore,SGP,200.0,1995.0,830.0,0.361,0.297,1.0,0.446,,,,,,,,,,,0.0,,,,0.0,0.0
Singapore,SGP,200.0,1996.0,830.0,0.362,0.299,1.0,0.446,,,,,,,,,,,0.0,,,,0.0,0.0
Singapore,SGP,200.0,1997.0,830.0,0.375,0.304,1.0,0.446,0.0,0.0,1.0,0.0,0.0,0.0,0.0,0.0,0.0,35.35,0.0,97.59,,,0.0,0.0
Singapore,SGP,200.0,1998.0,830.0,0.375,0.304,1.0,0.446,,,,,,,,,,,0.0,,,,0.0,0.0
Singapore,SGP,200.0,1999.0,830.0,0.371,0.301,1.0,0.446,,,,,,,,,,,0.0,,,,0.0,0.0
Singapore,SGP,200.0,2000.0,830.0,0.378,0.309,1.0,0.446,,,,,,,,,,,0.0,,,,0.0,0.0
Singapore,SGP,200.0,2001.0,830.0,0.378,0.309,1.0,0.446,0.0,0.0,1.0,0.0,0.0,0.0,0.0,0.0,0.0,21.44,0.0,97.62,,,0.0,0.0
Singapore,SGP,200.0,2002.0,830.0,0.377,0.308,1.0,0.446,,,,,,,,,,,0.0,,,,0.0,0.0
Singapore,SGP,200.0,2003.0,830.0,0.377,0.308,1.0,0.446,,,,,,,,,,,0.0,,,,0.0,0.0
Singapore,SGP,200.0,2004.0,830.0,0.377,0.308,1.0,0.446,,,,,,,,,,,0.0,,,,0.0,0.0
Singapore,SGP,200.0,2005.0,830.0,0.375,0.307,1.0,0.446,,,,,,,,,,,0.0,,,,0.0,0.0
Singapore,SGP,200.0,2006.0,830.0,0.386,0.311,1.0,0.446,0.0,0.0,1.0,0.0,0.0,0.0,0.0,0.0,0.0,32.17,0.0,97.62,,,0.0,0.0
Singapore,SGP,200.0,2007.0,830.0,0.384,0.311,1.0,0.446,,,,,,,,,,,0.0,,,,0.0,0.0
Singapore,SGP,200.0,2008.0,830.0,0.387,0.311,1.0,0.446,,,,,,,,,,,0.0,,,,0.0,0.0
Singapore,SGP,200.0,2009.0,830.0,0.39,0.314,1.0,0.446,,,,,,,,,,,0.0,,,,0.0,0.0
Singapore,SGP,200.0,2010.0,830.0,0.39,0.314,1.0,0.446,,,,,,,,,,,0.0,,,,0.0,0.0
Singapore,SGP,200.0,2011.0,830.0,0.403,0.324,1.0,0.466,0.0,1.0,1.0,0.0,0.0,0.0,0.0,0.0,1.0,55.33,0.0,93.1,35.2,34.85,0.0,0.0
Singapore,SGP,200.0,2012.0,830.0,0.419,0.334,1.0,0.466,,,,,,,,,,,0.0,,,,0.0,0.0
Singapore,SGP,200.0,2013.0,830.0,0.414,0.33,1.0,0.466,,,,,,,,,,,0.0,,,,0.0,0.0
Singapore,SGP,200.0,2014.0,830.0,0.414,0.33,1.0,0.466,,,,,,,,,,,0.0,,,,0.0,0.0
Singapore,SGP,200.0,2015.0,830.0,0.416,0.331,1.0,0.466,0.0,0.0,1.0,0.0,0.0,0.0,0.0,0.0,0.0,52.13,0.0,93.26,,,0.0,0.0
Singapore,SGP,200.0,2016.0,830.0,0.424,0.337,1.0,0.466,,,,,,,,,,,0.0,,,,0.0,0.0
Singapore,SGP,200.0,2017.0,830.0,0.425,0.345,1.0,0.561,,,,,,,,,,,0.0,,,,0.0,0.0
Singapore,SGP,200.0,2018.0,830.0,0.409,0.336,1.0,0.561,,,,,,,,,,,0.0,,,,0.0,0.0
Singapore,SGP,200.0,2019.0,830.0,0.403,0.33,1.0,0.561,,,,,,,,,,,0.0,,,,0.0,0.0
Singapore,SGP,200.0,2020.0,830.0,0.402,0.332,1.0,0.561,0.0,0.0,1.0,0.0,0.0,0.0,0.0,0.0,0.0,51.37,0.0,89.25,,,0.0,0.0
Singapore,SGP,200.0,2021.0,830.0,0.395,0.329,1.0,0.561,,,,,,,,,,,0.0,,,,0.0,0.0
Singapore,SGP,200.0,2022.0,830.0,0.395,0.328,1.0,0.561,,,,,,,,,,,0.0,,,,0.0,0.0
Singapore,SGP,200.0,2023.0,830.0,0.405,0.334,1.0,0.561,0.0,1.0,0.0,0.0,0.0,0.0,0.0,0.0,1.0,54.31,0.0,,70.41,15.72,0.0,0.0
Singapore,SGP,200.0,2024.0,830.0,0.418,0.348,1.0,0.561,,,,,,,,,,,0.0,,,,0.0,0.0
Singapore,SGP,200.0,2025.0,830.0,0.434,0.36,1.0,0.561,0.0,0.0,1.0,0.0,0.0,0.0,0.0,0.0,0.0,50.98,0.0,89.69,,,0.0,0.0
Slovakia,SVK,201.0,1993.0,317.0,0.75,0.628,0.0,0.785,,,,,,,,,,,0.0,,,,0.0,0.0
Slovakia,SVK,201.0,1994.0,317.0,0.704,0.539,2.0,0.62,2.0,0.0,1.0,0.0,0.0,0.0,0.0,0.0,0.0,75.93,0.0,40.67,,,0.0,0.0
Slovakia,SVK,201.0,1995.0,317.0,0.702,0.537,2.0,0.62,,,,,,,,,,,0.0,,,,0.0,0.0
Slovakia,SVK,201.0,1996.0,317.0,0.702,0.537,2.0,0.62,,,,,,,,,,,1.0,,,,0.0,0.0
Slovakia,SVK,201.0,1997.0,317.0,0.702,0.54,2.0,0.62,,,,,,,,,,,1.0,,,,0.0,0.0
Slovakia,SVK,201.0,1998.0,317.0,0.765,0.626,2.0,0.698,2.0,0.0,1.0,0.0,0.0,0.0,0.0,0.0,0.0,78.86,1.0,28.67,,,0.0,0.0
Slovakia,SVK,201.0,1999.0,317.0,0.844,0.745,3.0,0.855,0.0,2.0,0.0,0.0,0.0,0.0,0.0,0.0,1.0,80.91,1.0,,47.4,37.2,0.0,0.0
Slovakia,SVK,201.0,2000.0,317.0,0.849,0.75,3.0,0.855,,,,,,,,,,,1.0,,,,0.0,0.0
Slovakia,SVK,201.0,2001.0,317.0,0.849,0.75,3.0,0.855,,,,,,,,,,,1.0,,,,0.0,0.0
Slovakia,SVK,201.0,2002.0,317.0,0.847,0.748,3.0,0.855,0.0,0.0,1.0,0.0,0.0,0.0,0.0,0.0,0.0,71.63,1.0,24.0,,,0.0,0.0
Slovakia,SVK,201.0,2003.0,317.0,0.843,0.746,3.0,0.855,,,,,,,,,,,1.0,,,,0.0,0.0
Slovakia,SVK,201.0,2004.0,317.0,0.845,0.748,3.0,0.855,0.0,2.0,0.0,0.0,0.0,0.0,0.0,0.0,1.0,48.63,1.0,,32.7,22.3,0.0,0.0
Slovakia,SVK,201.0,2005.0,317.0,0.845,0.748,3.0,0.855,,,,,,,,,,,1.0,,,,0.0,0.0
Slovakia,SVK,201.0,2006.0,317.0,0.82,0.723,3.0,0.855,2.0,0.0,1.0,0.0,0.0,0.0,0.0,0.0,0.0,56.4,1.0,33.33,,,0.0,0.0
Slovakia,SVK,201.0,2007.0,317.0,0.835,0.736,3.0,0.855,,,,,,,,,,,1.0,,,,0.0,0.0
Slovakia,SVK,201.0,2008.0,317.0,0.834,0.735,3.0,0.855,,,,,,,,,,,1.0,,,,0.0,0.0
Slovakia,SVK,201.0,2009.0,317.0,0.835,0.734,3.0,0.855,0.0,1.0,0.0,0.0,0.0,0.0,0.0,0.0,1.0,51.25,1.0,,46.7,38.05,0.0,0.0
Slovakia,SVK,201.0,2010.0,317.0,0.85,0.752,3.0,0.855,2.0,0.0,1.0,0.0,0.0,0.0,0.0,0.0,0.0,58.38,1.0,41.33,,,0.0,1.0
Slovakia,SVK,201.0,2011.0,317.0,0.851,0.755,3.0,0.855,,,,,,,,,,,1.0,,,,0.0,1.0
Slovakia,SVK,201.0,2012.0,317.0,0.844,0.739,3.0,0.844,2.0,0.0,1.0,0.0,0.0,0.0,0.0,0.0,0.0,57.85,1.0,55.33,,,0.0,0.0
Slovakia,SVK,201.0,2013.0,317.0,0.835,0.73,3.0,0.838,,,,,,,,,,,1.0,,,,0.0,0.0
Slovakia,SVK,201.0,2014.0,317.0,0.834,0.726,3.0,0.838,0.0,2.0,0.0,0.0,0.0,0.0,0.0,0.0,1.0,51.11,1.0,,28.01,24.01,0.0,0.0
Slovakia,SVK,201.0,2015.0,317.0,0.838,0.725,3.0,0.838,,,,,,,,,,,1.0,,,,0.0,0.0
Slovakia,SVK,201.0,2016.0,317.0,0.837,0.726,3.0,0.838,2.0,0.0,1.0,0.0,0.0,0.0,0.0,0.0,0.0,59.43,1.0,32.67,,,0.0,0.0
Slovakia,SVK,201.0,2017.0,317.0,0.835,0.72,3.0,0.835,,,,,,,,,,,1.0,,,,0.0,0.0
Slovakia,SVK,201.0,2018.0,317.0,0.814,0.698,3.0,0.85,,,,,,,,,,,1.0,,,,0.0,0.0
Slovakia,SVK,201.0,2019.0,317.0,0.841,0.737,2.0,0.882,0.0,2.0,0.0,0.0,0.0,0.0,0.0,0.0,1.0,48.37,1.0,,40.57,18.66,0.0,0.0
Slovakia,SVK,201.0,2020.0,317.0,0.84,0.757,3.0,0.92,2.0,0.0,1.0,0.0,0.0,0.0,0.0,0.0,0.0,65.39,1.0,35.33,,,0.0,0.0
Slovakia,SVK,201.0,2021.0,317.0,0.839,0.757,3.0,0.923,,,,,,,,,,,1.0,,,,0.0,0.0
Slovakia,SVK,201.0,2022.0,317.0,0.837,0.76,3.0,0.923,,,,,,,,,,,1.0,,,,0.0,0.0
Slovakia,SVK,201.0,2023.0,317.0,0.812,0.724,2.0,0.902,2.0,0.0,1.0,0.0,0.0,0.0,0.0,0.0,0.0,66.12,1.0,28.0,,,0.0,0.0
Slovakia,SVK,201.0,2024.0,317.0,0.746,0.59,2.0,0.607,0.0,2.0,0.0,0.0,0.0,0.0,0.0,0.0,1.0,49.89,1.0,,53.12,46.87,0.0,0.0
Slovakia,SVK,201.0,2025.0,317.0,0.733,0.573,2.0,0.622,,,,,,,,,,,1.0,,,,0.0,0.0
Slovenia,SVN,202.0,1989.0,349.0,0.248,0.241,0.0,0.464,,,,,,,,,,,0.0,,,,0.0,0.0
Slovenia,SVN,202.0,1990.0,349.0,0.621,0.513,2.0,0.678,2.0,2.0,1.0,0.0,0.0,0.0,0.0,0.0,1.0,76.97,0.0,17.5,44.4,26.6,0.0,0.0
Slovenia,SVN,202.0,1991.0,349.0,0.815,0.716,3.0,0.87,,,,,,,,,,,0.0,,,,0.0,0.0
Slovenia,SVN,202.0,1992.0,349.0,0.848,0.764,3.0,0.894,0.0,0.0,1.0,0.0,0.0,0.0,0.0,0.0,1.0,85.52,0.0,24.44,63.9,21.2,0.0,0.0
Slovenia,SVN,202.0,1993.0,349.0,0.842,0.761,3.0,0.894,,,,,,,,,,,0.0,,,,0.0,0.0
Slovenia,SVN,202.0,1994.0,349.0,0.845,0.765,3.0,0.894,,,,,,,,,,,0.0,,,,0.0,0.0
Slovenia,SVN,202.0,1995.0,349.0,0.839,0.757,3.0,0.894,,,,,,,,,,,0.0,,,,0.0,0.0
Slovenia,SVN,202.0,1996.0,349.0,0.849,0.767,3.0,0.886,0.0,0.0,1.0,0.0,0.0,0.0,0.0,0.0,0.0,75.75,0.0,27.78,,,0.0,0.0
Slovenia,SVN,202.0,1997.0,349.0,0.842,0.762,3.0,0.904,0.0,0.0,0.0,0.0,0.0,0.0,0.0,0.0,1.0,71.18,0.0,,55.5,18.4,0.0,0.0
Slovenia,SVN,202.0,1998.0,349.0,0.842,0.764,3.0,0.911,,,,,,,,,,,0.0,,,,0.0,0.0
Slovenia,SVN,202.0,1999.0,349.0,0.837,0.759,3.0,0.904,,,,,,,,,,,0.0,,,,0.0,0.0
Slovenia,SVN,202.0,2000.0,349.0,0.84,0.749,3.0,0.904,0.0,0.0,1.0,0.0,0.0,0.0,0.0,0.0,0.0,72.33,0.0,37.78,,,0.0,0.0
Slovenia,SVN,202.0,2001.0,349.0,0.832,0.742,3.0,0.911,,,,,,,,,,,0.0,,,,0.0,0.0
Slovenia,SVN,202.0,2002.0,349.0,0.843,0.756,3.0,0.913,0.0,2.0,0.0,0.0,0.0,0.0,0.0,0.0,1.0,72.25,0.0,,44.4,20.8,0.0,0.0
Slovenia,SVN,202.0,2003.0,349.0,0.841,0.752,3.0,0.923,,,,,,,,,,,0.0,,,,0.0,0.0
Slovenia,SVN,202.0,2004.0,349.0,0.825,0.735,3.0,0.923,2.0,0.0,1.0,0.0,0.0,0.0,0.0,0.0,0.0,61.09,0.0,32.22,,,0.0,0.0
Slovenia,SVN,202.0,2005.0,349.0,0.822,0.733,3.0,0.923,,,,,,,,,,,0.0,,,,0.0,0.0
Slovenia,SVN,202.0,2006.0,349.0,0.823,0.734,3.0,0.923,,,,,,,,,,,0.0,,,,0.0,0.0
Slovenia,SVN,202.0,2007.0,349.0,0.826,0.738,3.0,0.923,0.0,2.0,0.0,0.0,0.0,0.0,0.0,0.0,1.0,61.26,0.0,,24.5,28.7,0.0,0.0
Slovenia,SVN,202.0,2008.0,349.0,0.825,0.737,3.0,0.922,2.0,0.0,1.0,0.0,0.0,0.0,0.0,0.0,0.0,65.04,0.0,32.22,,,0.0,0.0
Slovenia,SVN,202.0,2009.0,349.0,0.873,0.791,3.0,0.924,,,,,,,,,,,0.0,,,,0.0,0.0
Slovenia,SVN,202.0,2010.0,349.0,0.872,0.796,3.0,0.932,,,,,,,,,,,0.0,,,,0.0,0.0
Slovenia,SVN,202.0,2011.0,349.0,0.863,0.789,3.0,0.939,2.0,0.0,1.0,0.0,0.0,0.0,0.0,0.0,0.0,66.99,0.0,31.11,,,0.0,0.0
Slovenia,SVN,202.0,2012.0,349.0,0.847,0.768,3.0,0.945,0.0,2.0,0.0,0.0,0.0,0.0,0.0,0.0,1.0,48.93,0.0,,39.87,35.88,0.0,0.0
Slovenia,SVN,202.0,2013.0,349.0,0.854,0.778,3.0,0.945,,,,,,,,,,,0.0,,,,0.0,1.0
Slovenia,SVN,202.0,2014.0,349.0,0.865,0.794,3.0,0.949,2.0,0.0,1.0,0.0,0.0,0.0,0.0,0.0,0.0,54.09,0.0,40.0,,,0.0,0.0
Slovenia,SVN,202.0,2015.0,349.0,0.873,0.804,3.0,0.949,,,,,,,,,,,0.0,,,,0.0,0.0
Slovenia,SVN,202.0,2016.0,349.0,0.861,0.795,3.0,0.958,,,,,,,,,,,0.0,,,,0.0,0.0
Slovenia,SVN,202.0,2017.0,349.0,0.84,0.772,3.0,0.958,0.0,2.0,0.0,0.0,0.0,0.0,0.0,0.0,1.0,45.89,0.0,,47.21,24.76,0.0,0.0
Slovenia,SVN,202.0,2018.0,349.0,0.83,0.759,3.0,0.945,1.0,0.0,1.0,0.0,0.0,0.0,0.0,0.0,0.0,54.58,0.0,27.78,,,0.0,0.0
Slovenia,SVN,202.0,2019.0,349.0,0.814,0.743,3.0,0.945,,,,,,,,,,,0.0,,,,0.0,0.0
Slovenia,SVN,202.0,2020.0,349.0,0.752,0.665,3.0,0.924,,,,,,,,,,,0.0,,,,0.0,0.0
Slovenia,SVN,202.0,2021.0,349.0,0.715,0.624,2.0,0.89,,,,,,,,,,,0.0,,,,0.0,0.0
Slovenia,SVN,202.0,2022.0,349.0,0.808,0.728,3.0,0.911,2.0,2.0,1.0,0.0,0.0,0.0,0.0,0.0,1.0,69.44,0.0,45.56,53.89,46.11,0.0,0.0
Slovenia,SVN,202.0,2023.0,349.0,0.76,0.659,2.0,0.911,,,,,,,,,,,0.0,,,,0.0,0.0
Slovenia,SVN,202.0,2024.0,349.0,0.725,0.63,2.0,0.917,,,,,,,,,,,0.0,,,,0.0,0.0
Slovenia,SVN,202.0,2025.0,349.0,0.692,0.589,2.0,0.871,,,,,,,,,,,0.0,,,,0.0,0.0
Solomon Islands,SLB,203.0,1980.0,940.0,0.52,0.412,2.0,0.684,0.0,0.0,1.0,0.0,0.0,0.0,0.0,0.0,0.0,54.71,0.0,42.11,,,0.0,0.0
Solomon Islands,SLB,203.0,1981.0,940.0,0.52,0.409,2.0,0.684,,,,,,,,,,,1.0,,,,0.0,0.0
Solomon Islands,SLB,203.0,1982.0,940.0,0.536,0.42,2.0,0.684,,,,,,,,,,,1.0,,,,0.0,0.0
Solomon Islands,SLB,203.0,1983.0,940.0,0.536,0.42,2.0,0.684,,,,,,,,,,,1.0,,,,0.0,0.0
Solomon Islands,SLB,203.0,1984.0,940.0,0.537,0.421,2.0,0.684,2.0,0.0,1.0,0.0,0.0,0.0,0.0,0.0,0.0,55.32,1.0,34.21,,,0.0,0.0
Solomon Islands,SLB,203.0,1985.0,940.0,0.54,0.423,2.0,0.684,,,,,,,,,,,1.0,,,,0.0,0.0
Solomon Islands,SLB,203.0,1986.0,940.0,0.54,0.423,2.0,0.684,,,,,,,,,,,1.0,,,,0.0,0.0
Solomon Islands,SLB,203.0,1987.0,940.0,0.54,0.423,2.0,0.684,,,,,,,,,,,1.0,,,,0.0,0.0
Solomon Islands,SLB,203.0,1988.0,940.0,0.54,0.423,2.0,0.684,,,,,,,,,,,1.0,,,,0.0,0.0
Solomon Islands,SLB,203.0,1989.0,940.0,0.531,0.415,2.0,0.684,2.0,0.0,1.0,0.0,0.0,0.0,0.0,0.0,0.0,55.76,1.0,60.53,,,0.0,0.0
Solomon Islands,SLB,203.0,1990.0,940.0,0.532,0.414,2.0,0.684,,,,,,,,,,,1.0,,,,0.0,0.0
Solomon Islands,SLB,203.0,1991.0,940.0,0.532,0.414,2.0,0.684,,,,,,,,,,,1.0,,,,0.0,0.0
Solomon Islands,SLB,203.0,1992.0,940.0,0.532,0.414,2.0,0.684,,,,,,,,,,,1.0,,,,0.0,0.0
Solomon Islands,SLB,203.0,1993.0,940.0,0.532,0.413,2.0,0.684,2.0,0.0,1.0,0.0,0.0,0.0,0.0,0.0,0.0,60.56,1.0,42.55,,,0.0,0.0
Solomon Islands,SLB,203.0,1994.0,940.0,0.532,0.413,2.0,0.684,,,,,,,,,,,1.0,,,,0.0,0.0
Solomon Islands,SLB,203.0,1995.0,940.0,0.532,0.413,2.0,0.684,,,,,,,,,,,1.0,,,,0.0,0.0
Solomon Islands,SLB,203.0,1996.0,940.0,0.532,0.413,2.0,0.684,,,,,,,,,,,1.0,,,,0.0,0.0
Solomon Islands,SLB,203.0,1997.0,940.0,0.526,0.409,2.0,0.684,2.0,0.0,1.0,0.0,0.0,0.0,0.0,0.0,0.0,70.72,1.0,42.0,,,0.0,0.0
Solomon Islands,SLB,203.0,1998.0,940.0,0.512,0.396,2.0,0.672,,,,,,,,,,,1.0,,,,0.0,0.0
Solomon Islands,SLB,203.0,1999.0,940.0,0.511,0.375,2.0,0.672,,,,,,,,,,,1.0,,,,0.0,0.0
Solomon Islands,SLB,203.0,2000.0,940.0,0.356,0.243,1.0,0.542,,,,,,,,,,,1.0,,,,0.0,0.0
Solomon Islands,SLB,203.0,2001.0,940.0,0.273,0.184,1.0,0.569,2.0,0.0,1.0,0.0,0.0,0.0,0.0,0.0,0.0,77.16,1.0,40.0,,,0.0,0.0
Solomon Islands,SLB,203.0,2002.0,940.0,0.507,0.381,2.0,0.636,,,,,,,,,,,1.0,,,,0.0,0.0
Solomon Islands,SLB,203.0,2003.0,940.0,0.507,0.389,2.0,0.636,,,,,,,,,,,1.0,,,,0.0,0.0
Solomon Islands,SLB,203.0,2004.0,940.0,0.52,0.401,2.0,0.659,,,,,,,,,,,1.0,,,,0.0,0.0
Solomon Islands,SLB,203.0,2005.0,940.0,0.511,0.396,2.0,0.659,,,,,,,,,,,1.0,,,,0.0,0.0
Solomon Islands,SLB,203.0,2006.0,940.0,0.471,0.361,1.0,0.678,2.0,0.0,1.0,0.0,0.0,0.0,0.0,0.0,0.0,70.37,1.0,8.0,,,0.0,0.0
Solomon Islands,SLB,203.0,2007.0,940.0,0.559,0.434,2.0,0.679,,,,,,,,,,,1.0,,,,0.0,0.0
Solomon Islands,SLB,203.0,2008.0,940.0,0.559,0.434,2.0,0.679,,,,,,,,,,,1.0,,,,0.0,0.0
Solomon Islands,SLB,203.0,2009.0,940.0,0.564,0.436,2.0,0.679,,,,,,,,,,,1.0,,,,0.0,0.0
Solomon Islands,SLB,203.0,2010.0,940.0,0.573,0.44,2.0,0.685,2.0,0.0,1.0,0.0,0.0,0.0,0.0,0.0,0.0,75.73,1.0,26.0,,,0.0,0.0
Solomon Islands,SLB,203.0,2011.0,940.0,0.582,0.445,2.0,0.685,,,,,,,,,,,1.0,,,,0.0,0.0
Solomon Islands,SLB,203.0,2012.0,940.0,0.586,0.447,2.0,0.685,,,,,,,,,,,1.0,,,,0.0,0.0
Solomon Islands,SLB,203.0,2013.0,940.0,0.582,0.447,2.0,0.695,,,,,,,,,,,1.0,,,,0.0,0.0
Solomon Islands,SLB,203.0,2014.0,940.0,0.585,0.45,2.0,0.695,2.0,0.0,1.0,0.0,0.0,0.0,0.0,0.0,0.0,80.5,1.0,14.0,,,0.0,0.0
Solomon Islands,SLB,203.0,2015.0,940.0,0.594,0.456,2.0,0.695,,,,,,,,,,,1.0,,,,0.0,0.0
Solomon Islands,SLB,203.0,2016.0,940.0,0.61,0.466,2.0,0.704,,,,,,,,,,,1.0,,,,0.0,0.0
Solomon Islands,SLB,203.0,2017.0,940.0,0.616,0.477,2.0,0.706,,,,,,,,,,,1.0,,,,0.0,0.0
Solomon Islands,SLB,203.0,2018.0,940.0,0.623,0.48,2.0,0.706,,,,,,,,,,,1.0,,,,0.0,0.0
Solomon Islands,SLB,203.0,2019.0,940.0,0.656,0.503,2.0,0.705,2.0,0.0,1.0,0.0,0.0,0.0,0.0,0.0,0.0,60.01,1.0,42.0,,,0.0,0.0
Solomon Islands,SLB,203.0,2020.0,940.0,0.655,0.494,2.0,0.62,,,,,,,,,,,1.0,,,,0.0,0.0
Solomon Islands,SLB,203.0,2021.0,940.0,0.658,0.501,2.0,0.627,,,,,,,,,,,1.0,,,,0.0,0.0
Solomon Islands,SLB,203.0,2022.0,940.0,0.659,0.505,2.0,0.619,,,,,,,,,,,1.0,,,,0.0,0.0
Solomon Islands,SLB,203.0,2023.0,940.0,0.666,0.517,2.0,0.644,,,,,,,,,,,1.0,,,,0.0,0.0
Solomon Islands,SLB,203.0,2024.0,940.0,0.688,0.536,2.0,0.648,1.0,0.0,1.0,0.0,0.0,0.0,0.0,0.0,0.0,74.96,1.0,30.0,,,0.0,0.0
Solomon Islands,SLB,203.0,2025.0,940.0,0.696,0.539,2.0,0.648,,,,,,,,,,,1.0,,,,0.0,0.0
Vanuatu,VUT,206.0,1980.0,935.0,0.699,0.584,2.0,0.776,,,,,,,,,,,0.0,,,,0.0,0.0
Vanuatu,VUT,206.0,1981.0,935.0,0.699,0.584,2.0,0.776,,,,,,,,,,,0.0,,,,0.0,0.0
Vanuatu,VUT,206.0,1982.0,935.0,0.699,0.584,2.0,0.776,,,,,,,,,,,0.0,,,,0.0,0.0
Vanuatu,VUT,206.0,1983.0,935.0,0.699,0.584,2.0,0.776,0.0,0.0,1.0,0.0,0.0,0.0,0.0,0.0,0.0,62.39,0.0,61.54,,,0.0,0.0
Vanuatu,VUT,206.0,1984.0,935.0,0.699,0.582,2.0,0.776,,,,,,,,,,,0.0,,,,0.0,0.0
Vanuatu,VUT,206.0,1985.0,935.0,0.699,0.582,2.0,0.776,,,,,,,,,,,0.0,,,,0.0,0.0
Vanuatu,VUT,206.0,1986.0,935.0,0.699,0.582,2.0,0.776,,,,,,,,,,,0.0,,,,0.0,0.0
Vanuatu,VUT,206.0,1987.0,935.0,0.698,0.582,2.0,0.776,0.0,0.0,1.0,0.0,0.0,0.0,0.0,0.0,0.0,67.61,0.0,54.35,,,0.0,0.0
Vanuatu,VUT,206.0,1988.0,935.0,0.69,0.574,2.0,0.776,,,,,,,,,,,0.0,,,,0.0,0.0
Vanuatu,VUT,206.0,1989.0,935.0,0.69,0.574,2.0,0.776,,,,,,,,,,,0.0,,,,0.0,0.0
Vanuatu,VUT,206.0,1990.0,935.0,0.697,0.58,2.0,0.776,,,,,,,,,,,0.0,,,,0.0,0.0
Vanuatu,VUT,206.0,1991.0,935.0,0.687,0.57,2.0,0.776,2.0,0.0,1.0,0.0,0.0,0.0,0.0,0.0,0.0,70.69,0.0,41.3,,,0.0,0.0
Vanuatu,VUT,206.0,1992.0,935.0,0.615,0.512,2.0,0.776,,,,,,,,,,,0.0,,,,0.0,0.0
Vanuatu,VUT,206.0,1993.0,935.0,0.615,0.512,2.0,0.776,,,,,,,,,,,0.0,,,,0.0,0.0
Vanuatu,VUT,206.0,1994.0,935.0,0.615,0.518,2.0,0.792,,,,,,,,,,,0.0,,,,0.0,0.0
Vanuatu,VUT,206.0,1995.0,935.0,0.616,0.518,2.0,0.792,1.0,0.0,1.0,0.0,0.0,0.0,0.0,0.0,0.0,78.6,0.0,40.0,,,0.0,0.0
Vanuatu,VUT,206.0,1996.0,935.0,0.618,0.518,2.0,0.792,,,,,,,,,,,0.0,,,,0.0,0.0
Vanuatu,VUT,206.0,1997.0,935.0,0.618,0.518,2.0,0.792,,,,,,,,,,,0.0,,,,0.0,0.0
Vanuatu,VUT,206.0,1998.0,935.0,0.617,0.517,2.0,0.792,2.0,0.0,1.0,0.0,0.0,0.0,0.0,0.0,0.0,77.24,0.0,34.62,,,0.0,0.0
Vanuatu,VUT,206.0,1999.0,935.0,0.617,0.517,2.0,0.792,,,,,,,,,,,0.0,,,,0.0,0.0
Vanuatu,VUT,206.0,2000.0,935.0,0.619,0.518,2.0,0.792,,,,,,,,,,,0.0,,,,0.0,0.0
Vanuatu,VUT,206.0,2001.0,935.0,0.619,0.518,2.0,0.792,,,,,,,,,,,0.0,,,,0.0,0.0
Vanuatu,VUT,206.0,2002.0,935.0,0.619,0.519,2.0,0.792,0.0,0.0,1.0,0.0,0.0,0.0,0.0,0.0,0.0,74.18,0.0,28.85,,,0.0,0.0
Vanuatu,VUT,206.0,2003.0,935.0,0.62,0.519,2.0,0.792,,,,,,,,,,,0.0,,,,0.0,0.0
Vanuatu,VUT,206.0,2004.0,935.0,0.615,0.517,2.0,0.792,2.0,0.0,1.0,0.0,0.0,0.0,0.0,0.0,0.0,79.3,0.0,19.23,,,0.0,0.0
Vanuatu,VUT,206.0,2005.0,935.0,0.611,0.514,2.0,0.792,,,,,,,,,,,0.0,,,,0.0,0.0
Vanuatu,VUT,206.0,2006.0,935.0,0.611,0.514,2.0,0.792,,,,,,,,,,,0.0,,,,0.0,0.0
Vanuatu,VUT,206.0,2007.0,935.0,0.611,0.514,2.0,0.792,,,,,,,,,,,0.0,,,,0.0,0.0
Vanuatu,VUT,206.0,2008.0,935.0,0.653,0.549,2.0,0.792,2.0,0.0,1.0,0.0,0.0,0.0,0.0,0.0,0.0,82.78,0.0,21.15,,,0.0,0.0
Vanuatu,VUT,206.0,2009.0,935.0,0.737,0.618,2.0,0.792,,,,,,,,,,,0.0,,,,0.0,0.0
Vanuatu,VUT,206.0,2010.0,935.0,0.737,0.619,2.0,0.792,,,,,,,,,,,0.0,,,,0.0,0.0
Vanuatu,VUT,206.0,2011.0,935.0,0.737,0.619,2.0,0.792,,,,,,,,,,,0.0,,,,0.0,0.0
Vanuatu,VUT,206.0,2012.0,935.0,0.738,0.62,2.0,0.792,2.0,0.0,1.0,0.0,0.0,0.0,0.0,0.0,0.0,85.0,0.0,15.38,,,0.0,0.0
Vanuatu,VUT,206.0,2013.0,935.0,0.745,0.626,2.0,0.792,,,,,,,,,,,0.0,,,,0.0,0.0
Vanuatu,VUT,206.0,2014.0,935.0,0.745,0.626,2.0,0.792,,,,,,,,,,,0.0,,,,0.0,0.0
Vanuatu,VUT,206.0,2015.0,935.0,0.747,0.639,2.0,0.828,,,,,,,,,,,0.0,,,,0.0,0.0
Vanuatu,VUT,206.0,2016.0,935.0,0.771,0.661,2.0,0.828,2.0,0.0,1.0,0.0,0.0,0.0,0.0,0.0,0.0,70.01,0.0,11.54,,,0.0,0.0
Vanuatu,VUT,206.0,2017.0,935.0,0.793,0.682,2.0,0.829,,,,,,,,,,,0.0,,,,0.0,0.0
Vanuatu,VUT,206.0,2018.0,935.0,0.79,0.68,2.0,0.823,,,,,,,,,,,0.0,,,,0.0,0.0
Vanuatu,VUT,206.0,2019.0,935.0,0.779,0.662,2.0,0.773,,,,,,,,,,,0.0,,,,0.0,0.0
Vanuatu,VUT,206.0,2020.0,935.0,0.78,0.659,2.0,0.757,2.0,0.0,1.0,0.0,0.0,0.0,0.0,0.0,0.0,80.0,0.0,17.31,,,0.0,0.0
Vanuatu,VUT,206.0,2021.0,935.0,0.8,0.673,2.0,0.757,,,,,,,,,,,0.0,,,,0.0,0.0
Vanuatu,VUT,206.0,2022.0,935.0,0.804,0.681,2.0,0.757,2.0,0.0,1.0,0.0,0.0,0.0,0.0,0.0,0.0,70.59,0.0,13.46,,,0.0,0.0
Vanuatu,VUT,206.0,2023.0,935.0,0.82,0.704,2.0,0.792,,,,,,,,,,,0.0,,,,0.0,0.0
Vanuatu,VUT,206.0,2024.0,935.0,0.8,0.686,2.0,0.792,,,,,,,,,,,0.0,,,,0.0,0.0
Vanuatu,VUT,206.0,2025.0,935.0,0.729,0.623,2.0,0.792,2.0,0.0,1.0,0.0,0.0,0.0,0.0,0.0,0.0,74.73,0.0,17.31,,,0.0,0.0
United Arab Emirates,ARE,207.0,1980.0,696.0,0.017,0.048,0.0,0.072,,,,,,,,,,,1.0,,,,0.5,0.0
United Arab Emirates,ARE,207.0,1981.0,696.0,0.017,0.048,0.0,0.072,,,,,,,,,,,1.0,,,,0.5,0.0
United Arab Emirates,ARE,207.0,1982.0,696.0,0.017,0.048,0.0,0.072,,,,,,,,,,,1.0,,,,0.5,0.0
United Arab Emirates,ARE,207.0,1983.0,696.0,0.018,0.048,0.0,0.072,,,,,,,,,,,1.0,,,,0.5,0.0
United Arab Emirates,ARE,207.0,1984.0,696.0,0.019,0.048,0.0,0.072,,,,,,,,,,,1.0,,,,0.5,0.0
United Arab Emirates,ARE,207.0,1985.0,696.0,0.02,0.051,0.0,0.072,,,,,,,,,,,1.0,,,,0.5,0.0
United Arab Emirates,ARE,207.0,1986.0,696.0,0.02,0.051,0.0,0.072,,,,,,,,,,,1.0,,,,0.5,0.0
United Arab Emirates,ARE,207.0,1987.0,696.0,0.023,0.051,0.0,0.072,,,,,,,,,,,1.0,,,,0.5,0.0
United Arab Emirates,ARE,207.0,1988.0,696.0,0.023,0.051,0.0,0.072,,,,,,,,,,,1.0,,,,0.5,0.0
United Arab Emirates,ARE,207.0,1989.0,696.0,0.023,0.053,0.0,0.072,,,,,,,,,,,1.0,,,,0.5,0.0
United Arab Emirates,ARE,207.0,1990.0,696.0,0.023,0.055,0.0,0.072,,,,,,,,,,,1.0,,,,0.5,0.0
United Arab Emirates,ARE,207.0,1991.0,696.0,0.022,0.055,0.0,0.072,,,,,,,,,,,1.0,,,,0.5,0.0
United Arab Emirates,ARE,207.0,1992.0,696.0,0.025,0.055,0.0,0.072,,,,,,,,,,,1.0,,,,0.5,0.0
United Arab Emirates,ARE,207.0,1993.0,696.0,0.023,0.055,0.0,0.072,,,,,,,,,,,1.0,,,,0.5,0.0
United Arab Emirates,ARE,207.0,1994.0,696.0,0.024,0.065,0.0,0.103,,,,,,,,,,,1.0,,,,0.5,0.0
United Arab Emirates,ARE,207.0,1995.0,696.0,0.027,0.068,0.0,0.103,,,,,,,,,,,1.0,,,,0.5,0.0
United Arab Emirates,ARE,207.0,1996.0,696.0,0.027,0.07,0.0,0.103,,,,,,,,,,,1.0,,,,0.5,0.0
United Arab Emirates,ARE,207.0,1997.0,696.0,0.027,0.07,0.0,0.103,,,,,,,,,,,1.0,,,,0.5,0.0
United Arab Emirates,ARE,207.0,1998.0,696.0,0.028,0.07,0.0,0.103,,,,,,,,,,,1.0,,,,0.5,0.0
United Arab Emirates,ARE,207.0,1999.0,696.0,0.028,0.07,0.0,0.103,,,,,,,,,,,1.0,,,,0.5,0.0
United Arab Emirates,ARE,207.0,2000.0,696.0,0.028,0.07,0.0,0.103,,,,,,,,,,,1.0,,,,0.5,0.0
United Arab Emirates,ARE,207.0,2001.0,696.0,0.028,0.07,0.0,0.103,,,,,,,,,,,1.0,,,,0.5,0.0
United Arab Emirates,ARE,207.0,2002.0,696.0,0.025,0.071,0.0,0.103,,,,,,,,,,,1.0,,,,0.5,0.0
United Arab Emirates,ARE,207.0,2003.0,696.0,0.025,0.069,0.0,0.103,,,,,,,,,,,1.0,,,,0.5,0.0
United Arab Emirates,ARE,207.0,2004.0,696.0,0.019,0.068,0.0,0.111,,,,,,,,,,,1.0,,,,0.0,0.0
United Arab Emirates,ARE,207.0,2005.0,696.0,0.021,0.07,0.0,0.111,,,,,,,,,,,1.0,,,,0.0,0.0
United Arab Emirates,ARE,207.0,2006.0,696.0,0.024,0.072,0.0,0.111,0.0,0.0,1.0,0.0,0.0,0.0,0.0,0.0,0.0,,1.0,,,,0.0,0.0
United Arab Emirates,ARE,207.0,2007.0,696.0,0.071,0.08,0.0,0.111,,,,,,,,,,,1.0,,,,0.0,0.0
United Arab Emirates,ARE,207.0,2008.0,696.0,0.071,0.08,0.0,0.111,,,,,,,,,,,1.0,,,,0.0,0.0
United Arab Emirates,ARE,207.0,2009.0,696.0,0.071,0.081,0.0,0.111,,,,,,,,,,,1.0,,,,0.0,0.0
United Arab Emirates,ARE,207.0,2010.0,696.0,0.072,0.082,0.0,0.111,,,,,,,,,,,1.0,,,,0.0,0.0
United Arab Emirates,ARE,207.0,2011.0,696.0,0.081,0.079,0.0,0.111,0.0,0.0,1.0,0.0,0.0,0.0,0.0,0.0,0.0,,1.0,,,,0.0,0.0
United Arab Emirates,ARE,207.0,2012.0,696.0,0.09,0.086,0.0,0.111,,,,,,,,,,,1.0,,,,0.0,0.0
United Arab Emirates,ARE,207.0,2013.0,696.0,0.091,0.087,0.0,0.138,,,,,,,,,,,1.0,,,,0.0,0.0
United Arab Emirates,ARE,207.0,2014.0,696.0,0.089,0.087,0.0,0.138,,,,,,,,,,,1.0,,,,0.0,0.0
United Arab Emirates,ARE,207.0,2015.0,696.0,0.095,0.09,0.0,0.138,0.0,0.0,1.0,0.0,0.0,0.0,0.0,0.0,0.0,,1.0,,,,0.0,0.0
United Arab Emirates,ARE,207.0,2016.0,696.0,0.1,0.091,0.0,0.138,,,,,,,,,,,1.0,,,,0.0,0.0
United Arab Emirates,ARE,207.0,2017.0,696.0,0.095,0.091,0.0,0.138,,,,,,,,,,,1.0,,,,0.0,0.0
United Arab Emirates,ARE,207.0,2018.0,696.0,0.096,0.093,0.0,0.138,,,,,,,,,,,1.0,,,,0.0,0.0
United Arab Emirates,ARE,207.0,2019.0,696.0,0.102,0.09,0.0,0.138,0.0,0.0,1.0,0.0,0.0,0.0,0.0,0.0,0.0,,1.0,,,,0.0,0.0
United Arab Emirates,ARE,207.0,2020.0,696.0,0.102,0.09,0.0,0.138,,,,,,,,,,,1.0,,,,0.0,0.0
United Arab Emirates,ARE,207.0,2021.0,696.0,0.1,0.084,0.0,0.109,,,,,,,,,,,1.0,,,,0.0,0.0
United Arab Emirates,ARE,207.0,2022.0,696.0,0.101,0.086,0.0,0.138,,,,,,,,,,,1.0,,,,0.0,0.0
United Arab Emirates,ARE,207.0,2023.0,696.0,0.102,0.077,0.0,0.138,0.0,0.0,1.0,0.0,0.0,0.0,0.0,0.0,0.0,,1.0,,,,0.0,0.0
United Arab Emirates,ARE,207.0,2024.0,696.0,0.104,0.077,0.0,0.138,,,,,,,,,,,1.0,,,,0.0,0.0
United Arab Emirates,ARE,207.0,2025.0,696.0,0.104,0.077,0.0,0.161,,,,,,,,,,,1.0,,,,0.0,0.0
Hungary,HUN,210.0,1980.0,310.0,0.134,0.1,0.0,0.1,0.0,0.0,1.0,0.0,0.0,0.0,0.0,0.0,0.0,,0.0,71.59,,,0.0,0.0
Hungary,HUN,210.0,1981.0,310.0,0.136,0.1,0.0,0.1,,,,,,,,,,,0.0,,,,0.0,0.0
Hungary,HUN,210.0,1982.0,310.0,0.136,0.1,0.0,0.1,,,,,,,,,,,0.0,,,,0.0,0.0
Hungary,HUN,210.0,1983.0,310.0,0.136,0.1,0.0,0.1,,,,,,,,,,,0.0,,,,0.0,0.0
Hungary,HUN,210.0,1984.0,310.0,0.136,0.1,0.0,0.1,,,,,,,,,,,0.0,,,,0.0,0.0
Hungary,HUN,210.0,1985.0,310.0,0.141,0.104,0.0,0.116,0.0,0.0,1.0,0.0,0.0,0.0,0.0,0.0,0.0,,0.0,74.42,,,0.0,0.0
Hungary,HUN,210.0,1986.0,310.0,0.145,0.106,0.0,0.138,,,,,,,,,,,0.0,,,,0.0,0.0
Hungary,HUN,210.0,1987.0,310.0,0.15,0.109,0.0,0.138,,,,,,,,,,,0.0,,,,0.0,0.0
Hungary,HUN,210.0,1988.0,310.0,0.167,0.122,0.0,0.171,,,,,,,,,,,0.0,,,,0.0,0.0
Hungary,HUN,210.0,1989.0,310.0,0.265,0.186,1.0,0.354,,,,,,,,,,,0.0,,,,0.0,0.0
Hungary,HUN,210.0,1990.0,310.0,0.799,0.715,2.0,0.857,2.0,0.0,1.0,1.0,0.0,0.0,0.0,0.0,0.0,65.52,0.0,42.75,,,0.0,0.0
Hungary,HUN,210.0,1991.0,310.0,0.843,0.757,3.0,0.857,,,,,,,,,,,1.0,,,,0.0,0.0
Hungary,HUN,210.0,1992.0,310.0,0.843,0.757,3.0,0.857,,,,,,,,,,,1.0,,,,0.0,0.0
Hungary,HUN,210.0,1993.0,310.0,0.843,0.757,3.0,0.857,,,,,,,,,,,1.0,,,,0.0,0.0
Hungary,HUN,210.0,1994.0,310.0,0.842,0.755,3.0,0.857,2.0,0.0,1.0,1.0,0.0,0.0,0.0,0.0,0.0,69.43,1.0,54.15,,,0.0,0.0
Hungary,HUN,210.0,1995.0,310.0,0.844,0.756,3.0,0.857,,,,,,,,,,,1.0,,,,0.0,0.0
Hungary,HUN,210.0,1996.0,310.0,0.844,0.756,3.0,0.857,,,,,,,,,,,1.0,,,,0.0,0.0
Hungary,HUN,210.0,1997.0,310.0,0.844,0.757,3.0,0.857,,,,,,,,,,,1.0,,,,0.0,0.0
Hungary,HUN,210.0,1998.0,310.0,0.84,0.754,3.0,0.857,2.0,0.0,1.0,1.0,0.0,0.0,0.0,0.0,0.0,59.03,1.0,38.34,,,0.0,0.0
Hungary,HUN,210.0,1999.0,310.0,0.839,0.75,3.0,0.837,,,,,,,,,,,1.0,,,,0.0,0.0
Hungary,HUN,210.0,2000.0,310.0,0.839,0.75,3.0,0.837,,,,,,,,,,,1.0,,,,0.0,0.0
Hungary,HUN,210.0,2001.0,310.0,0.839,0.75,3.0,0.837,,,,,,,,,,,1.0,,,,0.0,0.0
Hungary,HUN,210.0,2002.0,310.0,0.842,0.755,3.0,0.844,2.0,0.0,1.0,1.0,0.0,0.0,0.0,0.0,0.0,71.78,1.0,48.7,,,0.0,0.0
Hungary,HUN,210.0,2003.0,310.0,0.843,0.759,3.0,0.865,,,,,,,,,,,1.0,,,,0.0,0.0
Hungary,HUN,210.0,2004.0,310.0,0.843,0.759,3.0,0.865,,,,,,,,,,,1.0,,,,0.0,0.0
Hungary,HUN,210.0,2005.0,310.0,0.843,0.754,3.0,0.865,,,,,,,,,,,1.0,,,,0.0,0.0
Hungary,HUN,210.0,2006.0,310.0,0.831,0.742,3.0,0.865,0.0,0.0,1.0,1.0,0.0,0.0,0.0,0.0,0.0,68.84,1.0,48.19,,,0.0,0.0
Hungary,HUN,210.0,2007.0,310.0,0.85,0.765,3.0,0.87,,,,,,,,,,,1.0,,,,0.0,0.0
Hungary,HUN,210.0,2008.0,310.0,0.85,0.766,3.0,0.873,,,,,,,,,,,1.0,,,,0.0,0.0
Hungary,HUN,210.0,2009.0,310.0,0.85,0.766,3.0,0.881,,,,,,,,,,,1.0,,,,0.0,0.0
Hungary,HUN,210.0,2010.0,310.0,0.808,0.677,2.0,0.733,2.0,0.0,1.0,1.0,0.0,0.0,0.0,0.0,0.0,63.67,1.0,67.88,,,0.0,0.0
Hungary,HUN,210.0,2011.0,310.0,0.778,0.639,2.0,0.708,,,,,,,,,,,1.0,,,,0.0,0.0
Hungary,HUN,210.0,2012.0,310.0,0.773,0.621,2.0,0.679,,,,,,,,,,,1.0,,,,0.0,0.0
Hungary,HUN,210.0,2013.0,310.0,0.738,0.575,2.0,0.645,,,,,,,,,,,1.0,,,,0.0,0.0
Hungary,HUN,210.0,2014.0,310.0,0.669,0.521,2.0,0.64,0.0,0.0,1.0,0.0,0.0,0.0,0.0,0.0,0.0,63.36,1.0,66.83,,,0.0,0.0
Hungary,HUN,210.0,2015.0,310.0,0.617,0.477,2.0,0.615,,,,,,,,,,,1.0,,,,0.0,0.0
Hungary,HUN,210.0,2016.0,310.0,0.613,0.474,2.0,0.629,,,,,,,,,,,1.0,,,,0.0,0.0
Hungary,HUN,210.0,2017.0,310.0,0.555,0.432,2.0,0.618,,,,,,,,,,,1.0,,,,0.0,0.0
Hungary,HUN,210.0,2018.0,310.0,0.481,0.373,1.0,0.573,0.0,0.0,1.0,0.0,0.0,0.0,0.0,0.0,0.0,71.64,1.0,66.83,,,0.0,0.0
Hungary,HUN,210.0,2019.0,310.0,0.466,0.364,1.0,0.573,,,,,,,,,,,1.0,,,,0.0,0.0
Hungary,HUN,210.0,2020.0,310.0,0.46,0.351,1.0,0.568,,,,,,,,,,,1.0,,,,0.0,0.0
Hungary,HUN,210.0,2021.0,310.0,0.45,0.346,1.0,0.551,,,,,,,,,,,1.0,,,,0.0,0.0
Hungary,HUN,210.0,2022.0,310.0,0.447,0.335,1.0,0.538,0.0,0.0,1.0,0.0,0.0,0.0,0.0,0.0,0.0,71.44,1.0,58.79,,,0.0,0.0
Hungary,HUN,210.0,2023.0,310.0,0.434,0.323,1.0,0.507,,,,,,,,,,,1.0,,,,0.0,0.0
Hungary,HUN,210.0,2024.0,310.0,0.444,0.325,1.0,0.497,,,,,,,,,,,1.0,,,,0.0,0.0
Hungary,HUN,210.0,2025.0,310.0,0.421,0.315,1.0,0.497,,,,,,,,,,,1.0,,,,0.0,0.0
Zanzibar,ZZB,236.0,1980.0,,0.027,0.1,0.0,0.299,1.0,1.0,1.0,0.0,0.0,0.0,0.0,0.0,1.0,,0.0,100.0,,,1.0,
Zanzibar,ZZB,236.0,1981.0,,0.106,0.111,0.0,0.299,,,,,,,,,,,0.0,,,,1.0,
Zanzibar,ZZB,236.0,1982.0,,0.106,0.111,0.0,0.299,,,,,,,,,,,0.0,,,,1.0,
Zanzibar,ZZB,236.0,1983.0,,0.106,0.111,0.0,0.299,,,,,,,,,,,0.0,,,,1.0,
Zanzibar,ZZB,236.0,1984.0,,0.113,0.13,0.0,0.299,1.0,1.0,0.0,0.0,0.0,0.0,0.0,0.0,1.0,,0.0,,,,1.0,
Zanzibar,ZZB,236.0,1985.0,,0.115,0.131,0.0,0.299,1.0,1.0,1.0,0.0,0.0,0.0,0.0,0.0,1.0,,0.0,100.0,61.5,0.0,1.0,
Zanzibar,ZZB,236.0,1986.0,,0.113,0.13,0.0,0.299,,,,,,,,,,,0.0,,,,1.0,
Zanzibar,ZZB,236.0,1987.0,,0.113,0.13,0.0,0.299,,,,,,,,,,,0.0,,,,1.0,
Zanzibar,ZZB,236.0,1988.0,,0.113,0.124,0.0,0.299,,,,,,,,,,,0.0,,,,1.0,
Zanzibar,ZZB,236.0,1989.0,,0.111,0.117,0.0,0.299,,,,,,,,,,,0.0,,,,1.0,
Zanzibar,ZZB,236.0,1990.0,,0.114,0.122,0.0,0.326,1.0,1.0,1.0,0.0,0.0,0.0,0.0,0.0,1.0,,0.0,100.0,,,1.0,
Zanzibar,ZZB,236.0,1991.0,,0.116,0.123,0.0,0.326,,,,,,,,,,,0.0,,,,1.0,
Zanzibar,ZZB,236.0,1992.0,,0.127,0.122,0.0,0.326,,,,,,,,,,,0.0,,,,1.0,
Zanzibar,ZZB,236.0,1993.0,,0.137,0.126,0.0,0.326,,,,,,,,,,,0.0,,,,1.0,
Zanzibar,ZZB,236.0,1994.0,,0.139,0.127,0.0,0.326,,,,,,,,,,,0.0,,,,1.0,
Zanzibar,ZZB,236.0,1995.0,,0.251,0.188,1.0,0.63,0.0,0.0,1.0,0.0,0.0,0.0,0.0,0.0,1.0,,0.0,52.0,50.2,49.8,1.0,
Zanzibar,ZZB,236.0,1996.0,,0.288,0.201,1.0,0.67,,,,,,,,,,,0.0,,,,1.0,
Zanzibar,ZZB,236.0,1997.0,,0.29,0.202,1.0,0.67,,,,,,,,,,,0.0,,,,1.0,
Zanzibar,ZZB,236.0,1998.0,,0.29,0.202,1.0,0.67,,,,,,,,,,,1.0,,,,1.0,
Zanzibar,ZZB,236.0,1999.0,,0.293,0.204,1.0,0.67,,,,,,,,,,,1.0,,,,1.0,
Zanzibar,ZZB,236.0,2000.0,,0.296,0.217,1.0,0.67,1.0,1.0,1.0,0.0,0.0,0.0,0.0,0.0,1.0,,1.0,68.0,67.0,33.0,1.0,
Zanzibar,ZZB,236.0,2001.0,,0.296,0.217,1.0,0.67,,,,,,,,,,,1.0,,,,1.0,
Zanzibar,ZZB,236.0,2002.0,,0.297,0.224,1.0,0.67,,,,,,,,,,,1.0,,,,1.0,
Zanzibar,ZZB,236.0,2003.0,,0.297,0.225,1.0,0.67,,,,,,,,,,,1.0,,,,1.0,
Zanzibar,ZZB,236.0,2004.0,,0.288,0.221,1.0,0.67,,,,,,,,,,,1.0,,,,1.0,
Zanzibar,ZZB,236.0,2005.0,,0.291,0.225,1.0,0.67,0.0,0.0,1.0,0.0,0.0,0.0,0.0,0.0,1.0,,1.0,60.0,53.18,46.07,1.0,
Zanzibar,ZZB,236.0,2006.0,,0.296,0.227,1.0,0.67,,,,,,,,,,,1.0,,,,1.0,
Zanzibar,ZZB,236.0,2007.0,,0.299,0.228,1.0,0.67,,,,,,,,,,,1.0,,,,1.0,
Zanzibar,ZZB,236.0,2008.0,,0.299,0.231,1.0,0.67,,,,,,,,,,,1.0,,,,1.0,
Zanzibar,ZZB,236.0,2009.0,,0.302,0.232,1.0,0.67,,,,,,,,,,,1.0,,,,1.0,
Zanzibar,ZZB,236.0,2010.0,,0.314,0.241,1.0,0.67,1.0,1.0,1.0,0.0,0.0,0.0,0.0,0.0,1.0,,1.0,56.0,50.11,49.14,1.0,
Zanzibar,ZZB,236.0,2011.0,,0.332,0.25,1.0,0.67,,,,,,,,,,,1.0,,,,1.0,
Zanzibar,ZZB,236.0,2012.0,,0.334,0.251,1.0,0.67,,,,,,,,,,,1.0,,,,1.0,
Zanzibar,ZZB,236.0,2013.0,,0.333,0.253,1.0,0.67,,,,,,,,,,,1.0,,,,1.0,
Zanzibar,ZZB,236.0,2014.0,,0.329,0.251,1.0,0.67,,,,,,,,,,,1.0,,,,1.0,
Zanzibar,ZZB,236.0,2015.0,,0.299,0.234,1.0,0.67,0.0,0.0,1.0,0.0,0.0,0.0,0.0,0.0,1.0,,1.0,,58.46,39.97,1.0,
Zanzibar,ZZB,236.0,2016.0,,0.252,0.209,1.0,0.67,0.0,0.0,1.0,0.0,0.0,0.0,0.0,0.0,1.0,,1.0,100.0,91.4,3.0,1.0,
Zanzibar,ZZB,236.0,2017.0,,0.269,0.218,1.0,0.701,,,,,,,,,,,1.0,,,,1.0,
Zanzibar,ZZB,236.0,2018.0,,0.271,0.222,1.0,0.701,,,,,,,,,,,1.0,,,,1.0,
Zanzibar,ZZB,236.0,2019.0,,0.272,0.216,1.0,0.651,,,,,,,,,,,1.0,,,,1.0,
Zanzibar,ZZB,236.0,2020.0,,0.267,0.213,1.0,0.651,0.0,0.0,1.0,0.0,0.0,0.0,0.0,0.0,1.0,,1.0,92.0,76.27,19.87,1.0,
Zanzibar,ZZB,236.0,2021.0,,0.279,0.227,1.0,0.663,,,,,,,,,,,1.0,,,,1.0,
Zanzibar,ZZB,236.0,2022.0,,0.289,0.236,1.0,0.715,,,,,,,,,,,1.0,,,,1.0,
Zanzibar,ZZB,236.0,2023.0,,0.291,0.235,1.0,0.715,,,,,,,,,,,1.0,,,,1.0,
Zanzibar,ZZB,236.0,2024.0,,0.288,0.247,1.0,0.715,,,,,,,,,,,1.0,,,,1.0,
Zanzibar,ZZB,236.0,2025.0,,0.309,0.253,1.0,0.715,0.0,0.0,1.0,0.0,0.0,0.0,0.0,0.0,1.0,,1.0,,,,1.0,
