country_name,country_text_id,country_id,year,v2paenname,v2pashname,v2pavote,v2paseatshare,v2panumbseat,v2patotalseat,v2pagovsup,v2pariglef,v2xpa_popul,v2paelcont
Mexico,MEX,3.0,1991.0,Party of the Democratic Revolution,PRD,8.3,8.2,41.0,500.0,3.0,-1.531,0.764,2.0
Mexico,MEX,3.0,1994.0,Party of the Democratic Revolution,PRD,16.7,14.2,71.0,500.0,3.0,-1.531,0.753,0.0
Mexico,MEX,3.0,1997.0,Party of the Democratic Revolution,PRD,25.7,25.0,125.0,500.0,3.0,-1.531,0.698,0.0
Mexico,MEX,3.0,2000.0,Party of the Democratic Revolution,PRD,18.7,13.0,65.0,500.0,3.0,-1.531,0.707,0.0
Mexico,MEX,3.0,2003.0,Party of the Democratic Revolution,PRD,18.2,19.4,97.0,500.0,3.0,-1.531,0.704,0.0
Mexico,MEX,3.0,2006.0,Party of the Democratic Revolution,PRD,,25.2,126.0,500.0,3.0,-1.623,0.829,0.0
Mexico,MEX,3.0,2009.0,Party of the Democratic Revolution,PRD,12.9,14.2,71.0,500.0,3.0,-1.51,0.803,0.0
Mexico,MEX,3.0,2012.0,Party of the Democratic Revolution,PRD,19.4,20.8,104.0,500.0,3.0,-1.456,0.815,0.0
Mexico,MEX,3.0,2015.0,Party of the Democratic Revolution,PRD,10.9,11.2,56.0,500.0,3.0,-1.089,0.59,0.0
Mexico,MEX,3.0,2018.0,Party of the Democratic Revolution,PRD,5.3,4.2,21.0,500.0,3.0,-0.99,0.552,0.0
Mexico,MEX,3.0,2003.0,Ecologist Green Party of Mexico,PVEM,7.7,3.4,17.0,500.0,3.0,1.401,0.128,0.0
Mexico,MEX,3.0,2006.0,Ecologist Green Party of Mexico,PVEM,,3.8,19.0,500.0,3.0,1.401,0.063,0.0
Mexico,MEX,3.0,2009.0,Ecologist Green Party of Mexico,PVEM,7.1,4.2,21.0,500.0,3.0,1.401,0.063,0.0
Mexico,MEX,3.0,2012.0,Ecologist Green Party of Mexico,PVEM,6.4,5.8,29.0,500.0,1.0,1.401,0.061,0.0
Mexico,MEX,3.0,2015.0,Ecologist Green Party of Mexico,PVEM,6.9,9.4,47.0,500.0,1.0,1.401,0.061,0.0
Mexico,MEX,3.0,2018.0,Ecologist Green Party of Mexico,PVEM,4.8,3.2,16.0,500.0,3.0,1.265,0.062,0.0
Mexico,MEX,3.0,1982.0,National Action Party,PAN,18.0,12.8,51.0,400.0,3.0,1.83,0.187,0.0
Mexico,MEX,3.0,1985.0,National Action Party,PAN,16.7,10.3,41.0,400.0,3.0,2.032,0.188,0.0
Mexico,MEX,3.0,1988.0,National Action Party,PAN,18.0,20.2,101.0,500.0,3.0,1.997,0.231,0.0
Mexico,MEX,3.0,1991.0,National Action Party,PAN,17.7,17.8,89.0,500.0,3.0,1.997,0.216,0.0
Mexico,MEX,3.0,1994.0,National Action Party,PAN,25.8,23.8,119.0,500.0,3.0,1.997,0.168,0.0
Mexico,MEX,3.0,1997.0,National Action Party,PAN,26.6,24.2,121.0,500.0,3.0,1.997,0.168,0.0
Mexico,MEX,3.0,2000.0,National Action Party,PAN,38.2,42.2,211.0,500.0,0.0,2.254,0.169,0.0
Mexico,MEX,3.0,2003.0,National Action Party,PAN,31.8,30.6,153.0,500.0,0.0,2.254,0.154,0.0
Mexico,MEX,3.0,2006.0,National Action Party,PAN,34.3,41.2,206.0,500.0,0.0,2.012,0.109,0.0
Mexico,MEX,3.0,2009.0,National Action Party,PAN,29.6,28.6,143.0,500.0,0.0,1.872,0.109,0.0
Mexico,MEX,3.0,2012.0,National Action Party,PAN,27.3,22.8,114.0,500.0,3.0,2.013,0.142,0.0
Mexico,MEX,3.0,2015.0,National Action Party,PAN,21.0,21.8,109.0,500.0,3.0,2.013,0.134,0.0
Mexico,MEX,3.0,2018.0,National Action Party,PAN,17.9,16.6,83.0,500.0,3.0,1.97,0.159,0.0
Mexico,MEX,3.0,2006.0,Labor Party,PT,,3.6,18.0,500.0,3.0,-2.844,0.725,0.0
Mexico,MEX,3.0,2018.0,Labor Party,PT,3.9,12.2,61.0,500.0,2.0,-2.507,0.655,0.0
Mexico,MEX,3.0,2006.0,Convergence / Citizens' Movement,C/MC,,2.8,14.0,500.0,3.0,-0.852,0.494,0.0
Mexico,MEX,3.0,2015.0,Convergence / Citizens' Movement,C/MC,6.1,5.0,25.0,500.0,3.0,-0.828,0.434,0.0
Mexico,MEX,3.0,2018.0,Convergence / Citizens' Movement,C/MC,4.4,5.4,27.0,500.0,3.0,-0.828,0.434,0.0
Mexico,MEX,3.0,1982.0,Institutional Revolutionary Party,PRI,67.8,74.8,299.0,400.0,0.0,0.543,0.11,0.0
Mexico,MEX,3.0,1985.0,Institutional Revolutionary Party,PRI,64.8,72.3,289.0,400.0,0.0,0.922,0.109,0.0
Mexico,MEX,3.0,1988.0,Institutional Revolutionary Party,PRI,51.2,52.0,260.0,500.0,0.0,1.016,0.107,0.0
Mexico,MEX,3.0,1991.0,Institutional Revolutionary Party,PRI,61.5,64.0,320.0,500.0,0.0,0.898,0.132,0.0
Mexico,MEX,3.0,1994.0,Institutional Revolutionary Party,PRI,50.3,60.0,300.0,500.0,0.0,0.825,0.111,0.0
Mexico,MEX,3.0,1997.0,Institutional Revolutionary Party,PRI,39.1,47.8,239.0,500.0,0.0,0.825,0.111,0.0
Mexico,MEX,3.0,2000.0,Institutional Revolutionary Party,PRI,36.9,41.6,208.0,500.0,3.0,0.753,0.208,0.0
Mexico,MEX,3.0,2003.0,Institutional Revolutionary Party,PRI,34.5,44.4,222.0,500.0,3.0,0.663,0.205,0.0
Mexico,MEX,3.0,2006.0,Institutional Revolutionary Party,PRI,,20.8,104.0,500.0,3.0,0.663,0.202,0.0
Mexico,MEX,3.0,2009.0,Institutional Revolutionary Party,PRI,39.0,47.4,237.0,500.0,3.0,0.558,0.174,0.0
Mexico,MEX,3.0,2012.0,Institutional Revolutionary Party,PRI,33.6,42.4,212.0,500.0,0.0,1.016,0.091,0.0
Mexico,MEX,3.0,2015.0,Institutional Revolutionary Party,PRI,29.2,40.6,203.0,500.0,0.0,1.016,0.091,0.0
Mexico,MEX,3.0,2018.0,Institutional Revolutionary Party,PRI,16.5,9.0,45.0,500.0,3.0,0.949,0.138,0.0
Mexico,MEX,3.0,1988.0,National Democratic Front,FDN,29.0,27.8,139.0,500.0,3.0,-1.719,0.677,1.0
Mexico,MEX,3.0,2000.0,Alliance for Mexico 2000,AM,,,,,,,,
Mexico,MEX,3.0,2015.0,National Regeneration Movement,MORENA,8.4,7.0,35.0,500.0,3.0,-1.879,0.939,1.0
Mexico,MEX,3.0,2018.0,National Regeneration Movement,MORENA,37.3,37.8,189.0,500.0,0.0,-1.698,0.98,0.0
Mexico,MEX,3.0,2018.0,Social Encounter Party,PES,2.4,11.2,56.0,500.0,2.0,0.869,0.275,0.0
Mexico,MEX,3.0,2000.0,alliance: Alanza por el Cambio,Alanza por e...,,,,,,,,
Mexico,MEX,3.0,2006.0,alliance: Coalition for the Good of All,Coalition fo...,29.7,,,,,,,
Mexico,MEX,3.0,2006.0,alliance: Alliance for Mexico (2006),Alliance for...,28.9,,,,,,,
Suriname,SUR,4.0,2010.0,Party for Democracy and Development through Unity,DOE,5.1,2.0,1.0,51.0,,,,
Suriname,SUR,4.0,1996.0,Political Wing of the FAL,PVFAL,,,,,,,,
Suriname,SUR,4.0,2005.0,Political Wing of the FAL,PVFAL,,,,,,,,
Suriname,SUR,4.0,1996.0,Renewed Progressive Party,HPP,,,,,,,,
Suriname,SUR,4.0,2005.0,Basic Party for Renewal and Democracy,BVD,,,,,,,,
Suriname,SUR,4.0,1991.0,Democratic Alternative,DA91,16.7,17.6,9.0,51.0,,,,0.0
Suriname,SUR,4.0,1996.0,Democratic Alternative,DA91,13.0,7.8,4.0,51.0,,,,0.0
Suriname,SUR,4.0,2000.0,Democratic Alternative,DA91,6.1,3.9,2.0,51.0,,,,0.0
Suriname,SUR,4.0,2005.0,Democratic Alternative,DA91,,,,,,,,
Suriname,SUR,4.0,2010.0,Democratic Alternative,DA91,,,,,3.0,,,0.0
Suriname,SUR,4.0,2015.0,Democratic Alternative,DA91,,,,,3.0,,,0.0
Suriname,SUR,4.0,2000.0,Democratic National Platform 2000,DNP2000,10.0,5.9,3.0,51.0,,,,0.0
Suriname,SUR,4.0,2005.0,Democratic National Platform 2000,DNP2000,,,,,,,,
Suriname,SUR,4.0,1987.0,National Democratic Party,NDP,9.3,5.9,3.0,51.0,,,,0.0
Suriname,SUR,4.0,1991.0,National Democratic Party,NDP,21.7,23.5,12.0,51.0,,,,0.0
Suriname,SUR,4.0,1996.0,National Democratic Party,NDP,26.2,31.4,16.0,51.0,,,,0.0
Suriname,SUR,4.0,2000.0,National Democratic Party,NDP,,,,,,,,0.0
Suriname,SUR,4.0,2005.0,National Democratic Party,NDP,23.1,29.4,15.0,51.0,,,,0.0
Suriname,SUR,4.0,2010.0,National Democratic Party,NDP,,,,,0.0,-1.707,,0.0
Suriname,SUR,4.0,2015.0,National Democratic Party,NDP,45.5,51.0,26.0,51.0,0.0,-1.686,,0.0
Suriname,SUR,4.0,1996.0,Pendawa Lima,PL,9.2,7.8,4.0,51.0,,,,
Suriname,SUR,4.0,2005.0,Pendawa Lima,PL,,,,,,,,
Suriname,SUR,4.0,2010.0,Pendawa Lima,PL,,,,,1.0,,,0.0
Suriname,SUR,4.0,2015.0,Pendawa Lima,PL,,,,,,,,
Suriname,SUR,4.0,1987.0,National Party of Suriname,NPS,,27.5,14.0,51.0,,,,0.0
Suriname,SUR,4.0,1991.0,National Party of Suriname,NPS,,,,,,,,0.0
Suriname,SUR,4.0,1996.0,National Party of Suriname,NPS,,,,,,,,0.0
Suriname,SUR,4.0,2000.0,National Party of Suriname,NPS,,,,,,,,0.0
Suriname,SUR,4.0,2005.0,National Party of Suriname,NPS,,,,,,,,0.0
Suriname,SUR,4.0,2010.0,National Party of Suriname,NPS,,,,,3.0,,,0.0
Suriname,SUR,4.0,2015.0,National Party of Suriname,NPS,,,,,3.0,,,0.0
Suriname,SUR,4.0,1991.0,New Front for Democracy and Development,NFDD,54.3,58.8,30.0,51.0,,,,
Suriname,SUR,4.0,1996.0,New Front for Democracy and Development,NFDD,41.8,47.1,24.0,51.0,,,,
Suriname,SUR,4.0,2000.0,New Front for Democracy and Development,NFDD,47.5,64.7,33.0,51.0,,,,
Suriname,SUR,4.0,2005.0,New Front for Democracy and Development,NFDD,41.1,45.1,23.0,51.0,,,,
Suriname,SUR,4.0,2010.0,New Front for Democracy and Development,NFDD,31.6,27.5,14.0,51.0,,,,
Suriname,SUR,4.0,1987.0,Progressive Reform Party / United Hindustani Party,VHP,,31.4,16.0,51.0,,,,0.0
Suriname,SUR,4.0,1991.0,Progressive Reform Party / United Hindustani Party,VHP,,,,,,,,0.0
Suriname,SUR,4.0,1996.0,Progressive Reform Party / United Hindustani Party,VHP,,,,,,,,0.0
Suriname,SUR,4.0,2000.0,Progressive Reform Party / United Hindustani Party,VHP,,,,,0.0,,,0.0
Suriname,SUR,4.0,2005.0,Progressive Reform Party / United Hindustani Party,VHP,,,,,0.0,,,0.0
Suriname,SUR,4.0,2010.0,Progressive Reform Party / United Hindustani Party,VHP,,,,,3.0,,,0.0
Suriname,SUR,4.0,2015.0,Progressive Reform Party / United Hindustani Party,VHP,,,,,3.0,,,0.0
Suriname,SUR,4.0,1987.0,Party for National Unity and Solidarity,KTPI,,19.6,10.0,51.0,,,,0.0
Suriname,SUR,4.0,1991.0,Party for National Unity and Solidarity,KTPI,,,,,,,,0.0
Suriname,SUR,4.0,1996.0,Party for National Unity and Solidarity,KTPI,,,,,,,,0.0
Suriname,SUR,4.0,2000.0,Party for National Unity and Solidarity,KTPI,,,,,,,,0.0
Suriname,SUR,4.0,2005.0,Party for National Unity and Solidarity,KTPI,,,,,,,,
Suriname,SUR,4.0,2010.0,Party for National Unity and Solidarity,KTPI,,,,,1.0,,,0.0
Suriname,SUR,4.0,2015.0,Party for National Unity and Solidarity,KTPI,,,,,,,,
Suriname,SUR,4.0,2005.0,People's Alliance for Progress,VVV,14.5,9.8,5.0,51.0,,,,0.0
Suriname,SUR,4.0,1987.0,Progressive Workers' and Farmers' Union,PALU,1.7,7.8,4.0,51.0,,,,
Suriname,SUR,4.0,2010.0,Progressive Workers' and Farmers' Union,PALU,,,,,,,,
Suriname,SUR,4.0,2005.0,A-Combination,AC,7.5,9.8,5.0,51.0,,,,0.0
Suriname,SUR,4.0,2010.0,A-Combination,AC,4.7,13.7,7.0,51.0,,,,
Suriname,SUR,4.0,2015.0,A-Combination,AC,10.5,9.8,5.0,51.0,3.0,,,0.0
Suriname,SUR,4.0,1996.0,Progressive Surinamese People's Party,PSV,,,,,,,,
Suriname,SUR,4.0,2010.0,Progressive Surinamese People's Party,PSV,,,,,,,,
Suriname,SUR,4.0,2005.0,Democrats of the 21st Century,D21,,,,,,,,
Suriname,SUR,4.0,2005.0,Meeting Point 2000,T2000,,,,,,,,
Suriname,SUR,4.0,2010.0,Meeting Point 2000,T2000,,,,,,,,
Suriname,SUR,4.0,2010.0,New Suriname,NS,,,,,,,,
Suriname,SUR,4.0,1991.0,Surinamese Labour Party,SPA,,,,,,,,
Suriname,SUR,4.0,1996.0,Surinamese Labour Party,SPA,,,,,,,,
Suriname,SUR,4.0,2000.0,Surinamese Labour Party,SPA,,,,,,,,
Suriname,SUR,4.0,2005.0,Surinamese Labour Party,SPA,,,,,,,,
Suriname,SUR,4.0,2010.0,Surinamese Labour Party,SPA,,,,,,,,
Suriname,SUR,4.0,2015.0,Surinamese Labour Party,SPA,,,,,,,,
Suriname,SUR,4.0,2005.0,Brotherhood and Unity in Politics,BEP,,,,,,,,
Suriname,SUR,4.0,2010.0,Brotherhood and Unity in Politics,BEP,,,,,,,,
Suriname,SUR,4.0,2015.0,Brotherhood and Unity in Politics,BEP,,,,,,,,
Suriname,SUR,4.0,1987.0,alliance: Front for Democracy and Development,Front for De...,85.5,,,,,,,
Suriname,SUR,4.0,2000.0,alliance: Millennium Combination,Millennium C...,15.1,19.6,10.0,51.0,,,,
Suriname,SUR,4.0,2010.0,alliance: Mega Combinatie,Mega Combinatie,40.2,45.1,23.0,51.0,,,,
Suriname,SUR,4.0,2010.0,alliance: VolksAlliantie (2010),VolksAlliant...,13.0,11.8,6.0,51.0,,,,
Suriname,SUR,4.0,2015.0,alliance: VHP/V7,VHP/V7,37.3,35.3,18.0,51.0,,,,
Suriname,SUR,4.0,1996.0,alliance: Alliantie,Alliantie,8.4,5.9,3.0,51.0,,,,0.0
Suriname,SUR,4.0,2005.0,alliance: A1,A1,6.2,5.9,3.0,51.0,,,,0.0
Sweden,SWE,5.0,1982.0,Farmers' League / Centre Party,B/C,15.5,16.0,56.0,349.0,3.0,0.495,0.116,0.0
Sweden,SWE,5.0,1985.0,Farmers' League / Centre Party,B/C,12.4,12.3,43.0,349.0,3.0,0.495,0.116,0.0
Sweden,SWE,5.0,1988.0,Farmers' League / Centre Party,B/C,11.3,12.0,42.0,349.0,3.0,0.495,0.116,0.0
Sweden,SWE,5.0,1991.0,Farmers' League / Centre Party,B/C,8.5,8.9,31.0,349.0,1.0,0.495,0.116,0.0
Sweden,SWE,5.0,1994.0,Farmers' League / Centre Party,B/C,7.7,7.7,27.0,349.0,3.0,0.495,0.116,0.0
Sweden,SWE,5.0,1998.0,Farmers' League / Centre Party,B/C,5.1,5.2,18.0,349.0,3.0,0.518,0.116,0.0
Sweden,SWE,5.0,2002.0,Farmers' League / Centre Party,B/C,6.2,6.3,22.0,349.0,3.0,0.796,0.116,0.0
Sweden,SWE,5.0,2006.0,Farmers' League / Centre Party,B/C,7.9,8.3,29.0,349.0,1.0,0.796,0.116,0.0
Sweden,SWE,5.0,2010.0,Farmers' League / Centre Party,B/C,6.6,6.6,23.0,349.0,1.0,0.796,0.116,0.0
Sweden,SWE,5.0,2014.0,Farmers' League / Centre Party,B/C,6.1,6.3,22.0,349.0,3.0,0.796,0.116,0.0
Sweden,SWE,5.0,2018.0,Farmers' League / Centre Party,B/C,8.6,8.9,31.0,349.0,2.0,0.796,0.116,0.0
Sweden,SWE,5.0,1991.0,New Democracy,NyD,6.7,7.2,25.0,349.0,3.0,2.55,0.965,1.0
Sweden,SWE,5.0,2010.0,Sweden Democrats,SD,5.7,5.7,20.0,349.0,3.0,1.513,0.864,0.0
Sweden,SWE,5.0,2014.0,Sweden Democrats,SD,12.9,14.0,49.0,349.0,3.0,1.513,0.864,0.0
Sweden,SWE,5.0,2018.0,Sweden Democrats,SD,17.5,17.8,62.0,349.0,3.0,1.513,0.864,0.0
Sweden,SWE,5.0,1988.0,Greens,MP,5.5,5.7,20.0,349.0,3.0,-0.213,0.353,0.0
Sweden,SWE,5.0,1991.0,Greens,MP,3.4,0.0,0.0,349.0,3.0,-0.213,0.353,0.0
Sweden,SWE,5.0,1994.0,Greens,MP,5.0,5.2,18.0,349.0,3.0,-0.213,0.353,0.0
Sweden,SWE,5.0,1998.0,Greens,MP,4.5,4.6,16.0,349.0,3.0,-0.371,0.317,0.0
Sweden,SWE,5.0,2002.0,Greens,MP,4.6,4.9,17.0,349.0,2.0,-0.371,0.317,0.0
Sweden,SWE,5.0,2006.0,Greens,MP,5.2,5.4,19.0,349.0,3.0,-0.371,0.317,0.0
Sweden,SWE,5.0,2010.0,Greens,MP,7.3,7.2,25.0,349.0,3.0,-0.371,0.317,0.0
Sweden,SWE,5.0,2014.0,Greens,MP,6.9,7.2,25.0,349.0,1.0,-0.371,0.317,0.0
Sweden,SWE,5.0,2018.0,Greens,MP,4.4,4.6,16.0,349.0,1.0,-0.371,0.317,0.0
Sweden,SWE,5.0,1982.0,Social Democrats,S,45.6,47.6,166.0,349.0,0.0,-1.669,0.391,0.0
Sweden,SWE,5.0,1985.0,Social Democrats,S,44.7,45.6,159.0,349.0,0.0,-1.669,0.391,0.0
Sweden,SWE,5.0,1988.0,Social Democrats,S,43.2,44.7,156.0,349.0,0.0,-1.406,0.391,0.0
Sweden,SWE,5.0,1991.0,Social Democrats,S,37.7,39.5,138.0,349.0,3.0,-1.01,0.391,0.0
Sweden,SWE,5.0,1994.0,Social Democrats,S,45.3,46.1,161.0,349.0,0.0,-1.01,0.347,0.0
Sweden,SWE,5.0,1998.0,Social Democrats,S,36.4,37.5,131.0,349.0,0.0,-0.996,0.347,0.0
Sweden,SWE,5.0,2002.0,Social Democrats,S,39.9,41.3,144.0,349.0,0.0,-0.996,0.347,0.0
Sweden,SWE,5.0,2006.0,Social Democrats,S,35.2,37.2,130.0,349.0,3.0,-0.996,0.347,0.0
Sweden,SWE,5.0,2010.0,Social Democrats,S,30.7,32.1,112.0,349.0,3.0,-0.996,0.347,0.0
Sweden,SWE,5.0,2014.0,Social Democrats,S,31.0,32.4,113.0,349.0,0.0,-0.996,0.347,0.0
Sweden,SWE,5.0,2018.0,Social Democrats,S,28.3,28.7,100.0,349.0,0.0,-0.996,0.343,0.0
Sweden,SWE,5.0,1991.0,Christian Democrats,KD,7.1,7.4,26.0,349.0,1.0,1.523,0.121,0.0
Sweden,SWE,5.0,1998.0,Christian Democrats,KD,11.8,12.0,42.0,349.0,3.0,1.505,0.121,0.0
Sweden,SWE,5.0,2002.0,Christian Democrats,KD,9.1,9.5,33.0,349.0,3.0,1.505,0.164,0.0
Sweden,SWE,5.0,2006.0,Christian Democrats,KD,6.6,6.9,24.0,349.0,1.0,1.505,0.163,0.0
Sweden,SWE,5.0,2010.0,Christian Democrats,KD,5.6,5.4,19.0,349.0,1.0,1.761,0.163,0.0
Sweden,SWE,5.0,2018.0,Christian Democrats,KD,6.3,6.3,22.0,349.0,3.0,1.778,0.166,0.0
Sweden,SWE,5.0,1982.0,Right Party / Moderate Party,H/M,23.6,24.6,86.0,349.0,3.0,2.284,0.1,0.0
Sweden,SWE,5.0,1985.0,Right Party / Moderate Party,H/M,21.3,21.8,76.0,349.0,3.0,2.284,0.1,0.0
Sweden,SWE,5.0,1988.0,Right Party / Moderate Party,H/M,18.3,18.9,66.0,349.0,3.0,2.284,0.1,0.0
Sweden,SWE,5.0,1991.0,Right Party / Moderate Party,H/M,21.9,22.9,80.0,349.0,0.0,2.613,0.1,0.0
Sweden,SWE,5.0,1994.0,Right Party / Moderate Party,H/M,22.4,22.9,80.0,349.0,3.0,2.613,0.1,0.0
Sweden,SWE,5.0,1998.0,Right Party / Moderate Party,H/M,22.9,23.5,82.0,349.0,3.0,2.6,0.1,0.0
Sweden,SWE,5.0,2002.0,Right Party / Moderate Party,H/M,15.3,15.8,55.0,349.0,3.0,2.6,0.1,0.0
Sweden,SWE,5.0,2006.0,Right Party / Moderate Party,H/M,26.1,27.8,97.0,349.0,0.0,2.277,0.111,0.0
Sweden,SWE,5.0,2010.0,Right Party / Moderate Party,H/M,30.1,30.7,107.0,349.0,0.0,2.277,0.111,0.0
Sweden,SWE,5.0,2014.0,Right Party / Moderate Party,H/M,23.3,24.1,84.0,349.0,3.0,2.277,0.111,0.0
Sweden,SWE,5.0,2018.0,Right Party / Moderate Party,H/M,19.8,20.1,70.0,349.0,3.0,2.277,0.099,0.0
Sweden,SWE,5.0,1982.0,Left Party / Communist Party,V,5.5,5.7,20.0,349.0,3.0,-3.358,0.594,0.0
Sweden,SWE,5.0,1985.0,Left Party / Communist Party,V,5.4,5.4,19.0,349.0,3.0,-3.358,0.594,0.0
Sweden,SWE,5.0,1988.0,Left Party / Communist Party,V,5.8,6.0,21.0,349.0,3.0,-3.358,0.594,0.0
Sweden,SWE,5.0,1994.0,Left Party / Communist Party,V,6.2,6.3,22.0,349.0,3.0,-1.89,0.593,0.0
Sweden,SWE,5.0,1998.0,Left Party / Communist Party,V,12.0,12.3,43.0,349.0,2.0,-1.886,0.593,0.0
Sweden,SWE,5.0,2002.0,Left Party / Communist Party,V,8.4,8.6,30.0,349.0,2.0,-1.886,0.593,0.0
Sweden,SWE,5.0,2006.0,Left Party / Communist Party,V,5.8,6.3,22.0,349.0,3.0,-1.886,0.593,0.0
Sweden,SWE,5.0,2010.0,Left Party / Communist Party,V,5.6,5.4,19.0,349.0,3.0,-1.886,0.593,0.0
Sweden,SWE,5.0,2014.0,Left Party / Communist Party,V,5.7,6.0,21.0,349.0,3.0,-1.886,0.593,0.0
Sweden,SWE,5.0,2018.0,Left Party / Communist Party,V,8.0,8.0,28.0,349.0,3.0,-1.886,0.593,0.0
Sweden,SWE,5.0,1982.0,The Liberals/The People’s Party,FP,5.9,6.0,21.0,349.0,3.0,0.799,0.108,0.0
Sweden,SWE,5.0,1985.0,The Liberals/The People’s Party,FP,14.2,14.6,51.0,349.0,3.0,0.799,0.107,0.0
Sweden,SWE,5.0,1988.0,The Liberals/The People’s Party,FP,12.2,12.6,44.0,349.0,3.0,0.799,0.11,0.0
Sweden,SWE,5.0,1991.0,The Liberals/The People’s Party,FP,9.1,9.5,33.0,349.0,1.0,0.799,0.11,0.0
Sweden,SWE,5.0,1994.0,The Liberals/The People’s Party,FP,7.2,7.4,26.0,349.0,3.0,1.169,0.11,0.0
Sweden,SWE,5.0,2002.0,The Liberals/The People’s Party,FP,13.4,13.8,48.0,349.0,3.0,1.17,0.11,0.0
Sweden,SWE,5.0,2006.0,The Liberals/The People’s Party,FP,7.5,8.0,28.0,349.0,1.0,1.17,0.111,0.0
Sweden,SWE,5.0,2010.0,The Liberals/The People’s Party,FP,7.1,6.9,24.0,349.0,1.0,1.17,0.111,0.0
Sweden,SWE,5.0,2014.0,The Liberals/The People’s Party,FP,5.4,5.4,19.0,349.0,3.0,1.17,0.111,0.0
Sweden,SWE,5.0,2018.0,The Liberals/The People’s Party,FP,5.5,5.7,20.0,349.0,2.0,1.17,0.111,2.0
Switzerland,CHE,6.0,1983.0,Social Democratic Party of Switzerland,SP,22.8,23.5,47.0,200.0,1.0,-2.36,0.559,0.0
Switzerland,CHE,6.0,1987.0,Social Democratic Party of Switzerland,SP,18.4,20.5,41.0,200.0,1.0,-2.36,0.559,0.0
Switzerland,CHE,6.0,1991.0,Social Democratic Party of Switzerland,SP,18.5,20.5,41.0,200.0,1.0,-2.36,0.559,0.0
Switzerland,CHE,6.0,1995.0,Social Democratic Party of Switzerland,SP,21.8,27.0,54.0,200.0,1.0,-2.36,0.559,0.0
Switzerland,CHE,6.0,1999.0,Social Democratic Party of Switzerland,SP,22.5,25.5,51.0,200.0,1.0,-2.36,0.559,0.0
Switzerland,CHE,6.0,2003.0,Social Democratic Party of Switzerland,SP,23.3,26.0,52.0,200.0,1.0,-2.36,0.559,0.0
Switzerland,CHE,6.0,2007.0,Social Democratic Party of Switzerland,SP,19.5,21.5,43.0,200.0,1.0,-2.36,0.559,0.0
Switzerland,CHE,6.0,2011.0,Social Democratic Party of Switzerland,SP,18.7,23.0,46.0,200.0,1.0,-2.36,0.559,0.0
Switzerland,CHE,6.0,2015.0,Social Democratic Party of Switzerland,SP,18.8,21.5,43.0,200.0,1.0,-2.36,0.559,0.0
Switzerland,CHE,6.0,2019.0,Social Democratic Party of Switzerland,SP,16.8,19.5,39.0,200.0,1.0,-2.36,0.559,0.0
Switzerland,CHE,6.0,1983.0,Swiss People's Party,SVP,11.1,11.5,23.0,200.0,1.0,1.639,0.405,0.0
Switzerland,CHE,6.0,1987.0,Swiss People's Party,SVP,11.0,12.5,25.0,200.0,1.0,1.639,0.438,0.0
Switzerland,CHE,6.0,1991.0,Swiss People's Party,SVP,11.9,12.5,25.0,200.0,1.0,2.152,0.87,0.0
Switzerland,CHE,6.0,1995.0,Swiss People's Party,SVP,14.9,14.5,29.0,200.0,1.0,2.152,0.902,0.0
Switzerland,CHE,6.0,1999.0,Swiss People's Party,SVP,22.5,22.0,44.0,200.0,1.0,3.311,0.902,0.0
Switzerland,CHE,6.0,2003.0,Swiss People's Party,SVP,26.7,27.5,55.0,200.0,1.0,3.311,0.902,0.0
Switzerland,CHE,6.0,2007.0,Swiss People's Party,SVP,28.9,31.0,62.0,200.0,3.0,3.311,0.944,0.0
Switzerland,CHE,6.0,2011.0,Swiss People's Party,SVP,26.6,27.0,54.0,200.0,1.0,3.311,0.944,0.0
Switzerland,CHE,6.0,2015.0,Swiss People's Party,SVP,29.4,32.5,65.0,200.0,1.0,3.311,0.903,0.0
Switzerland,CHE,6.0,2019.0,Swiss People's Party,SVP,25.6,26.5,53.0,200.0,1.0,3.311,0.903,0.0
Switzerland,CHE,6.0,1983.0,Radical Democratic Party,FDP,23.3,27.0,54.0,200.0,1.0,2.355,0.054,0.0
Switzerland,CHE,6.0,1987.0,Radical Democratic Party,FDP,22.9,25.5,51.0,200.0,1.0,2.355,0.054,0.0
Switzerland,CHE,6.0,1991.0,Radical Democratic Party,FDP,21.0,22.0,44.0,200.0,1.0,2.355,0.054,0.0
Switzerland,CHE,6.0,1995.0,Radical Democratic Party,FDP,20.2,22.5,45.0,200.0,1.0,2.355,0.054,0.0
Switzerland,CHE,6.0,1999.0,Radical Democratic Party,FDP,19.9,21.5,43.0,200.0,1.0,2.355,0.054,0.0
Switzerland,CHE,6.0,2003.0,Radical Democratic Party,FDP,17.3,18.0,36.0,200.0,1.0,2.355,0.054,0.0
Switzerland,CHE,6.0,2007.0,Radical Democratic Party,FDP,15.8,15.5,31.0,200.0,1.0,2.355,0.054,0.0
Switzerland,CHE,6.0,2011.0,Radical Democratic Party,FDP,15.1,15.0,30.0,200.0,1.0,2.355,0.054,2.0
Switzerland,CHE,6.0,2015.0,Radical Democratic Party,FDP,16.4,16.5,33.0,200.0,1.0,2.355,0.054,0.0
Switzerland,CHE,6.0,2019.0,Radical Democratic Party,FDP,15.1,14.5,29.0,200.0,1.0,2.355,0.054,0.0
Switzerland,CHE,6.0,1991.0,Green Party,Grue,6.1,7.0,14.0,200.0,3.0,-2.363,0.455,0.0
Switzerland,CHE,6.0,1995.0,Green Party,Grue,5.0,4.0,8.0,200.0,3.0,-2.363,0.417,0.0
Switzerland,CHE,6.0,1999.0,Green Party,Grue,5.0,4.0,8.0,200.0,3.0,-2.363,0.417,0.0
Switzerland,CHE,6.0,2003.0,Green Party,Grue,7.4,6.5,13.0,200.0,3.0,-2.363,0.417,0.0
Switzerland,CHE,6.0,2007.0,Green Party,Grue,9.6,10.0,20.0,200.0,3.0,-2.363,0.417,0.0
Switzerland,CHE,6.0,2011.0,Green Party,Grue,8.4,7.5,15.0,200.0,3.0,-2.363,0.417,0.0
Switzerland,CHE,6.0,2015.0,Green Party,Grue,7.1,5.5,11.0,200.0,3.0,-2.363,0.417,0.0
Switzerland,CHE,6.0,2019.0,Green Party,Grue,13.2,14.0,28.0,200.0,3.0,-2.363,0.417,0.0
Switzerland,CHE,6.0,1991.0,Automobile Party / Freedom Party of Switzerland,A/FPS,5.1,4.0,8.0,200.0,3.0,3.281,0.758,0.0
Switzerland,CHE,6.0,2011.0,Conservative Democratic Party of Switzerland,BDP,5.4,4.5,9.0,200.0,1.0,1.214,0.361,1.0
Switzerland,CHE,6.0,2011.0,Green Liberal Party,GPL,5.4,6.0,12.0,200.0,3.0,0.873,0.163,0.0
Switzerland,CHE,6.0,2019.0,Green Liberal Party,GPL,7.8,8.0,16.0,200.0,3.0,0.896,0.159,0.0
Switzerland,CHE,6.0,1983.0,Catholic Conservative / Christian Democratic Peoples Party,KK/CVP,20.2,21.0,42.0,200.0,1.0,0.349,0.059,0.0
Switzerland,CHE,6.0,1987.0,Catholic Conservative / Christian Democratic Peoples Party,KK/CVP,19.6,21.0,42.0,200.0,1.0,0.349,0.059,0.0
Switzerland,CHE,6.0,1991.0,Catholic Conservative / Christian Democratic Peoples Party,KK/CVP,18.0,17.5,35.0,200.0,1.0,0.349,0.059,0.0
Switzerland,CHE,6.0,1995.0,Catholic Conservative / Christian Democratic Peoples Party,KK/CVP,16.8,17.0,34.0,200.0,1.0,0.349,0.059,0.0
Switzerland,CHE,6.0,1999.0,Catholic Conservative / Christian Democratic Peoples Party,KK/CVP,15.9,17.5,35.0,200.0,1.0,0.349,0.059,0.0
Switzerland,CHE,6.0,2003.0,Catholic Conservative / Christian Democratic Peoples Party,KK/CVP,14.4,14.0,28.0,200.0,1.0,0.349,0.059,0.0
Switzerland,CHE,6.0,2007.0,Catholic Conservative / Christian Democratic Peoples Party,KK/CVP,14.5,15.5,31.0,200.0,1.0,0.349,0.059,0.0
Switzerland,CHE,6.0,2011.0,Catholic Conservative / Christian Democratic Peoples Party,KK/CVP,12.3,14.0,28.0,200.0,1.0,0.349,0.059,0.0
Switzerland,CHE,6.0,2015.0,Catholic Conservative / Christian Democratic Peoples Party,KK/CVP,11.7,13.5,27.0,200.0,1.0,0.349,0.059,0.0
Switzerland,CHE,6.0,2019.0,Catholic Conservative / Christian Democratic Peoples Party,KK/CVP,11.4,12.5,25.0,200.0,1.0,0.349,0.059,0.0
Ghana,GHA,7.0,1992.0,National Democratic Congress,NDC,77.5,94.5,189.0,200.0,0.0,-0.907,0.663,1.0
Ghana,GHA,7.0,1996.0,National Democratic Congress,NDC,,66.8,133.0,199.0,0.0,-0.869,0.646,0.0
Ghana,GHA,7.0,2000.0,National Democratic Congress,NDC,41.2,46.0,92.0,200.0,3.0,-0.972,0.646,0.0
Ghana,GHA,7.0,2004.0,National Democratic Congress,NDC,40.9,40.9,94.0,230.0,3.0,-0.972,0.646,0.0
Ghana,GHA,7.0,2008.0,National Democratic Congress,NDC,,49.3,113.0,229.0,0.0,-0.972,0.666,0.0
Ghana,GHA,7.0,2012.0,National Democratic Congress,NDC,,53.8,148.0,275.0,0.0,-0.972,0.621,0.0
Ghana,GHA,7.0,2016.0,National Democratic Congress,NDC,46.4,53.6,148.0,276.0,3.0,-0.972,0.621,0.0
Ghana,GHA,7.0,1996.0,New Patriotic Party,NPP,,30.2,60.0,199.0,3.0,0.844,0.273,0.0
Ghana,GHA,7.0,2000.0,New Patriotic Party,NPP,45.0,50.0,100.0,200.0,0.0,0.837,0.273,0.0
Ghana,GHA,7.0,2004.0,New Patriotic Party,NPP,55.6,55.7,128.0,230.0,0.0,0.765,0.273,0.0
Ghana,GHA,7.0,2008.0,New Patriotic Party,NPP,,47.6,109.0,229.0,3.0,0.765,0.282,0.0
Ghana,GHA,7.0,2012.0,New Patriotic Party,NPP,,44.7,123.0,275.0,3.0,0.765,0.288,0.0
Ghana,GHA,7.0,2016.0,New Patriotic Party,NPP,47.5,44.6,123.0,276.0,0.0,0.765,0.287,0.0
Ghana,GHA,7.0,1992.0,National Convention Party,NCP,19.2,4.0,8.0,200.0,1.0,-1.868,0.548,2.0
South Africa,ZAF,8.0,2004.0,Democratic Alliance,DA,12.4,12.5,50.0,400.0,3.0,1.066,0.475,2.0
South Africa,ZAF,8.0,2009.0,Democratic Alliance,DA,16.7,16.8,67.0,400.0,3.0,1.066,0.488,0.0
South Africa,ZAF,8.0,2014.0,Democratic Alliance,DA,22.2,22.3,89.0,400.0,3.0,0.957,0.512,0.0
South Africa,ZAF,8.0,2019.0,Democratic Alliance,DA,20.8,21.0,84.0,400.0,3.0,0.957,0.487,0.0
South Africa,ZAF,8.0,1994.0,African National Congress,ANC,62.6,63.0,252.0,400.0,0.0,-1.339,0.774,1.0
South Africa,ZAF,8.0,1999.0,African National Congress,ANC,66.4,66.5,266.0,400.0,0.0,-0.893,0.68,0.0
South Africa,ZAF,8.0,2004.0,African National Congress,ANC,69.7,69.8,279.0,400.0,0.0,-0.893,0.701,0.0
South Africa,ZAF,8.0,2009.0,African National Congress,ANC,65.9,66.0,264.0,400.0,0.0,-1.333,0.747,0.0
South Africa,ZAF,8.0,2014.0,African National Congress,ANC,62.1,62.3,249.0,400.0,0.0,-1.333,0.716,0.0
South Africa,ZAF,8.0,2019.0,African National Congress,ANC,57.5,57.5,230.0,400.0,0.0,-1.333,0.693,0.0
South Africa,ZAF,8.0,1981.0,National Party,NP,57.0,79.4,131.0,165.0,0.0,1.615,0.172,0.0
South Africa,ZAF,8.0,1987.0,National Party,NP,52.3,74.1,123.0,166.0,0.0,1.615,0.171,0.0
South Africa,ZAF,8.0,1989.0,National Party,NP,47.0,53.4,94.0,176.0,0.0,1.615,0.171,0.0
South Africa,ZAF,8.0,1994.0,National Party,NP,24.4,20.5,82.0,400.0,1.0,1.691,0.234,0.0
South Africa,ZAF,8.0,1987.0,Conservative Party,CP,26.6,13.3,22.0,166.0,3.0,1.089,0.529,1.0
South Africa,ZAF,8.0,1989.0,Conservative Party,CP,31.3,22.2,39.0,176.0,3.0,1.089,0.529,0.0
South Africa,ZAF,8.0,1994.0,Inkatha Freedom Party,IFP,10.5,10.8,43.0,400.0,3.0,1.02,0.514,1.0
South Africa,ZAF,8.0,1999.0,Inkatha Freedom Party,IFP,8.6,8.5,34.0,400.0,3.0,1.02,0.541,0.0
South Africa,ZAF,8.0,2004.0,Inkatha Freedom Party,IFP,7.0,7.0,28.0,400.0,3.0,0.863,0.526,0.0
South Africa,ZAF,8.0,2009.0,Congress of the People,COPE,7.4,7.5,30.0,400.0,3.0,-0.48,0.644,1.0
South Africa,ZAF,8.0,1989.0,Democratic Party,DP,19.9,18.8,33.0,176.0,3.0,0.678,0.495,2.0
South Africa,ZAF,8.0,1999.0,Democratic Party,DP,9.6,9.5,38.0,400.0,3.0,0.892,0.438,0.0
South Africa,ZAF,8.0,2014.0,Economic Freedom Fighters,EEF,6.4,6.3,25.0,400.0,3.0,-3.73,0.973,1.0
South Africa,ZAF,8.0,2019.0,Economic Freedom Fighters,EEF,10.8,11.0,44.0,400.0,3.0,-3.73,0.973,0.0
South Africa,ZAF,8.0,1981.0,Progressive Federal Party,PFP,19.4,15.8,26.0,165.0,3.0,0.18,0.541,0.0
South Africa,ZAF,8.0,1987.0,Progressive Federal Party,PFP,14.0,11.4,19.0,166.0,3.0,0.192,0.541,0.0
South Africa,ZAF,8.0,1999.0,New National Party,NNP,6.9,7.0,28.0,400.0,3.0,1.445,0.42,2.0
South Africa,ZAF,8.0,1981.0,New Republic Party,NRP,7.8,4.8,8.0,165.0,3.0,1.293,0.504,0.0
South Africa,ZAF,8.0,1981.0,Reconstituted National Party,HNP,14.4,,,,3.0,2.216,0.497,0.0
Japan,JPN,9.0,1980.0,Japan Socialist Party / Social Democratic Party,JSP/SDP,19.3,20.9,107.0,511.0,3.0,-2.094,0.608,0.0
Japan,JPN,9.0,1983.0,Japan Socialist Party / Social Democratic Party,JSP/SDP,19.5,21.9,112.0,511.0,3.0,-2.094,0.608,0.0
Japan,JPN,9.0,1986.0,Japan Socialist Party / Social Democratic Party,JSP/SDP,17.2,16.6,85.0,512.0,3.0,-2.094,0.609,0.0
Japan,JPN,9.0,1990.0,Japan Socialist Party / Social Democratic Party,JSP/SDP,24.4,26.6,136.0,512.0,3.0,-2.094,0.609,0.0
Japan,JPN,9.0,1993.0,Japan Socialist Party / Social Democratic Party,JSP/SDP,15.4,13.7,70.0,511.0,1.0,-1.774,0.33,0.0
Japan,JPN,9.0,1996.0,Japan Socialist Party / Social Democratic Party,JSP/SDP,6.4,3.0,15.0,500.0,2.0,-1.218,0.294,0.0
Japan,JPN,9.0,2000.0,Japan Socialist Party / Social Democratic Party,JSP/SDP,9.4,4.0,19.0,480.0,3.0,-1.783,0.294,0.0
Japan,JPN,9.0,2003.0,Japan Socialist Party / Social Democratic Party,JSP/SDP,5.1,1.3,6.0,480.0,3.0,-1.783,0.294,0.0
Japan,JPN,9.0,2005.0,Japan Socialist Party / Social Democratic Party,JSP/SDP,5.5,1.5,7.0,480.0,3.0,-1.783,0.294,0.0
Japan,JPN,9.0,2000.0,Liberal Party,LP,11.0,4.6,22.0,480.0,3.0,0.848,0.462,1.0
Japan,JPN,9.0,1993.0,Japan New Party,JNP,8.1,6.8,35.0,511.0,0.0,0.485,0.63,1.0
Japan,JPN,9.0,1996.0,New Frontier Party,NFP,28.0,31.2,156.0,500.0,3.0,0.967,0.122,1.0
Japan,JPN,9.0,1980.0,Japan Communist Party,JCP,9.8,5.7,29.0,511.0,3.0,-2.863,0.72,0.0
Japan,JPN,9.0,1983.0,Japan Communist Party,JCP,9.3,5.1,26.0,511.0,3.0,-2.863,0.72,0.0
Japan,JPN,9.0,1986.0,Japan Communist Party,JCP,8.8,5.1,26.0,512.0,3.0,-2.863,0.72,0.0
Japan,JPN,9.0,1990.0,Japan Communist Party,JCP,8.0,3.1,16.0,512.0,3.0,-2.863,0.72,0.0
Japan,JPN,9.0,1993.0,Japan Communist Party,JCP,7.7,2.9,15.0,511.0,3.0,-2.863,0.72,0.0
Japan,JPN,9.0,1996.0,Japan Communist Party,JCP,13.1,5.2,26.0,500.0,3.0,-2.863,0.72,0.0
Japan,JPN,9.0,2000.0,Japan Communist Party,JCP,11.2,4.2,20.0,480.0,3.0,-2.863,0.745,0.0
Japan,JPN,9.0,2003.0,Japan Communist Party,JCP,7.8,1.9,9.0,480.0,3.0,-2.863,0.775,0.0
Japan,JPN,9.0,2005.0,Japan Communist Party,JCP,7.2,1.9,9.0,480.0,3.0,-2.863,0.747,0.0
Japan,JPN,9.0,2009.0,Japan Communist Party,JCP,7.0,1.9,9.0,480.0,3.0,-2.863,0.747,0.0
Japan,JPN,9.0,2012.0,Japan Communist Party,JCP,6.1,1.7,8.0,480.0,3.0,-2.863,0.727,0.0
Japan,JPN,9.0,2014.0,Japan Communist Party,JCP,11.4,4.4,21.0,475.0,3.0,-2.863,0.725,0.0
Japan,JPN,9.0,2017.0,Japan Communist Party,JCP,7.9,2.6,12.0,465.0,3.0,-2.863,0.725,0.0
Japan,JPN,9.0,1980.0,Democratic Socialist Party,DSP,6.6,6.3,32.0,511.0,3.0,-0.653,0.392,0.0
Japan,JPN,9.0,1983.0,Democratic Socialist Party,DSP,7.3,7.4,38.0,511.0,3.0,-0.653,0.392,0.0
Japan,JPN,9.0,1986.0,Democratic Socialist Party,DSP,6.4,5.1,26.0,512.0,3.0,-0.653,0.392,0.0
Japan,JPN,9.0,2012.0,Putting People's Lives First,PPLF,5.7,1.9,9.0,480.0,3.0,-0.93,0.657,2.0
Japan,JPN,9.0,1993.0,Japan Renewal Party,JRP,10.1,10.8,55.0,511.0,1.0,0.05,0.342,1.0
Japan,JPN,9.0,1980.0,Clean Government Party / New Komeito,K,9.0,6.5,33.0,511.0,3.0,-0.951,0.447,0.0
Japan,JPN,9.0,1983.0,Clean Government Party / New Komeito,K,10.1,11.4,58.0,511.0,3.0,-0.951,0.447,0.0
Japan,JPN,9.0,1986.0,Clean Government Party / New Komeito,K,9.4,10.9,56.0,512.0,3.0,-0.951,0.447,0.0
Japan,JPN,9.0,1990.0,Clean Government Party / New Komeito,K,8.0,8.8,45.0,512.0,3.0,-0.951,0.447,0.0
Japan,JPN,9.0,1993.0,Clean Government Party / New Komeito,K,8.1,10.0,51.0,511.0,1.0,-0.951,0.447,0.0
Japan,JPN,9.0,2000.0,Clean Government Party / New Komeito,K,13.0,6.5,31.0,480.0,1.0,-0.636,0.453,2.0
Japan,JPN,9.0,2003.0,Clean Government Party / New Komeito,K,14.8,7.1,34.0,480.0,1.0,-0.636,0.474,0.0
Japan,JPN,9.0,2005.0,Clean Government Party / New Komeito,K,13.2,6.5,31.0,480.0,1.0,-0.636,0.474,0.0
Japan,JPN,9.0,2009.0,Clean Government Party / New Komeito,K,11.4,4.4,21.0,480.0,3.0,-0.636,0.456,0.0
Japan,JPN,9.0,2012.0,Clean Government Party / New Komeito,K,11.8,6.5,31.0,480.0,1.0,-0.636,0.456,0.0
Japan,JPN,9.0,2014.0,Clean Government Party / New Komeito,K,13.7,7.4,35.0,475.0,1.0,-0.636,0.453,0.0
Japan,JPN,9.0,2017.0,Clean Government Party / New Komeito,K,12.5,6.2,29.0,465.0,1.0,-0.636,0.453,0.0
Japan,JPN,9.0,1980.0,Liberal Democratic Party,LDP,47.9,55.6,284.0,511.0,0.0,1.239,0.071,0.0
Japan,JPN,9.0,1983.0,Liberal Democratic Party,LDP,45.8,48.9,250.0,511.0,0.0,2.106,0.071,0.0
Japan,JPN,9.0,1986.0,Liberal Democratic Party,LDP,49.4,58.6,300.0,512.0,0.0,2.106,0.071,0.0
Japan,JPN,9.0,1990.0,Liberal Democratic Party,LDP,46.2,53.7,275.0,512.0,0.0,1.481,0.071,0.0
Japan,JPN,9.0,1993.0,Liberal Democratic Party,LDP,36.6,43.6,223.0,511.0,3.0,0.742,0.071,0.0
Japan,JPN,9.0,1996.0,Liberal Democratic Party,LDP,32.8,47.8,239.0,500.0,0.0,1.247,0.071,0.0
Japan,JPN,9.0,2000.0,Liberal Democratic Party,LDP,28.3,48.5,233.0,480.0,0.0,1.483,0.071,0.0
Japan,JPN,9.0,2003.0,Liberal Democratic Party,LDP,35.0,49.4,237.0,480.0,0.0,2.483,0.111,0.0
Japan,JPN,9.0,2005.0,Liberal Democratic Party,LDP,38.2,61.7,296.0,480.0,0.0,2.876,0.182,0.0
Japan,JPN,9.0,2009.0,Liberal Democratic Party,LDP,26.7,24.8,119.0,480.0,3.0,1.766,0.101,0.0
Japan,JPN,9.0,2012.0,Liberal Democratic Party,LDP,27.6,61.3,294.0,480.0,0.0,1.965,0.162,0.0
Japan,JPN,9.0,2014.0,Liberal Democratic Party,LDP,33.1,61.1,290.0,475.0,0.0,1.965,0.134,0.0
Japan,JPN,9.0,2017.0,Liberal Democratic Party,LDP,33.3,60.4,281.0,465.0,0.0,1.733,0.134,0.0
Japan,JPN,9.0,2012.0,Your Party,YP,8.7,3.8,18.0,480.0,3.0,1.422,0.532,0.0
Japan,JPN,9.0,1996.0,Democratic Party of Japan,DPJ,16.1,10.4,52.0,500.0,3.0,0.232,0.576,1.0
Japan,JPN,9.0,2000.0,Democratic Party of Japan,DPJ,25.2,26.5,127.0,480.0,3.0,0.232,0.595,0.0
Japan,JPN,9.0,2003.0,Democratic Party of Japan,DPJ,37.4,36.9,177.0,480.0,3.0,0.47,0.594,0.0
Japan,JPN,9.0,2005.0,Democratic Party of Japan,DPJ,31.0,23.5,113.0,480.0,3.0,0.054,0.594,0.0
Japan,JPN,9.0,2009.0,Democratic Party of Japan,DPJ,42.4,64.2,308.0,480.0,0.0,-0.184,0.707,0.0
Japan,JPN,9.0,2012.0,Democratic Party of Japan,DPJ,16.0,11.9,57.0,480.0,3.0,-1.249,0.405,0.0
Japan,JPN,9.0,2014.0,Democratic Party of Japan,DPJ,18.3,15.4,73.0,475.0,3.0,-1.249,0.464,0.0
Japan,JPN,9.0,2012.0,Japan Restoration [Innovation] Party,JReP,20.4,11.3,54.0,480.0,3.0,1.726,0.554,2.0
Japan,JPN,9.0,2014.0,Japan Restoration [Innovation] Party,JReP,15.7,8.6,41.0,475.0,3.0,1.442,0.554,2.0
Japan,JPN,9.0,2017.0,Japan Restoration [Innovation] Party,JReP,6.1,2.4,11.0,465.0,3.0,1.724,0.554,0.0
Japan,JPN,9.0,1986.0,independent,indep,5.8,1.8,9.0,512.0,,,,
Japan,JPN,9.0,1990.0,independent,indep,7.3,4.1,21.0,512.0,,,,
Japan,JPN,9.0,1993.0,independent,indep,6.8,5.9,30.0,511.0,,,,
Japan,JPN,9.0,2017.0,independent,indep,,5.6,26.0,465.0,,,,
Japan,JPN,9.0,2017.0,Party of Hope,PH,17.4,10.8,50.0,465.0,3.0,1.778,0.452,1.0
Japan,JPN,9.0,2017.0,Constitutional Democratic Party of Japan,KDP,19.9,11.6,54.0,465.0,3.0,-0.921,0.535,1.0
Burma/Myanmar,MMR,10.0,1981.0,Burma Socialist Programme Party,BSPP,,100.0,475.0,475.0,0.0,-2.771,0.197,0.0
Burma/Myanmar,MMR,10.0,1985.0,Burma Socialist Programme Party,BSPP,,100.0,489.0,489.0,0.0,-2.771,0.197,0.0
Burma/Myanmar,MMR,10.0,1993.0,Union Solidarity and Development Party,USDP,,,,,4.0,1.643,0.362,1.0
Burma/Myanmar,MMR,10.0,1998.0,Union Solidarity and Development Party,USDP,,,,,4.0,1.643,0.362,1.0
Burma/Myanmar,MMR,10.0,2003.0,Union Solidarity and Development Party,USDP,,,,,4.0,1.643,0.362,1.0
Burma/Myanmar,MMR,10.0,2008.0,Union Solidarity and Development Party,USDP,,,,,4.0,1.643,0.362,1.0
Burma/Myanmar,MMR,10.0,2010.0,Union Solidarity and Development Party,USDP,56.8,58.9,259.0,440.0,0.0,1.643,0.362,0.0
Burma/Myanmar,MMR,10.0,2015.0,Union Solidarity and Development Party,USDP,28.2,9.1,30.0,330.0,3.0,1.645,0.362,0.0
Burma/Myanmar,MMR,10.0,2010.0,United Democratic Front,NDF,7.1,1.8,8.0,440.0,3.0,-0.734,0.621,1.0
Burma/Myanmar,MMR,10.0,1990.0,National League for Democracy,NLD,59.9,79.7,392.0,492.0,4.0,-1.047,0.828,1.0
Burma/Myanmar,MMR,10.0,2015.0,National League for Democracy,NLD,57.1,77.3,255.0,330.0,0.0,-0.479,0.782,0.0
Burma/Myanmar,MMR,10.0,1988.0,National Unity Party,NUP,,,,,4.0,-2.49,0.182,1.0
Burma/Myanmar,MMR,10.0,1990.0,National Unity Party,NUP,21.2,2.0,10.0,492.0,4.0,-2.49,0.185,0.0
Burma/Myanmar,MMR,10.0,2010.0,National Unity Party,NUP,19.4,2.7,12.0,440.0,3.0,-2.05,0.577,0.0
Burma/Myanmar,MMR,10.0,2010.0,Shan Nationalities Democratic Party,SNDP,2.4,4.1,18.0,440.0,3.0,1.093,0.44,0.0
Russia,RUS,11.0,1993.0,Agrarian Party of Russia,APR,8.0,12.4,55.0,444.0,3.0,-2.674,0.684,1.0
Russia,RUS,11.0,1993.0,Communist Party ot the Russian Federation,KPRF,12.4,10.1,45.0,444.0,3.0,-3.417,0.854,1.0
Russia,RUS,11.0,1995.0,Communist Party ot the Russian Federation,KPRF,22.7,33.1,149.0,450.0,3.0,-3.417,0.879,0.0
Russia,RUS,11.0,1999.0,Communist Party ot the Russian Federation,KPRF,24.8,25.4,114.0,449.0,3.0,-3.417,0.878,0.0
Russia,RUS,11.0,2003.0,Communist Party ot the Russian Federation,KPRF,12.8,11.3,51.0,450.0,3.0,-3.417,0.841,0.0
Russia,RUS,11.0,2007.0,Communist Party ot the Russian Federation,KPRF,11.7,12.7,57.0,450.0,3.0,-3.417,0.829,0.0
Russia,RUS,11.0,2011.0,Communist Party ot the Russian Federation,KPRF,19.5,20.4,92.0,450.0,3.0,-2.998,0.829,0.0
Russia,RUS,11.0,2016.0,Communist Party ot the Russian Federation,KPRF,13.3,9.4,42.0,449.0,3.0,-2.998,0.825,0.0
Russia,RUS,11.0,1993.0,Democratic Party of Russia,DPR,5.5,3.4,15.0,444.0,3.0,0.888,0.399,1.0
Russia,RUS,11.0,1999.0,Fatherland – All Russia,OVR,13.6,14.7,66.0,449.0,1.0,-0.344,0.365,1.0
Russia,RUS,11.0,1999.0,Unity,Y,23.8,16.3,73.0,449.0,0.0,0.22,0.201,1.0
Russia,RUS,11.0,2007.0,Just Russia,SR,7.8,8.4,38.0,450.0,2.0,-1.311,0.555,1.0
Russia,RUS,11.0,2011.0,Just Russia,SR,13.5,14.2,64.0,450.0,2.0,-1.311,0.555,0.0
Russia,RUS,11.0,2016.0,Just Russia,SR,6.2,1.6,7.0,449.0,2.0,-1.311,0.615,0.0
Russia,RUS,11.0,1993.0,Liberal Democratic Party of Russia,LDPR,22.9,14.2,63.0,444.0,3.0,-0.281,0.888,1.0
Russia,RUS,11.0,1995.0,Liberal Democratic Party of Russia,LDPR,11.4,11.3,51.0,450.0,3.0,-0.281,0.918,0.0
Russia,RUS,11.0,1999.0,Liberal Democratic Party of Russia,LDPR,6.1,3.8,17.0,449.0,3.0,-0.281,0.929,0.0
Russia,RUS,11.0,2003.0,Liberal Democratic Party of Russia,LDPR,11.6,8.0,36.0,450.0,2.0,-0.281,0.904,0.0
Russia,RUS,11.0,2007.0,Liberal Democratic Party of Russia,LDPR,8.2,8.9,40.0,450.0,2.0,-0.281,0.892,0.0
Russia,RUS,11.0,2011.0,Liberal Democratic Party of Russia,LDPR,11.9,12.4,56.0,450.0,2.0,-0.281,0.843,0.0
Russia,RUS,11.0,2016.0,Liberal Democratic Party of Russia,LDPR,13.1,8.7,39.0,449.0,2.0,-0.281,0.827,0.0
Russia,RUS,11.0,2003.0,Motherland -- National Patriotic Union,Rodina,9.2,8.2,37.0,450.0,2.0,-0.956,0.693,1.0
Russia,RUS,11.0,1995.0,Our Home - Russia,NDR,10.3,14.7,66.0,450.0,0.0,0.391,0.133,1.0
Russia,RUS,11.0,1993.0,Party of Russian Unity and Accord,PRES,6.7,6.8,30.0,444.0,2.0,0.455,0.274,1.0
Russia,RUS,11.0,1993.0,"Russian United Democratic Party """"Yabloko""""",Yabloko,7.9,5.6,25.0,444.0,3.0,0.155,0.366,1.0
Russia,RUS,11.0,1995.0,"Russian United Democratic Party """"Yabloko""""",Yabloko,7.0,10.2,46.0,450.0,3.0,0.155,0.376,0.0
Russia,RUS,11.0,1999.0,"Russian United Democratic Party """"Yabloko""""",Yabloko,6.1,4.7,21.0,449.0,3.0,-0.09,0.353,0.0
Russia,RUS,11.0,1993.0,Russia’s Democratic Choice,DVR,15.5,17.1,76.0,444.0,2.0,1.753,0.227,1.0
Russia,RUS,11.0,1999.0,Union of Right Forces,SPS,8.7,6.5,29.0,449.0,2.0,2.169,0.22,1.0
Russia,RUS,11.0,2003.0,United Russia,ER,38.2,49.1,221.0,450.0,0.0,0.219,0.188,1.0
Russia,RUS,11.0,2007.0,United Russia,ER,65.0,70.0,315.0,450.0,0.0,0.219,0.097,0.0
Russia,RUS,11.0,2011.0,United Russia,ER,50.1,52.9,238.0,450.0,0.0,0.219,0.097,0.0
Russia,RUS,11.0,2016.0,United Russia,ER,54.2,76.4,343.0,449.0,0.0,0.052,0.097,0.0
Russia,RUS,11.0,1993.0,Women of Russia,ZR,8.1,5.2,23.0,444.0,2.0,-0.518,0.367,1.0
Russia,RUS,11.0,1984.0,independent,indep,,26.5,199.0,750.0,,,,
Russia,RUS,11.0,1993.0,independent,indep,,10.6,47.0,444.0,,,,
Russia,RUS,11.0,1995.0,independent,indep,,5.6,25.0,450.0,,,,
Russia,RUS,11.0,1984.0,Communist Party of the Soviet Union,CPSU,,73.5,551.0,750.0,0.0,-4.28,0.088,0.0
Russia,RUS,11.0,1989.0,Communist Party of the Soviet Union,CPSU,,76.3,1716.0,2250.0,0.0,-4.28,0.133,0.0
Albania,ALB,12.0,1991.0,Democratic Party of Albania,PDS,38.7,30.0,75.0,250.0,3.0,1.216,0.385,1.0
Albania,ALB,12.0,1992.0,Democratic Party of Albania,PDS,57.3,65.7,92.0,140.0,0.0,1.216,0.385,0.0
Albania,ALB,12.0,1996.0,Democratic Party of Albania,PDS,55.5,87.1,122.0,140.0,0.0,1.216,0.164,0.0
Albania,ALB,12.0,1997.0,Democratic Party of Albania,PDS,24.1,15.5,24.0,155.0,3.0,1.216,0.164,0.0
Albania,ALB,12.0,2001.0,Democratic Party of Albania,PDS,,,,,3.0,1.216,0.543,0.0
Albania,ALB,12.0,2005.0,Democratic Party of Albania,PDS,7.7,40.0,56.0,140.0,0.0,1.216,0.543,0.0
Albania,ALB,12.0,2009.0,Democratic Party of Albania,PDS,40.2,48.6,68.0,140.0,0.0,1.216,0.237,0.0
Albania,ALB,12.0,2013.0,Democratic Party of Albania,PDS,30.6,35.7,50.0,140.0,3.0,1.216,0.237,0.0
Albania,ALB,12.0,2017.0,Democratic Party of Albania,PDS,28.9,30.7,43.0,140.0,3.0,1.216,0.528,0.0
Albania,ALB,12.0,1996.0,Albanian National Front Party,BKS,5.0,1.4,2.0,140.0,2.0,1.355,0.067,1.0
Albania,ALB,12.0,2001.0,Albanian National Front Party,BKS,,,,,,,,
Albania,ALB,12.0,2001.0,Liberal Democratic Union,BLD,,,,,,,,
Albania,ALB,12.0,2001.0,Movement of Legality Party,PLL,,,,,,,,
Albania,ALB,12.0,1996.0,Republican Party of Albania,PRS,5.7,2.1,3.0,140.0,2.0,1.347,0.142,0.0
Albania,ALB,12.0,2001.0,Republican Party of Albania,PRS,,,,,3.0,1.367,0.299,0.0
Albania,ALB,12.0,2005.0,Republican Party of Albania,PRS,20.0,7.9,11.0,140.0,1.0,1.367,0.299,0.0
Albania,ALB,12.0,2009.0,Republican Party of Albania,PRS,2.1,0.7,1.0,140.0,2.0,1.367,0.136,0.0
Albania,ALB,12.0,2013.0,Republican Party of Albania,PRS,3.2,2.1,3.0,140.0,3.0,1.367,0.136,0.0
Albania,ALB,12.0,1997.0,Social Democratic Party of Albania,PSD,,,,,1.0,-0.533,0.14,1.0
Albania,ALB,12.0,2005.0,Social Democratic Party of Albania,PSD,12.7,5.0,7.0,140.0,3.0,-0.539,0.23,0.0
Albania,ALB,12.0,2005.0,Agrarian Party,PA,6.6,2.9,4.0,140.0,1.0,0.048,0.167,0.0
Albania,ALB,12.0,2005.0,New Democratic Party,PDR,7.4,2.9,4.0,140.0,2.0,0.685,0.092,0.0
Albania,ALB,12.0,2009.0,Unity for Human Rights Party,PBDN,1.2,0.7,1.0,140.0,,,,
Albania,ALB,12.0,1991.0,Socialist Party of Albania,PSS,56.2,67.6,169.0,250.0,0.0,-2.241,0.179,1.0
Albania,ALB,12.0,1992.0,Socialist Party of Albania,PSS,23.7,27.1,38.0,140.0,3.0,-1.581,0.179,1.0
Albania,ALB,12.0,1996.0,Socialist Party of Albania,PSS,20.4,7.1,10.0,140.0,3.0,-1.066,0.299,0.0
Albania,ALB,12.0,1997.0,Socialist Party of Albania,PSS,31.6,65.2,101.0,155.0,0.0,-1.066,0.23,0.0
Albania,ALB,12.0,2001.0,Socialist Party of Albania,PSS,41.4,52.1,73.0,140.0,0.0,-1.066,0.144,0.0
Albania,ALB,12.0,2005.0,Socialist Party of Albania,PSS,8.9,30.0,42.0,140.0,3.0,-1.066,0.389,0.0
Albania,ALB,12.0,2009.0,Socialist Party of Albania,PSS,40.9,46.4,65.0,140.0,3.0,-1.066,0.447,0.0
Albania,ALB,12.0,2013.0,Socialist Party of Albania,PSS,41.4,46.4,65.0,140.0,0.0,-0.548,0.447,0.0
Albania,ALB,12.0,2017.0,Socialist Party of Albania,PSS,48.3,52.9,74.0,140.0,0.0,-0.548,0.065,0.0
Albania,ALB,12.0,2005.0,Socialist Movement for Integration,LSI,8.4,3.6,5.0,140.0,3.0,-0.527,0.142,1.0
Albania,ALB,12.0,2009.0,Socialist Movement for Integration,LSI,4.9,2.9,4.0,140.0,1.0,-0.527,0.142,0.0
Albania,ALB,12.0,2013.0,Socialist Movement for Integration,LSI,10.5,11.4,16.0,140.0,1.0,-0.527,0.142,0.0
Albania,ALB,12.0,2017.0,Socialist Movement for Integration,LSI,14.3,13.6,19.0,140.0,3.0,-0.527,0.212,1.0
Albania,ALB,12.0,1997.0,independent,indep,,8.4,13.0,155.0,,,,
Albania,ALB,12.0,2017.0,"Party for Justice, Integration and Unity",PDIU,4.8,2.1,3.0,140.0,2.0,0.08,0.142,0.0
Albania,ALB,12.0,1982.0,Party of Labour / Albanian Workers' Party,PPSH,100.0,100.0,250.0,250.0,0.0,-3.809,0.863,2.0
Albania,ALB,12.0,1987.0,Party of Labour / Albanian Workers' Party,PPSH,100.0,100.0,250.0,250.0,0.0,-3.809,0.863,2.0
Albania,ALB,12.0,2001.0,Union for Victory Coalition,UVC,36.8,32.9,46.0,140.0,,,,
Albania,ALB,12.0,1997.0,alliance: PSSH/PSDSH,PSSH/PSDSH,18.7,5.8,9.0,155.0,,,,
Albania,ALB,12.0,2009.0,alliance: Alliance for Change,Alliance for...,,,,,,,,
Albania,ALB,12.0,2009.0,alliance: Unification for Change,Unification ...,,,,,,,,
Albania,ALB,12.0,2009.0,alliance: Socialist Alliance for Integration,Socialist Al...,,,,,,,,
Albania,ALB,12.0,2013.0,alliance: Alliance for a European Albania,Alliance for...,,,,,,,,
Albania,ALB,12.0,2013.0,"alliance: Alliance for Employment, Prosperity and Integration",Alliance for...,,,,,,,,
Egypt,EGY,13.0,1984.0,New Wafd Party,Wafd,15.1,16.1,58.0,360.0,3.0,0.31,0.507,2.0
Egypt,EGY,13.0,1987.0,New Wafd Party,Wafd,10.9,7.8,35.0,448.0,3.0,0.31,0.507,0.0
Egypt,EGY,13.0,2011.0,New Wafd Party,Wafd,,7.5,38.0,508.0,3.0,0.01,0.511,0.0
Egypt,EGY,13.0,2015.0,New Wafd Party,Wafd,,6.3,36.0,568.0,3.0,0.01,0.511,0.0
Egypt,EGY,13.0,1984.0,National Democratic Party,NDP,72.9,83.9,302.0,360.0,0.0,-0.312,0.285,0.0
Egypt,EGY,13.0,1987.0,National Democratic Party,NDP,69.3,77.2,346.0,448.0,0.0,0.842,0.285,0.0
Egypt,EGY,13.0,1990.0,National Democratic Party,NDP,79.6,79.6,348.0,437.0,0.0,1.419,0.264,0.0
Egypt,EGY,13.0,1995.0,National Democratic Party,NDP,,71.2,316.0,444.0,0.0,1.419,0.274,0.0
Egypt,EGY,13.0,2000.0,National Democratic Party,NDP,,86.7,353.0,407.0,0.0,1.419,0.274,0.0
Egypt,EGY,13.0,2005.0,National Democratic Party,NDP,,72.0,311.0,432.0,0.0,1.419,0.209,0.0
Egypt,EGY,13.0,2010.0,National Democratic Party,NDP,,72.0,311.0,432.0,0.0,1.419,0.209,0.0
Egypt,EGY,13.0,1987.0,Muslim Brotherhood,MB,,,,,3.0,-0.031,0.874,0.0
Egypt,EGY,13.0,1990.0,independent,indep,,19.0,83.0,437.0,,,,
Egypt,EGY,13.0,2015.0,independent,indep,,61.8,351.0,568.0,,,,
Egypt,EGY,13.0,2011.0,Al-Nour Party,HaN,,24.2,123.0,508.0,3.0,-0.384,0.724,1.0
Egypt,EGY,13.0,2011.0,Freedom and Justice Party,FJP,,46.3,235.0,508.0,3.0,-1.267,0.873,2.0
Egypt,EGY,13.0,2011.0,Free Egyptians Party,FEP,,3.0,15.0,508.0,3.0,0.243,0.376,1.0
Egypt,EGY,13.0,2015.0,Free Egyptians Party,FEP,,11.4,65.0,568.0,3.0,0.243,0.376,0.0
Egypt,EGY,13.0,1987.0,Socialist Labor Party,SLP,,,,,3.0,-2.154,0.847,0.0
Egypt,EGY,13.0,2011.0,Egyptian Bloc,EB,,,,,,,,
Egypt,EGY,13.0,2015.0,Nation's Future Party,NFP,,9.3,53.0,568.0,2.0,0.09,0.393,1.0
Egypt,EGY,13.0,1987.0,Liberal Socialists Party,HAI,,,,,3.0,-2.062,0.74,0.0
Egypt,EGY,13.0,2011.0,Egyptian Social Democratic Party,HMDI,,3.1,16.0,508.0,3.0,-0.541,0.596,1.0
Egypt,EGY,13.0,1987.0,alliance: Islamists,Islamists,17.5,8.3,37.0,448.0,,,,
Yemen,YEM,14.0,1988.0,independent,indep,,80.5,128.0,159.0,,,,
Yemen,YEM,14.0,1997.0,independent,indep,,17.9,54.0,301.0,,,,
Yemen,YEM,14.0,1993.0,General People's Congress,GPC,,40.9,123.0,301.0,0.0,-0.039,0.205,0.0
Yemen,YEM,14.0,1997.0,General People's Congress,GPC,,62.1,187.0,301.0,0.0,-0.108,0.217,0.0
Yemen,YEM,14.0,2003.0,General People's Congress,GPC,58.0,75.7,228.0,301.0,0.0,0.03,0.262,0.0
Yemen,YEM,14.0,1993.0,Yemeni Congregation for Reform,Islah,,20.6,62.0,301.0,1.0,1.737,0.361,0.0
Yemen,YEM,14.0,1997.0,Yemeni Congregation for Reform,Islah,,17.6,53.0,301.0,2.0,1.737,0.375,0.0
Yemen,YEM,14.0,2003.0,Yemeni Congregation for Reform,Islah,22.5,15.6,47.0,301.0,3.0,1.31,0.452,0.0
Yemen,YEM,14.0,1993.0,Yemeni Socialist Party,YSP,,18.6,56.0,301.0,1.0,-2.296,0.744,0.0
Yemen,YEM,14.0,1988.0,technical: Appointed members,tech,,19.5,31.0,159.0,,,,
Colombia,COL,15.0,2006.0,Alternative Democratic Pole,PDA,7.7,4.2,7.0,166.0,3.0,-2.597,0.931,1.0
Colombia,COL,15.0,2010.0,Alternative Democratic Pole,PDA,5.9,2.4,4.0,166.0,3.0,-2.329,0.914,0.0
Colombia,COL,15.0,1982.0,Colombian Liberal Party,PLC,56.4,57.3,114.0,199.0,3.0,-0.484,0.519,0.0
Colombia,COL,15.0,1986.0,Colombian Liberal Party,PLC,47.8,50.3,100.0,199.0,0.0,-0.611,0.565,0.0
Colombia,COL,15.0,1990.0,Colombian Liberal Party,PLC,59.2,57.1,112.0,196.0,0.0,0.03,0.542,0.0
Colombia,COL,15.0,1991.0,Colombian Liberal Party,PLC,51.6,54.0,87.0,161.0,0.0,0.211,0.518,0.0
Colombia,COL,15.0,1994.0,Colombian Liberal Party,PLC,51.4,55.3,89.0,161.0,0.0,-0.752,0.56,0.0
Colombia,COL,15.0,1998.0,Colombian Liberal Party,PLC,50.0,52.2,84.0,161.0,3.0,-0.342,0.509,0.0
Colombia,COL,15.0,2002.0,Colombian Liberal Party,PLC,29.1,32.5,54.0,166.0,3.0,-0.387,0.517,0.0
Colombia,COL,15.0,2006.0,Colombian Liberal Party,PLC,17.9,21.1,35.0,166.0,3.0,-0.63,0.54,0.0
Colombia,COL,15.0,2010.0,Colombian Liberal Party,PLC,19.3,22.3,37.0,166.0,1.0,-0.455,0.52,0.0
Colombia,COL,15.0,2014.0,Colombian Liberal Party,PLC,17.3,22.3,37.0,166.0,1.0,-0.279,0.52,0.0
Colombia,COL,15.0,2018.0,Colombian Liberal Party,PLC,17.7,21.7,35.0,161.0,3.0,-0.279,0.485,0.0
Colombia,COL,15.0,2006.0,Radical Change,CR,10.1,12.7,21.0,166.0,1.0,0.702,0.312,0.0
Colombia,COL,15.0,2010.0,Radical Change,CR,7.7,9.0,15.0,166.0,1.0,1.777,0.278,0.0
Colombia,COL,15.0,2014.0,Radical Change,CR,9.5,9.6,16.0,166.0,1.0,1.586,0.26,0.0
Colombia,COL,15.0,2018.0,Radical Change,CR,15.3,18.6,30.0,161.0,2.0,1.569,0.331,0.0
Colombia,COL,15.0,2006.0,Social Party of National Unity,Partido-U,15.8,17.5,29.0,166.0,0.0,1.337,0.371,1.0
Colombia,COL,15.0,2010.0,Social Party of National Unity,Partido-U,25.9,28.3,47.0,166.0,0.0,0.144,0.39,0.0
Colombia,COL,15.0,2014.0,Social Party of National Unity,Partido-U,19.6,23.5,39.0,166.0,0.0,0.803,0.41,0.0
Colombia,COL,15.0,2018.0,Social Party of National Unity,Partido-U,13.2,15.5,25.0,161.0,3.0,0.581,0.471,0.0
Colombia,COL,15.0,1982.0,Colombian Conservative Party,PCC,40.3,42.2,84.0,199.0,0.0,2.339,0.34,0.0
Colombia,COL,15.0,1986.0,Colombian Conservative Party,PCC,37.2,41.2,82.0,199.0,3.0,2.339,0.299,0.0
Colombia,COL,15.0,1990.0,Colombian Conservative Party,PCC,31.3,34.7,68.0,196.0,3.0,2.073,0.299,0.0
Colombia,COL,15.0,1991.0,Colombian Conservative Party,PCC,16.8,16.8,27.0,161.0,3.0,2.073,0.299,0.0
Colombia,COL,15.0,1994.0,Colombian Conservative Party,PCC,21.6,34.8,56.0,161.0,3.0,2.344,0.299,0.0
Colombia,COL,15.0,1998.0,Colombian Conservative Party,PCC,15.1,17.4,28.0,161.0,0.0,2.344,0.331,0.0
Colombia,COL,15.0,2002.0,Colombian Conservative Party,PCC,10.8,12.7,21.0,166.0,1.0,2.624,0.294,0.0
Colombia,COL,15.0,2006.0,Colombian Conservative Party,PCC,14.8,17.5,29.0,166.0,1.0,2.624,0.294,0.0
Colombia,COL,15.0,2010.0,Colombian Conservative Party,PCC,21.4,22.9,38.0,166.0,1.0,2.358,0.294,0.0
Colombia,COL,15.0,2014.0,Colombian Conservative Party,PCC,16.1,16.3,27.0,166.0,1.0,2.358,0.293,0.0
Colombia,COL,15.0,2018.0,Colombian Conservative Party,PCC,13.0,13.0,21.0,161.0,1.0,2.358,0.339,0.0
Colombia,COL,15.0,1998.0,Coalition,Co,10.3,9.9,16.0,161.0,1.0,1.396,0.321,1.0
Colombia,COL,15.0,2002.0,Coalition,Co,9.8,6.6,11.0,166.0,2.0,1.396,0.277,1.0
Colombia,COL,15.0,2010.0,National Integration Party,PIN,7.4,7.2,12.0,166.0,2.0,2.761,0.118,1.0
Colombia,COL,15.0,1991.0,Democratic Alliance - 19th of April Movement,DA M19,10.3,8.1,13.0,161.0,3.0,-3.143,0.968,1.0
Colombia,COL,15.0,1991.0,National Salvation Movement,MSN,7.0,6.8,11.0,161.0,3.0,2.388,0.425,1.0
Colombia,COL,15.0,2014.0,Democratic Centre,CD,11.6,7.2,12.0,166.0,3.0,2.679,0.295,1.0
Colombia,COL,15.0,2018.0,Democratic Centre,CD,17.1,19.9,32.0,161.0,0.0,2.679,0.356,0.0
Colombia,COL,15.0,2018.0,Green Alliance,AV,6.3,5.6,9.0,161.0,3.0,-0.637,0.669,0.0
Colombia,COL,15.0,1986.0,New Liberalism,NL,6.6,3.5,7.0,199.0,1.0,-0.749,0.82,0.0
Poland,POL,17.0,1991.0,Democratic Left Alliance,SLD,12.0,13.0,60.0,460.0,3.0,-0.768,0.339,2.0
Poland,POL,17.0,1993.0,Democratic Left Alliance,SLD,20.4,37.2,171.0,460.0,1.0,-0.768,0.399,0.0
Poland,POL,17.0,1997.0,Democratic Left Alliance,SLD,27.1,35.7,164.0,460.0,3.0,-0.259,0.264,0.0
Poland,POL,17.0,2001.0,Democratic Left Alliance,SLD,41.0,43.5,200.0,460.0,0.0,-0.259,0.389,0.0
Poland,POL,17.0,2005.0,Democratic Left Alliance,SLD,11.3,12.0,55.0,460.0,3.0,-0.407,0.309,0.0
Poland,POL,17.0,2011.0,Democratic Left Alliance,SLD,8.2,5.9,27.0,460.0,3.0,-0.75,0.416,2.0
Poland,POL,17.0,2015.0,Democratic Left Alliance,SLD,7.5,0.0,0.0,460.0,3.0,-0.75,0.405,0.0
Poland,POL,17.0,2019.0,Democratic Left Alliance,SLD,,5.2,24.0,460.0,3.0,-1.171,0.47,0.0
Poland,POL,17.0,1991.0,Christian National Union,ZChN,8.7,10.7,49.0,460.0,1.0,0.402,0.574,1.0
Poland,POL,17.0,1993.0,Christian National Union,ZChN,6.4,0.0,0.0,460.0,3.0,0.402,0.514,0.0
Poland,POL,17.0,1991.0,Liberal Democratic Congress,KLD,7.5,8.0,37.0,460.0,3.0,1.969,0.201,1.0
Poland,POL,17.0,1991.0,Polish People's (Peasants') Party,PSL,8.7,10.4,48.0,460.0,1.0,-0.515,0.507,2.0
Poland,POL,17.0,1993.0,Polish People's (Peasants') Party,PSL,15.4,28.7,132.0,460.0,0.0,-0.515,0.463,0.0
Poland,POL,17.0,1997.0,Polish People's (Peasants') Party,PSL,7.3,5.9,27.0,460.0,3.0,-0.366,0.392,0.0
Poland,POL,17.0,2001.0,Polish People's (Peasants') Party,PSL,9.0,9.1,42.0,460.0,1.0,-0.366,0.447,0.0
Poland,POL,17.0,2005.0,Polish People's (Peasants') Party,PSL,7.0,5.4,25.0,460.0,3.0,-0.366,0.432,0.0
Poland,POL,17.0,2007.0,Polish People's (Peasants') Party,PSL,8.9,6.7,31.0,460.0,1.0,-0.366,0.481,0.0
Poland,POL,17.0,2011.0,Polish People's (Peasants') Party,PSL,8.4,6.1,28.0,460.0,1.0,-0.366,0.432,0.0
Poland,POL,17.0,2015.0,Polish People's (Peasants') Party,PSL,5.1,3.5,16.0,460.0,3.0,-0.366,0.444,0.0
Poland,POL,17.0,2019.0,Polish People's (Peasants') Party,PSL,,4.3,20.0,460.0,3.0,-0.23,0.479,0.0
Poland,POL,17.0,2001.0,Self-Defense of the Republic Poland,SRP,10.2,11.5,53.0,460.0,3.0,-1.548,0.983,1.0
Poland,POL,17.0,2005.0,Self-Defense of the Republic Poland,SRP,11.4,12.2,56.0,460.0,1.0,-1.548,0.983,0.0
Poland,POL,17.0,2011.0,Palikot's Movement,RP,10.0,8.7,40.0,460.0,3.0,-0.225,0.316,1.0
Poland,POL,17.0,1989.0,Solidarity,S,,35.0,161.0,460.0,0.0,-0.314,0.815,1.0
Poland,POL,17.0,1991.0,Solidarity,S,5.1,5.9,27.0,460.0,2.0,-0.221,0.743,0.0
Poland,POL,17.0,1997.0,Solidarity Electoral Action of the Right,AWS,33.8,43.7,201.0,460.0,0.0,0.334,0.645,1.0
Poland,POL,17.0,2001.0,Solidarity Electoral Action of the Right,AWS,5.6,0.0,0.0,460.0,3.0,0.334,0.547,0.0
Poland,POL,17.0,1980.0,Democratic Party,SD,,8.0,37.0,460.0,1.0,-1.702,0.105,0.0
Poland,POL,17.0,1985.0,Democratic Party,SD,,7.6,35.0,460.0,1.0,-1.702,0.105,0.0
Poland,POL,17.0,1989.0,Democratic Party,SD,,5.9,27.0,460.0,1.0,-1.569,0.105,0.0
Poland,POL,17.0,1980.0,United People's Party,ZSL,,24.6,113.0,460.0,1.0,-1.9,0.195,0.0
Poland,POL,17.0,1985.0,United People's Party,ZSL,,23.0,106.0,460.0,1.0,-1.9,0.195,0.0
Poland,POL,17.0,1989.0,United People's Party,ZSL,,16.5,76.0,460.0,1.0,-1.764,0.346,0.0
Poland,POL,17.0,1993.0,Labour Union,UP,7.3,8.9,41.0,460.0,3.0,-1.775,0.513,1.0
Poland,POL,17.0,2001.0,Civic Platform,PO,12.7,14.1,65.0,460.0,3.0,0.993,0.33,1.0
Poland,POL,17.0,2005.0,Civic Platform,PO,24.1,28.9,133.0,460.0,3.0,0.89,0.335,0.0
Poland,POL,17.0,2007.0,Civic Platform,PO,41.5,45.4,209.0,460.0,0.0,0.547,0.256,0.0
Poland,POL,17.0,2011.0,Civic Platform,PO,39.2,45.0,207.0,460.0,0.0,0.547,0.204,0.0
Poland,POL,17.0,2015.0,Civic Platform,PO,24.1,30.0,138.0,460.0,3.0,0.448,0.321,0.0
Poland,POL,17.0,2019.0,Civic Platform,PO,27.4,29.1,134.0,460.0,3.0,0.307,0.343,0.0
Poland,POL,17.0,1991.0,Peasants Agreement,PL,5.5,6.1,28.0,460.0,1.0,-0.148,0.574,1.0
Poland,POL,17.0,1980.0,Polish United Workers' Party,PZPR,,56.7,261.0,460.0,0.0,-4.068,0.236,0.0
Poland,POL,17.0,1985.0,Polish United Workers' Party,PZPR,,53.3,245.0,460.0,0.0,-4.068,0.236,0.0
Poland,POL,17.0,1989.0,Polish United Workers' Party,PZPR,,37.6,173.0,460.0,1.0,-2.748,0.236,0.0
Poland,POL,17.0,2001.0,Law and Justice,PiS,9.5,9.6,44.0,460.0,3.0,0.207,0.768,1.0
Poland,POL,17.0,2005.0,Law and Justice,PiS,27.0,33.7,155.0,460.0,0.0,0.084,0.87,0.0
Poland,POL,17.0,2007.0,Law and Justice,PiS,32.1,36.1,166.0,460.0,3.0,0.351,0.853,0.0
Poland,POL,17.0,2011.0,Law and Justice,PiS,29.9,34.1,157.0,460.0,3.0,-0.494,0.907,0.0
Poland,POL,17.0,2015.0,Law and Justice,PiS,37.6,51.1,235.0,460.0,0.0,-0.774,0.974,0.0
Poland,POL,17.0,2019.0,Law and Justice,PiS,43.6,51.1,235.0,460.0,0.0,-0.822,0.938,0.0
Poland,POL,17.0,1991.0,Freedom Union -- Democratic Party,UW-PD,12.3,13.5,62.0,460.0,3.0,1.533,0.249,1.0
Poland,POL,17.0,1993.0,Freedom Union -- Democratic Party,UW-PD,10.6,16.1,74.0,460.0,3.0,1.08,0.22,0.0
Poland,POL,17.0,1997.0,Freedom Union -- Democratic Party,UW-PD,13.4,13.0,60.0,460.0,1.0,0.769,0.217,0.0
Poland,POL,17.0,2007.0,Left and Democrats,LiD,13.2,11.5,53.0,460.0,3.0,-0.852,0.402,2.0
Poland,POL,17.0,1991.0,Confederation for Independent Poland,KPN,7.5,10.0,46.0,460.0,3.0,0.282,0.7,1.0
Poland,POL,17.0,1993.0,Confederation for Independent Poland,KPN,5.8,4.8,22.0,460.0,3.0,0.282,0.7,0.0
Poland,POL,17.0,1991.0,Centre Agreement,PC,8.7,9.6,44.0,460.0,0.0,0.431,0.652,1.0
Poland,POL,17.0,1993.0,Non-Party Block for Supporting the Reforms,BBWR,5.4,3.5,16.0,460.0,3.0,0.681,0.563,1.0
Poland,POL,17.0,1997.0,Movement for the Reconstruction of Poland,ROP,5.6,1.3,6.0,460.0,3.0,0.419,0.675,1.0
Poland,POL,17.0,2001.0,League of Polish Families,LPR,7.9,8.3,38.0,460.0,3.0,0.411,0.876,1.0
Poland,POL,17.0,2005.0,League of Polish Families,LPR,8.0,7.4,34.0,460.0,1.0,0.411,0.847,0.0
Poland,POL,17.0,1980.0,independent,indep,,10.7,49.0,460.0,,,,
Poland,POL,17.0,1985.0,independent,indep,,16.1,74.0,460.0,,,,
Poland,POL,17.0,2019.0,National Movement,RN,,1.1,5.0,460.0,3.0,1.791,0.872,1.0
Poland,POL,17.0,1980.0,Front of National Unity,FJN,99.5,,,,0.0,-3.001,0.157,0.0
Poland,POL,17.0,2015.0,Modern,N,7.6,6.1,28.0,460.0,3.0,1.458,0.266,1.0
Poland,POL,17.0,2015.0,Kukiz'15,K,8.8,9.1,42.0,460.0,3.0,0.87,0.876,1.0
Poland,POL,17.0,2019.0,Kukiz'15,K,,1.3,6.0,460.0,,,,
Poland,POL,17.0,2019.0,Left Together,Razem,,1.3,6.0,460.0,,,,
Poland,POL,17.0,1985.0,Patriotic Movement for National Rebirth,PRON,100.0,,,,0.0,-3.769,0.161,2.0
Poland,POL,17.0,2019.0,Spring,Spr,,4.1,19.0,460.0,3.0,-1.672,0.632,1.0
Poland,POL,17.0,2019.0,alliance: The Left,The Left,12.6,,,,,,,
Poland,POL,17.0,2019.0,alliance: Polish Coalition,Polish Coali...,8.6,,,,,,,
Poland,POL,17.0,2019.0,alliance: Confederation Liberty and Independence,Confederatio...,6.8,,,,,,,
Brazil,BRA,19.0,1990.0,Brazilian Social Democracy Party,PSDB,8.7,7.4,37.0,502.0,3.0,-0.281,0.348,1.0
Brazil,BRA,19.0,1994.0,Brazilian Social Democracy Party,PSDB,13.9,12.1,62.0,513.0,0.0,0.386,0.255,0.0
Brazil,BRA,19.0,1998.0,Brazilian Social Democracy Party,PSDB,17.5,19.3,99.0,513.0,0.0,0.932,0.211,0.0
Brazil,BRA,19.0,2002.0,Brazilian Social Democracy Party,PSDB,14.1,14.0,71.0,507.0,3.0,0.871,0.224,0.0
Brazil,BRA,19.0,2006.0,Brazilian Social Democracy Party,PSDB,13.6,12.7,65.0,513.0,3.0,1.09,0.224,0.0
Brazil,BRA,19.0,2010.0,Brazilian Social Democracy Party,PSDB,11.9,10.3,53.0,513.0,3.0,1.09,0.23,0.0
Brazil,BRA,19.0,2014.0,Brazilian Social Democracy Party,PSDB,11.4,10.5,54.0,513.0,3.0,1.521,0.213,0.0
Brazil,BRA,19.0,2018.0,Brazilian Social Democracy Party,PSDB,6.0,5.7,29.0,513.0,2.0,1.431,0.213,0.0
Brazil,BRA,19.0,2006.0,Socialist People's Party,PPS,4.4,4.5,23.0,513.0,3.0,-0.435,0.436,0.0
Brazil,BRA,19.0,1986.0,Workers' Party,PT,6.9,3.3,16.0,487.0,3.0,-2.715,0.783,0.0
Brazil,BRA,19.0,1990.0,Workers' Party,PT,10.2,7.0,35.0,502.0,3.0,-2.448,0.781,0.0
Brazil,BRA,19.0,1994.0,Workers' Party,PT,12.8,9.6,49.0,513.0,3.0,-2.631,0.746,0.0
Brazil,BRA,19.0,1998.0,Workers' Party,PT,13.2,11.3,58.0,513.0,3.0,-2.242,0.735,0.0
Brazil,BRA,19.0,2002.0,Workers' Party,PT,18.2,17.9,91.0,507.0,0.0,-1.455,0.681,0.0
Brazil,BRA,19.0,2006.0,Workers' Party,PT,15.0,16.2,83.0,513.0,0.0,-1.455,0.672,0.0
Brazil,BRA,19.0,2010.0,Workers' Party,PT,16.9,17.2,88.0,513.0,0.0,-1.296,0.642,0.0
Brazil,BRA,19.0,2014.0,Workers' Party,PT,13.9,13.3,68.0,513.0,0.0,-1.46,0.688,0.0
Brazil,BRA,19.0,2018.0,Workers' Party,PT,10.3,10.9,56.0,513.0,3.0,-1.896,0.777,0.0
Brazil,BRA,19.0,1982.0,Brazilian Labour Party,PTB,4.4,2.7,13.0,479.0,3.0,0.868,0.411,1.0
Brazil,BRA,19.0,1986.0,Brazilian Labour Party,PTB,4.5,3.5,17.0,487.0,3.0,0.868,0.398,0.0
Brazil,BRA,19.0,1990.0,Brazilian Labour Party,PTB,5.6,6.8,34.0,502.0,1.0,0.969,0.365,0.0
Brazil,BRA,19.0,1994.0,Brazilian Labour Party,PTB,5.2,6.0,31.0,513.0,1.0,1.102,0.295,0.0
Brazil,BRA,19.0,1998.0,Brazilian Labour Party,PTB,5.7,6.0,31.0,513.0,1.0,1.102,0.244,0.0
Brazil,BRA,19.0,2002.0,Brazilian Labour Party,PTB,4.6,5.1,26.0,507.0,1.0,0.685,0.244,0.0
Brazil,BRA,19.0,2006.0,Brazilian Labour Party,PTB,4.7,4.3,22.0,513.0,1.0,0.915,0.255,0.0
Brazil,BRA,19.0,2010.0,Brazilian Labour Party,PTB,4.2,4.1,21.0,513.0,3.0,1.042,0.255,0.0
Brazil,BRA,19.0,2014.0,Brazilian Labour Party,PTB,4.0,4.9,25.0,513.0,1.0,1.042,0.255,0.0
Brazil,BRA,19.0,1982.0,Partido do Movimento Democrático Brasileiro,PMDB,43.0,41.8,200.0,479.0,3.0,-0.278,0.543,2.0
Brazil,BRA,19.0,1986.0,Partido do Movimento Democrático Brasileiro,PMDB,47.8,53.4,260.0,487.0,0.0,-0.067,0.392,0.0
Brazil,BRA,19.0,1990.0,Partido do Movimento Democrático Brasileiro,PMDB,19.3,21.7,109.0,502.0,1.0,0.02,0.356,0.0
Brazil,BRA,19.0,1994.0,Partido do Movimento Democrático Brasileiro,PMDB,20.3,20.9,107.0,513.0,1.0,0.091,0.25,0.0
Brazil,BRA,19.0,1998.0,Partido do Movimento Democrático Brasileiro,PMDB,15.2,16.2,83.0,513.0,1.0,0.569,0.214,0.0
Brazil,BRA,19.0,2002.0,Partido do Movimento Democrático Brasileiro,PMDB,13.2,14.6,74.0,507.0,2.0,0.569,0.176,0.0
Brazil,BRA,19.0,2006.0,Partido do Movimento Democrático Brasileiro,PMDB,14.6,17.3,89.0,513.0,1.0,0.319,0.226,0.0
Brazil,BRA,19.0,2010.0,Partido do Movimento Democrático Brasileiro,PMDB,13.0,15.4,79.0,513.0,1.0,0.433,0.226,0.0
Brazil,BRA,19.0,2014.0,Partido do Movimento Democrático Brasileiro,PMDB,11.1,12.9,66.0,513.0,1.0,0.668,0.236,0.0
Brazil,BRA,19.0,2018.0,Partido do Movimento Democrático Brasileiro,PMDB,,,,,1.0,0.792,0.215,2.0
Brazil,BRA,19.0,2002.0,Brazilian Socialist Party,PSB,5.3,4.3,22.0,507.0,1.0,-1.647,0.498,0.0
Brazil,BRA,19.0,2006.0,Brazilian Socialist Party,PSB,6.2,5.3,27.0,513.0,1.0,-1.453,0.508,0.0
Brazil,BRA,19.0,2010.0,Brazilian Socialist Party,PSB,7.1,6.6,34.0,513.0,1.0,-1.453,0.471,0.0
Brazil,BRA,19.0,2014.0,Brazilian Socialist Party,PSB,6.4,6.6,34.0,513.0,3.0,-1.144,0.445,0.0
Brazil,BRA,19.0,2018.0,Brazilian Socialist Party,PSB,5.5,6.2,32.0,513.0,3.0,-1.278,0.459,0.0
Brazil,BRA,19.0,1994.0,Progressive Party / Brazilian Progressive Party (PPB),PPB,6.9,7.0,36.0,513.0,2.0,2.424,0.12,2.0
Brazil,BRA,19.0,1998.0,Progressive Party / Brazilian Progressive Party (PPB),PPB,11.3,11.7,60.0,513.0,1.0,2.424,0.093,2.0
Brazil,BRA,19.0,2002.0,Progressive Party / Brazilian Progressive Party (PPB),PPB,7.7,9.7,49.0,507.0,3.0,2.245,0.117,0.0
Brazil,BRA,19.0,2006.0,Progressive Party / Brazilian Progressive Party (PPB),PPB,7.1,8.2,42.0,513.0,1.0,2.1,0.117,2.0
Brazil,BRA,19.0,2010.0,Progressive Party / Brazilian Progressive Party (PPB),PPB,6.6,8.0,41.0,513.0,1.0,2.1,0.117,2.0
Brazil,BRA,19.0,2014.0,Progressive Party / Brazilian Progressive Party (PPB),PPB,6.6,7.4,38.0,513.0,1.0,2.264,0.117,2.0
Brazil,BRA,19.0,2018.0,Progressive Party / Brazilian Progressive Party (PPB),PPB,5.6,7.2,37.0,513.0,2.0,2.256,0.117,2.0
Brazil,BRA,19.0,1982.0,Democratic Labour Party,PDT,5.8,4.8,23.0,479.0,3.0,-1.997,0.683,1.0
Brazil,BRA,19.0,1986.0,Democratic Labour Party,PDT,6.5,4.9,24.0,487.0,3.0,-1.997,0.669,0.0
Brazil,BRA,19.0,1990.0,Democratic Labour Party,PDT,10.0,9.2,46.0,502.0,3.0,-1.855,0.649,0.0
Brazil,BRA,19.0,1994.0,Democratic Labour Party,PDT,7.2,6.6,34.0,513.0,3.0,-1.19,0.626,0.0
Brazil,BRA,19.0,1998.0,Democratic Labour Party,PDT,5.7,4.9,25.0,513.0,3.0,-0.333,0.61,0.0
Brazil,BRA,19.0,2002.0,Democratic Labour Party,PDT,5.1,4.1,21.0,507.0,1.0,-1.192,0.537,0.0
Brazil,BRA,19.0,2006.0,Democratic Labour Party,PDT,5.2,4.7,24.0,513.0,1.0,-1.192,0.515,0.0
Brazil,BRA,19.0,2010.0,Democratic Labour Party,PDT,5.0,5.5,28.0,513.0,1.0,-1.192,0.515,0.0
Brazil,BRA,19.0,2014.0,Democratic Labour Party,PDT,3.6,3.7,19.0,513.0,1.0,-1.192,0.515,0.0
Brazil,BRA,19.0,2018.0,Democratic Labour Party,PDT,4.6,5.5,28.0,513.0,3.0,-1.175,0.545,0.0
Brazil,BRA,19.0,1982.0,Democratic Social Party,PDS,,,,,0.0,1.863,0.029,2.0
Brazil,BRA,19.0,1986.0,Democratic Social Party,PDS,,,,,3.0,2.047,0.029,0.0
Brazil,BRA,19.0,1990.0,Democratic Social Party,PDS,,,,,1.0,2.047,0.029,0.0
Brazil,BRA,19.0,1986.0,Liberal Front / Democrats,PFL,17.7,24.2,118.0,487.0,1.0,1.778,0.096,1.0
Brazil,BRA,19.0,1990.0,Liberal Front / Democrats,PFL,12.4,16.5,83.0,502.0,1.0,1.778,0.098,0.0
Brazil,BRA,19.0,1994.0,Liberal Front / Democrats,PFL,12.9,17.3,89.0,513.0,1.0,1.997,0.128,0.0
Brazil,BRA,19.0,1998.0,Liberal Front / Democrats,PFL,17.3,20.5,105.0,513.0,1.0,1.784,0.11,0.0
Brazil,BRA,19.0,2002.0,Liberal Front / Democrats,PFL,13.3,16.6,84.0,507.0,3.0,1.857,0.131,0.0
Brazil,BRA,19.0,2006.0,Liberal Front / Democrats,PFL,10.9,12.7,65.0,513.0,3.0,1.857,0.131,0.0
Brazil,BRA,19.0,2010.0,Liberal Front / Democrats,PFL,7.6,8.4,43.0,513.0,3.0,2.157,0.147,0.0
Brazil,BRA,19.0,2014.0,Liberal Front / Democrats,PFL,4.2,4.1,21.0,513.0,3.0,2.318,0.147,2.0
Brazil,BRA,19.0,2018.0,Liberal Front / Democrats,PFL,4.7,5.7,29.0,513.0,1.0,1.961,0.13,2.0
Brazil,BRA,19.0,1990.0,Liberal Party,PL,4.3,3.0,15.0,502.0,2.0,1.703,0.179,0.0
Brazil,BRA,19.0,2002.0,Liberal Party,PL,4.3,5.1,26.0,507.0,1.0,1.532,0.12,0.0
Brazil,BRA,19.0,1994.0,Reform Progressive Party,PPR,9.4,10.1,52.0,513.0,2.0,2.384,0.154,2.0
Brazil,BRA,19.0,1990.0,Christian Democratic Party,PDC,3.0,4.4,22.0,502.0,3.0,1.237,0.175,0.0
Brazil,BRA,19.0,2010.0,Party of the Republic / Liberal Party,PR / PL,7.6,8.0,41.0,513.0,1.0,1.306,0.098,2.0
Brazil,BRA,19.0,2014.0,Party of the Republic / Liberal Party,PR / PL,5.8,6.6,34.0,513.0,1.0,1.76,0.098,0.0
Brazil,BRA,19.0,2018.0,Party of the Republic / Liberal Party,PR / PL,5.3,6.4,33.0,513.0,2.0,1.74,0.098,0.0
Brazil,BRA,19.0,1990.0,National Reconstruction Party / Christian Labour Party,PRN,8.3,8.2,41.0,502.0,,,,
Brazil,BRA,19.0,2014.0,Social Democratic Party,PSD,6.1,7.0,36.0,513.0,1.0,1.279,0.205,1.0
Brazil,BRA,19.0,2018.0,Social Democratic Party,PSD,5.9,6.6,34.0,513.0,2.0,1.406,0.205,0.0
Brazil,BRA,19.0,2018.0,Social Liberal Party,PSL,11.7,10.1,52.0,513.0,0.0,3.251,0.35,0.0
Brazil,BRA,19.0,2014.0,Brazilian Republican Party,PRB,4.6,4.1,21.0,513.0,1.0,1.604,0.21,0.0
Brazil,BRA,19.0,2018.0,Brazilian Republican Party,PRB,5.1,5.8,30.0,513.0,2.0,1.849,0.224,0.0
United States of America,USA,20.0,1980.0,Democratic Party,Dem,50.6,55.9,243.0,435.0,3.0,-0.633,0.294,0.0
United States of America,USA,20.0,1982.0,Democratic Party,Dem,55.0,61.6,268.0,435.0,3.0,-0.633,0.239,0.0
United States of America,USA,20.0,1984.0,Democratic Party,Dem,52.4,58.2,253.0,435.0,3.0,-0.633,0.239,0.0
United States of America,USA,20.0,1986.0,Democratic Party,Dem,54.1,59.3,258.0,435.0,3.0,-0.323,0.297,0.0
United States of America,USA,20.0,1988.0,Democratic Party,Dem,53.7,59.8,260.0,435.0,3.0,-0.323,0.295,0.0
United States of America,USA,20.0,1990.0,Democratic Party,Dem,52.0,61.4,267.0,435.0,3.0,-0.323,0.296,0.0
United States of America,USA,20.0,1992.0,Democratic Party,Dem,50.0,59.3,258.0,435.0,0.0,-0.323,0.3,0.0
United States of America,USA,20.0,1994.0,Democratic Party,Dem,44.8,46.9,204.0,435.0,0.0,-0.323,0.251,0.0
United States of America,USA,20.0,1996.0,Democratic Party,Dem,48.1,47.6,207.0,435.0,0.0,-0.323,0.251,0.0
United States of America,USA,20.0,1998.0,Democratic Party,Dem,47.1,48.5,211.0,435.0,0.0,-0.323,0.249,0.0
United States of America,USA,20.0,2000.0,Democratic Party,Dem,47.3,48.7,212.0,435.0,3.0,-0.721,0.247,0.0
United States of America,USA,20.0,2002.0,Democratic Party,Dem,45.0,47.2,205.0,434.0,3.0,-0.721,0.246,0.0
United States of America,USA,20.0,2004.0,Democratic Party,Dem,46.5,46.7,203.0,435.0,3.0,-0.808,0.207,0.0
United States of America,USA,20.0,2006.0,Democratic Party,Dem,52.3,53.6,233.0,435.0,3.0,-0.808,0.207,0.0
United States of America,USA,20.0,2008.0,Democratic Party,Dem,52.9,59.1,257.0,435.0,0.0,-0.808,0.233,0.0
United States of America,USA,20.0,2010.0,Democratic Party,Dem,44.9,44.4,193.0,435.0,0.0,-0.808,0.214,0.0
United States of America,USA,20.0,2012.0,Democratic Party,Dem,48.7,46.2,201.0,435.0,0.0,-0.808,0.175,0.0
United States of America,USA,20.0,2014.0,Democratic Party,Dem,45.5,43.2,188.0,435.0,0.0,-0.808,0.176,0.0
United States of America,USA,20.0,2016.0,Democratic Party,Dem,49.4,44.6,194.0,435.0,3.0,-0.808,0.214,0.0
United States of America,USA,20.0,2018.0,Democratic Party,Dem,54.4,49.4,235.0,476.0,3.0,-0.808,0.319,0.0
United States of America,USA,20.0,1980.0,Republican Party,Rep,47.9,44.1,192.0,435.0,0.0,1.72,0.298,0.0
United States of America,USA,20.0,1982.0,Republican Party,Rep,43.2,38.4,167.0,435.0,0.0,1.72,0.298,0.0
United States of America,USA,20.0,1984.0,Republican Party,Rep,46.8,41.8,182.0,435.0,0.0,1.986,0.234,0.0
United States of America,USA,20.0,1986.0,Republican Party,Rep,44.2,40.7,177.0,435.0,0.0,1.986,0.296,0.0
United States of America,USA,20.0,1988.0,Republican Party,Rep,45.2,40.2,175.0,435.0,0.0,1.986,0.296,0.0
United States of America,USA,20.0,1990.0,Republican Party,Rep,44.0,38.4,167.0,435.0,0.0,1.641,0.296,0.0
United States of America,USA,20.0,1992.0,Republican Party,Rep,44.8,40.5,176.0,435.0,3.0,1.641,0.301,0.0
United States of America,USA,20.0,1994.0,Republican Party,Rep,51.5,52.9,230.0,435.0,3.0,1.641,0.245,0.0
United States of America,USA,20.0,1996.0,Republican Party,Rep,47.8,52.2,227.0,435.0,3.0,1.641,0.245,0.0
United States of America,USA,20.0,1998.0,Republican Party,Rep,48.0,51.3,223.0,435.0,3.0,1.641,0.249,0.0
United States of America,USA,20.0,2000.0,Republican Party,Rep,47.0,50.8,221.0,435.0,0.0,1.641,0.249,0.0
United States of America,USA,20.0,2002.0,Republican Party,Rep,49.7,52.5,228.0,434.0,0.0,1.841,0.24,0.0
United States of America,USA,20.0,2004.0,Republican Party,Rep,49.3,53.1,231.0,435.0,0.0,1.841,0.199,0.0
United States of America,USA,20.0,2006.0,Republican Party,Rep,44.3,46.4,202.0,435.0,0.0,1.841,0.199,0.0
United States of America,USA,20.0,2008.0,Republican Party,Rep,42.4,40.9,178.0,435.0,3.0,1.841,0.238,0.0
United States of America,USA,20.0,2010.0,Republican Party,Rep,51.7,55.6,242.0,435.0,3.0,1.841,0.364,0.0
United States of America,USA,20.0,2012.0,Republican Party,Rep,48.5,53.8,234.0,435.0,3.0,1.841,0.337,0.0
United States of America,USA,20.0,2014.0,Republican Party,Rep,51.2,56.8,247.0,435.0,3.0,1.841,0.333,0.0
United States of America,USA,20.0,2016.0,Republican Party,Rep,50.6,55.4,241.0,435.0,0.0,1.841,0.403,0.0
United States of America,USA,20.0,2018.0,Republican Party,Rep,45.6,50.6,241.0,476.0,0.0,1.841,0.538,0.0
Portugal,PRT,21.0,1987.0,Unified Democratic Coalition,CDU,12.1,12.4,31.0,250.0,3.0,-2.831,0.512,2.0
Portugal,PRT,21.0,1991.0,Unified Democratic Coalition,CDU,8.8,7.4,17.0,230.0,3.0,-2.831,0.512,0.0
Portugal,PRT,21.0,1995.0,Unified Democratic Coalition,CDU,8.6,6.5,15.0,230.0,3.0,-2.831,0.512,0.0
Portugal,PRT,21.0,1999.0,Unified Democratic Coalition,CDU,9.0,7.4,17.0,230.0,3.0,-2.831,0.512,0.0
Portugal,PRT,21.0,2002.0,Unified Democratic Coalition,CDU,7.1,4.3,10.0,230.0,3.0,-3.224,0.478,0.0
Portugal,PRT,21.0,2005.0,Unified Democratic Coalition,CDU,7.7,6.1,14.0,230.0,3.0,-3.224,0.478,0.0
Portugal,PRT,21.0,2009.0,Unified Democratic Coalition,CDU,8.1,6.5,15.0,230.0,3.0,-3.224,0.486,0.0
Portugal,PRT,21.0,2011.0,Unified Democratic Coalition,CDU,8.2,7.0,16.0,230.0,3.0,-3.224,0.486,0.0
Portugal,PRT,21.0,2015.0,Unified Democratic Coalition,CDU,8.6,7.4,17.0,230.0,2.0,-2.671,0.48,0.0
Portugal,PRT,21.0,2019.0,Unified Democratic Coalition,CDU,6.5,5.2,12.0,230.0,3.0,-2.671,0.48,0.0
Portugal,PRT,21.0,1983.0,Portuguese Communist Party,PCP,18.2,17.6,44.0,250.0,3.0,-2.85,0.516,0.0
Portugal,PRT,21.0,1983.0,Socialist Party,PS,37.1,40.4,101.0,250.0,0.0,-0.544,0.319,0.0
Portugal,PRT,21.0,1985.0,Socialist Party,PS,21.3,22.8,57.0,250.0,3.0,-0.711,0.319,0.0
Portugal,PRT,21.0,1987.0,Socialist Party,PS,22.7,24.0,60.0,250.0,3.0,-0.711,0.319,0.0
Portugal,PRT,21.0,1991.0,Socialist Party,PS,29.7,31.3,72.0,230.0,3.0,-0.711,0.319,0.0
Portugal,PRT,21.0,1995.0,Socialist Party,PS,44.6,48.7,112.0,230.0,0.0,-0.532,0.319,0.0
Portugal,PRT,21.0,1999.0,Socialist Party,PS,45.0,50.0,115.0,230.0,0.0,-0.532,0.319,0.0
Portugal,PRT,21.0,2002.0,Socialist Party,PS,38.5,41.7,96.0,230.0,3.0,-0.532,0.319,0.0
Portugal,PRT,21.0,2005.0,Socialist Party,PS,46.4,52.6,121.0,230.0,0.0,-0.532,0.319,0.0
Portugal,PRT,21.0,2009.0,Socialist Party,PS,37.7,42.2,97.0,230.0,0.0,-0.532,0.319,0.0
Portugal,PRT,21.0,2011.0,Socialist Party,PS,29.2,32.2,74.0,230.0,3.0,-0.532,0.319,0.0
Portugal,PRT,21.0,2015.0,Socialist Party,PS,33.6,37.4,86.0,230.0,0.0,-0.734,0.319,0.0
Portugal,PRT,21.0,2019.0,Socialist Party,PS,26.7,46.1,106.0,230.0,0.0,-0.53,0.319,0.0
Portugal,PRT,21.0,1980.0,Republican and Socialist Front,FRS,26.7,28.4,71.0,250.0,3.0,-1.485,0.384,2.0
Portugal,PRT,21.0,1983.0,Democratic and Social Center / People's Party,CDS / PP,12.9,12.0,30.0,250.0,3.0,1.442,0.085,0.0
Portugal,PRT,21.0,1985.0,Democratic and Social Center / People's Party,CDS / PP,10.2,8.8,22.0,250.0,3.0,1.442,0.085,0.0
Portugal,PRT,21.0,1995.0,Democratic and Social Center / People's Party,CDS / PP,9.2,6.5,15.0,230.0,3.0,1.872,0.086,0.0
Portugal,PRT,21.0,1999.0,Democratic and Social Center / People's Party,CDS / PP,8.5,6.5,15.0,230.0,3.0,1.872,0.134,0.0
Portugal,PRT,21.0,2002.0,Democratic and Social Center / People's Party,CDS / PP,8.9,6.1,14.0,230.0,1.0,1.872,0.194,0.0
Portugal,PRT,21.0,2005.0,Democratic and Social Center / People's Party,CDS / PP,7.5,5.2,12.0,230.0,3.0,1.872,0.194,0.0
Portugal,PRT,21.0,2009.0,Democratic and Social Center / People's Party,CDS / PP,10.8,9.1,21.0,230.0,3.0,1.872,0.194,0.0
Portugal,PRT,21.0,2011.0,Democratic and Social Center / People's Party,CDS / PP,12.2,10.4,24.0,230.0,1.0,1.872,0.142,0.0
Portugal,PRT,21.0,2005.0,Left Bloc,BE,6.5,3.5,8.0,230.0,3.0,-2.673,0.434,0.0
Portugal,PRT,21.0,2009.0,Left Bloc,BE,10.1,7.0,16.0,230.0,3.0,-2.673,0.434,0.0
Portugal,PRT,21.0,2011.0,Left Bloc,BE,5.4,3.5,8.0,230.0,3.0,-2.673,0.441,0.0
Portugal,PRT,21.0,2015.0,Left Bloc,BE,10.6,8.3,19.0,230.0,2.0,-2.299,0.435,0.0
Portugal,PRT,21.0,2019.0,Left Bloc,BE,9.7,8.3,19.0,230.0,3.0,-2.299,0.406,0.0
Portugal,PRT,21.0,1983.0,Popular Democratic Party / Social Democratic Party,PPD/PSD,28.0,30.0,75.0,250.0,1.0,0.845,0.174,2.0
Portugal,PRT,21.0,1985.0,Popular Democratic Party / Social Democratic Party,PPD/PSD,30.6,35.2,88.0,250.0,0.0,0.845,0.148,0.0
Portugal,PRT,21.0,1987.0,Popular Democratic Party / Social Democratic Party,PPD/PSD,51.3,59.2,148.0,250.0,0.0,0.845,0.148,0.0
Portugal,PRT,21.0,1991.0,Popular Democratic Party / Social Democratic Party,PPD/PSD,51.6,58.7,135.0,230.0,0.0,0.845,0.186,0.0
Portugal,PRT,21.0,1995.0,Popular Democratic Party / Social Democratic Party,PPD/PSD,34.8,38.3,88.0,230.0,3.0,0.845,0.144,0.0
Portugal,PRT,21.0,1999.0,Popular Democratic Party / Social Democratic Party,PPD/PSD,33.0,35.2,81.0,230.0,3.0,0.845,0.144,0.0
Portugal,PRT,21.0,2002.0,Popular Democratic Party / Social Democratic Party,PPD/PSD,41.0,45.7,105.0,230.0,0.0,0.845,0.141,0.0
Portugal,PRT,21.0,2005.0,Popular Democratic Party / Social Democratic Party,PPD/PSD,29.6,32.6,75.0,230.0,3.0,0.845,0.141,0.0
Portugal,PRT,21.0,2009.0,Popular Democratic Party / Social Democratic Party,PPD/PSD,30.0,35.2,81.0,230.0,3.0,0.845,0.106,0.0
Portugal,PRT,21.0,2011.0,Popular Democratic Party / Social Democratic Party,PPD/PSD,40.3,47.0,108.0,230.0,0.0,1.074,0.144,0.0
Portugal,PRT,21.0,2015.0,Popular Democratic Party / Social Democratic Party,PPD/PSD,39.8,46.5,107.0,230.0,3.0,0.842,0.109,0.0
Portugal,PRT,21.0,2019.0,Popular Democratic Party / Social Democratic Party,PPD/PSD,27.9,33.5,77.0,230.0,3.0,0.842,0.109,0.0
Portugal,PRT,21.0,1985.0,Democratic Renewal Party,PRD,18.4,18.0,45.0,250.0,3.0,-0.071,0.339,1.0
Portugal,PRT,21.0,1987.0,Democratic Renewal Party,PRD,5.0,2.8,7.0,250.0,3.0,-0.071,0.339,0.0
Portugal,PRT,21.0,1980.0,United People Alliance,APU,16.8,16.4,41.0,250.0,3.0,-2.846,0.512,0.0
Portugal,PRT,21.0,1985.0,United People Alliance,APU,15.5,15.2,38.0,250.0,3.0,-2.848,0.508,0.0
Portugal,PRT,21.0,1980.0,Democratic Alliance,AD,44.9,50.4,126.0,250.0,0.0,0.739,0.231,0.0
El Salvador,SLV,22.0,1982.0,Christian Democratic Party,PDC,40.2,40.0,24.0,60.0,1.0,1.323,0.46,0.0
El Salvador,SLV,22.0,1985.0,Christian Democratic Party,PDC,54.0,55.0,33.0,60.0,0.0,1.323,0.46,0.0
El Salvador,SLV,22.0,1988.0,Christian Democratic Party,PDC,35.1,36.1,22.0,61.0,0.0,1.323,0.195,0.0
El Salvador,SLV,22.0,1991.0,Christian Democratic Party,PDC,28.0,31.0,26.0,84.0,3.0,1.323,0.195,0.0
El Salvador,SLV,22.0,1994.0,Christian Democratic Party,PDC,14.0,21.4,18.0,84.0,3.0,1.904,0.193,0.0
El Salvador,SLV,22.0,1997.0,Christian Democratic Party,PDC,8.4,11.9,10.0,84.0,2.0,1.904,0.084,0.0
El Salvador,SLV,22.0,2000.0,Christian Democratic Party,PDC,7.2,7.1,6.0,84.0,2.0,1.904,0.084,0.0
El Salvador,SLV,22.0,2003.0,Christian Democratic Party,PDC,7.3,6.0,5.0,84.0,2.0,1.904,0.084,0.0
El Salvador,SLV,22.0,2006.0,Christian Democratic Party,PDC,6.9,7.1,6.0,84.0,2.0,1.904,0.084,0.0
El Salvador,SLV,22.0,2009.0,Christian Democratic Party,PDC,6.9,6.0,5.0,84.0,3.0,1.904,0.084,0.0
El Salvador,SLV,22.0,1982.0,National Conciliation [Coalition] Party,PCN,18.6,23.3,14.0,60.0,2.0,2.142,0.085,0.0
El Salvador,SLV,22.0,1985.0,National Conciliation [Coalition] Party,PCN,8.0,20.0,12.0,60.0,3.0,2.142,0.085,0.0
El Salvador,SLV,22.0,1988.0,National Conciliation [Coalition] Party,PCN,8.5,11.5,7.0,61.0,3.0,1.397,0.085,0.0
El Salvador,SLV,22.0,1991.0,National Conciliation [Coalition] Party,PCN,9.0,10.7,9.0,84.0,2.0,1.401,0.086,0.0
El Salvador,SLV,22.0,1994.0,National Conciliation [Coalition] Party,PCN,6.2,4.8,4.0,84.0,2.0,1.401,0.086,0.0
El Salvador,SLV,22.0,1997.0,National Conciliation [Coalition] Party,PCN,8.7,13.1,11.0,84.0,2.0,1.401,0.086,0.0
El Salvador,SLV,22.0,2000.0,National Conciliation [Coalition] Party,PCN,8.8,15.5,13.0,84.0,2.0,1.401,0.086,0.0
El Salvador,SLV,22.0,2003.0,National Conciliation [Coalition] Party,PCN,13.0,19.0,16.0,84.0,2.0,1.401,0.086,0.0
El Salvador,SLV,22.0,2006.0,National Conciliation [Coalition] Party,PCN,11.4,11.9,10.0,84.0,2.0,1.401,0.086,0.0
El Salvador,SLV,22.0,2009.0,National Conciliation [Coalition] Party,PCN,8.8,13.1,11.0,84.0,3.0,1.387,0.295,0.0
El Salvador,SLV,22.0,2012.0,National Conciliation [Coalition] Party,PCN,7.5,8.3,7.0,84.0,3.0,1.387,0.295,0.0
El Salvador,SLV,22.0,2015.0,National Conciliation [Coalition] Party,PCN,6.8,4.8,4.0,84.0,3.0,1.387,0.088,0.0
El Salvador,SLV,22.0,2018.0,National Conciliation [Coalition] Party,PCN,10.9,10.7,9.0,84.0,3.0,1.387,0.088,0.0
El Salvador,SLV,22.0,1994.0,Farabundo Martí National Liberation Front,FMLN,24.0,25.0,21.0,84.0,3.0,-2.503,0.958,1.0
El Salvador,SLV,22.0,1997.0,Farabundo Martí National Liberation Front,FMLN,33.0,32.1,27.0,84.0,3.0,-2.503,0.958,0.0
El Salvador,SLV,22.0,2000.0,Farabundo Martí National Liberation Front,FMLN,35.2,36.9,31.0,84.0,3.0,-2.503,0.958,0.0
El Salvador,SLV,22.0,2003.0,Farabundo Martí National Liberation Front,FMLN,34.0,36.9,31.0,84.0,3.0,-2.503,0.958,0.0
El Salvador,SLV,22.0,2006.0,Farabundo Martí National Liberation Front,FMLN,39.3,38.1,32.0,84.0,3.0,-1.883,0.958,0.0
El Salvador,SLV,22.0,2009.0,Farabundo Martí National Liberation Front,FMLN,42.6,41.7,35.0,84.0,0.0,-1.883,0.913,0.0
El Salvador,SLV,22.0,2012.0,Farabundo Martí National Liberation Front,FMLN,36.7,36.9,31.0,84.0,0.0,-1.292,0.763,0.0
El Salvador,SLV,22.0,2015.0,Farabundo Martí National Liberation Front,FMLN,37.2,36.9,31.0,84.0,0.0,-1.292,0.72,0.0
El Salvador,SLV,22.0,2018.0,Farabundo Martí National Liberation Front,FMLN,24.5,21.4,18.0,84.0,0.0,-1.292,0.72,0.0
El Salvador,SLV,22.0,1991.0,Democratic Change,CD,12.2,9.5,8.0,84.0,3.0,-0.346,0.583,0.0
El Salvador,SLV,22.0,1994.0,Democratic Change,CD,4.4,1.2,1.0,84.0,3.0,-0.346,0.583,0.0
El Salvador,SLV,22.0,1982.0,Nationalist Republican Alliance,ARENA,29.3,31.7,19.0,60.0,2.0,3.534,0.249,1.0
El Salvador,SLV,22.0,1985.0,Nationalist Republican Alliance,ARENA,29.0,21.7,13.0,60.0,3.0,3.534,0.249,0.0
El Salvador,SLV,22.0,1988.0,Nationalist Republican Alliance,ARENA,48.1,50.8,31.0,61.0,3.0,3.534,0.249,0.0
El Salvador,SLV,22.0,1991.0,Nationalist Republican Alliance,ARENA,44.3,46.4,39.0,84.0,0.0,2.493,0.147,0.0
El Salvador,SLV,22.0,1994.0,Nationalist Republican Alliance,ARENA,45.0,46.4,39.0,84.0,0.0,2.493,0.147,0.0
El Salvador,SLV,22.0,1997.0,Nationalist Republican Alliance,ARENA,35.4,33.3,28.0,84.0,0.0,2.493,0.071,0.0
El Salvador,SLV,22.0,2000.0,Nationalist Republican Alliance,ARENA,36.0,34.5,29.0,84.0,0.0,2.493,0.083,0.0
El Salvador,SLV,22.0,2003.0,Nationalist Republican Alliance,ARENA,31.9,32.1,27.0,84.0,0.0,1.946,0.083,0.0
El Salvador,SLV,22.0,2006.0,Nationalist Republican Alliance,ARENA,39.2,40.5,34.0,84.0,0.0,1.946,0.084,0.0
El Salvador,SLV,22.0,2009.0,Nationalist Republican Alliance,ARENA,38.5,38.1,32.0,84.0,3.0,1.946,0.084,0.0
El Salvador,SLV,22.0,2012.0,Nationalist Republican Alliance,ARENA,39.8,39.3,33.0,84.0,3.0,1.946,0.084,0.0
El Salvador,SLV,22.0,2015.0,Nationalist Republican Alliance,ARENA,38.8,38.1,32.0,84.0,3.0,1.946,0.084,0.0
El Salvador,SLV,22.0,2018.0,Nationalist Republican Alliance,ARENA,41.7,41.7,35.0,84.0,3.0,1.946,0.084,0.0
El Salvador,SLV,22.0,2012.0,Grand Alliance for National Unity,GANA,9.7,13.1,11.0,84.0,2.0,1.404,0.304,1.0
El Salvador,SLV,22.0,2015.0,Grand Alliance for National Unity,GANA,9.3,13.1,11.0,84.0,2.0,1.404,0.351,0.0
El Salvador,SLV,22.0,2018.0,Grand Alliance for National Unity,GANA,11.5,11.9,10.0,84.0,3.0,0.996,0.351,0.0
El Salvador,SLV,22.0,2000.0,United Democratic Center,CDU,5.4,3.6,3.0,84.0,3.0,-0.341,0.466,2.0
El Salvador,SLV,22.0,2003.0,United Democratic Center,CDU,6.4,6.0,5.0,84.0,3.0,-0.341,0.466,0.0
El Salvador,SLV,22.0,1982.0,Democratic Action Party,AD,7.7,3.3,2.0,60.0,0.0,1.954,0.539,1.0
South Yemen,YMD,23.0,1986.0,independent,indep,,36.0,40.0,111.0,,,,
South Yemen,YMD,23.0,1986.0,Yemeni Socialist Party,HIY,,64.0,71.0,111.0,,,,
Bangladesh,BGD,24.0,1986.0,Bangladesh People's League,BAL,,25.3,76.0,300.0,3.0,-0.086,0.488,0.0
Bangladesh,BGD,24.0,1991.0,Bangladesh People's League,BAL,,28.9,85.0,294.0,3.0,-0.09,0.518,0.0
Bangladesh,BGD,24.0,1996.0,Bangladesh People's League,BAL,,48.7,146.0,300.0,0.0,0.015,0.465,0.0
Bangladesh,BGD,24.0,2001.0,Bangladesh People's League,BAL,40.1,20.8,62.0,298.0,3.0,0.015,0.408,0.0
Bangladesh,BGD,24.0,2008.0,Bangladesh People's League,BAL,,77.7,230.0,296.0,0.0,0.015,0.219,0.0
Bangladesh,BGD,24.0,2014.0,Bangladesh People's League,BAL,,77.0,231.0,300.0,0.0,0.015,0.073,0.0
Bangladesh,BGD,24.0,2018.0,Bangladesh People's League,BAL,,86.0,258.0,300.0,0.0,0.015,0.073,0.0
Bangladesh,BGD,24.0,1991.0,Islam Conference Bangladesh,JEB,,6.1,18.0,294.0,1.0,3.101,0.313,0.0
Bangladesh,BGD,24.0,1986.0,National Party (Ershad),JD,,51.0,153.0,300.0,0.0,1.229,0.131,1.0
Bangladesh,BGD,24.0,1988.0,National Party (Ershad),JD,,83.9,250.0,298.0,0.0,1.229,0.131,0.0
Bangladesh,BGD,24.0,1991.0,National Party (Ershad),JD,,11.9,35.0,294.0,3.0,1.229,0.127,0.0
Bangladesh,BGD,24.0,1996.0,National Party (Ershad),JD,,10.7,32.0,300.0,1.0,0.874,0.127,0.0
Bangladesh,BGD,24.0,2001.0,National Party (Ershad),JD,7.5,4.7,14.0,298.0,3.0,0.874,0.127,0.0
Bangladesh,BGD,24.0,2008.0,National Party (Ershad),JD,,9.1,27.0,296.0,1.0,0.874,0.127,0.0
Bangladesh,BGD,24.0,2014.0,National Party (Ershad),JD,,11.3,34.0,300.0,1.0,0.874,0.127,0.0
Bangladesh,BGD,24.0,2018.0,National Party (Ershad),JD,,7.3,22.0,300.0,1.0,0.882,0.127,0.0
Bangladesh,BGD,24.0,1991.0,Bangladesh Nationalist Party,BNP,,46.9,138.0,294.0,0.0,1.508,0.289,0.0
Bangladesh,BGD,24.0,1996.0,Bangladesh Nationalist Party,BNP,,38.7,116.0,300.0,3.0,1.508,0.289,0.0
Bangladesh,BGD,24.0,2001.0,Bangladesh Nationalist Party,BNP,41.0,64.8,193.0,298.0,0.0,1.508,0.287,0.0
Bangladesh,BGD,24.0,2008.0,Bangladesh Nationalist Party,BNP,,10.1,30.0,296.0,3.0,1.508,0.279,0.0
Bangladesh,BGD,24.0,1988.0,Combined Opposition Party,COP,,6.0,18.0,298.0,3.0,-0.937,0.349,0.0
Bangladesh,BGD,24.0,2018.0,Grand Alliance,GA,,,,,,,,
Bolivia,BOL,25.0,2005.0,National Unity Front,UN,7.8,6.2,8.0,130.0,3.0,0.279,0.279,1.0
Bolivia,BOL,25.0,2014.0,National Unity Front,UN,,,,,3.0,0.882,0.257,0.0
Bolivia,BOL,25.0,2002.0,Movement for Socialism,MAS,20.9,20.6,27.0,131.0,3.0,-2.343,0.939,0.0
Bolivia,BOL,25.0,2005.0,Movement for Socialism,MAS,53.7,55.4,72.0,130.0,0.0,-2.343,0.939,0.0
Bolivia,BOL,25.0,2009.0,Movement for Socialism,MAS,57.5,68.5,89.0,130.0,0.0,-2.343,0.939,0.0
Bolivia,BOL,25.0,2014.0,Movement for Socialism,MAS,61.4,67.7,88.0,130.0,0.0,-2.343,0.892,0.0
Bolivia,BOL,25.0,2019.0,Movement for Socialism,MAS,47.0,51.5,67.0,130.0,4.0,-1.92,0.859,0.0
Bolivia,BOL,25.0,1980.0,Revolutionary Nationalist Movement,MNR,20.1,26.2,34.0,130.0,3.0,1.19,0.233,0.0
Bolivia,BOL,25.0,1985.0,Revolutionary Nationalist Movement,MNR,30.4,33.1,43.0,130.0,0.0,1.206,0.134,0.0
Bolivia,BOL,25.0,1989.0,Revolutionary Nationalist Movement,MNR,25.6,30.8,40.0,130.0,3.0,1.825,0.219,0.0
Bolivia,BOL,25.0,1993.0,Revolutionary Nationalist Movement,MNR,33.8,40.0,52.0,130.0,0.0,1.056,0.219,0.0
Bolivia,BOL,25.0,1997.0,Revolutionary Nationalist Movement,MNR,17.7,20.0,26.0,130.0,3.0,1.406,0.122,0.0
Bolivia,BOL,25.0,2002.0,Revolutionary Nationalist Movement,MNR,22.5,27.5,36.0,131.0,0.0,1.406,0.122,0.0
Bolivia,BOL,25.0,2005.0,Revolutionary Nationalist Movement,MNR,6.5,5.4,7.0,130.0,3.0,1.406,0.122,0.0
Bolivia,BOL,25.0,2005.0,Social and Democratic Power,Podemos,28.6,33.1,43.0,130.0,3.0,1.405,0.109,1.0
Bolivia,BOL,25.0,2009.0,Plan Progress for Bolivia -- National Convergence,PPB-CN,26.9,28.5,37.0,130.0,3.0,1.869,0.172,1.0
Bolivia,BOL,25.0,2002.0,New Republic Force,NFR,20.9,19.1,25.0,131.0,3.0,1.749,0.404,0.0
Bolivia,BOL,25.0,1985.0,Revolutionary Left Movement - New Majority,MIR,10.2,11.5,15.0,130.0,3.0,-0.573,0.627,2.0
Bolivia,BOL,25.0,1989.0,Revolutionary Left Movement - New Majority,MIR,21.8,25.4,33.0,130.0,0.0,-0.94,0.407,0.0
Bolivia,BOL,25.0,1993.0,Revolutionary Left Movement - New Majority,MIR,,,,,,,,
Bolivia,BOL,25.0,1997.0,Revolutionary Left Movement - New Majority,MIR,16.7,19.2,25.0,130.0,1.0,-0.544,0.227,0.0
Bolivia,BOL,25.0,2002.0,Revolutionary Left Movement - New Majority,MIR,16.3,19.8,26.0,131.0,1.0,-0.313,0.227,0.0
Bolivia,BOL,25.0,1985.0,Revolutionary Nationalist Movement of the Left,MNRI,5.8,6.2,8.0,130.0,3.0,-1.313,0.647,2.0
Bolivia,BOL,25.0,1985.0,Revolutionary Nationalist Movement Vanguard,RNMV,5.1,4.6,6.0,130.0,3.0,-0.266,0.417,1.0
Bolivia,BOL,25.0,1980.0,Nationalist Democratic Action,ADN,16.8,18.5,24.0,130.0,3.0,2.327,0.047,0.0
Bolivia,BOL,25.0,1985.0,Nationalist Democratic Action,ADN,32.8,31.5,41.0,130.0,1.0,2.327,0.047,0.0
Bolivia,BOL,25.0,1989.0,Nationalist Democratic Action,ADN,25.2,29.2,38.0,130.0,1.0,1.977,0.047,0.0
Bolivia,BOL,25.0,1993.0,Nationalist Democratic Action,ADN,,,,,,,,
Bolivia,BOL,25.0,1997.0,Nationalist Democratic Action,ADN,22.3,25.4,33.0,130.0,0.0,1.018,0.047,0.0
Bolivia,BOL,25.0,1993.0,Civic Solidarity Union,UCS,13.1,15.4,20.0,130.0,1.0,0.047,0.49,1.0
Bolivia,BOL,25.0,1997.0,Civic Solidarity Union,UCS,15.9,16.2,21.0,130.0,1.0,0.047,0.443,0.0
Bolivia,BOL,25.0,1989.0,Conscience of Fatherland,CONDEPA,12.2,6.9,9.0,130.0,3.0,-1.013,0.858,1.0
Bolivia,BOL,25.0,1993.0,Conscience of Fatherland,CONDEPA,13.6,10.0,13.0,130.0,3.0,-1.013,0.794,0.0
Bolivia,BOL,25.0,1997.0,Conscience of Fatherland,CONDEPA,15.9,13.1,17.0,130.0,1.0,-0.644,0.792,0.0
Bolivia,BOL,25.0,1993.0,Free Bolivia Movement,MBL,5.1,5.4,7.0,130.0,1.0,-1.585,0.519,1.0
Bolivia,BOL,25.0,1980.0,Democratic and Popular Union,UDP,38.7,36.2,47.0,130.0,0.0,-1.746,0.737,0.0
Bolivia,BOL,25.0,1980.0,Socialist Party,PS,8.7,7.7,10.0,130.0,3.0,-2.392,0.74,0.0
Bolivia,BOL,25.0,1989.0,United Left,IU,7.2,7.7,10.0,130.0,3.0,-2.426,0.821,0.0
Bolivia,BOL,25.0,2014.0,Christian Democratic Party,PDC,9.0,7.7,10.0,130.0,3.0,1.287,0.237,0.0
Bolivia,BOL,25.0,2019.0,Christian Democratic Party,PDC,8.8,6.9,9.0,130.0,4.0,2.694,0.213,0.0
Bolivia,BOL,25.0,1993.0,Patriotic Accord,AP,20.0,26.9,35.0,130.0,3.0,0.776,0.288,2.0
Bolivia,BOL,25.0,2019.0,Civic Community,CC,36.5,38.5,50.0,130.0,4.0,-0.622,0.499,1.0
Haiti,HTI,26.0,1990.0,independent,indep,,6.2,5.0,81.0,,,,
Haiti,HTI,26.0,1990.0,National Alliance for Democracy and Progress,ANDP,,21.0,17.0,81.0,3.0,1.055,0.061,2.0
Haiti,HTI,26.0,1995.0,Lavalas Family,FL,,81.9,68.0,83.0,0.0,-2.147,0.946,2.0
Haiti,HTI,26.0,2000.0,Lavalas Family,FL,,87.8,72.0,82.0,0.0,-2.147,0.946,2.0
Haiti,HTI,26.0,2015.0,Lavalas Family,FL,,6.9,8.0,116.0,3.0,-2.149,0.877,0.0
Haiti,HTI,26.0,1990.0,National Front for Change and Democracy,FNCD,,33.3,27.0,81.0,0.0,-1.986,0.918,1.0
Haiti,HTI,26.0,2006.0,Fusion of Haitian Social Democrats,FHSD,,17.2,17.0,99.0,3.0,0.182,0.341,1.0
Haiti,HTI,26.0,2010.0,Inite,INITE,,47.9,46.0,96.0,3.0,-0.812,0.363,2.0
Haiti,HTI,26.0,1984.0,National Unity Party,NUP,,100.0,59.0,59.0,3.0,2.882,0.107,0.0
Haiti,HTI,26.0,2006.0,Democratic Alliance Party,ALY,,10.1,10.0,99.0,2.0,0.196,0.324,2.0
Haiti,HTI,26.0,1990.0,Rally of Progressive National Democrats,RDNP,,7.4,6.0,81.0,3.0,0.178,0.207,1.0
Haiti,HTI,26.0,2006.0,Lavalas Political Organization / Struggling People's Organization,OPL,,10.1,10.0,99.0,1.0,-1.003,0.559,2.0
Haiti,HTI,26.0,2015.0,Lavalas Political Organization / Struggling People's Organization,OPL,,7.8,9.0,116.0,3.0,-0.992,0.438,2.0
Haiti,HTI,26.0,2006.0,Front for Hope,Lespwa,,23.2,23.0,99.0,0.0,-1.447,0.505,1.0
Haiti,HTI,26.0,2006.0,Christian National Union for the Reconstruction of Haiti,UNCRH,,12.1,12.0,99.0,3.0,1.018,0.312,1.0
Haiti,HTI,26.0,2010.0,Alternative for Progress and Democracy,Alternativ,,7.3,7.0,96.0,3.0,-0.426,0.135,1.0
Haiti,HTI,26.0,1990.0,National Agricultural Industrial Party,PAIN,,7.4,6.0,81.0,3.0,1.035,0.241,1.0
Haiti,HTI,26.0,1990.0,Christian-Democratic Party of Haiti,PDCH,,8.6,7.0,81.0,3.0,0.498,0.244,1.0
Haiti,HTI,26.0,2010.0,Together We Are Strong,ANF,,4.2,4.0,96.0,3.0,0.589,0.341,1.0
Haiti,HTI,26.0,2006.0,Haiti in Action,LA,,5.1,5.0,99.0,1.0,0.502,0.34,1.0
Haiti,HTI,26.0,2010.0,Haiti in Action,LA,,8.3,8.0,96.0,3.0,0.502,0.193,1.0
Haiti,HTI,26.0,2015.0,Haiti in Action,LA,,5.2,6.0,116.0,1.0,0.502,0.296,1.0
Haiti,HTI,26.0,2010.0,Lanvi Organisation,LO,,8.3,8.0,96.0,3.0,0.6,0.342,1.0
Haiti,HTI,26.0,1990.0,Mobilization for National Development,MDN,,6.2,5.0,81.0,3.0,1.606,0.118,1.0
Haiti,HTI,26.0,1990.0,National Cobite Movement,MKN,,6.2,5.0,81.0,3.0,0.623,0.201,1.0
Haiti,HTI,26.0,2015.0,Haitian Bald Head Party,PHTK,,26.7,31.0,116.0,0.0,1.605,0.064,2.0
Haiti,HTI,26.0,2015.0,Truth,VERITE,,14.7,17.0,116.0,3.0,-0.828,0.437,2.0
Haiti,HTI,26.0,2015.0,Democratic Unit Convention,KID,,6.9,8.0,116.0,1.0,0.767,0.143,2.0
Honduras,HND,27.0,1980.0,Liberal Party of Honduras,PLH,51.7,49.3,35.0,71.0,0.0,0.844,0.304,0.0
Honduras,HND,27.0,1981.0,Liberal Party of Honduras,PLH,41.6,53.7,44.0,82.0,0.0,0.844,0.257,0.0
Honduras,HND,27.0,1985.0,Liberal Party of Honduras,PLH,51.0,50.0,67.0,134.0,0.0,0.844,0.227,0.0
Honduras,HND,27.0,1989.0,Liberal Party of Honduras,PLH,44.3,43.8,56.0,128.0,3.0,1.066,0.227,0.0
Honduras,HND,27.0,1993.0,Liberal Party of Honduras,PLH,53.0,55.5,71.0,128.0,0.0,0.826,0.301,0.0
Honduras,HND,27.0,1997.0,Liberal Party of Honduras,PLH,49.5,52.3,67.0,128.0,0.0,1.07,0.224,0.0
Honduras,HND,27.0,2001.0,Liberal Party of Honduras,PLH,40.8,43.0,55.0,128.0,3.0,1.07,0.263,0.0
Honduras,HND,27.0,2005.0,Liberal Party of Honduras,PLH,44.8,48.4,62.0,128.0,0.0,0.847,0.302,0.0
Honduras,HND,27.0,2009.0,Liberal Party of Honduras,PLH,38.0,35.2,45.0,128.0,3.0,1.625,0.262,0.0
Honduras,HND,27.0,2013.0,Liberal Party of Honduras,PLH,17.0,21.1,27.0,128.0,3.0,1.637,0.176,0.0
Honduras,HND,27.0,2017.0,Liberal Party of Honduras,PLH,20.3,20.3,26.0,128.0,3.0,1.637,0.23,0.0
Honduras,HND,27.0,2001.0,Democratic Unification Party,PUD,4.5,3.9,5.0,128.0,3.0,-1.12,0.663,0.0
Honduras,HND,27.0,2005.0,Democratic Unification Party,PUD,5.7,3.9,5.0,128.0,3.0,-1.12,0.663,0.0
Honduras,HND,27.0,1980.0,National Party of Honduras,PNH,44.2,46.5,33.0,71.0,3.0,1.884,0.053,0.0
Honduras,HND,27.0,1981.0,National Party of Honduras,PNH,53.9,41.5,34.0,82.0,3.0,1.618,0.052,0.0
Honduras,HND,27.0,1985.0,National Party of Honduras,PNH,45.5,47.0,63.0,134.0,3.0,1.618,0.053,0.0
Honduras,HND,27.0,1989.0,National Party of Honduras,PNH,52.3,55.5,71.0,128.0,0.0,1.907,0.105,0.0
Honduras,HND,27.0,1993.0,National Party of Honduras,PNH,43.0,43.0,55.0,128.0,3.0,1.629,0.105,0.0
Honduras,HND,27.0,1997.0,National Party of Honduras,PNH,41.6,42.2,54.0,128.0,3.0,1.629,0.102,0.0
Honduras,HND,27.0,2001.0,National Party of Honduras,PNH,46.5,47.7,61.0,128.0,0.0,1.629,0.105,0.0
Honduras,HND,27.0,2005.0,National Party of Honduras,PNH,40.4,43.0,55.0,128.0,3.0,1.629,0.105,0.0
Honduras,HND,27.0,2009.0,National Party of Honduras,PNH,56.6,55.5,71.0,128.0,0.0,1.629,0.152,0.0
Honduras,HND,27.0,2013.0,National Party of Honduras,PNH,33.6,37.5,48.0,128.0,0.0,2.129,0.056,0.0
Honduras,HND,27.0,2017.0,National Party of Honduras,PNH,47.7,47.7,61.0,128.0,0.0,2.129,0.055,0.0
Honduras,HND,27.0,2013.0,Anti-Corruption Party,PAC,15.2,10.2,13.0,128.0,3.0,-0.064,0.598,1.0
Honduras,HND,27.0,2013.0,Liberty and Refoundation,LIBRE,27.5,28.9,37.0,128.0,3.0,-1.456,0.729,1.0
Honduras,HND,27.0,2017.0,Liberty and Refoundation,LIBRE,23.4,23.4,30.0,128.0,3.0,-1.461,0.729,0.0
Mali,MLI,28.0,2002.0,Rally for Mali,RPM,,33.3,46.0,138.0,1.0,0.157,0.267,1.0
Mali,MLI,28.0,2007.0,Rally for Mali,RPM,,7.5,11.0,147.0,3.0,0.157,0.265,0.0
Mali,MLI,28.0,2013.0,Rally for Mali,RPM,29.4,44.9,66.0,147.0,0.0,0.199,0.519,0.0
Mali,MLI,28.0,1992.0,Sudanese Union – African Democratic Rally,US-RDA,17.6,6.2,8.0,129.0,3.0,-1.315,0.601,1.0
Mali,MLI,28.0,2007.0,Union for the Republic and Democracy,URD,,23.1,34.0,147.0,2.0,-1.563,0.322,1.0
Mali,MLI,28.0,2013.0,Union for the Republic and Democracy,URD,22.6,11.6,17.0,147.0,3.0,-1.588,0.493,0.0
Mali,MLI,28.0,1992.0,"The Alliance for Democracy in Mali – Pan-African Party for Liberty, Solidarity and Justice",ADEMA-PASJ,48.4,58.9,76.0,129.0,0.0,-0.83,0.412,1.0
Mali,MLI,28.0,1997.0,"The Alliance for Democracy in Mali – Pan-African Party for Liberty, Solidarity and Justice",ADEMA-PASJ,62.8,87.1,128.0,147.0,0.0,-0.83,0.273,0.0
Mali,MLI,28.0,2002.0,"The Alliance for Democracy in Mali – Pan-African Party for Liberty, Solidarity and Justice",ADEMA-PASJ,,38.4,53.0,138.0,1.0,-0.83,0.273,0.0
Mali,MLI,28.0,2007.0,"The Alliance for Democracy in Mali – Pan-African Party for Liberty, Solidarity and Justice",ADEMA-PASJ,,34.7,51.0,147.0,1.0,-0.83,0.273,0.0
Mali,MLI,28.0,2013.0,"The Alliance for Democracy in Mali – Pan-African Party for Liberty, Solidarity and Justice",ADEMA-PASJ,11.5,10.9,16.0,147.0,3.0,-0.83,0.351,0.0
Mali,MLI,28.0,1992.0,National Congress for Democratic Initiative,CNID,5.6,7.0,9.0,129.0,3.0,-0.805,0.662,1.0
Mali,MLI,28.0,2002.0,National Congress for Democratic Initiative,CNID,,9.4,13.0,138.0,1.0,-0.822,0.556,0.0
Mali,MLI,28.0,1982.0,Democratic Union of the Malian People,UDPM,100.0,100.0,82.0,82.0,0.0,0.947,0.213,0.0
Mali,MLI,28.0,1984.0,Democratic Union of the Malian People,UDPM,100.0,100.0,82.0,82.0,0.0,0.947,0.213,0.0
Mali,MLI,28.0,1985.0,Democratic Union of the Malian People,UDPM,99.8,100.0,82.0,82.0,0.0,0.947,0.213,1.0
Mali,MLI,28.0,1988.0,Democratic Union of the Malian People,UDPM,100.0,100.0,82.0,82.0,0.0,0.973,0.227,1.0
Mali,MLI,28.0,1997.0,Party for National Rebirth,PARENA,7.1,5.4,8.0,147.0,1.0,-0.846,0.559,1.0
Mali,MLI,28.0,2007.0,Patriotic Movement for Renewal,MPR,,5.4,8.0,147.0,3.0,0.575,0.48,0.0
Mali,MLI,28.0,1992.0,Popular Movement for the Development of the Republic of West Africa,PMD,2.7,4.7,6.0,129.0,3.0,-1.539,0.559,1.0
Mali,MLI,28.0,1992.0,Party for Democracy and Progress,PDP,5.1,1.6,2.0,129.0,3.0,0.224,0.494,1.0
Pakistan,PAK,29.0,1988.0,Pakistan Peoples Party,PPP,37.6,45.4,94.0,207.0,0.0,-0.762,0.672,0.0
Pakistan,PAK,29.0,1990.0,Pakistan Peoples Party,PPP,36.8,21.7,45.0,207.0,3.0,-1.006,0.631,0.0
Pakistan,PAK,29.0,1993.0,Pakistan Peoples Party,PPP,37.9,43.0,89.0,207.0,0.0,-0.625,0.591,0.0
Pakistan,PAK,29.0,1997.0,Pakistan Peoples Party,PPP,21.8,8.7,18.0,207.0,3.0,-0.62,0.628,0.0
Pakistan,PAK,29.0,2002.0,Pakistan Peoples Party,PPP,26.1,23.7,81.0,342.0,3.0,-0.361,0.622,0.0
Pakistan,PAK,29.0,2008.0,Pakistan Peoples Party,PPP,,36.8,125.0,340.0,0.0,-0.311,0.587,0.0
Pakistan,PAK,29.0,2013.0,Pakistan Peoples Party,PPP,,12.1,39.0,323.0,3.0,-0.206,0.581,0.0
Pakistan,PAK,29.0,2018.0,Pakistan Peoples Party,PPP,13.0,15.8,54.0,342.0,3.0,-0.384,0.601,0.0
Pakistan,PAK,29.0,1993.0,Pakistan Muslim League (Nawaz ),PML(N),39.9,35.3,73.0,207.0,3.0,0.606,0.353,2.0
Pakistan,PAK,29.0,1997.0,Pakistan Muslim League (Nawaz ),PML(N),45.9,64.7,134.0,207.0,0.0,0.606,0.374,0.0
Pakistan,PAK,29.0,2002.0,Pakistan Muslim League (Nawaz ),PML(N),11.7,5.6,19.0,342.0,3.0,0.425,0.406,0.0
Pakistan,PAK,29.0,2008.0,Pakistan Muslim League (Nawaz ),PML(N),,26.8,91.0,340.0,3.0,0.428,0.473,0.0
Pakistan,PAK,29.0,2013.0,Pakistan Muslim League (Nawaz ),PML(N),,48.6,157.0,323.0,0.0,0.6,0.41,0.0
Pakistan,PAK,29.0,2018.0,Pakistan Muslim League (Nawaz ),PML(N),24.4,24.3,83.0,342.0,3.0,0.6,0.44,0.0
Pakistan,PAK,29.0,2002.0,Pakistan Muslim League (Quaid e Azam Group),PML(Q),25.7,36.8,126.0,342.0,0.0,0.51,0.347,2.0
Pakistan,PAK,29.0,2008.0,Pakistan Muslim League (Quaid e Azam Group),PML(Q),,15.6,53.0,340.0,3.0,-0.072,0.38,0.0
Pakistan,PAK,29.0,1990.0,Muttahida Quami Movement /Worship of the Real Group,MQM / HPG,5.5,7.2,15.0,207.0,3.0,-0.107,0.718,0.0
Pakistan,PAK,29.0,1997.0,Muttahida Quami Movement /Worship of the Real Group,MQM / HPG,4.0,5.8,12.0,207.0,3.0,-0.017,0.821,0.0
Pakistan,PAK,29.0,2008.0,Muttahida Quami Movement /Worship of the Real Group,MQM / HPG,,7.4,25.0,340.0,1.0,-0.347,0.842,0.0
Pakistan,PAK,29.0,2013.0,Muttahida Quami Movement /Worship of the Real Group,MQM / HPG,,7.1,23.0,323.0,3.0,-0.34,0.744,0.0
Pakistan,PAK,29.0,1985.0,independent,indep,100.0,100.0,207.0,207.0,,,,
Pakistan,PAK,29.0,1988.0,independent,indep,19.5,19.3,40.0,207.0,,,,
Pakistan,PAK,29.0,1990.0,independent,indep,10.3,10.6,22.0,207.0,,,,
Pakistan,PAK,29.0,1993.0,independent,indep,7.4,7.7,16.0,207.0,,,,
Pakistan,PAK,29.0,1997.0,independent,indep,14.1,10.1,21.0,207.0,,,,
Pakistan,PAK,29.0,2008.0,independent,indep,,5.3,18.0,340.0,,,,
Pakistan,PAK,29.0,2013.0,independent,indep,,8.4,27.0,323.0,,,,
Pakistan,PAK,29.0,2018.0,independent,indep,11.5,3.8,13.0,342.0,,,,
Pakistan,PAK,29.0,1988.0,Islamic Democratic Alliance,IJI,29.6,27.1,56.0,207.0,3.0,1.457,0.419,0.0
Pakistan,PAK,29.0,1990.0,Islamic Democratic Alliance,IJI,37.4,50.7,105.0,207.0,0.0,1.439,0.469,0.0
Pakistan,PAK,29.0,2013.0,Pakistan Movement for Justice,PTI,,10.8,35.0,323.0,3.0,0.746,0.477,0.0
Pakistan,PAK,29.0,2018.0,Pakistan Movement for Justice,PTI,31.8,43.6,149.0,342.0,0.0,0.893,0.596,0.0
Pakistan,PAK,29.0,2002.0,United Council of Action,MMA,11.3,18.4,63.0,342.0,3.0,1.847,0.537,1.0
Pakistan,PAK,29.0,2018.0,United Council of Action,MMA,5.9,4.7,16.0,342.0,3.0,1.72,0.511,0.0
Peru,PER,30.0,2000.0,National Solidarity Party,SN,4.0,3.3,4.0,120.0,3.0,0.728,0.418,1.0
Peru,PER,30.0,2006.0,National Solidarity Party,SN,,,,,,,,
Peru,PER,30.0,2011.0,National Solidarity Party,SN,,,,,3.0,0.901,0.338,1.0
Peru,PER,30.0,2011.0,Peruvian Nationalist Party,PNP,25.4,36.2,47.0,130.0,0.0,-0.953,0.804,2.0
Peru,PER,30.0,2006.0,Alliance for the Future,AF,13.1,10.8,13.0,120.0,3.0,1.576,0.572,2.0
Peru,PER,30.0,1980.0,Popular Action,AP,38.9,54.4,98.0,180.0,0.0,0.875,0.244,0.0
Peru,PER,30.0,1985.0,Popular Action,AP,8.4,5.6,10.0,180.0,3.0,1.151,0.198,0.0
Peru,PER,30.0,1990.0,Popular Action,AP,,,,,,,,
Peru,PER,30.0,2006.0,Popular Action,AP,,,,,,,,
Peru,PER,30.0,2011.0,Popular Action,AP,,,,,,,,
Peru,PER,30.0,2016.0,Popular Action,AP,7.2,3.8,5.0,130.0,3.0,0.48,0.183,0.0
Peru,PER,30.0,1980.0,American Popular Revolutionary Alliance / Peruvian Aprista Party,APRA/PAP,26.5,32.2,58.0,180.0,3.0,-0.789,0.545,0.0
Peru,PER,30.0,1985.0,American Popular Revolutionary Alliance / Peruvian Aprista Party,APRA/PAP,50.1,59.4,107.0,180.0,0.0,-0.989,0.666,0.0
Peru,PER,30.0,1990.0,American Popular Revolutionary Alliance / Peruvian Aprista Party,APRA/PAP,25.0,29.4,53.0,180.0,3.0,-0.592,0.343,0.0
Peru,PER,30.0,1995.0,American Popular Revolutionary Alliance / Peruvian Aprista Party,APRA/PAP,6.5,6.7,8.0,120.0,3.0,-0.07,0.469,0.0
Peru,PER,30.0,2000.0,American Popular Revolutionary Alliance / Peruvian Aprista Party,APRA/PAP,5.5,5.0,6.0,120.0,3.0,0.159,0.468,0.0
Peru,PER,30.0,2001.0,American Popular Revolutionary Alliance / Peruvian Aprista Party,APRA/PAP,19.7,23.3,28.0,120.0,3.0,0.609,0.405,0.0
Peru,PER,30.0,2006.0,American Popular Revolutionary Alliance / Peruvian Aprista Party,APRA/PAP,20.6,30.0,36.0,120.0,0.0,1.818,0.342,0.0
Peru,PER,30.0,2011.0,American Popular Revolutionary Alliance / Peruvian Aprista Party,APRA/PAP,6.4,3.1,4.0,130.0,,,,
Peru,PER,30.0,2016.0,American Popular Revolutionary Alliance / Peruvian Aprista Party,APRA/PAP,,,,,,,,
Peru,PER,30.0,1995.0,Union for Peru,UPP,14.0,14.2,17.0,120.0,3.0,0.163,0.401,1.0
Peru,PER,30.0,2006.0,Union for Peru,UPP,21.1,37.5,45.0,120.0,3.0,-1.197,0.784,0.0
Peru,PER,30.0,2011.0,Union for Peru,UPP,,,,,3.0,-0.311,0.625,0.0
Peru,PER,30.0,2011.0,National Restoration Party,RN,,,,,,,,
Peru,PER,30.0,2006.0,Center Front,FDC,7.1,4.2,5.0,120.0,3.0,0.599,0.224,2.0
Peru,PER,30.0,1980.0,Christian People's Party,PPC,9.6,5.6,10.0,180.0,1.0,1.948,0.067,0.0
Peru,PER,30.0,1985.0,Christian People's Party,PPC,,,,,,,,
Peru,PER,30.0,1990.0,Christian People's Party,PPC,,,,,,,,
Peru,PER,30.0,1992.0,Christian People's Party,PPC,9.8,12.3,8.0,65.0,3.0,1.948,0.091,0.0
Peru,PER,30.0,2006.0,Christian People's Party,PPC,,,,,,,,
Peru,PER,30.0,2011.0,Christian People's Party,PPC,,,,,,,,
Peru,PER,30.0,2016.0,Christian People's Party,PPC,,,,,,,,
Peru,PER,30.0,2001.0,National Unity,UN,13.8,14.2,17.0,120.0,3.0,1.683,0.204,1.0
Peru,PER,30.0,2006.0,National Unity,UN,15.3,14.2,17.0,120.0,3.0,1.683,0.202,0.0
Peru,PER,30.0,2011.0,Popular Force 2011,FP,22.9,28.5,37.0,130.0,3.0,2.03,0.596,2.0
Peru,PER,30.0,2016.0,Popular Force 2011,FP,36.3,56.2,73.0,130.0,3.0,2.022,0.592,0.0
Peru,PER,30.0,1990.0,Independent Moralizing Front,FIM,5.9,3.9,7.0,180.0,3.0,0.761,0.321,1.0
Peru,PER,30.0,1992.0,Independent Moralizing Front,FIM,7.1,10.8,7.0,65.0,3.0,0.761,0.323,0.0
Peru,PER,30.0,1995.0,Independent Moralizing Front,FIM,4.8,5.0,6.0,120.0,3.0,0.761,0.394,0.0
Peru,PER,30.0,2000.0,Independent Moralizing Front,FIM,7.6,7.5,9.0,120.0,3.0,0.758,0.394,0.0
Peru,PER,30.0,2001.0,Independent Moralizing Front,FIM,11.0,9.2,11.0,120.0,1.0,0.763,0.294,0.0
Peru,PER,30.0,2011.0,Alliance for Progress,APEP,,,,,,,,
Peru,PER,30.0,2016.0,Alliance for Progress,APEP,9.2,6.9,9.0,130.0,3.0,0.252,0.298,2.0
Peru,PER,30.0,1990.0,Change 90,NM,16.5,17.8,32.0,180.0,0.0,0.691,0.751,1.0
Peru,PER,30.0,1992.0,Change 90,NM,49.2,67.7,44.0,65.0,0.0,1.184,0.75,0.0
Peru,PER,30.0,1995.0,Change 90,NM,52.1,55.8,67.0,120.0,0.0,1.661,0.747,0.0
Peru,PER,30.0,2001.0,Change 90,NM,4.8,2.5,3.0,120.0,3.0,1.484,0.492,2.0
Peru,PER,30.0,2006.0,Change 90,NM,,,,,,,,
Peru,PER,30.0,2011.0,Change 90,NM,,,,,3.0,1.64,0.532,0.0
Peru,PER,30.0,2000.0,We are Peru,SP,7.2,7.5,9.0,120.0,3.0,0.563,0.367,1.0
Peru,PER,30.0,2001.0,We are Peru,SP,5.8,3.3,4.0,120.0,2.0,0.581,0.378,0.0
Peru,PER,30.0,2006.0,We are Peru,SP,,,,,,,,
Peru,PER,30.0,2011.0,We are Peru,SP,,,,,,,,
Peru,PER,30.0,1985.0,United Left,IU,24.4,26.7,48.0,180.0,3.0,-2.973,0.854,1.0
Peru,PER,30.0,1990.0,United Left,IU,10.0,8.9,16.0,180.0,3.0,-2.43,0.843,0.0
Peru,PER,30.0,2000.0,Peru Posible,PP,23.2,24.2,29.0,120.0,3.0,0.665,0.642,0.0
Peru,PER,30.0,2001.0,Peru Posible,PP,26.3,37.5,45.0,120.0,0.0,1.139,0.578,0.0
Peru,PER,30.0,2011.0,Peru Posible,PP,,,,,,,,
Peru,PER,30.0,1992.0,National Renewal,NR,7.1,9.2,6.0,65.0,3.0,-0.449,0.256,1.0
Peru,PER,30.0,2006.0,National Renewal,NR,,,,,,,,
Peru,PER,30.0,2000.0,Peru 2000,P,42.4,43.3,52.0,120.0,0.0,1.252,0.431,2.0
Peru,PER,30.0,1990.0,Liberty Movement,ML,,,,,,,,
Peru,PER,30.0,2016.0,"Broad Front for Justice, Life and Liberty",Frente Amplio,13.9,15.4,20.0,130.0,3.0,-1.945,0.924,1.0
Peru,PER,30.0,2016.0,Peruvians for Change,PPK,16.5,13.8,18.0,130.0,0.0,1.424,0.075,1.0
Peru,PER,30.0,1985.0,Hayist Bases Movement,MBH,,,,,,,,
Peru,PER,30.0,2011.0,Peruvian Humanist Party,PMHP,,,,,,,,
Peru,PER,30.0,1990.0,Socialist Left,IS,5.3,2.2,4.0,180.0,3.0,-2.407,0.809,1.0
Peru,PER,30.0,2011.0,alliance: Alianza Solidaridad Nacional,Alianza Soli...,10.2,6.9,9.0,130.0,,,,
Peru,PER,30.0,1985.0,alliance: Democratic Convergence,Democratic C...,11.1,6.7,12.0,180.0,3.0,0.383,0.143,1.0
Peru,PER,30.0,1990.0,alliance: Democratic Front,Democratic F...,30.1,34.4,62.0,180.0,3.0,2.063,0.115,2.0
Peru,PER,30.0,2011.0,alliance: Alianza Electoral Perú Posible,Alianza Elec...,14.8,16.2,21.0,130.0,2.0,1.263,0.228,2.0
Peru,PER,30.0,2011.0,alliance: Alianza Por El Gran Cambio,Alianza Por ...,14.4,9.2,12.0,130.0,3.0,0.731,0.175,2.0
Peru,PER,30.0,2016.0,alliance: Popular Alliance,Popular Alli...,8.3,3.8,5.0,130.0,3.0,0.929,0.315,2.0
Senegal,SEN,31.0,1983.0,Senegalese Democratic Party,PDS,14.0,6.7,8.0,120.0,3.0,1.329,0.577,0.0
Senegal,SEN,31.0,1988.0,Senegalese Democratic Party,PDS,24.7,11.2,13.0,116.0,3.0,1.329,0.501,0.0
Senegal,SEN,31.0,1993.0,Senegalese Democratic Party,PDS,30.2,22.5,27.0,120.0,3.0,1.329,0.501,0.0
Senegal,SEN,31.0,1998.0,Senegalese Democratic Party,PDS,19.2,16.4,23.0,140.0,3.0,1.329,0.501,0.0
Senegal,SEN,31.0,2001.0,Senegalese Democratic Party,PDS,49.6,74.2,89.0,120.0,0.0,1.329,0.291,0.0
Senegal,SEN,31.0,2007.0,Senegalese Democratic Party,PDS,69.2,87.3,131.0,150.0,0.0,1.329,0.159,0.0
Senegal,SEN,31.0,2012.0,Senegalese Democratic Party,PDS,15.2,8.0,12.0,150.0,2.0,1.329,0.259,0.0
Senegal,SEN,31.0,2017.0,Senegalese Democratic Party,PDS,16.7,11.5,19.0,165.0,2.0,1.311,0.575,0.0
Senegal,SEN,31.0,2001.0,Alliance of the Forces of Progress,AFP,16.1,9.2,11.0,120.0,2.0,-0.366,0.397,1.0
Senegal,SEN,31.0,1983.0,Socialist Party / Senegalese Progressive Union,PS/UPS,79.9,92.5,111.0,120.0,0.0,-1.613,0.195,0.0
Senegal,SEN,31.0,1988.0,Socialist Party / Senegalese Progressive Union,PS/UPS,71.3,88.8,103.0,116.0,0.0,-1.613,0.21,0.0
Senegal,SEN,31.0,1993.0,Socialist Party / Senegalese Progressive Union,PS/UPS,56.6,70.0,84.0,120.0,0.0,-1.613,0.21,0.0
Senegal,SEN,31.0,1998.0,Socialist Party / Senegalese Progressive Union,PS/UPS,50.2,66.4,93.0,140.0,0.0,-1.613,0.21,0.0
Senegal,SEN,31.0,2001.0,Socialist Party / Senegalese Progressive Union,PS/UPS,17.4,8.3,10.0,120.0,3.0,-1.613,0.23,0.0
Senegal,SEN,31.0,1998.0,And-Jëf / African Party for Democracy and Socialism,AJ/PADS,4.9,2.9,4.0,140.0,3.0,-2.023,0.543,0.0
Senegal,SEN,31.0,2012.0,Citizen Movement for National Reform,MCRN,5.8,2.7,4.0,150.0,3.0,0.059,0.595,1.0
Senegal,SEN,31.0,2012.0,Alliance for the Republic–Yakaar,APR,53.1,79.3,119.0,150.0,0.0,0.452,0.483,1.0
Senegal,SEN,31.0,2017.0,Alliance for the Republic–Yakaar,APR,49.5,75.8,125.0,165.0,0.0,0.463,0.244,0.0
Senegal,SEN,31.0,2012.0,Bokk Gis Gis,BGG,7.3,2.7,4.0,150.0,3.0,0.6,0.597,1.0
Senegal,SEN,31.0,1998.0,Union for Democratic Renewal,URD,13.2,7.9,11.0,140.0,3.0,-0.984,0.351,1.0
Senegal,SEN,31.0,2007.0,alliance: Takku Defaraat Sénégal,Takku Defara...,5.0,2.0,3.0,150.0,3.0,-0.136,0.399,1.0
Senegal,SEN,31.0,2017.0,alliance: Manko Taxawu Senegal,Manko Taxawu...,11.7,4.2,7.0,165.0,2.0,-1.305,0.575,1.0
Sudan,SDN,33.0,1986.0,Democratic Unionist Party,DUP,29.5,23.9,63.0,264.0,1.0,0.016,0.3,0.0
Sudan,SDN,33.0,1986.0,Umma National Party // Sudanese Independence // Nation Party,Umma,38.2,37.5,99.0,264.0,0.0,0.605,0.306,0.0
Sudan,SDN,33.0,1986.0,National Islamic Front,NF,18.4,19.3,51.0,264.0,1.0,0.585,0.307,1.0
Sudan,SDN,33.0,1991.0,National Islamic Front,NF,,,,,0.0,0.585,0.307,0.0
Sudan,SDN,33.0,1996.0,National Islamic Front,NF,,100.0,400.0,400.0,0.0,0.585,0.307,0.0
Sudan,SDN,33.0,1980.0,Sudanese Socialist Union,SSU,100.0,100.0,305.0,305.0,0.0,0.608,0.302,0.0
Sudan,SDN,33.0,1981.0,Sudanese Socialist Union,SSU,100.0,100.0,151.0,151.0,0.0,0.608,0.302,0.0
Sudan,SDN,33.0,2010.0,Sudan People's Liberation Movement,SPLM,,22.0,99.0,450.0,3.0,0.11,0.421,1.0
Sudan,SDN,33.0,2000.0,National Congress Party,NCP,,98.6,355.0,360.0,0.0,0.564,0.303,2.0
Sudan,SDN,33.0,2010.0,National Congress Party,NCP,,69.3,312.0,450.0,0.0,0.564,0.303,0.0
Sudan,SDN,33.0,2015.0,National Congress Party,NCP,83.4,75.8,323.0,426.0,0.0,0.564,0.303,0.0
Vietnam,VNM,34.0,1981.0,Vietnamese Fatherland Front,VFF,100.0,100.0,496.0,496.0,0.0,-1.675,0.2,2.0
Vietnam,VNM,34.0,1987.0,Vietnamese Fatherland Front,VFF,100.0,100.0,496.0,496.0,0.0,-0.857,0.2,2.0
Vietnam,VNM,34.0,1992.0,Vietnamese Fatherland Front,VFF,100.0,100.0,395.0,395.0,0.0,0.364,0.2,2.0
Vietnam,VNM,34.0,1997.0,Vietnamese Fatherland Front,VFF,100.0,100.0,384.0,384.0,0.0,0.364,0.2,2.0
Vietnam,VNM,34.0,2002.0,Vietnamese Fatherland Front,VFF,100.0,89.8,447.0,498.0,0.0,0.364,0.2,2.0
Vietnam,VNM,34.0,2007.0,Vietnamese Fatherland Front,VFF,100.0,91.5,450.0,492.0,0.0,1.097,0.2,2.0
Vietnam,VNM,34.0,2011.0,Vietnamese Fatherland Front,VFF,100.0,91.5,450.0,492.0,0.0,1.097,0.2,2.0
Vietnam,VNM,34.0,2016.0,Vietnamese Fatherland Front,VFF,100.0,95.7,473.0,494.0,0.0,1.198,0.194,2.0
Afghanistan,AFG,36.0,2005.0,independent,indep,,100.0,249.0,249.0,,,,
Afghanistan,AFG,36.0,2010.0,independent,indep,100.0,100.0,249.0,249.0,,,,
Afghanistan,AFG,36.0,1988.0,People's Democratic Party of Afghanistan,HDK,,100.0,234.0,234.0,,,,
Argentina,ARG,37.0,1983.0,Justicialist [Peronist] Party,PJ,39.1,43.7,111.0,254.0,3.0,-0.45,0.758,0.0
Argentina,ARG,37.0,1985.0,Justicialist [Peronist] Party,PJ,34.6,39.8,101.0,254.0,3.0,-0.906,0.695,0.0
Argentina,ARG,37.0,1987.0,Justicialist [Peronist] Party,PJ,42.9,41.7,106.0,254.0,3.0,-0.886,0.668,0.0
Argentina,ARG,37.0,1989.0,Justicialist [Peronist] Party,PJ,44.7,47.2,120.0,254.0,0.0,-0.689,0.67,0.0
Argentina,ARG,37.0,1991.0,Justicialist [Peronist] Party,PJ,40.2,48.2,124.0,257.0,0.0,0.787,0.386,0.0
Argentina,ARG,37.0,1993.0,Justicialist [Peronist] Party,PJ,42.5,49.4,127.0,257.0,0.0,1.304,0.27,0.0
Argentina,ARG,37.0,1995.0,Justicialist [Peronist] Party,PJ,43.0,51.0,131.0,257.0,0.0,1.176,0.269,0.0
Argentina,ARG,37.0,1997.0,Justicialist [Peronist] Party,PJ,36.3,46.3,119.0,257.0,0.0,1.172,0.269,0.0
Argentina,ARG,37.0,1999.0,Justicialist [Peronist] Party,PJ,35.9,38.5,99.0,257.0,3.0,0.838,0.336,0.0
Argentina,ARG,37.0,2001.0,Justicialist [Peronist] Party,PJ,35.8,47.1,121.0,257.0,3.0,0.544,0.503,0.0
Argentina,ARG,37.0,2003.0,Justicialist [Peronist] Party,PJ,35.4,51.4,132.0,257.0,0.0,-0.416,0.658,0.0
Argentina,ARG,37.0,2001.0,Support for an Egalitarian Republic,ARI,7.4,6.2,16.0,257.0,3.0,-0.836,0.537,1.0
Argentina,ARG,37.0,2003.0,Support for an Egalitarian Republic,ARI,6.1,5.1,13.0,257.0,3.0,-0.606,0.538,0.0
Argentina,ARG,37.0,2005.0,Support for an Egalitarian Republic,ARI,7.8,6.2,16.0,257.0,3.0,-0.605,0.529,0.0
Argentina,ARG,37.0,2007.0,Socialist Party,PS,,3.9,10.0,257.0,3.0,-1.683,0.481,0.0
Argentina,ARG,37.0,2011.0,Socialist Party,PS,,,,,,,,
Argentina,ARG,37.0,1983.0,Radical Civic Union,UCR,48.8,50.8,129.0,254.0,0.0,-0.505,0.574,0.0
Argentina,ARG,37.0,1985.0,Radical Civic Union,UCR,43.6,51.2,130.0,254.0,0.0,-0.625,0.545,0.0
Argentina,ARG,37.0,1987.0,Radical Civic Union,UCR,38.6,46.1,117.0,254.0,0.0,-0.369,0.517,0.0
Argentina,ARG,37.0,1989.0,Radical Civic Union,UCR,28.8,35.4,90.0,254.0,3.0,-0.144,0.421,0.0
Argentina,ARG,37.0,1991.0,Radical Civic Union,UCR,29.0,32.7,84.0,257.0,3.0,0.046,0.334,0.0
Argentina,ARG,37.0,1993.0,Radical Civic Union,UCR,30.2,32.7,84.0,257.0,3.0,0.026,0.344,0.0
Argentina,ARG,37.0,1995.0,Radical Civic Union,UCR,21.7,32.7,84.0,257.0,3.0,0.026,0.315,0.0
Argentina,ARG,37.0,1997.0,Radical Civic Union,UCR,,25.7,66.0,257.0,3.0,-0.09,0.371,0.0
Argentina,ARG,37.0,1999.0,Radical Civic Union,UCR,,31.9,82.0,257.0,0.0,0.257,0.33,0.0
Argentina,ARG,37.0,2001.0,Radical Civic Union,UCR,6.5,25.3,65.0,257.0,0.0,0.262,0.288,0.0
Argentina,ARG,37.0,2003.0,Radical Civic Union,UCR,13.6,22.2,57.0,257.0,3.0,0.039,0.338,0.0
Argentina,ARG,37.0,2005.0,Radical Civic Union,UCR,10.2,16.3,42.0,257.0,3.0,0.032,0.356,0.0
Argentina,ARG,37.0,2007.0,Radical Civic Union,UCR,,9.3,24.0,257.0,3.0,0.039,0.354,0.0
Argentina,ARG,37.0,2009.0,Radical Civic Union,UCR,,16.7,43.0,257.0,3.0,0.175,0.351,0.0
Argentina,ARG,37.0,2011.0,Radical Civic Union,UCR,,16.3,42.0,257.0,3.0,0.185,0.351,0.0
Argentina,ARG,37.0,2015.0,Radical Civic Union,UCR,,14.0,36.0,257.0,1.0,0.483,0.266,0.0
Argentina,ARG,37.0,2017.0,Radical Civic Union,UCR,,15.6,40.0,257.0,1.0,0.581,0.245,0.0
Argentina,ARG,37.0,2019.0,Radical Civic Union,UCR,,18.3,47.0,257.0,3.0,0.587,0.233,0.0
Argentina,ARG,37.0,2005.0,Republican Proposal,PRO,7.4,6.2,16.0,257.0,3.0,1.661,0.176,1.0
Argentina,ARG,37.0,2009.0,Republican Proposal,PRO,,4.3,11.0,257.0,3.0,1.519,0.139,2.0
Argentina,ARG,37.0,2011.0,Republican Proposal,PRO,,4.3,11.0,257.0,3.0,1.535,0.139,0.0
Argentina,ARG,37.0,2013.0,Republican Proposal,PRO,7.7,7.0,18.0,257.0,3.0,1.535,0.138,0.0
Argentina,ARG,37.0,2015.0,Republican Proposal,PRO,,10.9,28.0,257.0,0.0,1.427,0.148,0.0
Argentina,ARG,37.0,2017.0,Republican Proposal,PRO,,21.4,55.0,257.0,0.0,1.418,0.145,0.0
Argentina,ARG,37.0,2019.0,Republican Proposal,PRO,,19.8,51.0,257.0,3.0,1.401,0.186,0.0
Argentina,ARG,37.0,2005.0,Front for Victory,FPV-PJ,44.7,53.3,137.0,257.0,0.0,-1.541,0.791,0.0
Argentina,ARG,37.0,2007.0,Front for Victory,FPV-PJ,,50.2,129.0,257.0,0.0,-1.659,0.803,0.0
Argentina,ARG,37.0,2009.0,Front for Victory,FPV-PJ,,45.1,116.0,257.0,0.0,-1.664,0.871,0.0
Argentina,ARG,37.0,2011.0,Front for Victory,FPV-PJ,,45.1,116.0,257.0,0.0,-1.686,0.871,0.0
Argentina,ARG,37.0,2013.0,Front for Victory,FPV-PJ,30.7,50.2,129.0,257.0,0.0,-1.663,0.872,0.0
Argentina,ARG,37.0,2015.0,Front for Victory,FPV-PJ,37.6,45.9,118.0,257.0,3.0,-1.659,0.848,0.0
Argentina,ARG,37.0,1987.0,Union of the Democratic Centre,UCD,6.0,2.8,7.0,254.0,3.0,2.463,0.08,0.0
Argentina,ARG,37.0,1989.0,Union of the Democratic Centre,UCD,9.5,4.3,11.0,254.0,3.0,2.463,0.081,0.0
Argentina,ARG,37.0,1991.0,Union of the Democratic Centre,UCD,5.2,3.9,10.0,257.0,1.0,2.365,0.045,0.0
Argentina,ARG,37.0,1985.0,Intransigent Party,PI,6.1,2.4,6.0,254.0,3.0,-1.479,0.605,0.0
Argentina,ARG,37.0,1987.0,Intransigent Party,PI,2.1,2.0,5.0,254.0,3.0,-1.494,0.605,0.0
Argentina,ARG,37.0,2011.0,Popular Union,UP,,,,,,,,
Argentina,ARG,37.0,1995.0,Front for a Country in Solidarity,FREPASO,20.7,8.6,22.0,257.0,3.0,-1.199,0.611,1.0
Argentina,ARG,37.0,1997.0,Front for a Country in Solidarity,FREPASO,,14.8,38.0,257.0,3.0,-1.2,0.598,0.0
Argentina,ARG,37.0,1999.0,Front for a Country in Solidarity,FREPASO,,14.4,37.0,257.0,1.0,-0.876,0.526,0.0
Argentina,ARG,37.0,2001.0,Front for a Country in Solidarity,FREPASO,,5.8,15.0,257.0,1.0,-0.98,0.534,0.0
Argentina,ARG,37.0,1999.0,Action for the Republic,AR,8.1,4.3,11.0,257.0,3.0,2.243,0.136,1.0
Argentina,ARG,37.0,1997.0,"Aliance for Work, Justice, and Education",ALIANZA,36.4,,,,,,,
Argentina,ARG,37.0,1999.0,"Aliance for Work, Justice, and Education",ALIANZA,43.8,,,,,,,
Argentina,ARG,37.0,2001.0,"Aliance for Work, Justice, and Education",ALIANZA,16.1,,,,,,,
Argentina,ARG,37.0,2007.0,Civic Coalition ARI,CC,,7.0,18.0,257.0,3.0,-0.253,0.468,2.0
Argentina,ARG,37.0,2009.0,Civic Coalition ARI,CC,,7.4,19.0,257.0,3.0,-0.032,0.452,0.0
Argentina,ARG,37.0,2015.0,Civic Coalition ARI,CC,,1.2,3.0,257.0,1.0,0.452,0.372,0.0
Argentina,ARG,37.0,2017.0,Civic Coalition ARI,CC,,3.9,10.0,257.0,1.0,0.452,0.346,0.0
Argentina,ARG,37.0,2019.0,Civic Coalition ARI,CC,,5.8,15.0,257.0,3.0,0.452,0.403,0.0
Argentina,ARG,37.0,2013.0,Renewal Front,RF,17.5,7.4,19.0,257.0,3.0,0.376,0.363,1.0
Argentina,ARG,37.0,2015.0,Renewal Front,RF,,6.6,17.0,257.0,3.0,0.376,0.407,0.0
Argentina,ARG,37.0,2017.0,Renewal Front,RF,,6.6,17.0,257.0,3.0,0.369,0.43,0.0
Argentina,ARG,37.0,2019.0,Renewal Front,RF,,3.9,10.0,257.0,1.0,0.194,0.516,0.0
Argentina,ARG,37.0,2013.0,"Progressive, Civic and Social Front",FPCyS,25.2,21.0,54.0,257.0,3.0,-0.692,0.461,2.0
Argentina,ARG,37.0,2011.0,Federal Peronism / Dissident Peronism,PF-PJ,,8.2,21.0,257.0,3.0,0.447,0.375,2.0
Argentina,ARG,37.0,2015.0,Let’s change,C,32.0,,,,,,,
Argentina,ARG,37.0,2017.0,Let’s change,C,41.8,,,,,,,
Argentina,ARG,37.0,2019.0,Let’s change,C,40.1,,,,,,,
Argentina,ARG,37.0,2017.0,Citizen's Unity,CU,19.9,26.8,69.0,257.0,3.0,-1.662,0.67,2.0
Argentina,ARG,37.0,2017.0,1País,1P,5.7,,,,,,,
Argentina,ARG,37.0,2007.0,Concertation Party,FORJA,,3.9,10.0,257.0,1.0,-0.829,0.456,1.0
Argentina,ARG,37.0,2011.0,Generation for a National Encounter,GEN,,,,,,,,
Argentina,ARG,37.0,2017.0,Frente Justicialista-Justicialist [Peronist] Party,FP-PJ,11.0,12.1,31.0,257.0,3.0,-0.101,0.479,2.0
Argentina,ARG,37.0,2019.0,Frente Justicialista-Justicialist [Peronist] Party,FP-PJ,,35.4,91.0,257.0,0.0,-0.465,0.642,0.0
Argentina,ARG,37.0,2019.0,Federal Consensus,CF,5.9,4.3,11.0,257.0,3.0,0.073,0.329,1.0
Argentina,ARG,37.0,2015.0,alliance: United for a New Alternative,United for a...,19.5,,,,,,,
Argentina,ARG,37.0,2011.0,alliance: Frente Amplio Progresista,Frente Ampli...,,8.6,22.0,257.0,3.0,-1.268,0.492,1.0
Argentina,ARG,37.0,2019.0,alliance: Frente de Todos,Frente de Todos,45.5,,,,,,,
Ethiopia,ETH,38.0,1994.0,Ethiopian People's Revolutionary Democratic Front,EPRDF,,88.5,484.0,547.0,0.0,-1.103,0.685,1.0
Ethiopia,ETH,38.0,1995.0,Ethiopian People's Revolutionary Democratic Front,EPRDF,,89.9,483.0,537.0,0.0,-1.301,0.685,1.0
Ethiopia,ETH,38.0,2000.0,Ethiopian People's Revolutionary Democratic Front,EPRDF,,87.9,481.0,547.0,1.0,,0.685,
Ethiopia,ETH,38.0,2005.0,Ethiopian People's Revolutionary Democratic Front,EPRDF,,59.9,327.0,546.0,0.0,-1.108,0.788,1.0
Ethiopia,ETH,38.0,2010.0,Ethiopian People's Revolutionary Democratic Front,EPRDF,,91.2,499.0,547.0,0.0,-1.356,0.782,1.0
Ethiopia,ETH,38.0,2015.0,Ethiopian People's Revolutionary Democratic Front,EPRDF,,91.4,500.0,547.0,0.0,-1.356,0.783,0.0
Ethiopia,ETH,38.0,2005.0,Coalition for Unity and Democracy,CUD | CDU,,20.0,109.0,546.0,3.0,0.272,0.421,1.0
Ethiopia,ETH,38.0,2005.0,United Ethiopian Democratic Forces,UEDF,,9.5,52.0,546.0,3.0,-0.021,0.353,0.0
Ethiopia,ETH,38.0,1987.0,Workers Party of Ethiopia,WPE,,100.0,835.0,835.0,0.0,-2.185,0.775,0.0
India,IND,39.0,2009.0,Dravidian Progress Federation,DMK,,3.3,18.0,545.0,1.0,-0.659,0.693,0.0
India,IND,39.0,1984.0,Indian People's Party,BJP,7.4,0.6,3.0,542.0,3.0,1.848,0.526,0.0
India,IND,39.0,1989.0,Indian People's Party,BJP,11.9,15.8,86.0,543.0,2.0,1.848,0.565,0.0
India,IND,39.0,1991.0,Indian People's Party,BJP,20.1,22.1,120.0,543.0,3.0,1.848,0.566,0.0
India,IND,39.0,1996.0,Indian People's Party,BJP,20.3,29.7,161.0,543.0,3.0,1.848,0.561,0.0
India,IND,39.0,1998.0,Indian People's Party,BJP,25.5,33.5,182.0,543.0,0.0,1.848,0.561,0.0
India,IND,39.0,1999.0,Indian People's Party,BJP,23.8,33.5,182.0,543.0,0.0,1.848,0.561,0.0
India,IND,39.0,2004.0,Indian People's Party,BJP,22.2,25.2,137.0,543.0,3.0,1.848,0.54,0.0
India,IND,39.0,2009.0,Indian People's Party,BJP,,21.3,116.0,545.0,3.0,1.996,0.535,0.0
India,IND,39.0,2014.0,Indian People's Party,BJP,,51.9,282.0,543.0,0.0,2.119,0.548,0.0
India,IND,39.0,2019.0,Indian People's Party,BJP,37.4,55.8,303.0,543.0,0.0,2.119,0.553,0.0
India,IND,39.0,1980.0,Communist Party of India (Marxist),CPI(M),6.1,6.6,36.0,542.0,3.0,-2.933,0.9,0.0
India,IND,39.0,1984.0,Communist Party of India (Marxist),CPI(M),5.7,4.1,22.0,542.0,3.0,-2.732,0.898,0.0
India,IND,39.0,1989.0,Communist Party of India (Marxist),CPI(M),6.6,6.1,33.0,543.0,2.0,-2.732,0.898,0.0
India,IND,39.0,1991.0,Communist Party of India (Marxist),CPI(M),6.2,6.4,35.0,543.0,3.0,-2.732,0.923,0.0
India,IND,39.0,1996.0,Communist Party of India (Marxist),CPI(M),6.1,5.9,32.0,543.0,2.0,-2.732,0.923,0.0
India,IND,39.0,1998.0,Communist Party of India (Marxist),CPI(M),5.2,5.9,32.0,543.0,3.0,-2.513,0.918,0.0
India,IND,39.0,1999.0,Communist Party of India (Marxist),CPI(M),5.4,6.1,33.0,543.0,3.0,-2.797,0.901,0.0
India,IND,39.0,2004.0,Communist Party of India (Marxist),CPI(M),5.7,7.9,43.0,543.0,2.0,-2.321,0.878,0.0
India,IND,39.0,2009.0,Communist Party of India (Marxist),CPI(M),,2.9,16.0,545.0,3.0,-2.251,0.878,0.0
India,IND,39.0,1996.0,Bahujan Samaj Party,BSP,4.0,2.0,11.0,543.0,3.0,-0.312,0.911,0.0
India,IND,39.0,2004.0,Bahujan Samaj Party,BSP,5.3,3.3,18.0,543.0,2.0,-0.267,0.797,0.0
India,IND,39.0,2009.0,Bahujan Samaj Party,BSP,,3.9,21.0,545.0,2.0,-0.267,0.762,0.0
India,IND,39.0,1989.0,Janata Dal,JD,17.7,26.2,142.0,543.0,0.0,0.34,0.648,0.0
India,IND,39.0,1991.0,Janata Dal,JD,11.8,10.9,59.0,543.0,3.0,0.21,0.648,0.0
India,IND,39.0,1996.0,Janata Dal,JD,8.1,8.5,46.0,543.0,0.0,0.21,0.64,0.0
India,IND,39.0,1980.0,Indian National Congress,INC,42.7,65.1,353.0,542.0,0.0,-0.147,0.492,0.0
India,IND,39.0,1984.0,Indian National Congress,INC,48.0,76.6,415.0,542.0,0.0,-0.147,0.487,0.0
India,IND,39.0,1989.0,Indian National Congress,INC,40.6,36.3,197.0,543.0,3.0,-0.147,0.507,0.0
India,IND,39.0,1991.0,Indian National Congress,INC,36.5,42.7,232.0,543.0,0.0,0.004,0.494,0.0
India,IND,39.0,1996.0,Indian National Congress,INC,28.8,25.8,140.0,543.0,2.0,-0.106,0.482,0.0
India,IND,39.0,1998.0,Indian National Congress,INC,25.9,26.0,141.0,543.0,3.0,-0.106,0.482,0.0
India,IND,39.0,1999.0,Indian National Congress,INC,28.3,21.0,114.0,543.0,3.0,-0.106,0.482,0.0
India,IND,39.0,2004.0,Indian National Congress,INC,26.5,26.9,146.0,543.0,0.0,-0.644,0.488,0.0
India,IND,39.0,2009.0,Indian National Congress,INC,,37.8,206.0,545.0,0.0,-0.432,0.481,0.0
India,IND,39.0,2014.0,Indian National Congress,INC,,8.1,44.0,543.0,3.0,-0.432,0.485,0.0
India,IND,39.0,2019.0,Indian National Congress,INC,19.5,9.6,52.0,543.0,3.0,-0.432,0.466,0.0
India,IND,39.0,2014.0,All India Anna Dravidian Progress Federation,AIADMK,,6.8,37.0,543.0,3.0,0.27,0.629,0.0
India,IND,39.0,1998.0,Socialist Party,SP,4.9,3.7,20.0,543.0,3.0,-0.477,0.671,0.0
India,IND,39.0,2004.0,Socialist Party,SP,4.3,6.8,37.0,543.0,2.0,-0.491,0.665,0.0
India,IND,39.0,2009.0,Socialist Party,SP,,4.0,22.0,545.0,2.0,-0.491,0.635,0.0
India,IND,39.0,1999.0,Telugu Desam Party,TDP,3.7,5.3,29.0,543.0,1.0,0.06,0.626,0.0
India,IND,39.0,2014.0,All India Trinamool Congress,AITMC,,6.3,34.0,543.0,3.0,-0.456,0.717,0.0
India,IND,39.0,2009.0,Janata Dal (United),JD(U),,3.7,20.0,545.0,3.0,0.103,0.645,0.0
India,IND,39.0,1984.0,independent,indep,8.1,0.9,5.0,542.0,,,,
India,IND,39.0,1989.0,independent,indep,5.2,2.2,12.0,543.0,,,,
India,IND,39.0,1996.0,independent,indep,6.3,1.7,9.0,543.0,,,,
India,IND,39.0,1980.0,Janata Party,JNP,19.0,5.7,31.0,542.0,3.0,1.051,0.63,0.0
India,IND,39.0,1984.0,Janata Party,JNP,6.7,1.8,10.0,542.0,3.0,1.051,0.63,0.0
India,IND,39.0,1980.0,Janta Party (Secular),JP,9.4,7.6,41.0,542.0,3.0,0.811,0.666,0.0
India,IND,39.0,1984.0,Janta Party (Secular),JP,5.7,0.4,2.0,542.0,3.0,0.811,0.646,0.0
Kenya,KEN,40.0,1983.0,Kenya African National Union,KANU,98.1,100.0,171.0,171.0,0.0,1.379,0.155,0.0
Kenya,KEN,40.0,1988.0,Kenya African National Union,KANU,100.0,100.0,202.0,202.0,0.0,1.379,0.155,0.0
Kenya,KEN,40.0,1992.0,Kenya African National Union,KANU,,53.2,100.0,188.0,0.0,1.725,0.155,0.0
Kenya,KEN,40.0,1997.0,Kenya African National Union,KANU,,51.0,107.0,210.0,0.0,1.725,0.155,0.0
Kenya,KEN,40.0,2002.0,Kenya African National Union,KANU,30.5,30.5,64.0,210.0,3.0,1.725,0.155,0.0
Kenya,KEN,40.0,2007.0,Kenya African National Union,KANU,6.4,7.1,15.0,210.0,3.0,1.725,0.155,0.0
Kenya,KEN,40.0,2017.0,Kenya African National Union,KANU,,2.9,10.0,348.0,2.0,1.661,0.148,0.0
Kenya,KEN,40.0,2007.0,Party of National Unity,PNU,20.9,20.5,43.0,210.0,0.0,1.317,0.241,0.0
Kenya,KEN,40.0,2007.0,Orange Democratic Movement,ODM,30.8,47.1,99.0,210.0,1.0,1.023,0.245,0.0
Kenya,KEN,40.0,2013.0,Orange Democratic Movement,ODM,,33.1,96.0,290.0,2.0,1.023,0.245,0.0
Kenya,KEN,40.0,2017.0,Orange Democratic Movement,ODM,,21.8,76.0,348.0,3.0,1.023,0.238,0.0
Kenya,KEN,40.0,2007.0,Wiper Democratic Movement – Kenya,WDM-K,6.6,7.6,16.0,210.0,2.0,1.326,0.237,0.0
Kenya,KEN,40.0,2013.0,Wiper Democratic Movement – Kenya,WDM-K,,9.0,26.0,290.0,2.0,1.326,0.237,0.0
Kenya,KEN,40.0,2017.0,Wiper Democratic Movement – Kenya,WDM-K,,6.6,23.0,348.0,2.0,1.461,0.225,0.0
Kenya,KEN,40.0,2017.0,independent,indep,,4.0,14.0,348.0,,,,
Kenya,KEN,40.0,2013.0,United Republican Party,URP,,25.9,75.0,290.0,2.0,1.334,0.236,0.0
Kenya,KEN,40.0,2007.0,Safina,S,,2.4,5.0,210.0,2.0,-0.403,0.237,0.0
Kenya,KEN,40.0,1992.0,Democratic Party,DP,,12.2,23.0,188.0,3.0,0.952,0.148,1.0
Kenya,KEN,40.0,1997.0,Democratic Party,DP,,18.6,39.0,210.0,3.0,0.952,0.148,0.0
Kenya,KEN,40.0,2002.0,Democratic Party,DP,,18.6,39.0,210.0,0.0,0.952,0.148,0.0
Kenya,KEN,40.0,2007.0,Democratic Party,DP,,1.0,2.0,210.0,2.0,0.952,0.147,0.0
Kenya,KEN,40.0,1992.0,Forum for the Restoration of Democracy-Asili,FORD-A,,16.5,31.0,188.0,3.0,-1.324,0.417,0.0
Kenya,KEN,40.0,2007.0,Forum for the Restoration of Democracy-Asili,FORD-A,,0.5,1.0,210.0,2.0,-1.289,0.33,0.0
Kenya,KEN,40.0,1992.0,Forum for the Restoration of Democracy-Kenya,FORD-K,,16.5,31.0,188.0,3.0,-0.288,0.369,0.0
Kenya,KEN,40.0,1997.0,Forum for the Restoration of Democracy-Kenya,FORD-K,,8.1,17.0,210.0,3.0,-0.288,0.369,0.0
Kenya,KEN,40.0,2002.0,Forum for the Restoration of Democracy-Kenya,FORD-K,,10.0,21.0,210.0,1.0,-0.288,0.333,0.0
Kenya,KEN,40.0,2007.0,Forum for the Restoration of Democracy-Kenya,FORD-K,,0.5,1.0,210.0,2.0,-0.288,0.307,0.0
Kenya,KEN,40.0,2017.0,Forum for the Restoration of Democracy-Kenya,FORD-K,,3.4,12.0,348.0,3.0,1.131,0.259,0.0
Kenya,KEN,40.0,2013.0,The National Alliance,TNA,,27.2,79.0,290.0,0.0,1.314,0.243,0.0
Kenya,KEN,40.0,2002.0,Liberal Democratic Party,LDP,,28.1,59.0,210.0,1.0,1.158,0.26,0.0
Kenya,KEN,40.0,2002.0,National Rainbow Coalition,NARC,61.0,,,,,,,
Kenya,KEN,40.0,1997.0,National Development Party Kenya,NDP,,10.0,21.0,210.0,3.0,0.881,0.149,0.0
Kenya,KEN,40.0,2017.0,Jubilee Party,JP,,49.1,171.0,348.0,0.0,1.676,0.158,0.0
Kenya,KEN,40.0,2017.0,Amani National Congress,ANC,,4.0,14.0,348.0,3.0,1.143,0.266,1.0
Kenya,KEN,40.0,2002.0,National Party of Kenya,NPK,,2.9,6.0,210.0,1.0,1.137,0.264,0.0
Kenya,KEN,40.0,2007.0,National Rainbow Coalition – Kenya,NARC-K,,1.9,4.0,210.0,2.0,1.119,0.257,0.0
Kenya,KEN,40.0,2002.0,Forum for the Restoration of Democracy – People,FORD-P,6.7,6.7,14.0,210.0,3.0,-0.3,0.337,0.0
Kenya,KEN,40.0,2007.0,Forum for the Restoration of Democracy – People,FORD-P,,1.4,3.0,210.0,3.0,-0.3,0.266,0.0
Kenya,KEN,40.0,2007.0,New Forum for the Restoration of Democracy–Kenya,NFK,,1.0,2.0,210.0,3.0,0.634,0.331,1.0
Kenya,KEN,40.0,2007.0,alliance: Party of National Unity [PNU] & Allies,Party of Nat...,,,,,,,,
North Korea,PRK,41.0,1982.0,Democratic Front for the Reunification of the Fatherland / North Korean Fatherland United Democratic Front,DFRF,100.0,100.0,615.0,615.0,0.0,-3.283,0.082,0.0
North Korea,PRK,41.0,1986.0,Democratic Front for the Reunification of the Fatherland / North Korean Fatherland United Democratic Front,DFRF,100.0,100.0,615.0,615.0,0.0,-3.283,0.082,0.0
North Korea,PRK,41.0,1990.0,Democratic Front for the Reunification of the Fatherland / North Korean Fatherland United Democratic Front,DFRF,100.0,100.0,687.0,687.0,0.0,-3.283,0.082,0.0
North Korea,PRK,41.0,1998.0,Democratic Front for the Reunification of the Fatherland / North Korean Fatherland United Democratic Front,DFRF,100.0,100.0,687.0,687.0,0.0,-3.283,0.134,0.0
North Korea,PRK,41.0,2003.0,Democratic Front for the Reunification of the Fatherland / North Korean Fatherland United Democratic Front,DFRF,100.0,100.0,687.0,687.0,0.0,-3.284,0.136,0.0
North Korea,PRK,41.0,2009.0,Democratic Front for the Reunification of the Fatherland / North Korean Fatherland United Democratic Front,DFRF,100.0,100.0,687.0,687.0,0.0,-3.278,0.187,0.0
North Korea,PRK,41.0,2014.0,Democratic Front for the Reunification of the Fatherland / North Korean Fatherland United Democratic Front,DFRF,100.0,100.0,687.0,687.0,0.0,-3.278,0.188,0.0
North Korea,PRK,41.0,2019.0,Democratic Front for the Reunification of the Fatherland / North Korean Fatherland United Democratic Front,DFRF,,100.0,687.0,687.0,0.0,-3.263,0.186,0.0
South Korea,KOR,42.0,1992.0,Democratic Liberal Party / New Korea Party,MK/SH,38.5,49.8,149.0,299.0,0.0,2.086,0.072,1.0
South Korea,KOR,42.0,1996.0,Democratic Liberal Party / New Korea Party,MK/SH,34.5,46.5,139.0,299.0,0.0,2.086,0.072,0.0
South Korea,KOR,42.0,1996.0,National Congress for New Politics / Democratic Party,NCNP,25.3,26.4,79.0,299.0,3.0,0.327,0.378,2.0
South Korea,KOR,42.0,2008.0,[United] Democratic Party,MD,25.1,27.1,81.0,299.0,3.0,-0.997,0.451,2.0
South Korea,KOR,42.0,2012.0,[United] Democratic Party,MD,36.5,42.3,127.0,300.0,3.0,-1.185,0.451,0.0
South Korea,KOR,42.0,2008.0,Liberty Forward Party / Advancement Unification Party,LFP / AUP,6.8,6.0,18.0,299.0,3.0,2.064,0.133,1.0
South Korea,KOR,42.0,2000.0,New World Party -- The Grand National Party,HD-SD,39.0,48.7,133.0,273.0,3.0,2.262,0.071,2.0
South Korea,KOR,42.0,2004.0,New World Party -- The Grand National Party,HD-SD,35.8,40.5,121.0,299.0,3.0,2.262,0.071,0.0
South Korea,KOR,42.0,2008.0,New World Party -- The Grand National Party,HD-SD,37.4,51.2,153.0,299.0,0.0,2.262,0.071,0.0
South Korea,KOR,42.0,2012.0,New World Party -- The Grand National Party,HD-SD,42.8,50.7,152.0,300.0,0.0,2.262,0.071,2.0
South Korea,KOR,42.0,2004.0,Our Party,Uri,38.3,50.8,152.0,299.0,0.0,-1.01,0.508,1.0
South Korea,KOR,42.0,2012.0,United Progressive Party,UPP,10.3,4.3,13.0,300.0,3.0,-2.604,0.817,1.0
South Korea,KOR,42.0,1996.0,United Liberal Party,ULD,16.2,16.7,50.0,299.0,3.0,1.504,0.135,1.0
South Korea,KOR,42.0,2000.0,United Liberal Party,ULD,9.8,6.2,17.0,273.0,3.0,1.504,0.135,0.0
South Korea,KOR,42.0,2004.0,Democratic Labour Party,DLP,13.0,3.3,10.0,299.0,3.0,-2.571,0.839,2.0
South Korea,KOR,42.0,2008.0,Democratic Labour Party,DLP,5.7,1.7,5.0,299.0,3.0,-2.571,0.839,0.0
South Korea,KOR,42.0,1992.0,Democratic Party,DP,29.2,32.4,97.0,299.0,3.0,-0.273,0.413,2.0
South Korea,KOR,42.0,1996.0,Democratic Party,DP,11.2,5.0,15.0,299.0,3.0,-0.273,0.446,0.0
South Korea,KOR,42.0,2000.0,Millenium Democratic Party,MDP,35.9,42.1,115.0,273.0,0.0,-0.488,0.415,2.0
South Korea,KOR,42.0,2004.0,Millenium Democratic Party,MDP,7.1,3.0,9.0,299.0,3.0,-0.74,0.415,0.0
South Korea,KOR,42.0,1992.0,National Unification Party,NUP,17.4,10.4,31.0,299.0,3.0,1.461,0.172,1.0
South Korea,KOR,42.0,1981.0,Democratic Justice Party,DJP,35.6,54.9,150.0,273.0,0.0,1.127,0.16,1.0
South Korea,KOR,42.0,1985.0,Democratic Justice Party,DJP,35.2,53.6,148.0,276.0,0.0,1.127,0.16,0.0
South Korea,KOR,42.0,1988.0,Democratic Justice Party,DJP,34.0,41.8,125.0,299.0,0.0,1.812,0.16,0.0
South Korea,KOR,42.0,1981.0,Democratic Korean Party,DKP,21.6,29.3,80.0,273.0,3.0,1.15,0.259,1.0
South Korea,KOR,42.0,1985.0,Democratic Korean Party,DKP,19.7,12.7,35.0,276.0,3.0,1.15,0.26,0.0
South Korea,KOR,42.0,1988.0,Party for Peace and Democracy,PPD,19.3,23.4,70.0,299.0,3.0,0.501,0.383,1.0
South Korea,KOR,42.0,1985.0,New Korea Democratic Party,SM,29.3,24.6,68.0,276.0,3.0,1.083,0.378,1.0
South Korea,KOR,42.0,1981.0,Korea National Party,HGD,13.3,8.8,24.0,273.0,3.0,1.138,0.165,1.0
South Korea,KOR,42.0,1985.0,Korea National Party,HGD,9.1,9.1,25.0,276.0,3.0,1.138,0.162,0.0
South Korea,KOR,42.0,1988.0,New Democratic Republican Party,NDRP,15.6,11.7,35.0,299.0,3.0,1.685,0.216,1.0
South Korea,KOR,42.0,1988.0,Party for Unification and Democracy / Reunification Democratic Party,RDP,23.8,19.7,59.0,299.0,3.0,1.089,0.382,1.0
South Korea,KOR,42.0,1981.0,Civil Rule Party / Civil Rights Party,CRP,6.7,0.7,2.0,273.0,3.0,1.161,0.267,1.0
South Korea,KOR,42.0,2016.0,Justice Party,JP,8.2,2.0,6.0,300.0,3.0,-2.578,0.845,1.0
South Korea,KOR,42.0,2016.0,Democratic Party / Minjoo Party of Korea,DPK,24.8,41.0,123.0,300.0,3.0,-0.631,0.526,2.0
South Korea,KOR,42.0,2016.0,People's Party,PP,25.8,12.7,38.0,300.0,3.0,0.14,0.361,1.0
South Korea,KOR,42.0,2016.0,Liberty Korea Party,LKP,33.5,40.7,122.0,300.0,0.0,2.279,0.067,2.0
Kosovo,XKX,43.0,2001.0,Democratic Party of Kosovo,PDK,25.7,30.0,30.0,100.0,0.0,0.305,0.559,1.0
Kosovo,XKX,43.0,2004.0,Democratic Party of Kosovo,PDK,28.9,30.0,30.0,100.0,3.0,0.305,0.583,0.0
Kosovo,XKX,43.0,2007.0,Democratic Party of Kosovo,PDK,34.3,37.0,37.0,100.0,0.0,-0.037,0.463,0.0
Kosovo,XKX,43.0,2010.0,Democratic Party of Kosovo,PDK,32.1,34.0,34.0,100.0,0.0,-0.037,0.301,0.0
Kosovo,XKX,43.0,2014.0,Democratic Party of Kosovo,PDK,,,,,,,,
Kosovo,XKX,43.0,2017.0,Democratic Party of Kosovo,PDK,,19.2,23.0,120.0,1.0,-0.037,0.142,0.0
Kosovo,XKX,43.0,2019.0,Democratic Party of Kosovo,PDK,21.2,20.0,24.0,120.0,3.0,-0.037,0.143,0.0
Kosovo,XKX,43.0,2001.0,Democratic League of Kosovo,LDK,45.7,47.0,47.0,100.0,1.0,0.996,0.141,1.0
Kosovo,XKX,43.0,2004.0,Democratic League of Kosovo,LDK,45.4,47.0,47.0,100.0,1.0,0.996,0.129,0.0
Kosovo,XKX,43.0,2007.0,Democratic League of Kosovo,LDK,22.6,25.0,25.0,100.0,1.0,0.996,0.138,0.0
Kosovo,XKX,43.0,2010.0,Democratic League of Kosovo,LDK,24.7,27.0,27.0,100.0,1.0,0.996,0.138,0.0
Kosovo,XKX,43.0,2014.0,Democratic League of Kosovo,LDK,25.2,25.0,30.0,120.0,0.0,0.996,0.132,0.0
Kosovo,XKX,43.0,2017.0,Democratic League of Kosovo,LDK,,19.2,23.0,120.0,3.0,0.996,0.189,0.0
Kosovo,XKX,43.0,2019.0,Democratic League of Kosovo,LDK,24.6,23.3,28.0,120.0,1.0,0.996,0.189,0.0
Kosovo,XKX,43.0,2010.0,Self-determination,VV!,12.7,14.0,14.0,100.0,3.0,-2.079,0.918,1.0
Kosovo,XKX,43.0,2014.0,Self-determination,VV!,13.6,13.3,16.0,120.0,3.0,-2.079,0.916,0.0
Kosovo,XKX,43.0,2017.0,Self-determination,VV!,27.5,26.7,32.0,120.0,3.0,-2.079,0.916,0.0
Kosovo,XKX,43.0,2019.0,Self-determination,VV!,26.3,24.2,29.0,120.0,0.0,-2.079,0.835,0.0
Kosovo,XKX,43.0,2001.0,Alliance for the Future of Kosovo,AAK,7.8,8.0,8.0,100.0,1.0,0.981,0.329,1.0
Kosovo,XKX,43.0,2004.0,Alliance for the Future of Kosovo,AAK,8.4,9.0,9.0,100.0,0.0,0.981,0.318,0.0
Kosovo,XKX,43.0,2007.0,Alliance for the Future of Kosovo,AAK,9.6,10.0,10.0,100.0,3.0,1.079,0.362,0.0
Kosovo,XKX,43.0,2010.0,Alliance for the Future of Kosovo,AAK,11.0,12.0,12.0,100.0,3.0,0.87,0.342,0.0
Kosovo,XKX,43.0,2014.0,Alliance for the Future of Kosovo,AAK,9.5,9.2,11.0,120.0,3.0,0.87,0.357,0.0
Kosovo,XKX,43.0,2017.0,Alliance for the Future of Kosovo,AAK,,8.3,10.0,120.0,0.0,0.87,0.32,0.0
Kosovo,XKX,43.0,2019.0,Alliance for the Future of Kosovo,AAK,,10.8,13.0,120.0,3.0,1.166,0.3,0.0
Kosovo,XKX,43.0,2004.0,Reformist Party ORA,ORA,6.2,7.0,7.0,100.0,3.0,-0.048,0.145,1.0
Kosovo,XKX,43.0,2007.0,New Kosovo Alliance,AKR,12.3,13.0,13.0,100.0,1.0,1.131,0.149,1.0
Kosovo,XKX,43.0,2010.0,New Kosovo Alliance,AKR,7.3,8.0,8.0,100.0,1.0,1.131,0.145,0.0
Kosovo,XKX,43.0,2017.0,New Kosovo Alliance,AKR,,3.3,4.0,120.0,1.0,0.814,0.14,0.0
Kosovo,XKX,43.0,2019.0,New Kosovo Alliance,AKR,,1.7,2.0,120.0,3.0,0.814,0.137,0.0
Kosovo,XKX,43.0,2007.0,Democratic League of Dardania,LDD,,,,,,,,
Kosovo,XKX,43.0,2014.0,Social Democratic Initiative,NISMA,5.2,5.0,6.0,120.0,3.0,-1.147,0.425,1.0
Kosovo,XKX,43.0,2017.0,Social Democratic Initiative,NISMA,,5.0,6.0,120.0,1.0,-1.147,0.425,0.0
Kosovo,XKX,43.0,2019.0,Social Democratic Initiative,NISMA,,3.3,4.0,120.0,3.0,-1.147,0.349,0.0
Kosovo,XKX,43.0,2014.0,Justice Party,PD,,,,,,,,
Kosovo,XKX,43.0,2019.0,Justice Party,PD,,0.0,0.0,120.0,3.0,1.386,0.442,1.0
Kosovo,XKX,43.0,2014.0,Serbian List,SL,5.2,7.5,9.0,120.0,1.0,-0.192,0.406,1.0
Kosovo,XKX,43.0,2017.0,Serbian List,SL,6.1,7.5,9.0,120.0,1.0,-0.192,0.255,0.0
Kosovo,XKX,43.0,2019.0,Serbian List,SL,6.4,8.3,10.0,120.0,1.0,-0.192,0.247,0.0
Kosovo,XKX,43.0,2019.0,Social Democratic Party,PSD,,0.0,0.0,120.0,,,,
Kosovo,XKX,43.0,2007.0,Albanian Christian Democratic Party of Kosovo,PSHDK,,,,,,,,
Kosovo,XKX,43.0,2014.0,Albanian Christian Democratic Party of Kosovo,PSHDK,,,,,,,,
Kosovo,XKX,43.0,2014.0,Movement for Unification,LB,,,,,,,,
Kosovo,XKX,43.0,2017.0,The Alternative,A,,1.7,2.0,120.0,3.0,0.324,0.06,1.0
Kosovo,XKX,43.0,2017.0,alliance: PANA Coalition,PANA Coalition,,,,,,,,
Kosovo,XKX,43.0,2017.0,technical: Alliance of ethnic minority parties,tech,,,,,,,,
Kosovo,XKX,43.0,2017.0,alliance: LAA Colition,LAA Colition,25.5,,,,,,,
Kosovo,XKX,43.0,2001.0,"alliance: Coalition """"Return""""","Coalition """"R...",11.3,12.0,12.0,100.0,1.0,0.452,0.219,1.0
Kosovo,XKX,43.0,2007.0,alliance: Alliance: LDD-PSHDK,Alliance: LD...,10.0,11.0,11.0,100.0,3.0,0.714,0.238,1.0
Kosovo,XKX,43.0,2014.0,alliance: PDK-PD-LB-PSHDK-PK,PDK-PD-LB-PS...,30.4,30.8,37.0,120.0,1.0,0.51,0.288,1.0
Kosovo,XKX,43.0,2019.0,alliance: 100% Kosovo (AAK–PSD),100% Kosovo ...,11.5,,,,,,,
Kosovo,XKX,43.0,2019.0,alliance: NISMA–AKR–PD,NISMA–AKR–PD,5.0,,,,,,,
Lebanon,LBN,44.0,2005.0,Future Movement,FM,,28.1,36.0,128.0,1.0,0.821,0.615,0.0
Lebanon,LBN,44.0,2009.0,Future Movement,FM,,22.7,29.0,128.0,0.0,0.9,0.568,0.0
Lebanon,LBN,44.0,2005.0,Free Patriotic Movement,FPM,,11.7,15.0,128.0,2.0,0.833,0.665,1.0
Lebanon,LBN,44.0,2009.0,Free Patriotic Movement,FPM,,15.6,20.0,128.0,1.0,0.861,0.504,0.0
Lebanon,LBN,44.0,2018.0,Free Patriotic Movement,FPM,,17.2,22.0,128.0,1.0,1.262,0.513,0.0
Lebanon,LBN,44.0,1992.0,Progressive Socialist Party,PSP,,6.7,8.0,120.0,,,,
Lebanon,LBN,44.0,1996.0,Progressive Socialist Party,PSP,,6.3,8.0,127.0,1.0,-1.441,0.736,0.0
Lebanon,LBN,44.0,2005.0,Progressive Socialist Party,PSP,,12.5,16.0,128.0,1.0,-1.219,0.664,0.0
Lebanon,LBN,44.0,2009.0,Progressive Socialist Party,PSP,,5.5,7.0,128.0,1.0,-1.193,0.666,0.0
Lebanon,LBN,44.0,2018.0,Progressive Socialist Party,PSP,,7.0,9.0,128.0,1.0,-1.204,0.571,0.0
Lebanon,LBN,44.0,2005.0,Lebanese Phalanges Party,Kateab,,4.7,6.0,128.0,1.0,1.506,0.459,0.0
Lebanon,LBN,44.0,2009.0,Lebanese Phalanges Party,Kateab,,3.9,5.0,128.0,1.0,1.157,0.481,0.0
Lebanon,LBN,44.0,2005.0,Amal Movement,Amal,,10.9,14.0,128.0,1.0,1.307,0.422,0.0
Lebanon,LBN,44.0,2009.0,Amal Movement,Amal,,10.2,13.0,128.0,1.0,1.32,0.432,0.0
Lebanon,LBN,44.0,2018.0,Amal Movement,Amal,,11.7,15.0,128.0,1.0,1.333,0.491,0.0
Lebanon,LBN,44.0,2009.0,Marada Movement,Marada,,2.3,3.0,128.0,2.0,1.156,0.369,0.0
Lebanon,LBN,44.0,2005.0,Lebanese Forces,LF,,4.7,6.0,128.0,1.0,1.229,0.585,1.0
Lebanon,LBN,44.0,2009.0,Lebanese Forces,LF,,6.3,8.0,128.0,1.0,0.993,0.588,0.0
Lebanon,LBN,44.0,2018.0,Lebanese Forces,LF,,10.9,14.0,128.0,1.0,1.08,0.612,0.0
Lebanon,LBN,44.0,2005.0,Hezbollah,Hizb,,10.9,14.0,128.0,1.0,1.863,0.886,0.0
Lebanon,LBN,44.0,2009.0,Hezbollah,Hizb,,10.2,13.0,128.0,1.0,2.161,0.907,0.0
Lebanon,LBN,44.0,2018.0,Hezbollah,Hizb,,10.2,13.0,128.0,1.0,2.133,0.878,0.0
Lebanon,LBN,44.0,2000.0,Dignity,AK,,36.0,18.0,50.0,3.0,0.7,0.471,1.0
Lebanon,LBN,44.0,1992.0,Maronite Christians,MC,,28.3,34.0,120.0,1.0,1.479,0.333,2.0
Lebanon,LBN,44.0,1996.0,Greek Orthodox,GO,,11.0,14.0,127.0,1.0,0.467,0.405,2.0
Lebanon,LBN,44.0,1992.0,Sunni Moslem,SUM,,22.5,27.0,120.0,0.0,1.148,0.403,2.0
Lebanon,LBN,44.0,1996.0,Sunni Moslem,SUM,,21.3,27.0,127.0,0.0,1.11,0.351,2.0
Lebanon,LBN,44.0,1992.0,Shia Moslem,SM,,22.5,27.0,120.0,1.0,1.638,0.713,2.0
Lebanon,LBN,44.0,1996.0,Shia Moslem,SM,,21.3,27.0,127.0,1.0,1.514,0.703,2.0
Lebanon,LBN,44.0,2005.0,The March 14 Alliance,M14A,,,,,,,,
Lebanon,LBN,44.0,2009.0,The March 14 Alliance,M14A,,,,,,,,
Lebanon,LBN,44.0,2005.0,The March 8 Alliance,M8A,,,,,,,,
Lebanon,LBN,44.0,2009.0,The March 8 Alliance,M8A,,,,,,,,
Lebanon,LBN,44.0,2000.0,Resistance and Development,RD,,46.0,23.0,50.0,2.0,0.755,0.716,1.0
Lebanon,LBN,44.0,1996.0,Greek Catholics,GC,,6.3,8.0,127.0,1.0,1.219,0.353,2.0
Lebanon,LBN,44.0,2018.0,Azm Movement,AM,,3.1,4.0,128.0,2.0,0.59,0.365,1.0
Lebanon,LBN,44.0,2018.0,Tadamun Party,TP,,3.1,4.0,128.0,3.0,1.023,0.316,0.0
Lebanon,LBN,44.0,1996.0,technical: Christian,tech,,26.8,34.0,127.0,,,,
Lebanon,LBN,44.0,2000.0,unknown: BHC,unknown,,18.0,9.0,50.0,,,,
Nigeria,NGA,45.0,1992.0,Social Democratic Party,SDP,49.4,53.0,314.0,593.0,4.0,-1.361,0.573,1.0
Nigeria,NGA,45.0,1992.0,National Republican Convention,NRC,50.6,46.4,275.0,593.0,4.0,1.118,0.453,1.0
Nigeria,NGA,45.0,1999.0,All Nigeria People's Party,ANPP,31.2,19.9,70.0,351.0,3.0,0.03,0.622,1.0
Nigeria,NGA,45.0,2003.0,All Nigeria People's Party,ANPP,27.4,26.7,96.0,360.0,3.0,0.03,0.697,0.0
Nigeria,NGA,45.0,2007.0,All Nigeria People's Party,ANPP,,17.8,64.0,359.0,3.0,0.018,0.699,0.0
Nigeria,NGA,45.0,2011.0,All Nigeria People's Party,ANPP,,6.4,23.0,359.0,1.0,-0.136,0.653,0.0
Nigeria,NGA,45.0,2007.0,Action Congress of Nigeria,ACN,,8.9,32.0,359.0,3.0,-1.133,0.65,1.0
Nigeria,NGA,45.0,2011.0,Action Congress of Nigeria,ACN,,18.4,66.0,359.0,3.0,-1.133,0.642,0.0
Nigeria,NGA,45.0,1999.0,People's Democratic Party,PDP,56.4,61.3,215.0,351.0,0.0,0.112,0.195,1.0
Nigeria,NGA,45.0,2003.0,People's Democratic Party,PDP,54.5,61.9,223.0,360.0,0.0,1.206,0.193,0.0
Nigeria,NGA,45.0,2007.0,People's Democratic Party,PDP,,71.9,258.0,359.0,0.0,1.197,0.193,0.0
Nigeria,NGA,45.0,2011.0,People's Democratic Party,PDP,,56.3,202.0,359.0,0.0,1.068,0.192,0.0
Nigeria,NGA,45.0,2015.0,People's Democratic Party,PDP,,38.9,140.0,360.0,3.0,1.07,0.196,0.0
Nigeria,NGA,45.0,2019.0,People's Democratic Party,PDP,,31.9,115.0,360.0,3.0,1.069,0.342,0.0
Nigeria,NGA,45.0,1999.0,Alliance for Democracy,AD,12.4,18.8,66.0,351.0,3.0,-1.884,0.639,1.0
Nigeria,NGA,45.0,2003.0,Alliance for Democracy,AD,9.3,9.4,34.0,360.0,3.0,-1.934,0.648,0.0
Nigeria,NGA,45.0,1983.0,National Party of Nigeria,NPN,,58.7,264.0,450.0,0.0,0.356,0.362,0.0
Nigeria,NGA,45.0,1983.0,Nigerian Peoples Party,NPP,,10.7,48.0,450.0,1.0,-0.194,0.657,0.0
Nigeria,NGA,45.0,1983.0,People's Redemption Party,PRP,,9.1,41.0,450.0,3.0,-1.035,0.902,0.0
Nigeria,NGA,45.0,1983.0,Unity Party of Nigeria,UPN,,7.3,33.0,450.0,3.0,-1.985,0.78,0.0
Nigeria,NGA,45.0,2015.0,All Progressives Congress,APC,,58.9,212.0,360.0,0.0,-1.22,0.679,1.0
Nigeria,NGA,45.0,2019.0,All Progressives Congress,APC,,60.3,217.0,360.0,0.0,-1.312,0.649,0.0
Nigeria,NGA,45.0,2011.0,Congress for Progressive Change,CPC,,8.6,31.0,359.0,3.0,-1.818,0.91,1.0
Nigeria,NGA,45.0,1998.0,United Nigeria Congress Party,UNCP,,81.2,229.0,282.0,4.0,0.106,0.531,1.0
Nigeria,NGA,45.0,1998.0,Democratic Party of Nigeria,DPN,,13.8,39.0,282.0,4.0,-0.264,0.532,1.0
Philippines,PHL,46.0,1987.0,Liberal Party,PLP,10.5,8.0,16.0,200.0,1.0,0.955,0.465,2.0
Philippines,PHL,46.0,1992.0,Liberal Party,PLP,,,,,,,,
Philippines,PHL,46.0,1998.0,Liberal Party,PLP,7.3,7.4,15.0,203.0,3.0,0.976,0.552,1.0
Philippines,PHL,46.0,2001.0,Liberal Party,PLP,,9.8,20.0,204.0,1.0,0.976,0.552,0.0
Philippines,PHL,46.0,2004.0,Liberal Party,PLP,,14.5,34.0,234.0,3.0,0.976,0.552,0.0
Philippines,PHL,46.0,2007.0,Liberal Party,PLP,,9.6,23.0,240.0,3.0,0.976,0.606,0.0
Philippines,PHL,46.0,2010.0,Liberal Party,PLP,,19.6,45.0,230.0,0.0,0.976,0.703,0.0
Philippines,PHL,46.0,2013.0,Liberal Party,PLP,38.3,46.6,109.0,234.0,0.0,0.976,0.609,0.0
Philippines,PHL,46.0,2016.0,Liberal Party,PLP,41.7,48.3,115.0,238.0,3.0,0.976,0.524,0.0
Philippines,PHL,46.0,2019.0,Liberal Party,PLP,5.8,7.3,18.0,245.0,3.0,0.917,0.615,0.0
Philippines,PHL,46.0,1992.0,Lakas – Christian Muslim Democrats,Lakas-CMD,22.2,21.4,43.0,201.0,0.0,1.646,0.346,1.0
Philippines,PHL,46.0,1995.0,Lakas – Christian Muslim Democrats,Lakas-CMD,40.7,49.0,100.0,204.0,0.0,1.645,0.343,0.0
Philippines,PHL,46.0,1998.0,Lakas – Christian Muslim Democrats,Lakas-CMD,49.0,54.7,111.0,203.0,3.0,1.645,0.324,0.0
Philippines,PHL,46.0,2001.0,Lakas – Christian Muslim Democrats,Lakas-CMD,,42.6,87.0,204.0,1.0,1.645,0.324,0.0
Philippines,PHL,46.0,2004.0,Lakas – Christian Muslim Democrats,Lakas-CMD,,39.7,93.0,234.0,0.0,1.645,0.326,0.0
Philippines,PHL,46.0,2007.0,Lakas – Christian Muslim Democrats,Lakas-CMD,,37.1,89.0,240.0,0.0,1.645,0.326,0.0
Philippines,PHL,46.0,2010.0,Lakas – Christian Muslim Democrats,Lakas-CMD,,45.7,105.0,230.0,3.0,1.645,0.326,0.0
Philippines,PHL,46.0,2013.0,Lakas – Christian Muslim Democrats,Lakas-CMD,5.3,6.0,14.0,234.0,3.0,1.645,0.326,0.0
Philippines,PHL,46.0,1987.0,Nacionalist Party,PNP,7.2,2.0,4.0,200.0,3.0,2.149,0.212,1.0
Philippines,PHL,46.0,2010.0,Nacionalist Party,PNP,,10.9,25.0,230.0,3.0,2.134,0.156,1.0
Philippines,PHL,46.0,2013.0,Nacionalist Party,PNP,8.6,7.7,18.0,234.0,3.0,2.134,0.227,0.0
Philippines,PHL,46.0,2016.0,Nacionalist Party,PNP,9.4,10.1,24.0,238.0,1.0,2.133,0.227,0.0
Philippines,PHL,46.0,2019.0,Nacionalist Party,PNP,16.3,17.1,42.0,245.0,1.0,1.634,0.227,1.0
Philippines,PHL,46.0,2007.0,Partner of the Free Filipino,KAMPI,,19.2,46.0,240.0,3.0,1.623,0.202,0.0
Philippines,PHL,46.0,1992.0,Nationalist People's Coalition,KMB,18.5,16.9,34.0,201.0,1.0,2.305,0.078,1.0
Philippines,PHL,46.0,1995.0,Nationalist People's Coalition,KMB,12.2,10.8,22.0,204.0,3.0,1.632,0.086,0.0
Philippines,PHL,46.0,2001.0,Nationalist People's Coalition,KMB,,30.4,62.0,204.0,3.0,1.687,0.088,0.0
Philippines,PHL,46.0,2004.0,Nationalist People's Coalition,KMB,,23.1,54.0,234.0,2.0,1.687,0.088,0.0
Philippines,PHL,46.0,2007.0,Nationalist People's Coalition,KMB,,11.7,28.0,240.0,1.0,1.687,0.088,0.0
Philippines,PHL,46.0,2010.0,Nationalist People's Coalition,KMB,,13.5,31.0,230.0,2.0,1.687,0.087,0.0
Philippines,PHL,46.0,2013.0,Nationalist People's Coalition,KMB,17.4,17.9,42.0,234.0,3.0,1.687,0.087,0.0
Philippines,PHL,46.0,2016.0,Nationalist People's Coalition,KMB,17.0,17.6,42.0,238.0,2.0,1.687,0.087,0.0
Philippines,PHL,46.0,2019.0,Nationalist People's Coalition,KMB,14.1,14.7,36.0,245.0,2.0,1.687,0.087,0.0
Philippines,PHL,46.0,1984.0,independent,indep,,3.8,7.0,183.0,,,,
Philippines,PHL,46.0,1987.0,independent,indep,13.3,11.5,23.0,200.0,,,,
Philippines,PHL,46.0,1995.0,independent,indep,7.2,3.4,7.0,204.0,,,,
Philippines,PHL,46.0,2013.0,independent,indep,6.0,2.6,6.0,234.0,,,,
Philippines,PHL,46.0,2019.0,independent,indep,5.1,0.8,2.0,245.0,,,,
Philippines,PHL,46.0,1984.0,New Society Movement,KBL,,61.2,112.0,183.0,0.0,1.076,0.038,0.0
Philippines,PHL,46.0,1987.0,New Society Movement,KBL,4.1,5.5,11.0,200.0,3.0,0.41,0.038,0.0
Philippines,PHL,46.0,1992.0,Fight of Democratic Filipinos,LDP,33.1,42.8,86.0,201.0,2.0,2.168,0.169,0.0
Philippines,PHL,46.0,1995.0,Fight of Democratic Filipinos,LDP,10.8,8.3,17.0,204.0,1.0,1.481,0.168,2.0
Philippines,PHL,46.0,2001.0,Fight of Democratic Filipinos,LDP,,8.8,18.0,204.0,3.0,1.474,0.17,2.0
Philippines,PHL,46.0,2004.0,Fight of Democratic Filipinos,LDP,,4.7,11.0,234.0,3.0,0.964,0.17,0.0
Philippines,PHL,46.0,1998.0,Struggle of the Patriotic Filipino Masses,LAMMP,26.7,27.1,55.0,203.0,0.0,0.967,0.748,1.0
Philippines,PHL,46.0,1987.0,Philippine Democratic Party-Power of the Nation,PDP–Laban,17.3,21.5,43.0,200.0,0.0,0.452,0.331,0.0
Philippines,PHL,46.0,1992.0,Philippine Democratic Party-Power of the Nation,PDP–Laban,,,,,,,,
Philippines,PHL,46.0,2019.0,Philippine Democratic Party-Power of the Nation,PDP–Laban,29.4,33.5,82.0,245.0,0.0,1.009,0.906,0.0
Philippines,PHL,46.0,1984.0,United Nationalist Democratic Organization,UNIDO,,32.8,60.0,183.0,3.0,1.259,0.561,1.0
Philippines,PHL,46.0,1987.0,United Nationalist Democratic Organization,UNIDO,12.8,9.5,19.0,200.0,1.0,1.242,0.511,1.0
Philippines,PHL,46.0,2013.0,National Unity Party,NUP,8.7,10.3,24.0,234.0,3.0,2.163,0.345,1.0
Philippines,PHL,46.0,2016.0,National Unity Party,NUP,9.7,9.7,23.0,238.0,2.0,2.163,0.319,1.0
Philippines,PHL,46.0,2019.0,National Unity Party,NUP,9.6,10.2,25.0,245.0,1.0,2.163,0.478,0.0
Philippines,PHL,46.0,2013.0,United Nationalist Alliance,UNA,9.3,3.4,8.0,234.0,3.0,0.923,0.597,1.0
Philippines,PHL,46.0,2016.0,United Nationalist Alliance,UNA,6.6,4.6,11.0,238.0,3.0,0.946,0.668,0.0
Philippines,PHL,46.0,1987.0,People’s Power,LnB,17.5,12.0,24.0,200.0,0.0,0.909,0.452,2.0
Philippines,PHL,46.0,1987.0,alliance: LABAN coalition,LABAN coalition,,,,,,,,
Philippines,PHL,46.0,1987.0,alliance: GAD coalition,GAD coalition,,,,,,,,
Philippines,PHL,46.0,2007.0,alliance: TEAM Unity,TEAM Unity,,,,,,,,
Philippines,PHL,46.0,2007.0,alliance: Genuine Opposition,Genuine Oppo...,,,,,,,,
Philippines,PHL,46.0,2007.0,technical: Party nominees,tech,,10.4,25.0,240.0,,,,
Philippines,PHL,46.0,1992.0,alliance: LP-PDP,LP-PDP,7.7,6.0,12.0,201.0,3.0,0.939,0.341,0.0
Philippines,PHL,46.0,1995.0,alliance: Lakas-NUCD/ LDP,Lakas-NUCD/ LDP,10.4,12.3,25.0,204.0,0.0,1.66,0.323,0.0
Tanzania,TZA,47.0,1980.0,Party of the Revolution,CCM,100.0,100.0,264.0,264.0,0.0,-2.455,0.795,2.0
Tanzania,TZA,47.0,1985.0,Party of the Revolution,CCM,100.0,100.0,274.0,274.0,0.0,-2.455,0.703,0.0
Tanzania,TZA,47.0,1990.0,Party of the Revolution,CCM,100.0,100.0,284.0,284.0,0.0,-1.438,0.703,0.0
Tanzania,TZA,47.0,1995.0,Party of the Revolution,CCM,59.2,77.8,214.0,275.0,0.0,-0.559,0.645,0.0
Tanzania,TZA,47.0,2000.0,Party of the Revolution,CCM,65.2,87.5,258.0,295.0,0.0,-0.939,0.645,0.0
Tanzania,TZA,47.0,2005.0,Party of the Revolution,CCM,70.0,85.1,275.0,323.0,0.0,-0.939,0.645,0.0
Tanzania,TZA,47.0,2010.0,Party of the Revolution,CCM,,74.0,259.0,350.0,0.0,-0.939,0.645,0.0
Tanzania,TZA,47.0,2015.0,Party of the Revolution,CCM,55.0,68.9,253.0,367.0,0.0,-1.556,0.897,0.0
Tanzania,TZA,47.0,1995.0,Party for Democracy and Progress,Chadema,6.2,1.5,4.0,275.0,3.0,1.561,0.426,1.0
Tanzania,TZA,47.0,2000.0,Party for Democracy and Progress,Chadema,4.2,1.7,5.0,295.0,3.0,2.085,0.422,0.0
Tanzania,TZA,47.0,2005.0,Party for Democracy and Progress,Chadema,8.2,3.4,11.0,323.0,3.0,1.527,0.422,0.0
Tanzania,TZA,47.0,2010.0,Party for Democracy and Progress,Chadema,,13.7,48.0,350.0,3.0,1.136,0.568,0.0
Tanzania,TZA,47.0,2015.0,Party for Democracy and Progress,Chadema,31.8,19.1,70.0,367.0,3.0,1.56,0.633,0.0
Tanzania,TZA,47.0,1995.0,Civic United Front,CCW,5.0,10.2,28.0,275.0,3.0,-0.347,0.522,1.0
Tanzania,TZA,47.0,2000.0,Civic United Front,CCW,12.5,7.5,22.0,295.0,3.0,-0.347,0.591,0.0
Tanzania,TZA,47.0,2005.0,Civic United Front,CCW,14.2,9.6,31.0,323.0,3.0,-0.347,0.591,0.0
Tanzania,TZA,47.0,2010.0,Civic United Front,CCW,,10.3,36.0,350.0,3.0,-0.347,0.525,0.0
Tanzania,TZA,47.0,2015.0,Civic United Front,CCW,8.6,11.4,42.0,367.0,3.0,-0.347,0.525,0.0
Tanzania,TZA,47.0,1995.0,National Convention for Construction and Reform – Mageuzi,NCCR-Ma,21.8,6.9,19.0,275.0,3.0,0.75,0.575,1.0
Tanzania,TZA,47.0,2000.0,Tanzania Labour Party,TLP,9.2,1.7,5.0,295.0,3.0,-0.266,0.385,0.0
Tanzania,TZA,47.0,2000.0,United Democratic Party,UDP,4.4,1.4,4.0,295.0,3.0,0.368,0.389,0.0
Taiwan,TWN,48.0,1980.0,Nationalist Party,KMT,,82.9,58.0,70.0,0.0,2.198,0.09,0.0
Taiwan,TWN,48.0,1983.0,Nationalist Party,KMT,,87.3,62.0,71.0,0.0,2.198,0.089,0.0
Taiwan,TWN,48.0,1986.0,Nationalist Party,KMT,90.5,80.8,59.0,73.0,0.0,2.198,0.09,0.0
Taiwan,TWN,48.0,1989.0,Nationalist Party,KMT,80.2,79.2,80.0,101.0,0.0,2.198,0.089,0.0
Taiwan,TWN,48.0,1991.0,Nationalist Party,KMT,69.1,78.2,254.0,325.0,0.0,1.719,0.092,0.0
Taiwan,TWN,48.0,1992.0,Nationalist Party,KMT,74.6,63.4,102.0,161.0,0.0,1.719,0.092,0.0
Taiwan,TWN,48.0,1995.0,Nationalist Party,KMT,46.1,56.8,84.0,148.0,0.0,1.719,0.092,0.0
Taiwan,TWN,48.0,1996.0,Nationalist Party,KMT,49.7,54.8,183.0,334.0,0.0,1.399,0.092,0.0
Taiwan,TWN,48.0,1998.0,Nationalist Party,KMT,62.1,54.7,123.0,225.0,0.0,1.399,0.092,0.0
Taiwan,TWN,48.0,2001.0,Nationalist Party,KMT,31.3,30.2,68.0,225.0,3.0,1.399,0.261,0.0
Taiwan,TWN,48.0,2004.0,Nationalist Party,KMT,35.0,35.1,79.0,225.0,3.0,1.758,0.285,0.0
Taiwan,TWN,48.0,2005.0,Nationalist Party,KMT,38.9,39.0,117.0,300.0,3.0,1.404,0.285,0.0
Taiwan,TWN,48.0,2008.0,Nationalist Party,KMT,,71.7,81.0,113.0,0.0,1.404,0.263,0.0
Taiwan,TWN,48.0,2012.0,Nationalist Party,KMT,,56.6,64.0,113.0,0.0,1.404,0.202,0.0
Taiwan,TWN,48.0,2016.0,Nationalist Party,KMT,26.9,31.0,35.0,113.0,3.0,1.404,0.376,0.0
Taiwan,TWN,48.0,1986.0,Democratic Progressive Party,DDP,6.2,16.4,12.0,73.0,3.0,-0.842,0.416,1.0
Taiwan,TWN,48.0,1989.0,Democratic Progressive Party,DDP,17.4,20.8,21.0,101.0,3.0,-0.842,0.388,0.0
Taiwan,TWN,48.0,1991.0,Democratic Progressive Party,DDP,23.3,20.3,66.0,325.0,3.0,-0.842,0.388,0.0
Taiwan,TWN,48.0,1992.0,Democratic Progressive Party,DDP,21.9,31.1,50.0,161.0,3.0,-0.842,0.35,0.0
Taiwan,TWN,48.0,1995.0,Democratic Progressive Party,DDP,33.2,35.8,53.0,148.0,3.0,-0.842,0.352,0.0
Taiwan,TWN,48.0,1996.0,Democratic Progressive Party,DDP,29.9,29.6,99.0,334.0,3.0,-0.842,0.215,0.0
Taiwan,TWN,48.0,1998.0,Democratic Progressive Party,DDP,29.3,31.1,70.0,225.0,3.0,-0.482,0.215,0.0
Taiwan,TWN,48.0,2001.0,Democratic Progressive Party,DDP,36.6,38.7,87.0,225.0,0.0,0.513,0.346,0.0
Taiwan,TWN,48.0,2004.0,Democratic Progressive Party,DDP,38.0,39.6,89.0,225.0,0.0,0.091,0.323,0.0
Taiwan,TWN,48.0,2005.0,Democratic Progressive Party,DDP,42.5,42.3,127.0,300.0,0.0,0.117,0.323,0.0
Taiwan,TWN,48.0,2008.0,Democratic Progressive Party,DDP,,23.9,27.0,113.0,3.0,0.097,0.197,0.0
Taiwan,TWN,48.0,2012.0,Democratic Progressive Party,DDP,,35.4,40.0,113.0,3.0,-0.226,0.215,0.0
Taiwan,TWN,48.0,2016.0,Democratic Progressive Party,DDP,44.1,60.2,68.0,113.0,0.0,-0.226,0.144,0.0
Taiwan,TWN,48.0,1983.0,independent,indep,,8.5,6.0,71.0,,,,
Taiwan,TWN,48.0,2001.0,Taiwan Solidarity Union,TSU,8.5,5.8,13.0,225.0,2.0,1.215,0.426,0.0
Taiwan,TWN,48.0,2004.0,Taiwan Solidarity Union,TSU,8.0,5.3,12.0,225.0,2.0,1.215,0.426,0.0
Taiwan,TWN,48.0,2005.0,Taiwan Solidarity Union,TSU,7.1,7.0,21.0,300.0,2.0,1.215,0.426,0.0
Taiwan,TWN,48.0,2001.0,People First Party,PFP,20.3,20.4,46.0,225.0,3.0,1.313,0.333,1.0
Taiwan,TWN,48.0,2004.0,People First Party,PFP,15.0,15.1,34.0,225.0,3.0,1.313,0.31,0.0
Taiwan,TWN,48.0,2005.0,People First Party,PFP,6.1,6.0,18.0,300.0,3.0,1.311,0.31,0.0
Taiwan,TWN,48.0,2016.0,People First Party,PFP,6.5,2.7,3.0,113.0,3.0,1.328,0.326,0.0
Taiwan,TWN,48.0,1995.0,Chinese / New Party,C/NP,12.6,4.7,7.0,148.0,3.0,1.784,0.283,0.0
Taiwan,TWN,48.0,1996.0,Chinese / New Party,C/NP,13.6,13.8,46.0,334.0,2.0,1.784,0.283,0.0
Taiwan,TWN,48.0,2016.0,New Power Party,NPP,6.1,4.4,5.0,113.0,2.0,-1.206,0.336,0.0
Thailand,THA,49.0,1983.0,Democrat Party,PP,15.6,15.6,56.0,360.0,1.0,1.436,0.233,0.0
Thailand,THA,49.0,1986.0,Democrat Party,PP,22.5,28.8,100.0,347.0,1.0,1.436,0.267,0.0
Thailand,THA,49.0,1988.0,Democrat Party,PP,11.3,13.4,48.0,357.0,1.0,1.436,0.299,0.0
Thailand,THA,49.0,1992.0,Democrat Party,PP,21.0,21.9,79.0,360.0,0.0,1.436,0.386,0.0
Thailand,THA,49.0,1995.0,Democrat Party,PP,22.3,22.0,86.0,391.0,3.0,1.436,0.318,0.0
Thailand,THA,49.0,1996.0,Democrat Party,PP,31.8,31.3,123.0,393.0,3.0,1.436,0.301,0.0
Thailand,THA,49.0,2001.0,Democrat Party,PP,25.9,25.6,128.0,500.0,3.0,1.436,0.27,0.0
Thailand,THA,49.0,2005.0,Democrat Party,PP,18.3,19.2,96.0,500.0,3.0,1.436,0.351,0.0
Thailand,THA,49.0,2007.0,Democrat Party,PP,29.6,34.2,164.0,480.0,3.0,1.436,0.426,0.0
Thailand,THA,49.0,2011.0,Democrat Party,PP,35.2,31.8,159.0,500.0,3.0,1.436,0.424,0.0
Thailand,THA,49.0,2019.0,Democrat Party,PP,11.1,10.6,53.0,500.0,1.0,1.436,0.398,0.0
Thailand,THA,49.0,1983.0,Thai Nation Party / Chart Thai Party,PCT,23.8,20.3,73.0,360.0,3.0,2.876,0.081,0.0
Thailand,THA,49.0,1986.0,Thai Nation Party / Chart Thai Party,PCT,17.3,18.2,63.0,347.0,1.0,2.876,0.106,0.0
Thailand,THA,49.0,1988.0,Thai Nation Party / Chart Thai Party,PCT,19.3,24.4,87.0,357.0,0.0,2.421,0.047,0.0
Thailand,THA,49.0,1992.0,Thai Nation Party / Chart Thai Party,PCT,15.8,21.4,77.0,360.0,3.0,2.421,0.081,0.0
Thailand,THA,49.0,1995.0,Thai Nation Party / Chart Thai Party,PCT,22.8,23.5,92.0,391.0,0.0,2.421,0.047,0.0
Thailand,THA,49.0,1996.0,Thai Nation Party / Chart Thai Party,PCT,9.9,9.9,39.0,393.0,1.0,2.421,0.047,0.0
Thailand,THA,49.0,2001.0,Thai Nation Party / Chart Thai Party,PCT,8.6,8.2,41.0,500.0,1.0,2.421,0.047,0.0
Thailand,THA,49.0,2005.0,Thai Nation Party / Chart Thai Party,PCT,11.4,5.0,25.0,500.0,3.0,2.421,0.047,0.0
Thailand,THA,49.0,2007.0,Thai Nation Party / Chart Thai Party,PCT,4.4,7.1,34.0,480.0,1.0,2.421,0.081,0.0
Thailand,THA,49.0,2007.0,People's Power Party,PPP,39.6,48.5,233.0,480.0,0.0,-1.117,0.49,2.0
Thailand,THA,49.0,2007.0,Motherland Party,PPD,5.6,5.0,24.0,480.0,1.0,1.121,0.234,1.0
Thailand,THA,49.0,1983.0,independent,indep,7.5,6.7,24.0,360.0,,,,
Thailand,THA,49.0,1983.0,Social Action Party,PKS,26.8,25.6,92.0,360.0,1.0,1.411,0.151,0.0
Thailand,THA,49.0,1986.0,Social Action Party,PKS,12.1,14.7,51.0,347.0,1.0,1.411,0.151,0.0
Thailand,THA,49.0,1988.0,Social Action Party,PKS,11.8,15.1,54.0,357.0,1.0,1.411,0.152,0.0
Thailand,THA,49.0,1992.0,Social Action Party,PKS,4.0,6.1,22.0,360.0,1.0,1.411,0.151,0.0
Thailand,THA,49.0,1996.0,Social Action Party,PKS,5.3,5.1,20.0,393.0,1.0,1.456,0.142,0.0
Thailand,THA,49.0,1983.0,National Democrat,ND,8.1,4.2,15.0,360.0,1.0,0.519,0.097,1.0
Thailand,THA,49.0,1992.0,National Development Party,NDP,15.9,16.7,60.0,360.0,3.0,2.088,0.209,2.0
Thailand,THA,49.0,1995.0,National Development Party,NDP,12.0,13.6,53.0,391.0,1.0,1.14,0.145,0.0
Thailand,THA,49.0,1996.0,National Development Party,NDP,12.4,13.2,52.0,393.0,1.0,1.14,0.103,0.0
Thailand,THA,49.0,2001.0,National Development Party,NDP,8.9,5.8,29.0,500.0,3.0,1.14,0.101,0.0
Thailand,THA,49.0,1992.0,New Aspiration Party,NAP,14.2,14.2,51.0,360.0,1.0,-1.155,0.43,1.0
Thailand,THA,49.0,1995.0,New Aspiration Party,NAP,12.3,14.6,57.0,391.0,1.0,-1.155,0.372,0.0
Thailand,THA,49.0,1996.0,New Aspiration Party,NAP,29.1,31.8,125.0,393.0,0.0,-1.155,0.283,0.0
Thailand,THA,49.0,2001.0,New Aspiration Party,NAP,9.4,7.2,36.0,500.0,1.0,-0.547,0.333,0.0
Thailand,THA,49.0,1986.0,People Party,RA,7.4,5.2,18.0,347.0,1.0,1.744,0.1,2.0
Thailand,THA,49.0,1988.0,People Party,RA,5.9,5.9,21.0,357.0,1.0,1.744,0.187,0.0
Thailand,THA,49.0,1988.0,Thai People Party,TPP,8.0,4.8,17.0,357.0,1.0,-0.026,0.189,1.0
Thailand,THA,49.0,1986.0,Progress Party,K,5.3,2.6,9.0,347.0,3.0,-0.5,0.218,0.0
Thailand,THA,49.0,1983.0,Thai Citizens' Party / Prachakorn Thai Party,TCP,9.0,10.0,36.0,360.0,1.0,2.461,0.074,0.0
Thailand,THA,49.0,1986.0,Thai Citizens' Party / Prachakorn Thai Party,TCP,6.9,6.9,24.0,347.0,3.0,2.461,0.096,0.0
Thailand,THA,49.0,1988.0,Thai Citizens' Party / Prachakorn Thai Party,TCP,6.1,8.7,31.0,357.0,1.0,2.461,0.075,0.0
Thailand,THA,49.0,1988.0,United Thai Party,UTP,10.1,9.8,35.0,357.0,3.0,1.248,0.075,1.0
Thailand,THA,49.0,1986.0,United Democrat Party,UDP,10.1,11.0,38.0,347.0,3.0,1.231,0.037,1.0
Thailand,THA,49.0,1986.0,Community Action Party,CAP,6.0,4.3,15.0,347.0,3.0,1.127,0.195,0.0
Thailand,THA,49.0,1988.0,Palang Dharma Party / Force of Virtue,PDP,9.1,3.9,14.0,357.0,3.0,-0.021,0.347,1.0
Thailand,THA,49.0,1992.0,Palang Dharma Party / Force of Virtue,PDP,18.0,13.1,47.0,360.0,1.0,0.495,0.387,0.0
Thailand,THA,49.0,1995.0,Palang Dharma Party / Force of Virtue,PDP,7.6,5.9,23.0,391.0,1.0,0.495,0.389,0.0
Thailand,THA,49.0,1995.0,Leading Thai party,NT,6.3,4.6,18.0,391.0,1.0,-0.009,0.102,1.0
Thailand,THA,49.0,2001.0,Thai Rak Thai Party / Thais Love Thais,TRT,37.1,49.6,248.0,500.0,0.0,-1.148,0.633,1.0
Thailand,THA,49.0,2005.0,Thai Rak Thai Party / Thais Love Thais,TRT,60.7,75.4,377.0,500.0,0.0,-1.148,0.681,0.0
Thailand,THA,49.0,2011.0,Pheu Thai Party,PTP,48.4,53.0,265.0,500.0,0.0,-1.174,0.674,2.0
Thailand,THA,49.0,2019.0,Pheu Thai Party,PTP,22.2,27.2,136.0,500.0,3.0,-1.174,0.718,0.0
Thailand,THA,49.0,2011.0,Bhumjaithai Party,BJT,3.9,6.8,34.0,500.0,3.0,1.135,0.112,2.0
Thailand,THA,49.0,2019.0,Bhumjaithai Party,BJT,10.5,10.2,51.0,500.0,1.0,1.135,0.056,0.0
Thailand,THA,49.0,2019.0,People's State Power Party,PPP,23.7,23.2,116.0,500.0,0.0,2.871,0.053,1.0
Thailand,THA,49.0,1988.0,Love Thailand Party,RTP,6.2,5.3,19.0,357.0,3.0,1.232,0.232,1.0
Thailand,THA,49.0,2005.0,Mahachon Party / Great People's Party,PM,8.3,0.4,2.0,500.0,3.0,0.535,0.14,2.0
Thailand,THA,49.0,2019.0,Future Forward Party,PAM,17.8,16.2,81.0,500.0,3.0,-2.819,0.717,1.0
Uganda,UGA,50.0,1989.0,independent,indep,,75.5,210.0,278.0,,,,
Uganda,UGA,50.0,1996.0,independent,indep,,43.5,120.0,276.0,,,,
Uganda,UGA,50.0,2016.0,independent,indep,,15.3,66.0,431.0,,,,
Uganda,UGA,50.0,1989.0,National Resistance Movement,NRM,,24.5,68.0,278.0,0.0,0.718,0.427,1.0
Uganda,UGA,50.0,1994.0,National Resistance Movement,NRM,,100.0,114.0,114.0,0.0,0.736,0.489,0.0
Uganda,UGA,50.0,1996.0,National Resistance Movement,NRM,,56.5,156.0,276.0,0.0,0.968,0.493,0.0
Uganda,UGA,50.0,2001.0,National Resistance Movement,NRM,,100.0,292.0,292.0,0.0,0.968,0.479,0.0
Uganda,UGA,50.0,2006.0,National Resistance Movement,NRM,,67.3,191.0,284.0,0.0,0.961,0.47,0.0
Uganda,UGA,50.0,2011.0,National Resistance Movement,NRM,49.2,72.1,263.0,365.0,0.0,0.961,0.282,0.0
Uganda,UGA,50.0,2016.0,National Resistance Movement,NRM,,69.1,298.0,431.0,0.0,0.961,0.275,0.0
Uganda,UGA,50.0,1980.0,Uganda People's Congress,UPC,47.1,59.5,75.0,126.0,0.0,-0.167,0.461,0.0
Uganda,UGA,50.0,2006.0,Uganda People's Congress,UPC,,3.2,9.0,284.0,3.0,0.147,0.8,1.0
Uganda,UGA,50.0,2016.0,Uganda People's Congress,UPC,,1.4,6.0,431.0,3.0,0.148,0.808,0.0
Uganda,UGA,50.0,1980.0,Democratic Party,DP,47.1,39.7,50.0,126.0,3.0,0.337,0.676,0.0
Uganda,UGA,50.0,2006.0,Democratic Party,DP,,2.8,8.0,284.0,3.0,0.564,0.824,1.0
Uganda,UGA,50.0,2011.0,Democratic Party,DP,6.0,3.3,12.0,365.0,3.0,0.569,0.821,0.0
Uganda,UGA,50.0,2016.0,Democratic Party,DP,,3.5,15.0,431.0,3.0,0.574,0.815,0.0
Uganda,UGA,50.0,2006.0,Forum for Democratic Change,FDC,,13.0,37.0,284.0,3.0,0.403,0.822,1.0
Uganda,UGA,50.0,2011.0,Forum for Democratic Change,FDC,13.6,9.3,34.0,365.0,3.0,0.53,0.836,0.0
Uganda,UGA,50.0,2016.0,Forum for Democratic Change,FDC,,8.4,36.0,431.0,3.0,0.563,0.832,0.0
Venezuela,VEN,51.0,2010.0,Justice First,PJ,,3.6,6.0,165.0,,,,
Venezuela,VEN,51.0,2015.0,Justice First,PJ,,13.2,22.0,167.0,3.0,0.724,0.496,0.0
Venezuela,VEN,51.0,2005.0,For Social Democracy,PODEMOS,8.2,10.8,18.0,167.0,1.0,-1.627,0.83,0.0
Venezuela,VEN,51.0,1983.0,Movement toward Socialism,MAS,5.7,5.0,10.0,200.0,3.0,-1.818,0.831,0.0
Venezuela,VEN,51.0,1988.0,Movement toward Socialism,MAS,10.2,9.0,18.0,201.0,3.0,-1.707,0.831,0.0
Venezuela,VEN,51.0,1993.0,Movement toward Socialism,MAS,10.8,11.8,24.0,203.0,1.0,-1.492,0.752,0.0
Venezuela,VEN,51.0,1998.0,Movement toward Socialism,MAS,8.9,11.6,24.0,207.0,1.0,-1.703,0.784,0.0
Venezuela,VEN,51.0,2000.0,Movement toward Socialism,MAS,5.0,3.6,6.0,165.0,1.0,-1.803,0.824,0.0
Venezuela,VEN,51.0,2010.0,A New Era,UNT,,9.7,16.0,165.0,3.0,-0.368,0.527,0.0
Venezuela,VEN,51.0,2015.0,A New Era,UNT,,10.8,18.0,167.0,3.0,-0.368,0.517,0.0
Venezuela,VEN,51.0,1983.0,Democratic Action,AD,49.9,56.5,113.0,200.0,0.0,-0.62,0.503,0.0
Venezuela,VEN,51.0,1988.0,Democratic Action,AD,43.3,48.3,97.0,201.0,0.0,-0.221,0.435,0.0
Venezuela,VEN,51.0,1993.0,Democratic Action,AD,23.3,27.1,55.0,203.0,3.0,-0.085,0.292,0.0
Venezuela,VEN,51.0,1998.0,Democratic Action,AD,24.1,29.5,61.0,207.0,3.0,-0.162,0.175,0.0
Venezuela,VEN,51.0,2000.0,Democratic Action,AD,16.1,20.0,33.0,165.0,3.0,-0.152,0.352,0.0
Venezuela,VEN,51.0,2010.0,Democratic Action,AD,,8.5,14.0,165.0,3.0,0.027,0.557,0.0
Venezuela,VEN,51.0,2015.0,Democratic Action,AD,,15.0,25.0,167.0,3.0,-0.151,0.588,0.0
Venezuela,VEN,51.0,2005.0,Fatherland for All,PPT,6.8,6.0,10.0,167.0,1.0,-2.376,0.927,0.0
Venezuela,VEN,51.0,2010.0,Fatherland for All,PPT,3.1,1.2,2.0,165.0,2.0,-2.376,0.905,0.0
Venezuela,VEN,51.0,1998.0,Fifth Republic Movement,MVR,19.9,16.9,35.0,207.0,0.0,-2.395,0.994,1.0
Venezuela,VEN,51.0,2000.0,Fifth Republic Movement,MVR,44.4,55.8,92.0,165.0,0.0,-2.506,0.994,0.0
Venezuela,VEN,51.0,2005.0,Fifth Republic Movement,MVR,60.0,69.5,116.0,167.0,0.0,-3.092,0.994,0.0
Venezuela,VEN,51.0,1983.0,Political Electoral Independent Organization Committee / Social Christian Party / Green Party,COPEI,28.7,30.0,60.0,200.0,3.0,0.5,0.261,0.0
Venezuela,VEN,51.0,1988.0,Political Electoral Independent Organization Committee / Social Christian Party / Green Party,COPEI,31.1,33.3,67.0,201.0,3.0,0.5,0.254,0.0
Venezuela,VEN,51.0,1993.0,Political Electoral Independent Organization Committee / Social Christian Party / Green Party,COPEI,22.6,26.1,53.0,203.0,3.0,0.5,0.284,0.0
Venezuela,VEN,51.0,1998.0,Political Electoral Independent Organization Committee / Social Christian Party / Green Party,COPEI,12.0,12.6,26.0,207.0,3.0,0.577,0.263,0.0
Venezuela,VEN,51.0,2000.0,Political Electoral Independent Organization Committee / Social Christian Party / Green Party,COPEI,5.1,3.6,6.0,165.0,3.0,0.672,0.351,0.0
Venezuela,VEN,51.0,2010.0,Political Electoral Independent Organization Committee / Social Christian Party / Green Party,COPEI,,6.1,10.0,165.0,3.0,0.681,0.371,0.0
Venezuela,VEN,51.0,1998.0,Venezuela Project,PRVZL,10.4,9.7,20.0,207.0,3.0,1.108,0.278,1.0
Venezuela,VEN,51.0,2000.0,Venezuela Project,PRVZL,6.9,3.6,6.0,165.0,3.0,1.108,0.276,0.0
Venezuela,VEN,51.0,1993.0,Radical Cause,LCR,20.7,19.7,40.0,203.0,3.0,-1.69,0.932,0.0
Venezuela,VEN,51.0,1993.0,National Convergence,CN,13.8,12.8,26.0,203.0,0.0,0.582,0.5,1.0
Venezuela,VEN,51.0,2010.0,United Socialist Party of Venezuela,PSUV,48.1,59.4,98.0,165.0,0.0,-3.443,0.986,0.0
Venezuela,VEN,51.0,2015.0,United Socialist Party of Venezuela,PSUV,,31.1,52.0,167.0,0.0,-3.272,0.986,0.0
Venezuela,VEN,51.0,2010.0,Democratic Unity Roundtable,MUD,47.2,,,,,,,
Venezuela,VEN,51.0,2015.0,Democratic Unity Roundtable,MUD,56.2,,,,,,,
Venezuela,VEN,51.0,2015.0,Popular Will,VP,,8.4,14.0,167.0,3.0,0.235,0.562,0.0
Venezuela,VEN,51.0,2015.0,alliance: Great Patriotic Pole,Great Patrio...,40.9,,,,,,,
Benin,BEN,52.0,2007.0,Cowry Forces for an Emerging Benin,FCBE,,37.6,35.0,93.0,0.0,-0.435,0.261,1.0
Benin,BEN,52.0,2011.0,Cowry Forces for an Emerging Benin,FCBE,33.3,49.4,41.0,83.0,0.0,-0.099,0.265,0.0
Benin,BEN,52.0,2015.0,Cowry Forces for an Emerging Benin,FCBE,30.2,39.8,33.0,83.0,0.0,-0.099,0.265,0.0
Benin,BEN,52.0,1991.0,Democratic Renewal Party,PRD,,,,,,,,
Benin,BEN,52.0,1995.0,Democratic Renewal Party,PRD,15.4,22.9,19.0,83.0,3.0,0.869,0.22,0.0
Benin,BEN,52.0,1999.0,Democratic Renewal Party,PRD,12.2,13.3,11.0,83.0,1.0,0.869,0.263,0.0
Benin,BEN,52.0,2003.0,Democratic Renewal Party,PRD,,13.3,11.0,83.0,3.0,0.869,0.263,0.0
Benin,BEN,52.0,2007.0,Democratic Renewal Party,PRD,,21.5,20.0,93.0,3.0,0.869,0.263,0.0
Benin,BEN,52.0,2011.0,Democratic Renewal Party,PRD,,,,,,,,
Benin,BEN,52.0,2015.0,Democratic Renewal Party,PRD,10.6,12.0,10.0,83.0,3.0,0.869,0.433,0.0
Benin,BEN,52.0,2011.0,G13 Baobab Alliance,G-13,5.9,2.4,2.0,83.0,3.0,0.421,0.542,1.0
Benin,BEN,52.0,1991.0,Social Democratic Party,PSD,,,,,,,,
Benin,BEN,52.0,1995.0,Social Democratic Party,PSD,7.7,9.6,8.0,83.0,1.0,-0.783,0.319,0.0
Benin,BEN,52.0,1999.0,Social Democratic Party,PSD,9.3,10.8,9.0,83.0,1.0,-0.783,0.319,0.0
Benin,BEN,52.0,2007.0,Social Democratic Party,PSD,,,,,,,,
Benin,BEN,52.0,2011.0,Social Democratic Party,PSD,,,,,,,,
Benin,BEN,52.0,2015.0,Social Democratic Party,PSD,,,,,,,,
Benin,BEN,52.0,2019.0,Social Democratic Party,PSD,,,,,,,,
Benin,BEN,52.0,1995.0,Benin Rebirth Party,RB,14.6,25.3,21.0,83.0,0.0,1.284,0.258,1.0
Benin,BEN,52.0,1999.0,Benin Rebirth Party,RB,22.7,32.5,27.0,83.0,3.0,1.284,0.258,0.0
Benin,BEN,52.0,2003.0,Benin Rebirth Party,RB,,18.1,15.0,83.0,3.0,1.284,0.258,0.0
Benin,BEN,52.0,2007.0,Benin Rebirth Party,RB,,,,,,,,
Benin,BEN,52.0,2011.0,Benin Rebirth Party,RB,,,,,,,,
Benin,BEN,52.0,2015.0,Benin Rebirth Party,RB,,,,,,,,
Benin,BEN,52.0,2019.0,Benin Rebirth Party,RB,,,,,,,,
Benin,BEN,52.0,1991.0,National Rally for Democracy,RND,12.1,10.9,7.0,64.0,2.0,1.247,0.571,1.0
Benin,BEN,52.0,1991.0,Our Common Cause,NCC,10.1,9.4,6.0,64.0,3.0,-0.603,0.417,1.0
Benin,BEN,52.0,1995.0,Our Common Cause,NCC,5.7,3.6,3.0,83.0,3.0,-0.603,0.417,0.0
Benin,BEN,52.0,1991.0,Liberal Democrats' Rally for National Reconstruction-Vivotene,RDLPN,5.6,6.3,4.0,64.0,2.0,0.623,0.214,1.0
Benin,BEN,52.0,1995.0,Action Front for Renewal and Development,FARD,6.2,12.0,10.0,83.0,1.0,0.021,0.299,1.0
Benin,BEN,52.0,1999.0,Action Front for Renewal and Development,FARD,5.5,12.0,10.0,83.0,1.0,0.021,0.293,0.0
Benin,BEN,52.0,1991.0,Union for Democracy and National Solidarity,UDNS,7.1,7.8,5.0,64.0,2.0,0.614,0.341,1.0
Benin,BEN,52.0,1995.0,Union for Democracy and National Solidarity,UDNS,4.9,6.0,5.0,83.0,2.0,0.356,0.341,0.0
Benin,BEN,52.0,2015.0,Union for Democracy and National Solidarity,UDNS,,,,,,,,
Benin,BEN,52.0,2019.0,Union for Democracy and National Solidarity,UDNS,,,,,,,,
Benin,BEN,52.0,1984.0,People's Revolutionary Party of Benin,PRPB,98.1,100.0,196.0,196.0,0.0,-2.729,0.582,0.0
Benin,BEN,52.0,1989.0,People's Revolutionary Party of Benin,PRPB,89.6,100.0,196.0,196.0,0.0,-2.729,0.612,0.0
Benin,BEN,52.0,2003.0,Union for Future Benin,UBF,,37.3,31.0,83.0,1.0,0.307,0.325,1.0
Benin,BEN,52.0,1999.0,African Movement for Development and Progress,MADEP,9.2,7.2,6.0,83.0,1.0,1.244,0.143,1.0
Benin,BEN,52.0,2003.0,African Movement for Development and Progress,MADEP,,10.8,9.0,83.0,1.0,1.244,0.143,0.0
Benin,BEN,52.0,2007.0,African Movement for Development and Progress,MADEP,,,,,,,,
Benin,BEN,52.0,2011.0,African Movement for Development and Progress,MADEP,,,,,,,,
Benin,BEN,52.0,2015.0,African Movement for Development and Progress,MADEP,,,,,,,,
Benin,BEN,52.0,2003.0,Key Force,FC,,6.0,5.0,83.0,1.0,-0.202,0.336,1.0
Benin,BEN,52.0,2011.0,Key Force,FC,,,,,,,,
Benin,BEN,52.0,2015.0,Key Force,FC,,,,,,,,
Benin,BEN,52.0,2019.0,Key Force,FC,,,,,,,,
Benin,BEN,52.0,1991.0,National Party for Democracy and Development,PNDD,,,,,,,,
Benin,BEN,52.0,2011.0,Union Makes the Nation,UN,26.9,36.1,30.0,83.0,3.0,0.629,0.59,1.0
Benin,BEN,52.0,2015.0,Union Makes the Nation,UN,14.4,15.7,13.0,83.0,3.0,0.629,0.589,0.0
Benin,BEN,52.0,2019.0,Union Makes the Nation,UN,,,,,,,,
Benin,BEN,52.0,1991.0,National Union for Solidarity and Progress,UNSP,,,,,,,,
Benin,BEN,52.0,1991.0,National Movement for Democracy and Development,MNDD,,,,,,,,
Benin,BEN,52.0,1991.0,"Movement for Solidarity, Union and Progress",MSUP,,,,,,,,
Benin,BEN,52.0,1991.0,Union for Democracy and National Reconstruction,UDRN,,,,,,,,
Benin,BEN,52.0,2015.0,Patriotic Revival Party,PRP,,,,,,,,
Benin,BEN,52.0,2011.0,Union for Relief,UPR,,,,,,,,
Benin,BEN,52.0,2015.0,Union for Relief,UPR,,,,,,,,
Benin,BEN,52.0,2019.0,Union for Relief,UPR,,,,,,,,
Benin,BEN,52.0,2011.0,Hope Force,FE,,,,,,,,
Benin,BEN,52.0,2015.0,Hope Force,FE,,,,,,,,
Benin,BEN,52.0,2015.0,Union for Progress and Democracy,PDS,,,,,,,,
Benin,BEN,52.0,2015.0,Impulse for a New Vision of the Republic,INVR,,,,,,,,
Benin,BEN,52.0,2015.0,Party for Progress and Democracy,PPD,,,,,,,,
Benin,BEN,52.0,2015.0,Party for Democracy and Solidarity,PDS,,,,,,,,
Benin,BEN,52.0,2007.0,Alliance for a Democratic Dynamic,ADD,,21.5,20.0,93.0,3.0,0.998,0.107,1.0
Benin,BEN,52.0,1991.0,Union for the Triumph of Democratic Renewal,UTRD,18.9,18.8,12.0,64.0,0.0,0.309,0.272,1.0
Benin,BEN,52.0,2015.0,Rally for Progress and Renewal,RPR,,,,,,,,
Benin,BEN,52.0,2003.0,alliance: Presidential Movement,Presidential...,55.8,,,,,,,
Benin,BEN,52.0,2003.0,alliance: Opposition,Opposition,43.0,,,,,,,
Benin,BEN,52.0,1991.0,alliance: PNDD-PRD,PNDD-PRD,11.7,14.1,9.0,64.0,2.0,0.631,0.175,1.0
Benin,BEN,52.0,1991.0,alliance: PSD-UNSP,PSD-UNSP,9.8,12.5,8.0,64.0,2.0,-0.496,0.142,1.0
Benin,BEN,52.0,1991.0,alliance: MNDD-MSUP-UDRN,MNDD-MSUP-UDRN,8.4,9.4,6.0,64.0,2.0,0.163,0.387,1.0
Benin,BEN,52.0,2011.0,alliance: Amana Alliance,Amana Alliance,6.5,2.4,2.0,83.0,1.0,0.37,0.226,1.0
Benin,BEN,52.0,2011.0,alliance: Hope Force - Union for Change,Hope Force -...,5.0,2.4,2.0,83.0,2.0,0.039,0.518,1.0
Benin,BEN,52.0,2015.0,alliance: Alliance RB-RP (Benin Rebirth Party-Patriotic Revival Party),Alliance RB-...,7.1,8.4,7.0,83.0,3.0,0.357,0.52,1.0
Benin,BEN,52.0,2015.0,alliance: Sun Alliance,Sun Alliance,6.7,4.8,4.0,83.0,2.0,0.68,0.17,1.0
Benin,BEN,52.0,2015.0,alliance: United Democratic Forces Alliance (FDU),United Democ...,7.1,4.8,4.0,83.0,3.0,1.261,0.455,1.0
Benin,BEN,52.0,2015.0,alliance: National Alliance for Development and Democracy (AND),National All...,7.6,6.0,5.0,83.0,2.0,-0.287,0.343,1.0
Benin,BEN,52.0,2019.0,alliance: Progressive Union,Progressive ...,56.2,56.6,47.0,83.0,1.0,1.484,0.376,0.0
Benin,BEN,52.0,2019.0,alliance: Republican Bloc,Republican Bloc,43.8,43.4,36.0,83.0,1.0,0.627,0.376,1.0
Bhutan,BTN,53.0,2008.0,Bhutan Peace and Prosperity Party,DPT,67.0,95.7,45.0,47.0,0.0,0.075,0.075,0.0
Bhutan,BTN,53.0,2013.0,Bhutan Peace and Prosperity Party,DPT,45.1,31.9,15.0,47.0,3.0,0.074,0.075,0.0
Bhutan,BTN,53.0,2008.0,People’s Democratic Party,PDP,33.0,4.3,2.0,47.0,3.0,0.443,0.235,0.0
Bhutan,BTN,53.0,2013.0,People’s Democratic Party,PDP,54.9,68.1,32.0,47.0,0.0,0.466,0.384,0.0
Burkina Faso,BFA,54.0,1992.0,Congress for Democracy and Progress,CDP,48.2,72.9,78.0,107.0,0.0,-1.112,0.115,1.0
Burkina Faso,BFA,54.0,1997.0,Congress for Democracy and Progress,CDP,68.6,91.0,101.0,111.0,0.0,-1.112,0.115,0.0
Burkina Faso,BFA,54.0,2002.0,Congress for Democracy and Progress,CDP,49.5,51.4,57.0,111.0,0.0,-1.112,0.115,0.0
Burkina Faso,BFA,54.0,2007.0,Congress for Democracy and Progress,CDP,58.9,65.8,73.0,111.0,0.0,-1.112,0.115,0.0
Burkina Faso,BFA,54.0,2012.0,Congress for Democracy and Progress,CDP,48.7,62.5,70.0,112.0,0.0,-1.112,0.115,0.0
Burkina Faso,BFA,54.0,2015.0,Congress for Democracy and Progress,CDP,13.2,14.2,18.0,127.0,3.0,-1.112,0.271,0.0
Burkina Faso,BFA,54.0,2002.0,Alliance for Democracy and Federation–African Democratic Rally,ADF-RDA,12.6,15.3,17.0,111.0,1.0,1.646,0.207,0.0
Burkina Faso,BFA,54.0,2007.0,Alliance for Democracy and Federation–African Democratic Rally,ADF-RDA,10.7,12.6,14.0,111.0,1.0,1.646,0.116,0.0
Burkina Faso,BFA,54.0,2012.0,Alliance for Democracy and Federation–African Democratic Rally,ADF-RDA,11.2,16.1,18.0,112.0,1.0,1.646,0.116,0.0
Burkina Faso,BFA,54.0,2012.0,Union for Progress and Reform,UPC,11.1,17.0,19.0,112.0,3.0,1.581,0.441,0.0
Burkina Faso,BFA,54.0,2015.0,Union for Progress and Reform,UPC,20.5,26.0,33.0,127.0,3.0,1.581,0.321,0.0
Burkina Faso,BFA,54.0,2002.0,Party for Democracy and Socialism / Metba,PDS/Metba,7.5,9.0,10.0,111.0,3.0,-2.494,0.696,0.0
Burkina Faso,BFA,54.0,1992.0,National Convention of Progressive Patriots–Social Democratic Party,CNPP/PSD,12.1,11.2,12.0,107.0,3.0,-1.766,0.442,0.0
Burkina Faso,BFA,54.0,2015.0,People's Movement for Progress,MPP,51.3,43.3,55.0,127.0,0.0,-1.299,0.194,0.0
Burkina Faso,BFA,54.0,1992.0,Voltaic Democratic Union / African Democratic Rally,UDV-RDA,11.5,5.6,6.0,107.0,3.0,1.852,0.598,2.0
Burkina Faso,BFA,54.0,1997.0,Voltaic Democratic Union / African Democratic Rally,UDV-RDA,6.4,1.8,2.0,111.0,3.0,1.852,0.598,2.0
Burkina Faso,BFA,54.0,2002.0,Voltaic Democratic Union / African Democratic Rally,UDV-RDA,,,,,,,,
Burkina Faso,BFA,54.0,2007.0,Voltaic Democratic Union / African Democratic Rally,UDV-RDA,,,,,,,,
Burkina Faso,BFA,54.0,2012.0,Voltaic Democratic Union / African Democratic Rally,UDV-RDA,,,,,,,,
Burkina Faso,BFA,54.0,1997.0,Party for Democracy and Progress,PDP,10.1,5.4,6.0,111.0,3.0,-1.726,0.557,0.0
Burkina Faso,BFA,54.0,1987.0,Popular Front,FP,,,,,4.0,-1.681,0.45,1.0
Burkina Faso,BFA,54.0,1992.0,Alliance for Democracy and Federation,ADF,8.7,3.7,4.0,107.0,2.0,1.729,0.211,0.0
Burkina Faso,BFA,54.0,1997.0,Alliance for Democracy and Federation,ADF,7.4,1.8,2.0,111.0,2.0,1.729,0.253,0.0
Burkina Faso,BFA,54.0,2002.0,Alliance for Democracy and Federation,ADF,,,,,,,,
Burkina Faso,BFA,54.0,2007.0,Alliance for Democracy and Federation,ADF,,,,,,,,
Burkina Faso,BFA,54.0,2012.0,Alliance for Democracy and Federation,ADF,,,,,,,,
Cambodia,KHM,55.0,2008.0,Norodom Ranariddh Party,NRP,5.6,1.6,2.0,123.0,3.0,-0.209,0.397,1.0
Cambodia,KHM,55.0,1998.0,Sam Rainsy Party,SRP,14.3,12.3,15.0,122.0,3.0,-0.352,0.774,1.0
Cambodia,KHM,55.0,2003.0,Sam Rainsy Party,SRP,21.9,19.5,24.0,123.0,3.0,-0.352,0.799,0.0
Cambodia,KHM,55.0,2008.0,Sam Rainsy Party,SRP,21.9,21.1,26.0,123.0,3.0,-0.132,0.89,0.0
Cambodia,KHM,55.0,2008.0,Human Rights' Party,HuRiPa,6.6,2.4,3.0,123.0,3.0,-0.776,0.839,1.0
Cambodia,KHM,55.0,1993.0,"National United Front for an Independent, Neutral, Peaceful, and Cooperative Cambodia",FUNCINPEC,45.5,48.3,58.0,120.0,0.0,0.551,0.286,1.0
Cambodia,KHM,55.0,1998.0,"National United Front for an Independent, Neutral, Peaceful, and Cooperative Cambodia",FUNCINPEC,31.7,35.2,43.0,122.0,1.0,0.551,0.243,0.0
Cambodia,KHM,55.0,2003.0,"National United Front for an Independent, Neutral, Peaceful, and Cooperative Cambodia",FUNCINPEC,20.8,21.1,26.0,123.0,1.0,0.714,0.287,0.0
Cambodia,KHM,55.0,2008.0,"National United Front for an Independent, Neutral, Peaceful, and Cooperative Cambodia",FUNCINPEC,5.1,1.6,2.0,123.0,1.0,0.714,0.293,0.0
Cambodia,KHM,55.0,2018.0,"National United Front for an Independent, Neutral, Peaceful, and Cooperative Cambodia",FUNCINPEC,5.9,0.0,0.0,125.0,3.0,0.427,0.313,0.0
Cambodia,KHM,55.0,1981.0,Cambodian Peoples' Party / Kampuchean People's Revolutionary Party,KPK,100.0,100.0,117.0,117.0,0.0,-2.714,0.324,1.0
Cambodia,KHM,55.0,1993.0,Cambodian Peoples' Party / Kampuchean People's Revolutionary Party,KPK,38.2,42.5,51.0,120.0,0.0,-0.351,0.324,0.0
Cambodia,KHM,55.0,1998.0,Cambodian Peoples' Party / Kampuchean People's Revolutionary Party,KPK,41.4,52.5,64.0,122.0,0.0,0.22,0.393,0.0
Cambodia,KHM,55.0,2003.0,Cambodian Peoples' Party / Kampuchean People's Revolutionary Party,KPK,47.3,59.3,73.0,123.0,0.0,0.418,0.397,0.0
Cambodia,KHM,55.0,2008.0,Cambodian Peoples' Party / Kampuchean People's Revolutionary Party,KPK,58.1,73.2,90.0,123.0,0.0,0.803,0.391,0.0
Cambodia,KHM,55.0,2013.0,Cambodian Peoples' Party / Kampuchean People's Revolutionary Party,KPK,48.8,55.3,68.0,123.0,0.0,0.803,0.391,0.0
Cambodia,KHM,55.0,2018.0,Cambodian Peoples' Party / Kampuchean People's Revolutionary Party,KPK,76.9,100.0,125.0,125.0,0.0,0.534,0.391,0.0
Cambodia,KHM,55.0,2013.0,Cambodia National Rescue Party,CNRP,44.5,44.7,55.0,123.0,3.0,-0.322,0.884,1.0
Indonesia,IDN,56.0,1982.0,Party of the Functional Groups,Golkar,64.3,67.2,242.0,360.0,0.0,-0.564,0.098,0.0
Indonesia,IDN,56.0,1987.0,Party of the Functional Groups,Golkar,73.2,74.8,299.0,400.0,0.0,-0.566,0.099,0.0
Indonesia,IDN,56.0,1992.0,Party of the Functional Groups,Golkar,68.1,70.5,282.0,400.0,0.0,-0.555,0.141,0.0
Indonesia,IDN,56.0,1997.0,Party of the Functional Groups,Golkar,74.5,76.5,325.0,425.0,0.0,-0.592,0.11,0.0
Indonesia,IDN,56.0,1999.0,Party of the Functional Groups,Golkar,20.9,26.0,120.0,462.0,1.0,-0.157,0.12,0.0
Indonesia,IDN,56.0,2004.0,Party of the Functional Groups,Golkar,21.6,23.1,127.0,550.0,1.0,-0.147,0.137,0.0
Indonesia,IDN,56.0,2009.0,Party of the Functional Groups,Golkar,14.5,18.9,106.0,560.0,1.0,-0.162,0.179,0.0
Indonesia,IDN,56.0,2014.0,Party of the Functional Groups,Golkar,14.8,16.3,91.0,560.0,3.0,-0.162,0.177,0.0
Indonesia,IDN,56.0,2019.0,Party of the Functional Groups,Golkar,12.3,14.8,85.0,575.0,1.0,-0.177,0.175,0.0
Indonesia,IDN,56.0,2004.0,Prosperous Justice Party / Welfare and Justice Party,PKS,7.3,8.2,45.0,550.0,1.0,-0.925,0.396,2.0
Indonesia,IDN,56.0,2009.0,Prosperous Justice Party / Welfare and Justice Party,PKS,7.9,10.5,59.0,560.0,1.0,-1.026,0.342,0.0
Indonesia,IDN,56.0,2014.0,Prosperous Justice Party / Welfare and Justice Party,PKS,6.8,7.1,40.0,560.0,3.0,-1.026,0.399,0.0
Indonesia,IDN,56.0,2019.0,Prosperous Justice Party / Welfare and Justice Party,PKS,8.2,8.7,50.0,575.0,3.0,-1.044,0.398,0.0
Indonesia,IDN,56.0,1999.0,National Mandate Party,PAN,7.3,7.6,35.0,462.0,1.0,-0.076,0.482,1.0
Indonesia,IDN,56.0,2004.0,National Mandate Party,PAN,6.4,9.6,53.0,550.0,1.0,-0.76,0.429,0.0
Indonesia,IDN,56.0,2009.0,National Mandate Party,PAN,6.0,7.5,42.0,560.0,1.0,-0.76,0.243,0.0
Indonesia,IDN,56.0,2014.0,National Mandate Party,PAN,7.6,8.8,49.0,560.0,3.0,-0.746,0.424,0.0
Indonesia,IDN,56.0,2019.0,National Mandate Party,PAN,6.8,7.7,44.0,575.0,3.0,-0.756,0.436,0.0
Indonesia,IDN,56.0,1982.0,United Development Party,PPP,27.8,26.1,94.0,360.0,3.0,-0.706,0.444,0.0
Indonesia,IDN,56.0,1987.0,United Development Party,PPP,16.0,15.3,61.0,400.0,3.0,-0.706,0.413,0.0
Indonesia,IDN,56.0,1992.0,United Development Party,PPP,17.0,15.5,62.0,400.0,1.0,-0.706,0.379,0.0
Indonesia,IDN,56.0,1997.0,United Development Party,PPP,22.4,20.9,89.0,425.0,1.0,-0.692,0.377,0.0
Indonesia,IDN,56.0,1999.0,United Development Party,PPP,10.7,12.8,59.0,462.0,1.0,-0.692,0.4,0.0
Indonesia,IDN,56.0,2004.0,United Development Party,PPP,8.1,10.5,58.0,550.0,1.0,-0.663,0.325,0.0
Indonesia,IDN,56.0,2009.0,United Development Party,PPP,5.3,7.0,39.0,560.0,1.0,-0.663,0.343,0.0
Indonesia,IDN,56.0,2014.0,United Development Party,PPP,6.5,7.0,39.0,560.0,1.0,-0.663,0.379,0.0
Indonesia,IDN,56.0,2019.0,United Development Party,PPP,4.5,3.3,19.0,575.0,1.0,-0.696,0.363,0.0
Indonesia,IDN,56.0,1999.0,National Awakening Party,PKB,12.6,11.0,51.0,462.0,0.0,-0.826,0.508,1.0
Indonesia,IDN,56.0,2004.0,National Awakening Party,PKB,10.6,9.5,52.0,550.0,1.0,-0.837,0.386,0.0
Indonesia,IDN,56.0,2009.0,National Awakening Party,PKB,4.9,4.6,26.0,560.0,1.0,-0.837,0.386,0.0
Indonesia,IDN,56.0,2014.0,National Awakening Party,PKB,9.0,8.4,47.0,560.0,1.0,-0.837,0.384,0.0
Indonesia,IDN,56.0,2019.0,National Awakening Party,PKB,9.7,10.1,58.0,575.0,1.0,-0.837,0.396,0.0
Indonesia,IDN,56.0,1999.0,Indonesian Democratic Party of Struggle,PDIP,33.8,33.3,154.0,462.0,1.0,-1.349,0.732,2.0
Indonesia,IDN,56.0,2004.0,Indonesian Democratic Party of Struggle,PDIP,18.5,19.8,109.0,550.0,3.0,-0.943,0.639,0.0
Indonesia,IDN,56.0,2009.0,Indonesian Democratic Party of Struggle,PDIP,14.0,16.6,93.0,560.0,3.0,-1.327,0.593,0.0
Indonesia,IDN,56.0,2014.0,Indonesian Democratic Party of Struggle,PDIP,19.0,19.5,109.0,560.0,0.0,-0.96,0.669,0.0
Indonesia,IDN,56.0,2019.0,Indonesian Democratic Party of Struggle,PDIP,19.3,22.3,128.0,575.0,0.0,-0.725,0.525,0.0
Indonesia,IDN,56.0,2004.0,Democratic Party,PD,7.4,10.2,56.0,550.0,0.0,0.194,0.355,1.0
Indonesia,IDN,56.0,2009.0,Democratic Party,PD,20.9,26.4,148.0,560.0,0.0,0.194,0.276,0.0
Indonesia,IDN,56.0,2014.0,Democratic Party,PD,10.9,10.9,61.0,560.0,3.0,0.209,0.388,0.0
Indonesia,IDN,56.0,2019.0,Democratic Party,PD,7.7,9.4,54.0,575.0,3.0,0.223,0.366,0.0
Indonesia,IDN,56.0,2009.0,Great Indonesia Movement Party,Gerindra,4.5,5.4,30.0,560.0,3.0,-0.726,0.639,1.0
Indonesia,IDN,56.0,2014.0,Great Indonesia Movement Party,Gerindra,11.8,13.0,73.0,560.0,3.0,-0.72,0.718,0.0
Indonesia,IDN,56.0,2019.0,Great Indonesia Movement Party,Gerindra,12.6,13.6,78.0,575.0,1.0,-0.711,0.698,0.0
Indonesia,IDN,56.0,2014.0,Nasdem Party,Nasdem,6.7,6.3,35.0,560.0,1.0,0.355,0.375,1.0
Indonesia,IDN,56.0,2019.0,Nasdem Party,Nasdem,9.1,10.3,59.0,575.0,1.0,0.355,0.363,0.0
Indonesia,IDN,56.0,2014.0,People's Conscience Party,Hanura,5.3,2.9,16.0,560.0,1.0,-0.322,0.192,0.0
Indonesia,IDN,56.0,1982.0,The Indonesian Democratic Party,PDI,7.9,6.7,24.0,360.0,3.0,-1.884,0.644,0.0
Indonesia,IDN,56.0,1987.0,The Indonesian Democratic Party,PDI,10.9,10.0,40.0,400.0,3.0,-1.895,0.645,0.0
Indonesia,IDN,56.0,1992.0,The Indonesian Democratic Party,PDI,14.9,14.0,56.0,400.0,3.0,-1.865,0.669,0.0
Mozambique,MOZ,57.0,1986.0,Liberation Front of Mozambique,FRELIMO,100.0,100.0,250.0,250.0,0.0,-2.768,0.495,0.0
Mozambique,MOZ,57.0,1994.0,Liberation Front of Mozambique,FRELIMO,44.3,51.6,129.0,250.0,0.0,-1.078,0.088,0.0
Mozambique,MOZ,57.0,1999.0,Liberation Front of Mozambique,FRELIMO,48.5,53.2,133.0,250.0,0.0,-0.844,0.079,0.0
Mozambique,MOZ,57.0,2004.0,Liberation Front of Mozambique,FRELIMO,62.0,64.0,160.0,250.0,0.0,-0.844,0.172,0.0
Mozambique,MOZ,57.0,2009.0,Liberation Front of Mozambique,FRELIMO,74.7,76.4,191.0,250.0,0.0,-0.835,0.181,0.0
Mozambique,MOZ,57.0,2014.0,Liberation Front of Mozambique,FRELIMO,57.1,57.6,144.0,250.0,0.0,-0.827,0.171,0.0
Mozambique,MOZ,57.0,2019.0,Liberation Front of Mozambique,FRELIMO,71.3,57.6,144.0,250.0,0.0,-0.611,0.151,0.0
Mozambique,MOZ,57.0,1994.0,Mozambican National Resistance,RENAMO,37.8,44.8,112.0,250.0,3.0,1.334,0.658,0.0
Mozambique,MOZ,57.0,1999.0,Mozambican National Resistance,RENAMO,38.8,46.8,117.0,250.0,3.0,1.334,0.684,0.0
Mozambique,MOZ,57.0,2004.0,Mozambican National Resistance,RENAMO,29.7,36.0,90.0,250.0,3.0,1.176,0.719,0.0
Mozambique,MOZ,57.0,2009.0,Mozambican National Resistance,RENAMO,17.7,20.4,51.0,250.0,3.0,1.004,0.717,0.0
Mozambique,MOZ,57.0,2014.0,Mozambican National Resistance,RENAMO,33.2,35.6,89.0,250.0,3.0,1.031,0.673,0.0
Mozambique,MOZ,57.0,2019.0,Mozambican National Resistance,RENAMO,22.3,35.6,89.0,250.0,3.0,1.031,0.675,0.0
Mozambique,MOZ,57.0,2014.0,Democratic Movement of Mozambique,MDM,8.5,6.8,17.0,250.0,3.0,0.044,0.69,0.0
Mozambique,MOZ,57.0,2019.0,Democratic Movement of Mozambique,MDM,4.2,6.8,17.0,250.0,3.0,0.044,0.692,0.0
Mozambique,MOZ,57.0,1994.0,Democratic Union,Udemo,5.2,3.6,9.0,250.0,3.0,0.451,0.575,1.0
Nepal,NPL,58.0,1981.0,independent,indep,,80.0,112.0,140.0,,,,
Nepal,NPL,58.0,1986.0,independent,indep,,80.0,112.0,140.0,,,,
Nepal,NPL,58.0,1991.0,independent,indep,4.4,1.5,3.0,205.0,,,,
Nepal,NPL,58.0,1991.0,National Democratic Party,RPP,12.5,2.0,4.0,205.0,3.0,-0.109,0.504,0.0
Nepal,NPL,58.0,1994.0,National Democratic Party,RPP,17.9,9.8,20.0,205.0,3.0,0.301,0.504,0.0
Nepal,NPL,58.0,1999.0,National Democratic Party,RPP,10.4,5.5,11.0,201.0,3.0,0.609,0.509,0.0
Nepal,NPL,58.0,2017.0,National Democratic Party,RPP,2.1,0.4,1.0,274.0,3.0,1.468,0.501,0.0
Nepal,NPL,58.0,2008.0,Madeshi People's Rights Forum Nepal,MJF,,8.7,52.0,601.0,1.0,-0.088,0.857,0.0
Nepal,NPL,58.0,2012.0,Madeshi People's Rights Forum Nepal,MJF,,8.7,52.0,601.0,1.0,-0.381,0.873,0.0
Nepal,NPL,58.0,1991.0,Communist Party of Nepal (Unified Marxist–Leninist),CPN-UML,29.2,33.7,69.0,205.0,3.0,-2.028,0.844,0.0
Nepal,NPL,58.0,1994.0,Communist Party of Nepal (Unified Marxist–Leninist),CPN-UML,30.8,42.9,88.0,205.0,0.0,-2.028,0.826,0.0
Nepal,NPL,58.0,1999.0,Communist Party of Nepal (Unified Marxist–Leninist),CPN-UML,31.6,33.8,68.0,201.0,3.0,-1.7,0.803,0.0
Nepal,NPL,58.0,2008.0,Communist Party of Nepal (Unified Marxist–Leninist),CPN-UML,,17.1,103.0,601.0,1.0,-0.88,0.718,0.0
Nepal,NPL,58.0,2012.0,Communist Party of Nepal (Unified Marxist–Leninist),CPN-UML,,17.1,103.0,601.0,3.0,-0.591,0.593,0.0
Nepal,NPL,58.0,2013.0,Communist Party of Nepal (Unified Marxist–Leninist),CPN-UML,,29.1,175.0,601.0,1.0,-0.344,0.557,0.0
Nepal,NPL,58.0,2017.0,Communist Party of Nepal (Unified Marxist–Leninist),CPN-UML,33.3,44.2,121.0,274.0,0.0,-0.013,0.466,0.0
Nepal,NPL,58.0,1991.0,Nepali Congress,NC,39.5,53.7,110.0,205.0,0.0,0.289,0.4,0.0
Nepal,NPL,58.0,1994.0,Nepali Congress,NC,33.4,40.5,83.0,205.0,3.0,-0.327,0.4,0.0
Nepal,NPL,58.0,1999.0,Nepali Congress,NC,37.2,54.7,110.0,201.0,0.0,0.273,0.4,0.0
Nepal,NPL,58.0,2008.0,Nepali Congress,NC,,18.3,110.0,601.0,3.0,0.512,0.4,0.0
Nepal,NPL,58.0,2012.0,Nepali Congress,NC,,18.3,110.0,601.0,3.0,0.228,0.4,0.0
Nepal,NPL,58.0,2013.0,Nepali Congress,NC,,32.6,196.0,601.0,0.0,0.462,0.4,0.0
Nepal,NPL,58.0,2017.0,Nepali Congress,NC,32.8,23.0,63.0,274.0,3.0,0.462,0.442,0.0
Nepal,NPL,58.0,2008.0,Communist Party of Nepal (Maoist),UCPNM,,36.6,220.0,601.0,0.0,-2.455,0.838,2.0
Nepal,NPL,58.0,2012.0,Communist Party of Nepal (Maoist),UCPNM,,36.6,220.0,601.0,0.0,-2.455,0.838,2.0
Nepal,NPL,58.0,2013.0,Communist Party of Nepal (Maoist),UCPNM,,13.3,80.0,601.0,1.0,-1.82,0.706,0.0
Nepal,NPL,58.0,2017.0,Communist Party of Nepal (Maoist),UCPNM,13.7,19.3,53.0,274.0,1.0,-0.315,0.581,0.0
Nepal,NPL,58.0,1991.0,United People's Front of Nepal,SJM,5.0,4.4,9.0,205.0,3.0,-3.142,0.889,1.0
Nepal,NPL,58.0,2017.0,"Federal Socialist Forum, Nepal",FSFN,4.9,5.8,16.0,274.0,2.0,-0.106,0.828,2.0
Nepal,NPL,58.0,2017.0,National People's Party Nepal,RJPN,5.0,6.2,17.0,274.0,3.0,-0.502,0.856,2.0
Nepal,NPL,58.0,1981.0,technical: Appointees,tech,,20.0,28.0,140.0,,,,
Nepal,NPL,58.0,1986.0,technical: Appointees,tech,,20.0,28.0,140.0,,,,
Nicaragua,NIC,59.0,1996.0,Constitutionalist Liberal Party,PLC,,,,,,,,
Nicaragua,NIC,59.0,2001.0,Constitutionalist Liberal Party,PLC,53.2,53.3,49.0,92.0,0.0,2.016,0.373,2.0
Nicaragua,NIC,59.0,2006.0,Constitutionalist Liberal Party,PLC,27.6,27.2,25.0,92.0,3.0,2.008,0.353,0.0
Nicaragua,NIC,59.0,2011.0,Constitutionalist Liberal Party,PLC,6.4,2.2,2.0,92.0,3.0,2.008,0.411,0.0
Nicaragua,NIC,59.0,2016.0,Constitutionalist Liberal Party,PLC,15.3,14.1,13.0,92.0,3.0,2.004,0.416,0.0
Nicaragua,NIC,59.0,2006.0,Sandinista Renovation Movement,MRS,8.3,5.4,5.0,92.0,3.0,-0.863,0.54,1.0
Nicaragua,NIC,59.0,1984.0,Sandinista National Liberation Front,FSLN,66.5,63.5,61.0,96.0,0.0,-2.82,0.885,1.0
Nicaragua,NIC,59.0,1990.0,Sandinista National Liberation Front,FSLN,40.8,42.4,39.0,92.0,3.0,-2.82,0.876,0.0
Nicaragua,NIC,59.0,1996.0,Sandinista National Liberation Front,FSLN,36.6,40.0,36.0,90.0,3.0,-1.972,0.875,0.0
Nicaragua,NIC,59.0,2001.0,Sandinista National Liberation Front,FSLN,42.1,42.4,39.0,92.0,3.0,-1.965,0.88,0.0
Nicaragua,NIC,59.0,2006.0,Sandinista National Liberation Front,FSLN,37.5,41.3,38.0,92.0,0.0,-0.854,0.722,0.0
Nicaragua,NIC,59.0,2011.0,Sandinista National Liberation Front,FSLN,60.9,68.5,63.0,92.0,0.0,-0.334,0.674,0.0
Nicaragua,NIC,59.0,2016.0,Sandinista National Liberation Front,FSLN,65.9,76.1,70.0,92.0,0.0,-0.001,0.689,0.0
Nicaragua,NIC,59.0,2006.0,Nicaraguan Liberal Alliance,ALN,26.7,25.0,23.0,92.0,3.0,2.025,0.259,1.0
Nicaragua,NIC,59.0,2016.0,Nicaraguan Liberal Alliance,ALN,5.7,2.2,2.0,92.0,3.0,2.021,0.4,0.0
Nicaragua,NIC,59.0,1996.0,Nicaraguan Resistance Party,PRN,,,,,,,,
Nicaragua,NIC,59.0,1984.0,Independent Liberal Party,PLI,9.3,9.4,9.0,96.0,3.0,1.502,0.322,1.0
Nicaragua,NIC,59.0,1996.0,Independent Liberal Party,PLI,,,,,,,,
Nicaragua,NIC,59.0,2011.0,Independent Liberal Party,PLI,31.6,29.3,27.0,92.0,3.0,1.496,0.411,1.0
Nicaragua,NIC,59.0,2016.0,Independent Liberal Party,PLI,6.7,2.2,2.0,92.0,3.0,1.496,0.411,0.0
Nicaragua,NIC,59.0,1984.0,Democratic Conservative Party,PCD,13.9,14.6,14.0,96.0,3.0,1.504,0.325,1.0
Nicaragua,NIC,59.0,1984.0,Popular Social Christian Party,PPSC,5.7,6.3,6.0,96.0,3.0,-1.662,0.596,1.0
Nicaragua,NIC,59.0,1990.0,National Opposition Union,UNO,53.9,55.4,51.0,92.0,0.0,1.482,0.554,1.0
Nicaragua,NIC,59.0,1996.0,Independent Liberal Party for National Unity,PLIUN,,,,,,,,
Nicaragua,NIC,59.0,1996.0,Neoliberal Party,PALI,,,,,,,,
Nicaragua,NIC,59.0,1996.0,alliance: Liberal Alliance,Liberal Alli...,46.0,46.7,42.0,90.0,0.0,2.043,0.262,1.0
Niger,NER,60.0,1993.0,Nigerien Party for Democracy and Socialism,PNDS,14.6,15.7,13.0,83.0,0.0,0.044,0.779,0.0
Niger,NER,60.0,1995.0,Nigerien Party for Democracy and Socialism,PNDS,14.1,14.5,12.0,83.0,1.0,-1.055,0.779,0.0
Niger,NER,60.0,1999.0,Nigerien Party for Democracy and Socialism,PNDS,21.5,19.3,16.0,83.0,3.0,-1.021,0.665,0.0
Niger,NER,60.0,2004.0,Nigerien Party for Democracy and Socialism,PNDS,21.2,22.1,25.0,113.0,3.0,-1.021,0.737,0.0
Niger,NER,60.0,2011.0,Nigerien Party for Democracy and Socialism,PNDS,33.0,30.1,34.0,113.0,0.0,-1.044,0.654,0.0
Niger,NER,60.0,2016.0,Nigerien Party for Democracy and Socialism,PNDS,44.1,43.9,75.0,171.0,0.0,-1.044,0.654,0.0
Niger,NER,60.0,1989.0,National Movement for the Development of Society,MNSD-N,100.0,100.0,93.0,93.0,0.0,0.934,0.773,0.0
Niger,NER,60.0,1993.0,National Movement for the Development of Society,MNSD-N,30.7,34.9,29.0,83.0,3.0,0.042,0.731,0.0
Niger,NER,60.0,1995.0,National Movement for the Development of Society,MNSD-N,30.3,34.9,29.0,83.0,0.0,-1.044,0.778,0.0
Niger,NER,60.0,1999.0,National Movement for the Development of Society,MNSD-N,34.7,45.8,38.0,83.0,0.0,-0.996,0.733,0.0
Niger,NER,60.0,2004.0,National Movement for the Development of Society,MNSD-N,37.2,41.6,47.0,113.0,0.0,-0.996,0.782,1.0
Niger,NER,60.0,2009.0,National Movement for the Development of Society,MNSD-N,47.3,67.3,76.0,113.0,0.0,-0.996,0.782,0.0
Niger,NER,60.0,2011.0,National Movement for the Development of Society,MNSD-N,20.6,22.1,25.0,113.0,3.0,-0.996,0.782,0.0
Niger,NER,60.0,2016.0,National Movement for the Development of Society,MNSD-N,11.8,11.7,20.0,171.0,3.0,-0.996,0.782,0.0
Niger,NER,60.0,1993.0,Nigerien Alliance for Democracy and Progress,ANDP,15.3,13.3,11.0,83.0,1.0,0.073,0.583,0.0
Niger,NER,60.0,1995.0,Nigerien Alliance for Democracy and Progress,ANDP,12.9,10.8,9.0,83.0,3.0,-1.001,0.729,0.0
Niger,NER,60.0,1996.0,Nigerien Alliance for Democracy and Progress,ANDP,10.1,9.6,8.0,83.0,3.0,-1.001,0.557,0.0
Niger,NER,60.0,2011.0,Nigerien Alliance for Democracy and Progress,ANDP,7.5,7.1,8.0,113.0,3.0,-1.003,0.562,0.0
Niger,NER,60.0,1993.0,Democratic and Social Convention,CDS,27.3,26.5,22.0,83.0,1.0,0.056,0.779,0.0
Niger,NER,60.0,1995.0,Democratic and Social Convention,CDS,29.7,28.9,24.0,83.0,3.0,-1.035,0.779,0.0
Niger,NER,60.0,1999.0,Democratic and Social Convention,CDS,17.2,20.5,17.0,83.0,1.0,-1.055,0.782,0.0
Niger,NER,60.0,2004.0,Democratic and Social Convention,CDS,17.4,19.5,22.0,113.0,1.0,-1.055,0.782,0.0
Niger,NER,60.0,1996.0,independent,indep,6.1,3.6,3.0,83.0,,,,
Niger,NER,60.0,2004.0,Social Democratic Rally,RSD-G,7.1,6.2,7.0,113.0,2.0,0.149,0.561,0.0
Niger,NER,60.0,2009.0,Social Democratic Rally,RSD-G,15.7,13.3,15.0,113.0,1.0,0.149,0.561,0.0
Niger,NER,60.0,2011.0,Nigerien Democratic Movement for an African Federation,MODEN/FA,19.7,20.4,23.0,113.0,1.0,0.16,0.565,0.0
Niger,NER,60.0,2016.0,Nigerien Democratic Movement for an African Federation,MODEN/FA,14.7,14.6,25.0,171.0,1.0,0.16,0.565,0.0
Niger,NER,60.0,2011.0,Union for Democracy and the Republic,UDR,5.4,5.3,6.0,113.0,1.0,0.118,0.404,0.0
Niger,NER,60.0,1996.0,Rally for Democracy and Progress / National Union of Independents for Democratic Renewal,RDP-J/UNIRD,56.7,59.0,49.0,83.0,1.0,0.121,0.775,0.0
Niger,NER,60.0,1999.0,Rally for Democracy and Progress / National Union of Independents for Democratic Renewal,RDP-J/UNIRD,11.0,9.6,8.0,83.0,2.0,0.121,0.775,0.0
Niger,NER,60.0,2009.0,Rally for Democracy and Progress / National Union of Independents for Democratic Renewal,RDP-J/UNIRD,10.5,6.2,7.0,113.0,1.0,0.092,0.734,0.0
Niger,NER,60.0,2011.0,Rally for Democracy and Progress / National Union of Independents for Democratic Renewal,RDP-J/UNIRD,6.5,6.2,7.0,113.0,2.0,0.092,0.734,0.0
Niger,NER,60.0,1996.0,Party for People's Dignity,PDP-Daraja,5.3,3.6,3.0,83.0,1.0,0.128,0.654,0.0
Niger,NER,60.0,2016.0,Patriotic Movement for the Republic,PMR,7.1,7.6,13.0,171.0,1.0,0.13,0.557,0.0
Zambia,ZMB,61.0,2006.0,Patriotic Front,PF,23.0,28.7,43.0,150.0,3.0,-0.324,0.626,0.0
Zambia,ZMB,61.0,2011.0,Patriotic Front,PF,38.4,40.0,60.0,150.0,0.0,-0.379,0.547,0.0
Zambia,ZMB,61.0,2016.0,Patriotic Front,PF,41.0,51.3,80.0,156.0,0.0,-0.063,0.311,0.0
Zambia,ZMB,61.0,2001.0,Forum for Democracy and Development,FDD,15.6,8.0,12.0,150.0,3.0,-0.47,0.551,0.0
Zambia,ZMB,61.0,2006.0,Forum for Democracy and Development,FDD,,,,,3.0,-0.561,0.542,0.0
Zambia,ZMB,61.0,1991.0,Movement for Multi-party Democracy,MMD,74.8,83.3,125.0,150.0,0.0,-0.368,0.705,0.0
Zambia,ZMB,61.0,1996.0,Movement for Multi-party Democracy,MMD,60.1,87.3,131.0,150.0,0.0,-0.293,0.468,0.0
Zambia,ZMB,61.0,2001.0,Movement for Multi-party Democracy,MMD,28.0,46.0,69.0,150.0,0.0,-0.105,0.432,0.0
Zambia,ZMB,61.0,2006.0,Movement for Multi-party Democracy,MMD,39.1,50.0,75.0,150.0,0.0,-0.172,0.428,0.0
Zambia,ZMB,61.0,2011.0,Movement for Multi-party Democracy,MMD,33.4,36.7,55.0,150.0,3.0,-0.336,0.26,0.0
Zambia,ZMB,61.0,1983.0,United National Independence Party,UNIP,100.0,100.0,136.0,136.0,0.0,-2.734,0.882,0.0
Zambia,ZMB,61.0,1988.0,United National Independence Party,UNIP,100.0,100.0,136.0,136.0,0.0,-2.724,0.865,0.0
Zambia,ZMB,61.0,1991.0,United National Independence Party,UNIP,24.2,16.7,25.0,150.0,3.0,-2.229,0.348,0.0
Zambia,ZMB,61.0,2001.0,United National Independence Party,UNIP,10.6,8.7,13.0,150.0,3.0,-2.01,0.61,0.0
Zambia,ZMB,61.0,2006.0,United National Independence Party,UNIP,,,,,3.0,-1.877,0.627,0.0
Zambia,ZMB,61.0,2001.0,United Party for National Development,UPND,23.9,32.7,49.0,150.0,3.0,0.536,0.634,0.0
Zambia,ZMB,61.0,2006.0,United Party for National Development,UPND,,,,,3.0,0.561,0.614,0.0
Zambia,ZMB,61.0,2011.0,United Party for National Development,UPND,17.2,18.7,28.0,150.0,3.0,0.612,0.534,0.0
Zambia,ZMB,61.0,2016.0,United Party for National Development,UPND,40.6,37.2,58.0,156.0,3.0,0.599,0.607,0.0
Zambia,ZMB,61.0,2016.0,independent,indep,9.3,9.0,14.0,156.0,,,,
Zambia,ZMB,61.0,1996.0,Zambia Democratic Congress,ZDC,14.1,1.3,2.0,150.0,3.0,-0.282,0.594,0.0
Zambia,ZMB,61.0,1996.0,National Party,NP,7.2,3.3,5.0,150.0,3.0,-0.418,0.658,0.0
Zambia,ZMB,61.0,2006.0,United Democratic Alliance,UDA,22.5,17.3,26.0,150.0,,,,
Zimbabwe,ZWE,62.0,1980.0,Zimbabwe African National Union – Patriotic Front,ZANU-PF,61.8,57.0,57.0,100.0,0.0,-1.569,0.896,1.0
Zimbabwe,ZWE,62.0,1985.0,Zimbabwe African National Union – Patriotic Front,ZANU-PF,77.2,64.0,64.0,100.0,0.0,-1.79,0.566,0.0
Zimbabwe,ZWE,62.0,1990.0,Zimbabwe African National Union – Patriotic Front,ZANU-PF,80.5,98.3,117.0,119.0,0.0,-1.739,0.54,0.0
Zimbabwe,ZWE,62.0,1995.0,Zimbabwe African National Union – Patriotic Front,ZANU-PF,77.0,98.3,118.0,120.0,0.0,-1.739,0.499,0.0
Zimbabwe,ZWE,62.0,2000.0,Zimbabwe African National Union – Patriotic Front,ZANU-PF,48.6,52.1,62.0,119.0,0.0,-1.854,0.335,0.0
Zimbabwe,ZWE,62.0,2005.0,Zimbabwe African National Union – Patriotic Front,ZANU-PF,59.6,65.0,78.0,120.0,0.0,-1.854,0.333,0.0
Zimbabwe,ZWE,62.0,2008.0,Zimbabwe African National Union – Patriotic Front,ZANU-PF,45.9,46.9,97.0,207.0,0.0,-1.779,0.196,0.0
Zimbabwe,ZWE,62.0,2013.0,Zimbabwe African National Union – Patriotic Front,ZANU-PF,,73.0,197.0,270.0,0.0,-1.779,0.146,0.0
Zimbabwe,ZWE,62.0,2018.0,Zimbabwe African National Union – Patriotic Front,ZANU-PF,52.4,63.9,179.0,280.0,0.0,-0.788,0.338,0.0
Zimbabwe,ZWE,62.0,2018.0,independent,indep,5.0,0.4,1.0,280.0,,,,
Zimbabwe,ZWE,62.0,2000.0,Movement for Democratic Change,MDC,47.0,47.9,57.0,119.0,3.0,-0.114,0.934,0.0
Zimbabwe,ZWE,62.0,2005.0,Movement for Democratic Change,MDC,39.5,34.2,41.0,120.0,3.0,0.228,0.915,0.0
Zimbabwe,ZWE,62.0,2008.0,Movement for Democratic Change – Tsvangirai,MDC-T,43.0,47.8,99.0,207.0,1.0,0.389,0.88,0.0
Zimbabwe,ZWE,62.0,2013.0,Movement for Democratic Change – Tsvangirai,MDC-T,,25.9,70.0,270.0,3.0,0.389,0.78,0.0
Zimbabwe,ZWE,62.0,2018.0,Movement for Democratic Change – Tsvangirai,MDC-T,,,,,,,,
Zimbabwe,ZWE,62.0,2008.0,Movement for Democratic Change – Ncube,MDC-N,8.4,4.8,10.0,207.0,1.0,0.198,0.642,1.0
Zimbabwe,ZWE,62.0,2018.0,Movement for Democratic Change – Ncube,MDC-N,,,,,,,,
Zimbabwe,ZWE,62.0,1980.0,Zimbabwe African People's Union,ZAPU,23.6,20.0,20.0,100.0,1.0,-0.855,0.898,1.0
Zimbabwe,ZWE,62.0,1985.0,Zimbabwe African People's Union,ZAPU,17.9,15.0,15.0,100.0,3.0,-0.812,0.881,0.0
Zimbabwe,ZWE,62.0,1980.0,Rhodesian Front / Conservative Alliance of Zimbabwe,RF/CAZ,83.0,20.0,20.0,100.0,1.0,2.832,0.141,0.0
Zimbabwe,ZWE,62.0,1985.0,Rhodesian Front / Conservative Alliance of Zimbabwe,RF/CAZ,55.0,15.0,15.0,100.0,3.0,2.247,0.14,0.0
Zimbabwe,ZWE,62.0,1995.0,Zimbabwe African National Union-Ndongo,ZANU-N,6.0,1.7,2.0,120.0,3.0,0.004,0.67,0.0
Zimbabwe,ZWE,62.0,2018.0,Zimbabwe African National Union-Ndongo,ZANU-N,,,,,,,,
Zimbabwe,ZWE,62.0,1980.0,United African National Congress,UANC,8.1,3.0,3.0,100.0,3.0,0.536,0.378,0.0
Zimbabwe,ZWE,62.0,1990.0,Zimbabwe Unity Movement,ZUM,17.6,1.7,2.0,119.0,3.0,0.156,0.825,1.0
Zimbabwe,ZWE,62.0,2018.0,People's Democratic Party,PDP,,,,,,,,
Zimbabwe,ZWE,62.0,2018.0,Transform Zimbabwe,TW,,,,,,,,
Zimbabwe,ZWE,62.0,2018.0,Zimbabwe People First,ZPF,,,,,,,,
Zimbabwe,ZWE,62.0,2018.0,Multi-Racial Democrats,MRD,,,,,,,,
Zimbabwe,ZWE,62.0,2018.0,alliance: Movement for Democratic Change Alliance,Movement for...,34.2,31.4,88.0,280.0,3.0,0.683,0.775,2.0
Guinea,GIN,63.0,1995.0,Rally of the People of Guinea Rainbow,RPG,,16.7,19.0,114.0,3.0,-1.858,0.629,1.0
Guinea,GIN,63.0,2013.0,Rally of the People of Guinea Rainbow,RPG,,46.5,53.0,114.0,0.0,1.853,0.623,0.0
Guinea,GIN,63.0,2013.0,Union of Democratic Forces of Guinea,UFDG,,32.5,37.0,114.0,3.0,-3.265,0.799,0.0
Guinea,GIN,63.0,2013.0,Union of Republican Forces,UFR,,8.8,10.0,114.0,3.0,-1.834,0.773,0.0
Guinea,GIN,63.0,1995.0,Union for Progress and Renewal,UPR,,7.9,9.0,114.0,3.0,-1.829,0.779,0.0
Guinea,GIN,63.0,2002.0,Union for Progress and Renewal,UPR,26.6,17.5,20.0,114.0,3.0,-1.829,0.782,0.0
Guinea,GIN,63.0,1980.0,Democratic Party of Guinea – African Democratic Rally,RDA,100.0,100.0,150.0,150.0,0.0,-1.012,0.847,0.0
Guinea,GIN,63.0,1995.0,Union for a New Republic,UNR,,7.9,9.0,114.0,3.0,-1.87,0.791,0.0
Guinea,GIN,63.0,1995.0,Unity and Progress Party,PUP,,62.3,71.0,114.0,0.0,1.068,0.63,1.0
Guinea,GIN,63.0,2002.0,Unity and Progress Party,PUP,61.6,74.6,85.0,114.0,0.0,1.09,0.63,0.0
Ivory Coast,CIV,64.0,2016.0,independent,indep,38.5,29.8,76.0,255.0,,,,
Ivory Coast,CIV,64.0,1990.0,Ivorian Popular Front,FPI,,5.1,9.0,175.0,3.0,-2.408,0.775,1.0
Ivory Coast,CIV,64.0,1995.0,Ivorian Popular Front,FPI,,5.3,9.0,169.0,3.0,-2.408,0.726,0.0
Ivory Coast,CIV,64.0,2000.0,Ivorian Popular Front,FPI,,48.7,96.0,197.0,0.0,-1.887,0.456,0.0
Ivory Coast,CIV,64.0,2001.0,Ivorian Popular Front,FPI,,43.0,96.0,223.0,0.0,-1.585,0.456,0.0
Ivory Coast,CIV,64.0,2016.0,Ivorian Popular Front,FPI,5.8,1.2,3.0,255.0,3.0,-1.751,0.689,0.0
Ivory Coast,CIV,64.0,1995.0,Rally of the Republicans,RDR,,8.3,14.0,169.0,3.0,1.727,0.49,1.0
Ivory Coast,CIV,64.0,2011.0,Rally of the Republicans,RDR,,57.0,127.0,223.0,0.0,1.744,0.313,0.0
Ivory Coast,CIV,64.0,1980.0,Democratic Party of Côte d'Ivoire — African Democratic Rally,PDCI-RDA,100.0,100.0,120.0,120.0,0.0,1.885,0.294,0.0
Ivory Coast,CIV,64.0,1985.0,Democratic Party of Côte d'Ivoire — African Democratic Rally,PDCI-RDA,100.0,100.0,175.0,175.0,0.0,1.901,0.248,0.0
Ivory Coast,CIV,64.0,1990.0,Democratic Party of Côte d'Ivoire — African Democratic Rally,PDCI-RDA,,93.1,163.0,175.0,0.0,1.885,0.337,0.0
Ivory Coast,CIV,64.0,1995.0,Democratic Party of Côte d'Ivoire — African Democratic Rally,PDCI-RDA,,86.4,146.0,169.0,0.0,2.175,0.328,0.0
Ivory Coast,CIV,64.0,2000.0,Democratic Party of Côte d'Ivoire — African Democratic Rally,PDCI-RDA,,39.1,77.0,197.0,3.0,1.738,0.489,0.0
Ivory Coast,CIV,64.0,2001.0,Democratic Party of Côte d'Ivoire — African Democratic Rally,PDCI-RDA,,42.2,94.0,223.0,3.0,1.766,0.532,0.0
Ivory Coast,CIV,64.0,2011.0,Democratic Party of Côte d'Ivoire — African Democratic Rally,PDCI-RDA,,34.5,77.0,223.0,1.0,1.766,0.457,0.0
Ivory Coast,CIV,64.0,2016.0,Rally of Houphouëtists for Democracy and Peace,RHDP,50.3,65.5,167.0,255.0,0.0,2.225,0.317,0.0
Mauritania,MRT,65.0,1992.0,independent,indep,21.5,12.7,10.0,79.0,,,,
Mauritania,MRT,65.0,1996.0,independent,indep,12.7,8.9,7.0,79.0,,,,
Mauritania,MRT,65.0,2006.0,independent,indep,,43.2,41.0,95.0,,,,
Mauritania,MRT,65.0,2001.0,Rally of Democratic Forces / Assembly of Democratic Forces,RFD,5.6,3.7,3.0,81.0,3.0,-1.983,0.685,2.0
Mauritania,MRT,65.0,2006.0,Rally of Democratic Forces / Assembly of Democratic Forces,RFD,,15.8,15.0,95.0,3.0,-1.983,0.65,0.0
Mauritania,MRT,65.0,1992.0,Democratic [and Social] Republican Party for Renewal,PRDR,67.7,84.8,67.0,79.0,0.0,2.072,0.07,2.0
Mauritania,MRT,65.0,1996.0,Democratic [and Social] Republican Party for Renewal,PRDR,67.6,88.6,70.0,79.0,0.0,2.072,0.07,0.0
Mauritania,MRT,65.0,2001.0,Democratic [and Social] Republican Party for Renewal,PRDR,51.0,79.0,64.0,81.0,0.0,2.072,0.07,0.0
Mauritania,MRT,65.0,2006.0,Democratic [and Social] Republican Party for Renewal,PRDR,,7.4,7.0,95.0,3.0,2.072,0.07,0.0
Mauritania,MRT,65.0,2006.0,People's Progressive Alliance,APP,,5.3,5.0,95.0,1.0,-1.947,0.584,2.0
Mauritania,MRT,65.0,2013.0,People's Progressive Alliance,APP,4.4,4.8,7.0,146.0,3.0,-1.947,0.768,2.0
Mauritania,MRT,65.0,2013.0,Union for the Republic,UPR,55.1,51.4,75.0,146.0,0.0,2.07,0.077,2.0
Mauritania,MRT,65.0,2013.0,National Rally for Reform and Development,RNRD,13.8,11.0,16.0,146.0,3.0,0.195,0.738,1.0
Mauritania,MRT,65.0,2006.0,Union of the Forces of Progress,UFP,,8.4,8.0,95.0,1.0,-1.971,0.583,1.0
Mauritania,MRT,65.0,2013.0,Party of the Democratic and Social Agreement,PEDS,5.0,6.8,10.0,146.0,2.0,0.445,0.368,1.0
Mauritania,MRT,65.0,2001.0,Action for Change,AC,5.5,4.9,4.0,81.0,3.0,-1.964,0.891,1.0
Mauritania,MRT,65.0,1992.0,Rally for Democracy and Unity,RDU,7.9,1.3,1.0,79.0,1.0,1.479,0.064,0.0
Mauritania,MRT,65.0,2001.0,Rally for Democracy and Unity,RDU,9.6,3.7,3.0,81.0,1.0,1.475,0.066,1.0
Mauritania,MRT,65.0,2001.0,Union for Democracy and Progress,UDP,8.1,3.7,3.0,81.0,1.0,1.46,0.206,1.0
Mauritania,MRT,65.0,2006.0,alliance: Al-Mithaq,Al-Mithaq,,,,,1.0,0.436,0.187,1.0
Canada,CAN,66.0,1980.0,New Democratic Party,NDP,19.8,11.3,32.0,282.0,3.0,-2.309,0.501,0.0
Canada,CAN,66.0,1984.0,New Democratic Party,NDP,18.8,10.6,30.0,282.0,3.0,-2.728,0.499,0.0
Canada,CAN,66.0,1988.0,New Democratic Party,NDP,20.2,14.6,43.0,295.0,3.0,-2.728,0.498,0.0
Canada,CAN,66.0,1993.0,New Democratic Party,NDP,6.9,3.1,9.0,295.0,3.0,-2.346,0.464,0.0
Canada,CAN,66.0,1997.0,New Democratic Party,NDP,11.1,7.0,21.0,301.0,3.0,-2.346,0.464,0.0
Canada,CAN,66.0,2000.0,New Democratic Party,NDP,8.5,4.3,13.0,301.0,3.0,-2.346,0.467,0.0
Canada,CAN,66.0,2004.0,New Democratic Party,NDP,15.7,6.2,19.0,308.0,3.0,-2.346,0.602,0.0
Canada,CAN,66.0,2006.0,New Democratic Party,NDP,17.5,9.4,29.0,308.0,3.0,-1.931,0.682,0.0
Canada,CAN,66.0,2008.0,New Democratic Party,NDP,18.2,12.0,37.0,308.0,3.0,-2.343,0.682,0.0
Canada,CAN,66.0,2011.0,New Democratic Party,NDP,30.6,33.4,103.0,308.0,3.0,-2.343,0.682,0.0
Canada,CAN,66.0,2015.0,New Democratic Party,NDP,19.7,13.0,44.0,338.0,3.0,-2.343,0.452,0.0
Canada,CAN,66.0,2019.0,New Democratic Party,NDP,15.9,7.1,24.0,338.0,3.0,-2.343,0.614,0.0
Canada,CAN,66.0,1980.0,Progressive Conservative Party of Canada,PCP,32.5,36.5,103.0,282.0,3.0,0.602,0.211,0.0
Canada,CAN,66.0,1984.0,Progressive Conservative Party of Canada,PCP,50.0,74.8,211.0,282.0,0.0,0.602,0.23,0.0
Canada,CAN,66.0,1988.0,Progressive Conservative Party of Canada,PCP,42.7,57.3,169.0,295.0,0.0,0.602,0.202,0.0
Canada,CAN,66.0,1993.0,Progressive Conservative Party of Canada,PCP,16.0,0.7,2.0,295.0,3.0,0.602,0.175,0.0
Canada,CAN,66.0,1997.0,Progressive Conservative Party of Canada,PCP,18.8,6.6,20.0,301.0,3.0,0.602,0.177,0.0
Canada,CAN,66.0,2000.0,Progressive Conservative Party of Canada,PCP,12.2,4.0,12.0,301.0,3.0,0.602,0.176,0.0
Canada,CAN,66.0,2008.0,Green Party of Canada,GPC,6.8,0.0,0.0,308.0,3.0,-0.537,0.233,0.0
Canada,CAN,66.0,2019.0,Green Party of Canada,GPC,6.5,0.9,3.0,338.0,3.0,-0.559,0.236,0.0
Canada,CAN,66.0,2004.0,Conservative Party of Canada (2003),CPC,29.6,32.1,99.0,308.0,3.0,1.385,0.509,1.0
Canada,CAN,66.0,2006.0,Conservative Party of Canada (2003),CPC,36.3,40.3,124.0,308.0,0.0,1.385,0.609,0.0
Canada,CAN,66.0,2008.0,Conservative Party of Canada (2003),CPC,37.7,46.4,143.0,308.0,0.0,1.385,0.579,0.0
Canada,CAN,66.0,2011.0,Conservative Party of Canada (2003),CPC,39.6,53.9,166.0,308.0,0.0,1.385,0.579,0.0
Canada,CAN,66.0,2015.0,Conservative Party of Canada (2003),CPC,31.9,29.3,99.0,338.0,3.0,1.385,0.625,0.0
Canada,CAN,66.0,2019.0,Conservative Party of Canada (2003),CPC,34.4,35.8,121.0,338.0,3.0,1.385,0.479,0.0
Canada,CAN,66.0,1993.0,Quebec Bloc,BQ,13.5,18.3,54.0,295.0,3.0,-1.668,0.545,1.0
Canada,CAN,66.0,1997.0,Quebec Bloc,BQ,10.7,14.6,44.0,301.0,3.0,-1.369,0.545,0.0
Canada,CAN,66.0,2000.0,Quebec Bloc,BQ,10.7,12.6,38.0,301.0,3.0,-1.369,0.545,0.0
Canada,CAN,66.0,2004.0,Quebec Bloc,BQ,12.4,17.5,54.0,308.0,3.0,-1.369,0.547,0.0
Canada,CAN,66.0,2006.0,Quebec Bloc,BQ,10.5,16.6,51.0,308.0,3.0,-1.369,0.549,0.0
Canada,CAN,66.0,2008.0,Quebec Bloc,BQ,10.0,15.9,49.0,308.0,3.0,-1.369,0.549,0.0
Canada,CAN,66.0,2011.0,Quebec Bloc,BQ,6.1,1.3,4.0,308.0,3.0,-1.369,0.549,0.0
Canada,CAN,66.0,2019.0,Quebec Bloc,BQ,7.7,9.5,32.0,338.0,3.0,0.333,0.565,0.0
Canada,CAN,66.0,1980.0,Liberal Party of Canada,LP,44.3,52.1,147.0,282.0,0.0,-0.563,0.181,0.0
Canada,CAN,66.0,1984.0,Liberal Party of Canada,LP,28.0,14.2,40.0,282.0,3.0,-0.286,0.181,0.0
Canada,CAN,66.0,1988.0,Liberal Party of Canada,LP,31.7,28.1,83.0,295.0,3.0,-0.557,0.28,0.0
Canada,CAN,66.0,1993.0,Liberal Party of Canada,LP,41.3,60.0,177.0,295.0,0.0,0.146,0.178,0.0
Canada,CAN,66.0,1997.0,Liberal Party of Canada,LP,38.5,51.5,155.0,301.0,0.0,0.394,0.178,0.0
Canada,CAN,66.0,2000.0,Liberal Party of Canada,LP,40.9,57.1,172.0,301.0,0.0,0.394,0.178,0.0
Canada,CAN,66.0,2004.0,Liberal Party of Canada,LP,36.7,43.8,135.0,308.0,0.0,-0.282,0.178,0.0
Canada,CAN,66.0,2006.0,Liberal Party of Canada,LP,30.2,33.4,103.0,308.0,3.0,-0.282,0.145,0.0
Canada,CAN,66.0,2008.0,Liberal Party of Canada,LP,26.3,25.0,77.0,308.0,3.0,-0.282,0.145,0.0
Canada,CAN,66.0,2011.0,Liberal Party of Canada,LP,18.9,11.0,34.0,308.0,3.0,-0.282,0.181,0.0
Canada,CAN,66.0,2015.0,Liberal Party of Canada,LP,39.5,54.4,184.0,338.0,0.0,-1.4,0.289,0.0
Canada,CAN,66.0,2019.0,Liberal Party of Canada,LP,33.1,46.4,157.0,338.0,0.0,-1.052,0.297,0.0
Canada,CAN,66.0,1993.0,Reform Party of Canada,RPC,18.7,17.6,52.0,295.0,3.0,1.953,0.936,0.0
Canada,CAN,66.0,1997.0,Reform Party of Canada,RPC,19.4,19.9,60.0,301.0,3.0,1.953,0.936,0.0
Canada,CAN,66.0,2000.0,Reform Party of Canada,RPC,25.5,21.9,66.0,301.0,3.0,1.953,0.936,2.0
Australia,AUS,67.0,2010.0,Liberal National Party of Queensland,LNPQ,9.1,14.0,21.0,150.0,3.0,1.419,0.403,1.0
Australia,AUS,67.0,2013.0,Liberal National Party of Queensland,LNPQ,8.9,14.7,22.0,150.0,1.0,1.419,0.403,0.0
Australia,AUS,67.0,2016.0,Liberal National Party of Queensland,LNPQ,8.5,14.0,21.0,150.0,1.0,1.419,0.403,0.0
Australia,AUS,67.0,2019.0,Liberal National Party of Queensland,LNPQ,8.7,15.2,23.0,151.0,1.0,1.419,0.369,0.0
Australia,AUS,67.0,1980.0,Australian Labor Party,ALP,45.1,40.8,51.0,125.0,3.0,-0.834,0.395,0.0
Australia,AUS,67.0,1983.0,Australian Labor Party,ALP,49.5,60.0,75.0,125.0,0.0,-0.834,0.317,0.0
Australia,AUS,67.0,1984.0,Australian Labor Party,ALP,47.5,55.4,82.0,148.0,0.0,-0.834,0.317,0.0
Australia,AUS,67.0,1987.0,Australian Labor Party,ALP,45.8,58.1,86.0,148.0,0.0,-0.834,0.317,0.0
Australia,AUS,67.0,1990.0,Australian Labor Party,ALP,39.4,52.7,78.0,148.0,0.0,-0.834,0.317,0.0
Australia,AUS,67.0,1993.0,Australian Labor Party,ALP,44.9,54.4,80.0,147.0,0.0,-0.834,0.317,0.0
Australia,AUS,67.0,1996.0,Australian Labor Party,ALP,38.8,33.1,49.0,148.0,3.0,-0.834,0.317,0.0
Australia,AUS,67.0,1998.0,Australian Labor Party,ALP,40.1,45.3,67.0,148.0,3.0,-0.834,0.397,0.0
Australia,AUS,67.0,2001.0,Australian Labor Party,ALP,37.8,43.3,65.0,150.0,3.0,-0.834,0.397,0.0
Australia,AUS,67.0,2004.0,Australian Labor Party,ALP,37.6,40.0,60.0,150.0,3.0,-0.834,0.46,0.0
Australia,AUS,67.0,2007.0,Australian Labor Party,ALP,43.4,55.3,83.0,150.0,0.0,-0.834,0.391,0.0
Australia,AUS,67.0,2010.0,Australian Labor Party,ALP,38.0,48.0,72.0,150.0,0.0,-0.834,0.391,0.0
Australia,AUS,67.0,2013.0,Australian Labor Party,ALP,33.4,36.7,55.0,150.0,3.0,-1.323,0.391,0.0
Australia,AUS,67.0,2016.0,Australian Labor Party,ALP,34.7,46.0,69.0,150.0,3.0,-0.833,0.391,0.0
Australia,AUS,67.0,2019.0,Australian Labor Party,ALP,33.3,45.0,68.0,151.0,3.0,-1.282,0.515,0.0
Australia,AUS,67.0,1980.0,Liberal Party of Australia,LPA,37.4,43.2,54.0,125.0,0.0,0.937,0.034,0.0
Australia,AUS,67.0,1983.0,Liberal Party of Australia,LPA,34.4,26.4,33.0,125.0,3.0,0.937,0.034,0.0
Australia,AUS,67.0,1984.0,Liberal Party of Australia,LPA,34.1,29.7,44.0,148.0,3.0,0.937,0.106,0.0
Australia,AUS,67.0,1987.0,Liberal Party of Australia,LPA,34.3,29.1,43.0,148.0,3.0,1.423,0.106,0.0
Australia,AUS,67.0,1990.0,Liberal Party of Australia,LPA,34.8,37.2,55.0,148.0,3.0,1.423,0.106,0.0
Australia,AUS,67.0,1993.0,Liberal Party of Australia,LPA,36.8,33.3,49.0,147.0,3.0,0.964,0.106,0.0
Australia,AUS,67.0,1996.0,Liberal Party of Australia,LPA,38.7,50.7,75.0,148.0,0.0,1.408,0.197,0.0
Australia,AUS,67.0,1998.0,Liberal Party of Australia,LPA,33.9,43.2,64.0,148.0,0.0,1.408,0.18,0.0
Australia,AUS,67.0,2001.0,Liberal Party of Australia,LPA,37.1,45.3,68.0,150.0,0.0,1.408,0.199,0.0
Australia,AUS,67.0,2004.0,Liberal Party of Australia,LPA,40.5,49.3,74.0,150.0,0.0,1.408,0.199,0.0
Australia,AUS,67.0,2007.0,Liberal Party of Australia,LPA,36.3,36.7,55.0,150.0,3.0,0.948,0.18,0.0
Australia,AUS,67.0,2010.0,Liberal Party of Australia,LPA,30.5,29.3,44.0,150.0,3.0,1.414,0.195,0.0
Australia,AUS,67.0,2013.0,Liberal Party of Australia,LPA,32.0,38.7,58.0,150.0,0.0,1.414,0.195,0.0
Australia,AUS,67.0,2016.0,Liberal Party of Australia,LPA,28.7,30.0,45.0,150.0,0.0,0.972,0.195,0.0
Australia,AUS,67.0,2019.0,Liberal Party of Australia,LPA,28.0,29.1,44.0,151.0,0.0,0.972,0.204,0.0
Australia,AUS,67.0,1980.0,Australian Democrats,AD,6.6,0.0,0.0,125.0,3.0,-1.084,0.373,0.0
Australia,AUS,67.0,1983.0,Australian Democrats,AD,5.0,0.0,0.0,125.0,3.0,-1.084,0.262,0.0
Australia,AUS,67.0,1984.0,Australian Democrats,AD,5.4,0.0,0.0,148.0,3.0,-1.084,0.262,0.0
Australia,AUS,67.0,1987.0,Australian Democrats,AD,6.0,0.0,0.0,148.0,3.0,-1.342,0.262,0.0
Australia,AUS,67.0,1990.0,Australian Democrats,AD,11.3,0.0,0.0,148.0,3.0,-1.342,0.262,0.0
Australia,AUS,67.0,1996.0,Australian Democrats,AD,6.8,0.0,0.0,148.0,3.0,-1.328,0.27,0.0
Australia,AUS,67.0,1998.0,Australian Democrats,AD,5.1,0.0,0.0,148.0,3.0,-1.328,0.27,0.0
Australia,AUS,67.0,2001.0,Australian Democrats,AD,5.4,0.0,0.0,150.0,3.0,-1.328,0.27,0.0
Australia,AUS,67.0,1998.0,One Nation Party,ONP,8.4,0.0,0.0,148.0,3.0,1.63,0.91,1.0
Australia,AUS,67.0,2001.0,Australian Greens,AG,5.0,0.0,0.0,150.0,3.0,-2.748,0.382,0.0
Australia,AUS,67.0,2004.0,Australian Greens,AG,7.2,0.0,0.0,150.0,3.0,-2.748,0.382,0.0
Australia,AUS,67.0,2007.0,Australian Greens,AG,7.8,0.0,0.0,150.0,3.0,-2.748,0.382,0.0
Australia,AUS,67.0,2010.0,Australian Greens,AG,11.8,0.7,1.0,150.0,2.0,-2.748,0.382,0.0
Australia,AUS,67.0,2013.0,Australian Greens,AG,8.7,0.7,1.0,150.0,3.0,-2.748,0.382,0.0
Australia,AUS,67.0,2019.0,Australian Greens,AG,10.4,0.7,1.0,151.0,3.0,-2.765,0.377,0.0
Australia,AUS,67.0,1980.0,Australian Country Party / National Party of Australia,ACP-NPA,8.9,16.0,20.0,125.0,1.0,1.449,0.211,0.0
Australia,AUS,67.0,1983.0,Australian Country Party / National Party of Australia,ACP-NPA,9.0,13.6,17.0,125.0,3.0,1.449,0.211,0.0
Australia,AUS,67.0,1984.0,Australian Country Party / National Party of Australia,ACP-NPA,10.6,14.2,21.0,148.0,3.0,1.449,0.293,0.0
Australia,AUS,67.0,1987.0,Australian Country Party / National Party of Australia,ACP-NPA,11.5,12.8,19.0,148.0,3.0,1.449,0.323,0.0
Australia,AUS,67.0,1990.0,Australian Country Party / National Party of Australia,ACP-NPA,8.4,9.5,14.0,148.0,3.0,1.449,0.293,0.0
Australia,AUS,67.0,1993.0,Australian Country Party / National Party of Australia,ACP-NPA,7.2,10.9,16.0,147.0,3.0,1.449,0.293,0.0
Australia,AUS,67.0,1996.0,Australian Country Party / National Party of Australia,ACP-NPA,8.2,12.2,18.0,148.0,1.0,1.449,0.402,0.0
Australia,AUS,67.0,1998.0,Australian Country Party / National Party of Australia,ACP-NPA,5.3,10.8,16.0,148.0,1.0,1.449,0.402,0.0
Australia,AUS,67.0,2001.0,Australian Country Party / National Party of Australia,ACP-NPA,5.6,8.7,13.0,150.0,1.0,1.449,0.402,0.0
Australia,AUS,67.0,2004.0,Australian Country Party / National Party of Australia,ACP-NPA,5.9,8.0,12.0,150.0,1.0,1.449,0.402,0.0
Australia,AUS,67.0,2007.0,Australian Country Party / National Party of Australia,ACP-NPA,5.5,6.7,10.0,150.0,3.0,1.449,0.363,0.0
Australia,AUS,67.0,2013.0,Palmer United Party,PUP,5.5,0.7,1.0,150.0,3.0,1.451,0.912,1.0
Botswana,BWA,68.0,1984.0,Botswana Democratic Party,BDP,68.0,76.5,26.0,34.0,0.0,0.993,0.068,0.0
Botswana,BWA,68.0,1989.0,Botswana Democratic Party,BDP,64.8,91.2,31.0,34.0,0.0,0.771,0.068,0.0
Botswana,BWA,68.0,1994.0,Botswana Democratic Party,BDP,54.4,67.5,27.0,40.0,0.0,0.771,0.068,0.0
Botswana,BWA,68.0,1999.0,Botswana Democratic Party,BDP,57.0,82.5,33.0,40.0,0.0,0.571,0.068,0.0
Botswana,BWA,68.0,2004.0,Botswana Democratic Party,BDP,51.7,77.2,44.0,57.0,0.0,0.75,0.068,0.0
Botswana,BWA,68.0,2009.0,Botswana Democratic Party,BDP,53.3,78.9,45.0,57.0,0.0,0.973,0.152,0.0
Botswana,BWA,68.0,2014.0,Botswana Democratic Party,BDP,46.5,64.9,37.0,57.0,0.0,0.774,0.148,0.0
Botswana,BWA,68.0,2019.0,Botswana Democratic Party,BDP,52.7,60.3,38.0,63.0,0.0,0.591,0.208,0.0
Botswana,BWA,68.0,1984.0,Botswana National Front,BNF,20.4,20.6,7.0,34.0,3.0,-2.762,0.809,0.0
Botswana,BWA,68.0,1989.0,Botswana National Front,BNF,27.0,8.8,3.0,34.0,3.0,-2.355,0.809,0.0
Botswana,BWA,68.0,1994.0,Botswana National Front,BNF,37.1,32.5,13.0,40.0,3.0,-1.832,0.804,0.0
Botswana,BWA,68.0,1999.0,Botswana National Front,BNF,26.0,15.0,6.0,40.0,3.0,-1.824,0.804,0.0
Botswana,BWA,68.0,2004.0,Botswana National Front,BNF,26.1,21.1,12.0,57.0,3.0,-1.824,0.807,0.0
Botswana,BWA,68.0,2009.0,Botswana National Front,BNF,21.9,10.5,6.0,57.0,3.0,-1.828,0.808,0.0
Botswana,BWA,68.0,1999.0,Botswana Congress Party,BCP,12.0,2.5,1.0,40.0,3.0,-1.373,0.603,0.0
Botswana,BWA,68.0,2004.0,Botswana Congress Party,BCP,16.6,1.8,1.0,57.0,3.0,-1.373,0.602,0.0
Botswana,BWA,68.0,2009.0,Botswana Congress Party,BCP,19.1,7.0,4.0,57.0,3.0,-1.155,0.603,0.0
Botswana,BWA,68.0,2014.0,Botswana Congress Party,BCP,20.4,5.3,3.0,57.0,3.0,-1.164,0.578,0.0
Botswana,BWA,68.0,2019.0,Botswana Congress Party,BCP,,,,,,,,
Botswana,BWA,68.0,1984.0,Botswana People’s Party,BPP,6.6,2.9,1.0,34.0,3.0,-1.49,0.784,0.0
Botswana,BWA,68.0,2014.0,Umbrella for Democratic Change,UDC,30.0,29.8,17.0,57.0,3.0,-1.146,0.651,0.0
Botswana,BWA,68.0,2019.0,Umbrella for Democratic Change,UDC,35.9,23.8,15.0,63.0,3.0,-0.962,0.665,0.0
Burundi,BDI,69.0,1980.0,Union for National Progress,UPRONA,,,,,0.0,-1.832,0.385,0.0
Burundi,BDI,69.0,1982.0,Union for National Progress,UPRONA,100.0,100.0,65.0,65.0,0.0,-1.832,0.385,0.0
Burundi,BDI,69.0,1987.0,Union for National Progress,UPRONA,,,,,0.0,-1.505,0.413,0.0
Burundi,BDI,69.0,1992.0,Union for National Progress,UPRONA,,,,,0.0,-1.886,0.488,0.0
Burundi,BDI,69.0,1993.0,Union for National Progress,UPRONA,21.9,19.8,16.0,81.0,1.0,-1.312,0.5,0.0
Burundi,BDI,69.0,2005.0,Union for National Progress,UPRONA,7.2,13.0,15.0,115.0,1.0,-1.106,0.384,0.0
Burundi,BDI,69.0,2010.0,Union for National Progress,UPRONA,11.1,14.8,17.0,115.0,1.0,-1.106,0.363,0.0
Burundi,BDI,69.0,1993.0,Front for Democracy in Burundi,FRODEBU,72.6,80.2,65.0,81.0,0.0,-0.402,0.834,1.0
Burundi,BDI,69.0,2005.0,Front for Democracy in Burundi,FRODEBU,21.7,26.1,30.0,115.0,1.0,-1.057,0.51,0.0
Burundi,BDI,69.0,2010.0,Front for Democracy in Burundi,FRODEBU,5.9,4.3,5.0,115.0,3.0,-1.057,0.502,0.0
Burundi,BDI,69.0,2005.0,National Council for the Defense of Democracy – Front for the Defense of Democracy,CNDD-FDD,58.5,55.7,64.0,115.0,0.0,-0.776,0.703,1.0
Burundi,BDI,69.0,2010.0,National Council for the Defense of Democracy – Front for the Defense of Democracy,CNDD-FDD,81.9,70.4,81.0,115.0,0.0,0.58,0.708,0.0
Burundi,BDI,69.0,2015.0,National Council for the Defense of Democracy – Front for the Defense of Democracy,CNDD-FDD,60.3,77.0,77.0,100.0,0.0,0.837,0.751,0.0
Burundi,BDI,69.0,2015.0,Independents of Hope,IE,11.2,21.0,21.0,100.0,1.0,0.131,0.491,0.0
Cape Verde,CPV,70.0,1995.0,Party for Democratic Convergence,PCD,6.7,1.4,1.0,72.0,3.0,-0.453,0.492,0.0
Cape Verde,CPV,70.0,2016.0,Independent and Democratic Union of Cape Verde,UCID,6.9,4.2,3.0,72.0,3.0,0.391,0.594,0.0
Cape Verde,CPV,70.0,1991.0,Movement for Democracy,MPD,66.4,70.9,56.0,79.0,0.0,1.117,0.37,0.0
Cape Verde,CPV,70.0,1995.0,Movement for Democracy,MPD,61.3,69.4,50.0,72.0,0.0,1.369,0.331,0.0
Cape Verde,CPV,70.0,2001.0,Movement for Democracy,MPD,40.8,42.9,30.0,70.0,3.0,0.906,0.301,0.0
Cape Verde,CPV,70.0,2006.0,Movement for Democracy,MPD,44.0,40.3,29.0,72.0,3.0,0.828,0.301,0.0
Cape Verde,CPV,70.0,2011.0,Movement for Democracy,MPD,42.3,44.4,32.0,72.0,3.0,1.036,0.329,0.0
Cape Verde,CPV,70.0,2016.0,Movement for Democracy,MPD,54.5,55.6,40.0,72.0,0.0,0.873,0.153,0.0
Cape Verde,CPV,70.0,1980.0,African Party for the Independence of Cape Verde,PAICV,92.6,100.0,63.0,63.0,0.0,-2.575,0.605,0.0
Cape Verde,CPV,70.0,1985.0,African Party for the Independence of Cape Verde,PAICV,94.9,100.0,83.0,83.0,0.0,-2.586,0.604,0.0
Cape Verde,CPV,70.0,1991.0,African Party for the Independence of Cape Verde,PAICV,33.6,29.1,23.0,79.0,3.0,-1.69,0.468,0.0
Cape Verde,CPV,70.0,1995.0,African Party for the Independence of Cape Verde,PAICV,29.8,29.2,21.0,72.0,3.0,-1.566,0.397,0.0
Cape Verde,CPV,70.0,2001.0,African Party for the Independence of Cape Verde,PAICV,49.9,57.1,40.0,70.0,0.0,-1.389,0.214,0.0
Cape Verde,CPV,70.0,2006.0,African Party for the Independence of Cape Verde,PAICV,52.3,56.9,41.0,72.0,0.0,-0.834,0.164,0.0
Cape Verde,CPV,70.0,2011.0,African Party for the Independence of Cape Verde,PAICV,52.7,52.8,38.0,72.0,0.0,-0.843,0.164,0.0
Cape Verde,CPV,70.0,2016.0,African Party for the Independence of Cape Verde,PAICV,38.2,40.3,29.0,72.0,3.0,-0.812,0.279,0.0
Central African Republic,CAF,71.0,2016.0,independent,indep,,42.7,56.0,131.0,,,,
Central African Republic,CAF,71.0,2005.0,"Convergence Nationale """"Kwa Na Kwa""""",KNK,74.3,75.0,78.0,104.0,0.0,1.322,0.165,1.0
Central African Republic,CAF,71.0,2011.0,"Convergence Nationale """"Kwa Na Kwa""""",KNK,74.3,67.0,61.0,91.0,0.0,1.322,0.162,0.0
Central African Republic,CAF,71.0,2016.0,"Convergence Nationale """"Kwa Na Kwa""""",KNK,,5.3,7.0,131.0,1.0,1.322,0.476,0.0
Central African Republic,CAF,71.0,1993.0,Movement for the Liberation of the Central African People,MLPC,,44.7,34.0,76.0,0.0,-2.031,0.745,0.0
Central African Republic,CAF,71.0,1998.0,Movement for the Liberation of the Central African People,MLPC,,43.9,47.0,107.0,0.0,-2.031,0.388,0.0
Central African Republic,CAF,71.0,2005.0,Movement for the Liberation of the Central African People,MLPC,11.4,11.5,12.0,104.0,3.0,-2.031,0.65,0.0
Central African Republic,CAF,71.0,2016.0,Movement for the Liberation of the Central African People,MLPC,,6.9,9.0,131.0,1.0,-2.145,0.743,0.0
Central African Republic,CAF,71.0,1993.0,Alliance for Democracy and Progress,ADP,,7.9,6.0,76.0,1.0,-0.119,0.466,0.0
Central African Republic,CAF,71.0,2016.0,Alliance for Democracy and Progress,ADP,,9.9,13.0,131.0,3.0,-0.467,0.435,1.0
Central African Republic,CAF,71.0,1998.0,Patriotic Front for Progress,FPP,,6.5,7.0,107.0,3.0,-1.474,0.777,2.0
Central African Republic,CAF,71.0,1993.0,Liberal Democratic Party,PLD,,9.2,7.0,76.0,1.0,1.295,0.655,0.0
Central African Republic,CAF,71.0,1986.0,Central African Democratic Rally,RDC,,,,,0.0,0.728,0.635,0.0
Central African Republic,CAF,71.0,1987.0,Central African Democratic Rally,RDC,100.0,100.0,52.0,52.0,0.0,0.728,0.635,0.0
Central African Republic,CAF,71.0,1993.0,Central African Democratic Rally,RDC,,17.1,13.0,76.0,3.0,0.728,0.671,0.0
Central African Republic,CAF,71.0,1998.0,Central African Democratic Rally,RDC,,18.7,20.0,107.0,3.0,0.728,0.671,0.0
Central African Republic,CAF,71.0,2005.0,Central African Democratic Rally,RDC,6.7,6.7,7.0,104.0,3.0,0.728,0.671,0.0
Central African Republic,CAF,71.0,2016.0,Central African Democratic Rally,RDC,,7.6,10.0,131.0,3.0,0.603,0.65,0.0
Central African Republic,CAF,71.0,1998.0,Movement for Democracy and Development,MDD,,7.5,8.0,107.0,3.0,-0.507,0.443,1.0
Central African Republic,CAF,71.0,2011.0,Movement for Democracy and Development,MDD,,2.2,2.0,91.0,2.0,-0.935,0.411,0.0
Central African Republic,CAF,71.0,1993.0,Democratic Forces,CFD,,9.2,7.0,76.0,3.0,-0.974,0.749,0.0
Central African Republic,CAF,71.0,2011.0,Action Party for Development,PAD,,3.3,3.0,91.0,1.0,-0.404,0.452,0.0
Central African Republic,CAF,71.0,2016.0,Union for Central African Renewal,URCA,,9.9,13.0,131.0,3.0,1.183,0.657,1.0
Central African Republic,CAF,71.0,2011.0,alliance: Presidential Majority,Presidential...,,,,,,,,
Chile,CHL,72.0,1993.0,Socialist Party of Chile,PS,11.9,12.5,15.0,120.0,1.0,-1.186,0.509,0.0
Chile,CHL,72.0,1997.0,Socialist Party of Chile,PS,11.0,9.2,11.0,120.0,1.0,-0.916,0.509,0.0
Chile,CHL,72.0,2001.0,Socialist Party of Chile,PS,10.0,8.3,10.0,120.0,1.0,-0.916,0.479,0.0
Chile,CHL,72.0,2005.0,Socialist Party of Chile,PS,10.1,12.5,15.0,120.0,0.0,-1.285,0.479,0.0
Chile,CHL,72.0,2009.0,Socialist Party of Chile,PS,9.9,9.2,11.0,120.0,3.0,-1.285,0.479,0.0
Chile,CHL,72.0,2013.0,Socialist Party of Chile,PS,11.1,12.5,15.0,120.0,0.0,-1.442,0.507,0.0
Chile,CHL,72.0,2017.0,Socialist Party of Chile,PS,9.8,12.3,19.0,155.0,3.0,-1.261,0.497,0.0
Chile,CHL,72.0,1989.0,Party for Democracy,PPD,11.5,13.3,16.0,120.0,1.0,-0.762,0.364,1.0
Chile,CHL,72.0,1993.0,Party for Democracy,PPD,11.8,12.5,15.0,120.0,1.0,-0.63,0.311,0.0
Chile,CHL,72.0,1997.0,Party for Democracy,PPD,12.5,13.3,16.0,120.0,1.0,-0.63,0.311,0.0
Chile,CHL,72.0,2001.0,Party for Democracy,PPD,12.7,16.7,20.0,120.0,0.0,-0.641,0.311,0.0
Chile,CHL,72.0,2005.0,Party for Democracy,PPD,15.4,17.5,21.0,120.0,1.0,-0.612,0.311,0.0
Chile,CHL,72.0,2009.0,Party for Democracy,PPD,12.7,15.0,18.0,120.0,3.0,-0.612,0.356,0.0
Chile,CHL,72.0,2013.0,Party for Democracy,PPD,11.0,12.5,15.0,120.0,1.0,-0.612,0.356,0.0
Chile,CHL,72.0,2017.0,Party for Democracy,PPD,6.1,5.2,8.0,155.0,3.0,-0.612,0.328,0.0
Chile,CHL,72.0,2005.0,Communist Party of Chile,PC,5.1,0.0,0.0,120.0,,,,
Chile,CHL,72.0,2013.0,Communist Party of Chile,PC,4.1,5.0,6.0,120.0,1.0,-2.315,0.8,0.0
Chile,CHL,72.0,2017.0,Communist Party of Chile,PC,4.6,5.2,8.0,155.0,3.0,-2.315,0.708,0.0
Chile,CHL,72.0,2005.0,Humanist Party,PH,1.6,0.0,0.0,120.0,,,,
Chile,CHL,72.0,2017.0,Humanist Party,PH,4.2,3.2,5.0,155.0,3.0,-2.667,0.564,0.0
Chile,CHL,72.0,1989.0,Christian Democratic Party,PDC,26.0,31.7,38.0,120.0,0.0,0.35,0.317,0.0
Chile,CHL,72.0,1993.0,Christian Democratic Party,PDC,27.1,30.8,37.0,120.0,0.0,0.132,0.256,0.0
Chile,CHL,72.0,1997.0,Christian Democratic Party,PDC,23.0,31.7,38.0,120.0,0.0,0.132,0.232,0.0
Chile,CHL,72.0,2001.0,Christian Democratic Party,PDC,18.9,19.2,23.0,120.0,1.0,0.132,0.232,0.0
Chile,CHL,72.0,2005.0,Christian Democratic Party,PDC,20.8,16.7,20.0,120.0,1.0,-0.046,0.278,0.0
Chile,CHL,72.0,2009.0,Christian Democratic Party,PDC,14.2,15.8,19.0,120.0,3.0,-0.243,0.278,0.0
Chile,CHL,72.0,2013.0,Christian Democratic Party,PDC,15.5,17.5,21.0,120.0,1.0,0.312,0.278,0.0
Chile,CHL,72.0,2017.0,Christian Democratic Party,PDC,10.3,9.0,14.0,155.0,3.0,0.312,0.314,0.0
Chile,CHL,72.0,1989.0,Social Democrat Radical Party,PRSD,3.9,4.2,5.0,120.0,1.0,-0.92,0.342,2.0
Chile,CHL,72.0,1993.0,Social Democrat Radical Party,PRSD,3.0,1.7,2.0,120.0,1.0,-0.641,0.314,2.0
Chile,CHL,72.0,1997.0,Social Democrat Radical Party,PRSD,3.1,3.3,4.0,120.0,1.0,-0.641,0.314,0.0
Chile,CHL,72.0,2001.0,Social Democrat Radical Party,PRSD,4.0,5.0,6.0,120.0,1.0,-0.641,0.314,0.0
Chile,CHL,72.0,2005.0,Social Democrat Radical Party,PRSD,3.5,5.8,7.0,120.0,1.0,-0.641,0.314,0.0
Chile,CHL,72.0,2009.0,Social Democrat Radical Party,PRSD,3.8,4.2,5.0,120.0,3.0,-0.641,0.314,0.0
Chile,CHL,72.0,2013.0,Social Democrat Radical Party,PRSD,3.6,5.0,6.0,120.0,1.0,-0.641,0.314,0.0
Chile,CHL,72.0,2017.0,Social Democrat Radical Party,PRSD,3.6,5.2,8.0,155.0,3.0,-0.782,0.451,0.0
Chile,CHL,72.0,1989.0,National Renewal,RN,18.3,24.2,29.0,120.0,3.0,1.911,0.031,1.0
Chile,CHL,72.0,1993.0,National Renewal,RN,16.3,24.2,29.0,120.0,3.0,1.911,0.031,0.0
Chile,CHL,72.0,1997.0,National Renewal,RN,16.8,19.2,23.0,120.0,3.0,1.669,0.031,0.0
Chile,CHL,72.0,2001.0,National Renewal,RN,13.8,15.0,18.0,120.0,3.0,1.669,0.088,0.0
Chile,CHL,72.0,2005.0,National Renewal,RN,14.1,15.8,19.0,120.0,3.0,1.669,0.088,0.0
Chile,CHL,72.0,2009.0,National Renewal,RN,17.8,15.0,18.0,120.0,0.0,1.669,0.088,0.0
Chile,CHL,72.0,2013.0,National Renewal,RN,14.9,15.8,19.0,120.0,3.0,1.669,0.144,0.0
Chile,CHL,72.0,2017.0,National Renewal,RN,17.8,23.2,36.0,155.0,0.0,1.669,0.152,0.0
Chile,CHL,72.0,1989.0,Independent Democratic Union,UDI,9.8,9.2,11.0,120.0,3.0,2.619,0.089,1.0
Chile,CHL,72.0,1993.0,Independent Democratic Union,UDI,12.0,12.5,15.0,120.0,3.0,2.619,0.089,0.0
Chile,CHL,72.0,1997.0,Independent Democratic Union,UDI,14.5,14.2,17.0,120.0,3.0,2.619,0.089,0.0
Chile,CHL,72.0,2001.0,Independent Democratic Union,UDI,25.2,25.8,31.0,120.0,3.0,2.619,0.09,0.0
Chile,CHL,72.0,2005.0,Independent Democratic Union,UDI,22.4,27.5,33.0,120.0,3.0,2.619,0.089,0.0
Chile,CHL,72.0,2009.0,Independent Democratic Union,UDI,23.1,30.8,37.0,120.0,1.0,2.619,0.089,0.0
Chile,CHL,72.0,2013.0,Independent Democratic Union,UDI,19.0,24.2,29.0,120.0,3.0,2.619,0.156,0.0
Chile,CHL,72.0,2017.0,Independent Democratic Union,UDI,16.0,19.4,30.0,155.0,1.0,2.66,0.146,0.0
Chile,CHL,72.0,2005.0,Together we can do more for Chile,PODEMOS,,,,,,,,
Chile,CHL,72.0,1989.0,Concert of Parties for Democracy,C,,,,,,,,
Chile,CHL,72.0,1993.0,Concert of Parties for Democracy,C,,,,,,,,
Chile,CHL,72.0,1997.0,Concert of Parties for Democracy,C,,,,,,,,
Chile,CHL,72.0,2001.0,Concert of Parties for Democracy,C,,,,,,,,
Chile,CHL,72.0,2005.0,Concert of Parties for Democracy,C,,,,,,,,
Chile,CHL,72.0,2009.0,Concert of Parties for Democracy,C,,,,,,,,
Chile,CHL,72.0,2013.0,Concert of Parties for Democracy,C,,,,,,,,
Chile,CHL,72.0,2017.0,Concert of Parties for Democracy,C,,,,,,,,
Chile,CHL,72.0,1989.0,Alliance,Alliance,,,,,,,,
Chile,CHL,72.0,1993.0,Alliance,Alliance,,,,,,,,
Chile,CHL,72.0,1997.0,Alliance,Alliance,,,,,,,,
Chile,CHL,72.0,2001.0,Alliance,Alliance,,,,,,,,
Chile,CHL,72.0,2005.0,Alliance,Alliance,,,,,,,,
Chile,CHL,72.0,2009.0,Alliance,Alliance,,,,,,,,
Chile,CHL,72.0,2013.0,Alliance,Alliance,,,,,,,,
Chile,CHL,72.0,2017.0,Alliance,Alliance,,,,,,,,
Chile,CHL,72.0,2017.0,Democratic Revolution,DR,5.7,6.5,10.0,155.0,3.0,-2.093,0.613,0.0
Chile,CHL,72.0,2017.0,Political Evolution,EP,4.3,3.9,6.0,155.0,1.0,0.424,0.266,1.0
Chile,CHL,72.0,2017.0,alliance: Broad Front,Broad Front,,,,,,,,
Costa Rica,CRI,73.0,2018.0,National Restoration Party,PRN,18.2,24.6,14.0,57.0,3.0,2.047,0.775,0.0
Costa Rica,CRI,73.0,2010.0,Accessibility without Exclusion,PASE,9.2,7.0,4.0,57.0,3.0,1.57,0.757,0.0
Costa Rica,CRI,73.0,2002.0,Libertarian Movement Party,PML,9.3,10.5,6.0,57.0,3.0,2.425,0.757,0.0
Costa Rica,CRI,73.0,2006.0,Libertarian Movement Party,PML,9.2,10.5,6.0,57.0,3.0,2.097,0.757,0.0
Costa Rica,CRI,73.0,2010.0,Libertarian Movement Party,PML,14.5,15.8,9.0,57.0,3.0,2.097,0.757,0.0
Costa Rica,CRI,73.0,2014.0,Libertarian Movement Party,PML,7.9,7.0,4.0,57.0,3.0,2.097,0.757,0.0
Costa Rica,CRI,73.0,1986.0,Social Christian Unity Party,PUSC,41.4,43.9,25.0,57.0,3.0,1.034,0.463,0.0
Costa Rica,CRI,73.0,1990.0,Social Christian Unity Party,PUSC,46.2,50.9,29.0,57.0,0.0,1.552,0.534,0.0
Costa Rica,CRI,73.0,1994.0,Social Christian Unity Party,PUSC,39.0,43.1,25.0,58.0,3.0,1.054,0.352,0.0
Costa Rica,CRI,73.0,1998.0,Social Christian Unity Party,PUSC,41.2,47.4,27.0,57.0,0.0,1.516,0.534,0.0
Costa Rica,CRI,73.0,2002.0,Social Christian Unity Party,PUSC,29.8,33.3,19.0,57.0,0.0,1.516,0.47,0.0
Costa Rica,CRI,73.0,2006.0,Social Christian Unity Party,PUSC,7.8,8.8,5.0,57.0,3.0,1.516,0.666,0.0
Costa Rica,CRI,73.0,2010.0,Social Christian Unity Party,PUSC,8.1,8.8,5.0,57.0,3.0,1.516,0.666,0.0
Costa Rica,CRI,73.0,2014.0,Social Christian Unity Party,PUSC,10.0,14.0,8.0,57.0,3.0,1.516,0.666,0.0
Costa Rica,CRI,73.0,2018.0,Social Christian Unity Party,PUSC,14.6,15.8,9.0,57.0,3.0,1.516,0.666,0.0
Costa Rica,CRI,73.0,2002.0,Citizens' Action Party,PAC,21.9,24.6,14.0,57.0,3.0,-1.125,0.764,1.0
Costa Rica,CRI,73.0,2006.0,Citizens' Action Party,PAC,25.3,29.8,17.0,57.0,3.0,-1.125,0.788,0.0
Costa Rica,CRI,73.0,2010.0,Citizens' Action Party,PAC,17.7,19.3,11.0,57.0,3.0,-1.125,0.653,0.0
Costa Rica,CRI,73.0,2014.0,Citizens' Action Party,PAC,23.5,22.8,13.0,57.0,0.0,-0.0,0.608,0.0
Costa Rica,CRI,73.0,2018.0,Citizens' Action Party,PAC,16.3,17.5,10.0,57.0,0.0,-0.0,0.608,0.0
Costa Rica,CRI,73.0,2014.0,Broad Front,FA,13.1,15.8,9.0,57.0,3.0,-2.46,0.897,0.0
Costa Rica,CRI,73.0,1982.0,National Liberation Party,PLN,55.2,57.9,33.0,57.0,0.0,-0.685,0.381,0.0
Costa Rica,CRI,73.0,1986.0,National Liberation Party,PLN,47.8,50.9,29.0,57.0,0.0,0.629,0.379,0.0
Costa Rica,CRI,73.0,1990.0,National Liberation Party,PLN,41.9,43.9,25.0,57.0,3.0,0.263,0.379,0.0
Costa Rica,CRI,73.0,1994.0,National Liberation Party,PLN,43.2,48.3,28.0,58.0,0.0,0.968,0.379,0.0
Costa Rica,CRI,73.0,1998.0,National Liberation Party,PLN,34.8,40.4,23.0,57.0,3.0,0.603,0.379,0.0
Costa Rica,CRI,73.0,2002.0,National Liberation Party,PLN,27.1,29.8,17.0,57.0,3.0,0.603,0.324,0.0
Costa Rica,CRI,73.0,2006.0,National Liberation Party,PLN,36.5,43.9,25.0,57.0,0.0,1.393,0.324,0.0
Costa Rica,CRI,73.0,2010.0,National Liberation Party,PLN,37.2,42.1,24.0,57.0,0.0,0.276,0.324,0.0
Costa Rica,CRI,73.0,2014.0,National Liberation Party,PLN,25.7,31.6,18.0,57.0,3.0,0.633,0.324,0.0
Costa Rica,CRI,73.0,2018.0,National Liberation Party,PLN,19.5,29.8,17.0,57.0,3.0,0.633,0.374,0.0
Costa Rica,CRI,73.0,1994.0,Democratic Force,FD,5.1,3.4,2.0,58.0,3.0,-2.471,0.874,2.0
Costa Rica,CRI,73.0,1998.0,Democratic Force,FD,5.8,5.3,3.0,57.0,3.0,-2.471,0.874,0.0
Costa Rica,CRI,73.0,2018.0,National Integration Party,PIN,7.7,7.0,4.0,57.0,3.0,1.096,0.71,0.0
Costa Rica,CRI,73.0,1982.0,United People,PU,6.4,7.0,4.0,57.0,3.0,-0.675,0.684,2.0
Costa Rica,CRI,73.0,1982.0,Unity Coalition,UC,29.1,31.6,18.0,57.0,3.0,0.706,0.367,0.0
Timor-Leste,TLS,74.0,2007.0,National Congress for Timorese Reconstruction,CNRT,,28.6,18.0,63.0,0.0,0.115,0.68,0.0
Timor-Leste,TLS,74.0,2012.0,National Congress for Timorese Reconstruction,CNRT,,46.2,30.0,65.0,0.0,0.115,0.601,0.0
Timor-Leste,TLS,74.0,2017.0,National Congress for Timorese Reconstruction,CNRT,29.5,33.8,22.0,65.0,3.0,-0.411,0.609,0.0
Timor-Leste,TLS,74.0,2018.0,National Congress for Timorese Reconstruction,CNRT,,,,,,,,
Timor-Leste,TLS,74.0,2001.0,Revolutionary Front for an Independent East Timor,FRTLI,57.4,62.5,55.0,88.0,0.0,-2.021,0.73,0.0
Timor-Leste,TLS,74.0,2007.0,Revolutionary Front for an Independent East Timor,FRTLI,,33.3,21.0,63.0,3.0,-2.021,0.768,0.0
Timor-Leste,TLS,74.0,2012.0,Revolutionary Front for an Independent East Timor,FRTLI,,38.5,25.0,65.0,3.0,-2.021,0.66,0.0
Timor-Leste,TLS,74.0,2017.0,Revolutionary Front for an Independent East Timor,FRTLI,29.7,35.4,23.0,65.0,0.0,-2.021,0.66,0.0
Timor-Leste,TLS,74.0,2018.0,Revolutionary Front for an Independent East Timor,FRTLI,34.2,35.4,23.0,65.0,3.0,-2.021,0.66,0.0
Timor-Leste,TLS,74.0,2001.0,Democratic Party,PD,8.7,8.0,7.0,88.0,1.0,-0.506,0.765,0.0
Timor-Leste,TLS,74.0,2007.0,Democratic Party,PD,,12.7,8.0,63.0,1.0,-0.506,0.733,0.0
Timor-Leste,TLS,74.0,2012.0,Democratic Party,PD,,12.3,8.0,65.0,1.0,-0.506,0.733,0.0
Timor-Leste,TLS,74.0,2017.0,Democratic Party,PD,9.8,10.8,7.0,65.0,3.0,-0.506,0.765,0.0
Timor-Leste,TLS,74.0,2018.0,Democratic Party,PD,8.1,7.7,5.0,65.0,3.0,-0.458,0.721,0.0
Timor-Leste,TLS,74.0,2001.0,Social Democratic Party,PSD,8.2,6.8,6.0,88.0,3.0,0.295,0.554,0.0
Timor-Leste,TLS,74.0,2007.0,Social Democratic Party,PSD,,17.5,11.0,63.0,1.0,0.245,0.555,0.0
Timor-Leste,TLS,74.0,2017.0,National Unity Better Growing Party,KHUNTO,6.5,7.7,5.0,65.0,3.0,0.933,0.539,0.0
Timor-Leste,TLS,74.0,2018.0,National Unity Better Growing Party,KHUNTO,,,,,,,,
Timor-Leste,TLS,74.0,2018.0,National Development Party,PDN,,,,,,,,
Timor-Leste,TLS,74.0,2001.0,Timorese Social Democratic Association,ASDT,7.8,6.8,6.0,88.0,3.0,-0.937,0.691,1.0
Timor-Leste,TLS,74.0,2017.0,People's Liberation Party,PLP,10.6,12.3,8.0,65.0,3.0,0.179,0.697,1.0
Timor-Leste,TLS,74.0,2018.0,People's Liberation Party,PLP,,,,,,,,
Timor-Leste,TLS,74.0,2018.0,Democratic Development Forum,DDF,5.5,4.6,3.0,65.0,3.0,0.585,0.594,1.0
Timor-Leste,TLS,74.0,2018.0,PUDD,PUDD,,,,,,,,
Timor-Leste,TLS,74.0,2018.0,Timorese Democratic Union,UDT,,,,,,,,
Timor-Leste,TLS,74.0,2018.0,Front for National Reconstruction of Timor-Leste - Change,FM,,,,,,,,
Timor-Leste,TLS,74.0,2018.0,alliance: Change for Progress Alliance,Change for P...,49.6,52.3,34.0,65.0,0.0,-0.622,0.603,2.0
Ecuador,ECU,75.0,2002.0,Patriotic Society Party,PSP,2.5,6.0,6.0,100.0,0.0,-0.414,0.739,1.0
Ecuador,ECU,75.0,2006.0,Patriotic Society Party,PSP,18.6,24.0,24.0,100.0,3.0,-0.414,0.725,0.0
Ecuador,ECU,75.0,2007.0,Patriotic Society Party,PSP,7.3,14.6,19.0,130.0,3.0,-0.017,0.672,0.0
Ecuador,ECU,75.0,2009.0,Patriotic Society Party,PSP,15.2,15.3,19.0,124.0,3.0,-0.017,0.656,0.0
Ecuador,ECU,75.0,2013.0,Patriotic Society Party,PSP,5.6,3.6,5.0,137.0,3.0,-0.017,0.656,0.0
Ecuador,ECU,75.0,1984.0,Democratic Left,ID,19.5,33.8,24.0,71.0,3.0,-0.883,0.396,0.0
Ecuador,ECU,75.0,1986.0,Democratic Left,ID,14.5,22.5,16.0,71.0,3.0,-0.883,0.382,0.0
Ecuador,ECU,75.0,1988.0,Democratic Left,ID,21.8,40.8,29.0,71.0,0.0,-0.883,0.382,0.0
Ecuador,ECU,75.0,1990.0,Democratic Left,ID,13.0,19.4,14.0,72.0,0.0,-0.883,0.382,0.0
Ecuador,ECU,75.0,1992.0,Democratic Left,ID,9.7,10.4,8.0,77.0,3.0,-0.883,0.371,0.0
Ecuador,ECU,75.0,1994.0,Democratic Left,ID,10.0,9.1,7.0,77.0,3.0,-0.883,0.371,0.0
Ecuador,ECU,75.0,1996.0,Democratic Left,ID,6.2,4.9,4.0,82.0,3.0,-0.883,0.371,0.0
Ecuador,ECU,75.0,1998.0,Democratic Left,ID,15.4,14.0,17.0,121.0,3.0,-0.885,0.362,0.0
Ecuador,ECU,75.0,2002.0,Democratic Left,ID,6.1,13.0,13.0,100.0,3.0,-0.885,0.319,0.0
Ecuador,ECU,75.0,2006.0,Democratic Left,ID,10.6,11.0,11.0,100.0,3.0,-0.532,0.319,0.0
Ecuador,ECU,75.0,1996.0,Pachakutik Plurinational Unity Movement – New Country,MUPP-NP,10.8,9.8,8.0,82.0,3.0,-2.187,0.726,1.0
Ecuador,ECU,75.0,1998.0,Pachakutik Plurinational Unity Movement – New Country,MUPP-NP,9.2,5.8,7.0,121.0,3.0,-2.175,0.728,0.0
Ecuador,ECU,75.0,2002.0,Pachakutik Plurinational Unity Movement – New Country,MUPP-NP,6.0,11.0,11.0,100.0,1.0,-2.175,0.714,0.0
Ecuador,ECU,75.0,2006.0,Pachakutik Plurinational Unity Movement – New Country,MUPP-NP,3.8,6.0,6.0,100.0,3.0,-2.175,0.714,0.0
Ecuador,ECU,75.0,2013.0,Pachakutik Plurinational Unity Movement – New Country,MUPP-NP,,,,,,,,
Ecuador,ECU,75.0,1986.0,Ecuadorian Socialist Party,PSE,4.4,8.5,6.0,71.0,3.0,-2.113,0.631,0.0
Ecuador,ECU,75.0,1988.0,Ecuadorian Socialist Party,PSE,5.0,5.6,4.0,71.0,2.0,-2.113,0.631,0.0
Ecuador,ECU,75.0,1990.0,Ecuadorian Socialist Party,PSE,8.9,9.7,7.0,72.0,3.0,-2.113,0.631,0.0
Ecuador,ECU,75.0,1992.0,Ecuadorian Socialist Party,PSE,4.1,3.9,3.0,77.0,3.0,-2.113,0.631,0.0
Ecuador,ECU,75.0,1994.0,Ecuadorian Socialist Party,PSE,3.2,2.6,2.0,77.0,3.0,-2.113,0.631,0.0
Ecuador,ECU,75.0,1997.0,Ecuadorian Socialist Party,PSE,24.8,28.6,20.0,70.0,3.0,-2.111,0.607,0.0
Ecuador,ECU,75.0,1984.0,Social Christian Party [Movement],PSC,17.9,12.7,9.0,71.0,0.0,2.255,0.255,0.0
Ecuador,ECU,75.0,1986.0,Social Christian Party [Movement],PSC,12.6,19.7,14.0,71.0,0.0,2.255,0.255,0.0
Ecuador,ECU,75.0,1988.0,Social Christian Party [Movement],PSC,11.3,11.3,8.0,71.0,3.0,2.255,0.255,0.0
Ecuador,ECU,75.0,1990.0,Social Christian Party [Movement],PSC,24.4,22.2,16.0,72.0,3.0,2.255,0.255,0.0
Ecuador,ECU,75.0,1992.0,Social Christian Party [Movement],PSC,23.4,27.3,21.0,77.0,3.0,2.255,0.255,0.0
Ecuador,ECU,75.0,1994.0,Social Christian Party [Movement],PSC,26.4,33.8,26.0,77.0,2.0,2.255,0.255,0.0
Ecuador,ECU,75.0,1996.0,Social Christian Party [Movement],PSC,30.4,32.9,27.0,82.0,3.0,2.255,0.262,0.0
Ecuador,ECU,75.0,1998.0,Social Christian Party [Movement],PSC,23.8,22.3,27.0,121.0,3.0,2.253,0.257,0.0
Ecuador,ECU,75.0,2002.0,Social Christian Party [Movement],PSC,8.9,25.0,25.0,100.0,3.0,2.253,0.257,0.0
Ecuador,ECU,75.0,2006.0,Social Christian Party [Movement],PSC,15.3,13.0,13.0,100.0,3.0,2.253,0.257,0.0
Ecuador,ECU,75.0,2009.0,Social Christian Party [Movement],PSC,13.3,8.9,11.0,124.0,3.0,2.158,0.246,0.0
Ecuador,ECU,75.0,2013.0,Social Christian Party [Movement],PSC,9.0,5.1,7.0,137.0,3.0,2.158,0.246,0.0
Ecuador,ECU,75.0,2017.0,Social Christian Party [Movement],PSC,15.9,11.2,15.0,134.0,3.0,2.158,0.246,0.0
Ecuador,ECU,75.0,2002.0,Institutional Renewal Party of National Action,PRIAN,8.7,10.0,10.0,100.0,3.0,1.591,0.45,1.0
Ecuador,ECU,75.0,2006.0,Institutional Renewal Party of National Action,PRIAN,27.8,28.0,28.0,100.0,3.0,1.591,0.45,0.0
Ecuador,ECU,75.0,2007.0,Institutional Renewal Party of National Action,PRIAN,6.6,6.2,8.0,130.0,3.0,1.591,0.45,0.0
Ecuador,ECU,75.0,2009.0,Institutional Renewal Party of National Action,PRIAN,6.0,5.6,7.0,124.0,3.0,1.591,0.45,0.0
Ecuador,ECU,75.0,1984.0,Christian Democratic Union / Popular Democracy,UDC/DP,6.4,7.0,5.0,71.0,3.0,-0.357,0.372,0.0
Ecuador,ECU,75.0,1986.0,Christian Democratic Union / Popular Democracy,UDC/DP,9.4,7.0,5.0,71.0,3.0,-0.357,0.372,0.0
Ecuador,ECU,75.0,1988.0,Christian Democratic Union / Popular Democracy,UDC/DP,10.6,9.9,7.0,71.0,3.0,-0.357,0.34,0.0
Ecuador,ECU,75.0,1990.0,Christian Democratic Union / Popular Democracy,UDC/DP,10.0,9.7,7.0,72.0,3.0,-0.19,0.34,0.0
Ecuador,ECU,75.0,1992.0,Christian Democratic Union / Popular Democracy,UDC/DP,5.3,6.5,5.0,77.0,3.0,-0.19,0.318,0.0
Ecuador,ECU,75.0,1994.0,Christian Democratic Union / Popular Democracy,UDC/DP,8.2,7.8,6.0,77.0,3.0,-0.19,0.276,0.0
Ecuador,ECU,75.0,1996.0,Christian Democratic Union / Popular Democracy,UDC/DP,10.5,14.6,12.0,82.0,3.0,-0.021,0.276,0.0
Ecuador,ECU,75.0,1997.0,Christian Democratic Union / Popular Democracy,UDC/DP,9.4,14.3,10.0,70.0,3.0,-0.021,0.276,0.0
Ecuador,ECU,75.0,1998.0,Christian Democratic Union / Popular Democracy,UDC/DP,19.0,26.4,32.0,121.0,0.0,0.38,0.276,0.0
Ecuador,ECU,75.0,2006.0,Christian Democratic Union / Popular Democracy,UDC/DP,2.6,5.0,5.0,100.0,3.0,0.398,0.246,0.0
Ecuador,ECU,75.0,1984.0,Ecuadorian Roldosist Party,PRE,5.2,4.2,3.0,71.0,3.0,-0.3,0.956,1.0
Ecuador,ECU,75.0,1986.0,Ecuadorian Roldosist Party,PRE,6.1,7.0,5.0,71.0,3.0,-0.3,0.956,0.0
Ecuador,ECU,75.0,1988.0,Ecuadorian Roldosist Party,PRE,16.3,11.3,8.0,71.0,3.0,-0.154,0.956,0.0
Ecuador,ECU,75.0,1990.0,Ecuadorian Roldosist Party,PRE,14.8,18.1,13.0,72.0,3.0,-0.154,0.943,0.0
Ecuador,ECU,75.0,1992.0,Ecuadorian Roldosist Party,PRE,15.4,19.5,15.0,77.0,3.0,-0.154,0.909,0.0
Ecuador,ECU,75.0,1994.0,Ecuadorian Roldosist Party,PRE,16.8,14.3,11.0,77.0,3.0,-0.154,0.909,0.0
Ecuador,ECU,75.0,1996.0,Ecuadorian Roldosist Party,PRE,20.4,23.2,19.0,82.0,0.0,-0.154,0.909,0.0
Ecuador,ECU,75.0,1997.0,Ecuadorian Roldosist Party,PRE,14.2,10.0,7.0,70.0,3.0,0.278,0.89,0.0
Ecuador,ECU,75.0,1998.0,Ecuadorian Roldosist Party,PRE,17.8,19.8,24.0,121.0,3.0,0.053,0.89,0.0
Ecuador,ECU,75.0,2002.0,Ecuadorian Roldosist Party,PRE,6.3,15.0,15.0,100.0,3.0,-0.148,0.87,0.0
Ecuador,ECU,75.0,2006.0,Ecuadorian Roldosist Party,PRE,7.7,6.0,6.0,100.0,3.0,-0.148,0.87,0.0
Ecuador,ECU,75.0,2009.0,Ecuadorian Roldosist Party,PRE,4.5,2.4,3.0,124.0,3.0,-0.13,0.868,0.0
Ecuador,ECU,75.0,1984.0,Democratic People's Movement,MPD,6.1,4.2,3.0,71.0,3.0,-2.635,0.699,0.0
Ecuador,ECU,75.0,1986.0,Democratic People's Movement,MPD,7.3,5.6,4.0,71.0,3.0,-2.635,0.699,0.0
Ecuador,ECU,75.0,1990.0,Democratic People's Movement,MPD,5.0,1.4,1.0,72.0,3.0,-2.637,0.699,0.0
Ecuador,ECU,75.0,1992.0,Democratic People's Movement,MPD,6.0,5.2,4.0,77.0,3.0,-2.637,0.687,0.0
Ecuador,ECU,75.0,1994.0,Democratic People's Movement,MPD,8.2,10.4,8.0,77.0,3.0,-2.637,0.687,0.0
Ecuador,ECU,75.0,1996.0,Democratic People's Movement,MPD,4.4,2.4,2.0,82.0,3.0,-2.637,0.677,0.0
Ecuador,ECU,75.0,1997.0,Democratic People's Movement,MPD,5.0,4.3,3.0,70.0,3.0,-2.637,0.677,0.0
Ecuador,ECU,75.0,1998.0,Democratic People's Movement,MPD,4.3,1.7,2.0,121.0,3.0,-2.637,0.677,0.0
Ecuador,ECU,75.0,2002.0,Democratic People's Movement,MPD,4.8,3.0,3.0,100.0,3.0,-2.637,0.677,0.0
Ecuador,ECU,75.0,2006.0,Democratic People's Movement,MPD,4.0,3.0,3.0,100.0,3.0,-2.637,0.677,0.0
Ecuador,ECU,75.0,2009.0,Democratic People's Movement,MPD,4.3,4.0,5.0,124.0,3.0,-2.28,0.659,0.0
Ecuador,ECU,75.0,2013.0,Democratic People's Movement,MPD,,,,,,,,
Ecuador,ECU,75.0,2007.0,PAIS Alliance,PAIS,69.5,61.5,80.0,130.0,0.0,-1.764,0.977,1.0
Ecuador,ECU,75.0,2009.0,PAIS Alliance,PAIS,43.0,47.6,59.0,124.0,0.0,-1.764,0.968,0.0
Ecuador,ECU,75.0,2013.0,PAIS Alliance,PAIS,52.3,73.0,100.0,137.0,0.0,-1.61,0.961,0.0
Ecuador,ECU,75.0,2017.0,PAIS Alliance,PAIS,39.1,55.2,74.0,134.0,0.0,-1.539,0.886,0.0
Ecuador,ECU,75.0,1984.0,Alfarista Radical Front,FRA,8.0,8.5,6.0,71.0,3.0,0.196,0.35,0.0
Ecuador,ECU,75.0,1986.0,Alfarista Radical Front,FRA,5.7,4.2,3.0,71.0,3.0,0.196,0.35,0.0
Ecuador,ECU,75.0,1988.0,Alfarista Radical Front,FRA,5.3,2.8,2.0,71.0,3.0,0.196,0.339,0.0
Ecuador,ECU,75.0,1990.0,Alfarista Radical Front,FRA,4.2,1.4,1.0,72.0,3.0,0.196,0.339,0.0
Ecuador,ECU,75.0,1992.0,Alfarista Radical Front,FRA,3.4,1.3,1.0,77.0,3.0,0.196,0.314,0.0
Ecuador,ECU,75.0,1994.0,Alfarista Radical Front,FRA,4.7,2.6,2.0,77.0,3.0,0.196,0.314,0.0
Ecuador,ECU,75.0,1996.0,Alfarista Radical Front,FRA,,,,,,,,
Ecuador,ECU,75.0,1997.0,Alfarista Radical Front,FRA,,,,,,,,
Ecuador,ECU,75.0,2013.0,Advance Party,PA,2.9,3.6,5.0,137.0,3.0,0.005,0.265,1.0
Ecuador,ECU,75.0,2013.0,"Grow, Creating Opportunities Movement",CREO,11.4,7.3,10.0,137.0,3.0,1.501,0.089,1.0
Ecuador,ECU,75.0,2017.0,"Grow, Creating Opportunities Movement",CREO,20.1,25.4,34.0,134.0,3.0,1.501,0.093,0.0
Ecuador,ECU,75.0,1984.0,Radical Liberal Party,PLRE,3.7,5.6,4.0,71.0,1.0,0.261,0.297,0.0
Ecuador,ECU,75.0,1986.0,Radical Liberal Party,PLRE,8.5,4.2,3.0,71.0,3.0,0.261,0.272,0.0
Ecuador,ECU,75.0,1988.0,Radical Liberal Party,PLRE,3.5,1.4,1.0,71.0,3.0,0.261,0.272,0.0
Ecuador,ECU,75.0,1990.0,Radical Liberal Party,PLRE,3.3,4.2,3.0,72.0,3.0,0.261,0.272,0.0
Ecuador,ECU,75.0,1992.0,Radical Liberal Party,PLRE,1.4,2.6,2.0,77.0,3.0,0.261,0.272,0.0
Ecuador,ECU,75.0,1996.0,Radical Liberal Party,PLRE,,,,,,,,
Ecuador,ECU,75.0,2002.0,Radical Liberal Party,PLRE,5.2,0.0,0.0,100.0,,,,
Ecuador,ECU,75.0,1992.0,Republican Unity Party,PUR,17.9,15.6,12.0,77.0,0.0,1.811,0.2,1.0
Ecuador,ECU,75.0,1994.0,Republican Unity Party,PUR,3.9,3.9,3.0,77.0,0.0,1.811,0.2,0.0
Ecuador,ECU,75.0,1984.0,Democrat Party,PD,9.1,4.2,3.0,71.0,3.0,0.258,0.237,0.0
Ecuador,ECU,75.0,1994.0,Ecuadorian Revolutionary Popular Action Party,PAPRE,6.0,2.6,2.0,77.0,3.0,-0.52,0.512,1.0
Ecuador,ECU,75.0,1996.0,Ecuadorian Revolutionary Popular Action Party,PAPRE,3.0,2.4,2.0,82.0,3.0,-1.011,0.512,0.0
Ecuador,ECU,75.0,1984.0,Concentration of Popular Forces,CFP,8.7,9.9,7.0,71.0,3.0,-0.915,0.881,0.0
Ecuador,ECU,75.0,1986.0,Concentration of Popular Forces,CFP,9.4,11.3,8.0,71.0,3.0,-0.915,0.881,0.0
Ecuador,ECU,75.0,1988.0,Concentration of Popular Forces,CFP,7.0,8.5,6.0,71.0,3.0,-0.915,0.786,0.0
Ecuador,ECU,75.0,1990.0,Concentration of Popular Forces,CFP,4.2,4.2,3.0,72.0,3.0,-0.915,0.769,0.0
Ecuador,ECU,75.0,1992.0,Concentration of Popular Forces,CFP,3.7,1.3,1.0,77.0,3.0,-0.915,0.769,0.0
Ecuador,ECU,75.0,1988.0,Ecuadorian Conservative Party,PCE,7.0,1.4,1.0,71.0,3.0,2.218,0.124,0.0
Ecuador,ECU,75.0,1992.0,Ecuadorian Conservative Party,PCE,6.0,6.5,5.0,77.0,1.0,2.222,0.124,0.0
Ecuador,ECU,75.0,1994.0,Ecuadorian Conservative Party,PCE,5.6,9.1,7.0,77.0,1.0,2.222,0.124,0.0
Ecuador,ECU,75.0,1998.0,Ecuadorian Conservative Party,PCE,5.2,2.5,3.0,121.0,3.0,2.219,0.105,0.0
Ecuador,ECU,75.0,1997.0,New People,GN,6.1,1.4,1.0,70.0,3.0,-0.226,0.289,1.0
Ecuador,ECU,75.0,1986.0,Broad Front of the Left,FADI,6.1,4.2,3.0,71.0,3.0,-1.965,0.743,0.0
Ecuador,ECU,75.0,1988.0,Broad Front of the Left,FADI,6.9,2.8,2.0,71.0,3.0,-1.965,0.743,0.0
Ecuador,ECU,75.0,1990.0,Broad Front of the Left,FADI,2.1,1.4,1.0,72.0,3.0,-1.965,0.743,0.0
Ecuador,ECU,75.0,2002.0,Solidarity Fatherland Movement,MPS,9.3,1.0,1.0,100.0,3.0,-0.676,0.381,1.0
Ecuador,ECU,75.0,1997.0,Liberty Party // Freedom Party,PL,,,,,,,,
Ecuador,ECU,75.0,2002.0,Liberty Party // Freedom Party,PL,11.5,1.0,1.0,100.0,3.0,0.065,0.313,1.0
Ecuador,ECU,75.0,2002.0,Partido Unión Nacional,UN-UNO,6.4,1.0,1.0,100.0,,,,
Ecuador,ECU,75.0,1997.0,Pachakutic Movement,MP,4.1,10.0,7.0,70.0,3.0,-2.086,0.505,0.0
Ecuador,ECU,75.0,1997.0,New Country,NP,6.3,2.9,2.0,70.0,3.0,-1.356,0.511,1.0
Ecuador,ECU,75.0,1996.0,alliance: PLR/FRA Alliance,PLR/FRA Alli...,6.9,2.4,2.0,82.0,3.0,-0.102,0.271,2.0
Ecuador,ECU,75.0,1997.0,alliance: PL/FRA,PL/FRA,4.6,7.1,5.0,70.0,0.0,-0.101,0.257,0.0
Ecuador,ECU,75.0,2013.0,alliance: Multinational Union of the Left,Multinationa...,4.7,4.4,6.0,137.0,3.0,-1.945,0.444,1.0
France,FRA,76.0,1981.0,Union for French Democracy,UDF,19.2,13.1,62.0,474.0,3.0,1.307,0.169,0.0
France,FRA,76.0,1986.0,Union for French Democracy,UDF,9.4,23.0,128.0,556.0,1.0,1.307,0.169,0.0
France,FRA,76.0,1988.0,Union for French Democracy,UDF,18.8,23.4,130.0,555.0,3.0,1.307,0.169,0.0
France,FRA,76.0,1993.0,Union for French Democracy,UDF,19.1,37.3,215.0,577.0,1.0,1.307,0.169,0.0
France,FRA,76.0,1997.0,Union for French Democracy,UDF,14.2,19.2,111.0,577.0,3.0,1.783,0.169,0.0
France,FRA,76.0,2007.0,Union for French Democracy,UDF,7.6,0.5,3.0,577.0,3.0,0.92,0.159,0.0
France,FRA,76.0,2017.0,Union for French Democracy,UDF,4.1,7.3,42.0,577.0,1.0,0.903,0.215,2.0
France,FRA,76.0,1986.0,National Front,FN,9.8,6.3,35.0,556.0,3.0,2.15,0.713,0.0
France,FRA,76.0,1988.0,National Front,FN,9.8,0.2,1.0,555.0,3.0,2.15,0.713,0.0
France,FRA,76.0,1993.0,National Front,FN,12.4,0.0,0.0,577.0,3.0,1.219,0.713,0.0
France,FRA,76.0,1997.0,National Front,FN,14.9,0.2,1.0,577.0,3.0,1.219,0.713,0.0
France,FRA,76.0,2002.0,National Front,FN,11.3,0.0,0.0,577.0,3.0,1.219,0.713,0.0
France,FRA,76.0,2012.0,National Front,FN,13.6,0.3,2.0,577.0,3.0,0.025,0.77,0.0
France,FRA,76.0,2017.0,National Front,FN,13.2,1.4,8.0,577.0,3.0,0.382,0.77,0.0
France,FRA,76.0,1981.0,Rally for the Republic,RPR,20.7,16.9,80.0,474.0,3.0,1.8,0.213,0.0
France,FRA,76.0,1986.0,Rally for the Republic,RPR,11.5,26.3,146.0,556.0,0.0,1.8,0.213,0.0
France,FRA,76.0,1988.0,Rally for the Republic,RPR,19.2,22.2,123.0,555.0,3.0,1.8,0.213,0.0
France,FRA,76.0,1993.0,Rally for the Republic,RPR,20.4,43.0,248.0,577.0,0.0,1.8,0.213,0.0
France,FRA,76.0,1997.0,Rally for the Republic,RPR,15.7,24.1,139.0,577.0,3.0,1.8,0.213,0.0
France,FRA,76.0,1993.0,Greens,V,7.6,0.0,0.0,577.0,3.0,-1.521,0.256,0.0
France,FRA,76.0,1997.0,Greens,V,6.8,1.4,8.0,577.0,1.0,-1.521,0.354,0.0
France,FRA,76.0,2012.0,Greens,V,5.5,2.9,17.0,577.0,1.0,-2.059,0.332,2.0
France,FRA,76.0,1981.0,French Communist Party,PCF,16.1,9.1,43.0,474.0,1.0,-3.297,0.762,0.0
France,FRA,76.0,1986.0,French Communist Party,PCF,9.7,5.8,32.0,556.0,3.0,-3.297,0.743,0.0
France,FRA,76.0,1988.0,French Communist Party,PCF,11.2,4.3,24.0,555.0,3.0,-3.297,0.743,0.0
France,FRA,76.0,1993.0,French Communist Party,PCF,9.2,4.2,24.0,577.0,3.0,-3.297,0.703,0.0
France,FRA,76.0,1997.0,French Communist Party,PCF,9.9,6.8,39.0,577.0,1.0,-2.65,0.703,0.0
France,FRA,76.0,2012.0,French Communist Party,PCF,6.9,1.7,10.0,577.0,3.0,-2.968,0.694,0.0
France,FRA,76.0,1981.0,Socialist Party,PS,36.0,56.5,268.0,474.0,0.0,-2.28,0.389,0.0
France,FRA,76.0,1986.0,Socialist Party,PS,30.8,35.6,198.0,556.0,3.0,-0.802,0.347,0.0
France,FRA,76.0,1988.0,Socialist Party,PS,34.9,46.8,260.0,555.0,0.0,-0.802,0.347,0.0
France,FRA,76.0,1993.0,Socialist Party,PS,17.6,9.5,55.0,577.0,3.0,-0.802,0.347,0.0
France,FRA,76.0,1997.0,Socialist Party,PS,23.5,43.7,252.0,577.0,0.0,-1.213,0.347,0.0
France,FRA,76.0,2002.0,Socialist Party,PS,24.1,24.4,141.0,577.0,3.0,-1.213,0.347,0.0
France,FRA,76.0,2007.0,Socialist Party,PS,24.7,32.2,186.0,577.0,3.0,-1.058,0.401,0.0
France,FRA,76.0,2012.0,Socialist Party,PS,29.4,48.5,280.0,577.0,0.0,-0.827,0.401,0.0
France,FRA,76.0,2017.0,Socialist Party,PS,7.4,5.2,30.0,577.0,3.0,-1.737,0.404,0.0
France,FRA,76.0,2002.0,Union for a Popular Movement,UMP,33.3,61.7,356.0,577.0,0.0,2.181,0.188,1.0
France,FRA,76.0,2007.0,Union for a Popular Movement,UMP,39.5,54.2,313.0,577.0,0.0,1.546,0.188,0.0
France,FRA,76.0,2012.0,Union for a Popular Movement,UMP,27.1,33.6,194.0,577.0,3.0,1.546,0.26,0.0
France,FRA,76.0,2017.0,Union for a Popular Movement,UMP,15.8,19.4,112.0,577.0,3.0,1.546,0.143,0.0
France,FRA,76.0,1997.0,other right,droite,6.6,1.0,6.0,577.0,3.0,1.624,0.16,2.0
France,FRA,76.0,2017.0,The Republic Onwards!,LaREM,28.2,53.4,308.0,577.0,0.0,0.734,0.346,1.0
France,FRA,76.0,2017.0,Unbowed France,FI,11.0,2.9,17.0,577.0,3.0,-3.463,0.811,2.0
France,FRA,76.0,1986.0,alliance: Union for a New Majority,Union for a ...,,,,,,,,
Germany,DEU,77.0,1983.0,Greens,Grue,5.6,5.4,27.0,498.0,3.0,-1.309,0.139,0.0
Germany,DEU,77.0,1987.0,Greens,Grue,8.3,8.5,42.0,497.0,3.0,-1.309,0.136,0.0
Germany,DEU,77.0,1990.0,Party for Democratic Socialism,PDS,2.4,2.6,17.0,662.0,3.0,-2.909,0.363,1.0
Germany,DEU,77.0,1994.0,Party for Democratic Socialism,PDS,4.4,4.5,30.0,672.0,3.0,-2.909,0.369,0.0
Germany,DEU,77.0,1998.0,Party for Democratic Socialism,PDS,5.1,5.4,36.0,669.0,3.0,-2.909,0.375,0.0
Germany,DEU,77.0,2002.0,Party for Democratic Socialism,PDS,4.0,0.3,2.0,603.0,3.0,-3.476,0.375,0.0
Germany,DEU,77.0,2005.0,Party for Democratic Socialism,PDS,8.7,8.8,54.0,614.0,3.0,-3.476,0.338,0.0
Germany,DEU,77.0,1980.0,Christian Democratic Union / Christian Social Union,CDU/CSU,,,,,,,,
Germany,DEU,77.0,1983.0,Christian Democratic Union / Christian Social Union,CDU/CSU,,,,,,,,
Germany,DEU,77.0,1987.0,Christian Democratic Union / Christian Social Union,CDU/CSU,,,,,,,,
Germany,DEU,77.0,1990.0,Christian Democratic Union / Christian Social Union,CDU/CSU,,,,,,,,
Germany,DEU,77.0,1994.0,Christian Democratic Union / Christian Social Union,CDU/CSU,,,,,,,,
Germany,DEU,77.0,1998.0,Christian Democratic Union / Christian Social Union,CDU/CSU,,,,,,,,
Germany,DEU,77.0,2002.0,Christian Democratic Union / Christian Social Union,CDU/CSU,,,,,,,,
Germany,DEU,77.0,2005.0,Christian Democratic Union / Christian Social Union,CDU/CSU,,,,,,,,
Germany,DEU,77.0,2009.0,Christian Democratic Union / Christian Social Union,CDU/CSU,,,,,,,,
Germany,DEU,77.0,2013.0,Christian Democratic Union / Christian Social Union,CDU/CSU,,,,,,,,
Germany,DEU,77.0,2017.0,Christian Democratic Union / Christian Social Union,CDU/CSU,,,,,,,,
Germany,DEU,77.0,1980.0,Social Democratic Party of Germany,SPD,42.9,43.9,218.0,497.0,0.0,-1.096,0.143,0.0
Germany,DEU,77.0,1983.0,Social Democratic Party of Germany,SPD,38.2,38.8,193.0,498.0,3.0,-1.096,0.143,0.0
Germany,DEU,77.0,1987.0,Social Democratic Party of Germany,SPD,37.2,37.4,186.0,497.0,3.0,-1.096,0.144,0.0
Germany,DEU,77.0,1990.0,Social Democratic Party of Germany,SPD,33.5,36.1,239.0,662.0,3.0,-1.29,0.143,0.0
Germany,DEU,77.0,1994.0,Social Democratic Party of Germany,SPD,36.4,37.5,252.0,672.0,3.0,-1.018,0.141,0.0
Germany,DEU,77.0,1998.0,Social Democratic Party of Germany,SPD,40.9,44.5,298.0,669.0,0.0,-0.442,0.142,0.0
Germany,DEU,77.0,2002.0,Social Democratic Party of Germany,SPD,38.5,41.6,251.0,603.0,0.0,-0.227,0.088,0.0
Germany,DEU,77.0,2005.0,Social Democratic Party of Germany,SPD,34.2,36.2,222.0,614.0,1.0,-0.188,0.088,0.0
Germany,DEU,77.0,2009.0,Social Democratic Party of Germany,SPD,23.0,23.5,146.0,622.0,3.0,-0.809,0.137,0.0
Germany,DEU,77.0,2013.0,Social Democratic Party of Germany,SPD,25.7,30.6,193.0,631.0,1.0,-0.809,0.157,0.0
Germany,DEU,77.0,2017.0,Social Democratic Party of Germany,SPD,20.5,21.6,153.0,709.0,1.0,-0.809,0.158,0.0
Germany,DEU,77.0,1980.0,Free Democratic Party,FDP,10.6,10.7,53.0,497.0,1.0,1.595,0.03,0.0
Germany,DEU,77.0,1983.0,Free Democratic Party,FDP,7.0,6.8,34.0,498.0,1.0,1.562,0.03,0.0
Germany,DEU,77.0,1987.0,Free Democratic Party,FDP,9.1,9.3,46.0,497.0,1.0,1.562,0.03,0.0
Germany,DEU,77.0,1990.0,Free Democratic Party,FDP,11.1,11.9,79.0,662.0,1.0,1.562,0.03,0.0
Germany,DEU,77.0,1994.0,Free Democratic Party,FDP,6.9,7.0,47.0,672.0,1.0,1.562,0.03,0.0
Germany,DEU,77.0,1998.0,Free Democratic Party,FDP,6.2,6.4,43.0,669.0,3.0,1.872,0.03,0.0
Germany,DEU,77.0,2002.0,Free Democratic Party,FDP,7.4,7.8,47.0,603.0,3.0,1.872,0.03,0.0
Germany,DEU,77.0,2005.0,Free Democratic Party,FDP,9.8,9.9,61.0,614.0,3.0,1.561,0.03,0.0
Germany,DEU,77.0,2009.0,Free Democratic Party,FDP,14.6,15.0,93.0,622.0,1.0,1.575,0.03,0.0
Germany,DEU,77.0,2013.0,Free Democratic Party,FDP,4.8,0.0,0.0,631.0,3.0,1.682,0.053,0.0
Germany,DEU,77.0,2017.0,Free Democratic Party,FDP,10.7,11.3,80.0,709.0,3.0,1.397,0.054,0.0
Germany,DEU,77.0,1980.0,Christian Democratic Union,CDU,34.2,35.0,174.0,497.0,3.0,0.743,0.059,0.0
Germany,DEU,77.0,1983.0,Christian Democratic Union,CDU,38.2,38.4,191.0,498.0,0.0,0.743,0.059,0.0
Germany,DEU,77.0,1987.0,Christian Democratic Union,CDU,34.5,35.0,174.0,497.0,0.0,0.743,0.059,0.0
Germany,DEU,77.0,1990.0,Christian Democratic Union,CDU,36.7,40.5,268.0,662.0,0.0,0.743,0.058,0.0
Germany,DEU,77.0,1994.0,Christian Democratic Union,CDU,34.2,36.3,244.0,672.0,0.0,0.743,0.059,0.0
Germany,DEU,77.0,1998.0,Christian Democratic Union,CDU,28.4,29.6,198.0,669.0,3.0,0.743,0.059,0.0
Germany,DEU,77.0,2002.0,Christian Democratic Union,CDU,29.5,31.5,190.0,603.0,3.0,0.743,0.059,0.0
Germany,DEU,77.0,2005.0,Christian Democratic Union,CDU,27.8,29.3,180.0,614.0,0.0,1.02,0.057,0.0
Germany,DEU,77.0,2009.0,Christian Democratic Union,CDU,27.3,31.2,194.0,622.0,0.0,0.785,0.057,0.0
Germany,DEU,77.0,2013.0,Christian Democratic Union,CDU,34.1,40.4,255.0,631.0,0.0,0.785,0.058,0.0
Germany,DEU,77.0,2017.0,Christian Democratic Union,CDU,28.2,28.2,200.0,709.0,0.0,0.785,0.058,0.0
Germany,DEU,77.0,2009.0,The Left,Linke,11.9,12.2,76.0,622.0,3.0,-3.534,0.337,2.0
Germany,DEU,77.0,2013.0,The Left,Linke,8.6,10.1,64.0,631.0,3.0,-3.398,0.329,0.0
Germany,DEU,77.0,2017.0,The Left,Linke,9.2,9.7,69.0,709.0,3.0,-3.431,0.323,1.0
Germany,DEU,77.0,1980.0,Christian Social Union,CSU,10.3,10.5,52.0,497.0,3.0,0.583,0.062,0.0
Germany,DEU,77.0,1983.0,Christian Social Union,CSU,10.6,10.6,53.0,498.0,1.0,0.583,0.062,0.0
Germany,DEU,77.0,1987.0,Christian Social Union,CSU,9.8,9.9,49.0,497.0,1.0,0.583,0.062,0.0
Germany,DEU,77.0,1990.0,Christian Social Union,CSU,7.1,7.7,51.0,662.0,1.0,0.583,0.062,0.0
Germany,DEU,77.0,1994.0,Christian Social Union,CSU,7.3,7.4,50.0,672.0,1.0,0.583,0.062,0.0
Germany,DEU,77.0,1998.0,Christian Social Union,CSU,6.7,7.0,47.0,669.0,3.0,0.583,0.062,0.0
Germany,DEU,77.0,2002.0,Christian Social Union,CSU,9.0,9.6,58.0,603.0,3.0,0.583,0.062,0.0
Germany,DEU,77.0,2005.0,Christian Social Union,CSU,7.4,7.5,46.0,614.0,1.0,0.583,0.062,0.0
Germany,DEU,77.0,2009.0,Christian Social Union,CSU,6.5,7.2,45.0,622.0,1.0,0.583,0.062,0.0
Germany,DEU,77.0,2013.0,Christian Social Union,CSU,7.4,8.9,56.0,631.0,1.0,0.583,0.062,0.0
Germany,DEU,77.0,2017.0,Christian Social Union,CSU,6.5,6.5,46.0,709.0,1.0,0.583,0.064,0.0
Germany,DEU,77.0,1994.0,Alliance 90 / Greens,B90/Grue,7.3,7.3,49.0,672.0,3.0,-0.878,0.184,2.0
Germany,DEU,77.0,1998.0,Alliance 90 / Greens,B90/Grue,6.7,7.0,47.0,669.0,1.0,-0.878,0.176,0.0
Germany,DEU,77.0,2002.0,Alliance 90 / Greens,B90/Grue,8.6,9.1,55.0,603.0,1.0,-0.673,0.167,0.0
Germany,DEU,77.0,2005.0,Alliance 90 / Greens,B90/Grue,8.1,8.3,51.0,614.0,3.0,-0.673,0.162,0.0
Germany,DEU,77.0,2009.0,Alliance 90 / Greens,B90/Grue,10.7,10.9,68.0,622.0,3.0,-0.673,0.169,0.0
Germany,DEU,77.0,2013.0,Alliance 90 / Greens,B90/Grue,8.4,10.0,63.0,631.0,3.0,-0.673,0.169,0.0
Germany,DEU,77.0,2017.0,Alliance 90 / Greens,B90/Grue,8.9,9.4,67.0,709.0,3.0,-0.673,0.169,0.0
Germany,DEU,77.0,2013.0,Alternative for Germany,AfD,4.7,0.0,0.0,631.0,3.0,1.21,0.83,1.0
Germany,DEU,77.0,2017.0,Alternative for Germany,AfD,12.6,13.3,94.0,709.0,3.0,0.471,0.952,0.0
Guatemala,GTM,78.0,2003.0,Unionist Party,PU,6.2,4.4,7.0,158.0,3.0,2.984,0.059,1.0
Guatemala,GTM,78.0,2007.0,Unionist Party,PU,6.1,4.4,7.0,158.0,3.0,2.984,0.059,0.0
Guatemala,GTM,78.0,2007.0,Patriotic Party,PP,15.9,18.4,29.0,158.0,3.0,2.479,0.2,0.0
Guatemala,GTM,78.0,2011.0,Patriotic Party,PP,26.4,35.4,56.0,158.0,0.0,2.479,0.191,0.0
Guatemala,GTM,78.0,2015.0,Patriotic Party,PP,8.5,10.8,17.0,158.0,0.0,2.479,0.259,0.0
Guatemala,GTM,78.0,2003.0,Grand National Alliance,GANA,24.3,29.7,47.0,158.0,0.0,1.041,0.17,1.0
Guatemala,GTM,78.0,2007.0,Grand National Alliance,GANA,16.5,23.4,37.0,158.0,3.0,1.041,0.17,0.0
Guatemala,GTM,78.0,2011.0,Grand National Alliance,GANA,,,,,,,,
Guatemala,GTM,78.0,2019.0,National Change Union,UCN,5.5,7.5,12.0,160.0,3.0,1.259,0.273,0.0
Guatemala,GTM,78.0,1990.0,Guatemalan Republican Front,FRG,,10.3,12.0,116.0,3.0,2.146,0.474,0.0
Guatemala,GTM,78.0,1994.0,Guatemalan Republican Front,FRG,32.2,41.3,33.0,80.0,3.0,2.146,0.474,0.0
Guatemala,GTM,78.0,1995.0,Guatemalan Republican Front,FRG,20.0,26.3,21.0,80.0,3.0,2.146,0.474,0.0
Guatemala,GTM,78.0,1999.0,Guatemalan Republican Front,FRG,42.1,55.8,63.0,113.0,0.0,1.037,0.605,0.0
Guatemala,GTM,78.0,2003.0,Guatemalan Republican Front,FRG,19.7,27.2,43.0,158.0,3.0,2.151,0.584,0.0
Guatemala,GTM,78.0,2007.0,Guatemalan Republican Front,FRG,9.7,8.9,14.0,158.0,3.0,1.474,0.534,0.0
Guatemala,GTM,78.0,1990.0,National Advancement Party,PAN,17.3,10.3,12.0,116.0,3.0,1.64,0.122,1.0
Guatemala,GTM,78.0,1994.0,National Advancement Party,PAN,25.2,28.8,23.0,80.0,4.0,1.64,0.122,0.0
Guatemala,GTM,78.0,1995.0,National Advancement Party,PAN,34.3,53.8,43.0,80.0,0.0,1.64,0.084,0.0
Guatemala,GTM,78.0,1999.0,National Advancement Party,PAN,26.9,32.7,37.0,113.0,3.0,1.64,0.084,0.0
Guatemala,GTM,78.0,2003.0,National Advancement Party,PAN,10.9,10.8,17.0,158.0,3.0,1.64,0.124,0.0
Guatemala,GTM,78.0,1982.0,Guatemalan Christian Democracy,DCG,,10.6,7.0,66.0,4.0,-0.032,0.622,0.0
Guatemala,GTM,78.0,1984.0,Guatemalan Christian Democracy,DCG,21.2,22.7,20.0,88.0,4.0,-0.032,0.618,0.0
Guatemala,GTM,78.0,1985.0,Guatemalan Christian Democracy,DCG,38.6,51.0,51.0,100.0,0.0,-0.032,0.649,0.0
Guatemala,GTM,78.0,1990.0,Guatemalan Christian Democracy,DCG,17.5,23.3,27.0,116.0,3.0,-0.032,0.613,0.0
Guatemala,GTM,78.0,1994.0,Guatemalan Christian Democracy,DCG,12.1,16.3,13.0,80.0,3.0,0.134,0.544,0.0
Guatemala,GTM,78.0,1995.0,Guatemalan Christian Democracy,DCG,5.9,2.5,2.0,80.0,3.0,0.134,0.544,0.0
Guatemala,GTM,78.0,1999.0,Guatemalan Christian Democracy,DCG,4.0,1.8,2.0,113.0,3.0,0.134,0.494,0.0
Guatemala,GTM,78.0,2007.0,Encounter for Guatemala,EG,6.2,2.5,4.0,158.0,3.0,-0.92,0.55,1.0
Guatemala,GTM,78.0,2011.0,Encounter for Guatemala,EG,,,,,,,,
Guatemala,GTM,78.0,2003.0,National Unity of Hope,UNE,17.9,20.3,32.0,158.0,3.0,-0.932,0.744,1.0
Guatemala,GTM,78.0,2007.0,National Unity of Hope,UNE,22.8,32.3,51.0,158.0,0.0,-0.932,0.744,0.0
Guatemala,GTM,78.0,2011.0,National Unity of Hope,UNE,,,,,,,,
Guatemala,GTM,78.0,2015.0,National Unity of Hope,UNE,16.3,22.8,36.0,158.0,3.0,-0.932,0.744,0.0
Guatemala,GTM,78.0,2019.0,National Unity of Hope,UNE,17.9,32.5,52.0,160.0,3.0,-0.932,0.744,0.0
Guatemala,GTM,78.0,1984.0,National Center Union,UCN,17.8,23.9,21.0,88.0,4.0,-0.04,0.312,1.0
Guatemala,GTM,78.0,1985.0,National Center Union,UCN,20.2,22.0,22.0,100.0,3.0,-0.04,0.312,0.0
Guatemala,GTM,78.0,1990.0,National Center Union,UCN,25.7,35.3,41.0,116.0,3.0,-0.04,0.312,0.0
Guatemala,GTM,78.0,1994.0,National Center Union,UCN,8.9,8.8,7.0,80.0,4.0,-0.04,0.281,0.0
Guatemala,GTM,78.0,1995.0,National Center Union,UCN,5.4,3.8,3.0,80.0,3.0,-0.04,0.281,0.0
Guatemala,GTM,78.0,2011.0,National Center Union,UCN,9.5,8.9,14.0,158.0,3.0,0.449,0.374,0.0
Guatemala,GTM,78.0,1982.0,National Liberation Movement Party,MLN,,31.8,21.0,66.0,4.0,3.425,0.122,0.0
Guatemala,GTM,78.0,1984.0,National Liberation Movement Party,MLN,16.3,26.1,23.0,88.0,4.0,3.425,0.122,0.0
Guatemala,GTM,78.0,1985.0,National Liberation Movement Party,MLN,12.6,12.0,12.0,100.0,3.0,3.425,0.122,0.0
Guatemala,GTM,78.0,1990.0,National Liberation Movement Party,MLN,4.8,3.4,4.0,116.0,3.0,3.425,0.122,0.0
Guatemala,GTM,78.0,1984.0,National Renovator Party,PNR,8.7,5.7,5.0,88.0,4.0,1.055,0.405,0.0
Guatemala,GTM,78.0,1995.0,Democratic Front New Guatemala,FDNG,9.1,7.5,6.0,80.0,3.0,-2.213,0.83,1.0
Guatemala,GTM,78.0,2011.0,Renewed Democratic Liberty,LIDER,8.7,8.9,14.0,158.0,3.0,0.868,0.509,1.0
Guatemala,GTM,78.0,2015.0,Renewed Democratic Liberty,LIDER,19.1,27.8,44.0,158.0,3.0,0.868,0.509,0.0
Guatemala,GTM,78.0,1999.0,Progressive Liberator Party,PLP,4.1,0.9,1.0,113.0,3.0,2.512,0.218,0.0
Guatemala,GTM,78.0,2011.0,"Renovation and Order Compromise/Commitment, Renewal and Order",CREO,8.7,7.6,12.0,158.0,3.0,0.858,0.194,0.0
Guatemala,GTM,78.0,2015.0,"Renovation and Order Compromise/Commitment, Renewal and Order",CREO,5.9,2.5,4.0,158.0,3.0,0.858,0.183,0.0
Guatemala,GTM,78.0,2019.0,"Renovation and Order Compromise/Commitment, Renewal and Order",CREO,4.4,3.1,5.0,160.0,3.0,0.858,0.183,0.0
Guatemala,GTM,78.0,1982.0,Revolutionary Party,PR,,,,,,,,
Guatemala,GTM,78.0,1984.0,Revolutionary Party,PR,9.5,11.4,10.0,88.0,4.0,0.25,0.453,0.0
Guatemala,GTM,78.0,1985.0,Revolutionary Party,PR,13.8,11.0,11.0,100.0,3.0,0.25,0.453,0.0
Guatemala,GTM,78.0,2007.0,Social Action Center,CASA,4.9,3.2,5.0,158.0,3.0,1.078,0.114,1.0
Guatemala,GTM,78.0,1982.0,Democratic Institutional Party,PID,,,,,,,,
Guatemala,GTM,78.0,1984.0,Democratic Institutional Party,PID,6.9,5.7,5.0,88.0,4.0,2.699,0.111,0.0
Guatemala,GTM,78.0,1990.0,Solidarity Action Movement,MAS,24.1,15.5,18.0,116.0,0.0,1.052,0.386,1.0
Guatemala,GTM,78.0,2015.0,National Convergence Front,FCN,9.4,7.0,11.0,158.0,0.0,2.459,0.178,1.0
Guatemala,GTM,78.0,2019.0,National Convergence Front,FCN,5.2,5.0,8.0,160.0,3.0,2.459,0.178,0.0
Guatemala,GTM,78.0,2015.0,Everybody,T,10.6,11.4,18.0,158.0,3.0,1.09,0.367,1.0
Guatemala,GTM,78.0,2019.0,Everybody,T,4.9,4.4,7.0,160.0,3.0,1.09,0.367,0.0
Guatemala,GTM,78.0,1999.0,National Alliance,AN,11.0,8.0,9.0,113.0,3.0,-3.009,0.896,1.0
Guatemala,GTM,78.0,2003.0,National Alliance,AN,4.9,3.8,6.0,158.0,3.0,-3.009,0.896,0.0
Guatemala,GTM,78.0,2011.0,Vision with Values,ViVa,,,,,,,,
Guatemala,GTM,78.0,2015.0,Vision with Values,ViVa,5.3,3.2,5.0,158.0,1.0,2.445,0.118,0.0
Guatemala,GTM,78.0,1982.0,National Unity Front,FUN,,,,,,,,
Guatemala,GTM,78.0,1982.0,National Renewal Party,NRP,,3.0,2.0,66.0,4.0,1.503,0.316,1.0
Guatemala,GTM,78.0,2019.0,Come on or Let's go,Vamos,8.0,10.6,17.0,160.0,0.0,2.477,0.163,1.0
Guatemala,GTM,78.0,2019.0,Seed Movement,Semilla,5.2,4.4,7.0,160.0,3.0,-0.996,0.806,1.0
Guatemala,GTM,78.0,2019.0,Valour,VALOR,4.6,5.6,9.0,160.0,3.0,2.481,0.174,1.0
Guatemala,GTM,78.0,2019.0,National Well-Being,BIEN,4.8,5.0,8.0,160.0,3.0,0.557,0.4,0.0
Guatemala,GTM,78.0,2019.0,Humanist Party of Guatemala,PHG,4.7,3.8,6.0,160.0,3.0,1.476,0.264,1.0
Guatemala,GTM,78.0,1982.0,alliance: Union de Oposicion Nacional,Union de Opo...,,,,,,,,
Guatemala,GTM,78.0,1982.0,alliance: Frente Democrático Popular,Frente Democ...,,50.0,33.0,66.0,4.0,0.738,0.598,1.0
Guatemala,GTM,78.0,2011.0,alliance: UNE-GANA,UNE-GANA,22.2,30.4,48.0,158.0,3.0,-0.22,0.604,2.0
Guatemala,GTM,78.0,2011.0,alliance: VIVA-EG,VIVA-EG,7.8,3.8,6.0,158.0,3.0,0.612,0.282,2.0
Iran,IRN,79.0,1980.0,independent,indep,,51.9,140.0,270.0,,,,
Iran,IRN,79.0,1984.0,independent,indep,,51.9,140.0,270.0,,,,
Iran,IRN,79.0,1992.0,independent,indep,,44.4,120.0,270.0,,,,
Iran,IRN,79.0,2016.0,independent,indep,,22.4,65.0,290.0,,,,
Iran,IRN,79.0,2004.0,Principlists / Iranian Conservatives,OG,,69.0,156.0,226.0,0.0,2.131,0.802,2.0
Iran,IRN,79.0,2008.0,Principlists / Iranian Conservatives,OG,,69.0,200.0,290.0,0.0,2.131,0.823,0.0
Iran,IRN,79.0,2012.0,Principlists / Iranian Conservatives,OG,59.7,62.8,182.0,290.0,0.0,2.131,0.638,0.0
Iran,IRN,79.0,1992.0,Combatant Clergy Association,JRM,,55.6,150.0,270.0,0.0,1.559,0.549,0.0
Iran,IRN,79.0,1996.0,Combatant Clergy Association,JRM,,40.7,110.0,270.0,3.0,1.673,0.55,0.0
Iran,IRN,79.0,2000.0,Combatant Clergy Association,JRM,,25.5,74.0,290.0,3.0,1.574,0.55,0.0
Iran,IRN,79.0,1996.0,Servants of Iran's Construction,SIC,,29.6,80.0,270.0,3.0,1.419,0.404,1.0
Iran,IRN,79.0,1980.0,Islamic Republican Party,IRP,,48.1,130.0,270.0,0.0,1.417,0.734,0.0
Iran,IRN,79.0,1984.0,Islamic Republican Party,IRP,,48.1,130.0,270.0,0.0,1.417,0.774,0.0
Iran,IRN,79.0,2004.0,Council for Coordinating the Reforms Front,Reformist,,17.3,39.0,226.0,3.0,0.499,0.422,2.0
Iran,IRN,79.0,2008.0,Council for Coordinating the Reforms Front,Reformist,,17.2,50.0,290.0,3.0,0.499,0.458,0.0
Iran,IRN,79.0,2012.0,Council for Coordinating the Reforms Front,Reformist,35.8,25.9,75.0,290.0,3.0,0.499,0.438,0.0
Iran,IRN,79.0,2016.0,Council for Coordinating the Reforms Front,Reformist,,,,,,,,
Iran,IRN,79.0,1996.0,Combatant Clerics of Tehran,RMT,,29.6,80.0,270.0,0.0,1.357,0.525,0.0
Iran,IRN,79.0,2000.0,Islamic Iran Participation Front,IIPF,,74.5,216.0,290.0,0.0,0.901,0.432,1.0
Iran,IRN,79.0,2016.0,Pervasive Coalition of Reformists: The Second Step,PCR,,41.0,119.0,290.0,0.0,0.482,0.573,1.0
Iran,IRN,79.0,2016.0,Principlists Grand Coalition,PGC,,29.0,84.0,290.0,3.0,1.592,0.589,1.0
Iran,IRN,79.0,2016.0,National Trust Party,NTP,,,,,,,,
Iran,IRN,79.0,2016.0,Union of Islamic Iran People Party,UIIPP,,,,,,,,
Iran,IRN,79.0,2016.0,Moderation and Development Party,MDP,,,,,,,,
Iran,IRN,79.0,2016.0,Islamic Coalition Party,ICP,,,,,,,,
Iran,IRN,79.0,2016.0,Society of Devotees of the Islamic Revolution,SDIR,,,,,,,,
Iran,IRN,79.0,2016.0,Society of Pathseekers of the Islamic Revolution,SPIR,,,,,,,,
Iran,IRN,79.0,2016.0,Front of Islamic Revolution Stability,FIRS,,,,,,,,
Iraq,IRQ,80.0,2000.0,independent,indep,,22.0,55.0,250.0,,,,
Iraq,IRQ,80.0,1980.0,Arab Socialist Ba'ath Party – Iraq Region,HAB,,74.8,187.0,250.0,0.0,-1.629,0.318,0.0
Iraq,IRQ,80.0,1984.0,Arab Socialist Ba'ath Party – Iraq Region,HAB,100.0,100.0,250.0,250.0,0.0,-1.045,0.318,0.0
Iraq,IRQ,80.0,1989.0,Arab Socialist Ba'ath Party – Iraq Region,HAB,100.0,100.0,250.0,250.0,0.0,-1.011,0.318,0.0
Iraq,IRQ,80.0,1996.0,Arab Socialist Ba'ath Party – Iraq Region,HAB,100.0,100.0,250.0,250.0,0.0,-1.588,0.329,0.0
Iraq,IRQ,80.0,2000.0,Arab Socialist Ba'ath Party – Iraq Region,HAB,,66.0,165.0,250.0,0.0,-1.588,0.329,0.0
Iraq,IRQ,80.0,2005.0,Iraqi National Accord,INA,,,,,,,,
Iraq,IRQ,80.0,2010.0,Iraqi National Accord,INA,,,,,,,,
Iraq,IRQ,80.0,2014.0,Iraqi National Accord,INA,,,,,,,,
Iraq,IRQ,80.0,2018.0,Iraqi National Accord,INA,,,,,,,,
Iraq,IRQ,80.0,2005.0,Islamic Dawa Party,IDP,,,,,,,,
Iraq,IRQ,80.0,2010.0,Islamic Dawa Party,IDP,,,,,,,,
Iraq,IRQ,80.0,2014.0,Islamic Dawa Party,IDP,,,,,,,,
Iraq,IRQ,80.0,2018.0,Islamic Dawa Party,IDP,,,,,,,,
Iraq,IRQ,80.0,2005.0,Patriotic Union of Kurdistan,PUK,,,,,,,,
Iraq,IRQ,80.0,2010.0,Patriotic Union of Kurdistan,PUK,,,,,,,,
Iraq,IRQ,80.0,2014.0,Patriotic Union of Kurdistan,PUK,6.5,6.4,21.0,328.0,2.0,-0.97,0.237,0.0
Iraq,IRQ,80.0,2018.0,Patriotic Union of Kurdistan,PUK,5.9,5.5,18.0,329.0,2.0,-0.944,0.229,0.0
Iraq,IRQ,80.0,2005.0,Kurdistan Democratic Party,KDP,,,,,,,,
Iraq,IRQ,80.0,2010.0,Kurdistan Democratic Party,KDP,,,,,,,,
Iraq,IRQ,80.0,2014.0,Kurdistan Democratic Party,KDP,8.0,7.6,25.0,328.0,1.0,-0.498,0.115,0.0
Iraq,IRQ,80.0,2018.0,Kurdistan Democratic Party,KDP,8.4,7.9,26.0,329.0,1.0,-0.501,0.115,0.0
Iraq,IRQ,80.0,2005.0,Iraqi Islamic Party,IIP,,,,,,,,
Iraq,IRQ,80.0,2005.0,Islamic Supreme Council of Iraq,ISCI,,,,,,,,
Iraq,IRQ,80.0,2010.0,Islamic Supreme Council of Iraq,ISCI,,,,,,,,
Iraq,IRQ,80.0,2014.0,Islamic Supreme Council of Iraq,ISCI,,,,,,,,
Iraq,IRQ,80.0,2005.0,National Iraqi Alliance / United Iraqi Alliance / Watani List,NIA / UIA,41.2,46.5,128.0,275.0,0.0,0.674,0.179,0.0
Iraq,IRQ,80.0,2010.0,National Iraqi Alliance / United Iraqi Alliance / Watani List,NIA / UIA,18.2,21.5,70.0,325.0,1.0,0.674,0.179,0.0
Iraq,IRQ,80.0,2005.0,Kurdistan Alliance/Democratic Patriotic Alliance of Kurdistan,KA/DPAK,21.7,19.3,53.0,275.0,1.0,-0.615,0.179,0.0
Iraq,IRQ,80.0,2010.0,Kurdistan List / Kurdistan Alliance / Brotherhood List,KA,14.6,13.2,43.0,325.0,2.0,1.301,0.278,0.0
Iraq,IRQ,80.0,2005.0,Iraqi Accord Front - Tawafuq,IAF,15.1,16.0,44.0,275.0,2.0,0.049,0.15,0.0
Iraq,IRQ,80.0,2010.0,Sadrist Movement,SM,,,,,,,,
Iraq,IRQ,80.0,2014.0,Sadrist Movement,SM,7.1,8.5,28.0,328.0,3.0,1.235,0.465,0.0
Iraq,IRQ,80.0,2018.0,Sadrist Movement,SM,,,,,,,,
Iraq,IRQ,80.0,2014.0,Iraqi National Congress,INC,,,,,,,,
Iraq,IRQ,80.0,2014.0,Uniters for Reform Coalition,URC,5.2,7.0,23.0,328.0,2.0,0.635,0.312,0.0
Iraq,IRQ,80.0,2014.0,National Coalition,AW,4.4,6.4,21.0,328.0,2.0,0.995,0.216,0.0
Iraq,IRQ,80.0,2018.0,National Coalition,AW,6.0,6.4,21.0,329.0,1.0,0.995,0.216,0.0
Iraq,IRQ,80.0,2010.0,Iraqi National Dialogue Front,Hiwar,,,,,,,,
Iraq,IRQ,80.0,2018.0,Fatah Alliance,FA,13.2,14.6,48.0,329.0,1.0,1.333,0.335,0.0
Iraq,IRQ,80.0,2018.0,National Wisdom Movement,NWM,5.3,5.8,19.0,329.0,2.0,-0.047,0.209,0.0
Iraq,IRQ,80.0,2010.0,State of Law Coalition,SLC,24.2,27.4,89.0,325.0,0.0,-0.062,0.164,0.0
Iraq,IRQ,80.0,2014.0,State of Law Coalition,SLC,24.1,28.7,94.0,328.0,0.0,-0.062,0.164,0.0
Iraq,IRQ,80.0,2018.0,State of Law Coalition,SLC,7.0,7.6,25.0,329.0,2.0,-0.062,0.164,0.0
Iraq,IRQ,80.0,2005.0,Iraqi Turkmen Front,ITF,,,,,,,,
Iraq,IRQ,80.0,2010.0,Iraqi Turkmen Front,ITF,,,,,,,,
Iraq,IRQ,80.0,2018.0,Victory Alliance,VA,10.9,12.8,42.0,329.0,0.0,0.457,0.22,0.0
Iraq,IRQ,80.0,2014.0,National Movement for Development and Reform,NMDR,,,,,,,,
Iraq,IRQ,80.0,2018.0,Alliance Towards Reforms,ATR,14.4,16.4,54.0,329.0,1.0,1.674,0.229,0.0
Iraq,IRQ,80.0,2005.0,Badr Organization,BO,,,,,,,,
Iraq,IRQ,80.0,2010.0,Badr Organization,BO,,,,,,,,
Iraq,IRQ,80.0,2014.0,Badr Organization,BO,,,,,,,,
Iraq,IRQ,80.0,2018.0,Badr Organization,BO,,,,,,,,
Iraq,IRQ,80.0,2018.0,Speakers of the Truth,Sad,,,,,,,,
Iraq,IRQ,80.0,2005.0,Iraqi Communist Party,ICP,,,,,,,,
Iraq,IRQ,80.0,2018.0,Iraqi Communist Party,ICP,,,,,,,,
Iraq,IRQ,80.0,2014.0,Al-Hadba,AH,,,,,,,,
Iraq,IRQ,80.0,2000.0,technical: Appointed by president,tech,,12.0,30.0,250.0,,,,
Iraq,IRQ,80.0,2005.0,alliance: National Iraqi List,National Ira...,8.0,8.7,24.0,275.0,0.0,0.04,0.147,0.0
Iraq,IRQ,80.0,2010.0,alliance: INM,INM,24.7,28.0,91.0,325.0,1.0,0.028,0.148,0.0
Iraq,IRQ,80.0,2014.0,alliance: Al-Muwatin Coalition,Al-Muwatin C...,7.6,8.8,29.0,328.0,2.0,0.62,0.129,0.0
Ireland,IRL,81.0,2002.0,Sinn Fein (Provisional),SF,6.5,3.0,5.0,166.0,3.0,-1.935,0.841,0.0
Ireland,IRL,81.0,2007.0,Sinn Fein (Provisional),SF,6.9,2.4,4.0,165.0,3.0,-1.935,0.841,0.0
Ireland,IRL,81.0,2011.0,Sinn Fein (Provisional),SF,9.9,8.5,14.0,165.0,3.0,-2.227,0.88,0.0
Ireland,IRL,81.0,2016.0,Sinn Fein (Provisional),SF,13.9,14.6,23.0,158.0,3.0,-2.227,0.876,0.0
Ireland,IRL,81.0,1989.0,Workers Party,WP,5.0,4.2,7.0,166.0,3.0,-2.609,0.922,0.0
Ireland,IRL,81.0,1981.0,Labour Party,Lab,9.9,9.0,15.0,166.0,1.0,-1.009,0.399,0.0
Ireland,IRL,81.0,1982.0,Labour Party,Lab,9.4,9.6,16.0,166.0,1.0,-1.009,0.383,0.0
Ireland,IRL,81.0,1987.0,Labour Party,Lab,6.5,7.2,12.0,166.0,3.0,-1.009,0.383,0.0
Ireland,IRL,81.0,1989.0,Labour Party,Lab,9.5,9.0,15.0,166.0,3.0,-1.009,0.403,0.0
Ireland,IRL,81.0,1992.0,Labour Party,Lab,19.3,19.9,33.0,166.0,1.0,-0.832,0.377,0.0
Ireland,IRL,81.0,1997.0,Labour Party,Lab,10.4,10.2,17.0,166.0,3.0,-1.014,0.377,0.0
Ireland,IRL,81.0,2002.0,Labour Party,Lab,10.8,12.7,21.0,166.0,3.0,-1.014,0.377,0.0
Ireland,IRL,81.0,2007.0,Labour Party,Lab,10.1,12.1,20.0,165.0,3.0,-1.014,0.377,0.0
Ireland,IRL,81.0,2011.0,Labour Party,Lab,19.4,22.4,37.0,165.0,1.0,-1.014,0.377,0.0
Ireland,IRL,81.0,2016.0,Labour Party,Lab,6.6,4.4,7.0,158.0,3.0,-1.002,0.38,0.0
Ireland,IRL,81.0,1987.0,Progressive Democrats,PD,11.8,8.4,14.0,166.0,3.0,0.891,0.144,1.0
Ireland,IRL,81.0,1989.0,Progressive Democrats,PD,5.5,3.6,6.0,166.0,1.0,0.891,0.14,0.0
Ireland,IRL,81.0,1981.0,Fianna Fail – The Republican Party,FF,45.3,47.0,78.0,166.0,3.0,0.19,0.235,0.0
Ireland,IRL,81.0,1982.0,Fianna Fail – The Republican Party,FF,45.2,45.2,75.0,166.0,3.0,0.19,0.235,0.0
Ireland,IRL,81.0,1987.0,Fianna Fail – The Republican Party,FF,44.1,48.8,81.0,166.0,0.0,0.19,0.235,0.0
Ireland,IRL,81.0,1989.0,Fianna Fail – The Republican Party,FF,44.1,46.4,77.0,166.0,0.0,0.19,0.235,0.0
Ireland,IRL,81.0,1992.0,Fianna Fail – The Republican Party,FF,39.1,41.0,68.0,166.0,0.0,0.19,0.235,0.0
Ireland,IRL,81.0,1997.0,Fianna Fail – The Republican Party,FF,39.3,46.4,77.0,166.0,0.0,0.19,0.229,0.0
Ireland,IRL,81.0,2002.0,Fianna Fail – The Republican Party,FF,41.5,48.8,81.0,166.0,0.0,0.376,0.184,0.0
Ireland,IRL,81.0,2007.0,Fianna Fail – The Republican Party,FF,41.6,46.7,77.0,165.0,0.0,0.376,0.237,0.0
Ireland,IRL,81.0,2011.0,Fianna Fail – The Republican Party,FF,17.4,11.5,19.0,165.0,3.0,0.037,0.275,0.0
Ireland,IRL,81.0,2016.0,Fianna Fail – The Republican Party,FF,24.4,27.8,44.0,158.0,3.0,0.037,0.236,0.0
Ireland,IRL,81.0,1981.0,Fine Gael (Familiy of the Irish),FG,36.5,39.2,65.0,166.0,0.0,-0.061,0.078,0.0
Ireland,IRL,81.0,1982.0,Fine Gael (Familiy of the Irish),FG,39.2,42.2,70.0,166.0,0.0,-0.061,0.069,0.0
Ireland,IRL,81.0,1987.0,Fine Gael (Familiy of the Irish),FG,27.1,30.7,51.0,166.0,3.0,-0.061,0.095,0.0
Ireland,IRL,81.0,1989.0,Fine Gael (Familiy of the Irish),FG,29.3,33.1,55.0,166.0,3.0,-0.061,0.095,0.0
Ireland,IRL,81.0,1992.0,Fine Gael (Familiy of the Irish),FG,24.5,27.1,45.0,166.0,3.0,0.2,0.072,0.0
Ireland,IRL,81.0,1997.0,Fine Gael (Familiy of the Irish),FG,27.9,32.5,54.0,166.0,3.0,0.2,0.072,0.0
Ireland,IRL,81.0,2002.0,Fine Gael (Familiy of the Irish),FG,22.5,18.7,31.0,166.0,3.0,0.2,0.08,0.0
Ireland,IRL,81.0,2007.0,Fine Gael (Familiy of the Irish),FG,27.3,30.9,51.0,165.0,3.0,0.2,0.11,0.0
Ireland,IRL,81.0,2011.0,Fine Gael (Familiy of the Irish),FG,36.1,46.1,76.0,165.0,0.0,0.407,0.11,0.0
Ireland,IRL,81.0,2016.0,Fine Gael (Familiy of the Irish),FG,25.5,31.6,50.0,158.0,0.0,0.407,0.07,0.0
Ireland,IRL,81.0,2002.0,independent,indep,,7.2,12.0,166.0,,,,
Ireland,IRL,81.0,2011.0,independent,indep,12.2,8.5,14.0,165.0,,,,
Ireland,IRL,81.0,2016.0,independent,indep,11.1,7.6,12.0,158.0,,,,
Italy,ITA,82.0,1983.0,Italian Communist Party,PCI,29.9,31.4,198.0,630.0,3.0,-2.558,0.265,0.0
Italy,ITA,82.0,1987.0,Italian Communist Party,PCI,26.6,28.1,177.0,630.0,3.0,-2.558,0.265,0.0
Italy,ITA,82.0,2013.0,Union of the Centre,UdC,1.8,1.3,8.0,630.0,1.0,0.357,0.071,2.0
Italy,ITA,82.0,1994.0,Pact for Italy,PI,,,,,,,,
Italy,ITA,82.0,1996.0,Italian Renewal,RiI,4.3,4.1,26.0,630.0,1.0,0.157,0.051,1.0
Italy,ITA,82.0,2001.0,Democracy is Freedom -- The Daisy,DL-M,14.5,13.2,83.0,630.0,3.0,0.207,0.104,2.0
Italy,ITA,82.0,2008.0,The People of Freedom,IPdL,38.2,43.8,276.0,630.0,0.0,1.555,0.469,2.0
Italy,ITA,82.0,2013.0,The People of Freedom,IPdL,21.6,15.6,98.0,630.0,1.0,1.566,0.366,0.0
Italy,ITA,82.0,1983.0,Republican Party,PRI,5.1,4.6,29.0,630.0,1.0,-0.429,0.07,0.0
Italy,ITA,82.0,1994.0,Segni Pact,PS,4.6,2.1,13.0,630.0,3.0,0.128,0.364,1.0
Italy,ITA,82.0,1983.0,Italian Socialist Party,PSI,11.4,11.6,73.0,630.0,0.0,-0.473,0.106,0.0
Italy,ITA,82.0,1987.0,Italian Socialist Party,PSI,14.3,14.9,94.0,630.0,1.0,-0.473,0.103,0.0
Italy,ITA,82.0,1992.0,Italian Socialist Party,PSI,13.6,14.6,92.0,630.0,0.0,-0.195,0.103,0.0
Italy,ITA,82.0,2006.0,List Di Pietro -- Italy of Values,IdV,2.3,2.7,17.0,630.0,1.0,0.201,0.415,0.0
Italy,ITA,82.0,2008.0,List Di Pietro -- Italy of Values,IdV,4.4,4.6,29.0,630.0,3.0,0.201,0.413,0.0
Italy,ITA,82.0,2008.0,Democratic Party,PD,34.0,34.4,217.0,630.0,3.0,-0.783,0.109,2.0
Italy,ITA,82.0,2013.0,Democratic Party,PD,25.4,47.1,297.0,630.0,0.0,-0.837,0.11,0.0
Italy,ITA,82.0,2018.0,Democratic Party,PD,18.8,17.8,112.0,630.0,3.0,-0.749,0.108,0.0
Italy,ITA,82.0,1994.0,National Alliance,AN,13.5,17.3,109.0,630.0,1.0,2.037,0.399,2.0
Italy,ITA,82.0,1996.0,National Alliance,AN,15.7,14.8,93.0,630.0,3.0,2.037,0.377,0.0
Italy,ITA,82.0,2001.0,National Alliance,AN,12.0,15.7,99.0,630.0,1.0,2.037,0.299,0.0
Italy,ITA,82.0,2006.0,National Alliance,AN,12.3,11.3,71.0,630.0,3.0,2.303,0.241,0.0
Italy,ITA,82.0,1996.0,Federation of the Greens,FdV,2.5,2.2,14.0,630.0,1.0,-1.103,0.2,0.0
Italy,ITA,82.0,2006.0,Federation of the Greens,FdV,2.1,2.4,15.0,630.0,1.0,-1.101,0.216,0.0
Italy,ITA,82.0,2001.0,Democrats of the Left,DS,16.6,21.6,136.0,630.0,3.0,-1.159,0.124,2.0
Italy,ITA,82.0,1983.0,Christian Democrats,DC,32.9,35.7,225.0,630.0,1.0,0.454,0.072,0.0
Italy,ITA,82.0,1987.0,Christian Democrats,DC,34.3,37.1,234.0,630.0,0.0,0.454,0.072,0.0
Italy,ITA,82.0,1992.0,Christian Democrats,DC,29.7,32.7,206.0,630.0,1.0,0.454,0.072,0.0
Italy,ITA,82.0,1996.0,Christian Democratic Center / United Christian Democrats (White Flower),CCD/CDU,5.8,4.8,30.0,630.0,3.0,1.288,0.064,2.0
Italy,ITA,82.0,2001.0,Christian Democratic Center / United Christian Democrats (White Flower),CCD/CDU,3.2,6.3,40.0,630.0,1.0,1.288,0.069,0.0
Italy,ITA,82.0,2008.0,Movement for Autonomy,MpA,1.1,1.3,8.0,630.0,1.0,0.736,0.209,2.0
Italy,ITA,82.0,1992.0,North League,LN,8.7,8.7,55.0,630.0,3.0,2.982,0.744,1.0
Italy,ITA,82.0,1994.0,North League,LN,8.4,17.9,113.0,630.0,1.0,2.982,0.743,0.0
Italy,ITA,82.0,1996.0,North League,LN,10.1,9.4,59.0,630.0,3.0,2.982,0.746,0.0
Italy,ITA,82.0,2001.0,North League,LN,3.9,4.8,30.0,630.0,1.0,2.538,0.696,0.0
Italy,ITA,82.0,2006.0,North League,LN,4.6,4.1,26.0,630.0,3.0,2.538,0.665,0.0
Italy,ITA,82.0,2008.0,North League,LN,8.3,9.5,60.0,630.0,1.0,2.538,0.664,0.0
Italy,ITA,82.0,2013.0,North League,LN,4.1,2.9,18.0,630.0,3.0,2.538,0.711,0.0
Italy,ITA,82.0,2018.0,North League,LN,17.4,19.8,125.0,630.0,1.0,2.538,0.848,0.0
Italy,ITA,82.0,2006.0,The Union,LU,,,,,,,,
Italy,ITA,82.0,1992.0,Communist Refoundation Party,PRC,5.6,5.6,35.0,630.0,3.0,-2.963,0.295,1.0
Italy,ITA,82.0,1994.0,Communist Refoundation Party,PRC,6.0,6.5,41.0,630.0,3.0,-2.963,0.295,0.0
Italy,ITA,82.0,1996.0,Communist Refoundation Party,PRC,8.6,5.6,35.0,630.0,2.0,-2.963,0.272,0.0
Italy,ITA,82.0,2001.0,Communist Refoundation Party,PRC,5.0,1.7,11.0,630.0,3.0,-2.963,0.278,0.0
Italy,ITA,82.0,2006.0,Communist Refoundation Party,PRC,5.8,6.5,41.0,630.0,1.0,-2.963,0.296,0.0
Italy,ITA,82.0,1994.0,Pole of Freedoms,PdL,,,,,,,,
Italy,ITA,82.0,1994.0,Go Italy,FI,21.0,17.8,112.0,630.0,0.0,1.858,0.609,1.0
Italy,ITA,82.0,1996.0,Go Italy,FI,20.6,19.5,123.0,630.0,3.0,1.858,0.557,0.0
Italy,ITA,82.0,2001.0,Go Italy,FI,29.4,30.8,194.0,630.0,0.0,1.574,0.569,0.0
Italy,ITA,82.0,2006.0,Go Italy,FI,23.7,22.2,140.0,630.0,3.0,1.574,0.501,0.0
Italy,ITA,82.0,2006.0,Party of Italian Communists,PdCI,2.3,2.5,16.0,630.0,1.0,-2.978,0.257,0.0
Italy,ITA,82.0,1983.0,Italian Social Movement / Italian Social Movement-National Right,MSI,6.8,6.7,42.0,630.0,3.0,2.03,0.53,0.0
Italy,ITA,82.0,1987.0,Italian Social Movement / Italian Social Movement-National Right,MSI,5.9,5.6,35.0,630.0,3.0,2.03,0.53,0.0
Italy,ITA,82.0,1992.0,Italian Social Movement / Italian Social Movement-National Right,MSI,5.4,5.4,34.0,630.0,3.0,2.03,0.53,0.0
Italy,ITA,82.0,1994.0,Italian People's Party,PPI,11.1,5.2,33.0,630.0,3.0,-0.415,0.068,2.0
Italy,ITA,82.0,2006.0,Rose in the Fist,RnP,2.6,2.9,18.0,630.0,1.0,-0.832,0.271,1.0
Italy,ITA,82.0,1996.0,The Olive Tree,Ulivo,,,,,,,,
Italy,ITA,82.0,2001.0,The Olive Tree,Ulivo,,,,,,,,
Italy,ITA,82.0,2006.0,The Olive Tree,Ulivo,31.3,35.9,226.0,630.0,0.0,-1.127,0.067,1.0
Italy,ITA,82.0,2006.0,Union of Christian and Centre Democrats,UDC,6.8,6.2,39.0,630.0,3.0,0.641,0.07,2.0
Italy,ITA,82.0,2008.0,Union of Christian and Centre Democrats,UDC,5.8,5.7,36.0,630.0,3.0,0.641,0.068,0.0
Italy,ITA,82.0,1994.0,Christian Democratic Center,CCD,0.0,4.3,27.0,630.0,1.0,1.266,0.069,1.0
Italy,ITA,82.0,2013.0,Five Star Movement,M5S,25.6,17.3,109.0,630.0,3.0,-0.093,0.658,1.0
Italy,ITA,82.0,2018.0,Five Star Movement,M5S,32.7,36.0,227.0,630.0,1.0,0.466,0.657,0.0
Italy,ITA,82.0,2013.0,Brothers of Italy,FdI,2.0,1.4,9.0,630.0,3.0,2.302,0.636,1.0
Italy,ITA,82.0,2018.0,Brothers of Italy,FdI,4.4,5.1,32.0,630.0,3.0,2.302,0.652,0.0
Italy,ITA,82.0,2013.0,Civic Choice,SC,8.3,6.2,39.0,630.0,1.0,-0.136,0.058,1.0
Italy,ITA,82.0,1994.0,Pannella List,LP,3.5,0.8,5.0,630.0,2.0,1.3,0.358,0.0
Italy,ITA,82.0,2001.0,Sunflower,G,2.2,2.7,17.0,630.0,3.0,-0.425,0.066,2.0
Italy,ITA,82.0,2001.0,House of Freedom,CdL,,,,,,,,
Italy,ITA,82.0,2006.0,House of Freedom,CdL,,,,,,,,
Italy,ITA,82.0,2013.0,Left Ecology Freedom,SEL,3.2,5.9,37.0,630.0,3.0,-2.537,0.202,1.0
Italy,ITA,82.0,2008.0,Centre-left coalition,CLC,,,,,,,,
Italy,ITA,82.0,2018.0,Centre-left coalition,CLC,,,,,,,,
Italy,ITA,82.0,1996.0,Pole for Freedoms,PL,,,,,,,,
Italy,ITA,82.0,1994.0,Alliance of Progressives,AP,,,,,,,,
Italy,ITA,82.0,1992.0,Democratic Party of the Left,PDS,16.1,17.0,107.0,630.0,3.0,-1.824,0.164,2.0
Italy,ITA,82.0,1994.0,Democratic Party of the Left,PDS,20.4,18.1,114.0,630.0,3.0,-1.824,0.092,0.0
Italy,ITA,82.0,1996.0,Democratic Party of the Left,PDS,21.1,27.3,172.0,630.0,1.0,-1.824,0.089,0.0
Italy,ITA,82.0,1996.0,Popular Party for Prodi,PpP,6.8,11.0,69.0,630.0,0.0,-0.783,0.067,2.0
Italy,ITA,82.0,2008.0,Centre-right Coalition,CCD,,,,,,,,
Italy,ITA,82.0,2013.0,Centre-right Coalition,CCD,,,,,,,,
Italy,ITA,82.0,2018.0,Centre-right Coalition,CCD,,,,,,,,
Italy,ITA,82.0,2013.0,Italy. Common Good,IBC,,,,,,,,
Italy,ITA,82.0,2018.0,Forward Italy (2013),FI,14.0,16.5,104.0,630.0,3.0,1.57,0.271,2.0
Italy,ITA,82.0,2013.0,alliance: With Monti for Italy,With Monti f...,,,,,,,,
Jordan,JOR,83.0,1989.0,independent,indep,,72.5,58.0,80.0,,,,
Jordan,JOR,83.0,1993.0,independent,indep,,75.0,60.0,80.0,,,,
Jordan,JOR,83.0,1997.0,independent,indep,,93.8,75.0,80.0,,,,
Jordan,JOR,83.0,2003.0,independent,indep,,80.0,88.0,110.0,,,,
Jordan,JOR,83.0,2007.0,independent,indep,,89.1,98.0,110.0,,,,
Jordan,JOR,83.0,2010.0,independent,indep,,85.8,103.0,120.0,,,,
Jordan,JOR,83.0,2013.0,independent,indep,,82.0,123.0,150.0,,,,
Jordan,JOR,83.0,1989.0,Islamic Action Front,IAF,,27.5,22.0,80.0,3.0,0.902,0.659,0.0
Jordan,JOR,83.0,1993.0,Islamic Action Front,IAF,,21.3,17.0,80.0,3.0,0.902,0.654,0.0
Jordan,JOR,83.0,2003.0,Islamic Action Front,IAF,,14.5,16.0,110.0,3.0,0.933,0.713,0.0
Jordan,JOR,83.0,2007.0,Islamic Action Front,IAF,,5.5,6.0,110.0,3.0,0.933,0.717,0.0
Jordan,JOR,83.0,2013.0,Muslim Centre Party,Wasat,,2.0,3.0,150.0,2.0,1.062,0.58,0.0
Jordan,JOR,83.0,2010.0,unknown: Opposition,unknown,,14.2,17.0,120.0,,,,
Latvia,LVA,84.0,1995.0,"Democratic Party """"Saimnieks""""",DPS,15.2,18.0,18.0,100.0,1.0,-0.569,0.645,1.0
Latvia,LVA,84.0,2002.0,For Human Rights in a United Latvia,PCTVL,19.0,25.0,25.0,100.0,3.0,-1.568,0.775,2.0
Latvia,LVA,84.0,2006.0,For Human Rights in a United Latvia,PCTVL,6.0,6.0,6.0,100.0,3.0,-1.568,0.774,0.0
Latvia,LVA,84.0,1993.0,Christian Democratic Union,KDS,5.0,6.0,6.0,100.0,3.0,0.349,0.397,1.0
Latvia,LVA,84.0,1995.0,Christian Democratic Union,KDS,6.4,8.0,8.0,100.0,3.0,0.349,0.39,0.0
Latvia,LVA,84.0,1995.0,Latvian Unity Party,LVP,7.2,8.0,8.0,100.0,1.0,-0.8,0.378,1.0
Latvia,LVA,84.0,2010.0,For a Good Latvia,PLL,7.8,,,,,,,
Latvia,LVA,84.0,2010.0,Civic Union,PS,,,,,,,,
Latvia,LVA,84.0,2006.0,Latvian First Party / Latvian Way Party,LPP/LC,8.6,10.0,10.0,100.0,1.0,1.017,0.27,2.0
Latvia,LVA,84.0,2010.0,Latvian First Party / Latvian Way Party,LPP/LC,,3.0,3.0,100.0,3.0,0.707,0.329,0.0
Latvia,LVA,84.0,1995.0,Socialist Party of Latvia,LSP,5.6,5.0,5.0,100.0,3.0,-2.427,0.837,1.0
Latvia,LVA,84.0,1990.0,Communist Party of Latvia,LKP,21.5,27.4,55.0,201.0,3.0,-3.175,0.584,1.0
Latvia,LVA,84.0,2010.0,Society for Other Politics,SCP,,,,,,,,
Latvia,LVA,84.0,1993.0,For Fatherland and Freedom,TB,5.3,6.0,6.0,100.0,3.0,1.132,0.338,1.0
Latvia,LVA,84.0,1995.0,For Fatherland and Freedom,TB,11.9,14.0,14.0,100.0,1.0,1.132,0.334,0.0
Latvia,LVA,84.0,2002.0,Green and Farmers' Union,ZZS,9.4,12.0,12.0,100.0,1.0,0.117,0.283,2.0
Latvia,LVA,84.0,2006.0,Green and Farmers' Union,ZZS,16.7,18.0,18.0,100.0,1.0,0.117,0.283,0.0
Latvia,LVA,84.0,2010.0,Green and Farmers' Union,ZZS,20.1,22.0,22.0,100.0,1.0,0.117,0.283,0.0
Latvia,LVA,84.0,2011.0,Green and Farmers' Union,ZZS,12.2,13.0,13.0,100.0,3.0,0.117,0.174,0.0
Latvia,LVA,84.0,2014.0,Green and Farmers' Union,ZZS,19.5,21.0,21.0,100.0,1.0,0.117,0.174,0.0
Latvia,LVA,84.0,2018.0,Green and Farmers' Union,ZZS,10.0,11.0,11.0,100.0,3.0,0.117,0.452,0.0
Latvia,LVA,84.0,1998.0,Latvian Social Democratic Workers' Party,LSDSP,12.8,14.0,14.0,100.0,2.0,-2.555,0.79,0.0
Latvia,LVA,84.0,2010.0,Unity,V,31.9,33.0,33.0,100.0,0.0,1.307,0.096,2.0
Latvia,LVA,84.0,2011.0,Unity,V,18.8,20.0,20.0,100.0,0.0,1.307,0.1,0.0
Latvia,LVA,84.0,2014.0,Unity,V,21.9,23.0,23.0,100.0,0.0,1.307,0.096,0.0
Latvia,LVA,84.0,2018.0,Unity,V,6.7,8.0,8.0,100.0,0.0,1.307,0.119,0.0
Latvia,LVA,84.0,1993.0,Equal Rights,L,5.8,7.0,7.0,100.0,3.0,-1.439,0.735,1.0
Latvia,LVA,84.0,1993.0,Latvian Way,LC,32.4,36.0,36.0,100.0,0.0,0.921,0.296,1.0
Latvia,LVA,84.0,1995.0,Latvian Way,LC,14.7,17.0,17.0,100.0,1.0,0.921,0.186,0.0
Latvia,LVA,84.0,1998.0,Latvian Way,LC,18.1,21.0,21.0,100.0,0.0,0.921,0.158,0.0
Latvia,LVA,84.0,2006.0,Harmony Centre,SC,14.4,17.0,17.0,100.0,3.0,-0.618,0.697,2.0
Latvia,LVA,84.0,2010.0,Harmony Centre,SC,26.6,29.0,29.0,100.0,3.0,-0.886,0.684,0.0
Latvia,LVA,84.0,2011.0,Harmony Centre,SC,28.4,31.0,31.0,100.0,3.0,-0.886,0.684,0.0
Latvia,LVA,84.0,2014.0,Harmony Centre,SC,23.0,24.0,24.0,100.0,3.0,-0.886,0.684,0.0
Latvia,LVA,84.0,2018.0,Harmony Centre,SC,19.9,23.0,23.0,100.0,3.0,-0.886,0.684,0.0
Latvia,LVA,84.0,2002.0,Latvian Green Party,LZP,,,,,,,,
Latvia,LVA,84.0,2006.0,Latvian Green Party,LZP,,,,,,,,
Latvia,LVA,84.0,2010.0,Latvian Green Party,LZP,,,,,,,,
Latvia,LVA,84.0,2011.0,Latvian Green Party,LZP,,,,,,,,
Latvia,LVA,84.0,2014.0,Latvian Green Party,LZP,,,,,,,,
Latvia,LVA,84.0,2018.0,Latvian Green Party,LZP,,,,,,,,
Latvia,LVA,84.0,1990.0,Popular Front of Latvia,LTF,68.2,65.2,131.0,201.0,0.0,0.127,0.517,1.0
Latvia,LVA,84.0,2011.0,Zatlers' Reform Party,ZRP,20.8,22.0,22.0,100.0,1.0,0.952,0.588,1.0
Latvia,LVA,84.0,2002.0,New Era,JL,23.9,26.0,26.0,100.0,0.0,1.903,0.496,1.0
Latvia,LVA,84.0,2006.0,New Era,JL,16.4,18.0,18.0,100.0,1.0,1.903,0.271,0.0
Latvia,LVA,84.0,2010.0,New Era,JL,,,,,,,,
Latvia,LVA,84.0,1998.0,New Era Party,JP,7.3,8.0,8.0,100.0,1.0,0.643,0.59,1.0
Latvia,LVA,84.0,1995.0,People's Movement for Latvia -- Siegerist Party,TKL-ZP,14.9,16.0,16.0,100.0,3.0,-0.576,0.914,1.0
Latvia,LVA,84.0,1993.0,Latvian Farmers' Union,LZS,10.7,12.0,12.0,100.0,1.0,-0.125,0.379,1.0
Latvia,LVA,84.0,2002.0,Latvian Farmers' Union,LZS,,,,,,,,
Latvia,LVA,84.0,2006.0,Latvian Farmers' Union,LZS,,,,,,,,
Latvia,LVA,84.0,2010.0,Latvian Farmers' Union,LZS,,,,,,,,
Latvia,LVA,84.0,2011.0,Latvian Farmers' Union,LZS,,,,,,,,
Latvia,LVA,84.0,2014.0,Latvian Farmers' Union,LZS,,,,,,,,
Latvia,LVA,84.0,2018.0,Latvian Farmers' Union,LZS,,,,,,,,
Latvia,LVA,84.0,1998.0,National Alliance / For Fatherland and Freedom / LNNK,NA/TB/LNNK,14.7,17.0,17.0,100.0,1.0,1.11,0.344,2.0
Latvia,LVA,84.0,2002.0,National Alliance / For Fatherland and Freedom / LNNK,NA/TB/LNNK,5.4,7.0,7.0,100.0,1.0,1.408,0.249,0.0
Latvia,LVA,84.0,2006.0,National Alliance / For Fatherland and Freedom / LNNK,NA/TB/LNNK,6.9,8.0,8.0,100.0,1.0,1.408,0.253,0.0
Latvia,LVA,84.0,2010.0,National Alliance / For Fatherland and Freedom / LNNK,NA/TB/LNNK,7.8,8.0,8.0,100.0,3.0,1.408,0.202,0.0
Latvia,LVA,84.0,2011.0,National Alliance / For Fatherland and Freedom / LNNK,NA/TB/LNNK,13.9,14.0,14.0,100.0,1.0,1.094,0.202,0.0
Latvia,LVA,84.0,2014.0,National Alliance / For Fatherland and Freedom / LNNK,NA/TB/LNNK,16.6,17.0,17.0,100.0,1.0,1.093,0.202,0.0
Latvia,LVA,84.0,2018.0,National Alliance / For Fatherland and Freedom / LNNK,NA/TB/LNNK,,,,,1.0,1.093,0.202,0.0
Latvia,LVA,84.0,1993.0,National Harmony Party,TSP,12.0,13.0,13.0,100.0,3.0,-0.967,0.754,1.0
Latvia,LVA,84.0,1995.0,National Harmony Party,TSP,5.5,6.0,6.0,100.0,3.0,-0.967,0.77,0.0
Latvia,LVA,84.0,1998.0,National Harmony Party,TSP,14.1,16.0,16.0,100.0,3.0,-0.967,0.77,0.0
Latvia,LVA,84.0,1998.0,People's Party,TP,21.2,24.0,24.0,100.0,3.0,0.774,0.282,1.0
Latvia,LVA,84.0,2002.0,People's Party,TP,16.6,20.0,20.0,100.0,3.0,0.774,0.258,0.0
Latvia,LVA,84.0,2006.0,People's Party,TP,19.6,23.0,23.0,100.0,0.0,0.774,0.317,0.0
Latvia,LVA,84.0,2010.0,People's Party,TP,,4.0,4.0,100.0,3.0,0.774,0.36,0.0
Latvia,LVA,84.0,2002.0,Latvia's First Party,LPP,9.5,10.0,10.0,100.0,1.0,1.423,0.448,1.0
Latvia,LVA,84.0,1993.0,Latvian National Independence Movement,LNNK,13.3,15.0,15.0,100.0,3.0,1.402,0.372,1.0
Latvia,LVA,84.0,1995.0,Latvian National Independence Movement,LNNK,6.3,8.0,8.0,100.0,1.0,1.402,0.302,0.0
Latvia,LVA,84.0,1990.0,independent,indep,10.3,7.5,15.0,201.0,,,,
Latvia,LVA,84.0,2014.0,For Latvia from the Heart,NsL,6.8,7.0,7.0,100.0,3.0,-0.251,0.841,1.0
Latvia,LVA,84.0,2014.0,Latvian Association of Regions,LRa,6.7,8.0,8.0,100.0,3.0,0.711,0.571,1.0
Latvia,LVA,84.0,2018.0,Latvian Development,LAAT,,,,,,,,
Latvia,LVA,84.0,2018.0,New Conservative Party,JKP,13.7,16.0,16.0,100.0,1.0,0.711,0.566,1.0
Latvia,LVA,84.0,2018.0,Who owns the state?,KPV LV,14.3,16.0,16.0,100.0,1.0,0.615,0.958,1.0
Latvia,LVA,84.0,2018.0,Movement For!,MF,,,,,,,,
Latvia,LVA,84.0,2018.0,Growth,G,,,,,,,,
Latvia,LVA,84.0,2018.0,alliance: Development/For!,Development/...,12.1,13.0,13.0,100.0,1.0,0.779,0.251,1.0
Lesotho,LSO,85.0,2007.0,All Basotho Convention,ABC,,14.3,17.0,119.0,3.0,-0.529,0.246,0.0
Lesotho,LSO,85.0,2012.0,All Basotho Convention,ABC,25.2,25.0,30.0,120.0,0.0,-0.529,0.247,0.0
Lesotho,LSO,85.0,2015.0,All Basotho Convention,ABC,37.7,38.3,46.0,120.0,2.0,-0.529,0.243,0.0
Lesotho,LSO,85.0,2017.0,All Basotho Convention,ABC,40.5,40.0,48.0,120.0,0.0,-0.511,0.249,0.0
Lesotho,LSO,85.0,2002.0,Lesotho People’s Congress,LPC,5.8,4.2,5.0,118.0,2.0,-0.521,0.377,0.0
Lesotho,LSO,85.0,2007.0,Lesotho Workers Party,LWP,,8.4,10.0,119.0,2.0,-1.526,0.364,0.0
Lesotho,LSO,85.0,1998.0,Lesotho Congress for Democracy,LeCofoDe,60.7,98.7,78.0,79.0,0.0,-0.954,0.387,0.0
Lesotho,LSO,85.0,2002.0,Lesotho Congress for Democracy,LeCofoDe,54.9,65.3,77.0,118.0,0.0,-0.954,0.387,0.0
Lesotho,LSO,85.0,2007.0,Lesotho Congress for Democracy,LeCofoDe,,51.3,61.0,119.0,0.0,-0.954,0.387,0.0
Lesotho,LSO,85.0,2012.0,Lesotho Congress for Democracy,LeCofoDe,22.0,21.7,26.0,120.0,1.0,-0.954,0.387,0.0
Lesotho,LSO,85.0,2015.0,Lesotho Congress for Democracy,LeCofoDe,9.9,10.0,12.0,120.0,1.0,-0.954,0.387,0.0
Lesotho,LSO,85.0,2017.0,Lesotho Congress for Democracy,LeCofoDe,9.0,9.2,11.0,120.0,3.0,-0.932,0.376,0.0
Lesotho,LSO,85.0,2012.0,Democratic Congress,DC,39.6,40.0,48.0,120.0,3.0,-0.963,0.378,0.0
Lesotho,LSO,85.0,2015.0,Democratic Congress,DC,38.4,39.2,47.0,120.0,0.0,-0.963,0.378,0.0
Lesotho,LSO,85.0,2017.0,Democratic Congress,DC,25.8,25.0,30.0,120.0,3.0,-0.931,0.373,0.0
Lesotho,LSO,85.0,1993.0,Basotho Congress Party / Basutoland Congress Party,BCP,74.8,100.0,65.0,65.0,0.0,-1.583,0.381,0.0
Lesotho,LSO,85.0,1998.0,Basotho Congress Party / Basutoland Congress Party,BCP,10.5,0.0,0.0,79.0,2.0,-1.583,0.381,0.0
Lesotho,LSO,85.0,2002.0,National Independent Party,NIP,5.5,4.2,5.0,118.0,2.0,-0.499,0.383,0.0
Lesotho,LSO,85.0,2007.0,National Independent Party,NIP,,17.6,21.0,119.0,2.0,-0.514,0.373,0.0
Lesotho,LSO,85.0,1980.0,Basotho National Party,BNP,,,,,4.0,-0.152,0.287,0.0
Lesotho,LSO,85.0,1985.0,Basotho National Party,BNP,,100.0,60.0,60.0,4.0,-0.152,0.341,0.0
Lesotho,LSO,85.0,1993.0,Basotho National Party,BNP,22.6,0.0,0.0,65.0,2.0,-0.152,0.341,0.0
Lesotho,LSO,85.0,1998.0,Basotho National Party,BNP,24.5,1.3,1.0,79.0,2.0,-0.152,0.341,0.0
Lesotho,LSO,85.0,2002.0,Basotho National Party,BNP,22.4,17.8,21.0,118.0,2.0,-0.152,0.341,0.0
Lesotho,LSO,85.0,2012.0,Basotho National Party,BNP,4.3,4.2,5.0,120.0,3.0,-0.162,0.336,0.0
Lesotho,LSO,85.0,2015.0,Basotho National Party,BNP,5.5,5.8,7.0,120.0,3.0,-0.162,0.336,0.0
Lesotho,LSO,85.0,2017.0,Alliance of Democrats,AD,7.3,7.5,9.0,120.0,1.0,-0.952,0.369,0.0
Lesotho,LSO,85.0,2017.0,Movement for Economic Change,MEC,5.1,5.0,6.0,120.0,2.0,-0.192,0.37,0.0
Liberia,LBR,86.0,2005.0,independent,indep,10.9,10.9,7.0,64.0,,,,
Liberia,LBR,86.0,2011.0,independent,indep,,12.3,9.0,73.0,,,,
Liberia,LBR,86.0,2017.0,independent,indep,15.7,16.4,12.0,73.0,,,,
Liberia,LBR,86.0,2005.0,Congress for Democratic Change,CDC,23.4,23.4,15.0,64.0,3.0,0.117,0.933,1.0
Liberia,LBR,86.0,2011.0,Congress for Democratic Change,CDC,12.8,15.1,11.0,73.0,3.0,0.117,0.933,0.0
Liberia,LBR,86.0,2017.0,Congress for Democratic Change,CDC,,,,,3.0,0.117,0.097,0.0
Liberia,LBR,86.0,2005.0,Liberty Party,LPC,14.1,14.1,9.0,64.0,4.0,-0.898,0.048,1.0
Liberia,LBR,86.0,2011.0,Liberty Party,LPC,9.2,9.6,7.0,73.0,4.0,-0.898,0.048,1.0
Liberia,LBR,86.0,2017.0,Liberty Party,LPC,8.6,4.1,3.0,73.0,4.0,-0.898,0.048,1.0
Liberia,LBR,86.0,1985.0,Unity Party,UP,11.0,3.1,2.0,64.0,0.0,-0.865,0.583,1.0
Liberia,LBR,86.0,1997.0,Unity Party,UP,9.6,11.3,7.0,62.0,3.0,-0.865,0.572,0.0
Liberia,LBR,86.0,2005.0,Unity Party,UP,12.5,12.5,8.0,64.0,0.0,-0.865,0.104,0.0
Liberia,LBR,86.0,2011.0,Unity Party,UP,17.8,32.9,24.0,73.0,0.0,-0.865,0.101,0.0
Liberia,LBR,86.0,2017.0,Unity Party,UP,14.0,26.0,19.0,73.0,3.0,-0.865,0.485,0.0
Liberia,LBR,86.0,1997.0,National Patriotic Party,NPP,75.3,79.0,49.0,62.0,0.0,0.989,0.101,1.0
Liberia,LBR,86.0,2005.0,National Patriotic Party,NPP,6.3,6.3,4.0,64.0,1.0,0.989,0.716,0.0
Liberia,LBR,86.0,2011.0,National Patriotic Party,NPP,,,,,3.0,0.989,0.475,0.0
Liberia,LBR,86.0,2017.0,National Patriotic Party,NPP,,,,,1.0,0.989,0.636,0.0
Liberia,LBR,86.0,1985.0,National Democratic Party of Liberia,NDPL,50.9,79.7,51.0,64.0,0.0,-0.872,0.107,1.0
Liberia,LBR,86.0,2011.0,National Democratic Party of Liberia,NDPL,,,,,2.0,0.076,0.404,0.0
Liberia,LBR,86.0,2011.0,National Union for Democratic Progress,NUDP,3.9,8.2,6.0,73.0,2.0,0.113,0.261,1.0
Liberia,LBR,86.0,1985.0,Liberian Action Party,LAP,26.5,12.5,8.0,64.0,3.0,-0.841,0.809,1.0
Liberia,LBR,86.0,2005.0,Liberian Action Party,LAP,,,,,1.0,-0.867,0.334,0.0
Liberia,LBR,86.0,2005.0,True Whig Party,TW,,,,,1.0,-1.979,0.416,0.0
Liberia,LBR,86.0,2011.0,Liberian People's Party,LPP,,,,,2.0,-0.855,0.635,0.0
Liberia,LBR,86.0,2017.0,All Liberian Party,ALP,5.1,4.1,3.0,73.0,1.0,-1.949,0.568,0.0
Liberia,LBR,86.0,2017.0,Alternative National Congress,ANC,6.1,0.0,0.0,73.0,3.0,-0.928,0.375,0.0
Liberia,LBR,86.0,2011.0,United People's Party,UPP,,,,,3.0,3.309,0.634,0.0
Liberia,LBR,86.0,2017.0,People's Unification Party,PUP,5.9,6.8,5.0,73.0,1.0,0.108,0.098,1.0
Liberia,LBR,86.0,1985.0,Liberian Unification Party,LUP,11.6,4.7,3.0,64.0,3.0,1.985,0.638,1.0
Liberia,LBR,86.0,2005.0,Liberian Unification Party,LUP,,,,,1.0,1.962,0.57,0.0
Liberia,LBR,86.0,2011.0,National Democratic Coalition,NDC,5.7,6.8,5.0,73.0,,,,
Liberia,LBR,86.0,2005.0,Coalition for the Transformation of Liberia,COTOL,12.5,12.5,8.0,64.0,,,,
Liberia,LBR,86.0,2017.0,alliance: Coalition for Democratic Change,Coalition fo...,15.6,28.8,21.0,73.0,,,,
Malawi,MWI,87.0,2004.0,independent,indep,24.2,20.7,40.0,193.0,,,,
Malawi,MWI,87.0,2019.0,independent,indep,,28.5,55.0,193.0,,,,
Malawi,MWI,87.0,1983.0,Malawi Congress Party,MCP,100.0,100.0,87.0,87.0,0.0,-1.564,0.239,0.0
Malawi,MWI,87.0,1987.0,Malawi Congress Party,MCP,100.0,100.0,123.0,123.0,0.0,-1.564,0.239,0.0
Malawi,MWI,87.0,1992.0,Malawi Congress Party,MCP,,100.0,141.0,141.0,0.0,-1.564,0.241,0.0
Malawi,MWI,87.0,1994.0,Malawi Congress Party,MCP,33.7,31.4,55.0,175.0,3.0,-1.532,0.305,0.0
Malawi,MWI,87.0,1999.0,Malawi Congress Party,MCP,33.8,34.2,66.0,193.0,3.0,-1.257,0.319,0.0
Malawi,MWI,87.0,2004.0,Malawi Congress Party,MCP,24.9,29.5,57.0,193.0,3.0,-1.264,0.283,0.0
Malawi,MWI,87.0,2009.0,Malawi Congress Party,MCP,,14.6,27.0,185.0,3.0,-1.264,0.234,0.0
Malawi,MWI,87.0,2014.0,Malawi Congress Party,MCP,,25.0,48.0,192.0,3.0,-1.264,0.241,0.0
Malawi,MWI,87.0,2019.0,Malawi Congress Party,MCP,,28.5,55.0,193.0,3.0,-1.298,0.268,0.0
Malawi,MWI,87.0,1994.0,Alliance for Democracy,AFORD,18.9,20.6,36.0,175.0,3.0,0.563,0.27,0.0
Malawi,MWI,87.0,1999.0,Alliance for Democracy,AFORD,10.6,15.0,29.0,193.0,3.0,0.574,0.254,0.0
Malawi,MWI,87.0,1994.0,United Democratic Front,UDF,46.4,48.0,84.0,175.0,0.0,1.454,0.29,0.0
Malawi,MWI,87.0,1999.0,United Democratic Front,UDF,47.3,48.2,93.0,193.0,0.0,1.454,0.24,0.0
Malawi,MWI,87.0,2004.0,United Democratic Front,UDF,25.3,25.4,49.0,193.0,0.0,1.454,0.158,0.0
Malawi,MWI,87.0,2009.0,United Democratic Front,UDF,,9.7,18.0,185.0,3.0,1.361,0.193,0.0
Malawi,MWI,87.0,2014.0,United Democratic Front,UDF,,7.3,14.0,192.0,1.0,1.361,0.194,0.0
Malawi,MWI,87.0,2019.0,United Democratic Front,UDF,,5.2,10.0,193.0,3.0,1.361,0.216,0.0
Malawi,MWI,87.0,2004.0,National Democratic Alliance,NDA,8.1,4.7,9.0,193.0,3.0,0.067,0.315,0.0
Malawi,MWI,87.0,2004.0,Republican Party,RP,7.3,7.8,15.0,193.0,3.0,0.361,0.409,0.0
Malawi,MWI,87.0,2009.0,Democratic Progressive Party,DPP,,60.5,112.0,185.0,0.0,1.138,0.098,0.0
Malawi,MWI,87.0,2014.0,Democratic Progressive Party,DPP,,26.0,50.0,192.0,0.0,1.138,0.074,0.0
Malawi,MWI,87.0,2019.0,Democratic Progressive Party,DPP,,32.1,62.0,193.0,0.0,1.138,0.074,0.0
Malawi,MWI,87.0,2014.0,People's Party,PP,,13.5,26.0,192.0,3.0,1.343,0.392,0.0
Malawi,MWI,87.0,2019.0,People's Party,PP,,2.6,5.0,193.0,3.0,1.343,0.395,0.0
Malawi,MWI,87.0,2019.0,United Transformation Movement,UTM,,2.1,4.0,193.0,3.0,1.549,0.422,0.0
Maldives,MDV,88.0,1989.0,independent,indep,100.0,100.0,48.0,48.0,,,,
Maldives,MDV,88.0,1994.0,independent,indep,100.0,100.0,48.0,48.0,,,,
Maldives,MDV,88.0,1999.0,independent,indep,100.0,84.0,42.0,50.0,,,,
Maldives,MDV,88.0,2005.0,independent,indep,36.6,9.5,4.0,42.0,,,,
Maldives,MDV,88.0,2009.0,independent,indep,30.0,16.9,13.0,77.0,,,,
Maldives,MDV,88.0,2014.0,independent,indep,10.9,5.9,5.0,85.0,,,,
Maldives,MDV,88.0,2019.0,independent,indep,21.6,8.0,7.0,87.0,,,,
Maldives,MDV,88.0,2009.0,Maldivian People’s Party,DRP,24.6,36.4,28.0,77.0,3.0,1.028,0.399,0.0
Maldives,MDV,88.0,2005.0,Maldivian Democratic Party,MDP,31.1,42.9,18.0,42.0,0.0,0.993,0.397,1.0
Maldives,MDV,88.0,2009.0,Maldivian Democratic Party,MDP,30.8,33.8,26.0,77.0,0.0,0.993,0.397,0.0
Maldives,MDV,88.0,2014.0,Maldivian Democratic Party,MDP,40.8,30.6,26.0,85.0,1.0,0.993,0.397,0.0
Maldives,MDV,88.0,2019.0,Maldivian Democratic Party,MDP,45.8,74.7,65.0,87.0,0.0,0.993,0.397,0.0
Maldives,MDV,88.0,2014.0,Republican Party,JP,13.6,17.6,15.0,85.0,3.0,0.965,0.338,0.0
Maldives,MDV,88.0,2019.0,Republican Party,JP,11.2,5.7,5.0,87.0,3.0,0.965,0.338,0.0
Maldives,MDV,88.0,2014.0,Progressive Party of Maldives,PPM,27.7,38.8,33.0,85.0,0.0,2.133,0.402,0.0
Maldives,MDV,88.0,2019.0,Progressive Party of Maldives,PPM,,,,,,,,
Maldives,MDV,88.0,2009.0,People's Alliance,PA,5.0,9.1,7.0,77.0,3.0,2.118,0.342,0.0
Maldives,MDV,88.0,2014.0,Maldives Development Alliance,MDA,4.0,5.9,5.0,85.0,3.0,0.995,0.401,0.0
Maldives,MDV,88.0,2019.0,People's National Congress,PNC,,,,,,,,
Maldives,MDV,88.0,2005.0,unknown: Pro-Government,unknown,32.3,47.6,20.0,42.0,,,,
Maldives,MDV,88.0,2019.0,alliance: PPM - PNC,PPM - PNC,16.0,9.2,8.0,87.0,3.0,2.207,0.395,0.0
Mongolia,MNG,89.0,1990.0,Democratic Party,AN,24.1,4.0,17.0,430.0,3.0,0.789,0.786,1.0
Mongolia,MNG,89.0,1992.0,Democratic Party,AN,,2.6,2.0,76.0,3.0,0.783,0.722,0.0
Mongolia,MNG,89.0,1996.0,Democratic Party,AN,,43.4,33.0,76.0,0.0,0.395,0.765,0.0
Mongolia,MNG,89.0,2004.0,Democratic Party,AN,,32.9,25.0,76.0,0.0,-0.2,0.823,0.0
Mongolia,MNG,89.0,2008.0,Democratic Party,AN,,35.5,27.0,76.0,3.0,-0.195,0.823,0.0
Mongolia,MNG,89.0,2012.0,Democratic Party,AN,35.3,40.8,31.0,76.0,0.0,-0.57,0.735,0.0
Mongolia,MNG,89.0,2016.0,Democratic Party,AN,33.7,11.8,9.0,76.0,3.0,0.023,0.892,0.0
Mongolia,MNG,89.0,1981.0,Mongolian People's [Revolutionary] Party,MAN,,100.0,370.0,370.0,0.0,-1.353,0.318,0.0
Mongolia,MNG,89.0,1986.0,Mongolian People's [Revolutionary] Party,MAN,,100.0,370.0,370.0,0.0,-1.353,0.318,0.0
Mongolia,MNG,89.0,1990.0,Mongolian People's [Revolutionary] Party,MAN,61.3,83.3,358.0,430.0,0.0,-0.256,0.475,0.0
Mongolia,MNG,89.0,1992.0,Mongolian People's [Revolutionary] Party,MAN,56.9,92.1,70.0,76.0,0.0,-0.599,0.49,0.0
Mongolia,MNG,89.0,1996.0,Mongolian People's [Revolutionary] Party,MAN,39.0,32.9,25.0,76.0,3.0,-0.476,0.611,0.0
Mongolia,MNG,89.0,2000.0,Mongolian People's [Revolutionary] Party,MAN,,94.7,72.0,76.0,0.0,-0.814,0.611,0.0
Mongolia,MNG,89.0,2004.0,Mongolian People's [Revolutionary] Party,MAN,48.2,47.4,36.0,76.0,3.0,-0.814,0.824,0.0
Mongolia,MNG,89.0,2008.0,Mongolian People's [Revolutionary] Party,MAN,,59.2,45.0,76.0,0.0,-0.814,0.824,0.0
Mongolia,MNG,89.0,2012.0,Mongolian People's [Revolutionary] Party,MAN,31.3,32.9,25.0,76.0,1.0,-0.834,0.824,2.0
Mongolia,MNG,89.0,2016.0,Mongolian People's [Revolutionary] Party,MAN,45.9,85.5,65.0,76.0,0.0,-0.842,0.824,0.0
Mongolia,MNG,89.0,2004.0,Civil Will-Green Party,IZN,,2.6,2.0,76.0,2.0,-0.224,0.825,2.0
Mongolia,MNG,89.0,2012.0,Civil Will-Green Party,IZN,5.5,2.6,2.0,76.0,1.0,0.157,0.792,2.0
Mongolia,MNG,89.0,1990.0,independent,indep,,8.8,38.0,430.0,,,,
Mongolia,MNG,89.0,2012.0,independent,indep,5.6,3.9,3.0,76.0,,,,
Mongolia,MNG,89.0,2004.0,Motherland Party / Mongolian Democratic New Socialist Party,EON/MASSN`,,9.2,7.0,76.0,1.0,-0.521,0.781,2.0
Mongolia,MNG,89.0,1990.0,Mongolian Social Democratic Party,MSDP,5.5,0.9,4.0,430.0,3.0,-0.828,0.742,1.0
Mongolia,MNG,89.0,1992.0,Mongolian Social Democratic Party,MSDP,10.1,1.3,1.0,76.0,3.0,-0.828,0.83,0.0
Mongolia,MNG,89.0,1996.0,Mongolian Social Democratic Party,MSDP,,15.8,12.0,76.0,1.0,-0.828,0.826,0.0
Mongolia,MNG,89.0,2012.0,Mongolian National Democratic Party,MNDP,,0.0,,76.0,,,,
Mongolia,MNG,89.0,2012.0,Mongolian People's Revolutionary Party,MPRP,,0.0,,76.0,,,,
Mongolia,MNG,89.0,2016.0,Mongolian People's Revolutionary Party,MPRP,8.1,1.3,1.0,76.0,3.0,-2.065,0.853,1.0
Mongolia,MNG,89.0,1990.0,Mongolian National Progress Party,MNPP,5.9,1.4,6.0,430.0,3.0,0.7,0.7,1.0
Mongolia,MNG,89.0,1992.0,Mongolian National Progress Party,MNPP,,1.3,1.0,76.0,3.0,0.7,0.734,0.0
Mongolia,MNG,89.0,1992.0,United Party,UP,,1.3,1.0,76.0,3.0,0.734,0.736,1.0
Mongolia,MNG,89.0,1992.0,alliance: Alliance,Alliance,17.5,,,,,,,
Mongolia,MNG,89.0,2004.0,alliance: Motherland-Democracy Coalition,Motherland-D...,44.3,,,,,,,
Mongolia,MNG,89.0,2012.0,alliance: Justice Coalition,Justice Coal...,22.3,14.5,11.0,76.0,1.0,-1.242,0.739,1.0
Mongolia,MNG,89.0,1996.0,alliance: Democratic Union Coalition,,45.0,,,,,,,
Morocco,MAR,90.0,1984.0,Socialist Union of Popular Forces,USFP,12.4,11.8,36.0,306.0,3.0,1.598,0.249,0.0
Morocco,MAR,90.0,1993.0,Socialist Union of Popular Forces,USFP,13.2,16.8,56.0,333.0,3.0,1.598,0.249,0.0
Morocco,MAR,90.0,1997.0,Socialist Union of Popular Forces,USFP,13.9,17.5,57.0,325.0,0.0,1.598,0.249,0.0
Morocco,MAR,90.0,2002.0,Socialist Union of Popular Forces,USFP,15.4,15.4,50.0,325.0,1.0,1.779,0.207,0.0
Morocco,MAR,90.0,2007.0,Socialist Union of Popular Forces,USFP,8.9,11.7,38.0,325.0,1.0,1.779,0.207,0.0
Morocco,MAR,90.0,2011.0,Socialist Union of Popular Forces,USFP,,9.9,39.0,395.0,3.0,1.779,0.207,0.0
Morocco,MAR,90.0,2016.0,Socialist Union of Popular Forces,USFP,6.2,5.1,20.0,394.0,1.0,1.698,0.207,0.0
Morocco,MAR,90.0,2002.0,Justice and Development Party,PJD,12.9,12.9,42.0,325.0,3.0,-0.245,0.447,2.0
Morocco,MAR,90.0,2007.0,Justice and Development Party,PJD,10.9,14.2,46.0,325.0,3.0,-0.245,0.447,0.0
Morocco,MAR,90.0,2011.0,Justice and Development Party,PJD,,27.1,107.0,395.0,0.0,-0.368,0.447,0.0
Morocco,MAR,90.0,2016.0,Justice and Development Party,PJD,27.9,31.7,125.0,394.0,0.0,-0.368,0.418,0.0
Morocco,MAR,90.0,1984.0,National Rally of Independents,RNI,17.2,19.9,61.0,306.0,1.0,1.148,0.265,0.0
Morocco,MAR,90.0,1993.0,National Rally of Independents,RNI,13.2,12.3,41.0,333.0,1.0,1.148,0.265,0.0
Morocco,MAR,90.0,1997.0,National Rally of Independents,RNI,11.1,14.2,46.0,325.0,1.0,1.148,0.265,0.0
Morocco,MAR,90.0,2002.0,National Rally of Independents,RNI,12.6,12.6,41.0,325.0,1.0,1.148,0.265,0.0
Morocco,MAR,90.0,2007.0,National Rally of Independents,RNI,9.7,12.0,39.0,325.0,1.0,1.148,0.265,0.0
Morocco,MAR,90.0,2011.0,National Rally of Independents,RNI,,13.2,52.0,395.0,3.0,1.148,0.265,0.0
Morocco,MAR,90.0,2016.0,National Rally of Independents,RNI,9.4,9.4,37.0,394.0,1.0,1.148,0.265,0.0
Morocco,MAR,90.0,1984.0,Popular Movement,MP,15.5,15.4,47.0,306.0,1.0,0.67,0.195,0.0
Morocco,MAR,90.0,1993.0,Popular Movement,MP,12.1,15.3,51.0,333.0,1.0,0.67,0.195,0.0
Morocco,MAR,90.0,1997.0,Popular Movement,MP,10.3,12.3,40.0,325.0,1.0,0.67,0.195,0.0
Morocco,MAR,90.0,2002.0,Popular Movement,MP,8.3,8.3,27.0,325.0,1.0,0.67,0.195,0.0
Morocco,MAR,90.0,2007.0,Popular Movement,MP,9.3,12.6,41.0,325.0,3.0,0.67,0.195,0.0
Morocco,MAR,90.0,2011.0,Popular Movement,MP,,8.1,32.0,395.0,1.0,0.67,0.195,0.0
Morocco,MAR,90.0,2016.0,Popular Movement,MP,6.8,6.9,27.0,394.0,1.0,0.67,0.195,0.0
Morocco,MAR,90.0,1984.0,Istiqlal / Independence Party,I,15.3,13.4,41.0,306.0,1.0,0.416,0.189,0.0
Morocco,MAR,90.0,1993.0,Istiqlal / Independence Party,I,12.2,15.6,52.0,333.0,3.0,0.416,0.189,0.0
Morocco,MAR,90.0,1997.0,Istiqlal / Independence Party,I,13.8,9.8,32.0,325.0,1.0,0.416,0.189,0.0
Morocco,MAR,90.0,2002.0,Istiqlal / Independence Party,I,14.8,14.8,48.0,325.0,0.0,0.416,0.14,0.0
Morocco,MAR,90.0,2007.0,Istiqlal / Independence Party,I,10.7,16.0,52.0,325.0,0.0,0.416,0.14,0.0
Morocco,MAR,90.0,2011.0,Istiqlal / Independence Party,I,,15.2,60.0,395.0,1.0,0.416,0.14,0.0
Morocco,MAR,90.0,2016.0,Istiqlal / Independence Party,I,10.7,11.7,46.0,394.0,3.0,0.416,0.14,0.0
Morocco,MAR,90.0,1984.0,Constitutional Union,CU,24.8,27.1,83.0,306.0,2.0,-0.282,0.261,1.0
Morocco,MAR,90.0,1993.0,Constitutional Union,CU,12.8,16.2,54.0,333.0,2.0,-0.282,0.261,0.0
Morocco,MAR,90.0,1997.0,Constitutional Union,CU,10.2,15.4,50.0,325.0,3.0,-0.282,0.261,0.0
Morocco,MAR,90.0,2002.0,Constitutional Union,CU,4.9,4.9,16.0,325.0,3.0,-0.282,0.261,0.0
Morocco,MAR,90.0,2007.0,Constitutional Union,CU,7.3,8.3,27.0,325.0,3.0,-0.282,0.261,0.0
Morocco,MAR,90.0,2011.0,Constitutional Union,CU,,5.8,23.0,395.0,3.0,-0.282,0.261,0.0
Morocco,MAR,90.0,2011.0,Authenticity and Modernity Party,AMP,,11.9,47.0,395.0,3.0,-1.984,0.493,1.0
Morocco,MAR,90.0,2016.0,Authenticity and Modernity Party,AMP,21.0,25.9,102.0,394.0,3.0,-1.984,0.493,0.0
Morocco,MAR,90.0,1997.0,Democratic and Social Movement,MDS,9.5,9.8,32.0,325.0,3.0,-1.105,0.644,1.0
Morocco,MAR,90.0,1984.0,National Democratic Party,PND,8.9,7.8,24.0,306.0,2.0,-0.961,0.524,1.0
Morocco,MAR,90.0,1993.0,National Democratic Party,PND,8.0,7.2,24.0,333.0,2.0,-0.961,0.524,0.0
Morocco,MAR,90.0,2007.0,National Democratic Party,PND,,,,,,,,
Morocco,MAR,90.0,1993.0,National Popular Movement,MNP,10.6,7.5,25.0,333.0,3.0,-0.86,0.83,0.0
Morocco,MAR,90.0,1997.0,National Popular Movement,MNP,6.8,5.8,19.0,325.0,3.0,-0.86,0.83,0.0
Morocco,MAR,90.0,2002.0,National Popular Movement,MNP,5.5,5.5,18.0,325.0,3.0,-0.86,0.83,0.0
Morocco,MAR,90.0,2007.0,Progress and Socialism,PPS,5.4,5.2,17.0,325.0,1.0,-2.6,0.906,0.0
Morocco,MAR,90.0,2007.0,Covenant Party,AA,,,,,,,,
Morocco,MAR,90.0,2007.0,alliance: PND–Al Ahd Union,PND–Al Ahd U...,5.5,4.3,14.0,325.0,2.0,-1.957,0.588,2.0
Netherlands,NLD,91.0,1981.0,Democrats 66,D66,11.1,11.3,17.0,150.0,1.0,-0.835,0.19,0.0
Netherlands,NLD,91.0,1986.0,Democrats 66,D66,6.1,6.0,9.0,150.0,3.0,-0.465,0.19,0.0
Netherlands,NLD,91.0,1989.0,Democrats 66,D66,7.9,8.0,12.0,150.0,3.0,-0.465,0.197,0.0
Netherlands,NLD,91.0,1994.0,Democrats 66,D66,15.5,16.0,24.0,150.0,1.0,-0.465,0.173,0.0
Netherlands,NLD,91.0,1998.0,Democrats 66,D66,9.0,9.3,14.0,150.0,1.0,-0.465,0.173,0.0
Netherlands,NLD,91.0,2002.0,Democrats 66,D66,5.1,4.7,7.0,150.0,3.0,-0.465,0.153,0.0
Netherlands,NLD,91.0,2010.0,Democrats 66,D66,7.0,6.7,10.0,150.0,3.0,0.14,0.075,0.0
Netherlands,NLD,91.0,2012.0,Democrats 66,D66,8.0,8.0,12.0,150.0,3.0,0.14,0.075,0.0
Netherlands,NLD,91.0,2017.0,Democrats 66,D66,12.2,12.7,19.0,150.0,1.0,0.14,0.075,0.0
Netherlands,NLD,91.0,2006.0,Party for Freedom,PVV,5.9,6.0,9.0,150.0,3.0,1.958,0.957,1.0
Netherlands,NLD,91.0,2010.0,Party for Freedom,PVV,15.4,16.0,24.0,150.0,2.0,1.584,0.957,0.0
Netherlands,NLD,91.0,2012.0,Party for Freedom,PVV,10.1,10.0,15.0,150.0,3.0,1.584,0.957,0.0
Netherlands,NLD,91.0,2017.0,Party for Freedom,PVV,13.1,13.3,20.0,150.0,3.0,1.584,0.957,0.0
Netherlands,NLD,91.0,1981.0,People's Party for Freedom and Democracy,VVD,17.3,17.3,26.0,150.0,3.0,1.529,0.106,0.0
Netherlands,NLD,91.0,1982.0,People's Party for Freedom and Democracy,VVD,23.1,24.0,36.0,150.0,1.0,1.529,0.073,0.0
Netherlands,NLD,91.0,1986.0,People's Party for Freedom and Democracy,VVD,17.4,18.0,27.0,150.0,1.0,1.529,0.073,0.0
Netherlands,NLD,91.0,1989.0,People's Party for Freedom and Democracy,VVD,14.6,14.7,22.0,150.0,3.0,1.529,0.073,0.0
Netherlands,NLD,91.0,1994.0,People's Party for Freedom and Democracy,VVD,20.0,20.7,31.0,150.0,1.0,1.529,0.073,0.0
Netherlands,NLD,91.0,1998.0,People's Party for Freedom and Democracy,VVD,24.7,25.3,38.0,150.0,1.0,1.529,0.073,0.0
Netherlands,NLD,91.0,2002.0,People's Party for Freedom and Democracy,VVD,15.4,16.0,24.0,150.0,1.0,1.529,0.073,0.0
Netherlands,NLD,91.0,2003.0,People's Party for Freedom and Democracy,VVD,17.9,18.7,28.0,150.0,1.0,1.529,0.073,0.0
Netherlands,NLD,91.0,2006.0,People's Party for Freedom and Democracy,VVD,14.7,14.7,22.0,150.0,3.0,1.529,0.105,0.0
Netherlands,NLD,91.0,2010.0,People's Party for Freedom and Democracy,VVD,20.5,20.7,31.0,150.0,0.0,1.529,0.109,0.0
Netherlands,NLD,91.0,2012.0,People's Party for Freedom and Democracy,VVD,26.6,27.3,41.0,150.0,0.0,1.529,0.109,0.0
Netherlands,NLD,91.0,2017.0,People's Party for Freedom and Democracy,VVD,21.3,22.0,33.0,150.0,0.0,1.529,0.109,0.0
Netherlands,NLD,91.0,1981.0,Christian Democratic Appeal,CDA,30.8,32.0,48.0,150.0,0.0,0.468,0.086,0.0
Netherlands,NLD,91.0,1982.0,Christian Democratic Appeal,CDA,29.4,30.0,45.0,150.0,0.0,0.468,0.086,0.0
Netherlands,NLD,91.0,1986.0,Christian Democratic Appeal,CDA,34.6,36.0,54.0,150.0,0.0,0.468,0.086,0.0
Netherlands,NLD,91.0,1989.0,Christian Democratic Appeal,CDA,35.3,36.0,54.0,150.0,0.0,0.468,0.086,0.0
Netherlands,NLD,91.0,1994.0,Christian Democratic Appeal,CDA,22.2,22.7,34.0,150.0,3.0,0.468,0.086,0.0
Netherlands,NLD,91.0,1998.0,Christian Democratic Appeal,CDA,18.4,19.3,29.0,150.0,3.0,0.468,0.086,0.0
Netherlands,NLD,91.0,2002.0,Christian Democratic Appeal,CDA,27.9,28.7,43.0,150.0,0.0,0.468,0.116,0.0
Netherlands,NLD,91.0,2003.0,Christian Democratic Appeal,CDA,28.6,29.3,44.0,150.0,0.0,0.468,0.076,0.0
Netherlands,NLD,91.0,2006.0,Christian Democratic Appeal,CDA,26.5,27.3,41.0,150.0,0.0,0.468,0.076,0.0
Netherlands,NLD,91.0,2010.0,Christian Democratic Appeal,CDA,13.6,14.0,21.0,150.0,1.0,0.468,0.076,0.0
Netherlands,NLD,91.0,2012.0,Christian Democratic Appeal,CDA,8.5,8.7,13.0,150.0,3.0,1.111,0.076,0.0
Netherlands,NLD,91.0,2017.0,Christian Democratic Appeal,CDA,12.4,12.7,19.0,150.0,1.0,1.111,0.095,0.0
Netherlands,NLD,91.0,1981.0,Labour,PvdA,28.3,29.3,44.0,150.0,1.0,-2.05,0.26,0.0
Netherlands,NLD,91.0,1982.0,Labour,PvdA,30.4,31.3,47.0,150.0,3.0,-2.05,0.169,0.0
Netherlands,NLD,91.0,1986.0,Labour,PvdA,33.3,34.7,52.0,150.0,3.0,-2.05,0.104,0.0
Netherlands,NLD,91.0,1989.0,Labour,PvdA,31.9,32.7,49.0,150.0,1.0,-1.349,0.073,0.0
Netherlands,NLD,91.0,1994.0,Labour,PvdA,24.0,24.7,37.0,150.0,0.0,-0.713,0.073,0.0
Netherlands,NLD,91.0,1998.0,Labour,PvdA,29.0,30.0,45.0,150.0,0.0,-0.713,0.073,0.0
Netherlands,NLD,91.0,2002.0,Labour,PvdA,15.1,15.3,23.0,150.0,3.0,-0.713,0.073,0.0
Netherlands,NLD,91.0,2003.0,Labour,PvdA,27.3,28.0,42.0,150.0,3.0,-0.713,0.103,0.0
Netherlands,NLD,91.0,2006.0,Labour,PvdA,21.2,22.0,33.0,150.0,1.0,-0.713,0.103,0.0
Netherlands,NLD,91.0,2010.0,Labour,PvdA,19.6,20.0,30.0,150.0,3.0,-0.713,0.075,0.0
Netherlands,NLD,91.0,2012.0,Labour,PvdA,24.8,25.3,38.0,150.0,1.0,-0.713,0.075,0.0
Netherlands,NLD,91.0,2017.0,Labour,PvdA,5.7,6.0,9.0,150.0,3.0,-0.713,0.075,0.0
Netherlands,NLD,91.0,2002.0,Socialist Party,SP,5.9,6.0,9.0,150.0,3.0,-3.135,0.595,0.0
Netherlands,NLD,91.0,2003.0,Socialist Party,SP,6.3,6.0,9.0,150.0,3.0,-3.135,0.595,0.0
Netherlands,NLD,91.0,2006.0,Socialist Party,SP,16.6,16.7,25.0,150.0,3.0,-3.135,0.595,0.0
Netherlands,NLD,91.0,2010.0,Socialist Party,SP,9.8,10.0,15.0,150.0,3.0,-3.135,0.595,0.0
Netherlands,NLD,91.0,2012.0,Socialist Party,SP,9.7,10.0,15.0,150.0,3.0,-3.135,0.581,0.0
Netherlands,NLD,91.0,2017.0,Socialist Party,SP,9.1,9.3,14.0,150.0,3.0,-3.135,0.581,0.0
Netherlands,NLD,91.0,2002.0,Fortuyn List,LPF,17.0,17.3,26.0,150.0,1.0,1.415,0.791,1.0
Netherlands,NLD,91.0,2003.0,Fortuyn List,LPF,5.7,5.3,8.0,150.0,3.0,1.415,0.748,0.0
Netherlands,NLD,91.0,1998.0,GreenLeft,GL,7.3,7.3,11.0,150.0,3.0,-2.074,0.291,0.0
Netherlands,NLD,91.0,2002.0,GreenLeft,GL,7.0,6.7,10.0,150.0,3.0,-2.074,0.186,0.0
Netherlands,NLD,91.0,2003.0,GreenLeft,GL,5.1,5.3,8.0,150.0,3.0,-2.074,0.158,0.0
Netherlands,NLD,91.0,2010.0,GreenLeft,GL,6.7,6.7,10.0,150.0,3.0,-2.118,0.075,0.0
Netherlands,NLD,91.0,2017.0,GreenLeft,GL,9.1,9.3,14.0,150.0,3.0,-1.477,0.073,0.0
Panama,PAN,92.0,1999.0,Democratic Change,CD,5.5,2.8,2.0,71.0,1.0,1.157,0.563,0.0
Panama,PAN,92.0,2004.0,Democratic Change,CD,7.4,3.8,3.0,78.0,3.0,1.157,0.599,0.0
Panama,PAN,92.0,2009.0,Democratic Change,CD,23.4,16.9,12.0,71.0,0.0,1.157,0.845,0.0
Panama,PAN,92.0,2014.0,Democratic Change,CD,33.7,42.3,30.0,71.0,3.0,1.157,0.633,0.0
Panama,PAN,92.0,2019.0,Democratic Change,CD,,25.4,18.0,71.0,3.0,1.159,0.273,0.0
Panama,PAN,92.0,1984.0,Panamenista Party / Authentic Panameñista Party,PPA,20.4,19.4,13.0,67.0,3.0,2.164,0.51,0.0
Panama,PAN,92.0,1989.0,Panamenista Party / Authentic Panameñista Party,PPA,,9.0,6.0,67.0,0.0,2.164,0.51,0.0
Panama,PAN,92.0,1994.0,Panamenista Party / Authentic Panameñista Party,PPA,14.5,18.9,14.0,74.0,3.0,2.164,0.19,2.0
Panama,PAN,92.0,1999.0,Panamenista Party / Authentic Panameñista Party,PPA,21.6,25.4,18.0,71.0,0.0,2.164,0.319,0.0
Panama,PAN,92.0,2004.0,Panamenista Party / Authentic Panameñista Party,PPA,19.2,21.8,17.0,78.0,3.0,2.164,0.403,0.0
Panama,PAN,92.0,2009.0,Panamenista Party / Authentic Panameñista Party,PPA,22.2,26.8,19.0,71.0,1.0,2.164,0.542,0.0
Panama,PAN,92.0,2014.0,Panamenista Party / Authentic Panameñista Party,PPA,20.2,16.9,12.0,71.0,0.0,2.164,0.542,0.0
Panama,PAN,92.0,2019.0,Panamenista Party / Authentic Panameñista Party,PPA,,11.3,8.0,71.0,3.0,2.165,0.271,0.0
Panama,PAN,92.0,1980.0,National Liberal Party,PLN,,8.8,5.0,57.0,2.0,1.431,0.122,0.0
Panama,PAN,92.0,1999.0,National Liberal Party,PLN,6.2,4.2,3.0,71.0,3.0,1.414,0.123,0.0
Panama,PAN,92.0,2004.0,National Liberal Party,PLN,5.2,3.8,3.0,78.0,3.0,1.437,0.115,0.0
Panama,PAN,92.0,1994.0,Solidarity Party,PS,6.5,5.4,4.0,74.0,3.0,0.766,0.285,0.0
Panama,PAN,92.0,1999.0,Solidarity Party,PS,5.8,5.6,4.0,71.0,3.0,0.766,0.319,0.0
Panama,PAN,92.0,2004.0,Solidarity Party,PS,15.7,11.5,9.0,78.0,3.0,0.775,0.295,0.0
Panama,PAN,92.0,1984.0,People's Party – Christian Democratic Party of Panama,PP-PDC,11.5,9.0,6.0,67.0,3.0,0.565,0.595,0.0
Panama,PAN,92.0,1989.0,People's Party – Christian Democratic Party of Panama,PP-PDC,36.1,41.8,28.0,67.0,1.0,0.565,0.654,0.0
Panama,PAN,92.0,1994.0,People's Party – Christian Democratic Party of Panama,PP-PDC,6.4,1.4,1.0,74.0,3.0,0.565,0.429,0.0
Panama,PAN,92.0,1999.0,People's Party – Christian Democratic Party of Panama,PP-PDC,8.7,7.0,5.0,71.0,3.0,0.937,0.324,0.0
Panama,PAN,92.0,2004.0,People's Party – Christian Democratic Party of Panama,PP-PDC,6.0,1.3,1.0,78.0,1.0,0.902,0.291,0.0
Panama,PAN,92.0,1980.0,Democratic Revolutionary Party,PRD,,19.3,11.0,57.0,1.0,-1.338,0.457,0.0
Panama,PAN,92.0,1984.0,Democratic Revolutionary Party,PRD,25.1,50.7,34.0,67.0,0.0,-1.338,0.549,0.0
Panama,PAN,92.0,1989.0,Democratic Revolutionary Party,PRD,18.8,14.9,10.0,67.0,3.0,-1.369,0.583,0.0
Panama,PAN,92.0,1994.0,Democratic Revolutionary Party,PRD,22.9,40.5,30.0,74.0,0.0,-0.871,0.452,0.0
Panama,PAN,92.0,1999.0,Democratic Revolutionary Party,PRD,32.0,47.9,34.0,71.0,3.0,-0.871,0.347,0.0
Panama,PAN,92.0,2004.0,Democratic Revolutionary Party,PRD,37.8,52.6,41.0,78.0,0.0,-0.871,0.463,0.0
Panama,PAN,92.0,2009.0,Democratic Revolutionary Party,PRD,35.7,31.0,22.0,71.0,3.0,-0.871,0.542,0.0
Panama,PAN,92.0,2014.0,Democratic Revolutionary Party,PRD,31.5,35.2,25.0,71.0,3.0,-0.871,0.46,0.0
Panama,PAN,92.0,2019.0,Democratic Revolutionary Party,PRD,,49.3,35.0,71.0,0.0,-0.491,0.437,0.0
Panama,PAN,92.0,1984.0,Nationalist Republican Liberal Movement,MOLIRENA,8.4,4.5,3.0,67.0,3.0,1.414,0.189,0.0
Panama,PAN,92.0,1989.0,Nationalist Republican Liberal Movement,MOLIRENA,20.2,23.9,16.0,67.0,3.0,1.414,0.263,0.0
Panama,PAN,92.0,1994.0,Nationalist Republican Liberal Movement,MOLIRENA,11.3,6.8,5.0,74.0,3.0,1.414,0.098,0.0
Panama,PAN,92.0,1999.0,Nationalist Republican Liberal Movement,MOLIRENA,7.5,4.2,3.0,71.0,1.0,1.414,0.161,0.0
Panama,PAN,92.0,2004.0,Nationalist Republican Liberal Movement,MOLIRENA,8.6,5.1,4.0,78.0,3.0,1.414,0.136,0.0
Panama,PAN,92.0,2014.0,Nationalist Republican Liberal Movement,MOLIRENA,7.2,2.8,2.0,71.0,1.0,1.408,0.105,0.0
Panama,PAN,92.0,2019.0,Nationalist Republican Liberal Movement,MOLIRENA,,7.0,5.0,71.0,1.0,1.408,0.102,0.0
Panama,PAN,92.0,2019.0,independent,indep,,7.0,5.0,71.0,,,,
Panama,PAN,92.0,1984.0,Liberal Party,PL,5.9,1.5,1.0,67.0,1.0,1.431,0.169,0.0
Panama,PAN,92.0,1994.0,Papa Egoro Movement,MPE,9.7,8.1,6.0,74.0,3.0,-0.457,0.862,0.0
Panama,PAN,92.0,1989.0,Authentic Liberal Party,PLA,10.2,7.5,5.0,67.0,3.0,1.431,0.152,0.0
Panama,PAN,92.0,1984.0,Labor and Agrarian Party,PALA,12.2,10.4,7.0,67.0,1.0,1.169,0.159,0.0
Panama,PAN,92.0,1989.0,Labor and Agrarian Party,PALA,7.8,1.5,1.0,67.0,3.0,1.185,0.187,0.0
Panama,PAN,92.0,1984.0,Republican Party,PR,8.4,4.5,3.0,67.0,1.0,2.16,0.031,0.0
Panama,PAN,92.0,2009.0,Patriotic Union,UP,5.7,5.6,4.0,71.0,1.0,2.316,0.222,0.0
Panama,PAN,92.0,1980.0,technical: Appointed from the National Assembly of Municipal Representatives,tech,,66.7,38.0,57.0,,,,
Papua New Guinea,PNG,93.0,1982.0,independent,indep,20.9,,,,,,,
Papua New Guinea,PNG,93.0,1987.0,independent,indep,40.9,0.0,0.0,106.0,,,,
Papua New Guinea,PNG,93.0,1992.0,independent,indep,63.1,27.5,30.0,109.0,,,,
Papua New Guinea,PNG,93.0,1997.0,independent,indep,61.4,33.0,36.0,109.0,,,,
Papua New Guinea,PNG,93.0,2002.0,independent,indep,,15.6,17.0,109.0,,,,
Papua New Guinea,PNG,93.0,2007.0,independent,indep,,19.3,21.0,109.0,,,,
Papua New Guinea,PNG,93.0,2012.0,independent,indep,,14.4,16.0,111.0,,,,
Papua New Guinea,PNG,93.0,2017.0,independent,indep,,12.6,14.0,111.0,,,,
Papua New Guinea,PNG,93.0,1982.0,Pangu Party / Papua and Niugini Union Party,PP/PNUP,34.0,56.5,61.0,108.0,,,,
Papua New Guinea,PNG,93.0,1987.0,Pangu Party / Papua and Niugini Union Party,PP/PNUP,14.9,25.5,27.0,106.0,,,,
Papua New Guinea,PNG,93.0,1992.0,Pangu Party / Papua and Niugini Union Party,PP/PNUP,9.3,20.2,22.0,109.0,,,,
Papua New Guinea,PNG,93.0,1997.0,Pangu Party / Papua and Niugini Union Party,PP/PNUP,5.3,11.9,13.0,109.0,,,,
Papua New Guinea,PNG,93.0,2002.0,Pangu Party / Papua and Niugini Union Party,PP/PNUP,,5.5,6.0,109.0,,,,
Papua New Guinea,PNG,93.0,2007.0,Pangu Party / Papua and Niugini Union Party,PP/PNUP,,6.4,7.0,109.0,,,,
Papua New Guinea,PNG,93.0,2012.0,Pangu Party / Papua and Niugini Union Party,PP/PNUP,,7.2,8.0,111.0,,,,
Papua New Guinea,PNG,93.0,2017.0,Pangu Party / Papua and Niugini Union Party,PP/PNUP,,9.9,11.0,111.0,,,,
Papua New Guinea,PNG,93.0,1982.0,United Party,UP,7.2,5.6,6.0,108.0,,,,
Papua New Guinea,PNG,93.0,2017.0,United Party,UP,,0.9,1.0,111.0,,,,
Papua New Guinea,PNG,93.0,1982.0,People's Progress Party,PPP,10.0,12.0,13.0,108.0,,,,
Papua New Guinea,PNG,93.0,1987.0,People's Progress Party,PPP,6.4,9.4,10.0,106.0,,,,
Papua New Guinea,PNG,93.0,1992.0,People's Progress Party,PPP,2.9,9.2,10.0,109.0,,,,
Papua New Guinea,PNG,93.0,1997.0,People's Progress Party,PPP,6.5,14.7,16.0,109.0,,,,
Papua New Guinea,PNG,93.0,2002.0,People's Progress Party,PPP,,7.3,8.0,109.0,,,,
Papua New Guinea,PNG,93.0,2012.0,People's Progress Party,PPP,,5.4,6.0,111.0,,,,
Papua New Guinea,PNG,93.0,2017.0,People's Progress Party,PPP,,4.5,5.0,111.0,,,,
Papua New Guinea,PNG,93.0,1987.0,People's Democratic Movement,PDM,10.9,24.5,26.0,106.0,,,,
Papua New Guinea,PNG,93.0,1992.0,People's Democratic Movement,PDM,7.8,13.8,15.0,109.0,,,,
Papua New Guinea,PNG,93.0,2002.0,People's Democratic Movement,PDM,,11.0,12.0,109.0,,,,
Papua New Guinea,PNG,93.0,2017.0,People's Democratic Movement,PDM,,0.9,1.0,111.0,,,,
Papua New Guinea,PNG,93.0,1997.0,National Alliance Party,NAP,6.5,5.5,6.0,109.0,,,,
Papua New Guinea,PNG,93.0,2002.0,National Alliance Party,NAP,,17.4,19.0,109.0,,,,
Papua New Guinea,PNG,93.0,2007.0,National Alliance Party,NAP,,24.8,27.0,109.0,,,,
Papua New Guinea,PNG,93.0,2012.0,National Alliance Party,NAP,,6.3,7.0,111.0,,,,
Papua New Guinea,PNG,93.0,2017.0,National Alliance Party,NAP,,12.6,14.0,111.0,,,,
Papua New Guinea,PNG,93.0,1982.0,National Party,NP,10.0,17.6,19.0,108.0,,,,
Papua New Guinea,PNG,93.0,1987.0,National Party,NP,5.0,9.4,10.0,106.0,,,,
Papua New Guinea,PNG,93.0,2017.0,National Party,NP,,1.8,2.0,111.0,,,,
Papua New Guinea,PNG,93.0,1987.0,Melanesian Alliance Party,MAP,5.6,6.6,7.0,106.0,,,,
Papua New Guinea,PNG,93.0,2017.0,Melanesian Alliance Party,MAP,,0.9,1.0,111.0,,,,
Papua New Guinea,PNG,93.0,1987.0,People's Action Party,PAP,3.2,13.2,14.0,106.0,,,,
Papua New Guinea,PNG,93.0,1992.0,People's Action Party,PAP,4.7,11.9,13.0,109.0,,,,
Papua New Guinea,PNG,93.0,2007.0,People's Action Party,PAP,,6.4,7.0,109.0,,,,
Papua New Guinea,PNG,93.0,2012.0,People's National Congress,PNP,,24.3,27.0,111.0,,,,
Papua New Guinea,PNG,93.0,2017.0,People's National Congress,PNP,,24.3,27.0,111.0,,,,
Papua New Guinea,PNG,93.0,2012.0,Triumph Heritage Empowerment Party,THE,,10.8,12.0,111.0,,,,
Papua New Guinea,PNG,93.0,2017.0,Triumph Heritage Empowerment Party,THE,,2.7,3.0,111.0,,,,
Papua New Guinea,PNG,93.0,1982.0,PNG [Diro] Independent Group,IG,6.9,0.0,0.0,108.0,,,,
Papua New Guinea,PNG,93.0,2012.0,United Resources Party,URP,,6.3,7.0,111.0,,,,
Papua New Guinea,PNG,93.0,2017.0,United Resources Party,URP,,8.1,9.0,111.0,,,,
Papua New Guinea,PNG,93.0,2012.0,People's Party,PP,,5.4,6.0,111.0,,,,
Papua New Guinea,PNG,93.0,2017.0,People's Party,PP,,1.8,2.0,111.0,,,,
Papua New Guinea,PNG,93.0,2017.0,Christian Democratic Party,CDP,,0.9,1.0,111.0,,,,
Papua New Guinea,PNG,93.0,2017.0,Coalition for Reform Party,CRP,,0.9,1.0,111.0,,,,
Papua New Guinea,PNG,93.0,2017.0,Melanesian Liberal Party,MLP,,0.9,1.0,111.0,,,,
Papua New Guinea,PNG,93.0,2017.0,Our Development Party,ODP,,0.9,1.0,111.0,,,,
Papua New Guinea,PNG,93.0,2017.0,Papua New Guinea Country Party,PNGCP,,0.9,1.0,111.0,,,,
Papua New Guinea,PNG,93.0,2017.0,Papua New Guinea Party,PNGP,,5.4,6.0,111.0,,,,
Papua New Guinea,PNG,93.0,2017.0,People's Labour Party,PLP,,1.8,2.0,111.0,,,,
Papua New Guinea,PNG,93.0,2017.0,People's Movement for Change Party,PMCP,,0.9,1.0,111.0,,,,
Papua New Guinea,PNG,93.0,2017.0,Social Democratic Party,SDP,,2.7,3.0,111.0,,,,
Sierra Leone,SLE,95.0,2018.0,independent,indep,,2.1,3.0,146.0,,,,
Sierra Leone,SLE,95.0,1982.0,All People's Congress,APC,100.0,100.0,85.0,85.0,0.0,-2.304,0.261,0.0
Sierra Leone,SLE,95.0,1986.0,All People's Congress,APC,100.0,100.0,105.0,105.0,0.0,-2.304,0.261,0.0
Sierra Leone,SLE,95.0,1996.0,All People's Congress,APC,5.7,7.2,5.0,69.0,3.0,-2.304,0.056,0.0
Sierra Leone,SLE,95.0,2002.0,All People's Congress,APC,19.8,24.1,27.0,112.0,3.0,-1.898,0.056,0.0
Sierra Leone,SLE,95.0,2007.0,All People's Congress,APC,,52.7,59.0,112.0,0.0,-0.697,0.178,0.0
Sierra Leone,SLE,95.0,2012.0,All People's Congress,APC,,59.8,67.0,112.0,0.0,0.063,0.178,0.0
Sierra Leone,SLE,95.0,2018.0,All People's Congress,APC,,46.6,68.0,146.0,3.0,-0.219,0.176,0.0
Sierra Leone,SLE,95.0,1996.0,United National People's Party,UNPP,22.0,24.6,17.0,69.0,3.0,-1.329,0.225,0.0
Sierra Leone,SLE,95.0,1996.0,Sierra Leone People's Party,SLPP,35.9,39.1,27.0,69.0,0.0,0.928,0.144,0.0
Sierra Leone,SLE,95.0,2002.0,Sierra Leone People's Party,SLPP,69.9,74.1,83.0,112.0,0.0,1.051,0.149,0.0
Sierra Leone,SLE,95.0,2007.0,Sierra Leone People's Party,SLPP,,38.4,43.0,112.0,0.0,0.261,0.146,0.0
Sierra Leone,SLE,95.0,2012.0,Sierra Leone People's Party,SLPP,,37.5,42.0,112.0,3.0,0.722,0.328,0.0
Sierra Leone,SLE,95.0,2018.0,Sierra Leone People's Party,SLPP,,33.6,49.0,146.0,0.0,1.071,0.334,0.0
Sierra Leone,SLE,95.0,1996.0,People's Democratic Party,PDP,15.2,17.4,12.0,69.0,3.0,-3.011,0.238,0.0
Sierra Leone,SLE,95.0,1996.0,National Unity Party,NUP,5.2,7.2,5.0,69.0,3.0,-2.094,0.324,0.0
Sierra Leone,SLE,95.0,2018.0,Coalition for Change Party,C4C,,5.5,8.0,146.0,3.0,-1.336,0.312,0.0
Sierra Leone,SLE,95.0,2018.0,National Grand Coalition Party,NGC,,2.7,4.0,146.0,3.0,0.042,0.332,1.0
Sierra Leone,SLE,95.0,2018.0,technical: Elected Chiefs,tech,,9.6,14.0,146.0,,,,
Spain,ESP,96.0,1986.0,Convergence and Unity,CiU,5.0,5.1,18.0,350.0,3.0,1.189,0.18,0.0
Spain,ESP,96.0,1989.0,Convergence and Unity,CiU,5.1,5.1,18.0,350.0,3.0,1.189,0.18,0.0
Spain,ESP,96.0,1993.0,Convergence and Unity,CiU,5.0,4.9,17.0,350.0,2.0,1.189,0.18,0.0
Spain,ESP,96.0,1982.0,Communist Party / United Left,PCE/IU,4.0,1.1,4.0,350.0,3.0,-2.921,0.46,0.0
Spain,ESP,96.0,1986.0,Communist Party / United Left,PCE/IU,4.7,2.0,7.0,350.0,3.0,-2.921,0.46,0.0
Spain,ESP,96.0,1989.0,Communist Party / United Left,PCE/IU,9.1,4.9,17.0,350.0,3.0,-2.921,0.471,0.0
Spain,ESP,96.0,1993.0,Communist Party / United Left,PCE/IU,9.6,5.1,18.0,350.0,3.0,-2.921,0.471,0.0
Spain,ESP,96.0,1996.0,Communist Party / United Left,PCE/IU,10.6,6.0,21.0,350.0,3.0,-2.921,0.471,0.0
Spain,ESP,96.0,2000.0,Communist Party / United Left,PCE/IU,5.5,2.3,8.0,350.0,3.0,-2.921,0.459,0.0
Spain,ESP,96.0,2004.0,Communist Party / United Left,PCE/IU,5.0,1.4,5.0,350.0,2.0,-2.48,0.448,0.0
Spain,ESP,96.0,2008.0,Communist Party / United Left,PCE/IU,3.8,0.6,2.0,350.0,3.0,-2.48,0.448,0.0
Spain,ESP,96.0,2011.0,Communist Party / United Left,PCE/IU,7.0,3.1,11.0,350.0,3.0,-2.814,0.525,0.0
Spain,ESP,96.0,2015.0,Communist Party / United Left,PCE/IU,3.7,0.6,2.0,350.0,4.0,-2.814,0.552,0.0
Spain,ESP,96.0,2016.0,Communist Party / United Left,PCE/IU,,1.4,5.0,350.0,3.0,-2.814,0.594,2.0
Spain,ESP,96.0,2019.0,Communist Party / United Left,PCE/IU,,1.4,5.0,350.0,1.0,-2.814,0.558,0.0
Spain,ESP,96.0,1982.0,People's Alliance-Party / People's Party,AP / PP,26.5,30.6,107.0,350.0,3.0,2.178,0.039,0.0
Spain,ESP,96.0,1986.0,People's Alliance-Party / People's Party,AP / PP,26.1,30.0,105.0,350.0,3.0,2.178,0.039,0.0
Spain,ESP,96.0,1989.0,People's Alliance-Party / People's Party,AP / PP,26.0,30.6,107.0,350.0,3.0,1.92,0.072,0.0
Spain,ESP,96.0,1993.0,People's Alliance-Party / People's Party,AP / PP,35.0,40.3,141.0,350.0,3.0,1.677,0.075,0.0
Spain,ESP,96.0,1996.0,People's Alliance-Party / People's Party,AP / PP,39.2,44.6,156.0,350.0,0.0,1.422,0.084,0.0
Spain,ESP,96.0,2000.0,People's Alliance-Party / People's Party,AP / PP,45.2,52.3,183.0,350.0,0.0,1.681,0.08,0.0
Spain,ESP,96.0,2004.0,People's Alliance-Party / People's Party,AP / PP,38.3,42.3,148.0,350.0,3.0,1.681,0.04,0.0
Spain,ESP,96.0,2008.0,People's Alliance-Party / People's Party,AP / PP,40.1,44.0,154.0,350.0,3.0,1.681,0.039,0.0
Spain,ESP,96.0,2011.0,People's Alliance-Party / People's Party,AP / PP,41.9,53.1,186.0,350.0,0.0,1.669,0.038,0.0
Spain,ESP,96.0,2015.0,People's Alliance-Party / People's Party,AP / PP,28.7,35.1,123.0,350.0,4.0,1.658,0.04,0.0
Spain,ESP,96.0,2016.0,People's Alliance-Party / People's Party,AP / PP,33.0,39.1,137.0,350.0,0.0,1.658,0.04,0.0
Spain,ESP,96.0,2019.0,People's Alliance-Party / People's Party,AP / PP,20.8,25.4,89.0,350.0,3.0,1.658,0.04,0.0
Spain,ESP,96.0,2004.0,Republican Left of Catalonia,ERC,2.6,2.3,8.0,350.0,2.0,-1.373,0.48,0.0
Spain,ESP,96.0,2008.0,Republican Left of Catalonia,ERC,1.2,0.9,3.0,350.0,3.0,-1.373,0.48,0.0
Spain,ESP,96.0,2011.0,Republican Left of Catalonia,ERC,1.1,0.9,3.0,350.0,3.0,-1.373,0.496,0.0
Spain,ESP,96.0,2015.0,Republican Left of Catalonia,ERC,2.4,2.6,9.0,350.0,4.0,-1.166,0.605,0.0
Spain,ESP,96.0,2016.0,Republican Left of Catalonia,ERC,2.6,2.6,9.0,350.0,3.0,-1.166,0.621,0.0
Spain,ESP,96.0,2019.0,Republican Left of Catalonia,ERC,3.6,3.7,13.0,350.0,2.0,-1.166,0.613,0.0
Spain,ESP,96.0,1986.0,Democratic and Social Centre,CDS,9.3,5.4,19.0,350.0,3.0,0.233,0.07,1.0
Spain,ESP,96.0,1989.0,Democratic and Social Centre,CDS,8.0,4.0,14.0,350.0,3.0,0.233,0.07,0.0
Spain,ESP,96.0,1982.0,Union of the Democratic Centre,UCD,6.8,3.1,11.0,350.0,3.0,1.0,0.034,0.0
Spain,ESP,96.0,1982.0,Spanish Socialist Workers Party,PSOE,48.3,57.7,202.0,350.0,0.0,-1.134,0.33,0.0
Spain,ESP,96.0,1986.0,Spanish Socialist Workers Party,PSOE,44.3,52.6,184.0,350.0,0.0,-1.134,0.271,0.0
Spain,ESP,96.0,1989.0,Spanish Socialist Workers Party,PSOE,39.9,50.0,175.0,350.0,0.0,-0.923,0.271,0.0
Spain,ESP,96.0,1993.0,Spanish Socialist Workers Party,PSOE,39.1,45.4,159.0,350.0,0.0,-0.923,0.271,0.0
Spain,ESP,96.0,1996.0,Spanish Socialist Workers Party,PSOE,38.0,40.3,141.0,350.0,3.0,-0.923,0.287,0.0
Spain,ESP,96.0,2000.0,Spanish Socialist Workers Party,PSOE,34.7,35.7,125.0,350.0,3.0,-0.923,0.287,0.0
Spain,ESP,96.0,2004.0,Spanish Socialist Workers Party,PSOE,43.3,46.9,164.0,350.0,0.0,-0.923,0.297,0.0
Spain,ESP,96.0,2008.0,Spanish Socialist Workers Party,PSOE,44.4,48.3,169.0,350.0,0.0,-0.923,0.288,0.0
Spain,ESP,96.0,2011.0,Spanish Socialist Workers Party,PSOE,25.3,31.4,110.0,350.0,3.0,-0.923,0.288,0.0
Spain,ESP,96.0,2015.0,Spanish Socialist Workers Party,PSOE,22.0,25.7,90.0,350.0,4.0,-1.149,0.346,0.0
Spain,ESP,96.0,2016.0,Spanish Socialist Workers Party,PSOE,22.7,24.3,85.0,350.0,3.0,-0.924,0.346,0.0
Spain,ESP,96.0,2019.0,Spanish Socialist Workers Party,PSOE,28.0,34.3,120.0,350.0,0.0,-1.162,0.321,0.0
Spain,ESP,96.0,2015.0,We Can,PODEMOS,12.7,12.0,42.0,350.0,4.0,-2.856,0.983,1.0
Spain,ESP,96.0,2016.0,We Can,PODEMOS,13.4,11.4,40.0,350.0,3.0,-2.856,0.929,0.0
Spain,ESP,96.0,2019.0,We Can,PODEMOS,9.8,6.0,21.0,350.0,1.0,-2.517,0.79,0.0
Spain,ESP,96.0,2015.0,Citizens -- Party of the Citizenry,C's,13.9,11.4,40.0,350.0,4.0,0.596,0.331,1.0
Spain,ESP,96.0,2016.0,Citizens -- Party of the Citizenry,C's,13.1,9.1,32.0,350.0,2.0,0.596,0.3,0.0
Spain,ESP,96.0,2019.0,Citizens -- Party of the Citizenry,C's,6.8,2.9,10.0,350.0,3.0,0.929,0.231,0.0
Spain,ESP,96.0,2019.0,Voice,Vox,15.1,14.9,52.0,350.0,3.0,4.174,0.682,0.0
Spain,ESP,96.0,2016.0,United We Can,UWC,,,,,,,,
Spain,ESP,96.0,2019.0,United We Can,UWC,,,,,,,,
Spain,ESP,96.0,2015.0,In Common We Can,ECP,3.7,3.4,12.0,350.0,4.0,-2.541,0.898,1.0
Spain,ESP,96.0,2016.0,In Common We Can,ECP,3.6,3.4,12.0,350.0,3.0,-2.541,0.842,0.0
Spain,ESP,96.0,2019.0,In Common We Can,ECP,2.3,2.0,7.0,350.0,4.0,-2.541,0.826,0.0
Spain,ESP,96.0,2015.0,Compromise | A la valenciana,C|AV,2.7,2.6,9.0,350.0,4.0,-1.925,0.639,0.0
Spain,ESP,96.0,2016.0,Compromise | A la valenciana,C|AV,2.7,2.6,9.0,350.0,3.0,-1.925,0.628,0.0
Spain,ESP,96.0,2015.0,alliance: We Can–In Common–Commitment–En Masse,We Can–In Co...,,,,,,,,
Syria,SYR,97.0,1986.0,independent,indep,,17.9,35.0,195.0,,,,
Syria,SYR,97.0,1990.0,independent,indep,,33.6,84.0,250.0,,,,
Syria,SYR,97.0,1994.0,independent,indep,,33.2,83.0,250.0,,,,
Syria,SYR,97.0,1998.0,independent,indep,,33.2,83.0,250.0,,,,
Syria,SYR,97.0,2003.0,independent,indep,,33.2,83.0,250.0,,,,
Syria,SYR,97.0,2007.0,independent,indep,,31.2,78.0,250.0,,,,
Syria,SYR,97.0,2012.0,independent,indep,,33.2,83.0,250.0,,,,
Syria,SYR,97.0,2016.0,independent,indep,,20.0,50.0,250.0,,,,
Syria,SYR,97.0,2016.0,Arab Socialist Ba'ath Party – Syria Region,Baath,,,,,,,,
Syria,SYR,97.0,1981.0,National Progressive Front,NPF,,100.0,195.0,195.0,0.0,-2.055,0.755,0.0
Syria,SYR,97.0,1986.0,National Progressive Front,NPF,,77.4,151.0,195.0,0.0,-2.055,0.755,0.0
Syria,SYR,97.0,1990.0,National Progressive Front,NPF,,66.4,166.0,250.0,0.0,-2.055,0.755,0.0
Syria,SYR,97.0,1994.0,National Progressive Front,NPF,,66.4,166.0,250.0,0.0,-2.055,0.688,0.0
Syria,SYR,97.0,1998.0,National Progressive Front,NPF,,66.8,167.0,250.0,0.0,-2.055,0.688,0.0
Syria,SYR,97.0,2003.0,National Progressive Front,NPF,,66.8,167.0,250.0,0.0,-1.781,0.578,0.0
Syria,SYR,97.0,2007.0,National Progressive Front,NPF,,68.8,172.0,250.0,0.0,-1.781,0.578,0.0
Syria,SYR,97.0,2012.0,National Progressive Front,NPF,,66.8,167.0,250.0,0.0,-1.781,0.578,0.0
Syria,SYR,97.0,2016.0,National Progressive Front,NPF,,80.0,200.0,250.0,0.0,-1.781,0.578,0.0
Syria,SYR,97.0,2016.0,Arab Socialist Movement,ASM,,,,,,,,
Syria,SYR,97.0,2016.0,Arab Socialist Union,ASU,,,,,,,,
Syria,SYR,97.0,2016.0,Syrian Social Nationalist Party,SSNP,,,,,,,,
Syria,SYR,97.0,2016.0,Syrian Communist Party (Bakdash),SCP,,,,,,,,
Syria,SYR,97.0,2016.0,Socialist Unionist Party,SUP,,,,,,,,
Syria,SYR,97.0,2016.0,Syrian Communist Party (Unified),SCP,,,,,,,,
Syria,SYR,97.0,2016.0,National Covenant Party,NCP,,,,,,,,
Syria,SYR,97.0,2016.0,Democratic Socialist Unionist Party,DSUP,,,,,,,,
Syria,SYR,97.0,2016.0,Arabic Democratic Union Party,ADUP,,,,,,,,
Tunisia,TUN,98.0,2014.0,Nidaa Tounes,NT,37.6,39.6,86.0,217.0,1.0,0.465,0.13,1.0
Tunisia,TUN,98.0,2011.0,Congress for the Republic,CPR,8.7,13.6,29.0,214.0,1.0,-0.536,0.613,1.0
Tunisia,TUN,98.0,2011.0,Current of Love,COL,6.7,12.1,26.0,214.0,3.0,0.353,0.715,1.0
Tunisia,TUN,98.0,1989.0,Neo Destour / New Constitutional Liberal Party / Socialist Destourian Party / Democratic Constitutional Rally,ND/PSD/RCD,80.5,100.0,141.0,141.0,0.0,0.416,0.268,2.0
Tunisia,TUN,98.0,1994.0,Neo Destour / New Constitutional Liberal Party / Socialist Destourian Party / Democratic Constitutional Rally,ND/PSD/RCD,97.7,88.3,144.0,163.0,0.0,0.415,0.268,0.0
Tunisia,TUN,98.0,1999.0,Neo Destour / New Constitutional Liberal Party / Socialist Destourian Party / Democratic Constitutional Rally,ND/PSD/RCD,91.6,81.3,148.0,182.0,0.0,0.405,0.268,0.0
Tunisia,TUN,98.0,2004.0,Neo Destour / New Constitutional Liberal Party / Socialist Destourian Party / Democratic Constitutional Rally,ND/PSD/RCD,87.6,80.4,152.0,189.0,0.0,0.463,0.268,0.0
Tunisia,TUN,98.0,2009.0,Neo Destour / New Constitutional Liberal Party / Socialist Destourian Party / Democratic Constitutional Rally,ND/PSD/RCD,84.6,75.2,161.0,214.0,0.0,0.463,0.268,0.0
Tunisia,TUN,98.0,1981.0,Socialist Destourian Party,PSD,94.8,100.0,136.0,136.0,0.0,-0.373,0.276,0.0
Tunisia,TUN,98.0,1986.0,Socialist Destourian Party,PSD,,88.0,110.0,125.0,0.0,-0.373,0.139,0.0
Tunisia,TUN,98.0,2011.0,Ennahdha Party / Renaissance Party,Nahdah,37.0,41.6,89.0,214.0,0.0,0.788,0.584,1.0
Tunisia,TUN,98.0,2014.0,Ennahdha Party / Renaissance Party,Nahdah,27.8,31.8,69.0,217.0,1.0,0.788,0.516,0.0
Tunisia,TUN,98.0,2019.0,Ennahdha Party / Renaissance Party,Nahdah,19.6,24.0,52.0,217.0,4.0,0.43,0.463,0.0
Tunisia,TUN,98.0,2011.0,Democratic Forum for Labour and Liberties,Ettakatol/FTDL,7.0,9.3,20.0,214.0,1.0,0.858,0.297,1.0
Tunisia,TUN,98.0,2019.0,Heart of Tunisia,QT,14.6,17.5,38.0,217.0,4.0,0.635,0.495,1.0
Tunisia,TUN,98.0,2019.0,Democratic Current,TD,6.4,10.1,22.0,217.0,4.0,-0.177,0.517,1.0
Tunisia,TUN,98.0,2019.0,Free Destourian Party,HDH,6.6,7.8,17.0,217.0,4.0,0.903,0.396,1.0
Tunisia,TUN,98.0,2019.0,Dignity Coalition,al-Karama,5.9,9.7,21.0,217.0,4.0,0.054,0.58,1.0
Turkey,TUR,99.0,2002.0,Young Party,GP,7.2,0.0,0.0,550.0,3.0,2.322,0.533,1.0
Turkey,TUR,99.0,1983.0,Nationalist Democratic Party,MDP,23.3,17.8,71.0,399.0,3.0,0.819,0.099,1.0
Turkey,TUR,99.0,2002.0,Justice and Development Party,AKP,34.3,66.0,363.0,550.0,0.0,0.905,0.79,1.0
Turkey,TUR,99.0,2007.0,Justice and Development Party,AKP,46.7,62.0,341.0,550.0,0.0,1.216,0.853,0.0
Turkey,TUR,99.0,2011.0,Justice and Development Party,AKP,49.8,59.5,327.0,550.0,0.0,1.764,0.952,0.0
Turkey,TUR,99.0,2015.0,Justice and Development Party,AKP,49.5,57.6,317.0,550.0,0.0,2.33,0.964,0.0
Turkey,TUR,99.0,2018.0,Justice and Development Party,AKP,,,,,,,,
Turkey,TUR,99.0,1987.0,True Path Party,DYP,19.1,13.1,59.0,450.0,3.0,0.982,0.36,1.0
Turkey,TUR,99.0,1991.0,True Path Party,DYP,27.0,39.6,178.0,450.0,0.0,1.119,0.364,0.0
Turkey,TUR,99.0,1995.0,True Path Party,DYP,19.2,24.5,135.0,550.0,1.0,1.147,0.367,0.0
Turkey,TUR,99.0,1999.0,True Path Party,DYP,12.0,15.5,85.0,550.0,3.0,1.147,0.364,0.0
Turkey,TUR,99.0,2002.0,True Path Party,DYP,9.5,0.0,0.0,550.0,3.0,1.155,0.43,0.0
Turkey,TUR,99.0,2007.0,True Path Party,DYP,5.4,0.0,0.0,550.0,3.0,1.153,0.362,0.0
Turkey,TUR,99.0,1987.0,Republican Peoples Party,CHP,24.7,22.0,99.0,450.0,3.0,-1.058,0.212,1.0
Turkey,TUR,99.0,1995.0,Republican Peoples Party,CHP,10.7,8.9,49.0,550.0,3.0,-0.731,0.165,1.0
Turkey,TUR,99.0,1999.0,Republican Peoples Party,CHP,8.7,0.0,0.0,550.0,3.0,-0.711,0.169,0.0
Turkey,TUR,99.0,2002.0,Republican Peoples Party,CHP,19.4,32.4,178.0,550.0,3.0,-0.691,0.251,0.0
Turkey,TUR,99.0,2007.0,Republican Peoples Party,CHP,20.9,18.0,99.0,550.0,3.0,-0.691,0.3,0.0
Turkey,TUR,99.0,2011.0,Republican Peoples Party,CHP,26.0,24.5,135.0,550.0,3.0,-0.892,0.435,0.0
Turkey,TUR,99.0,2015.0,Republican Peoples Party,CHP,25.3,24.4,134.0,550.0,3.0,-1.424,0.537,0.0
Turkey,TUR,99.0,2018.0,Republican Peoples Party,CHP,,,,,,,,
Turkey,TUR,99.0,1987.0,Welfare Party,RP,7.2,0.0,0.0,450.0,3.0,1.077,0.745,1.0
Turkey,TUR,99.0,1991.0,Welfare Party,RP,16.9,13.8,62.0,450.0,3.0,1.077,0.796,0.0
Turkey,TUR,99.0,1995.0,Welfare Party,RP,21.4,28.7,158.0,550.0,3.0,1.077,0.85,0.0
Turkey,TUR,99.0,1983.0,Motherland Party,ANAP,45.1,52.9,211.0,399.0,0.0,1.127,0.241,1.0
Turkey,TUR,99.0,1987.0,Motherland Party,ANAP,36.3,64.9,292.0,450.0,0.0,1.127,0.178,0.0
Turkey,TUR,99.0,1991.0,Motherland Party,ANAP,24.0,25.6,115.0,450.0,3.0,1.127,0.178,0.0
Turkey,TUR,99.0,1995.0,Motherland Party,ANAP,19.7,24.0,132.0,550.0,0.0,1.463,0.174,0.0
Turkey,TUR,99.0,1999.0,Motherland Party,ANAP,13.2,15.6,86.0,550.0,1.0,1.256,0.178,0.0
Turkey,TUR,99.0,2002.0,Motherland Party,ANAP,5.1,0.0,0.0,550.0,3.0,1.256,0.222,0.0
Turkey,TUR,99.0,1991.0,Social Democratic Populist Party,SHP,20.8,19.6,88.0,450.0,1.0,-1.872,0.543,0.0
Turkey,TUR,99.0,1983.0,Populist Party,HP,30.5,29.3,117.0,399.0,3.0,0.046,0.191,1.0
Turkey,TUR,99.0,1999.0,Virtue Party,FP,15.4,20.2,111.0,550.0,3.0,1.392,0.819,2.0
Turkey,TUR,99.0,1995.0,Nationalist Movement [Action] Party,MHP,8.2,0.0,0.0,550.0,3.0,2.131,0.234,1.0
Turkey,TUR,99.0,1999.0,Nationalist Movement [Action] Party,MHP,18.0,23.5,129.0,550.0,1.0,1.967,0.237,0.0
Turkey,TUR,99.0,2002.0,Nationalist Movement [Action] Party,MHP,8.4,0.0,0.0,550.0,3.0,1.967,0.244,0.0
Turkey,TUR,99.0,2007.0,Nationalist Movement [Action] Party,MHP,14.3,12.9,71.0,550.0,3.0,1.991,0.341,0.0
Turkey,TUR,99.0,2011.0,Nationalist Movement [Action] Party,MHP,13.0,9.6,53.0,550.0,3.0,1.991,0.404,0.0
Turkey,TUR,99.0,2015.0,Nationalist Movement [Action] Party,MHP,11.9,7.3,40.0,550.0,3.0,1.991,0.461,0.0
Turkey,TUR,99.0,2018.0,Nationalist Movement [Action] Party,MHP,,,,,,,,
Turkey,TUR,99.0,1987.0,Democratic Left Party,DSP,8.5,0.0,0.0,450.0,3.0,-0.883,0.225,1.0
Turkey,TUR,99.0,1991.0,Democratic Left Party,DSP,10.8,1.6,7.0,450.0,3.0,-0.883,0.229,0.0
Turkey,TUR,99.0,1995.0,Democratic Left Party,DSP,14.6,13.8,76.0,550.0,3.0,-0.883,0.229,0.0
Turkey,TUR,99.0,1999.0,Democratic Left Party,DSP,22.2,24.7,136.0,550.0,0.0,-0.883,0.245,0.0
Turkey,TUR,99.0,2002.0,People's Democracy Party,HADEP,6.2,0.0,0.0,550.0,3.0,-1.788,0.634,0.0
Turkey,TUR,99.0,2011.0,People's Democracy Party,HADEP,,5.3,29.0,550.0,3.0,-2.145,0.673,2.0
Turkey,TUR,99.0,2015.0,Peoples' Democratic Party,HDP,10.8,10.7,59.0,550.0,3.0,-2.144,0.645,1.0
Turkey,TUR,99.0,2018.0,Peoples' Democratic Party,HDP,11.7,11.2,67.0,600.0,3.0,-2.144,0.645,0.0
Turkey,TUR,99.0,2018.0,Good Party,IYI,,,,,,,,
Turkey,TUR,99.0,2018.0,alliance: People's Alliance,People's All...,53.7,57.3,344.0,600.0,0.0,1.797,0.72,0.0
Turkey,TUR,99.0,2018.0,alliance: Nation Alliance,Nation Alliance,33.9,31.5,189.0,600.0,3.0,-0.367,0.658,0.0
Ukraine,UKR,100.0,1998.0,People’s Democratic Party of Ukraine,NDPU,5.2,7.6,17.0,225.0,0.0,0.292,0.081,1.0
Ukraine,UKR,100.0,1990.0,People's Movement of Ukraine,Rukh,,,,,,,,
Ukraine,UKR,100.0,1994.0,People's Movement of Ukraine,Rukh,5.5,4.4,20.0,450.0,3.0,0.658,0.555,0.0
Ukraine,UKR,100.0,1998.0,People's Movement of Ukraine,Rukh,9.7,14.2,32.0,225.0,3.0,0.658,0.484,0.0
Ukraine,UKR,100.0,2002.0,Social Democratic Party of Ukraine (United),SDPU(O),6.5,8.4,19.0,225.0,1.0,-0.263,0.141,0.0
Ukraine,UKR,100.0,1998.0,Socialist Party of the Ukraine,SPU,8.8,12.9,29.0,225.0,3.0,-1.811,0.69,0.0
Ukraine,UKR,100.0,2002.0,Socialist Party of the Ukraine,SPU,7.1,8.9,20.0,225.0,3.0,-1.671,0.737,0.0
Ukraine,UKR,100.0,2006.0,Socialist Party of the Ukraine,SPU,5.9,7.3,33.0,450.0,1.0,-1.671,0.662,0.0
Ukraine,UKR,100.0,1994.0,Communist Party of Ukraine,KPU,13.6,19.1,86.0,450.0,3.0,-3.349,0.866,0.0
Ukraine,UKR,100.0,1998.0,Communist Party of Ukraine,KPU,25.4,37.3,84.0,225.0,3.0,-3.349,0.866,0.0
Ukraine,UKR,100.0,2002.0,Communist Party of Ukraine,KPU,20.8,26.2,59.0,225.0,3.0,-3.357,0.866,0.0
Ukraine,UKR,100.0,2007.0,Communist Party of Ukraine,KPU,5.6,6.0,27.0,450.0,3.0,-3.367,0.869,0.0
Ukraine,UKR,100.0,2012.0,Communist Party of Ukraine,KPU,13.2,7.1,32.0,450.0,1.0,-3.367,0.792,0.0
Ukraine,UKR,100.0,2002.0,For a United Ukraine!,ZYU,12.3,15.6,35.0,225.0,0.0,0.294,0.046,1.0
Ukraine,UKR,100.0,1990.0,Party of Greens of Ukraine,PZU,,,,,,,,
Ukraine,UKR,100.0,1998.0,Party of Greens of Ukraine,PZU,5.6,8.4,19.0,225.0,3.0,0.066,0.292,0.0
Ukraine,UKR,100.0,2002.0,Yulia Tymoshenko Bloc,BYuT,7.5,9.8,22.0,225.0,3.0,-0.627,0.771,1.0
Ukraine,UKR,100.0,2006.0,Yulia Tymoshenko Bloc,BYuT,23.1,28.7,129.0,450.0,3.0,-0.627,0.74,0.0
Ukraine,UKR,100.0,2007.0,Yulia Tymoshenko Bloc,BYuT,32.1,34.7,156.0,450.0,0.0,-0.627,0.71,0.0
Ukraine,UKR,100.0,2012.0,Yulia Tymoshenko Bloc,BYuT,25.5,22.4,101.0,450.0,3.0,-0.462,0.675,0.0
Ukraine,UKR,100.0,2002.0,Our Ukraine – People's Self-Defense Bloc,NUNS,24.5,31.1,70.0,225.0,3.0,1.291,0.62,1.0
Ukraine,UKR,100.0,2006.0,Our Ukraine – People's Self-Defense Bloc,NUNS,14.5,18.0,81.0,450.0,1.0,1.291,0.411,0.0
Ukraine,UKR,100.0,2007.0,Our Ukraine – People's Self-Defense Bloc,NUNS,14.8,16.0,72.0,450.0,1.0,1.291,0.418,0.0
Ukraine,UKR,100.0,2006.0,Party of Regions,PR,33.4,41.3,186.0,450.0,0.0,0.278,0.327,1.0
Ukraine,UKR,100.0,2007.0,Party of Regions,PR,35.9,38.9,175.0,450.0,3.0,0.267,0.279,0.0
Ukraine,UKR,100.0,2012.0,Party of Regions,PR,30.0,41.1,185.0,450.0,0.0,0.122,0.196,0.0
Ukraine,UKR,100.0,1994.0,independent,indep,54.9,37.3,168.0,450.0,,,,
Ukraine,UKR,100.0,2019.0,independent,indep,,10.2,46.0,450.0,,,,
Ukraine,UKR,100.0,2014.0,"All Ukrainian Union """"Fatherland""""",Fatherland,5.7,4.2,19.0,450.0,1.0,-0.461,0.715,2.0
Ukraine,UKR,100.0,2019.0,"All Ukrainian Union """"Fatherland""""",Fatherland,8.2,5.8,26.0,450.0,3.0,-0.658,0.724,0.0
Ukraine,UKR,100.0,2014.0,"All Ukrainian Union """"Freedom"""" / Svoboda",Freedom,4.7,1.3,6.0,450.0,3.0,0.859,0.845,0.0
Ukraine,UKR,100.0,2014.0,People's Front,NF,22.1,18.2,82.0,450.0,0.0,1.472,0.348,1.0
Ukraine,UKR,100.0,2014.0,Radical Party of Oleh Lyashko,RP,7.4,4.9,22.0,450.0,1.0,-0.054,0.938,0.0
Ukraine,UKR,100.0,2014.0,Self Reliance Party,SP,11.0,7.3,33.0,450.0,1.0,1.292,0.478,1.0
Ukraine,UKR,100.0,2014.0,European Solidarity / Petro Poroshenko Bloc,BPP,21.8,29.3,132.0,450.0,1.0,1.109,0.331,1.0
Ukraine,UKR,100.0,2019.0,European Solidarity / Petro Poroshenko Bloc,BPP,8.1,5.6,25.0,450.0,3.0,1.109,0.393,2.0
Ukraine,UKR,100.0,2014.0,Opposition Bloc,OB,9.4,6.4,29.0,450.0,3.0,0.024,0.464,2.0
Ukraine,UKR,100.0,2012.0,Ukrainian Democratic Alliance for Reform,UDAR-VK,14.0,8.9,40.0,450.0,3.0,1.25,0.465,1.0
Ukraine,UKR,100.0,1990.0,Communist Party of Ukraine,KPU,,73.6,331.0,450.0,,,,
Ukraine,UKR,100.0,2019.0,Servant of the People,SN,43.2,56.4,254.0,450.0,0.0,1.09,0.896,1.0
Ukraine,UKR,100.0,2019.0,Opposition Platform — For Life,OPFL,13.1,9.6,43.0,450.0,3.0,-0.097,0.529,2.0
Ukraine,UKR,100.0,2019.0,Voice,H,5.8,4.4,20.0,450.0,3.0,1.151,0.484,1.0
Ukraine,UKR,100.0,1990.0,alliance: Democratic Bloc,Democratic Bloc,,24.7,111.0,450.0,,,,
Ukraine,UKR,100.0,1994.0,technical: Vacant,tech,,24.9,112.0,450.0,,,,
United Kingdom,GBR,101.0,1983.0,Liberal Party,Lib,25.4,2.6,17.0,650.0,3.0,0.102,0.324,0.0
United Kingdom,GBR,101.0,1987.0,Liberal Party,Lib,22.6,2.6,17.0,650.0,3.0,0.102,0.324,0.0
United Kingdom,GBR,101.0,1992.0,Liberal Party,Lib,17.8,3.1,20.0,651.0,3.0,0.102,0.324,2.0
United Kingdom,GBR,101.0,1997.0,Liberal Party,Lib,16.8,7.0,46.0,659.0,3.0,0.102,0.324,2.0
United Kingdom,GBR,101.0,2001.0,Liberal Party,Lib,18.3,7.9,52.0,659.0,3.0,0.102,0.324,2.0
United Kingdom,GBR,101.0,2005.0,Liberal Party,Lib,22.0,9.6,62.0,646.0,3.0,0.102,0.324,2.0
United Kingdom,GBR,101.0,2010.0,Liberal Party,Lib,23.0,8.8,57.0,650.0,1.0,0.102,0.324,2.0
United Kingdom,GBR,101.0,2015.0,Liberal Party,Lib,7.9,1.2,8.0,650.0,3.0,0.102,0.324,0.0
United Kingdom,GBR,101.0,2001.0,United Kingdom Independence Party,UKIP,1.5,0.0,0.0,659.0,3.0,2.539,0.949,0.0
United Kingdom,GBR,101.0,2005.0,United Kingdom Independence Party,UKIP,2.2,0.0,0.0,646.0,3.0,2.539,0.949,0.0
United Kingdom,GBR,101.0,2010.0,United Kingdom Independence Party,UKIP,3.1,0.0,0.0,650.0,3.0,2.539,0.949,0.0
United Kingdom,GBR,101.0,2015.0,United Kingdom Independence Party,UKIP,12.7,0.2,1.0,650.0,3.0,2.539,0.949,0.0
United Kingdom,GBR,101.0,2017.0,United Kingdom Independence Party,UKIP,1.8,0.0,0.0,650.0,3.0,2.539,0.875,0.0
United Kingdom,GBR,101.0,2019.0,Scottish National Party,SNP,3.9,7.4,48.0,650.0,3.0,-1.985,0.555,0.0
United Kingdom,GBR,101.0,2017.0,Liberal Democrats,LD,7.4,1.8,12.0,650.0,3.0,-0.43,0.327,0.0
United Kingdom,GBR,101.0,2019.0,Liberal Democrats,LD,11.5,1.7,11.0,650.0,3.0,-0.165,0.327,0.0
United Kingdom,GBR,101.0,1983.0,Labour,Lab,27.6,32.2,209.0,650.0,3.0,-1.545,0.423,0.0
United Kingdom,GBR,101.0,1987.0,Labour,Lab,30.8,35.2,229.0,650.0,3.0,-1.199,0.423,0.0
United Kingdom,GBR,101.0,1992.0,Labour,Lab,34.9,41.6,271.0,651.0,3.0,-0.818,0.407,0.0
United Kingdom,GBR,101.0,1997.0,Labour,Lab,43.2,63.6,419.0,659.0,0.0,-0.191,0.387,0.0
United Kingdom,GBR,101.0,2001.0,Labour,Lab,40.7,62.5,412.0,659.0,0.0,-0.191,0.323,0.0
United Kingdom,GBR,101.0,2005.0,Labour,Lab,35.2,55.0,355.0,646.0,0.0,-0.191,0.323,0.0
United Kingdom,GBR,101.0,2010.0,Labour,Lab,29.0,39.7,258.0,650.0,3.0,-0.836,0.323,0.0
United Kingdom,GBR,101.0,2015.0,Labour,Lab,30.5,35.7,232.0,650.0,3.0,-1.564,0.388,0.0
United Kingdom,GBR,101.0,2017.0,Labour,Lab,40.0,40.3,262.0,650.0,3.0,-2.474,0.514,0.0
United Kingdom,GBR,101.0,2019.0,Labour,Lab,32.2,31.2,203.0,650.0,3.0,-2.474,0.514,0.0
United Kingdom,GBR,101.0,1983.0,Conservatives,Con,42.4,61.1,397.0,650.0,0.0,2.003,0.274,0.0
United Kingdom,GBR,101.0,1987.0,Conservatives,Con,42.3,57.8,376.0,650.0,0.0,2.003,0.274,0.0
United Kingdom,GBR,101.0,1992.0,Conservatives,Con,41.9,51.6,336.0,651.0,0.0,1.65,0.18,0.0
United Kingdom,GBR,101.0,1997.0,Conservatives,Con,30.7,25.0,165.0,659.0,3.0,1.65,0.18,0.0
United Kingdom,GBR,101.0,2001.0,Conservatives,Con,31.7,25.2,166.0,659.0,3.0,0.877,0.18,0.0
United Kingdom,GBR,101.0,2005.0,Conservatives,Con,32.4,30.7,198.0,646.0,3.0,0.877,0.18,0.0
United Kingdom,GBR,101.0,2010.0,Conservatives,Con,36.1,47.2,307.0,650.0,0.0,0.877,0.18,0.0
United Kingdom,GBR,101.0,2015.0,Conservatives,Con,36.9,50.9,331.0,650.0,0.0,0.877,0.189,0.0
United Kingdom,GBR,101.0,2017.0,Conservatives,Con,42.5,48.9,318.0,650.0,0.0,1.598,0.274,0.0
United Kingdom,GBR,101.0,2019.0,Conservatives,Con,43.6,56.0,364.0,650.0,0.0,2.026,0.364,0.0
Uruguay,URY,102.0,1984.0,National Party,PN,33.1,35.4,35.0,99.0,2.0,0.66,0.194,0.0
Uruguay,URY,102.0,1989.0,National Party,PN,38.9,39.4,39.0,99.0,0.0,1.594,0.047,0.0
Uruguay,URY,102.0,1994.0,National Party,PN,31.4,31.3,31.0,99.0,1.0,1.395,0.047,0.0
Uruguay,URY,102.0,1999.0,National Party,PN,22.3,22.2,22.0,99.0,1.0,1.597,0.11,0.0
Uruguay,URY,102.0,2004.0,National Party,PN,35.1,36.4,36.0,99.0,3.0,1.094,0.049,0.0
Uruguay,URY,102.0,2009.0,National Party,PN,29.9,30.3,30.0,99.0,3.0,1.373,0.109,0.0
Uruguay,URY,102.0,2014.0,National Party,PN,31.9,32.3,32.0,99.0,3.0,1.269,0.045,0.0
Uruguay,URY,102.0,2019.0,National Party,PN,29.7,30.3,30.0,99.0,0.0,1.269,0.046,0.0
Uruguay,URY,102.0,1984.0,Colorado Party,PC,38.9,41.4,41.0,99.0,0.0,1.012,0.181,0.0
Uruguay,URY,102.0,1989.0,Colorado Party,PC,30.3,30.3,30.0,99.0,1.0,1.307,0.143,0.0
Uruguay,URY,102.0,1994.0,Colorado Party,PC,32.5,32.3,32.0,99.0,0.0,1.006,0.143,0.0
Uruguay,URY,102.0,1999.0,Colorado Party,PC,32.8,33.3,33.0,99.0,0.0,1.078,0.143,0.0
Uruguay,URY,102.0,2004.0,Colorado Party,PC,10.6,10.1,10.0,99.0,3.0,1.088,0.143,0.0
Uruguay,URY,102.0,2009.0,Colorado Party,PC,17.5,17.2,17.0,99.0,3.0,1.269,0.143,0.0
Uruguay,URY,102.0,2014.0,Colorado Party,PC,13.3,13.1,13.0,99.0,3.0,1.269,0.143,0.0
Uruguay,URY,102.0,2019.0,Colorado Party,PC,12.8,13.1,13.0,99.0,1.0,0.96,0.147,0.0
Uruguay,URY,102.0,1984.0,Broad Front / Progressive Encounter,FA/EP,20.6,21.2,21.0,99.0,3.0,-2.075,0.62,0.0
Uruguay,URY,102.0,1989.0,Broad Front / Progressive Encounter,FA/EP,21.2,21.2,21.0,99.0,3.0,-1.546,0.566,0.0
Uruguay,URY,102.0,1994.0,Broad Front / Progressive Encounter,FA/EP,30.8,31.3,31.0,99.0,3.0,-1.538,0.526,0.0
Uruguay,URY,102.0,1999.0,Broad Front / Progressive Encounter,FA/EP,40.1,40.4,40.0,99.0,3.0,-1.231,0.526,0.0
Uruguay,URY,102.0,2004.0,Broad Front / Progressive Encounter,FA/EP,51.7,53.5,53.0,99.0,0.0,-1.341,0.526,0.0
Uruguay,URY,102.0,2009.0,Broad Front / Progressive Encounter,FA/EP,49.3,50.5,50.0,99.0,0.0,-1.334,0.515,0.0
Uruguay,URY,102.0,2014.0,Broad Front / Progressive Encounter,FA/EP,49.5,50.5,50.0,99.0,0.0,-1.334,0.495,0.0
Uruguay,URY,102.0,2019.0,Broad Front / Progressive Encounter,FA/EP,40.5,42.4,42.0,99.0,3.0,-1.077,0.476,0.0
Uruguay,URY,102.0,1989.0,New Space,NE,9.0,9.1,9.0,99.0,3.0,-0.487,0.302,1.0
Uruguay,URY,102.0,1994.0,New Space,NE,5.3,5.1,5.0,99.0,3.0,-0.487,0.315,0.0
Uruguay,URY,102.0,2019.0,Open Cabildo,CA,11.5,11.1,11.0,99.0,1.0,2.625,0.51,1.0
Algeria,DZA,103.0,1997.0,independent,indep,4.4,2.9,11.0,380.0,,,,
Algeria,DZA,103.0,2002.0,independent,indep,5.0,7.7,30.0,389.0,,,,
Algeria,DZA,103.0,2007.0,independent,indep,9.9,8.5,33.0,389.0,,,,
Algeria,DZA,103.0,2012.0,independent,indep,8.8,3.9,18.0,462.0,,,,
Algeria,DZA,103.0,2017.0,Algerian National Front,FNA,9.5,0.0,0.0,462.0,2.0,0.12,0.181,0.0
Algeria,DZA,103.0,1982.0,National Liberation Front,FLN,100.0,100.0,281.0,281.0,0.0,-2.801,0.239,0.0
Algeria,DZA,103.0,1987.0,National Liberation Front,FLN,100.0,100.0,295.0,295.0,0.0,-2.801,0.239,0.0
Algeria,DZA,103.0,1997.0,National Liberation Front,FLN,14.3,16.3,62.0,380.0,1.0,-1.489,0.239,0.0
Algeria,DZA,103.0,2002.0,National Liberation Front,FLN,35.3,51.2,199.0,389.0,0.0,-1.489,0.239,0.0
Algeria,DZA,103.0,2007.0,National Liberation Front,FLN,23.0,35.0,136.0,389.0,0.0,-1.489,0.239,0.0
Algeria,DZA,103.0,2012.0,National Liberation Front,FLN,17.4,45.0,208.0,462.0,1.0,-1.489,0.239,0.0
Algeria,DZA,103.0,2017.0,National Liberation Front,FLN,26.0,35.5,164.0,462.0,0.0,-1.489,0.239,0.0
Algeria,DZA,103.0,1997.0,National Rally for Democracy,RND,33.7,41.1,156.0,380.0,0.0,0.866,0.241,0.0
Algeria,DZA,103.0,2002.0,National Rally for Democracy,RND,8.2,12.1,47.0,389.0,1.0,0.135,0.241,0.0
Algeria,DZA,103.0,2007.0,National Rally for Democracy,RND,10.4,15.9,62.0,389.0,1.0,0.135,0.241,0.0
Algeria,DZA,103.0,2012.0,National Rally for Democracy,RND,6.9,14.7,68.0,462.0,0.0,0.135,0.241,0.0
Algeria,DZA,103.0,2017.0,National Rally for Democracy,RND,14.9,21.6,100.0,462.0,1.0,0.135,0.437,0.0
Algeria,DZA,103.0,1997.0,Socialist Forces Front,FFS,5.0,5.3,20.0,380.0,3.0,-2.096,0.886,0.0
Algeria,DZA,103.0,1997.0,Movement for the Society of Peace,MSPP,14.8,18.2,69.0,380.0,1.0,0.857,0.654,0.0
Algeria,DZA,103.0,2002.0,Movement for the Society of Peace,MSPP,7.1,9.8,38.0,389.0,1.0,0.857,0.654,0.0
Algeria,DZA,103.0,2007.0,Movement for the Society of Peace,MSPP,9.7,13.1,51.0,389.0,1.0,0.857,0.654,0.0
Algeria,DZA,103.0,2012.0,Movement for the Society of Peace,MSPP,,,,,3.0,0.857,0.654,0.0
Algeria,DZA,103.0,2017.0,Movement for the Society of Peace,MSPP,6.1,7.1,33.0,462.0,3.0,0.147,0.654,0.0
Algeria,DZA,103.0,2002.0,Movement for National Reform,MPRN,9.5,11.1,43.0,389.0,2.0,0.11,0.319,0.0
Algeria,DZA,103.0,2012.0,Movement for National Reform,MPRN,,,,,2.0,0.089,0.314,0.0
Algeria,DZA,103.0,2007.0,Workers' Party,PT,5.1,6.7,26.0,389.0,3.0,-2.944,0.861,0.0
Algeria,DZA,103.0,1997.0,Movement of the Islamic Renaissance,MRI,8.7,8.9,34.0,380.0,2.0,0.141,0.318,0.0
Algeria,DZA,103.0,2012.0,Movement of the Islamic Renaissance,MRI,,,,,2.0,0.132,0.304,0.0
Algeria,DZA,103.0,2012.0,alliance: AAV,AAV,6.2,10.8,50.0,462.0,,,,
Angola,AGO,104.0,1980.0,People's Movement for the Liberation of Angola – Labour Party,MPLA,,100.0,206.0,206.0,0.0,-2.684,0.596,1.0
Angola,AGO,104.0,1986.0,People's Movement for the Liberation of Angola – Labour Party,MPLA,,100.0,289.0,289.0,0.0,-1.264,0.5,0.0
Angola,AGO,104.0,1992.0,People's Movement for the Liberation of Angola – Labour Party,MPLA,53.7,58.6,129.0,220.0,0.0,-0.618,0.427,2.0
Angola,AGO,104.0,2008.0,People's Movement for the Liberation of Angola – Labour Party,MPLA,81.6,86.8,191.0,220.0,0.0,-0.618,0.304,0.0
Angola,AGO,104.0,2012.0,People's Movement for the Liberation of Angola – Labour Party,MPLA,71.8,79.5,175.0,220.0,0.0,-0.007,0.162,0.0
Angola,AGO,104.0,2017.0,People's Movement for the Liberation of Angola – Labour Party,MPLA,61.1,68.2,150.0,220.0,0.0,-0.007,0.508,0.0
Angola,AGO,104.0,1992.0,National Union for the Total Independence of Angola,UNITA,34.1,31.8,70.0,220.0,3.0,0.013,0.875,1.0
Angola,AGO,104.0,2008.0,National Union for the Total Independence of Angola,UNITA,10.4,7.3,16.0,220.0,3.0,0.722,0.849,0.0
Angola,AGO,104.0,2012.0,National Union for the Total Independence of Angola,UNITA,18.7,14.5,32.0,220.0,3.0,0.72,0.85,0.0
Angola,AGO,104.0,2017.0,National Union for the Total Independence of Angola,UNITA,26.7,23.2,51.0,220.0,3.0,0.718,0.85,0.0
Angola,AGO,104.0,2017.0,Broad Convergence for the Salvation of Angola – Electoral Coalition,CASA-CE,9.5,7.3,16.0,220.0,3.0,0.488,0.73,0.0
Angola,AGO,104.0,2017.0,Angolan Free Alliance Majority Party,AFAMP,,,,,,,,
Angola,AGO,104.0,2017.0,Angolan Pacific Party,APP,,,,,,,,
Angola,AGO,104.0,2017.0,Party for Democracy and Development in Angola-Patriotic Alliance,PDDAPA,,,,,,,,
Angola,AGO,104.0,2017.0,National Salvation Party of Angola,NSPA,,,,,,,,
Armenia,ARM,105.0,1999.0,Rule of Law / Armenian Renaissance,OEK/HV,5.4,4.6,6.0,131.0,3.0,1.045,0.63,1.0
Armenia,ARM,105.0,2003.0,Rule of Law / Armenian Renaissance,OEK/HV,12.6,14.5,19.0,131.0,1.0,0.721,0.642,0.0
Armenia,ARM,105.0,2007.0,Rule of Law / Armenian Renaissance,OEK/HV,7.1,6.9,9.0,131.0,3.0,0.721,0.76,0.0
Armenia,ARM,105.0,2012.0,Rule of Law / Armenian Renaissance,OEK/HV,5.5,4.6,6.0,131.0,1.0,1.059,0.552,0.0
Armenia,ARM,105.0,2003.0,Justice,A,13.7,10.7,14.0,131.0,3.0,0.129,0.763,2.0
Armenia,ARM,105.0,1995.0,National Democratic Union,AZhM,7.7,2.6,5.0,190.0,3.0,1.232,0.721,1.0
Armenia,ARM,105.0,1999.0,National Democratic Union,AZhM,5.3,4.6,6.0,131.0,1.0,1.228,0.499,0.0
Armenia,ARM,105.0,1995.0,National Self-Determination Union,AIM,5.7,1.6,3.0,190.0,3.0,1.142,0.583,1.0
Armenia,ARM,105.0,1999.0,National Unity,AM,,,,,,,,
Armenia,ARM,105.0,2003.0,National Unity,AM,8.9,6.9,9.0,131.0,3.0,0.811,0.712,1.0
Armenia,ARM,105.0,1995.0,Republic,HA,43.9,,,,,,,
Armenia,ARM,105.0,2017.0,Republic,HA,,,,,,,,
Armenia,ARM,105.0,1995.0,Republican Party of Armenia,HHK,,0.5,1.0,190.0,,,,
Armenia,ARM,105.0,1999.0,Republican Party of Armenia,HHK,42.4,47.3,62.0,131.0,0.0,0.865,0.134,0.0
Armenia,ARM,105.0,2003.0,Republican Party of Armenia,HHK,23.7,25.2,33.0,131.0,0.0,1.475,0.127,0.0
Armenia,ARM,105.0,2007.0,Republican Party of Armenia,HHK,33.9,48.9,64.0,131.0,0.0,1.799,0.127,0.0
Armenia,ARM,105.0,2012.0,Republican Party of Armenia,HHK,44.1,53.4,70.0,131.0,0.0,1.767,0.127,0.0
Armenia,ARM,105.0,2017.0,Republican Party of Armenia,HHK,49.2,55.2,58.0,105.0,0.0,1.476,0.22,0.0
Armenia,ARM,105.0,1995.0,Semiramis (Women’s Movement),Sha,17.4,4.2,8.0,190.0,2.0,1.028,0.175,1.0
Armenia,ARM,105.0,2003.0,United Labour Party,MAK,5.7,4.6,6.0,131.0,3.0,-0.402,0.57,1.0
Armenia,ARM,105.0,1995.0,Armenian Communist Party,HKK,12.4,5.3,10.0,190.0,3.0,-3.447,0.863,0.0
Armenia,ARM,105.0,1999.0,Armenian Communist Party,HKK,12.3,7.6,10.0,131.0,3.0,-2.835,0.884,0.0
Armenia,ARM,105.0,1999.0,Armenian Revolutionary Federation,HHD,8.0,6.1,8.0,131.0,2.0,-1.439,0.303,0.0
Armenia,ARM,105.0,2003.0,Armenian Revolutionary Federation,HHD,11.4,8.4,11.0,131.0,1.0,-1.073,0.398,0.0
Armenia,ARM,105.0,2007.0,Armenian Revolutionary Federation,HHD,13.2,12.2,16.0,131.0,1.0,-0.852,0.466,0.0
Armenia,ARM,105.0,2012.0,Armenian Revolutionary Federation,HHD,5.7,3.8,5.0,131.0,3.0,-0.852,0.483,0.0
Armenia,ARM,105.0,2017.0,Armenian Revolutionary Federation,HHD,6.6,6.7,7.0,105.0,1.0,-0.852,0.414,0.0
Armenia,ARM,105.0,1995.0,independent,indep,,37.9,72.0,190.0,,,,
Armenia,ARM,105.0,2007.0,Heritage Party,HePa,6.0,5.3,7.0,131.0,3.0,1.591,0.713,1.0
Armenia,ARM,105.0,2012.0,Heritage Party,HePa,5.8,3.8,5.0,131.0,3.0,2.086,0.838,0.0
Armenia,ARM,105.0,2007.0,Prosperous Armenia Party,BHK,15.1,19.1,25.0,131.0,1.0,0.991,0.318,1.0
Armenia,ARM,105.0,2012.0,Prosperous Armenia Party,BHK,30.2,27.5,36.0,131.0,1.0,0.64,0.558,0.0
Armenia,ARM,105.0,2017.0,Prosperous Armenia Party,BHK,,,,,,,,
Armenia,ARM,105.0,2018.0,Prosperous Armenia Party,BHK,8.3,19.7,26.0,132.0,3.0,0.64,0.548,0.0
Armenia,ARM,105.0,1990.0,Pan-Armenian National Movement,HHS,,22.8,59.0,259.0,,,,
Armenia,ARM,105.0,1995.0,Pan-Armenian National Movement,HHS,,32.6,62.0,190.0,0.0,3.232,0.091,1.0
Armenia,ARM,105.0,2012.0,Armenian National Congress,HAK,7.1,5.3,7.0,131.0,3.0,2.296,0.809,1.0
Armenia,ARM,105.0,2017.0,Bright Armenia,BA,,,,,,,,
Armenia,ARM,105.0,2018.0,Bright Armenia,BA,6.4,13.6,18.0,132.0,1.0,1.389,0.505,0.0
Armenia,ARM,105.0,2018.0,My Step Alliance,IKD,70.4,66.7,88.0,132.0,0.0,1.43,0.667,1.0
Armenia,ARM,105.0,2017.0,Civil Contract,cc,,,,,,,,
Armenia,ARM,105.0,2018.0,Civil Contract,cc,,,,,,,,
Armenia,ARM,105.0,2017.0,Mission Party,MP,,,,,,,,
Armenia,ARM,105.0,2018.0,Mission Party,MP,,,,,,,,
Armenia,ARM,105.0,1990.0,Communist Party of Armenia,CPA,,52.5,136.0,259.0,,,,
Armenia,ARM,105.0,1999.0,alliance: Right and Unity,Right and Unity,8.1,5.3,7.0,131.0,3.0,0.436,0.554,1.0
Armenia,ARM,105.0,2017.0,alliance: Tsarukyan Alliance,Tsarukyan Al...,27.4,29.5,31.0,105.0,3.0,0.637,0.612,2.0
Armenia,ARM,105.0,2017.0,alliance: Way Out Alliance,Way Out Alli...,7.8,8.6,9.0,105.0,3.0,1.57,0.876,1.0
Azerbaijan,AZE,106.0,1995.0,Azerbaijan National Independence Party,AMIP,9.3,2.4,3.0,125.0,3.0,0.73,0.55,1.0
Azerbaijan,AZE,106.0,1990.0,Azerbaijan Popular Front,AXC,,13.2,45.0,340.0,,,,
Azerbaijan,AZE,106.0,1995.0,Azerbaijan Popular Front,AXC,9.7,3.2,4.0,125.0,3.0,0.829,0.851,0.0
Azerbaijan,AZE,106.0,2000.0,Azerbaijan Popular Front,AXC,11.0,4.8,6.0,125.0,3.0,0.889,0.824,0.0
Azerbaijan,AZE,106.0,2000.0,Azerbaijan Communist Party (1993),ACP,6.3,1.6,2.0,125.0,3.0,-1.557,0.644,1.0
Azerbaijan,AZE,106.0,2000.0,Civil Solidarity Party,VHP,6.4,2.4,3.0,125.0,3.0,0.963,0.478,0.0
Azerbaijan,AZE,106.0,1995.0,New Azerbaijan Party,YAP,62.7,47.2,59.0,125.0,0.0,0.871,0.08,1.0
Azerbaijan,AZE,106.0,2000.0,New Azerbaijan Party,YAP,62.3,60.0,75.0,125.0,0.0,0.867,0.122,0.0
Azerbaijan,AZE,106.0,2005.0,New Azerbaijan Party,YAP,,48.8,61.0,125.0,0.0,0.671,0.122,0.0
Azerbaijan,AZE,106.0,2010.0,New Azerbaijan Party,YAP,45.9,56.8,71.0,125.0,0.0,0.793,0.121,0.0
Azerbaijan,AZE,106.0,2015.0,New Azerbaijan Party,YAP,,56.8,71.0,125.0,0.0,0.793,0.121,0.0
Azerbaijan,AZE,106.0,1990.0,independent,indep,,4.4,15.0,340.0,,,,
Azerbaijan,AZE,106.0,1995.0,independent,indep,,41.6,52.0,125.0,,,,
Azerbaijan,AZE,106.0,2000.0,independent,indep,,24.0,30.0,125.0,,,,
Azerbaijan,AZE,106.0,2005.0,independent,indep,,31.2,39.0,125.0,,,,
Azerbaijan,AZE,106.0,2010.0,independent,indep,48.2,32.8,41.0,125.0,,,,
Azerbaijan,AZE,106.0,2015.0,independent,indep,,34.4,43.0,125.0,,,,
Azerbaijan,AZE,106.0,1990.0,Communist Party of Azerbaijan (1921),AKP,,82.4,280.0,340.0,,,,
Azerbaijan,AZE,106.0,2005.0,Equality Party,Musavat,,4.0,5.0,125.0,3.0,0.506,0.851,0.0
Azerbaijan,AZE,106.0,2005.0,alliance: Azadliq bloc,Azadliq bloc,,,,,,,,
Belarus,BLR,107.0,1990.0,"Party of Communists of Belarus / Belarusian Left Party """"A Just World""""",PKB,,100.0,100.0,100.0,,,,
Belarus,BLR,107.0,1995.0,"Party of Communists of Belarus / Belarusian Left Party """"A Just World""""",PKB,,21.2,42.0,198.0,3.0,-2.412,0.8,0.0
Belarus,BLR,107.0,2000.0,"Party of Communists of Belarus / Belarusian Left Party """"A Just World""""",PKB,,5.5,6.0,110.0,3.0,-2.249,0.841,0.0
Belarus,BLR,107.0,2004.0,"Party of Communists of Belarus / Belarusian Left Party """"A Just World""""",PKB,,7.3,8.0,109.0,3.0,-2.249,0.841,0.0
Belarus,BLR,107.0,2008.0,"Party of Communists of Belarus / Belarusian Left Party """"A Just World""""",PKB,,5.5,6.0,110.0,3.0,-2.249,0.842,0.0
Belarus,BLR,107.0,1995.0,Agrarian Party,AP,,16.7,33.0,198.0,2.0,-1.354,0.465,0.0
Belarus,BLR,107.0,2000.0,Agrarian Party,AP,,4.5,5.0,110.0,2.0,-1.458,0.172,0.0
Belarus,BLR,107.0,1995.0,independent,indep,,48.0,95.0,198.0,,,,
Belarus,BLR,107.0,2000.0,independent,indep,,85.5,94.0,110.0,,,,
Belarus,BLR,107.0,2004.0,independent,indep,,89.0,97.0,109.0,,,,
Belarus,BLR,107.0,2008.0,independent,indep,,93.6,103.0,110.0,,,,
Belarus,BLR,107.0,2012.0,independent,indep,,94.5,104.0,110.0,,,,
Belarus,BLR,107.0,2016.0,independent,indep,67.0,85.5,94.0,110.0,,,,
Belarus,BLR,107.0,2019.0,independent,indep,60.3,80.9,89.0,110.0,,,,
Belarus,BLR,107.0,2019.0,Liberal Democratic Party,LDPB,5.4,1.0,1.0,110.0,2.0,1.335,0.477,0.0
Belarus,BLR,107.0,2019.0,Republican Party of Labour and Justice,RPTS,6.8,5.5,6.0,110.0,2.0,-1.002,0.339,0.0
Belarus,BLR,107.0,2016.0,Communist Party of Belarus,KPB,7.4,7.3,8.0,110.0,2.0,-2.331,0.443,0.0
Belarus,BLR,107.0,2019.0,Communist Party of Belarus,KPB,10.6,10.0,11.0,110.0,2.0,-2.331,0.444,0.0
Belarus,BLR,107.0,2016.0,technical: Against all,tech,9.6,0.0,0.0,110.0,,,,
Cameroon,CMR,108.0,1997.0,Social Democratic Front,SDF,23.5,24.9,43.0,173.0,3.0,-2.038,0.81,0.0
Cameroon,CMR,108.0,2002.0,Social Democratic Front,SDF,,12.2,22.0,180.0,3.0,-1.434,0.819,0.0
Cameroon,CMR,108.0,2007.0,Social Democratic Front,SDF,,8.9,16.0,180.0,3.0,-1.683,0.847,0.0
Cameroon,CMR,108.0,2013.0,Social Democratic Front,SDF,,10.0,18.0,180.0,3.0,-1.158,0.847,0.0
Cameroon,CMR,108.0,1988.0,Cameroon People’s Democratic Movement,RDPC,100.0,100.0,120.0,120.0,,,,
Cameroon,CMR,108.0,1992.0,Cameroon People’s Democratic Movement,RDPC,45.5,48.9,88.0,180.0,,,,
Cameroon,CMR,108.0,1997.0,Cameroon People’s Democratic Movement,RDPC,48.0,63.0,109.0,173.0,,,,
Cameroon,CMR,108.0,2002.0,Cameroon People’s Democratic Movement,RDPC,,82.8,149.0,180.0,0.0,0.684,0.193,0.0
Cameroon,CMR,108.0,2007.0,Cameroon People’s Democratic Movement,RDPC,,85.0,153.0,180.0,0.0,0.595,0.193,0.0
Cameroon,CMR,108.0,2013.0,Cameroon People’s Democratic Movement,RDPC,,82.2,148.0,180.0,0.0,0.595,0.265,0.0
Cameroon,CMR,108.0,1992.0,National Union for Democracy and Progress,UNDP,35.5,37.8,68.0,180.0,3.0,0.043,0.547,0.0
Cameroon,CMR,108.0,1997.0,National Union for Democracy and Progress,UNDP,,7.5,13.0,173.0,3.0,-0.091,0.488,0.0
Cameroon,CMR,108.0,1992.0,Union of the Peoples of Cameroon,UPC,8.7,10.0,18.0,180.0,2.0,-0.234,0.82,0.0
Cameroon,CMR,108.0,1983.0,Cameroonian National Union,UNC,100.0,100.0,120.0,120.0,0.0,0.789,0.167,0.0
Chad,TCD,109.0,1997.0,Union for Renewal and Democracy,URD,,23.2,29.0,125.0,2.0,-0.737,0.233,0.0
Chad,TCD,109.0,2011.0,Union for Renewal and Democracy,URD,,4.3,8.0,188.0,3.0,-0.729,0.228,0.0
Chad,TCD,109.0,1997.0,Patriotic Salvation Movement,MPS,,52.0,65.0,125.0,0.0,1.002,0.237,0.0
Chad,TCD,109.0,2002.0,Patriotic Salvation Movement,MPS,,72.8,110.0,151.0,0.0,1.002,0.237,0.0
Chad,TCD,109.0,2011.0,Patriotic Salvation Movement,MPS,,62.2,117.0,188.0,0.0,1.002,0.237,0.0
Chad,TCD,109.0,2002.0,Rally for Democracy and Progress,RDP,,6.6,10.0,151.0,1.0,-0.697,0.235,0.0
Chad,TCD,109.0,2011.0,Rally for Democracy and Progress,RDP,,4.8,9.0,188.0,3.0,-0.697,0.235,1.0
Chad,TCD,109.0,2002.0,"Federation, Action for the Republic",FAR,,6.0,9.0,151.0,3.0,-0.766,0.236,0.0
Chad,TCD,109.0,1990.0,National Union for Independence and Revolution,UNIR,100.0,100.0,123.0,123.0,4.0,-0.723,0.233,1.0
Chad,TCD,109.0,1997.0,National Union for Democracy and Renewal,UNDR,,12.0,15.0,125.0,3.0,-0.747,0.229,0.0
Chad,TCD,109.0,2011.0,National Union for Democracy and Renewal,UNDR,,5.3,10.0,188.0,3.0,-0.763,0.237,0.0
Chad,TCD,109.0,2011.0,National Rally for Democracy in Chad,NRDC,,4.3,8.0,188.0,1.0,-0.747,0.233,0.0
Chad,TCD,109.0,2011.0,National Rally for Development and Progress,RNDP,,2.7,5.0,188.0,3.0,-0.78,0.235,0.0
Chad,TCD,109.0,2011.0,Alliance for the Renaissance of Chad,ARC,,,,,,,,
China,CHN,110.0,1984.0,Communist Party of China,CPC,,100.0,3419.0,3419.0,0.0,-1.345,0.411,0.0
China,CHN,110.0,1988.0,Communist Party of China,CPC,,100.0,2978.0,2978.0,0.0,-1.134,0.453,0.0
China,CHN,110.0,1994.0,Communist Party of China,CPC,,100.0,2978.0,2978.0,0.0,-0.483,0.372,0.0
China,CHN,110.0,1998.0,Communist Party of China,CPC,,100.0,2979.0,2979.0,0.0,0.315,0.372,0.0
China,CHN,110.0,2003.0,Communist Party of China,CPC,,100.0,2985.0,2985.0,0.0,0.122,0.372,0.0
China,CHN,110.0,2008.0,Communist Party of China,CPC,,100.0,2987.0,2987.0,0.0,0.006,0.372,0.0
China,CHN,110.0,2013.0,Communist Party of China,CPC,,100.0,2987.0,2987.0,0.0,-0.329,0.371,0.0
Democratic Republic of the Congo,COD,111.0,2011.0,independent,indep,,3.2,16.0,500.0,,,,
Democratic Republic of the Congo,COD,111.0,2006.0,Movement for the Liberation of the Congo,MLC,,12.8,64.0,500.0,3.0,-1.466,0.313,0.0
Democratic Republic of the Congo,COD,111.0,2011.0,Movement for the Liberation of the Congo,MLC,,4.4,22.0,500.0,3.0,-1.466,0.313,0.0
Democratic Republic of the Congo,COD,111.0,2003.0,People's Party for Reconstruction and Democracy,PPRD,,,,,0.0,-2.291,0.365,0.0
Democratic Republic of the Congo,COD,111.0,2006.0,People's Party for Reconstruction and Democracy,PPRD,,22.2,111.0,500.0,1.0,-2.291,0.365,0.0
Democratic Republic of the Congo,COD,111.0,2011.0,People's Party for Reconstruction and Democracy,PPRD,,12.4,62.0,500.0,0.0,-2.291,0.365,0.0
Democratic Republic of the Congo,COD,111.0,1982.0,Popular Movement of the Revolution,MPR,100.0,100.0,310.0,310.0,0.0,-1.911,0.092,0.0
Democratic Republic of the Congo,COD,111.0,1987.0,Popular Movement of the Revolution,MPR,100.0,100.0,310.0,310.0,0.0,-1.911,0.092,0.0
Democratic Republic of the Congo,COD,111.0,2011.0,Union for Democracy and Social Progress,UDPS,,8.2,41.0,500.0,3.0,1.302,0.407,1.0
Democratic Republic of the Congo,COD,111.0,2006.0,Unified Lumumbist Party,PALU,,6.8,34.0,500.0,0.0,-1.654,0.312,0.0
Democratic Republic of the Congo,COD,111.0,2006.0,Social Movement for Renewal,MSR,,5.4,27.0,500.0,1.0,-1.148,0.359,1.0
Democratic Republic of the Congo,COD,111.0,2011.0,Social Movement for Renewal,MSR,,5.4,27.0,500.0,1.0,-1.148,0.359,0.0
Democratic Republic of the Congo,COD,111.0,2011.0,Union for the Congolese Nation,UNC,,3.4,17.0,500.0,3.0,-1.213,0.406,1.0
Democratic Republic of the Congo,COD,111.0,2011.0,People's Party for Peace and Democracy,PPPD,,5.8,29.0,500.0,3.0,-1.425,0.358,1.0
Democratic Republic of the Congo,COD,111.0,2006.0,Forces for Renewal,FR,,5.2,26.0,500.0,2.0,-1.976,0.309,1.0
Republic of the Congo,COG,112.0,2007.0,independent,indep,,27.4,37.0,135.0,,,,
Republic of the Congo,COG,112.0,2012.0,independent,indep,,8.8,12.0,136.0,,,,
Republic of the Congo,COG,112.0,2017.0,independent,indep,,5.9,8.0,135.0,,,,
Republic of the Congo,COG,112.0,1992.0,Congolese Movement for Democracy and Integral Development,MCDDI,,23.2,29.0,125.0,3.0,0.219,0.325,0.0
Republic of the Congo,COG,112.0,1993.0,Congolese Movement for Democracy and Integral Development,MCDDI,,22.4,28.0,125.0,3.0,0.219,0.325,0.0
Republic of the Congo,COG,112.0,2007.0,Congolese Movement for Democracy and Integral Development,MCDDI,,8.1,11.0,135.0,1.0,0.185,0.318,0.0
Republic of the Congo,COG,112.0,2012.0,Congolese Movement for Democracy and Integral Development,MCDDI,,5.1,7.0,136.0,1.0,-1.902,0.318,0.0
Republic of the Congo,COG,112.0,1992.0,Pan-African Union for Social Democracy,UPADS,,31.2,39.0,125.0,0.0,-1.908,0.32,0.0
Republic of the Congo,COG,112.0,1993.0,Pan-African Union for Social Democracy,UPADS,,37.6,47.0,125.0,0.0,-1.908,0.32,0.0
Republic of the Congo,COG,112.0,2007.0,Pan-African Union for Social Democracy,UPADS,,8.1,11.0,135.0,3.0,-1.9,0.315,0.0
Republic of the Congo,COG,112.0,2012.0,Pan-African Union for Social Democracy,UPADS,,5.1,7.0,136.0,3.0,-1.9,0.315,0.0
Republic of the Congo,COG,112.0,2017.0,Pan-African Union for Social Democracy,UPADS,,5.9,8.0,135.0,3.0,-1.9,0.315,0.0
Republic of the Congo,COG,112.0,1984.0,Congolese Party of Labour,PCT,100.0,100.0,153.0,153.0,0.0,-1.932,0.324,0.0
Republic of the Congo,COG,112.0,1989.0,Congolese Party of Labour,PCT,100.0,100.0,133.0,133.0,0.0,-1.932,0.324,0.0
Republic of the Congo,COG,112.0,1992.0,Congolese Party of Labour,PCT,,14.4,18.0,125.0,1.0,-1.932,0.324,0.0
Republic of the Congo,COG,112.0,1993.0,Congolese Party of Labour,PCT,,12.0,15.0,125.0,0.0,-1.932,0.324,0.0
Republic of the Congo,COG,112.0,2001.0,Congolese Party of Labour,PCT,,,,,0.0,-1.932,0.324,0.0
Republic of the Congo,COG,112.0,2002.0,Congolese Party of Labour,PCT,,38.7,53.0,137.0,0.0,-1.932,0.324,0.0
Republic of the Congo,COG,112.0,2007.0,Congolese Party of Labour,PCT,,34.1,46.0,135.0,0.0,-1.932,0.324,0.0
Republic of the Congo,COG,112.0,2012.0,Congolese Party of Labour,PCT,,65.4,89.0,136.0,0.0,-1.932,0.324,0.0
Republic of the Congo,COG,112.0,2017.0,Congolese Party of Labour,PCT,,66.7,90.0,135.0,0.0,-1.932,0.324,0.0
Republic of the Congo,COG,112.0,1992.0,Rally for Democracy and Social Progress,RDSP,,7.2,9.0,125.0,1.0,-1.925,0.328,0.0
Republic of the Congo,COG,112.0,1993.0,Rally for Democracy and Social Progress,RDSP,,8.0,10.0,125.0,1.0,-1.925,0.328,0.0
Republic of the Congo,COG,112.0,2002.0,United Democratic Forces,FDU,,21.9,30.0,137.0,2.0,-1.895,0.322,0.0
Republic of the Congo,COG,112.0,2017.0,Dynamic for the Republic and Recovery,DRR,,2.2,3.0,135.0,2.0,-1.924,0.315,0.0
Republic of the Congo,COG,112.0,2017.0,Action Movement for Renewal,MAR,,2.2,3.0,135.0,1.0,-1.958,0.326,0.0
Djibouti,DJI,113.0,1982.0,People's Rally for Progress,RPP,100.0,100.0,65.0,65.0,0.0,-0.752,0.103,0.0
Djibouti,DJI,113.0,1987.0,People's Rally for Progress,RPP,100.0,100.0,65.0,65.0,0.0,-0.752,0.103,0.0
Djibouti,DJI,113.0,1992.0,People's Rally for Progress,RPP,74.6,100.0,65.0,65.0,0.0,-0.893,0.103,0.0
Djibouti,DJI,113.0,1997.0,People's Rally for Progress,RPP,,83.1,54.0,65.0,0.0,-0.893,0.128,0.0
Djibouti,DJI,113.0,2003.0,People's Rally for Progress,RPP,,,,,,,,
Djibouti,DJI,113.0,2008.0,People's Rally for Progress,RPP,,,,,,,,
Djibouti,DJI,113.0,2013.0,People's Rally for Progress,RPP,,,,,,,,
Djibouti,DJI,113.0,2018.0,People's Rally for Progress,RPP,,,,,,,,
Djibouti,DJI,113.0,2003.0,National Democratic Party,PND,,,,,,,,
Djibouti,DJI,113.0,2008.0,National Democratic Party,PND,,,,,,,,
Djibouti,DJI,113.0,2013.0,National Democratic Party,PND,,,,,,,,
Djibouti,DJI,113.0,2018.0,National Democratic Party,PND,,,,,,,,
Djibouti,DJI,113.0,1992.0,Movement for Democratic Renewal and Development / Party for Democratic Renewal,MRDD / PRD,25.4,0.0,0.0,65.0,3.0,0.458,0.559,1.0
Djibouti,DJI,113.0,1997.0,Movement for Democratic Renewal and Development / Party for Democratic Renewal,MRDD / PRD,19.2,0.0,0.0,65.0,3.0,0.458,0.572,0.0
Djibouti,DJI,113.0,2003.0,Movement for Democratic Renewal and Development / Party for Democratic Renewal,MRDD / PRD,,,,,,,,
Djibouti,DJI,113.0,2013.0,Movement for Democratic Renewal and Development / Party for Democratic Renewal,MRDD / PRD,,,,,,,,
Djibouti,DJI,113.0,1997.0,Front for the Restoration of Unity and Democracy,FRUD,,16.9,11.0,65.0,1.0,-0.301,0.406,1.0
Djibouti,DJI,113.0,2003.0,Front for the Restoration of Unity and Democracy,FRUD,,,,,,,,
Djibouti,DJI,113.0,2008.0,Front for the Restoration of Unity and Democracy,FRUD,,,,,,,,
Djibouti,DJI,113.0,2013.0,Front for the Restoration of Unity and Democracy,FRUD,,,,,,,,
Djibouti,DJI,113.0,2018.0,Front for the Restoration of Unity and Democracy,FRUD,,,,,,,,
Djibouti,DJI,113.0,2003.0,Republican Alliance for Democracy,ARD,,,,,,,,
Djibouti,DJI,113.0,2013.0,Republican Alliance for Democracy,ARD,,,,,,,,
Djibouti,DJI,113.0,2003.0,Djibouti Party for Development,PDD,,,,,,,,
Djibouti,DJI,113.0,2013.0,Djibouti Party for Development,PDD,,,,,,,,
Djibouti,DJI,113.0,2018.0,Djibouti Party for Development,PDD,,,,,,,,
Djibouti,DJI,113.0,2003.0,Djibouti Union for Democracy and Justice,UDDJ,,,,,,,,
Djibouti,DJI,113.0,2013.0,Djibouti Union for Democracy and Justice,UDDJ,,,,,,,,
Djibouti,DJI,113.0,2018.0,Djibouti Union for Democracy and Justice,UDDJ,,,,,,,,
Djibouti,DJI,113.0,2003.0,Union for the Presidential Majority,UMP,62.7,100.0,65.0,65.0,0.0,-0.274,0.146,0.0
Djibouti,DJI,113.0,2008.0,Union for the Presidential Majority,UMP,94.1,100.0,65.0,65.0,0.0,-0.274,0.146,0.0
Djibouti,DJI,113.0,2013.0,Union for the Presidential Majority,UMP,61.5,84.6,55.0,65.0,0.0,-0.288,0.165,0.0
Djibouti,DJI,113.0,2018.0,Union for the Presidential Majority,UMP,87.8,87.7,57.0,65.0,0.0,-0.305,0.143,0.0
Djibouti,DJI,113.0,2003.0,Social Democratic People's Party,PSD,,,,,,,,
Djibouti,DJI,113.0,2008.0,Social Democratic People's Party,PSD,,,,,,,,
Djibouti,DJI,113.0,2013.0,Social Democratic People's Party,PSD,,,,,,,,
Djibouti,DJI,113.0,2018.0,Social Democratic People's Party,PSD,,,,,,,,
Djibouti,DJI,113.0,2003.0,Union of Reform Partisans,UPR,,,,,,,,
Djibouti,DJI,113.0,2008.0,Union of Reform Partisans,UPR,,,,,,,,
Djibouti,DJI,113.0,2013.0,Union of Reform Partisans,UPR,,,,,,,,
Djibouti,DJI,113.0,2018.0,Union of Reform Partisans,UPR,,,,,,,,
Djibouti,DJI,113.0,1997.0,alliance: People's Rally for Progress-Front for the Restoration of Unity and Democracy,People's Ral...,78.6,,,,,,,
Djibouti,DJI,113.0,2003.0,alliance: Union for a Democratic Change,Union for a ...,37.3,0.0,0.0,65.0,3.0,-0.497,0.649,2.0
Djibouti,DJI,113.0,2013.0,alliance: USN,USN,35.7,15.4,10.0,65.0,3.0,-1.474,0.617,2.0
Djibouti,DJI,113.0,2018.0,alliance: UDJ–PDD,UDJ–PDD,10.9,10.8,7.0,65.0,3.0,0.466,0.559,1.0
Dominican Republic,DOM,114.0,1986.0,Social Christian Reformist Party,PRSC,41.6,46.7,56.0,120.0,0.0,1.881,0.184,2.0
Dominican Republic,DOM,114.0,1990.0,Social Christian Reformist Party,PRSC,34.6,34.2,41.0,120.0,0.0,1.881,0.099,0.0
Dominican Republic,DOM,114.0,1994.0,Social Christian Reformist Party,PRSC,39.7,41.7,50.0,120.0,0.0,1.927,0.071,0.0
Dominican Republic,DOM,114.0,1998.0,Social Christian Reformist Party,PRSC,16.8,11.4,17.0,149.0,1.0,1.927,0.144,0.0
Dominican Republic,DOM,114.0,2002.0,Social Christian Reformist Party,PRSC,24.3,24.0,36.0,150.0,3.0,2.064,0.186,0.0
Dominican Republic,DOM,114.0,2006.0,Social Christian Reformist Party,PRSC,10.9,12.4,22.0,178.0,1.0,2.064,0.2,0.0
Dominican Republic,DOM,114.0,2010.0,Social Christian Reformist Party,PRSC,6.2,6.0,11.0,183.0,1.0,2.216,0.189,0.0
Dominican Republic,DOM,114.0,2016.0,Social Christian Reformist Party,PRSC,9.2,9.5,18.0,190.0,3.0,2.216,0.143,0.0
Dominican Republic,DOM,114.0,1982.0,Dominican Liberation Party,PLD,9.7,5.8,7.0,120.0,3.0,-0.616,0.64,0.0
Dominican Republic,DOM,114.0,1986.0,Dominican Liberation Party,PLD,18.4,13.3,16.0,120.0,3.0,-0.49,0.655,0.0
Dominican Republic,DOM,114.0,1990.0,Dominican Liberation Party,PLD,32.7,36.7,44.0,120.0,3.0,-0.552,0.625,0.0
Dominican Republic,DOM,114.0,1994.0,Dominican Liberation Party,PLD,16.1,10.8,13.0,120.0,3.0,-0.415,0.439,0.0
Dominican Republic,DOM,114.0,1998.0,Dominican Liberation Party,PLD,30.8,32.9,49.0,149.0,0.0,0.579,0.176,0.0
Dominican Republic,DOM,114.0,2002.0,Dominican Liberation Party,PLD,29.1,27.3,41.0,150.0,3.0,0.579,0.2,0.0
Dominican Republic,DOM,114.0,2006.0,Dominican Liberation Party,PLD,46.4,53.9,96.0,178.0,0.0,0.935,0.186,0.0
Dominican Republic,DOM,114.0,2010.0,Dominican Liberation Party,PLD,41.7,50.8,93.0,183.0,0.0,1.044,0.129,0.0
Dominican Republic,DOM,114.0,2016.0,Dominican Liberation Party,PLD,41.8,55.8,106.0,190.0,0.0,1.166,0.133,0.0
Dominican Republic,DOM,114.0,1982.0,Dominican Revolutionary Party,PRD,45.7,51.7,62.0,120.0,0.0,-0.483,0.508,0.0
Dominican Republic,DOM,114.0,1986.0,Dominican Revolutionary Party,PRD,39.2,40.0,48.0,120.0,3.0,-0.364,0.415,0.0
Dominican Republic,DOM,114.0,1990.0,Dominican Revolutionary Party,PRD,23.4,27.5,33.0,120.0,3.0,-0.422,0.51,0.0
Dominican Republic,DOM,114.0,1994.0,Dominican Revolutionary Party,PRD,42.7,47.5,57.0,120.0,3.0,-0.111,0.4,0.0
Dominican Republic,DOM,114.0,1998.0,Dominican Revolutionary Party,PRD,51.3,55.7,83.0,149.0,3.0,0.005,0.342,0.0
Dominican Republic,DOM,114.0,2002.0,Dominican Revolutionary Party,PRD,41.9,48.7,73.0,150.0,0.0,0.323,0.35,0.0
Dominican Republic,DOM,114.0,2006.0,Dominican Revolutionary Party,PRD,31.1,33.7,60.0,178.0,3.0,0.323,0.335,0.0
Dominican Republic,DOM,114.0,2010.0,Dominican Revolutionary Party,PRD,38.4,39.9,73.0,183.0,3.0,0.515,0.334,0.0
Dominican Republic,DOM,114.0,2016.0,Dominican Revolutionary Party,PRD,7.8,8.4,16.0,190.0,1.0,0.788,0.253,0.0
Dominican Republic,DOM,114.0,1990.0,Independent Revolutionary Party,PRI,7.3,1.7,2.0,120.0,3.0,0.604,0.271,1.0
Dominican Republic,DOM,114.0,1982.0,Reformist Party,PR,36.4,41.7,50.0,120.0,3.0,1.862,0.146,0.0
Dominican Republic,DOM,114.0,2016.0,Modern Revolutionary Party,PRM,20.4,22.1,42.0,190.0,3.0,0.225,0.331,1.0
Eritrea,ERI,115.0,1992.0,People's Front for Democracy and Justice,PFDJ,,100.0,150.0,150.0,0.0,-2.981,0.681,1.0
Eritrea,ERI,115.0,1997.0,People's Front for Democracy and Justice,PFDJ,,,,,0.0,-2.988,0.67,1.0
Eritrea,ERI,115.0,2002.0,People's Front for Democracy and Justice,PFDJ,,,,,0.0,-3.23,0.666,1.0
Eritrea,ERI,115.0,2007.0,People's Front for Democracy and Justice,PFDJ,,,,,0.0,-3.23,0.666,1.0
Eritrea,ERI,115.0,2012.0,People's Front for Democracy and Justice,PFDJ,,,,,0.0,-3.23,0.666,1.0
Eritrea,ERI,115.0,2017.0,People's Front for Democracy and Justice,PFDJ,,,,,0.0,-3.232,0.662,1.0
Gabon,GAB,116.0,2018.0,independent,indep,,5.6,8.0,143.0,,,,
Gabon,GAB,116.0,1980.0,Gabonese Democratic Bloc / Gabonese Democratic Party,BDG / PDG,100.0,100.0,84.0,84.0,0.0,-0.596,0.294,0.0
Gabon,GAB,116.0,1985.0,Gabonese Democratic Bloc / Gabonese Democratic Party,BDG / PDG,100.0,100.0,120.0,120.0,0.0,-0.596,0.294,0.0
Gabon,GAB,116.0,1990.0,Gabonese Democratic Bloc / Gabonese Democratic Party,BDG / PDG,,58.9,63.0,107.0,0.0,-1.346,0.294,0.0
Gabon,GAB,116.0,1996.0,Gabonese Democratic Bloc / Gabonese Democratic Party,BDG / PDG,,73.7,84.0,114.0,0.0,-1.346,0.294,0.0
Gabon,GAB,116.0,2001.0,Gabonese Democratic Bloc / Gabonese Democratic Party,BDG / PDG,,72.3,86.0,119.0,0.0,-0.595,0.294,0.0
Gabon,GAB,116.0,2006.0,Gabonese Democratic Bloc / Gabonese Democratic Party,BDG / PDG,,68.3,82.0,120.0,0.0,-0.595,0.31,0.0
Gabon,GAB,116.0,2011.0,Gabonese Democratic Bloc / Gabonese Democratic Party,BDG / PDG,,95.0,114.0,120.0,0.0,-0.129,0.31,0.0
Gabon,GAB,116.0,2018.0,Gabonese Democratic Bloc / Gabonese Democratic Party,BDG / PDG,,68.5,98.0,143.0,0.0,-0.129,0.467,0.0
Gabon,GAB,116.0,1990.0,Gabonese Progress Party,PGP,,16.8,18.0,107.0,1.0,-0.734,0.532,0.0
Gabon,GAB,116.0,1996.0,Gabonese Progress Party,PGP,,5.3,6.0,114.0,1.0,-0.196,0.532,0.0
Gabon,GAB,116.0,1990.0,National Regeneration Movement,MORENA,,18.7,20.0,107.0,1.0,-0.735,0.375,0.0
Gabon,GAB,116.0,2006.0,Union of the Gabonese People,UPG,,6.7,8.0,120.0,1.0,0.09,0.399,0.0
Gabon,GAB,116.0,1996.0,National Woodcutters (Lumberjacks) Rally – Rally for Gabon,RNB–RPG,,6.1,7.0,114.0,1.0,-0.958,0.376,0.0
Gabon,GAB,116.0,2001.0,National Woodcutters (Lumberjacks) Rally – Rally for Gabon,RNB–RPG,,6.7,8.0,119.0,1.0,0.151,0.376,0.0
Gabon,GAB,116.0,2006.0,National Woodcutters (Lumberjacks) Rally – Rally for Gabon,RNB–RPG,,6.7,8.0,120.0,1.0,0.151,0.386,0.0
Gabon,GAB,116.0,2018.0,The Democrats,LD,,7.7,11.0,143.0,1.0,-1.027,0.642,0.0
The Gambia,GMB,117.0,2012.0,independent,indep,38.8,8.3,4.0,48.0,,,,
The Gambia,GMB,117.0,1997.0,United Democratic Party,UDP,34.0,15.9,7.0,44.0,3.0,0.345,0.137,0.0
The Gambia,GMB,117.0,2007.0,United Democratic Party,UDP,21.9,8.3,4.0,48.0,3.0,0.3,0.16,0.0
The Gambia,GMB,117.0,2017.0,United Democratic Party,UDP,37.0,53.4,31.0,58.0,1.0,0.333,0.158,0.0
The Gambia,GMB,117.0,1997.0,Alliance for Patriotic Reorientation and Construction,APRC,52.1,75.0,33.0,44.0,0.0,0.768,0.337,0.0
The Gambia,GMB,117.0,2002.0,Alliance for Patriotic Reorientation and Construction,APRC,79.0,93.8,45.0,48.0,0.0,0.768,0.337,0.0
The Gambia,GMB,117.0,2007.0,Alliance for Patriotic Reorientation and Construction,APRC,59.8,87.5,42.0,48.0,0.0,0.608,0.335,0.0
The Gambia,GMB,117.0,2012.0,Alliance for Patriotic Reorientation and Construction,APRC,51.8,89.6,43.0,48.0,0.0,0.608,0.328,0.0
The Gambia,GMB,117.0,2017.0,Alliance for Patriotic Reorientation and Construction,APRC,16.0,8.6,5.0,58.0,3.0,0.794,0.325,0.0
The Gambia,GMB,117.0,2002.0,National Reconciliation Party,NRP,6.0,2.1,1.0,48.0,3.0,0.242,0.296,0.0
The Gambia,GMB,117.0,2007.0,National Reconciliation Party,NRP,,,,,3.0,0.242,0.296,0.0
The Gambia,GMB,117.0,2012.0,National Reconciliation Party,NRP,9.4,2.1,1.0,48.0,3.0,0.242,0.296,0.0
The Gambia,GMB,117.0,2017.0,National Reconciliation Party,NRP,6.3,8.6,5.0,58.0,1.0,0.242,0.296,0.0
The Gambia,GMB,117.0,2002.0,People's Democratic Organisation for Independence and Socialism,PDOIS,15.0,4.2,2.0,48.0,3.0,-2.645,0.352,0.0
The Gambia,GMB,117.0,2007.0,People's Democratic Organisation for Independence and Socialism,PDOIS,,,,,3.0,-2.645,0.352,0.0
The Gambia,GMB,117.0,2017.0,People's Democratic Organisation for Independence and Socialism,PDOIS,8.0,5.2,3.0,58.0,2.0,-2.352,0.358,0.0
The Gambia,GMB,117.0,1982.0,National Convention Party,NCP,19.7,8.6,3.0,35.0,3.0,0.08,0.155,0.0
The Gambia,GMB,117.0,1987.0,National Convention Party,NCP,27.6,13.9,5.0,36.0,3.0,0.245,0.155,0.0
The Gambia,GMB,117.0,1992.0,National Convention Party,NCP,,16.7,6.0,36.0,3.0,0.233,0.155,0.0
The Gambia,GMB,117.0,1982.0,People's Progressive Party,PPP,61.7,77.1,27.0,35.0,0.0,-0.202,0.109,0.0
The Gambia,GMB,117.0,1987.0,People's Progressive Party,PPP,56.6,86.1,31.0,36.0,0.0,0.138,0.109,0.0
The Gambia,GMB,117.0,1992.0,People's Progressive Party,PPP,,69.4,25.0,36.0,0.0,0.138,0.109,0.0
The Gambia,GMB,117.0,2007.0,People's Progressive Party,PPP,,,,,3.0,0.165,0.105,0.0
The Gambia,GMB,117.0,2017.0,Gambia Democratic Congress,GDC,17.0,8.6,5.0,58.0,3.0,0.221,0.155,0.0
The Gambia,GMB,117.0,2007.0,National Alliance for Democracy and Development,NADD,5.3,2.1,1.0,48.0,,,,
The Gambia,GMB,117.0,1992.0,Gambian People's Party,Gpp,,5.6,2.0,36.0,3.0,0.236,0.188,0.0
Georgia,GEO,118.0,2003.0,Burjanadze - Democrats Bloc,BD,8.8,10.0,15.0,150.0,4.0,0.398,0.542,1.0
Georgia,GEO,118.0,1995.0,Citizens’ Union of Georgia,SMK,25.2,46.0,108.0,235.0,0.0,-0.399,0.13,1.0
Georgia,GEO,118.0,1999.0,Citizens’ Union of Georgia,SMK,41.8,51.5,121.0,235.0,0.0,-0.198,0.13,0.0
Georgia,GEO,118.0,1992.0,Democratic Party,DP,6.3,4.4,10.0,225.0,2.0,-0.019,0.528,1.0
Georgia,GEO,118.0,2003.0,Election Bloc ’For a New Georgia’,AS,21.3,25.3,38.0,150.0,2.0,-0.316,0.336,2.0
Georgia,GEO,118.0,1992.0,Bloc 11th October,B-11-O,10.7,8.4,19.0,225.0,3.0,-0.015,0.348,1.0
Georgia,GEO,118.0,1992.0,Bloc Peace,B-P,20.4,15.6,35.0,225.0,0.0,-0.108,0.412,1.0
Georgia,GEO,118.0,2003.0,Georgian Labour Party,SLP,12.0,13.3,20.0,150.0,3.0,-1.497,0.916,0.0
Georgia,GEO,118.0,2004.0,Georgian Labour Party,SLP,6.1,0.0,0.0,150.0,3.0,-1.496,0.915,0.0
Georgia,GEO,118.0,2008.0,Georgian Labour Party,SLP,7.4,4.0,6.0,150.0,3.0,-1.772,0.93,0.0
Georgia,GEO,118.0,1999.0,Industry will save Georgia,MGS,7.1,6.0,14.0,235.0,1.0,1.858,0.23,1.0
Georgia,GEO,118.0,1992.0,National Democratic Party of Georgia,NDPG,8.2,6.2,14.0,225.0,3.0,0.901,0.399,1.0
Georgia,GEO,118.0,1995.0,National Democratic Party of Georgia,NDPG,8.4,14.5,34.0,235.0,3.0,0.594,0.477,0.0
Georgia,GEO,118.0,2003.0,New Rights,AM,7.3,8.0,12.0,150.0,2.0,1.41,0.38,1.0
Georgia,GEO,118.0,2008.0,New Rights,AM,,,,,,,,
Georgia,GEO,118.0,1995.0,Union for the Democratic Revival,DAP,7.3,13.2,31.0,235.0,1.0,-0.226,0.276,1.0
Georgia,GEO,118.0,1999.0,Union for the Democratic Revival,DAP,25.2,24.7,58.0,235.0,1.0,-0.229,0.34,0.0
Georgia,GEO,118.0,2003.0,Union for the Democratic Revival,DAP,18.8,22.0,33.0,150.0,1.0,-0.216,0.4,0.0
Georgia,GEO,118.0,1992.0,Union of Georgian Traditionalists,KTK,4.9,3.6,8.0,225.0,3.0,1.019,0.403,0.0
Georgia,GEO,118.0,2003.0,United National Movement,ENM,18.1,21.3,32.0,150.0,3.0,0.928,0.913,1.0
Georgia,GEO,118.0,2004.0,United National Movement,ENM,67.8,90.0,135.0,150.0,0.0,1.742,0.748,0.0
Georgia,GEO,118.0,2008.0,United National Movement,ENM,58.5,79.3,119.0,150.0,0.0,1.749,0.556,0.0
Georgia,GEO,118.0,2012.0,United National Movement,ENM,40.3,43.3,65.0,150.0,3.0,1.036,0.593,0.0
Georgia,GEO,118.0,2016.0,United National Movement,ENM,27.1,18.1,27.0,149.0,3.0,1.044,0.77,0.0
Georgia,GEO,118.0,1992.0,Unity Bloc,BE,7.4,6.7,15.0,225.0,3.0,-0.06,0.389,1.0
Georgia,GEO,118.0,2008.0,Christian Democratic Movement,KDM,8.6,4.0,6.0,150.0,3.0,0.826,0.458,1.0
Georgia,GEO,118.0,1992.0,independent,indep,,26.7,60.0,225.0,,,,
Georgia,GEO,118.0,1995.0,independent,indep,,12.3,29.0,235.0,,,,
Georgia,GEO,118.0,2012.0,Georgian Dream – Democratic Georgia,GD,55.0,56.7,85.0,150.0,0.0,-0.818,0.568,1.0
Georgia,GEO,118.0,2016.0,Georgian Dream – Democratic Georgia,GD,48.7,77.2,115.0,149.0,0.0,-0.362,0.31,0.0
Georgia,GEO,118.0,1990.0,Communist Party of Georgia,SKP,29.6,25.6,64.0,250.0,,,,
Georgia,GEO,118.0,1990.0,Round Table - Free Georgia,MM,54.0,62.0,155.0,250.0,,,,
Georgia,GEO,118.0,2016.0,Alliance of Patriots of Georgia,APG,5.0,4.0,6.0,149.0,3.0,-0.085,0.828,0.0
Georgia,GEO,118.0,2004.0,Rightist Opposition,MO,7.7,10.0,15.0,150.0,3.0,1.727,0.433,1.0
Georgia,GEO,118.0,2008.0,National Forum,EP,,,,,,,,
Georgia,GEO,118.0,2008.0,alliance: United Opposition (National Council/Rights),United Oppos...,17.5,11.3,17.0,150.0,3.0,0.071,0.795,1.0
Guinea-Bissau,GNB,119.0,1994.0,Resistance of Guinea-Bissau-Bafatá Movement,RGB,19.2,19.0,19.0,100.0,3.0,0.098,0.601,1.0
Guinea-Bissau,GNB,119.0,1999.0,Resistance of Guinea-Bissau-Bafatá Movement,RGB,,26.7,28.0,105.0,3.0,0.098,0.601,0.0
Guinea-Bissau,GNB,119.0,1994.0,Social Renewal Party,PRS,10.3,12.0,12.0,100.0,3.0,-1.045,0.606,1.0
Guinea-Bissau,GNB,119.0,1999.0,Social Renewal Party,PRS,,36.2,38.0,105.0,0.0,-1.045,0.606,0.0
Guinea-Bissau,GNB,119.0,2004.0,Social Renewal Party,PRS,24.8,35.0,35.0,100.0,3.0,-1.045,0.606,1.0
Guinea-Bissau,GNB,119.0,2008.0,Social Renewal Party,PRS,25.3,28.0,28.0,100.0,3.0,-1.045,0.606,0.0
Guinea-Bissau,GNB,119.0,2014.0,Social Renewal Party,PRS,30.8,40.2,41.0,102.0,3.0,-1.045,0.606,0.0
Guinea-Bissau,GNB,119.0,2019.0,Social Renewal Party,PRS,21.1,20.6,21.0,102.0,3.0,-1.045,0.606,0.0
Guinea-Bissau,GNB,119.0,1980.0,African Party for the Independence of Guinea and Cape Verde,PAIGC,,,,,0.0,-0.729,0.418,0.0
Guinea-Bissau,GNB,119.0,1984.0,African Party for the Independence of Guinea and Cape Verde,PAIGC,,100.0,150.0,150.0,0.0,-0.729,0.418,0.0
Guinea-Bissau,GNB,119.0,1989.0,African Party for the Independence of Guinea and Cape Verde,PAIGC,,100.0,150.0,150.0,0.0,-0.729,0.26,0.0
Guinea-Bissau,GNB,119.0,1994.0,African Party for the Independence of Guinea and Cape Verde,PAIGC,46.0,62.0,62.0,100.0,0.0,-0.729,0.418,0.0
Guinea-Bissau,GNB,119.0,1999.0,African Party for the Independence of Guinea and Cape Verde,PAIGC,,22.9,24.0,105.0,3.0,-0.729,0.418,0.0
Guinea-Bissau,GNB,119.0,2004.0,African Party for the Independence of Guinea and Cape Verde,PAIGC,31.5,45.0,45.0,100.0,0.0,-0.729,0.418,0.0
Guinea-Bissau,GNB,119.0,2008.0,African Party for the Independence of Guinea and Cape Verde,PAIGC,49.8,67.0,67.0,100.0,0.0,-0.729,0.418,0.0
Guinea-Bissau,GNB,119.0,2014.0,African Party for the Independence of Guinea and Cape Verde,PAIGC,48.0,55.9,57.0,102.0,0.0,-0.729,0.418,0.0
Guinea-Bissau,GNB,119.0,2019.0,African Party for the Independence of Guinea and Cape Verde,PAIGC,35.2,46.1,47.0,102.0,0.0,-0.729,0.418,0.0
Guinea-Bissau,GNB,119.0,2004.0,United Social Democratic Party,PUSD,16.1,17.0,17.0,100.0,3.0,1.775,0.594,1.0
Guinea-Bissau,GNB,119.0,2008.0,Republican Party for Independence and Development,PRID,7.5,3.0,3.0,100.0,3.0,1.771,0.589,1.0
Guinea-Bissau,GNB,119.0,1994.0,Union for Change,UM,12.8,6.0,6.0,100.0,3.0,1.802,0.477,1.0
Guinea-Bissau,GNB,119.0,2019.0,Assembly of the People United–Democratic Party of Guinea-Bissau,APU-PDGB,8.5,4.9,5.0,102.0,3.0,-0.566,0.504,1.0
Guinea-Bissau,GNB,119.0,2019.0,Madem G15,Madem,21.1,26.5,27.0,102.0,3.0,1.806,0.541,1.0
Guinea-Bissau,GNB,119.0,1994.0,Democratic Front,FD,,,,,,,,
Guinea-Bissau,GNB,119.0,1994.0,Democratic Party of Progress,PDP,,,,,,,,
Guinea-Bissau,GNB,119.0,1994.0,Democratic Social Front,FDS,,,,,,,,
Guinea-Bissau,GNB,119.0,1994.0,Guinean League for Ecological Protection,LIPE,,,,,,,,
Guinea-Bissau,GNB,119.0,1994.0,Party for Renewal and Development,PRD,,,,,,,,
Guinea-Bissau,GNB,119.0,1994.0,Unity Movement for Democracy,MUD,,,,,,,,
Jamaica,JAM,120.0,1980.0,Jamaica Labour Party,JLP,57.6,86.7,52.0,60.0,0.0,1.919,0.14,0.0
Jamaica,JAM,120.0,1983.0,Jamaica Labour Party,JLP,100.0,100.0,60.0,60.0,0.0,1.352,0.225,0.0
Jamaica,JAM,120.0,1989.0,Jamaica Labour Party,JLP,44.1,26.7,16.0,60.0,3.0,1.352,0.225,0.0
Jamaica,JAM,120.0,1993.0,Jamaica Labour Party,JLP,39.4,13.3,8.0,60.0,3.0,1.352,0.218,0.0
Jamaica,JAM,120.0,1997.0,Jamaica Labour Party,JLP,40.0,16.7,10.0,60.0,3.0,1.352,0.218,0.0
Jamaica,JAM,120.0,2002.0,Jamaica Labour Party,JLP,47.0,43.3,26.0,60.0,3.0,0.982,0.215,0.0
Jamaica,JAM,120.0,2007.0,Jamaica Labour Party,JLP,50.1,53.3,32.0,60.0,0.0,0.982,0.224,0.0
Jamaica,JAM,120.0,2011.0,Jamaica Labour Party,JLP,46.3,33.3,21.0,63.0,3.0,0.982,0.234,0.0
Jamaica,JAM,120.0,2016.0,Jamaica Labour Party,JLP,50.1,50.8,32.0,63.0,0.0,0.982,0.298,0.0
Jamaica,JAM,120.0,1980.0,People's National Party,PNP,42.3,13.3,8.0,60.0,3.0,0.8,0.571,0.0
Jamaica,JAM,120.0,1989.0,People's National Party,PNP,55.8,73.3,44.0,60.0,0.0,0.551,0.568,0.0
Jamaica,JAM,120.0,1993.0,People's National Party,PNP,60.6,86.7,52.0,60.0,0.0,0.551,0.452,0.0
Jamaica,JAM,120.0,1997.0,People's National Party,PNP,55.0,83.3,50.0,60.0,0.0,0.551,0.254,0.0
Jamaica,JAM,120.0,2002.0,People's National Party,PNP,52.4,56.7,34.0,60.0,0.0,0.265,0.254,0.0
Jamaica,JAM,120.0,2007.0,People's National Party,PNP,49.8,46.7,28.0,60.0,3.0,0.433,0.254,0.0
Jamaica,JAM,120.0,2011.0,People's National Party,PNP,53.0,66.7,42.0,63.0,0.0,0.425,0.25,0.0
Jamaica,JAM,120.0,2016.0,People's National Party,PNP,49.7,49.2,31.0,63.0,3.0,-0.003,0.317,0.0
Kazakhstan,KAZ,121.0,1994.0,independent,indep,,36.2,64.0,177.0,,,,
Kazakhstan,KAZ,121.0,1995.0,independent,indep,,10.4,7.0,67.0,,,,
Kazakhstan,KAZ,121.0,1999.0,independent,indep,,29.9,23.0,77.0,,,,
Kazakhstan,KAZ,121.0,2004.0,Democratic Party of Kazakhstan Bright Path,Ak Zhol,12.0,1.3,1.0,77.0,3.0,0.704,0.288,1.0
Kazakhstan,KAZ,121.0,2012.0,Democratic Party of Kazakhstan Bright Path,Ak Zhol,7.5,8.2,8.0,98.0,2.0,0.452,0.162,0.0
Kazakhstan,KAZ,121.0,2016.0,Democratic Party of Kazakhstan Bright Path,Ak Zhol,7.2,7.1,7.0,98.0,2.0,0.452,0.162,0.0
Kazakhstan,KAZ,121.0,1999.0,Nur Otan,NO,30.9,29.9,23.0,77.0,0.0,0.091,0.145,1.0
Kazakhstan,KAZ,121.0,2004.0,Nur Otan,NO,60.6,54.5,42.0,77.0,0.0,0.091,0.149,2.0
Kazakhstan,KAZ,121.0,2007.0,Nur Otan,NO,88.4,100.0,98.0,98.0,0.0,-0.172,0.149,0.0
Kazakhstan,KAZ,121.0,2012.0,Nur Otan,NO,81.0,84.7,83.0,98.0,0.0,0.1,0.149,0.0
Kazakhstan,KAZ,121.0,2016.0,Nur Otan,NO,82.2,85.7,84.0,98.0,0.0,0.1,0.049,0.0
Kazakhstan,KAZ,121.0,2012.0,Communist People’s Party of Kazakhstan,QKXP,7.2,7.1,7.0,98.0,2.0,-2.067,0.267,2.0
Kazakhstan,KAZ,121.0,2016.0,Communist People’s Party of Kazakhstan,QKXP,7.1,7.1,7.0,98.0,2.0,-2.067,0.277,0.0
Kazakhstan,KAZ,121.0,1990.0,Communist Party of Kazakhstan,QKP,,95.0,342.0,360.0,,,,
Kazakhstan,KAZ,121.0,1999.0,Communist Party of Kazakhstan,QKP,17.7,3.9,3.0,77.0,3.0,-3.359,0.574,0.0
Kazakhstan,KAZ,121.0,1995.0,Democratic Party,DP,,17.9,12.0,67.0,1.0,0.445,0.213,1.0
Kazakhstan,KAZ,121.0,1999.0,Civic Party of Kazakhstan,QAP,11.2,16.9,13.0,77.0,2.0,0.309,0.27,1.0
Kazakhstan,KAZ,121.0,1999.0,Agrarian Party of Kazakhstan,APW,12.6,3.9,3.0,77.0,1.0,-0.292,0.142,1.0
Kazakhstan,KAZ,121.0,2004.0,Agrarian Party of Kazakhstan,APW,7.1,14.3,11.0,77.0,2.0,-0.292,0.142,0.0
Kazakhstan,KAZ,121.0,1994.0,People's Union of Kazakhstan Unity,PUP,,18.6,33.0,177.0,0.0,0.133,0.15,1.0
Kazakhstan,KAZ,121.0,1995.0,People's Union of Kazakhstan Unity,PUP,,37.3,25.0,67.0,0.0,0.133,0.15,0.0
Kazakhstan,KAZ,121.0,2004.0,All Together,Asar,11.4,5.2,4.0,77.0,2.0,0.652,0.107,1.0
Kazakhstan,KAZ,121.0,1994.0,Federation of Trade Unions of the Republic of Kazakhstan,KonPK,,6.2,11.0,177.0,3.0,-0.665,0.217,1.0
Kazakhstan,KAZ,121.0,1995.0,Federation of Trade Unions of the Republic of Kazakhstan,KonPK,,7.5,5.0,67.0,3.0,-0.665,0.217,0.0
Kazakhstan,KAZ,121.0,1994.0,Peoples' Congress of Kazakhstan,PCP,,5.1,9.0,177.0,3.0,-0.313,0.217,1.0
Kazakhstan,KAZ,121.0,1994.0,Socialist Party of Kazakhstan,SPK,,4.5,8.0,177.0,3.0,-2.071,0.422,1.0
Kazakhstan,KAZ,121.0,1995.0,Peasants Union of Kazakhstan,KSK,,10.4,7.0,67.0,3.0,-0.264,0.2,2.0
Kazakhstan,KAZ,121.0,1999.0,technical: Against all,tech,7.1,0.0,0.0,77.0,,,,
Kyrgyzstan,KGZ,122.0,1995.0,independent,indep,,63.8,67.0,105.0,,,,
Kyrgyzstan,KGZ,122.0,2000.0,independent,indep,,69.5,73.0,105.0,,,,
Kyrgyzstan,KGZ,122.0,1995.0,Social Democratic Party Kyrgystan,SDPK,,13.3,14.0,105.0,3.0,-0.929,0.666,1.0
Kyrgyzstan,KGZ,122.0,2007.0,Social Democratic Party Kyrgystan,SDPK,5.1,12.2,11.0,90.0,3.0,-0.901,0.761,0.0
Kyrgyzstan,KGZ,122.0,2010.0,Social Democratic Party Kyrgystan,SDPK,14.2,21.7,26.0,120.0,0.0,-0.499,0.564,0.0
Kyrgyzstan,KGZ,122.0,2015.0,Social Democratic Party Kyrgystan,SDPK,27.6,31.7,38.0,120.0,0.0,-0.128,0.164,0.0
Kyrgyzstan,KGZ,122.0,2000.0,Socialist Party 'Fatherland',AM,6.9,1.0,1.0,105.0,3.0,-1.304,0.795,1.0
Kyrgyzstan,KGZ,122.0,2010.0,Socialist Party 'Fatherland',AM,10.0,15.0,18.0,120.0,1.0,-1.274,0.712,0.0
Kyrgyzstan,KGZ,122.0,2015.0,Socialist Party 'Fatherland',AM,7.1,9.2,11.0,120.0,1.0,-1.274,0.847,0.0
Kyrgyzstan,KGZ,122.0,2010.0,Respublika,R,12.6,19.2,23.0,120.0,1.0,2.145,0.147,1.0
Kyrgyzstan,KGZ,122.0,2010.0,Ata Zhurt / Fatherland,AZ,15.4,23.3,28.0,120.0,1.0,0.881,0.432,1.0
Kyrgyzstan,KGZ,122.0,2007.0,White Path,AJ,46.9,78.9,71.0,90.0,0.0,0.487,0.029,1.0
Kyrgyzstan,KGZ,122.0,1990.0,Party of Communists of Kyrgyzstan,PKK,,100.0,350.0,350.0,,,,
Kyrgyzstan,KGZ,122.0,2000.0,Party of Communists of Kyrgyzstan,PKK,29.3,5.7,6.0,105.0,2.0,-1.826,0.499,0.0
Kyrgyzstan,KGZ,122.0,2007.0,Party of Communists of Kyrgyzstan,PKK,5.1,8.9,8.0,90.0,2.0,-1.819,0.426,0.0
Kyrgyzstan,KGZ,122.0,2000.0,Union of Democratic Forces,SDS,19.8,11.4,12.0,105.0,2.0,0.328,0.337,1.0
Kyrgyzstan,KGZ,122.0,2000.0,My Country Party of Action,MS,5.3,3.8,4.0,105.0,2.0,1.792,0.274,1.0
Kyrgyzstan,KGZ,122.0,2010.0,Dignity,AN,13.8,20.8,25.0,120.0,1.0,1.198,0.384,0.0
Kyrgyzstan,KGZ,122.0,2005.0,Forward Kyrgyzstan,AK,,86.7,65.0,75.0,0.0,0.046,0.106,1.0
Kyrgyzstan,KGZ,122.0,2000.0,Democratic Women's Party of Kyrgyzstan,DPZh,13.4,1.0,1.0,105.0,2.0,0.608,0.405,1.0
Kyrgyzstan,KGZ,122.0,2000.0,Political Party of Afghan War Veterans,PPVVA,8.5,1.9,2.0,105.0,2.0,-0.119,0.335,1.0
Kyrgyzstan,KGZ,122.0,2010.0,United Kyrgyzstan,BK,8.4,0.0,0.0,120.0,3.0,-0.226,0.8,1.0
Kyrgyzstan,KGZ,122.0,2015.0,Respublika–Ata Zhurt,RAZ,20.3,23.3,28.0,120.0,3.0,0.761,0.385,1.0
Kyrgyzstan,KGZ,122.0,2015.0,Kyrgyzstan Party,KP,13.1,15.0,18.0,120.0,1.0,0.861,0.306,1.0
Kyrgyzstan,KGZ,122.0,2015.0,Önügüü–Progress,OP,9.4,10.8,13.0,120.0,1.0,0.165,0.41,1.0
Kyrgyzstan,KGZ,122.0,2015.0,Bir Bol,BB,8.6,10.0,12.0,120.0,2.0,0.135,0.385,1.0
Laos,LAO,123.0,1989.0,independent,indep,,17.7,14.0,79.0,,,,
Laos,LAO,123.0,2016.0,independent,indep,,3.4,5.0,149.0,,,,
Laos,LAO,123.0,1989.0,Lao People's Revolutionary Party,LPRP,,82.3,65.0,79.0,0.0,-2.718,0.683,0.0
Laos,LAO,123.0,1992.0,Lao People's Revolutionary Party,LPRP,100.0,100.0,85.0,85.0,0.0,-1.879,0.628,0.0
Laos,LAO,123.0,1997.0,Lao People's Revolutionary Party,LPRP,100.0,100.0,85.0,85.0,0.0,-1.664,0.476,0.0
Laos,LAO,123.0,2002.0,Lao People's Revolutionary Party,LPRP,100.0,99.1,108.0,109.0,0.0,-1.112,0.47,0.0
Laos,LAO,123.0,2006.0,Lao People's Revolutionary Party,LPRP,,98.3,113.0,115.0,0.0,-1.034,0.338,0.0
Laos,LAO,123.0,2011.0,Lao People's Revolutionary Party,LPRP,,97.0,128.0,132.0,0.0,-1.034,0.338,0.0
Laos,LAO,123.0,2016.0,Lao People's Revolutionary Party,LPRP,,96.6,144.0,149.0,0.0,-1.058,0.468,0.0
Libya,LBY,124.0,2012.0,independent,indep,,60.0,120.0,200.0,,,,
Libya,LBY,124.0,2014.0,independent,indep,,100.0,200.0,200.0,,,,
Libya,LBY,124.0,2012.0,Justice and Construction Party,JCP,10.3,8.5,17.0,200.0,1.0,0.453,0.44,1.0
Libya,LBY,124.0,2012.0,National Forces Alliance,NFC,48.1,19.5,39.0,200.0,1.0,0.612,0.439,1.0
Madagascar,MDG,125.0,2002.0,I Love Madagascar,TIM,34.3,63.8,102.0,160.0,0.0,1.689,0.369,1.0
Madagascar,MDG,125.0,2007.0,I Love Madagascar,TIM,,82.7,105.0,127.0,0.0,1.689,0.369,0.0
Madagascar,MDG,125.0,2013.0,I Love Madagascar,TIM,10.8,13.2,20.0,151.0,3.0,1.689,0.369,0.0
Madagascar,MDG,125.0,2019.0,I Love Madagascar,TIM,10.5,10.6,16.0,151.0,3.0,1.689,0.369,0.0
Madagascar,MDG,125.0,1998.0,independent,indep,26.8,21.3,32.0,150.0,,,,
Madagascar,MDG,125.0,2002.0,independent,indep,,13.8,22.0,160.0,,,,
Madagascar,MDG,125.0,2007.0,independent,indep,,7.9,10.0,127.0,,,,
Madagascar,MDG,125.0,2013.0,independent,indep,50.6,35.1,53.0,151.0,,,,
Madagascar,MDG,125.0,2019.0,independent,indep,54.0,30.5,46.0,151.0,,,,
Madagascar,MDG,125.0,1983.0,Association for the Rebirth of Madagascar,AREMA,65.2,85.8,115.0,134.0,0.0,-1.053,0.498,0.0
Madagascar,MDG,125.0,1989.0,Association for the Rebirth of Madagascar,AREMA,66.9,86.8,118.0,136.0,0.0,-1.026,0.449,0.0
Madagascar,MDG,125.0,1998.0,Association for the Rebirth of Madagascar,AREMA,24.7,42.0,63.0,150.0,0.0,-0.352,0.389,0.0
Madagascar,MDG,125.0,2002.0,Association for the Rebirth of Madagascar,AREMA,4.9,1.9,3.0,160.0,3.0,0.194,0.384,0.0
Madagascar,MDG,125.0,1993.0,Committee of Active Forces,CAF,,34.6,47.0,136.0,0.0,0.418,0.285,1.0
Madagascar,MDG,125.0,1983.0,Congress Party for the Independence of Madagascar,PCIM,8.8,6.0,8.0,134.0,1.0,-1.121,0.47,0.0
Madagascar,MDG,125.0,1989.0,Congress Party for the Independence of Madagascar,PCIM,6.2,2.2,3.0,136.0,1.0,-1.121,0.47,0.0
Madagascar,MDG,125.0,1993.0,Economic Liberalism and Democratic Action for National Recovery,LEADER-Fanilo,,9.6,13.0,136.0,3.0,1.712,0.29,1.0
Madagascar,MDG,125.0,1998.0,Economic Liberalism and Democratic Action for National Recovery,LEADER-Fanilo,13.3,10.7,16.0,150.0,1.0,1.712,0.29,0.0
Madagascar,MDG,125.0,1998.0,Judged By Your Work Party,AVI,6.9,9.3,14.0,150.0,1.0,0.604,0.251,1.0
Madagascar,MDG,125.0,2002.0,Judged By Your Work Party,AVI,,,,,,,,
Madagascar,MDG,125.0,1983.0,Popular Impulse for National Unity,Vonjy,12.4,4.5,6.0,134.0,0.0,-0.689,0.39,0.0
Madagascar,MDG,125.0,1989.0,Popular Impulse for National Unity,Vonjy,6.2,2.9,4.0,136.0,0.0,-0.689,0.393,0.0
Madagascar,MDG,125.0,1983.0,Party for Proletarian Power / Movement for the Progress of Madagascar,MFM/MPP,12.4,2.2,3.0,134.0,3.0,-3.212,0.928,1.0
Madagascar,MDG,125.0,1989.0,Party for Proletarian Power / Movement for the Progress of Madagascar,MFM/MPP,13.3,5.1,7.0,136.0,3.0,-2.176,0.908,0.0
Madagascar,MDG,125.0,1993.0,National Union for Democracy and Development,UNDD,,5.1,7.0,136.0,0.0,0.585,0.323,1.0
Madagascar,MDG,125.0,1993.0,Rally for Socialism and Democracy,RPSD,,5.9,8.0,136.0,2.0,-0.434,0.339,1.0
Madagascar,MDG,125.0,1998.0,Rally for Socialism and Democracy,RPSD,4.8,7.3,11.0,150.0,1.0,-0.434,0.339,0.0
Madagascar,MDG,125.0,2002.0,Rally for Socialism and Democracy,RPSD,,,,,,,,
Madagascar,MDG,125.0,1993.0,Association of United Malagasys,FAMIMA,,8.1,11.0,136.0,3.0,0.244,0.351,1.0
Madagascar,MDG,125.0,1993.0,Fihaonana Party,FP,,5.9,8.0,136.0,3.0,1.124,0.344,1.0
Madagascar,MDG,125.0,2013.0,Political-based groups working together,VPM-MMM,8.2,8.6,13.0,151.0,3.0,0.846,0.193,1.0
Madagascar,MDG,125.0,2019.0,Political-based groups working together,VPM-MMM,,,,,1.0,0.846,0.193,0.0
Madagascar,MDG,125.0,1993.0,Militant Party for the Development of Madagascar,PMDM,,11.0,15.0,136.0,1.0,-1.625,0.464,1.0
Madagascar,MDG,125.0,2013.0,With President Andry Rajoelina,MAPAR / IRD,17.3,32.5,49.0,151.0,3.0,0.684,0.129,1.0
Madagascar,MDG,125.0,2019.0,With President Andry Rajoelina,MAPAR / IRD,33.4,55.6,84.0,151.0,0.0,0.684,0.129,2.0
Madagascar,MDG,125.0,1993.0,alliance: Supporters of President Zafy,Supporters o...,,,,,,,,
Madagascar,MDG,125.0,2002.0,alliance: National Union (FP),National Uni...,8.8,14.4,23.0,160.0,1.0,1.213,0.33,1.0
Moldova,MDA,126.0,2009.0,Party Alliance Our Moldova,AMN,7.4,6.9,7.0,101.0,1.0,0.983,0.323,0.0
Moldova,MDA,126.0,1998.0,Party of Communists of the Republic of Moldova,PCRM,30.0,39.6,40.0,101.0,3.0,-1.581,0.161,0.0
Moldova,MDA,126.0,2001.0,Party of Communists of the Republic of Moldova,PCRM,50.1,70.3,71.0,101.0,0.0,-1.581,0.161,0.0
Moldova,MDA,126.0,2005.0,Party of Communists of the Republic of Moldova,PCRM,46.0,55.4,56.0,101.0,0.0,-1.581,0.161,0.0
Moldova,MDA,126.0,2009.0,Party of Communists of the Republic of Moldova,PCRM,44.7,47.5,48.0,101.0,0.0,-1.581,0.161,0.0
Moldova,MDA,126.0,2010.0,Party of Communists of the Republic of Moldova,PCRM,39.3,41.6,42.0,101.0,3.0,-1.581,0.429,0.0
Moldova,MDA,126.0,2014.0,Party of Communists of the Republic of Moldova,PCRM,17.5,20.8,21.0,101.0,3.0,-1.587,0.429,0.0
Moldova,MDA,126.0,1998.0,Party of Democratic Forces,PFD,8.8,10.9,11.0,101.0,1.0,1.434,0.328,0.0
Moldova,MDA,126.0,1994.0,Agrarian Democratic Party of Moldova,PDAM,43.2,53.8,56.0,104.0,0.0,-0.532,0.16,1.0
Moldova,MDA,126.0,1994.0,Bloc of Peasants and Intellectuals,BTI,9.2,10.6,11.0,104.0,3.0,1.802,0.333,1.0
Moldova,MDA,126.0,1994.0,Christian Democratic People's Party,CDPP,7.5,8.7,9.0,104.0,3.0,1.024,0.336,1.0
Moldova,MDA,126.0,2001.0,Christian Democratic People's Party,CDPP,8.2,10.9,11.0,101.0,3.0,0.983,0.324,0.0
Moldova,MDA,126.0,2005.0,Christian Democratic People's Party,CDPP,9.1,10.9,11.0,101.0,3.0,0.983,0.324,0.0
Moldova,MDA,126.0,2009.0,Democratic Party of Moldova,PDM,12.5,12.9,13.0,101.0,1.0,-0.053,0.368,0.0
Moldova,MDA,126.0,2010.0,Democratic Party of Moldova,PDM,12.7,14.9,15.0,101.0,1.0,-0.053,0.368,0.0
Moldova,MDA,126.0,2014.0,Democratic Party of Moldova,PDM,15.8,18.8,19.0,101.0,1.0,0.483,0.368,0.0
Moldova,MDA,126.0,2019.0,Democratic Party of Moldova,PDM,23.6,29.7,30.0,101.0,3.0,0.417,0.3,0.0
Moldova,MDA,126.0,1998.0,Electoral Bloc Democratic Convention of Moldova,CDM,19.4,25.7,26.0,101.0,1.0,0.981,0.47,1.0
Moldova,MDA,126.0,2005.0,"Electoral Bloc """"Democratic Moldova""""",BMD,28.5,33.7,34.0,101.0,3.0,1.802,0.466,0.0
Moldova,MDA,126.0,1998.0,"Electoral Bloc """"For a Democratic and Prosperous Moldova""""",PMDP,18.2,23.8,24.0,101.0,1.0,-0.389,0.331,1.0
Moldova,MDA,126.0,2001.0,Electoral Block 'Braghis Alliance',BEAB,13.4,18.8,19.0,101.0,3.0,0.584,0.329,1.0
Moldova,MDA,126.0,2009.0,Liberal Democratic Party of Moldova,PLDM,16.6,17.8,18.0,101.0,0.0,0.961,0.296,0.0
Moldova,MDA,126.0,2010.0,Liberal Democratic Party of Moldova,PLDM,29.4,31.7,32.0,101.0,0.0,0.961,0.143,0.0
Moldova,MDA,126.0,2014.0,Liberal Democratic Party of Moldova,PLDM,20.2,22.8,23.0,101.0,0.0,0.513,0.292,0.0
Moldova,MDA,126.0,2009.0,Liberal Party,PL,14.7,14.9,15.0,101.0,1.0,2.087,0.153,2.0
Moldova,MDA,126.0,2010.0,Liberal Party,PL,10.0,11.9,12.0,101.0,1.0,2.087,0.153,0.0
Moldova,MDA,126.0,2014.0,Liberal Party,PL,9.7,12.9,13.0,101.0,1.0,2.087,0.36,0.0
Moldova,MDA,126.0,1994.0,Socialist Party of Moldova,PSM,,,,,,,,
Moldova,MDA,126.0,2014.0,Party of Socialists of the Republic of Moldova,PSRM,20.5,24.8,25.0,101.0,3.0,-1.601,0.577,0.0
Moldova,MDA,126.0,2019.0,Party of Socialists of the Republic of Moldova,PSRM,31.2,34.7,35.0,101.0,1.0,-1.601,0.575,0.0
Moldova,MDA,126.0,2019.0,Republican Socio-Political Movement Equality,MS-PRR,8.3,6.9,7.0,101.0,3.0,-1.598,0.586,2.0
Moldova,MDA,126.0,1990.0,Popular Front of Moldova,FPM,,100.0,380.0,380.0,,,,
Moldova,MDA,126.0,1994.0,Unity Movement for Equality in Rights,MUE,,,,,,,,
Moldova,MDA,126.0,2019.0,Party of Action and Solidarity,PAS,26.8,25.7,26.0,101.0,0.0,0.233,0.627,1.0
Moldova,MDA,126.0,1994.0,alliance: Electoral Bloc of the Socialist Party and the Movement ‘Unity',Electoral Bl...,22.0,26.9,28.0,104.0,3.0,-1.29,0.327,1.0
Namibia,NAM,127.0,1989.0,South West Africa People's Organization,SWAPO,57.3,56.9,41.0,72.0,0.0,-1.815,0.45,0.0
Namibia,NAM,127.0,1994.0,South West Africa People's Organization,SWAPO,73.9,73.6,53.0,72.0,0.0,-0.241,0.102,0.0
Namibia,NAM,127.0,1999.0,South West Africa People's Organization,SWAPO,76.3,76.4,55.0,72.0,0.0,0.041,0.102,0.0
Namibia,NAM,127.0,2004.0,South West Africa People's Organization,SWAPO,76.1,76.4,55.0,72.0,0.0,0.041,0.102,0.0
Namibia,NAM,127.0,2009.0,South West Africa People's Organization,SWAPO,75.3,75.0,54.0,72.0,0.0,0.041,0.102,0.0
Namibia,NAM,127.0,2014.0,South West Africa People's Organization,SWAPO,80.0,80.2,77.0,96.0,0.0,0.041,0.102,0.0
Namibia,NAM,127.0,2019.0,South West Africa People's Organization,SWAPO,,65.5,63.0,104.0,0.0,0.041,0.398,0.0
Namibia,NAM,127.0,1989.0,United Democratic Front,UDF,5.7,5.6,4.0,72.0,1.0,-0.113,0.671,1.0
Namibia,NAM,127.0,1989.0,Democratic Turnhalle Alliance,DTA,28.6,29.2,21.0,72.0,3.0,1.569,0.407,0.0
Namibia,NAM,127.0,1994.0,Democratic Turnhalle Alliance,DTA,20.8,20.8,15.0,72.0,3.0,0.866,0.582,0.0
Namibia,NAM,127.0,1999.0,Democratic Turnhalle Alliance,DTA,9.5,9.7,7.0,72.0,3.0,0.749,0.643,0.0
Namibia,NAM,127.0,2004.0,Democratic Turnhalle Alliance,DTA,5.1,5.6,4.0,72.0,3.0,1.046,0.643,0.0
Namibia,NAM,127.0,2009.0,Democratic Turnhalle Alliance,DTA,3.1,2.8,2.0,72.0,3.0,1.046,0.643,0.0
Namibia,NAM,127.0,2014.0,Democratic Turnhalle Alliance,DTA,4.8,5.2,5.0,96.0,3.0,1.046,0.61,0.0
Namibia,NAM,127.0,2019.0,Democratic Turnhalle Alliance,DTA,,16.7,16.0,104.0,3.0,1.049,0.48,2.0
Namibia,NAM,127.0,1999.0,Congress of Democrats,CD,9.9,9.7,7.0,72.0,3.0,-0.087,0.567,1.0
Namibia,NAM,127.0,2004.0,Congress of Democrats,CD,7.3,6.9,5.0,72.0,3.0,-0.087,0.567,0.0
Namibia,NAM,127.0,2009.0,Rally for Democracy and Progress,RDP,11.3,11.1,8.0,72.0,3.0,-0.064,0.651,0.0
Palestine/West Bank,PSE,128.0,1996.0,independent,indep,,33.0,29.0,88.0,,,,
Palestine/West Bank,PSE,128.0,1996.0,Fatah Movement / Palestinian National Liberation Movement,Fatah,,62.5,55.0,88.0,0.0,0.352,0.353,0.0
Palestine/West Bank,PSE,128.0,2006.0,Fatah Movement / Palestinian National Liberation Movement,Fatah,41.4,34.1,45.0,132.0,3.0,0.351,0.346,0.0
Palestine/West Bank,PSE,128.0,2006.0,Hamas,H,44.5,56.1,74.0,132.0,0.0,1.268,0.731,2.0
Rwanda,RWA,129.0,1995.0,Rwandan Patriotic Front,FPR,,,,,0.0,-1.162,0.228,0.0
Rwanda,RWA,129.0,2000.0,Rwandan Patriotic Front,FPR,,,,,0.0,-0.764,0.374,0.0
Rwanda,RWA,129.0,2003.0,Rwandan Patriotic Front,FPR,73.8,75.5,40.0,53.0,0.0,0.138,0.339,0.0
Rwanda,RWA,129.0,2008.0,Rwandan Patriotic Front,FPR,78.8,79.2,42.0,53.0,0.0,0.023,0.348,0.0
Rwanda,RWA,129.0,2013.0,Rwandan Patriotic Front,FPR,76.2,77.4,41.0,53.0,0.0,0.019,0.377,0.0
Rwanda,RWA,129.0,2018.0,Rwandan Patriotic Front,FPR,74.0,75.5,40.0,53.0,0.0,0.062,0.378,0.0
Rwanda,RWA,129.0,2003.0,Liberal Party,PL,10.6,11.3,6.0,53.0,1.0,0.671,0.124,0.0
Rwanda,RWA,129.0,2008.0,Liberal Party,PL,7.5,7.5,4.0,53.0,1.0,0.652,0.123,0.0
Rwanda,RWA,129.0,2013.0,Liberal Party,PL,9.3,9.4,5.0,53.0,1.0,0.664,0.126,0.0
Rwanda,RWA,129.0,2018.0,Liberal Party,PL,7.2,7.5,4.0,53.0,1.0,0.566,0.127,0.0
Rwanda,RWA,129.0,2003.0,Social Democratic Party,PSD,12.3,13.2,7.0,53.0,1.0,-1.274,0.152,0.0
Rwanda,RWA,129.0,2008.0,Social Democratic Party,PSD,13.1,13.2,7.0,53.0,1.0,-1.243,0.149,0.0
Rwanda,RWA,129.0,2013.0,Social Democratic Party,PSD,13.0,13.2,7.0,53.0,1.0,-1.292,0.181,0.0
Rwanda,RWA,129.0,2018.0,Social Democratic Party,PSD,8.8,9.4,5.0,53.0,1.0,-1.188,0.182,0.0
Rwanda,RWA,129.0,1981.0,National Republican Movement for Democracy and Development,MRNDD,100.0,100.0,64.0,64.0,0.0,0.297,0.528,2.0
Rwanda,RWA,129.0,1983.0,National Republican Movement for Democracy and Development,MRNDD,100.0,100.0,70.0,70.0,0.0,0.262,0.552,2.0
Rwanda,RWA,129.0,1988.0,National Republican Movement for Democracy and Development,MRNDD,100.0,100.0,70.0,70.0,0.0,0.137,0.611,2.0
Rwanda,RWA,129.0,2018.0,Social Party Imberakuri,PS-Imberakuri,4.6,3.8,2.0,53.0,2.0,-0.626,0.359,0.0
Rwanda,RWA,129.0,2018.0,Democratic Green Party of Rwanda,PVDR,4.6,3.8,2.0,53.0,3.0,2.403,0.462,1.0
Somalia,SOM,130.0,1984.0,Somali Revolutionary Socialist Party,RSP,99.9,100.0,171.0,171.0,0.0,-3.284,0.181,0.0
Sri Lanka,LKA,131.0,1989.0,United National Party,UNP,,,,,0.0,1.58,0.246,0.0
Sri Lanka,LKA,131.0,1994.0,United National Party,UNP,,,,,3.0,1.906,0.242,0.0
Sri Lanka,LKA,131.0,2000.0,United National Party,UNP,40.2,39.6,89.0,225.0,3.0,1.906,0.246,0.0
Sri Lanka,LKA,131.0,2001.0,United National Party,UNP,,,,,0.0,1.909,0.241,0.0
Sri Lanka,LKA,131.0,2004.0,United National Party,UNP,,,,,3.0,1.566,0.242,0.0
Sri Lanka,LKA,131.0,2010.0,United National Party,UNP,29.3,26.7,60.0,225.0,3.0,1.371,0.247,0.0
Sri Lanka,LKA,131.0,2015.0,United National Party,UNP,45.7,47.1,106.0,225.0,0.0,1.381,0.273,0.0
Sri Lanka,LKA,131.0,1989.0,Sri Lanka Freedom Party,SLFP,31.8,29.8,67.0,225.0,3.0,-0.894,0.554,0.0
Sri Lanka,LKA,131.0,1994.0,Sri Lanka Freedom Party,SLFP,,,,,0.0,-0.443,0.522,0.0
Sri Lanka,LKA,131.0,2000.0,Sri Lanka Freedom Party,SLFP,,,,,0.0,-0.291,0.507,0.0
Sri Lanka,LKA,131.0,2001.0,Sri Lanka Freedom Party,SLFP,,,,,3.0,-0.284,0.506,0.0
Sri Lanka,LKA,131.0,2004.0,Sri Lanka Freedom Party,SLFP,,,,,0.0,-0.97,0.551,0.0
Sri Lanka,LKA,131.0,2010.0,Sri Lanka Freedom Party,SLFP,,,,,0.0,-0.611,0.606,0.0
Sri Lanka,LKA,131.0,2015.0,Sri Lanka Freedom Party,SLFP,,,,,3.0,-0.868,0.606,0.0
Sri Lanka,LKA,131.0,2000.0,People's Liberation Front,PLF,6.0,4.4,10.0,225.0,3.0,-3.23,0.888,1.0
Sri Lanka,LKA,131.0,2001.0,People's Liberation Front,PLF,9.4,7.0,16.0,229.0,3.0,-3.061,0.886,0.0
Sri Lanka,LKA,131.0,2010.0,People's Liberation Front,PLF,,,,,,,,
Sri Lanka,LKA,131.0,2004.0,National Heritage Party,JHU,6.0,4.0,9.0,225.0,3.0,-0.131,0.715,1.0
Sri Lanka,LKA,131.0,1994.0,Lanka Equal Society Party,LSS,,,,,1.0,-2.598,0.857,0.0
Sri Lanka,LKA,131.0,2000.0,Lanka Equal Society Party,LSS,,,,,1.0,-2.598,0.855,2.0
Sri Lanka,LKA,131.0,2001.0,Lanka Equal Society Party,LSS,,,,,3.0,-2.598,0.856,2.0
Sri Lanka,LKA,131.0,2004.0,Lanka Equal Society Party,LSS,,,,,1.0,-2.39,0.839,2.0
Sri Lanka,LKA,131.0,2010.0,Lanka Equal Society Party,LSS,,,,,1.0,-2.229,0.781,2.0
Sri Lanka,LKA,131.0,2004.0,Tamil National Alliance,TNA,6.8,9.8,22.0,225.0,3.0,-0.308,0.639,2.0
Sri Lanka,LKA,131.0,2004.0,United People's Freedom Alliance,UPFA,45.6,46.7,105.0,225.0,,,,
Sri Lanka,LKA,131.0,2010.0,United People's Freedom Alliance,UPFA,60.3,64.0,144.0,225.0,,,,
Sri Lanka,LKA,131.0,2015.0,United People's Freedom Alliance,UPFA,42.4,42.2,95.0,225.0,,,,
Sri Lanka,LKA,131.0,1994.0,People's Alliance,PA,48.9,46.7,105.0,225.0,,,,
Sri Lanka,LKA,131.0,2000.0,People's Alliance,PA,45.1,47.6,107.0,225.0,,,,
Sri Lanka,LKA,131.0,2001.0,People's Alliance,PA,37.2,33.6,77.0,229.0,,,,
Sri Lanka,LKA,131.0,1994.0,Communist Party of Sri Lanka,CP,,,,,1.0,-2.816,0.877,0.0
Sri Lanka,LKA,131.0,2000.0,Communist Party of Sri Lanka,CP,,,,,1.0,-2.589,0.88,0.0
Sri Lanka,LKA,131.0,2001.0,Communist Party of Sri Lanka,CP,,,,,3.0,-2.632,0.863,2.0
Sri Lanka,LKA,131.0,2004.0,Communist Party of Sri Lanka,CP,,,,,1.0,-2.392,0.846,2.0
Sri Lanka,LKA,131.0,2010.0,Communist Party of Sri Lanka,CP,,,,,1.0,-2.583,0.742,2.0
Sri Lanka,LKA,131.0,2015.0,Communist Party of Sri Lanka,CP,,,,,3.0,-2.378,0.846,2.0
Sri Lanka,LKA,131.0,2010.0,Democratic United National Front,PEJP,,,,,,,,
Sri Lanka,LKA,131.0,1989.0,Ceylon Workers' Congress,CWC,,,,,1.0,-0.906,0.747,0.0
Sri Lanka,LKA,131.0,1994.0,Ceylon Workers' Congress,CWC,,,,,3.0,-0.918,0.743,0.0
Sri Lanka,LKA,131.0,2000.0,Ceylon Workers' Congress,CWC,,,,,1.0,-0.918,0.723,2.0
Sri Lanka,LKA,131.0,2001.0,Ceylon Workers' Congress,CWC,,,,,1.0,-0.918,0.72,0.0
Sri Lanka,LKA,131.0,2004.0,Ceylon Workers' Congress,CWC,,,,,3.0,-1.233,0.654,2.0
Sri Lanka,LKA,131.0,2010.0,Ceylon Workers' Congress,CWC,,,,,1.0,-0.769,0.702,2.0
Sri Lanka,LKA,131.0,2015.0,Ceylon Workers' Congress,CWC,,,,,3.0,-0.792,0.703,2.0
Sri Lanka,LKA,131.0,1989.0,alliance: United National Party,United Natio...,50.7,55.6,125.0,225.0,,,,
Sri Lanka,LKA,131.0,1994.0,alliance: United National Party,United Natio...,44.0,41.8,94.0,225.0,,,,
Sri Lanka,LKA,131.0,2001.0,alliance: United National Front,United Natio...,45.6,47.6,109.0,229.0,,,,
Sri Lanka,LKA,131.0,2004.0,alliance: United National Front,United Natio...,37.8,36.4,82.0,225.0,,,,
Sri Lanka,LKA,131.0,2010.0,alliance: Democratic National Alliance,Democratic N...,5.5,3.1,7.0,225.0,3.0,0.902,0.314,1.0
Eswatini,SWZ,132.0,1983.0,independent,indep,,80.0,40.0,50.0,,,,
Eswatini,SWZ,132.0,1987.0,independent,indep,,80.0,40.0,50.0,,,,
Eswatini,SWZ,132.0,1993.0,independent,indep,,84.6,55.0,65.0,,,,
Eswatini,SWZ,132.0,1998.0,independent,indep,,84.6,55.0,65.0,,,,
Eswatini,SWZ,132.0,2003.0,independent,indep,,84.6,55.0,65.0,,,,
Eswatini,SWZ,132.0,2008.0,independent,indep,,84.6,55.0,65.0,,,,
Eswatini,SWZ,132.0,2013.0,independent,indep,,84.6,55.0,65.0,,,,
Eswatini,SWZ,132.0,2013.0,technical: Appointees,tech,,15.4,10.0,65.0,,,,
Tajikistan,TJK,133.0,1990.0,Communist Party of Tajikistan,CPT,,100.0,181.0,181.0,,,,
Tajikistan,TJK,133.0,1995.0,Communist Party of Tajikistan,CPT,,33.1,60.0,181.0,2.0,-2.523,0.318,0.0
Tajikistan,TJK,133.0,2000.0,Communist Party of Tajikistan,CPT,20.5,20.6,13.0,63.0,2.0,-2.055,0.26,0.0
Tajikistan,TJK,133.0,2005.0,Communist Party of Tajikistan,CPT,14.0,6.3,4.0,63.0,3.0,-2.083,0.341,0.0
Tajikistan,TJK,133.0,1995.0,People's Democratic Party of Tajikistan,PDPT,,2.8,5.0,181.0,0.0,-1.35,0.328,1.0
Tajikistan,TJK,133.0,2000.0,People's Democratic Party of Tajikistan,PDPT,65.1,57.1,36.0,63.0,0.0,-0.643,0.174,0.0
Tajikistan,TJK,133.0,2005.0,People's Democratic Party of Tajikistan,PDPT,64.5,82.5,52.0,63.0,0.0,-0.171,0.06,0.0
Tajikistan,TJK,133.0,2010.0,People's Democratic Party of Tajikistan,PDPT,,85.7,54.0,63.0,0.0,0.121,0.06,0.0
Tajikistan,TJK,133.0,2015.0,People's Democratic Party of Tajikistan,PDPT,,81.0,51.0,63.0,0.0,0.445,0.06,0.0
Tajikistan,TJK,133.0,1995.0,independent,indep,,62.4,113.0,181.0,,,,
Tajikistan,TJK,133.0,2000.0,independent,indep,0.0,15.9,10.0,63.0,,,,
Tajikistan,TJK,133.0,2000.0,Islamic Renaissance Party of Tajikistan,IRPT,7.3,3.2,2.0,63.0,3.0,1.384,0.738,1.0
Tajikistan,TJK,133.0,2005.0,Islamic Renaissance Party of Tajikistan,IRPT,9.1,3.2,2.0,63.0,3.0,1.389,0.773,0.0
Tajikistan,TJK,133.0,2015.0,Agrarian Party,HAT,,7.9,5.0,63.0,2.0,-0.378,0.063,0.0
Togo,TGO,134.0,2018.0,independent,indep,,19.8,18.0,91.0,,,,
Togo,TGO,134.0,2013.0,Union for the Republic,UNIR,46.7,68.1,62.0,91.0,0.0,1.669,0.06,0.0
Togo,TGO,134.0,2018.0,Union for the Republic,UNIR,,64.8,59.0,91.0,0.0,1.669,0.06,0.0
Togo,TGO,134.0,2007.0,Union of Forces for Change,UFC,30.8,33.3,27.0,81.0,3.0,0.694,0.577,0.0
Togo,TGO,134.0,2013.0,Union of Forces for Change,UFC,7.0,3.3,3.0,91.0,1.0,0.927,0.482,0.0
Togo,TGO,134.0,2018.0,Union of Forces for Change,UFC,,6.6,6.0,91.0,3.0,0.927,0.482,0.0
Togo,TGO,134.0,1985.0,Rally of the Togolese People,RPT,100.0,100.0,77.0,77.0,0.0,-2.119,0.065,0.0
Togo,TGO,134.0,1990.0,Rally of the Togolese People,RPT,100.0,100.0,77.0,77.0,0.0,-1.378,0.065,0.0
Togo,TGO,134.0,1994.0,Rally of the Togolese People,RPT,,43.2,35.0,81.0,0.0,-1.408,0.065,0.0
Togo,TGO,134.0,1999.0,Rally of the Togolese People,RPT,,97.5,77.0,79.0,0.0,-1.408,0.067,0.0
Togo,TGO,134.0,2002.0,Rally of the Togolese People,RPT,,88.9,72.0,81.0,0.0,0.115,0.067,0.0
Togo,TGO,134.0,2007.0,Rally of the Togolese People,RPT,32.7,61.7,50.0,81.0,0.0,0.115,0.067,0.0
Togo,TGO,134.0,2013.0,Save Togo Group,CST,28.9,,,,,,,
Togo,TGO,134.0,1994.0,Action Committee for Renewal,CAR,,44.4,36.0,81.0,3.0,-0.231,0.635,0.0
Togo,TGO,134.0,2007.0,Action Committee for Renewal,CAR,6.8,4.9,4.0,81.0,3.0,-1.246,0.56,0.0
Togo,TGO,134.0,2013.0,Action Committee for Renewal,CAR,,4.4,4.0,91.0,3.0,-1.246,0.642,0.0
Togo,TGO,134.0,2013.0,National Alliance for Change,ANC,,17.6,16.0,91.0,3.0,0.612,0.706,0.0
Togo,TGO,134.0,1994.0,Togolese Union for Democracy,UTD,,8.6,7.0,81.0,0.0,0.502,0.603,0.0
Togo,TGO,134.0,2013.0,Rainbow Alliance,CAEC,10.8,,,,,,,
Togo,TGO,134.0,2018.0,Movement of Centrist Republicans,MRC,,1.1,1.0,91.0,2.0,0.142,0.475,0.0
Togo,TGO,134.0,2018.0,New Togolese Commitment,NET,,3.3,3.0,91.0,2.0,0.411,0.359,0.0
Togo,TGO,134.0,2018.0,Pan-African Democratic Party,PDP,,1.1,1.0,91.0,2.0,-0.186,0.344,0.0
Togo,TGO,134.0,2018.0,Patriotic Movement for Democracy and Development,PMDD,,3.3,3.0,91.0,2.0,0.399,0.46,1.0
Togo,TGO,134.0,2013.0,Alliance of Democrats for Integral Development,ADDI,,3.3,3.0,91.0,3.0,-1.435,0.601,0.0
Trinidad and Tobago,TTO,135.0,1991.0,United National Congress,UNC,29.1,36.1,13.0,36.0,3.0,-0.51,0.55,1.0
Trinidad and Tobago,TTO,135.0,1995.0,United National Congress,UNC,45.8,47.2,17.0,36.0,0.0,-0.51,0.49,0.0
Trinidad and Tobago,TTO,135.0,2000.0,United National Congress,UNC,45.8,52.8,19.0,36.0,0.0,-0.51,0.585,0.0
Trinidad and Tobago,TTO,135.0,2001.0,United National Congress,UNC,46.6,44.4,16.0,36.0,3.0,-0.51,0.521,0.0
Trinidad and Tobago,TTO,135.0,2002.0,United National Congress,UNC,46.6,44.4,16.0,36.0,3.0,-0.51,0.438,0.0
Trinidad and Tobago,TTO,135.0,2007.0,United National Congress,UNC,29.8,36.6,15.0,41.0,3.0,-0.51,0.524,0.0
Trinidad and Tobago,TTO,135.0,2015.0,United National Congress,UNC,39.6,41.5,17.0,41.0,3.0,-0.472,0.418,0.0
Trinidad and Tobago,TTO,135.0,1981.0,People’s National Movement,PNM,53.8,72.2,26.0,36.0,0.0,-0.51,0.356,0.0
Trinidad and Tobago,TTO,135.0,1986.0,People’s National Movement,PNM,31.1,8.3,3.0,36.0,3.0,-0.035,0.314,0.0
Trinidad and Tobago,TTO,135.0,1991.0,People’s National Movement,PNM,45.0,58.3,21.0,36.0,0.0,-0.133,0.314,0.0
Trinidad and Tobago,TTO,135.0,1995.0,People’s National Movement,PNM,48.8,47.2,17.0,36.0,3.0,-0.133,0.314,0.0
Trinidad and Tobago,TTO,135.0,2000.0,People’s National Movement,PNM,48.8,44.4,16.0,36.0,3.0,-0.133,0.389,0.0
Trinidad and Tobago,TTO,135.0,2001.0,People’s National Movement,PNM,50.7,55.6,20.0,36.0,0.0,-0.133,0.383,0.0
Trinidad and Tobago,TTO,135.0,2002.0,People’s National Movement,PNM,50.7,55.6,20.0,36.0,0.0,-0.133,0.319,0.0
Trinidad and Tobago,TTO,135.0,2007.0,People’s National Movement,PNM,45.9,63.4,26.0,41.0,0.0,-0.133,0.319,0.0
Trinidad and Tobago,TTO,135.0,2010.0,People’s National Movement,PNM,39.7,29.3,12.0,41.0,3.0,0.288,0.322,0.0
Trinidad and Tobago,TTO,135.0,2015.0,People’s National Movement,PNM,51.7,56.1,23.0,41.0,0.0,0.786,0.392,0.0
Trinidad and Tobago,TTO,135.0,1981.0,National Alliance for Reconstruction,NAR,20.2,27.8,10.0,36.0,3.0,0.401,0.499,1.0
Trinidad and Tobago,TTO,135.0,1986.0,National Alliance for Reconstruction,NAR,67.3,91.7,33.0,36.0,0.0,0.863,0.578,2.0
Trinidad and Tobago,TTO,135.0,1991.0,National Alliance for Reconstruction,NAR,24.5,5.6,2.0,36.0,3.0,0.863,0.496,0.0
Trinidad and Tobago,TTO,135.0,2015.0,Congress of the People,COP,6.0,2.4,1.0,41.0,3.0,-0.358,0.437,0.0
Trinidad and Tobago,TTO,135.0,2010.0,People's Partnership,PP,60.0,70.7,29.0,41.0,0.0,-0.49,0.693,2.0
Turkmenistan,TKM,136.0,2018.0,independent,indep,,38.4,48.0,125.0,,,,
Turkmenistan,TKM,136.0,1994.0,Democratic Party of Turkmenistan,DPT,100.0,100.0,50.0,50.0,0.0,-1.033,0.067,1.0
Turkmenistan,TKM,136.0,1999.0,Democratic Party of Turkmenistan,DPT,,100.0,50.0,50.0,0.0,-1.033,0.067,0.0
Turkmenistan,TKM,136.0,2004.0,Democratic Party of Turkmenistan,DPT,,100.0,50.0,50.0,0.0,-1.033,0.067,0.0
Turkmenistan,TKM,136.0,2008.0,Democratic Party of Turkmenistan,DPT,,100.0,125.0,125.0,0.0,-1.033,0.067,0.0
Turkmenistan,TKM,136.0,2013.0,Democratic Party of Turkmenistan,DPT,,37.6,47.0,125.0,0.0,-1.033,0.067,0.0
Turkmenistan,TKM,136.0,2018.0,Democratic Party of Turkmenistan,DPT,,44.0,55.0,125.0,0.0,-1.033,0.067,0.0
Turkmenistan,TKM,136.0,1990.0,Communist Party of Turkmenistan,CPT,,100.0,100.0,100.0,,,,
Turkmenistan,TKM,136.0,2013.0,Women's Union of Turkmenistan,WU,,12.8,16.0,125.0,2.0,-1.307,0.067,2.0
Turkmenistan,TKM,136.0,2013.0,Party of Industrialists and Entrepreneurs,PIE,,11.2,14.0,125.0,2.0,-0.979,0.067,1.0
Turkmenistan,TKM,136.0,2018.0,Party of Industrialists and Entrepreneurs,PIE,,8.8,11.0,125.0,2.0,-0.979,0.067,0.0
Turkmenistan,TKM,136.0,2018.0,Agrarian Party,AP,,8.8,11.0,125.0,2.0,-1.028,0.069,1.0
Turkmenistan,TKM,136.0,2013.0,unknown: Trade Unions,unknown,,26.4,33.0,125.0,,,,
German Democratic Republic,DDR,137.0,1990.0,Association of Free Democrats,BFD,5.3,5.3,21.0,400.0,,,,
German Democratic Republic,DDR,137.0,1990.0,Party for Democratic Socialism,PDS,16.4,16.5,66.0,400.0,,,,
German Democratic Republic,DDR,137.0,1990.0,Christian Democratic Union,CDU,40.8,40.8,163.0,400.0,,,,
German Democratic Republic,DDR,137.0,1990.0,Social Democratic Party,SDP,21.9,22.0,88.0,400.0,,,,
German Democratic Republic,DDR,137.0,1990.0,German Social Union,DSU,6.3,6.3,25.0,400.0,,,,
German Democratic Republic,DDR,137.0,1981.0,Socialist Unity Party of Germany / National Front,SED,99.9,100.0,500.0,500.0,,,,
German Democratic Republic,DDR,137.0,1986.0,Socialist Unity Party of Germany / National Front,SED,99.9,100.0,500.0,500.0,,,,
Somaliland,SML,139.0,2005.0,"For Unity, Democracy, and Independence",UDUB,39.0,40.2,33.0,82.0,0.0,0.478,0.188,1.0
Somaliland,SML,139.0,2005.0,"Peace, Unity, and Development Party",PUDP,34.1,34.1,28.0,82.0,3.0,-0.132,0.515,1.0
Somaliland,SML,139.0,2005.0,For Justice and Development,UCID,26.9,25.6,21.0,82.0,3.0,-1.034,0.568,1.0
Uzbekistan,UZB,140.0,2004.0,Uzbekistan Liberal Democratic Party,OLDP,,34.2,41.0,120.0,0.0,0.801,0.102,1.0
Uzbekistan,UZB,140.0,2009.0,Uzbekistan Liberal Democratic Party,OLDP,,44.2,53.0,120.0,0.0,0.79,0.102,0.0
Uzbekistan,UZB,140.0,2014.0,Uzbekistan Liberal Democratic Party,OLDP,,34.7,52.0,150.0,0.0,0.781,0.106,0.0
Uzbekistan,UZB,140.0,2019.0,Uzbekistan Liberal Democratic Party,OLDP,,35.3,53.0,150.0,0.0,0.813,0.206,0.0
Uzbekistan,UZB,140.0,1990.0,People's Democratic Party of Uzbekistan,OXDP,,100.0,250.0,250.0,,,,
Uzbekistan,UZB,140.0,1995.0,People's Democratic Party of Uzbekistan,OXDP,,43.6,109.0,250.0,0.0,-1.614,0.105,0.0
Uzbekistan,UZB,140.0,1999.0,People's Democratic Party of Uzbekistan,OXDP,,34.5,48.0,139.0,1.0,-1.614,0.105,0.0
Uzbekistan,UZB,140.0,2004.0,People's Democratic Party of Uzbekistan,OXDP,,23.3,28.0,120.0,1.0,-1.576,0.105,0.0
Uzbekistan,UZB,140.0,2009.0,People's Democratic Party of Uzbekistan,OXDP,,26.7,32.0,120.0,1.0,-1.573,0.108,0.0
Uzbekistan,UZB,140.0,2014.0,People's Democratic Party of Uzbekistan,OXDP,,18.0,27.0,150.0,1.0,-1.573,0.105,0.0
Uzbekistan,UZB,140.0,2019.0,People's Democratic Party of Uzbekistan,OXDP,,14.7,22.0,150.0,1.0,-1.987,0.216,0.0
Uzbekistan,UZB,140.0,1995.0,Justice Social Democratic Party,ASDP,,18.8,47.0,250.0,3.0,-0.966,0.051,1.0
Uzbekistan,UZB,140.0,2014.0,Justice Social Democratic Party,ASDP,,13.3,20.0,150.0,2.0,-0.955,0.048,0.0
Uzbekistan,UZB,140.0,2019.0,Justice Social Democratic Party,ASDP,,16.0,24.0,150.0,2.0,-0.955,0.166,0.0
Uzbekistan,UZB,140.0,2004.0,Uzbekistan National Revival Democratic Party,OMTDP,,9.2,11.0,120.0,2.0,1.174,0.104,1.0
Uzbekistan,UZB,140.0,2009.0,Uzbekistan National Revival Democratic Party,OMTDP,,25.8,31.0,120.0,2.0,1.174,0.107,0.0
Uzbekistan,UZB,140.0,2014.0,Uzbekistan National Revival Democratic Party,OMTDP,,24.0,36.0,150.0,2.0,1.174,0.104,0.0
Uzbekistan,UZB,140.0,2019.0,Uzbekistan National Revival Democratic Party,OMTDP,,24.0,36.0,150.0,2.0,1.165,0.214,0.0
Uzbekistan,UZB,140.0,1995.0,Progress Party of the Fatherland,PPF,,5.6,14.0,250.0,2.0,-0.151,0.107,1.0
Uzbekistan,UZB,140.0,1999.0,Progress Party of the Fatherland,PPF,,14.4,20.0,139.0,2.0,-0.151,0.104,0.0
Uzbekistan,UZB,140.0,1999.0,Self-Sacrifice National Democratic Party,FMDP,,24.5,34.0,139.0,0.0,0.382,0.105,1.0
Uzbekistan,UZB,140.0,2004.0,Self-Sacrifice National Democratic Party,FMDP,,15.0,18.0,120.0,1.0,1.16,0.105,0.0
Uzbekistan,UZB,140.0,2014.0,Ecological Movement of Uzbekistan,EMU,,10.0,15.0,150.0,2.0,-0.918,0.108,1.0
Uzbekistan,UZB,140.0,2019.0,Ecological Movement of Uzbekistan,EMU,,10.0,15.0,150.0,2.0,-0.965,0.21,2.0
Austria,AUT,144.0,1983.0,Freedom Party of Austria,FPO,5.0,6.6,12.0,183.0,1.0,1.93,0.441,0.0
Austria,AUT,144.0,1986.0,Freedom Party of Austria,FPO,9.7,9.8,18.0,183.0,3.0,1.048,0.727,0.0
Austria,AUT,144.0,1990.0,Freedom Party of Austria,FPO,16.6,18.0,33.0,183.0,3.0,1.048,0.805,0.0
Austria,AUT,144.0,1994.0,Freedom Party of Austria,FPO,22.5,23.0,42.0,183.0,3.0,1.048,0.805,0.0
Austria,AUT,144.0,1995.0,Freedom Party of Austria,FPO,21.9,22.4,41.0,183.0,3.0,1.048,0.805,0.0
Austria,AUT,144.0,1999.0,Freedom Party of Austria,FPO,26.9,28.4,52.0,183.0,1.0,1.048,0.805,0.0
Austria,AUT,144.0,2002.0,Freedom Party of Austria,FPO,10.0,9.8,18.0,183.0,1.0,1.048,0.729,0.0
Austria,AUT,144.0,2006.0,Freedom Party of Austria,FPO,11.0,11.5,21.0,183.0,3.0,1.048,0.729,0.0
Austria,AUT,144.0,2008.0,Freedom Party of Austria,FPO,17.5,18.6,34.0,183.0,3.0,1.048,0.804,0.0
Austria,AUT,144.0,2013.0,Freedom Party of Austria,FPO,20.5,21.9,40.0,183.0,3.0,1.447,0.804,0.0
Austria,AUT,144.0,2017.0,Freedom Party of Austria,FPO,26.0,27.9,51.0,183.0,1.0,1.447,0.804,0.0
Austria,AUT,144.0,2019.0,Freedom Party of Austria,FPO,16.2,16.9,31.0,183.0,3.0,1.447,0.782,0.0
Austria,AUT,144.0,2008.0,Alliance for the Future of Austria,BZO,10.7,11.5,21.0,183.0,3.0,1.948,0.545,0.0
Austria,AUT,144.0,1994.0,Liberal Forum,LIF,6.0,6.0,11.0,183.0,3.0,1.085,0.243,1.0
Austria,AUT,144.0,1995.0,Liberal Forum,LIF,5.5,5.5,10.0,183.0,3.0,1.085,0.243,0.0
Austria,AUT,144.0,1983.0,Austrian People's Party,OVP,43.2,44.3,81.0,183.0,3.0,0.325,0.092,0.0
Austria,AUT,144.0,1986.0,Austrian People's Party,OVP,41.3,42.1,77.0,183.0,1.0,0.325,0.092,0.0
Austria,AUT,144.0,1990.0,Austrian People's Party,OVP,32.1,32.8,60.0,183.0,1.0,0.091,0.092,0.0
Austria,AUT,144.0,1994.0,Austrian People's Party,OVP,27.7,28.4,52.0,183.0,1.0,0.091,0.092,0.0
Austria,AUT,144.0,1995.0,Austrian People's Party,OVP,28.3,28.4,52.0,183.0,1.0,0.091,0.092,0.0
Austria,AUT,144.0,1999.0,Austrian People's Party,OVP,26.9,28.4,52.0,183.0,0.0,0.091,0.092,0.0
Austria,AUT,144.0,2002.0,Austrian People's Party,OVP,42.3,43.2,79.0,183.0,0.0,0.473,0.092,0.0
Austria,AUT,144.0,2006.0,Austrian People's Party,OVP,34.3,36.1,66.0,183.0,1.0,0.473,0.092,0.0
Austria,AUT,144.0,2008.0,Austrian People's Party,OVP,26.0,27.9,51.0,183.0,1.0,0.473,0.092,0.0
Austria,AUT,144.0,2013.0,Austrian People's Party,OVP,24.0,25.7,47.0,183.0,1.0,0.473,0.092,0.0
Austria,AUT,144.0,2017.0,Austrian People's Party,OVP,31.5,33.9,62.0,183.0,0.0,0.854,0.192,2.0
Austria,AUT,144.0,2019.0,Austrian People's Party,OVP,37.5,38.8,71.0,183.0,0.0,0.854,0.192,0.0
Austria,AUT,144.0,1983.0,Social Democratic Party of Austria,SPO,47.6,49.2,90.0,183.0,0.0,-1.873,0.122,0.0
Austria,AUT,144.0,1986.0,Social Democratic Party of Austria,SPO,43.1,43.7,80.0,183.0,0.0,-0.301,0.09,0.0
Austria,AUT,144.0,1990.0,Social Democratic Party of Austria,SPO,42.8,43.7,80.0,183.0,0.0,-0.301,0.09,0.0
Austria,AUT,144.0,1994.0,Social Democratic Party of Austria,SPO,34.9,35.5,65.0,183.0,0.0,-0.301,0.09,0.0
Austria,AUT,144.0,1995.0,Social Democratic Party of Austria,SPO,38.1,38.8,71.0,183.0,0.0,-0.301,0.09,0.0
Austria,AUT,144.0,1999.0,Social Democratic Party of Austria,SPO,33.2,35.5,65.0,183.0,3.0,-0.301,0.169,0.0
Austria,AUT,144.0,2002.0,Social Democratic Party of Austria,SPO,36.5,37.7,69.0,183.0,3.0,-0.999,0.256,0.0
Austria,AUT,144.0,2006.0,Social Democratic Party of Austria,SPO,35.3,37.2,68.0,183.0,0.0,-0.999,0.232,0.0
Austria,AUT,144.0,2008.0,Social Democratic Party of Austria,SPO,29.3,31.1,57.0,183.0,0.0,-0.519,0.087,0.0
Austria,AUT,144.0,2013.0,Social Democratic Party of Austria,SPO,26.8,28.4,52.0,183.0,0.0,-0.182,0.087,0.0
Austria,AUT,144.0,2017.0,Social Democratic Party of Austria,SPO,26.9,28.4,52.0,183.0,3.0,-0.182,0.139,0.0
Austria,AUT,144.0,2019.0,Social Democratic Party of Austria,SPO,21.2,21.9,40.0,183.0,3.0,-0.182,0.192,0.0
Austria,AUT,144.0,1994.0,The Greens -- The Green Alternative,GRUENE,7.3,7.1,13.0,183.0,3.0,-0.968,0.294,0.0
Austria,AUT,144.0,1999.0,The Greens -- The Green Alternative,GRUENE,7.4,7.7,14.0,183.0,3.0,-0.951,0.301,0.0
Austria,AUT,144.0,2002.0,The Greens -- The Green Alternative,GRUENE,9.5,9.3,17.0,183.0,3.0,-0.951,0.301,0.0
Austria,AUT,144.0,2006.0,The Greens -- The Green Alternative,GRUENE,11.1,11.5,21.0,183.0,3.0,-0.951,0.301,0.0
Austria,AUT,144.0,2008.0,The Greens -- The Green Alternative,GRUENE,10.4,10.9,20.0,183.0,3.0,-0.951,0.301,0.0
Austria,AUT,144.0,2013.0,The Greens -- The Green Alternative,GRUENE,12.4,13.1,24.0,183.0,3.0,-0.951,0.301,0.0
Austria,AUT,144.0,2019.0,The Greens -- The Green Alternative,GRUENE,13.9,14.2,26.0,183.0,1.0,-0.929,0.297,0.0
Austria,AUT,144.0,2013.0,NEOS – The New Austria,NEOS,5.0,4.9,9.0,183.0,3.0,1.923,0.245,1.0
Austria,AUT,144.0,2017.0,NEOS – The New Austria,NEOS,5.3,5.5,10.0,183.0,3.0,1.923,0.245,0.0
Austria,AUT,144.0,2019.0,NEOS – The New Austria,NEOS,8.1,8.2,15.0,183.0,3.0,1.923,0.245,0.0
Austria,AUT,144.0,2013.0,Team Stronach,TS,5.7,6.0,11.0,183.0,3.0,2.507,0.797,1.0
Bahrain,BHR,146.0,2006.0,Al-Wefaq National Islamic Societ,AW,,42.5,17.0,40.0,3.0,-0.981,0.556,1.0
Bahrain,BHR,146.0,2010.0,Al-Wefaq National Islamic Societ,AW,,45.0,18.0,40.0,3.0,-0.981,0.555,0.0
Bahrain,BHR,146.0,2002.0,independent,indep,,45.0,18.0,40.0,,,,
Bahrain,BHR,146.0,2006.0,independent,indep,,27.5,11.0,40.0,,,,
Bahrain,BHR,146.0,2010.0,independent,indep,,42.5,17.0,40.0,,,,
Bahrain,BHR,146.0,2014.0,independent,indep,,92.5,37.0,40.0,,,,
Bahrain,BHR,146.0,2006.0,Al Asalah Islamic Society,AA,,12.5,5.0,40.0,2.0,-0.683,0.496,1.0
Bahrain,BHR,146.0,2010.0,Al Asalah Islamic Society,AA,,7.5,3.0,40.0,2.0,-0.683,0.496,0.0
Bahrain,BHR,146.0,2014.0,Al Asalah Islamic Society,AA,,5.0,2.0,40.0,2.0,-0.683,0.481,0.0
Bahrain,BHR,146.0,2006.0,Al Menbar National Islamic Society,AM,,17.5,7.0,40.0,2.0,-0.732,0.495,0.0
Bahrain,BHR,146.0,2010.0,Al Menbar National Islamic Society,AM,,5.0,2.0,40.0,2.0,-0.732,0.495,0.0
Bahrain,BHR,146.0,2014.0,Al Menbar National Islamic Society,AM,,2.5,1.0,40.0,2.0,-0.732,0.482,0.0
Bahrain,BHR,146.0,2002.0,Liberals [no-party],L,,7.5,3.0,40.0,4.0,0.027,0.39,1.0
Bahrain,BHR,146.0,2002.0,Islamic Societies [no-party],IS,,47.5,19.0,40.0,4.0,-0.394,0.47,1.0
Barbados,BRB,147.0,1981.0,Democratic Labour Party,DLP,47.1,29.2,7.0,24.0,3.0,-0.937,0.756,0.0
Barbados,BRB,147.0,1986.0,Democratic Labour Party,DLP,59.5,88.9,24.0,27.0,0.0,-0.937,0.756,0.0
Barbados,BRB,147.0,1991.0,Democratic Labour Party,DLP,49.8,64.3,18.0,28.0,0.0,-0.937,0.756,0.0
Barbados,BRB,147.0,1994.0,Democratic Labour Party,DLP,38.8,28.6,8.0,28.0,3.0,-0.937,0.756,0.0
Barbados,BRB,147.0,1999.0,Democratic Labour Party,DLP,35.0,7.1,2.0,28.0,3.0,-0.023,0.756,0.0
Barbados,BRB,147.0,2003.0,Democratic Labour Party,DLP,44.1,23.3,7.0,30.0,3.0,-0.988,0.756,0.0
Barbados,BRB,147.0,2008.0,Democratic Labour Party,DLP,67.0,66.7,20.0,30.0,0.0,-0.988,0.756,0.0
Barbados,BRB,147.0,2013.0,Democratic Labour Party,DLP,51.3,53.3,16.0,30.0,0.0,-0.988,0.756,0.0
Barbados,BRB,147.0,2018.0,Democratic Labour Party,DLP,22.1,0.0,0.0,30.0,3.0,-0.988,0.756,0.0
Barbados,BRB,147.0,1994.0,National Democratic Party,NDP,12.1,3.6,1.0,28.0,3.0,-0.907,0.603,0.0
Barbados,BRB,147.0,1981.0,Barbados Labour Party,BLP,52.2,70.8,17.0,24.0,0.0,-0.916,0.308,0.0
Barbados,BRB,147.0,1986.0,Barbados Labour Party,BLP,40.4,11.1,3.0,27.0,3.0,-0.916,0.308,0.0
Barbados,BRB,147.0,1991.0,Barbados Labour Party,BLP,43.0,35.7,10.0,28.0,3.0,-0.916,0.481,0.0
Barbados,BRB,147.0,1994.0,Barbados Labour Party,BLP,48.8,67.9,19.0,28.0,0.0,-0.916,0.307,0.0
Barbados,BRB,147.0,1999.0,Barbados Labour Party,BLP,65.0,92.9,26.0,28.0,0.0,-0.916,0.307,0.0
Barbados,BRB,147.0,2003.0,Barbados Labour Party,BLP,55.8,76.7,23.0,30.0,0.0,-0.916,0.307,0.0
Barbados,BRB,147.0,2008.0,Barbados Labour Party,BLP,33.0,33.3,10.0,30.0,3.0,-0.916,0.307,0.0
Barbados,BRB,147.0,2013.0,Barbados Labour Party,BLP,48.2,46.7,14.0,30.0,3.0,-0.916,0.307,0.0
Barbados,BRB,147.0,2018.0,Barbados Labour Party,BLP,72.8,100.0,30.0,30.0,0.0,-0.916,0.369,0.0
Belgium,BEL,148.0,2010.0,New Flemish Alliance,N-VA,17.4,18.0,27.0,150.0,3.0,2.173,0.562,2.0
Belgium,BEL,148.0,2014.0,New Flemish Alliance,N-VA,20.3,22.0,33.0,150.0,1.0,2.173,0.501,0.0
Belgium,BEL,148.0,2019.0,New Flemish Alliance,N-VA,16.0,16.7,25.0,150.0,3.0,2.173,0.537,0.0
Belgium,BEL,148.0,1981.0,Party of Liberty and Progress -- Open Flemish Liberals and Democrats,PVV-OVLD,12.9,13.2,28.0,212.0,1.0,1.49,0.068,0.0
Belgium,BEL,148.0,1985.0,Party of Liberty and Progress -- Open Flemish Liberals and Democrats,PVV-OVLD,10.8,10.4,22.0,212.0,1.0,1.49,0.068,0.0
Belgium,BEL,148.0,1987.0,Party of Liberty and Progress -- Open Flemish Liberals and Democrats,PVV-OVLD,11.6,11.8,25.0,212.0,3.0,1.49,0.068,0.0
Belgium,BEL,148.0,1991.0,Party of Liberty and Progress -- Open Flemish Liberals and Democrats,PVV-OVLD,12.0,12.3,26.0,212.0,3.0,1.49,0.068,0.0
Belgium,BEL,148.0,1995.0,Party of Liberty and Progress -- Open Flemish Liberals and Democrats,PVV-OVLD,13.2,14.0,21.0,150.0,3.0,1.49,0.068,2.0
Belgium,BEL,148.0,1999.0,Party of Liberty and Progress -- Open Flemish Liberals and Democrats,PVV-OVLD,14.3,15.3,23.0,150.0,0.0,1.076,0.068,0.0
Belgium,BEL,148.0,2003.0,Party of Liberty and Progress -- Open Flemish Liberals and Democrats,PVV-OVLD,15.4,16.7,25.0,150.0,0.0,1.076,0.032,0.0
Belgium,BEL,148.0,2007.0,Party of Liberty and Progress -- Open Flemish Liberals and Democrats,PVV-OVLD,11.8,12.0,18.0,150.0,0.0,1.076,0.032,2.0
Belgium,BEL,148.0,2010.0,Party of Liberty and Progress -- Open Flemish Liberals and Democrats,PVV-OVLD,8.6,8.7,13.0,150.0,1.0,1.076,0.032,0.0
Belgium,BEL,148.0,2014.0,Party of Liberty and Progress -- Open Flemish Liberals and Democrats,PVV-OVLD,9.8,9.3,14.0,150.0,1.0,1.076,0.032,0.0
Belgium,BEL,148.0,2019.0,Party of Liberty and Progress -- Open Flemish Liberals and Democrats,PVV-OVLD,8.5,8.0,12.0,150.0,1.0,0.71,0.032,0.0
Belgium,BEL,148.0,1981.0,Socialist Party [Francophone],PS,12.7,16.5,35.0,212.0,3.0,-2.022,0.143,0.0
Belgium,BEL,148.0,1985.0,Socialist Party [Francophone],PS,13.8,16.5,35.0,212.0,3.0,-2.022,0.143,0.0
Belgium,BEL,148.0,1987.0,Socialist Party [Francophone],PS,15.7,18.9,40.0,212.0,1.0,-2.022,0.143,0.0
Belgium,BEL,148.0,1991.0,Socialist Party [Francophone],PS,13.5,16.5,35.0,212.0,1.0,-2.022,0.143,0.0
Belgium,BEL,148.0,1995.0,Socialist Party [Francophone],PS,11.9,14.0,21.0,150.0,1.0,-2.022,0.143,0.0
Belgium,BEL,148.0,1999.0,Socialist Party [Francophone],PS,10.2,12.7,19.0,150.0,1.0,-1.506,0.143,0.0
Belgium,BEL,148.0,2003.0,Socialist Party [Francophone],PS,13.0,16.7,25.0,150.0,1.0,-1.506,0.143,0.0
Belgium,BEL,148.0,2007.0,Socialist Party [Francophone],PS,10.9,13.3,20.0,150.0,1.0,-1.506,0.143,0.0
Belgium,BEL,148.0,2010.0,Socialist Party [Francophone],PS,13.7,17.3,26.0,150.0,0.0,-1.506,0.143,0.0
Belgium,BEL,148.0,2014.0,Socialist Party [Francophone],PS,11.7,15.3,23.0,150.0,3.0,-2.035,0.143,0.0
Belgium,BEL,148.0,2019.0,Socialist Party [Francophone],PS,9.5,13.3,20.0,150.0,2.0,-2.035,0.143,0.0
Belgium,BEL,148.0,1999.0,Agalev -- Green,AGL-Gr,7.0,6.0,9.0,150.0,1.0,-2.006,0.097,0.0
Belgium,BEL,148.0,2014.0,Agalev -- Green,AGL-Gr,5.3,4.0,6.0,150.0,3.0,-1.984,0.111,0.0
Belgium,BEL,148.0,2019.0,Agalev -- Green,AGL-Gr,6.1,5.3,8.0,150.0,2.0,-1.984,0.25,0.0
Belgium,BEL,148.0,1991.0,Flemish Block / Interest,VB,6.6,5.7,12.0,212.0,3.0,2.02,0.812,0.0
Belgium,BEL,148.0,1995.0,Flemish Block / Interest,VB,7.8,7.3,11.0,150.0,3.0,2.02,0.812,0.0
Belgium,BEL,148.0,1999.0,Flemish Block / Interest,VB,9.9,10.0,15.0,150.0,3.0,2.02,0.812,0.0
Belgium,BEL,148.0,2003.0,Flemish Block / Interest,VB,11.6,12.0,18.0,150.0,3.0,2.335,0.812,0.0
Belgium,BEL,148.0,2007.0,Flemish Block / Interest,VB,12.0,11.3,17.0,150.0,3.0,2.335,0.812,0.0
Belgium,BEL,148.0,2010.0,Flemish Block / Interest,VB,7.8,8.0,12.0,150.0,3.0,2.335,0.812,0.0
Belgium,BEL,148.0,1981.0,Liberal Reformist Party,PRL,8.6,11.3,24.0,212.0,1.0,1.47,0.072,2.0
Belgium,BEL,148.0,1985.0,Liberal Reformist Party,PRL,10.2,11.3,24.0,212.0,1.0,1.47,0.072,0.0
Belgium,BEL,148.0,1987.0,Liberal Reformist Party,PRL,9.4,10.8,23.0,212.0,3.0,1.47,0.072,0.0
Belgium,BEL,148.0,1991.0,Liberal Reformist Party,PRL,8.1,9.4,20.0,212.0,3.0,1.47,0.072,0.0
Belgium,BEL,148.0,1995.0,Liberal Reformist Party,PRL,10.3,12.0,18.0,150.0,3.0,1.47,0.072,0.0
Belgium,BEL,148.0,1999.0,Liberal Reformist Party,PRL,10.1,12.0,18.0,150.0,1.0,1.068,0.072,0.0
Belgium,BEL,148.0,1981.0,Flemish Christian Peoples Party,CVP,19.3,20.3,43.0,212.0,0.0,0.021,0.031,0.0
Belgium,BEL,148.0,1985.0,Flemish Christian Peoples Party,CVP,21.3,23.1,49.0,212.0,0.0,0.021,0.031,0.0
Belgium,BEL,148.0,1987.0,Flemish Christian Peoples Party,CVP,19.5,20.3,43.0,212.0,0.0,0.021,0.031,0.0
Belgium,BEL,148.0,1991.0,Flemish Christian Peoples Party,CVP,16.8,18.4,39.0,212.0,0.0,0.304,0.031,0.0
Belgium,BEL,148.0,1995.0,Flemish Christian Peoples Party,CVP,17.2,19.3,29.0,150.0,0.0,0.304,0.031,0.0
Belgium,BEL,148.0,1999.0,Flemish Christian Peoples Party,CVP,14.1,14.7,22.0,150.0,3.0,0.304,0.031,0.0
Belgium,BEL,148.0,2003.0,Flemish Christian Peoples Party,CVP,13.2,14.0,21.0,150.0,3.0,0.304,0.031,0.0
Belgium,BEL,148.0,2010.0,Flemish Christian Peoples Party,CVP,10.8,11.3,17.0,150.0,1.0,0.299,0.048,2.0
Belgium,BEL,148.0,2014.0,Flemish Christian Peoples Party,CVP,11.6,12.0,18.0,150.0,1.0,0.029,0.05,2.0
Belgium,BEL,148.0,2019.0,Flemish Christian Peoples Party,CVP,8.9,8.0,12.0,150.0,1.0,0.423,0.05,2.0
Belgium,BEL,148.0,1981.0,Francophone Christian Social Party,PSC,7.1,8.5,18.0,212.0,1.0,0.03,0.032,0.0
Belgium,BEL,148.0,1985.0,Francophone Christian Social Party,PSC,8.0,9.4,20.0,212.0,1.0,0.03,0.032,0.0
Belgium,BEL,148.0,1987.0,Francophone Christian Social Party,PSC,8.0,9.0,19.0,212.0,1.0,0.03,0.032,0.0
Belgium,BEL,148.0,1991.0,Francophone Christian Social Party,PSC,7.7,8.5,18.0,212.0,1.0,0.03,0.032,0.0
Belgium,BEL,148.0,1995.0,Francophone Christian Social Party,PSC,7.7,8.0,12.0,150.0,1.0,0.03,0.032,0.0
Belgium,BEL,148.0,1999.0,Francophone Christian Social Party,PSC,5.9,6.7,10.0,150.0,3.0,0.03,0.032,0.0
Belgium,BEL,148.0,2003.0,Francophone Christian Social Party,PSC,5.5,5.3,8.0,150.0,3.0,0.03,0.032,0.0
Belgium,BEL,148.0,2007.0,Francophone Christian Social Party,PSC,6.1,6.7,10.0,150.0,1.0,0.03,0.032,0.0
Belgium,BEL,148.0,2010.0,Francophone Christian Social Party,PSC,5.5,6.0,9.0,150.0,1.0,0.03,0.032,0.0
Belgium,BEL,148.0,2014.0,Francophone Christian Social Party,PSC,5.0,6.0,9.0,150.0,3.0,0.03,0.032,0.0
Belgium,BEL,148.0,2007.0,Christian-Democrat and Flemish / New Flemish Alliance,CD&V/N-VA,18.5,20.0,30.0,150.0,1.0,0.322,0.314,2.0
Belgium,BEL,148.0,2003.0,Reformist Movement,MR,11.4,16.0,24.0,150.0,1.0,1.088,0.031,2.0
Belgium,BEL,148.0,2007.0,Reformist Movement,MR,12.5,15.3,23.0,150.0,1.0,1.088,0.031,0.0
Belgium,BEL,148.0,2010.0,Reformist Movement,MR,9.3,12.0,18.0,150.0,1.0,1.088,0.031,0.0
Belgium,BEL,148.0,2014.0,Reformist Movement,MR,9.6,13.3,20.0,150.0,0.0,1.088,0.031,0.0
Belgium,BEL,148.0,2019.0,Reformist Movement,MR,7.6,9.3,14.0,150.0,0.0,1.088,0.031,0.0
Belgium,BEL,148.0,1981.0,People's Union [Flemish Concentration],VU,9.8,9.4,20.0,212.0,3.0,0.012,0.202,0.0
Belgium,BEL,148.0,1985.0,People's Union [Flemish Concentration],VU,7.9,7.5,16.0,212.0,3.0,0.012,0.202,0.0
Belgium,BEL,148.0,1987.0,People's Union [Flemish Concentration],VU,8.1,7.5,16.0,212.0,1.0,0.012,0.202,0.0
Belgium,BEL,148.0,1991.0,People's Union [Flemish Concentration],VU,5.9,4.7,10.0,212.0,3.0,0.012,0.202,0.0
Belgium,BEL,148.0,1999.0,People's Union [Flemish Concentration],VU,5.6,5.3,8.0,150.0,3.0,0.045,0.199,0.0
Belgium,BEL,148.0,1991.0,Confederated ecologists for the organisation of original struggles,Ecolo,5.1,4.7,10.0,212.0,3.0,-2.005,0.116,0.0
Belgium,BEL,148.0,1999.0,Confederated ecologists for the organisation of original struggles,Ecolo,7.3,7.3,11.0,150.0,1.0,-2.003,0.12,0.0
Belgium,BEL,148.0,2007.0,Confederated ecologists for the organisation of original struggles,Ecolo,5.1,5.3,8.0,150.0,3.0,-2.015,0.109,0.0
Belgium,BEL,148.0,2019.0,Confederated ecologists for the organisation of original struggles,Ecolo,6.1,8.7,13.0,150.0,2.0,-1.984,0.12,0.0
Belgium,BEL,148.0,2003.0,Socialist Party Different / Social Liberal Party / Spirit,SPA/Spirit,14.9,15.3,23.0,150.0,1.0,-0.181,0.262,2.0
Belgium,BEL,148.0,2007.0,Socialist Party Different / Social Liberal Party / Spirit,SPA/Spirit,10.3,9.3,14.0,150.0,3.0,-0.181,0.216,0.0
Belgium,BEL,148.0,1981.0,Socialist Party Differently,SPA,12.4,12.3,26.0,212.0,3.0,-1.666,0.218,2.0
Belgium,BEL,148.0,1985.0,Socialist Party Differently,SPA,14.6,15.1,32.0,212.0,3.0,-1.666,0.218,0.0
Belgium,BEL,148.0,1987.0,Socialist Party Differently,SPA,14.9,15.1,32.0,212.0,1.0,-1.666,0.218,0.0
Belgium,BEL,148.0,1991.0,Socialist Party Differently,SPA,12.0,13.2,28.0,212.0,1.0,-1.666,0.218,0.0
Belgium,BEL,148.0,1995.0,Socialist Party Differently,SPA,12.6,13.3,20.0,150.0,1.0,-1.666,0.218,0.0
Belgium,BEL,148.0,1999.0,Socialist Party Differently,SPA,9.6,9.3,14.0,150.0,1.0,-0.503,0.218,0.0
Belgium,BEL,148.0,2010.0,Socialist Party Differently,SPA,9.2,8.7,13.0,150.0,1.0,-0.515,0.302,2.0
Belgium,BEL,148.0,2014.0,Socialist Party Differently,SPA,8.8,8.7,13.0,150.0,3.0,-0.515,0.302,0.0
Belgium,BEL,148.0,2019.0,Socialist Party Differently,SPA,6.7,6.0,9.0,150.0,2.0,-0.515,0.302,0.0
Belgium,BEL,148.0,2019.0,Workers' Party of Belgium,PA-PTB,8.6,8.0,12.0,150.0,3.0,-3.938,0.848,0.0
Belgium,BEL,148.0,2019.0,Flemish Interest,VB,12.0,12.0,18.0,150.0,3.0,0.641,0.813,0.0
Bosnia and Herzegovina,BIH,150.0,1998.0,Alliance of Independent Social Democrats,SNSD,,,,,,,,
Bosnia and Herzegovina,BIH,150.0,2002.0,Alliance of Independent Social Democrats,SNSD,10.5,7.1,3.0,42.0,3.0,2.252,0.095,2.0
Bosnia and Herzegovina,BIH,150.0,2006.0,Alliance of Independent Social Democrats,SNSD,19.1,16.7,7.0,42.0,0.0,2.252,0.095,0.0
Bosnia and Herzegovina,BIH,150.0,2010.0,Alliance of Independent Social Democrats,SNSD,16.9,19.0,8.0,42.0,0.0,2.252,0.095,0.0
Bosnia and Herzegovina,BIH,150.0,2014.0,Alliance of Independent Social Democrats,SNSD,15.6,14.3,6.0,42.0,3.0,2.252,0.095,0.0
Bosnia and Herzegovina,BIH,150.0,2018.0,Alliance of Independent Social Democrats,SNSD,16.3,14.3,6.0,42.0,0.0,2.252,0.095,0.0
Bosnia and Herzegovina,BIH,150.0,2000.0,Party for Bosnia and Herzegovina,SBiH,11.4,9.5,4.0,42.0,1.0,-0.063,0.184,2.0
Bosnia and Herzegovina,BIH,150.0,2002.0,Party for Bosnia and Herzegovina,SBiH,11.1,14.3,6.0,42.0,1.0,-0.063,0.184,0.0
Bosnia and Herzegovina,BIH,150.0,2006.0,Party for Bosnia and Herzegovina,SBiH,15.5,19.0,8.0,42.0,1.0,-0.063,0.184,0.0
Bosnia and Herzegovina,BIH,150.0,2010.0,Party for Bosnia and Herzegovina,SBiH,5.3,4.8,2.0,42.0,3.0,-0.063,0.184,0.0
Bosnia and Herzegovina,BIH,150.0,1998.0,Social Democratic Party of Bosnia and Hercegovina,SDP-BiH,8.0,9.5,4.0,42.0,3.0,0.979,0.141,2.0
Bosnia and Herzegovina,BIH,150.0,2000.0,Social Democratic Party of Bosnia and Hercegovina,SDP-BiH,18.0,21.4,9.0,42.0,0.0,0.979,0.143,0.0
Bosnia and Herzegovina,BIH,150.0,2002.0,Social Democratic Party of Bosnia and Hercegovina,SDP-BiH,10.4,9.5,4.0,42.0,3.0,0.979,0.143,0.0
Bosnia and Herzegovina,BIH,150.0,2006.0,Social Democratic Party of Bosnia and Hercegovina,SDP-BiH,10.1,11.9,5.0,42.0,3.0,0.979,0.143,0.0
Bosnia and Herzegovina,BIH,150.0,2010.0,Social Democratic Party of Bosnia and Hercegovina,SDP-BiH,17.3,19.0,8.0,42.0,1.0,0.979,0.143,0.0
Bosnia and Herzegovina,BIH,150.0,2014.0,Social Democratic Party of Bosnia and Hercegovina,SDP-BiH,6.7,7.1,3.0,42.0,3.0,0.979,0.144,0.0
Bosnia and Herzegovina,BIH,150.0,2018.0,Social Democratic Party of Bosnia and Hercegovina,SDP-BiH,9.1,11.9,5.0,42.0,3.0,0.979,0.145,0.0
Bosnia and Herzegovina,BIH,150.0,1998.0,Socialist Party of the Republika Srpska,SPRS,,,,,,,,
Bosnia and Herzegovina,BIH,150.0,1996.0,Serbian Democratic Party,SDS,24.2,21.4,9.0,42.0,0.0,1.015,0.182,0.0
Bosnia and Herzegovina,BIH,150.0,1998.0,Serbian Democratic Party,SDS,9.4,9.5,4.0,42.0,3.0,1.015,0.182,0.0
Bosnia and Herzegovina,BIH,150.0,2000.0,Serbian Democratic Party,SDS,17.8,14.3,6.0,42.0,3.0,1.015,0.182,0.0
Bosnia and Herzegovina,BIH,150.0,2002.0,Serbian Democratic Party,SDS,14.0,11.9,5.0,42.0,1.0,1.015,0.182,0.0
Bosnia and Herzegovina,BIH,150.0,2006.0,Serbian Democratic Party,SDS,7.7,7.1,3.0,42.0,3.0,1.015,0.182,0.0
Bosnia and Herzegovina,BIH,150.0,2010.0,Serbian Democratic Party,SDS,8.4,9.5,4.0,42.0,3.0,1.015,0.182,0.0
Bosnia and Herzegovina,BIH,150.0,2014.0,Serbian Democratic Party,SDS,13.0,11.9,5.0,42.0,3.0,1.015,0.182,0.0
Bosnia and Herzegovina,BIH,150.0,2018.0,Serbian Democratic Party,SDS,9.8,7.1,3.0,42.0,,,0.182,
Bosnia and Herzegovina,BIH,150.0,1998.0,Serbian Radical Party of the Republika Srpska,SRS-RS,6.9,4.8,2.0,42.0,3.0,1.012,0.122,0.0
Bosnia and Herzegovina,BIH,150.0,1998.0,Coalition for a United and Democratic Bosnia and Herzegovina,KCD,33.8,40.5,17.0,42.0,0.0,1.024,0.089,2.0
Bosnia and Herzegovina,BIH,150.0,1996.0,Party of Democratic Action,SDA,38.0,45.2,19.0,42.0,0.0,1.078,0.162,0.0
Bosnia and Herzegovina,BIH,150.0,2000.0,Party of Democratic Action,SDA,18.8,19.0,8.0,42.0,3.0,0.992,0.156,2.0
Bosnia and Herzegovina,BIH,150.0,2002.0,Party of Democratic Action,SDA,21.9,23.8,10.0,42.0,0.0,0.992,0.156,0.0
Bosnia and Herzegovina,BIH,150.0,2006.0,Party of Democratic Action,SDA,16.9,21.4,9.0,42.0,1.0,0.992,0.156,0.0
Bosnia and Herzegovina,BIH,150.0,2010.0,Party of Democratic Action,SDA,13.1,16.7,7.0,42.0,1.0,0.992,0.156,0.0
Bosnia and Herzegovina,BIH,150.0,2014.0,Party of Democratic Action,SDA,18.7,23.8,10.0,42.0,0.0,0.992,0.156,0.0
Bosnia and Herzegovina,BIH,150.0,2018.0,Party of Democratic Action,SDA,17.0,21.4,9.0,42.0,1.0,0.992,0.156,0.0
Bosnia and Herzegovina,BIH,150.0,2000.0,Party of Democratic Progress,PDP,6.4,4.8,2.0,42.0,1.0,1.044,0.381,1.0
Bosnia and Herzegovina,BIH,150.0,2006.0,Party of Democratic Progress,PDP,2.0,2.4,1.0,42.0,3.0,1.007,0.377,0.0
Bosnia and Herzegovina,BIH,150.0,2018.0,Party of Democratic Progress,PDP,5.1,4.8,2.0,42.0,,,,
Bosnia and Herzegovina,BIH,150.0,1996.0,Croatian Democratic Union of Bosnia and Herzegovina,HDZ-BiH,14.1,19.0,8.0,42.0,0.0,1.007,0.093,0.0
Bosnia and Herzegovina,BIH,150.0,1998.0,Croatian Democratic Union of Bosnia and Herzegovina,HDZ-BiH,10.9,14.3,6.0,42.0,1.0,1.007,0.093,0.0
Bosnia and Herzegovina,BIH,150.0,2000.0,Croatian Democratic Union of Bosnia and Herzegovina,HDZ-BiH,11.4,11.9,5.0,42.0,3.0,1.007,0.093,0.0
Bosnia and Herzegovina,BIH,150.0,2002.0,Croatian Democratic Union of Bosnia and Herzegovina,HDZ-BiH,9.3,11.9,5.0,42.0,1.0,1.007,0.093,0.0
Bosnia and Herzegovina,BIH,150.0,2006.0,Croatian Democratic Union of Bosnia and Herzegovina,HDZ-BiH,,7.1,3.0,42.0,1.0,1.007,0.093,0.0
Bosnia and Herzegovina,BIH,150.0,2010.0,Croatian Democratic Union of Bosnia and Herzegovina,HDZ-BiH,7.0,7.1,3.0,42.0,0.0,1.007,0.093,0.0
Bosnia and Herzegovina,BIH,150.0,2014.0,Croatian Democratic Union of Bosnia and Herzegovina,HDZ-BiH,,,,,,,,
Bosnia and Herzegovina,BIH,150.0,2018.0,Croatian Democratic Union of Bosnia and Herzegovina,HDZ-BiH,,,,,,,,
Bosnia and Herzegovina,BIH,150.0,2006.0,Croatian Democratic Union 1990,HDZ1990,,,,,,,,
Bosnia and Herzegovina,BIH,150.0,2018.0,Democratic People's Alliance,DNS,4.2,2.4,1.0,42.0,1.0,-0.02,0.093,0.0
Bosnia and Herzegovina,BIH,150.0,2010.0,Union for a Better Future,SBB BIH,8.0,9.5,4.0,42.0,3.0,1.022,0.094,1.0
Bosnia and Herzegovina,BIH,150.0,2014.0,Union for a Better Future,SBB BIH,8.7,9.5,4.0,42.0,3.0,1.022,0.094,0.0
Bosnia and Herzegovina,BIH,150.0,2018.0,Union for a Better Future,SBB BIH,4.2,4.8,2.0,42.0,1.0,1.022,0.094,0.0
Bosnia and Herzegovina,BIH,150.0,2014.0,Democratic Front,DF,9.2,11.9,5.0,42.0,1.0,-0.978,0.409,1.0
Bosnia and Herzegovina,BIH,150.0,2018.0,Democratic Front,DF,5.8,7.1,3.0,42.0,,,0.409,
Bosnia and Herzegovina,BIH,150.0,1998.0,Serbian People's Alliance of Republika Srpska,SNSRS,,,,,,,,
Bosnia and Herzegovina,BIH,150.0,2014.0,Croatian Peasant Party of Bosnia and Herzegovina,HSS,,,,,,,,
Bosnia and Herzegovina,BIH,150.0,2018.0,Croatian Peasant Party of Bosnia and Herzegovina,HSS,,,,,,,,
Bosnia and Herzegovina,BIH,150.0,2014.0,Croatian Christian Democratic Union of Bosnia and Herzegovina,HKDU BiH,,,,,,,,
Bosnia and Herzegovina,BIH,150.0,2018.0,Croatian Christian Democratic Union of Bosnia and Herzegovina,HKDU BiH,,,,,,,,
Bosnia and Herzegovina,BIH,150.0,2018.0,HDU BiH,HDU BiH,,,,,,,,
Bosnia and Herzegovina,BIH,150.0,2006.0,alliance: HDZ-HK~HNZ,HDZ-HK~HNZ,4.9,,,,,,,
Bosnia and Herzegovina,BIH,150.0,1998.0,alliance: Sloga,Sloga,12.4,9.5,4.0,42.0,0.0,1.009,0.09,2.0
Bosnia and Herzegovina,BIH,150.0,2006.0,alliance: HZ,HZ,3.7,4.8,2.0,42.0,1.0,-0.079,0.094,2.0
Bosnia and Herzegovina,BIH,150.0,2014.0,alliance: HDZ–HSS–HKDU–HSP-AS BiH–HSP HB,HDZ–HSS–HKDU...,7.5,9.5,4.0,42.0,1.0,-0.092,0.09,2.0
Bosnia and Herzegovina,BIH,150.0,2018.0,alliance: HDZ–HSS–HSP-HNS–HKDU–HSP-AS BiH–HDU BiH,HDZ–HSS–HSP-...,,,,,1.0,1.055,0.091,2.0
Bosnia and Herzegovina,BIH,150.0,2018.0,alliance: HDZ-HSS-HSP-HKDU,HDZ-HSS-HSP-...,9.1,11.9,5.0,42.0,,,,
Bulgaria,BGR,152.0,2009.0,Blue Coalition,BC,6.8,6.3,15.0,240.0,3.0,1.322,0.251,2.0
Bulgaria,BGR,152.0,1997.0,Bulgarian Euro-Left Coalition,BEL,5.6,5.8,14.0,240.0,3.0,-0.905,0.199,1.0
Bulgaria,BGR,152.0,2005.0,Bulgarian People's Union,BNS,5.2,5.4,13.0,240.0,3.0,-0.098,0.309,2.0
Bulgaria,BGR,152.0,2001.0,National Movement (Simeon II) for Stability and Progress,NDSV,42.7,50.0,120.0,240.0,0.0,0.304,0.337,1.0
Bulgaria,BGR,152.0,2005.0,National Movement (Simeon II) for Stability and Progress,NDSV,19.9,22.1,53.0,240.0,1.0,0.304,0.267,0.0
Bulgaria,BGR,152.0,1990.0,Union of Democratic Forces,SDS,36.2,36.0,144.0,400.0,3.0,1.802,0.359,1.0
Bulgaria,BGR,152.0,1991.0,Union of Democratic Forces,SDS,34.4,45.8,110.0,240.0,0.0,1.802,0.367,0.0
Bulgaria,BGR,152.0,1994.0,Union of Democratic Forces,SDS,24.2,28.8,69.0,240.0,3.0,1.817,0.373,0.0
Bulgaria,BGR,152.0,2009.0,Union of Democratic Forces,SDS,,,,,,,,
Bulgaria,BGR,152.0,2014.0,Union of Democratic Forces,SDS,,,,,,,,
Bulgaria,BGR,152.0,2005.0,Communist Party of Bulgaria,BKP,,,,,,,,
Bulgaria,BGR,152.0,2009.0,Communist Party of Bulgaria,BKP,,,,,,,,
Bulgaria,BGR,152.0,2013.0,Communist Party of Bulgaria,BKP,,,,,,,,
Bulgaria,BGR,152.0,2014.0,Communist Party of Bulgaria,BKP,,,,,,,,
Bulgaria,BGR,152.0,2017.0,Communist Party of Bulgaria,BKP,,,,,,,,
Bulgaria,BGR,152.0,2005.0,Green Party of Bulgaria,ZP,,,,,,,,
Bulgaria,BGR,152.0,2005.0,Party of Bulgarian Social Democrats,PBSD,,,,,,,,
Bulgaria,BGR,152.0,2009.0,Party of Bulgarian Social Democrats,PBSD,,,,,,,,
Bulgaria,BGR,152.0,2013.0,Party of Bulgarian Social Democrats,PBSD,,,,,,,,
Bulgaria,BGR,152.0,2014.0,Party of Bulgarian Social Democrats,PBSD,,,,,,,,
Bulgaria,BGR,152.0,2005.0,Agrarian People's Union,ZNS,,,,,,,,
Bulgaria,BGR,152.0,2009.0,Agrarian People's Union,ZNS,,,,,,,,
Bulgaria,BGR,152.0,2014.0,Agrarian People's Union,ZNS,,,,,,,,
Bulgaria,BGR,152.0,1990.0,Bulgarian Socialist Party,BSP,47.2,52.8,211.0,400.0,0.0,-1.952,0.531,2.0
Bulgaria,BGR,152.0,1991.0,Bulgarian Socialist Party,BSP,,,,,,,,
Bulgaria,BGR,152.0,1994.0,Bulgarian Socialist Party,BSP,,,,,,,,
Bulgaria,BGR,152.0,1997.0,Bulgarian Socialist Party,BSP,,,,,,,,
Bulgaria,BGR,152.0,2001.0,Bulgarian Socialist Party,BSP,,,,,,,,
Bulgaria,BGR,152.0,2005.0,Bulgarian Socialist Party,BSP,,,,,,,,
Bulgaria,BGR,152.0,2009.0,Bulgarian Socialist Party,BSP,,,,,,,,
Bulgaria,BGR,152.0,2013.0,Bulgarian Socialist Party,BSP,,,,,,,,
Bulgaria,BGR,152.0,2014.0,Bulgarian Socialist Party,BSP,,,,,,,,
Bulgaria,BGR,152.0,2017.0,Bulgarian Socialist Party,BSP,,,,,,,,
Bulgaria,BGR,152.0,2009.0,Citizens for European Development of Bulgaria,GERB,39.7,48.3,116.0,240.0,0.0,-0.027,0.701,1.0
Bulgaria,BGR,152.0,2013.0,Citizens for European Development of Bulgaria,GERB,30.5,40.4,97.0,240.0,3.0,0.192,0.47,0.0
Bulgaria,BGR,152.0,2014.0,Citizens for European Development of Bulgaria,GERB,32.7,35.0,84.0,240.0,0.0,0.192,0.468,0.0
Bulgaria,BGR,152.0,2017.0,Citizens for European Development of Bulgaria,GERB,33.5,39.6,95.0,240.0,0.0,0.485,0.393,0.0
Bulgaria,BGR,152.0,1994.0,"Political Club """"Ecoglasnost""""",PKE,,,,,,,,
Bulgaria,BGR,152.0,1997.0,"Political Club """"Ecoglasnost""""",PKE,,,,,,,,
Bulgaria,BGR,152.0,2014.0,"Political Club """"Ecoglasnost""""",PKE,,,,,,,,
Bulgaria,BGR,152.0,2017.0,"Political Club """"Ecoglasnost""""",PKE,,,,,,,,
Bulgaria,BGR,152.0,1990.0,Movement for Rights and Freedoms,DPS,8.0,5.8,23.0,400.0,3.0,-0.223,0.254,1.0
Bulgaria,BGR,152.0,1991.0,Movement for Rights and Freedoms,DPS,7.5,10.0,24.0,240.0,2.0,-0.354,0.254,0.0
Bulgaria,BGR,152.0,1994.0,Movement for Rights and Freedoms,DPS,5.4,6.3,15.0,240.0,3.0,-0.092,0.219,0.0
Bulgaria,BGR,152.0,2001.0,Movement for Rights and Freedoms,DPS,7.5,8.8,21.0,240.0,1.0,-0.067,0.145,0.0
Bulgaria,BGR,152.0,2005.0,Movement for Rights and Freedoms,DPS,12.8,14.2,34.0,240.0,1.0,-0.067,0.145,0.0
Bulgaria,BGR,152.0,2009.0,Movement for Rights and Freedoms,DPS,14.4,15.8,38.0,240.0,3.0,0.25,0.145,0.0
Bulgaria,BGR,152.0,2013.0,Movement for Rights and Freedoms,DPS,11.3,15.0,36.0,240.0,1.0,-0.513,0.175,0.0
Bulgaria,BGR,152.0,2014.0,Movement for Rights and Freedoms,DPS,14.8,15.8,38.0,240.0,3.0,-0.299,0.148,0.0
Bulgaria,BGR,152.0,2017.0,Movement for Rights and Freedoms,DPS,9.2,10.8,26.0,240.0,3.0,-0.053,0.181,0.0
Bulgaria,BGR,152.0,1997.0,Bulgarian Business Bloc,BBB,5.3,5.0,12.0,240.0,3.0,0.727,0.526,0.0
Bulgaria,BGR,152.0,1997.0,United Democratic Forces,ODS,49.1,57.1,137.0,240.0,0.0,1.641,0.267,2.0
Bulgaria,BGR,152.0,2001.0,United Democratic Forces,ODS,18.2,21.3,51.0,240.0,3.0,1.822,0.219,0.0
Bulgaria,BGR,152.0,2005.0,United Democratic Forces,ODS,7.7,8.3,20.0,240.0,3.0,1.822,0.285,0.0
Bulgaria,BGR,152.0,2005.0,Democrats for a Strong Bulgaria,DSB,6.4,7.1,17.0,240.0,3.0,1.819,0.273,1.0
Bulgaria,BGR,152.0,2009.0,Democrats for a Strong Bulgaria,DSB,,,,,,,,
Bulgaria,BGR,152.0,2014.0,Democrats for a Strong Bulgaria,DSB,,,,,,,,
Bulgaria,BGR,152.0,1991.0,Coalition for Bulgaria -- Democratic Left,KzB/BSP,33.1,44.2,106.0,240.0,3.0,-2.113,0.324,2.0
Bulgaria,BGR,152.0,1994.0,Coalition for Bulgaria -- Democratic Left,KzB/BSP,43.5,52.1,125.0,240.0,0.0,-2.066,0.495,0.0
Bulgaria,BGR,152.0,1997.0,Coalition for Bulgaria -- Democratic Left,KzB/BSP,22.4,24.2,58.0,240.0,3.0,-1.798,0.203,0.0
Bulgaria,BGR,152.0,2001.0,Coalition for Bulgaria -- Democratic Left,KzB/BSP,17.1,20.0,48.0,240.0,3.0,-1.707,0.281,0.0
Bulgaria,BGR,152.0,2005.0,Coalition for Bulgaria -- Democratic Left,KzB/BSP,30.9,34.2,82.0,240.0,0.0,-2.007,0.24,0.0
Bulgaria,BGR,152.0,2009.0,Coalition for Bulgaria -- Democratic Left,KzB/BSP,17.7,16.7,40.0,240.0,3.0,-1.732,0.209,0.0
Bulgaria,BGR,152.0,2013.0,Coalition for Bulgaria -- Democratic Left,KzB/BSP,26.6,35.0,84.0,240.0,0.0,-2.181,0.372,0.0
Bulgaria,BGR,152.0,2014.0,Coalition for Bulgaria -- Democratic Left,KzB/BSP,15.4,16.3,39.0,240.0,3.0,-2.25,0.41,0.0
Bulgaria,BGR,152.0,2017.0,Coalition for Bulgaria -- Democratic Left,KzB/BSP,27.9,33.3,80.0,240.0,3.0,-1.566,0.441,0.0
Bulgaria,BGR,152.0,1997.0,Union for National Salvation,ONS,7.6,7.9,19.0,240.0,3.0,-0.042,0.333,1.0
Bulgaria,BGR,152.0,2005.0,National Union Attack,ATA,8.1,8.8,21.0,240.0,3.0,-1.36,0.93,1.0
Bulgaria,BGR,152.0,2009.0,National Union Attack,ATA,9.4,8.8,21.0,240.0,3.0,-1.641,0.93,0.0
Bulgaria,BGR,152.0,2013.0,National Union Attack,ATA,7.3,9.6,23.0,240.0,2.0,-1.641,0.93,0.0
Bulgaria,BGR,152.0,2005.0,IMRO -- Bulgarian National Movement,IMRO,,,,,,,,
Bulgaria,BGR,152.0,2014.0,National Front for the Salvation of Bulgaria,NFSB,7.3,7.9,19.0,240.0,3.0,-0.43,0.905,1.0
Bulgaria,BGR,152.0,2017.0,National Front for the Salvation of Bulgaria,NFSB,9.3,11.3,27.0,240.0,1.0,0.371,0.665,0.0
Bulgaria,BGR,152.0,2014.0,Bulgaria for Citizens Movement,BNG,,,,,,,,
Bulgaria,BGR,152.0,1990.0,Bulgarian Agrarian National Union,BZNS-NP,6.0,4.0,16.0,400.0,1.0,-0.782,0.326,2.0
Bulgaria,BGR,152.0,1994.0,Bulgarian Agrarian National Union,BZNS-NP,,,,,,,,
Bulgaria,BGR,152.0,2014.0,Bulgaria Without Censorship,BBZ,5.7,6.3,15.0,240.0,2.0,-0.585,0.875,1.0
Bulgaria,BGR,152.0,2014.0,Reformist Bloc,RB,8.9,9.6,23.0,240.0,1.0,2.41,0.306,1.0
Bulgaria,BGR,152.0,1981.0,Fatherland Front,OF,100.0,100.0,400.0,400.0,1.0,-3.139,0.022,0.0
Bulgaria,BGR,152.0,1986.0,Fatherland Front,OF,100.0,100.0,400.0,400.0,1.0,-3.139,0.022,0.0
Bulgaria,BGR,152.0,1994.0,Democratic Party,DP,,,,,,,,
Bulgaria,BGR,152.0,1994.0,"Agrarian Union """"Aleksandar Stamboliyski""""",ZS-AS,,,,,,,,
Bulgaria,BGR,152.0,1997.0,"Agrarian Union """"Aleksandar Stamboliyski""""",ZS-AS,,,,,,,,
Bulgaria,BGR,152.0,2001.0,"Agrarian Union """"Aleksandar Stamboliyski""""",ZS-AS,,,,,,,,
Bulgaria,BGR,152.0,2005.0,"Agrarian Union """"Aleksandar Stamboliyski""""",ZS-AS,,,,,,,,
Bulgaria,BGR,152.0,2009.0,"Agrarian Union """"Aleksandar Stamboliyski""""",ZS-AS,,,,,,,,
Bulgaria,BGR,152.0,2013.0,"Agrarian Union """"Aleksandar Stamboliyski""""",ZS-AS,,,,,,,,
Bulgaria,BGR,152.0,2014.0,"Agrarian Union """"Aleksandar Stamboliyski""""",ZS-AS,,,,,,,,
Bulgaria,BGR,152.0,2017.0,"Agrarian Union """"Aleksandar Stamboliyski""""",ZS-AS,,,,,,,,
Bulgaria,BGR,152.0,2005.0,Union of Free Democrats,SSD,,,,,,,,
Bulgaria,BGR,152.0,1994.0,alliance: People's Union,People's Union,6.5,7.5,18.0,240.0,3.0,0.163,0.363,2.0
Comoros,COM,153.0,1982.0,independent,indep,100.0,100.0,38.0,38.0,,,,
Comoros,COM,153.0,1992.0,independent,indep,9.5,16.7,7.0,42.0,,,,
Comoros,COM,153.0,2015.0,independent,indep,25.1,9.1,3.0,33.0,,,,
Comoros,COM,153.0,1987.0,Comorian Union for Progress,UCP,100.0,100.0,42.0,42.0,0.0,-0.734,0.489,1.0
Comoros,COM,153.0,2004.0,Convention for the Renewal of the Comoros,CRC,,18.2,6.0,33.0,0.0,1.087,0.444,1.0
Comoros,COM,153.0,2015.0,Convention for the Renewal of the Comoros,CRC,7.2,6.1,2.0,33.0,2.0,1.05,0.454,0.0
Comoros,COM,153.0,1993.0,Rally for Democracy and Renewal,RDR,,66.7,28.0,42.0,0.0,-0.278,0.35,1.0
Comoros,COM,153.0,2015.0,Orange Party,PO,6.0,0.0,0.0,33.0,3.0,-1.287,0.343,1.0
Comoros,COM,153.0,2015.0,Juwa Party,PJ,18.0,30.3,10.0,33.0,3.0,-0.009,0.503,1.0
Comoros,COM,153.0,2015.0,Democratic Rally of the Comoros,RDC,10.4,12.1,4.0,33.0,2.0,-1.354,0.347,1.0
Comoros,COM,153.0,2004.0,Camp of the Autonomous Islands,CdIA,,36.4,12.0,33.0,3.0,-1.385,0.347,1.0
Comoros,COM,153.0,2015.0,Union for the Development of the Comoros,UPDC,18.5,33.3,11.0,33.0,0.0,1.075,0.398,1.0
Comoros,COM,153.0,1996.0,National Front for Justice,FNJ,,7.0,3.0,43.0,1.0,-0.206,0.771,1.0
Comoros,COM,153.0,1993.0,National Union for Democracy in the Comoros,UNDC,,9.5,4.0,42.0,3.0,-1.0,0.353,1.0
Comoros,COM,153.0,1992.0,Union of Democrats for Development,UDD,10.3,16.7,7.0,42.0,0.0,-0.582,0.395,1.0
Comoros,COM,153.0,1992.0,Comorian Party for Democracy and Progress,PCDP,6.4,7.1,3.0,42.0,3.0,-0.757,0.26,1.0
Comoros,COM,153.0,2004.0,Comorian Party for Democracy and Progress,PCDP,,,,,,,,
Comoros,COM,153.0,1996.0,National Rally for Development,RND,,90.7,39.0,43.0,0.0,-0.294,0.351,1.0
Comoros,COM,153.0,2004.0,National Rally for Development,RND,,,,,,,,
Comoros,COM,153.0,1992.0,Movement for Democracy and Progress,MDP,10.4,7.1,3.0,42.0,3.0,0.469,0.287,1.0
Comoros,COM,153.0,2004.0,Movement for Democracy and Progress,MDP,,,,,,,,
Comoros,COM,153.0,1992.0,Maecha Bora,MB,6.7,7.1,3.0,42.0,3.0,0.075,0.342,1.0
Comoros,COM,153.0,1992.0,Islands' Fraternity and Unity Party,CHUMA,6.2,7.1,3.0,42.0,1.0,-2.21,0.38,1.0
Comoros,COM,153.0,2004.0,Islands' Fraternity and Unity Party,CHUMA,,,,,,,,
Comoros,COM,153.0,1992.0,Rally for Change and Democracy,RACHADE,8.1,0.0,0.0,42.0,3.0,-0.007,0.336,1.0
Comoros,COM,153.0,1992.0,Democratic Front of the Comoros,FDC,8.0,0.0,0.0,42.0,3.0,-0.711,0.352,1.0
Comoros,COM,153.0,2004.0,Democratic Front of the Comoros,FDC,,,,,,,,
Comoros,COM,153.0,1992.0,Uweco // Realising Freedom's Capability // Union for a Democratic Republic in the Comoros,URFC,5.3,0.0,0.0,42.0,3.0,-1.422,0.297,1.0
Comoros,COM,153.0,2009.0,Baobab Movement,BM,,83.3,20.0,24.0,0.0,-1.368,0.39,1.0
Comoros,COM,153.0,1992.0,Dialogue Proposition Action // Mwangaza,DPA,5.4,0.0,0.0,42.0,3.0,-0.726,0.282,1.0
Comoros,COM,153.0,2004.0,technical: Indirectly-elected members,tech,,45.5,15.0,33.0,,,,
Croatia,HRV,154.0,1995.0,Croatian Peasant Party,HSS,,7.9,10.0,127.0,3.0,0.899,0.145,0.0
Croatia,HRV,154.0,2000.0,Croatian Peasant Party,HSS,,11.3,17.0,151.0,1.0,0.44,0.13,0.0
Croatia,HRV,154.0,2003.0,Croatian Peasant Party,HSS,7.3,6.6,10.0,152.0,3.0,0.176,0.103,0.0
Croatia,HRV,154.0,2007.0,Croatian Peasant Party,HSS,,3.9,6.0,153.0,1.0,0.176,0.103,0.0
Croatia,HRV,154.0,2016.0,Croatian Peasant Party,HSS,,,,,,,,
Croatia,HRV,154.0,2011.0,Democratic Centre,DC,,0.7,1.0,151.0,3.0,0.828,0.074,0.0
Croatia,HRV,154.0,1992.0,Croatian Social Liberal Party,HSLS,17.7,9.4,13.0,138.0,3.0,0.241,0.097,0.0
Croatia,HRV,154.0,1995.0,Croatian Social Liberal Party,HSLS,11.6,8.7,11.0,127.0,3.0,0.241,0.113,0.0
Croatia,HRV,154.0,2000.0,Croatian Social Liberal Party,HSLS,,15.9,24.0,151.0,1.0,0.241,0.105,0.0
Croatia,HRV,154.0,2016.0,Croatian Social Liberal Party,HSLS,,,,,,,,
Croatia,HRV,154.0,1992.0,Croatian Party of Rights,HSP,7.1,3.6,5.0,138.0,3.0,1.87,0.353,1.0
Croatia,HRV,154.0,1995.0,Croatian Party of Rights,HSP,5.0,3.1,4.0,127.0,3.0,2.237,0.353,0.0
Croatia,HRV,154.0,2000.0,Croatian Party of Rights,HSP,,2.6,4.0,151.0,3.0,2.203,0.332,0.0
Croatia,HRV,154.0,2003.0,Croatian Party of Rights,HSP,,5.3,8.0,152.0,3.0,2.203,0.334,0.0
Croatia,HRV,154.0,1995.0,Istrian Democratic Assembly,IDS,,3.1,4.0,127.0,3.0,-1.187,0.101,0.0
Croatia,HRV,154.0,2011.0,Istrian Democratic Assembly,IDS,,2.0,3.0,151.0,1.0,-1.155,0.09,0.0
Croatia,HRV,154.0,1992.0,Croatian People's Party – Liberal Democrats,HNS,6.7,2.9,4.0,138.0,3.0,-0.487,0.089,1.0
Croatia,HRV,154.0,1995.0,Croatian People's Party – Liberal Democrats,HNS,,1.6,2.0,127.0,3.0,-0.487,0.089,0.0
Croatia,HRV,154.0,2003.0,Croatian People's Party – Liberal Democrats,HNS,,6.6,10.0,152.0,3.0,-0.455,0.088,0.0
Croatia,HRV,154.0,2007.0,Croatian People's Party – Liberal Democrats,HNS,6.7,4.6,7.0,153.0,3.0,-0.478,0.088,0.0
Croatia,HRV,154.0,2011.0,Croatian People's Party – Liberal Democrats,HNS,,8.6,13.0,151.0,1.0,-0.478,0.076,0.0
Croatia,HRV,154.0,2015.0,Croatian People's Party – Liberal Democrats,HNS,,6.0,9.0,151.0,3.0,-0.458,0.076,0.0
Croatia,HRV,154.0,2016.0,Croatian People's Party – Liberal Democrats,HNS,,,,,,,,
Croatia,HRV,154.0,1992.0,Croatian Democratic Union,HDZ,44.7,61.6,85.0,138.0,0.0,0.981,0.083,0.0
Croatia,HRV,154.0,1995.0,Croatian Democratic Union,HDZ,45.2,59.1,75.0,127.0,0.0,1.289,0.082,0.0
Croatia,HRV,154.0,2000.0,Croatian Democratic Union,HDZ,24.4,30.5,46.0,151.0,3.0,1.289,0.119,0.0
Croatia,HRV,154.0,2003.0,Croatian Democratic Union,HDZ,33.2,43.4,66.0,152.0,0.0,0.831,0.083,0.0
Croatia,HRV,154.0,2007.0,Croatian Democratic Union,HDZ,35.9,43.1,66.0,153.0,0.0,0.831,0.083,0.0
Croatia,HRV,154.0,2011.0,Croatian Democratic Union,HDZ,,27.2,41.0,151.0,3.0,0.831,0.119,0.0
Croatia,HRV,154.0,2015.0,Croatian Democratic Union,HDZ,,33.1,50.0,151.0,0.0,0.831,0.083,0.0
Croatia,HRV,154.0,2016.0,Croatian Democratic Union,HDZ,,,,,,,,
Croatia,HRV,154.0,1992.0,Social Democratic Party of Croatia,SDP,5.5,2.2,3.0,138.0,3.0,-1.068,0.103,2.0
Croatia,HRV,154.0,1995.0,Social Democratic Party of Croatia,SDP,8.9,7.1,9.0,127.0,3.0,-1.068,0.124,0.0
Croatia,HRV,154.0,2000.0,Social Democratic Party of Croatia,SDP,,29.1,44.0,151.0,0.0,-0.86,0.075,0.0
Croatia,HRV,154.0,2003.0,Social Democratic Party of Croatia,SDP,,22.4,34.0,152.0,3.0,-0.86,0.126,0.0
Croatia,HRV,154.0,2007.0,Social Democratic Party of Croatia,SDP,30.8,36.6,56.0,153.0,3.0,-0.86,0.126,0.0
Croatia,HRV,154.0,2011.0,Social Democratic Party of Croatia,SDP,,40.4,61.0,151.0,0.0,-0.746,0.126,0.0
Croatia,HRV,154.0,2015.0,Social Democratic Party of Croatia,SDP,,27.8,42.0,151.0,3.0,-0.733,0.126,0.0
Croatia,HRV,154.0,2016.0,Social Democratic Party of Croatia,SDP,,,,,,,,
Croatia,HRV,154.0,2016.0,Croatian Democratic Peasant Party,HDSS,,,,,,,,
Croatia,HRV,154.0,2011.0,Croatian Party of Pensioners,HSU,,2.0,3.0,151.0,2.0,-0.935,0.121,0.0
Croatia,HRV,154.0,2016.0,Croatian Party of Pensioners,HSU,,,,,,,,
Croatia,HRV,154.0,2011.0,Kukuriku Coalition,KK,41.1,,,,,,,
Croatia,HRV,154.0,2016.0,Kukuriku Coalition,KK,32.2,35.8,54.0,151.0,3.0,-0.853,0.09,0.0
Croatia,HRV,154.0,2016.0,Youth Action,AM,,,,,,,,
Croatia,HRV,154.0,2011.0,Croatian Labourists – Labour Party,CL-LP,4.2,4.0,6.0,151.0,3.0,-1.752,0.516,1.0
Croatia,HRV,154.0,1995.0,Joint List Bloc,ZL,18.3,,,,,,,
Croatia,HRV,154.0,2015.0,Bridge of Independent Lists,Most,13.4,12.6,19.0,151.0,1.0,1.015,0.705,1.0
Croatia,HRV,154.0,2016.0,Bridge of Independent Lists,Most,9.91,8.6,13.0,151.0,1.0,1.015,0.705,0.0
Croatia,HRV,154.0,2016.0,Human Shield,HS,,,,,,,,
Croatia,HRV,154.0,2011.0,Croatian Civic Party,HGS,,1.3,2.0,151.0,3.0,0.359,0.29,1.0
Croatia,HRV,154.0,1995.0,Croatian Christian Democratic Union,HKDU,,0.8,1.0,127.0,3.0,0.97,0.113,1.0
Croatia,HRV,154.0,2000.0,Croatian Christian Democratic Union,HKDU,,0.7,1.0,151.0,3.0,0.97,0.164,0.0
Croatia,HRV,154.0,1995.0,Slavonia-Baranja Croatian Party,SBHS,,0.8,1.0,127.0,3.0,0.535,0.326,1.0
Croatia,HRV,154.0,2000.0,alliance: SDP/HSLS/(PGS/SBHS),SDP/HSLS/(PG...,40.8,,,,,,,
Croatia,HRV,154.0,2000.0,alliance: HNS/HSS/LS/(IDS/ASH),HNS/HSS/LS/(...,15.6,,,,,,,
Croatia,HRV,154.0,2000.0,alliance: HKDU/HSP,HKDU/HSP,5.3,,,,,,,
Croatia,HRV,154.0,2003.0,alliance: SDP/IDS/LS/Libra,SDP/IDS/LS/L...,23.3,,,,,,,
Croatia,HRV,154.0,2003.0,alliance: HNS/PGS/SBHS,HNS/PGS/SBHS,8.3,,,,,,,
Croatia,HRV,154.0,2003.0,alliance: HSP/ZDS/MS,HSP/ZDS/MS,6.5,,,,,,,
Croatia,HRV,154.0,2007.0,"alliance: """"Green-Yellow Coalition""""","""""Green-Yello...",6.4,,,,,,,
Croatia,HRV,154.0,2011.0,"alliance: HDZ, incl. coalitions","HDZ, incl. c...",23.5,,,,,,,
Croatia,HRV,154.0,2015.0,alliance: Croatia is Growing,Croatia is G...,32.8,,,,,,,
Croatia,HRV,154.0,2015.0,alliance: Patriotic Coalition,Patriotic Co...,34.1,,,,,,,
Croatia,HRV,154.0,2016.0,alliance: HDZ Coalition,HDZ Coalition,35.2,40.4,61.0,151.0,0.0,1.008,0.238,2.0
Croatia,HRV,154.0,2016.0,alliance: The Only Option Coalition,The Only Opt...,5.9,5.3,8.0,151.0,3.0,-0.524,0.612,1.0
Cuba,CUB,155.0,1981.0,Communist Party of Cuba,PCC,100.0,100.0,481.0,481.0,0.0,-2.734,0.805,0.0
Cuba,CUB,155.0,1986.0,Communist Party of Cuba,PCC,100.0,100.0,601.0,601.0,0.0,-3.487,0.817,0.0
Cuba,CUB,155.0,1993.0,Communist Party of Cuba,PCC,100.0,100.0,601.0,601.0,0.0,-2.797,0.804,0.0
Cuba,CUB,155.0,1998.0,Communist Party of Cuba,PCC,100.0,100.0,601.0,601.0,0.0,-2.343,0.804,0.0
Cuba,CUB,155.0,2003.0,Communist Party of Cuba,PCC,100.0,100.0,609.0,609.0,0.0,-2.82,0.791,0.0
Cuba,CUB,155.0,2008.0,Communist Party of Cuba,PCC,100.0,100.0,614.0,614.0,0.0,-2.359,0.792,0.0
Cuba,CUB,155.0,2013.0,Communist Party of Cuba,PCC,100.0,100.0,621.0,621.0,0.0,-2.359,0.791,0.0
Cyprus,CYP,156.0,1981.0,Democratic Rally,DISY,31.9,34.3,12.0,35.0,3.0,2.259,0.258,0.0
Cyprus,CYP,156.0,1985.0,Democratic Rally,DISY,33.6,33.9,19.0,56.0,3.0,2.259,0.258,0.0
Cyprus,CYP,156.0,1991.0,Democratic Rally,DISY,35.8,35.7,20.0,56.0,3.0,1.764,0.258,0.0
Cyprus,CYP,156.0,1996.0,Democratic Rally,DISY,34.5,35.7,20.0,56.0,0.0,1.764,0.258,0.0
Cyprus,CYP,156.0,2001.0,Democratic Rally,DISY,34.0,33.9,19.0,56.0,0.0,1.764,0.258,0.0
Cyprus,CYP,156.0,2006.0,Democratic Rally,DISY,30.3,32.1,18.0,56.0,3.0,1.171,0.258,0.0
Cyprus,CYP,156.0,2011.0,Democratic Rally,DISY,34.3,35.7,20.0,56.0,3.0,2.029,0.258,0.0
Cyprus,CYP,156.0,2016.0,Democratic Rally,DISY,30.7,30.5,18.0,59.0,0.0,2.056,0.217,0.0
Cyprus,CYP,156.0,1981.0,Democratic Party,DIKO,19.5,22.9,8.0,35.0,0.0,1.501,0.467,0.0
Cyprus,CYP,156.0,1985.0,Democratic Party,DIKO,27.6,28.6,16.0,56.0,0.0,1.501,0.467,0.0
Cyprus,CYP,156.0,1991.0,Democratic Party,DIKO,19.6,19.6,11.0,56.0,3.0,1.501,0.467,0.0
Cyprus,CYP,156.0,1996.0,Democratic Party,DIKO,16.4,17.9,10.0,56.0,1.0,1.501,0.467,0.0
Cyprus,CYP,156.0,2001.0,Democratic Party,DIKO,14.8,16.1,9.0,56.0,3.0,1.501,0.467,0.0
Cyprus,CYP,156.0,2006.0,Democratic Party,DIKO,17.9,19.6,11.0,56.0,0.0,1.501,0.467,0.0
Cyprus,CYP,156.0,2011.0,Democratic Party,DIKO,15.8,16.1,9.0,56.0,3.0,1.501,0.454,0.0
Cyprus,CYP,156.0,2016.0,Democratic Party,DIKO,14.5,15.3,9.0,59.0,1.0,1.501,0.459,0.0
Cyprus,CYP,156.0,1981.0,Movement for Social Democracy EDEK,EDEK,8.2,8.6,3.0,35.0,3.0,-1.37,0.624,0.0
Cyprus,CYP,156.0,1985.0,Movement for Social Democracy EDEK,EDEK,11.1,10.7,6.0,56.0,3.0,-1.37,0.625,0.0
Cyprus,CYP,156.0,1991.0,Movement for Social Democracy EDEK,EDEK,10.9,12.5,7.0,56.0,3.0,-1.37,0.622,0.0
Cyprus,CYP,156.0,1996.0,Movement for Social Democracy EDEK,EDEK,8.1,8.9,5.0,56.0,3.0,-0.629,0.622,0.0
Cyprus,CYP,156.0,2001.0,Movement for Social Democracy EDEK,EDEK,6.5,7.1,4.0,56.0,3.0,-0.629,0.574,0.0
Cyprus,CYP,156.0,2006.0,Movement for Social Democracy EDEK,EDEK,8.9,8.9,5.0,56.0,3.0,-0.629,0.63,0.0
Cyprus,CYP,156.0,2011.0,Movement for Social Democracy EDEK,EDEK,8.9,8.9,5.0,56.0,3.0,-0.629,0.607,0.0
Cyprus,CYP,156.0,2016.0,Movement for Social Democracy EDEK,EDEK,6.2,5.1,3.0,59.0,3.0,-0.629,0.612,0.0
Cyprus,CYP,156.0,1981.0,Progressive Party of Working People,AKEL,32.8,34.3,12.0,35.0,2.0,-2.784,0.788,0.0
Cyprus,CYP,156.0,1985.0,Progressive Party of Working People,AKEL,27.4,26.8,15.0,56.0,3.0,-2.085,0.788,0.0
Cyprus,CYP,156.0,1991.0,Progressive Party of Working People,AKEL,30.6,32.1,18.0,56.0,1.0,-2.085,0.788,0.0
Cyprus,CYP,156.0,1996.0,Progressive Party of Working People,AKEL,33.0,33.9,19.0,56.0,3.0,-1.418,0.788,0.0
Cyprus,CYP,156.0,2001.0,Progressive Party of Working People,AKEL,34.7,35.7,20.0,56.0,3.0,-1.418,0.788,0.0
Cyprus,CYP,156.0,2006.0,Progressive Party of Working People,AKEL,31.1,32.1,18.0,56.0,1.0,-1.418,0.788,0.0
Cyprus,CYP,156.0,2011.0,Progressive Party of Working People,AKEL,32.7,33.9,19.0,56.0,0.0,-1.418,0.788,0.0
Cyprus,CYP,156.0,2016.0,Progressive Party of Working People,AKEL,25.7,27.1,16.0,59.0,3.0,-0.672,0.837,0.0
Cyprus,CYP,156.0,2006.0,European Party,EK,5.8,5.4,3.0,56.0,3.0,1.256,0.263,0.0
Cyprus,CYP,156.0,2016.0,Citizen's Alliance,SYM,6.0,5.1,3.0,59.0,3.0,0.13,0.634,0.0
Cyprus,CYP,156.0,2016.0,Solidarity Movement,KINHMA,5.2,5.1,3.0,59.0,3.0,2.062,0.587,1.0
Czech Republic,CZE,157.0,1998.0,Freedom Union / Democratic Union,US/DEU,8.6,9.5,19.0,200.0,3.0,0.758,0.12,1.0
Czech Republic,CZE,157.0,2002.0,Freedom Union / Democratic Union,US/DEU,,4.5,9.0,200.0,1.0,0.758,0.098,0.0
Czech Republic,CZE,157.0,1992.0,Czech Social Democratic Party,CSSD,6.5,8.0,16.0,200.0,3.0,-1.477,0.389,0.0
Czech Republic,CZE,157.0,1996.0,Czech Social Democratic Party,CSSD,26.4,30.5,61.0,200.0,3.0,-1.312,0.489,0.0
Czech Republic,CZE,157.0,1998.0,Czech Social Democratic Party,CSSD,32.3,37.0,74.0,200.0,0.0,-1.312,0.403,0.0
Czech Republic,CZE,157.0,2002.0,Czech Social Democratic Party,CSSD,30.2,35.0,70.0,200.0,0.0,-1.312,0.275,0.0
Czech Republic,CZE,157.0,2006.0,Czech Social Democratic Party,CSSD,32.3,37.0,74.0,200.0,3.0,-1.312,0.268,0.0
Czech Republic,CZE,157.0,2010.0,Czech Social Democratic Party,CSSD,22.1,28.0,56.0,200.0,3.0,-1.312,0.297,0.0
Czech Republic,CZE,157.0,2013.0,Czech Social Democratic Party,CSSD,20.4,25.0,50.0,200.0,0.0,-1.312,0.271,0.0
Czech Republic,CZE,157.0,2017.0,Czech Social Democratic Party,CSSD,7.3,7.5,15.0,200.0,1.0,-1.312,0.244,0.0
Czech Republic,CZE,157.0,2010.0,Tradition Responsibility Prosperity 09,TOP09,16.7,19.0,38.0,200.0,1.0,1.222,0.11,1.0
Czech Republic,CZE,157.0,2013.0,Tradition Responsibility Prosperity 09,TOP09,12.0,10.5,21.0,200.0,3.0,1.222,0.097,0.0
Czech Republic,CZE,157.0,2017.0,Tradition Responsibility Prosperity 09,TOP09,5.3,3.5,7.0,200.0,3.0,1.345,0.139,0.0
Czech Republic,CZE,157.0,1992.0,Civic Democratic Party,ODS,,33.0,66.0,200.0,0.0,1.641,0.073,1.0
Czech Republic,CZE,157.0,1996.0,Civic Democratic Party,ODS,29.6,34.0,68.0,200.0,0.0,1.8,0.055,0.0
Czech Republic,CZE,157.0,1998.0,Civic Democratic Party,ODS,27.7,31.5,63.0,200.0,2.0,1.649,0.087,0.0
Czech Republic,CZE,157.0,2002.0,Civic Democratic Party,ODS,24.5,29.0,58.0,200.0,3.0,1.649,0.108,0.0
Czech Republic,CZE,157.0,2006.0,Civic Democratic Party,ODS,35.4,40.5,81.0,200.0,0.0,1.649,0.106,0.0
Czech Republic,CZE,157.0,2010.0,Civic Democratic Party,ODS,20.2,26.5,53.0,200.0,0.0,1.473,0.098,0.0
Czech Republic,CZE,157.0,2013.0,Civic Democratic Party,ODS,7.7,8.0,16.0,200.0,3.0,1.473,0.098,0.0
Czech Republic,CZE,157.0,2017.0,Civic Democratic Party,ODS,11.3,12.5,25.0,200.0,3.0,1.473,0.184,0.0
Czech Republic,CZE,157.0,1990.0,Christian Democratic Union / People's Party,KDU/CSL,8.4,7.5,15.0,200.0,1.0,-0.303,0.232,1.0
Czech Republic,CZE,157.0,1992.0,Christian Democratic Union / People's Party,KDU/CSL,6.3,7.5,15.0,200.0,1.0,-0.195,0.085,0.0
Czech Republic,CZE,157.0,1996.0,Christian Democratic Union / People's Party,KDU/CSL,8.1,9.0,18.0,200.0,1.0,-0.322,0.081,0.0
Czech Republic,CZE,157.0,1998.0,Christian Democratic Union / People's Party,KDU/CSL,9.0,10.0,20.0,200.0,3.0,-0.42,0.122,0.0
Czech Republic,CZE,157.0,2002.0,Christian Democratic Union / People's Party,KDU/CSL,,11.0,22.0,200.0,1.0,-0.323,0.122,0.0
Czech Republic,CZE,157.0,2006.0,Christian Democratic Union / People's Party,KDU/CSL,7.2,6.5,13.0,200.0,1.0,-0.323,0.122,0.0
Czech Republic,CZE,157.0,2013.0,Christian Democratic Union / People's Party,KDU/CSL,6.8,7.0,14.0,200.0,1.0,-0.205,0.084,0.0
Czech Republic,CZE,157.0,2017.0,Christian Democratic Union / People's Party,KDU/CSL,5.8,5.0,10.0,200.0,3.0,0.168,0.134,0.0
Czech Republic,CZE,157.0,1992.0,Christian Democratic Party,KDS,,5.0,10.0,200.0,1.0,1.208,0.149,1.0
Czech Republic,CZE,157.0,1992.0,Liberal Social Union,LSU,6.5,8.0,16.0,200.0,3.0,-1.069,0.29,1.0
Czech Republic,CZE,157.0,1990.0,Movement for Self-Governing Democracy / Society for Moravia and Silesia,HSD/SMS,10.0,11.0,22.0,200.0,3.0,-0.726,0.467,1.0
Czech Republic,CZE,157.0,1992.0,Movement for Self-Governing Democracy / Society for Moravia and Silesia,HSD/SMS,5.9,7.0,14.0,200.0,3.0,-0.636,0.457,0.0
Czech Republic,CZE,157.0,1992.0,Civic Democratic Alliance,ODA,5.9,7.0,14.0,200.0,1.0,1.822,0.023,1.0
Czech Republic,CZE,157.0,1996.0,Civic Democratic Alliance,ODA,6.4,6.5,13.0,200.0,1.0,1.822,0.043,0.0
Czech Republic,CZE,157.0,1990.0,Communist Party of Czechoslovakia,KSC,13.2,16.0,32.0,200.0,3.0,-3.67,0.458,0.0
Czech Republic,CZE,157.0,2010.0,Public Affairs,VV,10.9,12.0,24.0,200.0,1.0,0.189,0.8,1.0
Czech Republic,CZE,157.0,1990.0,Civic Forum,OF,49.5,63.5,127.0,200.0,0.0,0.063,0.357,1.0
Czech Republic,CZE,157.0,2006.0,Green Party,SZ,6.3,3.0,6.0,200.0,1.0,-1.139,0.29,0.0
Czech Republic,CZE,157.0,1992.0,Coalition for Republic – Republican Party of Czechoslovakia,SPR–RSČ,6.0,7.0,14.0,200.0,3.0,-0.267,0.872,1.0
Czech Republic,CZE,157.0,1996.0,Coalition for Republic – Republican Party of Czechoslovakia,SPR–RSČ,8.0,9.0,18.0,200.0,3.0,-0.367,0.901,0.0
Czech Republic,CZE,157.0,2017.0,Mayors and Independents -- Your Option,SN-VA,5.2,3.0,6.0,200.0,3.0,0.507,0.255,2.0
Czech Republic,CZE,157.0,1992.0,Communist Party of Bohemia and Moravia,KSCM,14.1,17.5,35.0,200.0,3.0,-3.345,0.705,2.0
Czech Republic,CZE,157.0,1996.0,Communist Party of Bohemia and Moravia,KSCM,10.3,11.0,22.0,200.0,3.0,-3.345,0.724,0.0
Czech Republic,CZE,157.0,1998.0,Communist Party of Bohemia and Moravia,KSCM,11.0,12.0,24.0,200.0,3.0,-3.345,0.733,0.0
Czech Republic,CZE,157.0,2002.0,Communist Party of Bohemia and Moravia,KSCM,18.5,20.5,41.0,200.0,3.0,-3.345,0.735,0.0
Czech Republic,CZE,157.0,2006.0,Communist Party of Bohemia and Moravia,KSCM,12.8,13.0,26.0,200.0,3.0,-3.345,0.766,0.0
Czech Republic,CZE,157.0,2010.0,Communist Party of Bohemia and Moravia,KSCM,11.3,13.0,26.0,200.0,3.0,-3.345,0.766,0.0
Czech Republic,CZE,157.0,2013.0,Communist Party of Bohemia and Moravia,KSCM,14.9,16.5,33.0,200.0,3.0,-3.345,0.727,0.0
Czech Republic,CZE,157.0,2017.0,Communist Party of Bohemia and Moravia,KSCM,7.8,7.5,15.0,200.0,2.0,-3.345,0.705,0.0
Czech Republic,CZE,157.0,2017.0,Czech Pirate Party,Pi,10.8,11.0,22.0,200.0,3.0,-0.534,0.427,0.0
Czech Republic,CZE,157.0,2013.0,Dawn of Direct Democracy,UPD,6.9,7.0,14.0,200.0,3.0,-0.281,0.978,1.0
Czech Republic,CZE,157.0,2013.0,Action of Dissatisfied Citizens,ANO,18.6,23.5,47.0,200.0,1.0,0.19,0.701,1.0
Czech Republic,CZE,157.0,2017.0,Action of Dissatisfied Citizens,ANO,29.6,39.0,78.0,200.0,0.0,-0.527,0.538,0.0
Czech Republic,CZE,157.0,2017.0,Freedom and Direct Democracy Tomio Okamura,SPD,10.6,11.0,22.0,200.0,3.0,-0.418,0.877,1.0
Czech Republic,CZE,157.0,2002.0,Four-Coalition,FC,14.3,,,,,,,
Czech Republic,CZE,157.0,1981.0,National Front,NF,100.0,100.0,200.0,200.0,0.0,-3.664,0.138,0.0
Czech Republic,CZE,157.0,1986.0,National Front,NF,100.0,100.0,201.0,201.0,0.0,-3.664,0.138,0.0
Czech Republic,CZE,157.0,1992.0,alliance: Civic Democratic Party - Christian Democratic Party,Civic Democr...,29.7,,,,,,,
Denmark,DNK,158.0,2015.0,[New] Liberal Alliance,LA,7.4,7.3,13.0,179.0,2.0,2.736,0.219,0.0
Denmark,DNK,158.0,1981.0,Socialist Peoples Party,SF,11.3,11.7,21.0,179.0,2.0,-2.338,0.244,0.0
Denmark,DNK,158.0,1984.0,Socialist Peoples Party,SF,11.5,11.7,21.0,179.0,3.0,-2.338,0.244,0.0
Denmark,DNK,158.0,1987.0,Socialist Peoples Party,SF,14.6,15.1,27.0,179.0,3.0,-2.044,0.244,0.0
Denmark,DNK,158.0,1988.0,Socialist Peoples Party,SF,13.0,13.4,24.0,179.0,3.0,-2.044,0.264,0.0
Denmark,DNK,158.0,1990.0,Socialist Peoples Party,SF,8.3,8.4,15.0,179.0,3.0,-2.044,0.211,0.0
Denmark,DNK,158.0,1994.0,Socialist Peoples Party,SF,7.3,7.3,13.0,179.0,2.0,-2.044,0.211,0.0
Denmark,DNK,158.0,1998.0,Socialist Peoples Party,SF,7.6,7.3,13.0,179.0,2.0,-2.044,0.211,0.0
Denmark,DNK,158.0,2001.0,Socialist Peoples Party,SF,6.4,6.7,12.0,179.0,3.0,-2.044,0.211,0.0
Denmark,DNK,158.0,2005.0,Socialist Peoples Party,SF,6.0,6.1,11.0,179.0,3.0,-2.044,0.211,0.0
Denmark,DNK,158.0,2007.0,Socialist Peoples Party,SF,13.0,12.8,23.0,179.0,3.0,-2.044,0.232,0.0
Denmark,DNK,158.0,2011.0,Socialist Peoples Party,SF,9.1,8.9,16.0,179.0,1.0,-1.745,0.232,0.0
Denmark,DNK,158.0,2019.0,Socialist Peoples Party,SF,7.7,7.8,14.0,179.0,2.0,-2.038,0.218,0.0
Denmark,DNK,158.0,1981.0,Social Democrats,SD,32.9,33.0,59.0,179.0,0.0,-0.95,0.172,0.0
Denmark,DNK,158.0,1984.0,Social Democrats,SD,31.6,31.3,56.0,179.0,3.0,-0.95,0.156,0.0
Denmark,DNK,158.0,1987.0,Social Democrats,SD,29.3,30.2,54.0,179.0,3.0,-1.5,0.153,0.0
Denmark,DNK,158.0,1988.0,Social Democrats,SD,29.8,30.7,55.0,179.0,3.0,-1.5,0.153,0.0
Denmark,DNK,158.0,1990.0,Social Democrats,SD,37.4,38.5,69.0,179.0,3.0,-1.5,0.153,0.0
Denmark,DNK,158.0,1994.0,Social Democrats,SD,34.6,34.6,62.0,179.0,0.0,-0.725,0.153,0.0
Denmark,DNK,158.0,1998.0,Social Democrats,SD,35.9,35.2,63.0,179.0,0.0,-0.499,0.153,0.0
Denmark,DNK,158.0,2001.0,Social Democrats,SD,29.1,29.1,52.0,179.0,3.0,-0.499,0.153,0.0
Denmark,DNK,158.0,2005.0,Social Democrats,SD,25.8,26.3,47.0,179.0,3.0,-0.945,0.153,0.0
Denmark,DNK,158.0,2007.0,Social Democrats,SD,25.5,25.1,45.0,179.0,3.0,-0.945,0.153,0.0
Denmark,DNK,158.0,2011.0,Social Democrats,SD,24.5,24.6,44.0,179.0,0.0,-0.495,0.153,0.0
Denmark,DNK,158.0,2015.0,Social Democrats,SD,25.7,26.3,47.0,179.0,3.0,-0.495,0.153,0.0
Denmark,DNK,158.0,2019.0,Social Democrats,SD,25.9,26.8,48.0,179.0,0.0,-1.185,0.153,0.0
Denmark,DNK,158.0,1981.0,Conservative People's Party,KF,14.5,14.5,26.0,179.0,3.0,1.28,0.102,0.0
Denmark,DNK,158.0,1984.0,Conservative People's Party,KF,23.4,23.5,42.0,179.0,0.0,1.28,0.11,0.0
Denmark,DNK,158.0,1987.0,Conservative People's Party,KF,20.8,21.2,38.0,179.0,0.0,0.974,0.11,0.0
Denmark,DNK,158.0,1988.0,Conservative People's Party,KF,19.3,19.6,35.0,179.0,0.0,0.974,0.11,0.0
Denmark,DNK,158.0,1990.0,Conservative People's Party,KF,16.0,16.8,30.0,179.0,0.0,0.974,0.11,0.0
Denmark,DNK,158.0,1994.0,Conservative People's Party,KF,15.0,15.1,27.0,179.0,3.0,1.264,0.11,0.0
Denmark,DNK,158.0,1998.0,Conservative People's Party,KF,8.9,8.9,16.0,179.0,3.0,1.264,0.11,0.0
Denmark,DNK,158.0,2001.0,Conservative People's Party,KF,9.1,8.9,16.0,179.0,1.0,1.59,0.101,0.0
Denmark,DNK,158.0,2005.0,Conservative People's Party,KF,10.3,10.1,18.0,179.0,1.0,1.59,0.109,0.0
Denmark,DNK,158.0,2007.0,Conservative People's Party,KF,10.4,10.1,18.0,179.0,1.0,1.59,0.11,0.0
Denmark,DNK,158.0,2019.0,Conservative People's Party,KF,6.6,6.7,12.0,179.0,3.0,1.597,0.093,0.0
Denmark,DNK,158.0,1981.0,Centre Democrats,CD,8.3,8.4,15.0,179.0,3.0,0.697,0.313,0.0
Denmark,DNK,158.0,1990.0,Centre Democrats,CD,5.1,5.0,9.0,179.0,2.0,0.424,0.204,0.0
Denmark,DNK,158.0,1998.0,Danish Peoples Party,DF,7.4,7.3,13.0,179.0,3.0,0.737,0.655,1.0
Denmark,DNK,158.0,2001.0,Danish Peoples Party,DF,12.4,12.3,22.0,179.0,2.0,0.47,0.657,0.0
Denmark,DNK,158.0,2005.0,Danish Peoples Party,DF,13.3,13.4,24.0,179.0,2.0,0.481,0.637,0.0
Denmark,DNK,158.0,2007.0,Danish Peoples Party,DF,13.9,14.0,25.0,179.0,2.0,-0.004,0.635,0.0
Denmark,DNK,158.0,2011.0,Danish Peoples Party,DF,12.2,12.3,22.0,179.0,3.0,-0.263,0.632,0.0
Denmark,DNK,158.0,2015.0,Danish Peoples Party,DF,20.6,20.7,37.0,179.0,2.0,-0.263,0.598,0.0
Denmark,DNK,158.0,2019.0,Danish Peoples Party,DF,8.7,8.9,16.0,179.0,3.0,-0.263,0.599,0.0
Denmark,DNK,158.0,1981.0,Liberal Party,V,11.3,11.2,20.0,179.0,3.0,1.863,0.099,0.0
Denmark,DNK,158.0,1984.0,Liberal Party,V,12.1,12.3,22.0,179.0,1.0,1.863,0.099,0.0
Denmark,DNK,158.0,1987.0,Liberal Party,V,10.5,10.6,19.0,179.0,1.0,1.863,0.099,0.0
Denmark,DNK,158.0,1988.0,Liberal Party,V,11.8,12.3,22.0,179.0,1.0,1.863,0.099,0.0
Denmark,DNK,158.0,1990.0,Liberal Party,V,15.8,16.2,29.0,179.0,1.0,1.863,0.099,0.0
Denmark,DNK,158.0,1994.0,Liberal Party,V,23.3,23.5,42.0,179.0,3.0,1.863,0.099,0.0
Denmark,DNK,158.0,1998.0,Liberal Party,V,24.0,23.5,42.0,179.0,3.0,1.863,0.217,0.0
Denmark,DNK,158.0,2001.0,Liberal Party,V,31.2,31.3,56.0,179.0,0.0,1.004,0.262,0.0
Denmark,DNK,158.0,2005.0,Liberal Party,V,29.0,29.1,52.0,179.0,0.0,1.004,0.229,0.0
Denmark,DNK,158.0,2007.0,Liberal Party,V,26.2,25.7,46.0,179.0,0.0,1.004,0.14,0.0
Denmark,DNK,158.0,2011.0,Liberal Party,V,26.4,26.3,47.0,179.0,3.0,1.278,0.132,0.0
Denmark,DNK,158.0,2015.0,Liberal Party,V,19.0,19.0,34.0,179.0,0.0,1.278,0.132,0.0
Denmark,DNK,158.0,2019.0,Liberal Party,V,23.4,24.0,43.0,179.0,3.0,1.278,0.13,0.0
Denmark,DNK,158.0,1981.0,Danish Social-Liberal Party / Radical Liberal Party,RV,5.1,5.0,9.0,179.0,2.0,0.194,0.023,0.0
Denmark,DNK,158.0,1984.0,Danish Social-Liberal Party / Radical Liberal Party,RV,5.5,5.6,10.0,179.0,2.0,0.664,0.023,0.0
Denmark,DNK,158.0,1987.0,Danish Social-Liberal Party / Radical Liberal Party,RV,6.2,6.1,11.0,179.0,2.0,0.664,0.023,0.0
Denmark,DNK,158.0,1988.0,Danish Social-Liberal Party / Radical Liberal Party,RV,5.6,5.6,10.0,179.0,1.0,0.664,0.023,0.0
Denmark,DNK,158.0,2001.0,Danish Social-Liberal Party / Radical Liberal Party,RV,5.2,5.0,9.0,179.0,3.0,0.167,0.02,0.0
Denmark,DNK,158.0,2005.0,Danish Social-Liberal Party / Radical Liberal Party,RV,9.2,9.5,17.0,179.0,3.0,0.167,0.02,0.0
Denmark,DNK,158.0,2007.0,Danish Social-Liberal Party / Radical Liberal Party,RV,5.1,5.0,9.0,179.0,3.0,0.167,0.019,0.0
Denmark,DNK,158.0,2011.0,Danish Social-Liberal Party / Radical Liberal Party,RV,9.4,9.5,17.0,179.0,1.0,0.167,0.02,0.0
Denmark,DNK,158.0,2019.0,Danish Social-Liberal Party / Radical Liberal Party,RV,8.6,8.9,16.0,179.0,2.0,0.154,0.027,0.0
Denmark,DNK,158.0,2011.0,Red-Green Alliance,Enh,6.6,6.7,12.0,179.0,2.0,-1.398,0.474,0.0
Denmark,DNK,158.0,2015.0,Red-Green Alliance,Enh,7.6,7.8,14.0,179.0,3.0,-3.793,0.489,0.0
Denmark,DNK,158.0,2019.0,Red-Green Alliance,Enh,6.9,7.3,13.0,179.0,2.0,-3.793,0.487,0.0
Denmark,DNK,158.0,1981.0,Progress Party,FrP,8.9,8.9,16.0,179.0,3.0,3.772,0.721,0.0
Denmark,DNK,158.0,1988.0,Progress Party,FrP,9.0,8.9,16.0,179.0,2.0,2.773,0.677,0.0
Denmark,DNK,158.0,1990.0,Progress Party,FrP,6.4,6.7,12.0,179.0,2.0,2.773,0.681,0.0
Denmark,DNK,158.0,1994.0,Progress Party,FrP,6.4,6.1,11.0,179.0,3.0,2.773,0.681,0.0
Equatorial Guinea,GNQ,160.0,1983.0,independent,indep,,100.0,41.0,41.0,,,,
Equatorial Guinea,GNQ,160.0,1993.0,Convergence for Social Democracy,CPDS,10.3,7.5,6.0,80.0,3.0,-0.687,0.82,1.0
Equatorial Guinea,GNQ,160.0,1999.0,Convergence for Social Democracy,CPDS,5.3,1.3,1.0,80.0,3.0,-0.687,0.82,0.0
Equatorial Guinea,GNQ,160.0,2004.0,Convergence for Social Democracy,CPDS,5.8,2.0,2.0,100.0,3.0,-0.687,0.82,0.0
Equatorial Guinea,GNQ,160.0,2008.0,Convergence for Social Democracy,CPDS,,1.0,1.0,100.0,3.0,-0.687,0.751,0.0
Equatorial Guinea,GNQ,160.0,2013.0,Convergence for Social Democracy,CPDS,,1.0,1.0,100.0,3.0,-0.687,0.82,0.0
Equatorial Guinea,GNQ,160.0,1988.0,Democratic Party of Equatorial Guinea,PDGE,99.2,100.0,120.0,120.0,0.0,2.343,0.073,1.0
Equatorial Guinea,GNQ,160.0,1993.0,Democratic Party of Equatorial Guinea,PDGE,69.8,85.0,68.0,80.0,0.0,2.343,0.073,0.0
Equatorial Guinea,GNQ,160.0,1999.0,Democratic Party of Equatorial Guinea,PDGE,85.5,93.8,75.0,80.0,0.0,2.343,0.073,0.0
Equatorial Guinea,GNQ,160.0,2004.0,Democratic Party of Equatorial Guinea,PDGE,88.0,98.0,98.0,100.0,0.0,2.343,0.073,0.0
Equatorial Guinea,GNQ,160.0,2008.0,Democratic Party of Equatorial Guinea,PDGE,,99.0,99.0,100.0,0.0,2.343,0.073,0.0
Equatorial Guinea,GNQ,160.0,2013.0,Democratic Party of Equatorial Guinea,PDGE,,99.0,99.0,100.0,0.0,2.343,0.073,0.0
Equatorial Guinea,GNQ,160.0,2017.0,Democratic Party of Equatorial Guinea,PDGE,92.0,99.0,99.0,100.0,0.0,2.343,0.073,0.0
Equatorial Guinea,GNQ,160.0,1993.0,Liberal Party,PL,6.4,1.3,1.0,80.0,1.0,0.494,0.333,1.0
Equatorial Guinea,GNQ,160.0,1993.0,Social Democratic Union,UDS,7.4,6.3,5.0,80.0,1.0,0.678,0.453,1.0
Equatorial Guinea,GNQ,160.0,1999.0,Popular Union of Equatorial Guinea,UP,6.4,5.0,4.0,80.0,3.0,1.144,0.662,2.0
Equatorial Guinea,GNQ,160.0,2017.0,Citizens for Innovation,CI,5.8,1.0,1.0,100.0,3.0,1.635,0.404,1.0
Estonia,EST,161.0,1995.0,Constitution Party -- Estonian United People's Party,K-EUR,,,,,3.0,-0.742,0.344,1.0
Estonia,EST,161.0,1999.0,Constitution Party -- Estonian United People's Party,K-EUR,6.1,5.9,6.0,101.0,3.0,-0.742,0.344,0.0
Estonia,EST,161.0,1995.0,Right-wingers,P,5.0,5.0,5.0,101.0,3.0,2.329,0.108,2.0
Estonia,EST,161.0,1995.0,Our Home is Estonia!,MKE,5.9,5.9,6.0,101.0,,,,
Estonia,EST,161.0,1999.0,People's Union of Estonia,ERa,7.3,6.9,7.0,101.0,3.0,0.449,0.3,2.0
Estonia,EST,161.0,2003.0,People's Union of Estonia,ERa,13.0,12.9,13.0,101.0,1.0,0.78,0.294,0.0
Estonia,EST,161.0,2007.0,People's Union of Estonia,ERa,7.1,5.9,6.0,101.0,3.0,0.785,0.308,0.0
Estonia,EST,161.0,2015.0,People's Union of Estonia,ERa,8.2,6.9,7.0,101.0,3.0,2.204,0.548,0.0
Estonia,EST,161.0,1995.0,Estonian Country People's Party,EME,,,,,1.0,-0.017,0.228,0.0
Estonia,EST,161.0,1990.0,Popular Front,R,,41.0,43.0,105.0,0.0,0.234,0.401,1.0
Estonia,EST,161.0,1992.0,Popular Front,R,12.2,14.9,15.0,101.0,3.0,0.234,0.295,0.0
Estonia,EST,161.0,2003.0,Union for the Republic / Res Publica Party,UVE/RP,24.6,27.7,28.0,101.0,0.0,1.604,0.369,1.0
Estonia,EST,161.0,1995.0,Estonian Centre Party,EK,14.2,15.8,16.0,101.0,1.0,-0.533,0.258,2.0
Estonia,EST,161.0,1999.0,Estonian Centre Party,EK,23.4,27.7,28.0,101.0,3.0,-1.018,0.271,0.0
Estonia,EST,161.0,2003.0,Estonian Centre Party,EK,25.4,27.7,28.0,101.0,3.0,-0.792,0.314,0.0
Estonia,EST,161.0,2007.0,Estonian Centre Party,EK,26.1,28.7,29.0,101.0,3.0,-1.067,0.379,0.0
Estonia,EST,161.0,2011.0,Estonian Centre Party,EK,23.3,25.7,26.0,101.0,3.0,-1.067,0.463,0.0
Estonia,EST,161.0,2015.0,Estonian Centre Party,EK,24.8,26.7,27.0,101.0,3.0,-0.905,0.433,0.0
Estonia,EST,161.0,2019.0,Estonian Centre Party,EK,23.1,25.7,26.0,101.0,0.0,-0.827,0.138,0.0
Estonia,EST,161.0,2007.0,Union of Pro Patria and Res Publica,IRL,17.9,18.8,19.0,101.0,1.0,1.419,0.087,2.0
Estonia,EST,161.0,2011.0,Union of Pro Patria and Res Publica,IRL,20.5,22.8,23.0,101.0,1.0,1.419,0.119,0.0
Estonia,EST,161.0,2015.0,Union of Pro Patria and Res Publica,IRL,13.7,13.9,14.0,101.0,1.0,1.419,0.12,0.0
Estonia,EST,161.0,1999.0,Pro Patria Union,I,16.1,17.8,18.0,101.0,0.0,2.114,0.076,2.0
Estonia,EST,161.0,2003.0,Pro Patria Union,I,7.3,6.9,7.0,101.0,3.0,1.892,0.089,0.0
Estonia,EST,161.0,2019.0,Pro Patria Union,I,11.4,11.9,12.0,101.0,1.0,1.611,0.122,2.0
Estonia,EST,161.0,1995.0,Estonian Reform Party,ERe,16.2,18.8,19.0,101.0,3.0,2.194,0.084,1.0
Estonia,EST,161.0,1999.0,Estonian Reform Party,ERe,15.9,17.8,18.0,101.0,1.0,1.849,0.072,0.0
Estonia,EST,161.0,2003.0,Estonian Reform Party,ERe,17.7,18.8,19.0,101.0,1.0,1.649,0.072,0.0
Estonia,EST,161.0,2007.0,Estonian Reform Party,ERe,27.8,30.7,31.0,101.0,0.0,1.382,0.079,0.0
Estonia,EST,161.0,2011.0,Estonian Reform Party,ERe,28.6,32.7,33.0,101.0,0.0,1.382,0.079,0.0
Estonia,EST,161.0,2015.0,Estonian Reform Party,ERe,27.7,29.7,30.0,101.0,0.0,1.58,0.069,0.0
Estonia,EST,161.0,2019.0,Estonian Reform Party,ERe,28.9,33.7,34.0,101.0,3.0,1.558,0.085,0.0
Estonia,EST,161.0,1992.0,"National Coalition Party """"Pro Patria""""",RKI,22.0,28.7,29.0,101.0,0.0,1.894,0.23,1.0
Estonia,EST,161.0,1995.0,"National Coalition Party """"Pro Patria""""",RKI,,,,,3.0,1.882,0.104,0.0
Estonia,EST,161.0,2007.0,Estonian Greens,EER,7.1,5.9,6.0,101.0,3.0,0.341,0.281,1.0
Estonia,EST,161.0,1992.0,Social Democratic Party -- Moderates,SDE-M,9.7,11.9,12.0,101.0,1.0,-0.574,0.107,1.0
Estonia,EST,161.0,1995.0,Social Democratic Party -- Moderates,SDE-M,6.0,5.9,6.0,101.0,3.0,-0.574,0.1,0.0
Estonia,EST,161.0,1999.0,Social Democratic Party -- Moderates,SDE-M,15.2,16.8,17.0,101.0,1.0,-0.724,0.101,0.0
Estonia,EST,161.0,2003.0,Social Democratic Party -- Moderates,SDE-M,7.0,5.9,6.0,101.0,3.0,-0.798,0.099,0.0
Estonia,EST,161.0,2007.0,Social Democratic Party -- Moderates,SDE-M,10.6,9.9,10.0,101.0,1.0,-1.075,0.109,0.0
Estonia,EST,161.0,2011.0,Social Democratic Party -- Moderates,SDE-M,17.1,18.8,19.0,101.0,3.0,-1.088,0.109,0.0
Estonia,EST,161.0,2015.0,Social Democratic Party -- Moderates,SDE-M,15.2,14.9,15.0,101.0,1.0,-1.296,0.099,0.0
Estonia,EST,161.0,2019.0,Social Democratic Party -- Moderates,SDE-M,9.8,9.9,10.0,101.0,3.0,-1.296,0.099,0.0
Estonia,EST,161.0,1992.0,Estonian National Independence Party,ERSP,8.8,9.9,10.0,101.0,1.0,1.878,0.286,1.0
Estonia,EST,161.0,1995.0,Estonian National Independence Party,ERSP,,,,,3.0,1.878,0.127,0.0
Estonia,EST,161.0,1992.0,Estonian Citizens,EKo,6.9,7.9,8.0,101.0,3.0,1.856,0.408,1.0
Estonia,EST,161.0,1992.0,Independent Royalists,SK,7.1,7.9,8.0,101.0,3.0,0.243,0.375,1.0
Estonia,EST,161.0,1992.0,Estonian Coalition Party,EKK,13.6,16.8,17.0,101.0,3.0,0.657,0.107,2.0
Estonia,EST,161.0,1995.0,Estonian Coalition Party,EKK,,,,,0.0,0.84,0.13,2.0
Estonia,EST,161.0,1999.0,Estonian Coalition Party,EKK,7.6,6.9,7.0,101.0,3.0,0.648,0.13,0.0
Estonia,EST,161.0,1995.0,Coalition Party and Rural Union,KMU,32.2,40.6,41.0,101.0,,,,
Estonia,EST,161.0,1995.0,Russian Party in Estonia,VEE,,,,,3.0,-1.102,0.466,1.0
Estonia,EST,161.0,1990.0,independent,indep,,9.5,10.0,105.0,,,,
Estonia,EST,161.0,2015.0,Free Party,EV,8.7,7.9,8.0,101.0,3.0,1.31,0.431,1.0
Estonia,EST,161.0,2019.0,Estonian People's Party,ER,17.8,18.8,19.0,101.0,1.0,1.72,0.693,0.0
Estonia,EST,161.0,1990.0,Communist Party of Estonia,EKP,,25.7,27.0,105.0,3.0,-3.032,0.13,0.0
Estonia,EST,161.0,1990.0,Joint Council of Work Collectives,JCWC,,23.8,25.0,105.0,3.0,-3.219,0.387,1.0
Estonia,EST,161.0,1995.0,alliance: RKEI and ERSP,RKEI and ERSP,7.9,7.9,8.0,101.0,,,,
Fiji,FJI,162.0,1994.0,Fijian Association,FAP,9.9,7.1,5.0,70.0,3.0,0.295,0.34,1.0
Fiji,FJI,162.0,1999.0,Fijian Association,FAP,10.1,14.1,10.0,71.0,1.0,0.295,0.34,0.0
Fiji,FJI,162.0,1987.0,Fiji Labour Party,FLP,,,,,,,,
Fiji,FJI,162.0,1992.0,Fiji Labour Party,FLP,16.1,18.6,13.0,70.0,2.0,-2.232,0.825,0.0
Fiji,FJI,162.0,1994.0,Fiji Labour Party,FLP,14.9,10.0,7.0,70.0,3.0,-2.232,0.825,0.0
Fiji,FJI,162.0,1999.0,Fiji Labour Party,FLP,32.3,52.1,37.0,71.0,0.0,-2.232,0.862,0.0
Fiji,FJI,162.0,2001.0,Fiji Labour Party,FLP,35.2,38.0,27.0,71.0,3.0,-2.232,0.823,0.0
Fiji,FJI,162.0,2006.0,Fiji Labour Party,FLP,39.2,43.7,31.0,71.0,3.0,-2.232,0.861,0.0
Fiji,FJI,162.0,1982.0,National Federation Party,NFP,41.2,42.3,22.0,52.0,3.0,-1.562,0.719,0.0
Fiji,FJI,162.0,1987.0,National Federation Party,NFP,,,,,,,,
Fiji,FJI,162.0,1992.0,National Federation Party,NFP,16.1,20.0,14.0,70.0,3.0,-1.575,0.685,0.0
Fiji,FJI,162.0,1994.0,National Federation Party,NFP,17.8,28.6,20.0,70.0,3.0,-1.524,0.717,0.0
Fiji,FJI,162.0,1999.0,National Federation Party,NFP,14.6,0.0,0.0,71.0,3.0,-1.565,0.745,0.0
Fiji,FJI,162.0,2001.0,National Federation Party,NFP,10.2,1.4,1.0,71.0,3.0,-1.569,0.7,0.0
Fiji,FJI,162.0,2014.0,National Federation Party,NFP,5.5,6.0,3.0,50.0,3.0,-1.503,0.74,0.0
Fiji,FJI,162.0,2018.0,National Federation Party,NFP,7.4,5.9,3.0,51.0,3.0,-1.503,0.742,0.0
Fiji,FJI,162.0,1992.0,Fijian Political Party,SVT,43.6,42.9,30.0,70.0,0.0,1.009,0.073,1.0
Fiji,FJI,162.0,1994.0,Fijian Political Party,SVT,40.9,45.7,32.0,70.0,0.0,1.009,0.075,0.0
Fiji,FJI,162.0,1999.0,Fijian Political Party,SVT,19.9,11.3,8.0,71.0,3.0,0.957,0.075,0.0
Fiji,FJI,162.0,2001.0,United Fiji Party,SDL,26.1,45.1,32.0,71.0,0.0,1.52,0.161,2.0
Fiji,FJI,162.0,2006.0,United Fiji Party,SDL,44.6,50.7,36.0,71.0,0.0,1.524,0.156,0.0
Fiji,FJI,162.0,1982.0,Alliance Party,AP,51.8,53.8,28.0,52.0,0.0,1.466,0.048,0.0
Fiji,FJI,162.0,1987.0,Alliance Party,AP,49.5,46.2,24.0,52.0,3.0,1.466,0.048,0.0
Fiji,FJI,162.0,2014.0,Social Democratic Liberal Party,SDLP,28.2,30.0,15.0,50.0,3.0,0.472,0.25,2.0
Fiji,FJI,162.0,2018.0,Social Democratic Liberal Party,SDLP,39.9,41.2,21.0,51.0,3.0,0.472,0.25,0.0
Fiji,FJI,162.0,2014.0,Fiji First Party,FF,59.2,64.0,32.0,50.0,0.0,0.373,0.636,1.0
Fiji,FJI,162.0,2018.0,Fiji First Party,FF,50.0,52.9,27.0,51.0,0.0,0.373,0.636,0.0
Fiji,FJI,162.0,1992.0,General Voters Party,GVP,1.4,7.1,5.0,70.0,1.0,1.424,0.186,2.0
Fiji,FJI,162.0,1994.0,General Voters Party,GVP,1.2,5.7,4.0,70.0,1.0,1.424,0.345,0.0
Fiji,FJI,162.0,2001.0,Conservative Alliance Party,MV,10.2,8.5,6.0,71.0,1.0,-0.314,0.234,1.0
Fiji,FJI,162.0,1999.0,Party of National Unity,PANU,4.0,5.6,4.0,71.0,1.0,-0.938,0.429,1.0
Fiji,FJI,162.0,1992.0,Fijian Nationalist United Front Party,FNUF,8.4,4.3,3.0,70.0,3.0,-0.205,0.211,2.0
Fiji,FJI,162.0,1992.0,All Nationals Congress,ANC,8.0,0.0,0.0,70.0,3.0,-0.291,0.292,1.0
Fiji,FJI,162.0,1994.0,All Nationals Congress,ANC,6.1,1.4,1.0,70.0,3.0,-0.291,0.292,0.0
Fiji,FJI,162.0,1999.0,Christian Democratic Alliance,VLV,9.7,4.2,3.0,71.0,1.0,1.0,0.347,1.0
Fiji,FJI,162.0,1987.0,alliance: NFP-FLP,NFP-FLP,47.1,53.8,28.0,52.0,0.0,-2.253,0.816,2.0
Finland,FIN,163.0,1991.0,Green League,VIHR,6.8,5.0,10.0,200.0,3.0,-0.367,0.253,0.0
Finland,FIN,163.0,1995.0,Green League,VIHR,6.5,4.5,9.0,200.0,1.0,-0.367,0.308,0.0
Finland,FIN,163.0,1999.0,Green League,VIHR,7.3,5.5,11.0,200.0,1.0,-0.367,0.308,0.0
Finland,FIN,163.0,2003.0,Green League,VIHR,8.0,7.0,14.0,200.0,3.0,-0.372,0.268,0.0
Finland,FIN,163.0,2007.0,Green League,VIHR,8.5,7.5,15.0,200.0,1.0,-0.372,0.266,0.0
Finland,FIN,163.0,2011.0,Green League,VIHR,7.3,5.0,10.0,200.0,1.0,-0.544,0.264,0.0
Finland,FIN,163.0,2015.0,Green League,VIHR,8.5,7.5,15.0,200.0,3.0,-0.544,0.264,0.0
Finland,FIN,163.0,2019.0,Green League,VIHR,11.5,10.0,20.0,200.0,1.0,-0.765,0.262,0.0
Finland,FIN,163.0,1983.0,National Coalition Party,KOK,22.1,22.0,44.0,200.0,3.0,1.961,0.072,0.0
Finland,FIN,163.0,1987.0,National Coalition Party,KOK,23.1,26.5,53.0,200.0,0.0,1.961,0.069,0.0
Finland,FIN,163.0,1991.0,National Coalition Party,KOK,19.3,20.0,40.0,200.0,1.0,1.961,0.07,0.0
Finland,FIN,163.0,1995.0,National Coalition Party,KOK,17.9,19.5,39.0,200.0,1.0,1.961,0.072,0.0
Finland,FIN,163.0,1999.0,National Coalition Party,KOK,21.0,23.0,46.0,200.0,1.0,1.961,0.059,0.0
Finland,FIN,163.0,2003.0,National Coalition Party,KOK,18.6,20.0,40.0,200.0,3.0,1.981,0.059,0.0
Finland,FIN,163.0,2007.0,National Coalition Party,KOK,22.3,25.0,50.0,200.0,1.0,1.981,0.068,0.0
Finland,FIN,163.0,2011.0,National Coalition Party,KOK,20.4,22.0,44.0,200.0,0.0,1.981,0.068,0.0
Finland,FIN,163.0,2015.0,National Coalition Party,KOK,18.2,18.5,37.0,200.0,1.0,1.981,0.068,0.0
Finland,FIN,163.0,2019.0,National Coalition Party,KOK,17.0,19.0,38.0,200.0,3.0,1.981,0.068,0.0
Finland,FIN,163.0,2003.0,Christian Democrats / League,KD,5.3,3.5,7.0,200.0,3.0,0.569,0.227,2.0
Finland,FIN,163.0,1983.0,Agrarian Union / Centre Party,KESK,17.6,19.0,38.0,200.0,1.0,-0.253,0.325,0.0
Finland,FIN,163.0,1987.0,Agrarian Union / Centre Party,KESK,17.6,20.0,40.0,200.0,3.0,-0.253,0.321,0.0
Finland,FIN,163.0,1991.0,Agrarian Union / Centre Party,KESK,24.8,27.5,55.0,200.0,0.0,0.402,0.323,2.0
Finland,FIN,163.0,1995.0,Agrarian Union / Centre Party,KESK,19.8,22.0,44.0,200.0,3.0,0.307,0.366,0.0
Finland,FIN,163.0,1999.0,Agrarian Union / Centre Party,KESK,22.4,24.0,48.0,200.0,3.0,0.307,0.376,0.0
Finland,FIN,163.0,2003.0,Agrarian Union / Centre Party,KESK,24.7,27.5,55.0,200.0,0.0,0.323,0.293,0.0
Finland,FIN,163.0,2007.0,Agrarian Union / Centre Party,KESK,23.1,25.5,51.0,200.0,0.0,0.323,0.295,0.0
Finland,FIN,163.0,2011.0,Agrarian Union / Centre Party,KESK,15.8,17.5,35.0,200.0,3.0,0.323,0.295,0.0
Finland,FIN,163.0,2015.0,Agrarian Union / Centre Party,KESK,21.1,24.5,49.0,200.0,0.0,0.745,0.288,0.0
Finland,FIN,163.0,2019.0,Agrarian Union / Centre Party,KESK,13.8,15.5,31.0,200.0,1.0,0.132,0.244,0.0
Finland,FIN,163.0,1991.0,Left Alliance,VAS,10.1,9.5,19.0,200.0,,-2.647,0.538,2.0
Finland,FIN,163.0,1995.0,Left Alliance,VAS,11.2,11.0,22.0,200.0,,-2.647,0.537,2.0
Finland,FIN,163.0,1999.0,Left Alliance,VAS,10.9,10.0,20.0,200.0,,-2.647,0.54,0.0
Finland,FIN,163.0,2003.0,Left Alliance,VAS,9.9,9.5,19.0,200.0,,-2.671,0.498,0.0
Finland,FIN,163.0,2007.0,Left Alliance,VAS,8.8,8.5,17.0,200.0,,-2.671,0.524,0.0
Finland,FIN,163.0,2011.0,Left Alliance,VAS,8.1,7.0,14.0,200.0,,-2.671,0.495,0.0
Finland,FIN,163.0,2015.0,Left Alliance,VAS,7.1,6.0,12.0,200.0,,-2.671,0.53,0.0
Finland,FIN,163.0,2019.0,Left Alliance,VAS,8.3,8.0,16.0,200.0,1.0,-2.748,0.521,0.0
Finland,FIN,163.0,1983.0,Finish People's Democratic Union,SKDL,13.5,13.0,26.0,200.0,3.0,-2.859,0.536,0.0
Finland,FIN,163.0,1987.0,Finish People's Democratic Union,SKDL,9.4,8.0,16.0,200.0,3.0,-2.859,0.571,0.0
Finland,FIN,163.0,1987.0,Swedish People's Party,RKP,5.3,6.0,12.0,200.0,1.0,1.709,0.031,0.0
Finland,FIN,163.0,1991.0,Swedish People's Party,RKP,5.5,5.5,11.0,200.0,1.0,1.709,0.096,0.0
Finland,FIN,163.0,1995.0,Swedish People's Party,RKP,5.1,5.5,11.0,200.0,1.0,1.709,0.031,0.0
Finland,FIN,163.0,1999.0,Swedish People's Party,RKP,5.1,5.5,11.0,200.0,1.0,1.709,0.025,0.0
Finland,FIN,163.0,1983.0,Social Democratic Party of Finland,SSDP,26.7,28.5,57.0,200.0,0.0,-1.34,0.332,0.0
Finland,FIN,163.0,1987.0,Social Democratic Party of Finland,SSDP,24.1,28.0,56.0,200.0,1.0,-1.34,0.354,0.0
Finland,FIN,163.0,1991.0,Social Democratic Party of Finland,SSDP,22.1,24.0,48.0,200.0,3.0,-1.34,0.355,0.0
Finland,FIN,163.0,1995.0,Social Democratic Party of Finland,SSDP,28.3,31.5,63.0,200.0,0.0,-1.34,0.36,0.0
Finland,FIN,163.0,1999.0,Social Democratic Party of Finland,SSDP,22.9,25.5,51.0,200.0,0.0,-1.34,0.36,0.0
Finland,FIN,163.0,2003.0,Social Democratic Party of Finland,SSDP,24.5,26.5,53.0,200.0,1.0,-1.335,0.36,0.0
Finland,FIN,163.0,2007.0,Social Democratic Party of Finland,SSDP,21.4,22.5,45.0,200.0,3.0,-1.335,0.397,0.0
Finland,FIN,163.0,2011.0,Social Democratic Party of Finland,SSDP,19.1,21.0,42.0,200.0,1.0,-1.335,0.395,0.0
Finland,FIN,163.0,2015.0,Social Democratic Party of Finland,SSDP,16.5,17.0,34.0,200.0,3.0,-1.335,0.393,0.0
Finland,FIN,163.0,2019.0,Social Democratic Party of Finland,SSDP,17.7,20.0,40.0,200.0,0.0,-1.335,0.396,0.0
Finland,FIN,163.0,2011.0,Finnish Party / True Finns,SP / P,19.1,19.5,39.0,200.0,3.0,0.688,0.884,0.0
Finland,FIN,163.0,2015.0,Finnish Party / True Finns,SP / P,17.6,19.0,38.0,200.0,1.0,0.688,0.858,0.0
Finland,FIN,163.0,2019.0,Finnish Party / True Finns,SP / P,17.5,19.5,39.0,200.0,3.0,0.688,0.882,0.0
Finland,FIN,163.0,1983.0,Finnish Rural Party,SMP,9.7,8.5,17.0,200.0,1.0,-0.213,0.937,0.0
Finland,FIN,163.0,1987.0,Finnish Rural Party,SMP,6.3,4.5,9.0,200.0,1.0,-0.213,0.937,0.0
Greece,GRC,164.0,1981.0,Communist Party of Greece,KKE,10.9,4.3,13.0,300.0,3.0,-3.507,0.928,0.0
Greece,GRC,164.0,1985.0,Communist Party of Greece,KKE,9.9,4.0,12.0,300.0,3.0,-3.507,0.928,0.0
Greece,GRC,164.0,1996.0,Communist Party of Greece,KKE,5.6,3.7,11.0,300.0,3.0,-3.533,0.926,0.0
Greece,GRC,164.0,2000.0,Communist Party of Greece,KKE,5.5,3.7,11.0,300.0,3.0,-3.533,0.926,0.0
Greece,GRC,164.0,2004.0,Communist Party of Greece,KKE,5.9,4.0,12.0,300.0,3.0,-3.533,0.926,0.0
Greece,GRC,164.0,2007.0,Communist Party of Greece,KKE,8.2,7.3,22.0,300.0,3.0,-3.533,0.926,0.0
Greece,GRC,164.0,2009.0,Communist Party of Greece,KKE,7.5,7.0,21.0,300.0,3.0,-3.533,0.926,0.0
Greece,GRC,164.0,2015.0,Communist Party of Greece,KKE,5.5,5.0,15.0,300.0,3.0,-3.499,0.927,0.0
Greece,GRC,164.0,2019.0,Communist Party of Greece,KKE,5.3,5.0,15.0,300.0,3.0,-3.499,0.927,0.0
Greece,GRC,164.0,2007.0,Coalition of the Radical Left,SYRIZA,5.0,4.7,14.0,300.0,3.0,-2.278,0.788,0.0
Greece,GRC,164.0,2012.0,Coalition of the Radical Left,SYRIZA,26.9,23.7,71.0,300.0,3.0,-1.845,0.946,0.0
Greece,GRC,164.0,2015.0,Coalition of the Radical Left,SYRIZA,35.5,48.3,145.0,300.0,0.0,-1.056,0.946,0.0
Greece,GRC,164.0,2019.0,Coalition of the Radical Left,SYRIZA,31.5,28.7,86.0,300.0,3.0,-1.352,0.906,0.0
Greece,GRC,164.0,1989.0,Coalition of the Left,SYN,11.0,7.0,21.0,300.0,1.0,-2.05,0.449,1.0
Greece,GRC,164.0,1990.0,Coalition of the Left,SYN,10.3,6.3,19.0,300.0,3.0,-2.05,0.449,0.0
Greece,GRC,164.0,1996.0,Coalition of the Left,SYN,5.1,3.3,10.0,300.0,3.0,-1.702,0.467,0.0
Greece,GRC,164.0,1981.0,New Democracy,ND,35.9,38.3,115.0,300.0,3.0,1.0,0.146,0.0
Greece,GRC,164.0,1985.0,New Democracy,ND,40.8,42.0,126.0,300.0,3.0,1.221,0.146,0.0
Greece,GRC,164.0,1989.0,New Democracy,ND,46.2,49.3,148.0,300.0,0.0,1.221,0.153,0.0
Greece,GRC,164.0,1990.0,New Democracy,ND,46.9,50.0,150.0,300.0,0.0,1.478,0.154,0.0
Greece,GRC,164.0,1993.0,New Democracy,ND,39.3,37.0,111.0,300.0,3.0,1.478,0.208,0.0
Greece,GRC,164.0,1996.0,New Democracy,ND,38.1,36.0,108.0,300.0,3.0,1.211,0.289,0.0
Greece,GRC,164.0,2000.0,New Democracy,ND,42.7,41.7,125.0,300.0,3.0,1.002,0.309,0.0
Greece,GRC,164.0,2004.0,New Democracy,ND,45.4,55.3,166.0,300.0,0.0,1.002,0.339,0.0
Greece,GRC,164.0,2007.0,New Democracy,ND,41.8,50.7,152.0,300.0,0.0,1.002,0.339,0.0
Greece,GRC,164.0,2009.0,New Democracy,ND,33.5,30.3,91.0,300.0,3.0,1.002,0.239,0.0
Greece,GRC,164.0,2012.0,New Democracy,ND,29.7,43.0,129.0,300.0,0.0,1.448,0.292,0.0
Greece,GRC,164.0,2015.0,New Democracy,ND,28.1,25.0,75.0,300.0,3.0,1.232,0.292,0.0
Greece,GRC,164.0,2019.0,New Democracy,ND,39.9,52.7,158.0,300.0,0.0,1.232,0.149,0.0
Greece,GRC,164.0,2009.0,Popular Orthodox Rally,LAOS,5.6,5.0,15.0,300.0,3.0,1.278,0.823,0.0
Greece,GRC,164.0,2012.0,Democratic Left,DIMAR,6.3,5.7,17.0,300.0,1.0,-0.763,0.487,1.0
Greece,GRC,164.0,1981.0,Panhellenic Socialist Movement,PASOK,48.1,57.3,172.0,300.0,0.0,-1.688,0.962,0.0
Greece,GRC,164.0,1985.0,Panhellenic Socialist Movement,PASOK,45.8,53.7,161.0,300.0,0.0,-1.27,0.876,0.0
Greece,GRC,164.0,1989.0,Panhellenic Socialist Movement,PASOK,40.7,42.7,128.0,300.0,3.0,-0.751,0.873,0.0
Greece,GRC,164.0,1990.0,Panhellenic Socialist Movement,PASOK,38.6,41.0,123.0,300.0,3.0,-0.751,0.801,0.0
Greece,GRC,164.0,1993.0,Panhellenic Socialist Movement,PASOK,47.1,56.7,170.0,300.0,0.0,-0.751,0.606,0.0
Greece,GRC,164.0,1996.0,Panhellenic Socialist Movement,PASOK,41.5,54.0,162.0,300.0,0.0,-0.401,0.417,0.0
Greece,GRC,164.0,2000.0,Panhellenic Socialist Movement,PASOK,43.8,52.7,158.0,300.0,0.0,-0.401,0.417,0.0
Greece,GRC,164.0,2004.0,Panhellenic Socialist Movement,PASOK,40.5,38.7,116.0,300.0,3.0,-0.401,0.475,0.0
Greece,GRC,164.0,2007.0,Panhellenic Socialist Movement,PASOK,38.1,34.0,102.0,300.0,3.0,-0.564,0.502,0.0
Greece,GRC,164.0,2009.0,Panhellenic Socialist Movement,PASOK,43.9,53.3,160.0,300.0,0.0,0.023,0.502,0.0
Greece,GRC,164.0,2012.0,Panhellenic Socialist Movement,PASOK,12.3,11.0,33.0,300.0,1.0,0.195,0.501,0.0
Greece,GRC,164.0,2015.0,Panhellenic Socialist Movement,PASOK,6.3,5.7,17.0,300.0,3.0,0.195,0.5,0.0
Greece,GRC,164.0,2019.0,Panhellenic Socialist Movement,PASOK,,,,,3.0,-0.164,0.543,2.0
Greece,GRC,164.0,2012.0,Independent Greeks,ANEL,7.5,6.7,20.0,300.0,3.0,1.259,0.958,1.0
Greece,GRC,164.0,2012.0,People’s Association / Golden Dawn,LS/CA,6.9,6.0,18.0,300.0,3.0,1.857,0.97,0.0
Greece,GRC,164.0,2015.0,People’s Association / Golden Dawn,LS/CA,7.0,6.0,18.0,300.0,3.0,1.857,0.97,0.0
Greece,GRC,164.0,2019.0,Movement of Democratic Socialists,KIDISO,,,,,3.0,0.136,0.54,2.0
Greece,GRC,164.0,2019.0,Movement for Change,KINAL,8.1,7.3,22.0,300.0,,,,
Guyana,GUY,166.0,2006.0,Alliance for Change,AFC,8.3,7.7,5.0,65.0,3.0,0.196,0.09,1.0
Guyana,GUY,166.0,2011.0,Alliance for Change,AFC,10.3,10.8,7.0,65.0,3.0,0.196,0.085,0.0
Guyana,GUY,166.0,2015.0,Alliance for Change,AFC,,,,,1.0,0.196,0.085,0.0
Guyana,GUY,166.0,1980.0,People's Progressive Party,PPP,19.0,18.9,10.0,53.0,3.0,-2.814,0.701,0.0
Guyana,GUY,166.0,1985.0,People's Progressive Party,PPP,15.8,12.3,8.0,65.0,3.0,-2.814,0.866,0.0
Guyana,GUY,166.0,1992.0,People's Progressive Party,PPP,55.0,53.8,35.0,65.0,0.0,-1.954,0.866,0.0
Guyana,GUY,166.0,1997.0,People's Progressive Party,PPP,55.3,55.4,36.0,65.0,0.0,-1.254,0.715,0.0
Guyana,GUY,166.0,2001.0,People's Progressive Party,PPP,53.1,52.3,34.0,65.0,0.0,-0.3,0.081,0.0
Guyana,GUY,166.0,2006.0,People's Progressive Party,PPP,54.3,55.4,36.0,65.0,0.0,-0.3,0.203,0.0
Guyana,GUY,166.0,2011.0,People's Progressive Party,PPP,48.6,49.2,32.0,65.0,0.0,-0.3,0.094,0.0
Guyana,GUY,166.0,2015.0,People's Progressive Party,PPP,49.2,49.2,32.0,65.0,3.0,-0.3,0.268,0.0
Guyana,GUY,166.0,1980.0,People's National Congress – Reform,PNC,77.0,77.4,41.0,53.0,0.0,-1.442,0.098,0.0
Guyana,GUY,166.0,1985.0,People's National Congress – Reform,PNC,78.5,83.1,54.0,65.0,0.0,-1.442,0.092,0.0
Guyana,GUY,166.0,1992.0,People's National Congress – Reform,PNC,42.0,41.5,27.0,65.0,3.0,-1.442,0.202,0.0
Guyana,GUY,166.0,1997.0,People's National Congress – Reform,PNC,40.6,40.0,26.0,65.0,3.0,-0.285,0.202,0.0
Guyana,GUY,166.0,2001.0,People's National Congress – Reform,PNC,41.7,41.5,27.0,65.0,3.0,0.193,0.202,0.0
Guyana,GUY,166.0,2006.0,People's National Congress – Reform,PNC,34.0,33.8,22.0,65.0,3.0,0.193,0.2,0.0
Guyana,GUY,166.0,2011.0,People's National Congress – Reform,PNC,,,,,,,,
Guyana,GUY,166.0,2011.0,Working People's Alliance,WPA,,,,,,,,
Guyana,GUY,166.0,2011.0,A Partnership for National Unity,APNU,40.8,40.0,26.0,65.0,3.0,0.199,0.197,1.0
Guyana,GUY,166.0,2015.0,A Partnership for National Unity,APNU,,,,,0.0,0.199,0.197,0.0
Guyana,GUY,166.0,2015.0,alliance: APNU+AFC,APNU+AFC,50.3,50.8,33.0,65.0,,,,
Hong Kong,HKG,167.0,2008.0,Civic Party,CP,12.5,6.7,4.0,60.0,3.0,-0.4,0.476,0.0
Hong Kong,HKG,167.0,2012.0,Civic Party,CP,14.1,8.6,6.0,70.0,3.0,-0.407,0.44,0.0
Hong Kong,HKG,167.0,2016.0,Civic Party,CP,9.6,8.6,6.0,70.0,3.0,-0.409,0.455,0.0
Hong Kong,HKG,167.0,1995.0,Democratic Party,DP,42.3,31.7,19.0,60.0,1.0,-0.272,0.584,0.0
Hong Kong,HKG,167.0,1998.0,Democratic Party,DP,42.9,21.7,13.0,60.0,3.0,-0.214,0.582,0.0
Hong Kong,HKG,167.0,2000.0,Democratic Party,DP,31.7,20.0,12.0,60.0,3.0,-0.214,0.597,0.0
Hong Kong,HKG,167.0,2004.0,Democratic Party,DP,30.6,15.0,9.0,60.0,3.0,-0.214,0.619,0.0
Hong Kong,HKG,167.0,2008.0,Democratic Party,DP,20.6,11.7,7.0,60.0,3.0,-0.653,0.618,0.0
Hong Kong,HKG,167.0,2012.0,Democratic Party,DP,13.6,8.6,6.0,70.0,3.0,-0.264,0.618,0.0
Hong Kong,HKG,167.0,2016.0,Democratic Party,DP,9.2,10.0,7.0,70.0,3.0,-0.234,0.595,0.0
Hong Kong,HKG,167.0,2016.0,People Power,PP,,,,,,,,
Hong Kong,HKG,167.0,2012.0,Labour Party,Lab,6.2,5.7,4.0,70.0,3.0,-1.712,0.696,1.0
Hong Kong,HKG,167.0,2008.0,League of Social Democrats,LSD,7.2,3.3,2.0,60.0,3.0,-2.684,0.686,0.0
Hong Kong,HKG,167.0,2016.0,League of Social Democrats,LSD,,,,,,,,
Hong Kong,HKG,167.0,1995.0,Democratic Alliance for the Betterment and Progress of Hong Kong,DAB,15.7,10.0,6.0,60.0,3.0,0.455,0.362,0.0
Hong Kong,HKG,167.0,1996.0,Democratic Alliance for the Betterment and Progress of Hong Kong,DAB,17.2,16.7,10.0,60.0,2.0,0.441,0.367,0.0
Hong Kong,HKG,167.0,1998.0,Democratic Alliance for the Betterment and Progress of Hong Kong,DAB,25.2,16.7,10.0,60.0,1.0,0.459,0.292,0.0
Hong Kong,HKG,167.0,2000.0,Democratic Alliance for the Betterment and Progress of Hong Kong,DAB,28.3,18.3,11.0,60.0,1.0,0.422,0.202,0.0
Hong Kong,HKG,167.0,2004.0,Democratic Alliance for the Betterment and Progress of Hong Kong,DAB,25.7,15.0,9.0,60.0,1.0,0.437,0.199,0.0
Hong Kong,HKG,167.0,2008.0,Democratic Alliance for the Betterment and Progress of Hong Kong,DAB,22.9,11.7,7.0,60.0,1.0,0.756,0.202,0.0
Hong Kong,HKG,167.0,2012.0,Democratic Alliance for the Betterment and Progress of Hong Kong,DAB,20.2,18.6,13.0,70.0,1.0,0.448,0.192,0.0
Hong Kong,HKG,167.0,2016.0,Democratic Alliance for the Betterment and Progress of Hong Kong,DAB,16.7,17.1,12.0,70.0,1.0,0.448,0.239,0.0
Hong Kong,HKG,167.0,2008.0,Hong Kong Federation of Trade Unions;,HKFTU,5.7,3.3,2.0,60.0,1.0,-1.706,0.649,0.0
Hong Kong,HKG,167.0,2012.0,Hong Kong Federation of Trade Unions;,HKFTU,7.0,8.6,6.0,70.0,1.0,-1.926,0.601,0.0
Hong Kong,HKG,167.0,2016.0,Hong Kong Federation of Trade Unions;,HKFTU,7.7,4.3,3.0,70.0,2.0,-1.886,0.584,0.0
Hong Kong,HKG,167.0,1998.0,The Frontier,F,10.0,5.0,3.0,60.0,3.0,0.527,0.409,1.0
Hong Kong,HKG,167.0,2000.0,The Frontier,F,6.8,3.3,2.0,60.0,3.0,0.08,0.476,0.0
Hong Kong,HKG,167.0,1995.0,Hong Kong Association for Democracy and People's Livelihood,ADPL,9.6,6.7,4.0,60.0,2.0,-1.965,0.59,0.0
Hong Kong,HKG,167.0,1996.0,Liberal Party,Lib,14.5,16.7,10.0,60.0,2.0,1.583,0.29,0.0
Hong Kong,HKG,167.0,2004.0,Liberal Party,Lib,6.7,3.3,2.0,60.0,1.0,1.568,0.331,0.0
Hong Kong,HKG,167.0,2000.0,Hong Kong Confederation of Trade Unions,HKCTU,7.3,3.3,2.0,60.0,3.0,-2.257,0.707,0.0
Hong Kong,HKG,167.0,1991.0,United Democrats of Hong Kong,UDHK,45.2,35.9,14.0,39.0,3.0,-0.49,0.567,1.0
Hong Kong,HKG,167.0,1991.0,Meeting Point,MP,7.2,5.1,2.0,39.0,3.0,0.096,0.321,1.0
Hong Kong,HKG,167.0,1991.0,Liberal Democratic Federation of Hong Kong,LDFHK,5.1,7.7,3.0,39.0,2.0,1.571,0.221,1.0
Hong Kong,HKG,167.0,1996.0,Hong Kong Progressive Alliance,HKPA,10.5,10.0,6.0,60.0,2.0,1.302,0.275,0.0
Hong Kong,HKG,167.0,2016.0,Business and Professionals Alliance for Hong Kong,BPA,7.8,7.1,5.0,70.0,1.0,0.915,0.278,0.0
Hong Kong,HKG,167.0,2016.0,Civic Passion,CP,,,,,,,,
Hong Kong,HKG,167.0,2016.0,Proletariat Political Institute,PPI,,,,,,,,
Hong Kong,HKG,167.0,2016.0,Hong Kong Resurgence Order,HKRO,,,,,,,,
Hong Kong,HKG,167.0,2016.0,alliance: People Power–League of Social Democrats,People Power...,7.2,2.9,2.0,70.0,3.0,-1.397,0.825,0.0
Hong Kong,HKG,167.0,2016.0,alliance: Civic Passion–Proletariat Political Institute–Hong Kong Resurgence Order,Civic Passio...,7.1,1.4,1.0,70.0,3.0,0.135,0.703,0.0
Iceland,ISL,168.0,2009.0,Citizens' Movement,B,7.2,6.3,4.0,63.0,3.0,-2.062,0.47,1.0
Iceland,ISL,168.0,1983.0,Independence Party,Sj,38.7,38.3,23.0,60.0,1.0,2.161,0.057,0.0
Iceland,ISL,168.0,1987.0,Independence Party,Sj,27.2,28.6,18.0,63.0,0.0,2.161,0.057,0.0
Iceland,ISL,168.0,1991.0,Independence Party,Sj,38.6,41.3,26.0,63.0,0.0,2.161,0.057,0.0
Iceland,ISL,168.0,1995.0,Independence Party,Sj,37.1,39.7,25.0,63.0,0.0,2.161,0.057,0.0
Iceland,ISL,168.0,1999.0,Independence Party,Sj,40.7,41.3,26.0,63.0,0.0,2.161,0.057,0.0
Iceland,ISL,168.0,2003.0,Independence Party,Sj,33.7,34.9,22.0,63.0,0.0,2.161,0.057,0.0
Iceland,ISL,168.0,2007.0,Independence Party,Sj,36.6,39.7,25.0,63.0,0.0,2.161,0.057,0.0
Iceland,ISL,168.0,2009.0,Independence Party,Sj,23.7,25.4,16.0,63.0,3.0,2.161,0.057,0.0
Iceland,ISL,168.0,2013.0,Independence Party,Sj,26.7,30.2,19.0,63.0,1.0,2.161,0.057,0.0
Iceland,ISL,168.0,2016.0,Independence Party,Sj,28.2,33.3,21.0,63.0,0.0,2.161,0.057,0.0
Iceland,ISL,168.0,2017.0,Independence Party,Sj,25.2,25.4,16.0,63.0,1.0,2.161,0.057,0.0
Iceland,ISL,168.0,1999.0,Left-Green Movement,Graen,9.1,9.5,6.0,63.0,3.0,0.045,0.069,1.0
Iceland,ISL,168.0,2003.0,Left-Green Movement,Graen,8.8,7.9,5.0,63.0,3.0,0.045,0.069,0.0
Iceland,ISL,168.0,2007.0,Left-Green Movement,Graen,14.3,14.3,9.0,63.0,3.0,0.045,0.069,0.0
Iceland,ISL,168.0,2009.0,Left-Green Movement,Graen,21.7,22.2,14.0,63.0,1.0,0.045,0.069,0.0
Iceland,ISL,168.0,2013.0,Left-Green Movement,Graen,10.9,11.1,7.0,63.0,3.0,0.045,0.069,0.0
Iceland,ISL,168.0,2016.0,Left-Green Movement,Graen,15.5,15.9,10.0,63.0,3.0,0.045,0.069,0.0
Iceland,ISL,168.0,2017.0,Left-Green Movement,Graen,16.9,17.5,11.0,63.0,0.0,0.045,0.069,0.0
Iceland,ISL,168.0,1995.0,People's Movement,Th-Ff,7.2,6.3,4.0,63.0,3.0,,0.18,1.0
Iceland,ISL,168.0,1983.0,Womens Alliance,Sk,5.5,5.0,3.0,60.0,3.0,-0.948,0.236,1.0
Iceland,ISL,168.0,1987.0,Womens Alliance,Sk,10.1,9.5,6.0,63.0,3.0,-0.948,0.236,0.0
Iceland,ISL,168.0,1991.0,Womens Alliance,Sk,8.3,7.9,5.0,63.0,3.0,-0.948,0.236,0.0
Iceland,ISL,168.0,1983.0,Social Democratic Federation,BJ,7.3,6.7,4.0,60.0,3.0,,0.106,1.0
Iceland,ISL,168.0,1983.0,Progressive Party,F,19.0,23.3,14.0,60.0,0.0,0.074,0.154,0.0
Iceland,ISL,168.0,1987.0,Progressive Party,F,18.9,20.6,13.0,63.0,1.0,0.074,0.154,0.0
Iceland,ISL,168.0,1991.0,Progressive Party,F,18.9,20.6,13.0,63.0,3.0,0.074,0.154,0.0
Iceland,ISL,168.0,1995.0,Progressive Party,F,23.3,23.8,15.0,63.0,1.0,0.074,0.154,0.0
Iceland,ISL,168.0,1999.0,Progressive Party,F,18.4,19.0,12.0,63.0,1.0,0.074,0.154,0.0
Iceland,ISL,168.0,2003.0,Progressive Party,F,17.7,19.0,12.0,63.0,1.0,0.074,0.154,0.0
Iceland,ISL,168.0,2007.0,Progressive Party,F,11.7,11.1,7.0,63.0,3.0,0.074,0.154,0.0
Iceland,ISL,168.0,2009.0,Progressive Party,F,14.8,14.3,9.0,63.0,3.0,0.074,0.154,0.0
Iceland,ISL,168.0,2013.0,Progressive Party,F,24.4,30.2,19.0,63.0,0.0,0.074,0.207,0.0
Iceland,ISL,168.0,2016.0,Progressive Party,F,11.2,12.7,8.0,63.0,3.0,0.074,0.207,0.0
Iceland,ISL,168.0,2017.0,Progressive Party,F,10.7,12.7,8.0,63.0,1.0,0.074,0.207,0.0
Iceland,ISL,168.0,2003.0,Liberal Party,Ff,7.4,6.3,4.0,63.0,3.0,1.043,0.282,1.0
Iceland,ISL,168.0,2007.0,Liberal Party,Ff,7.3,6.3,4.0,63.0,3.0,1.043,0.282,0.0
Iceland,ISL,168.0,1983.0,People's Alliance,Ab,17.3,16.7,10.0,60.0,3.0,-1.004,0.075,0.0
Iceland,ISL,168.0,1987.0,People's Alliance,Ab,13.3,12.7,8.0,63.0,3.0,-1.004,0.075,0.0
Iceland,ISL,168.0,1991.0,People's Alliance,Ab,14.4,14.3,9.0,63.0,3.0,-1.004,0.074,0.0
Iceland,ISL,168.0,1995.0,People's Alliance,Ab,14.3,14.3,9.0,63.0,3.0,-1.004,0.074,0.0
Iceland,ISL,168.0,1983.0,Social Democratic Party,A,11.7,10.0,6.0,60.0,3.0,-0.992,0.072,0.0
Iceland,ISL,168.0,1987.0,Social Democratic Party,A,15.2,15.9,10.0,63.0,1.0,-0.992,0.072,0.0
Iceland,ISL,168.0,1991.0,Social Democratic Party,A,15.5,15.9,10.0,63.0,1.0,-0.992,0.072,0.0
Iceland,ISL,168.0,1995.0,Social Democratic Party,A,11.4,11.1,7.0,63.0,3.0,-0.992,0.072,0.0
Iceland,ISL,168.0,1999.0,Social Democratic Alliance,Sam,26.8,27.0,17.0,63.0,3.0,-0.974,0.158,2.0
Iceland,ISL,168.0,2003.0,Social Democratic Alliance,Sam,31.0,31.7,20.0,63.0,3.0,-0.974,0.158,0.0
Iceland,ISL,168.0,2007.0,Social Democratic Alliance,Sam,26.8,28.6,18.0,63.0,1.0,-0.974,0.158,0.0
Iceland,ISL,168.0,2009.0,Social Democratic Alliance,Sam,29.8,31.7,20.0,63.0,0.0,-0.974,0.158,0.0
Iceland,ISL,168.0,2013.0,Social Democratic Alliance,Sam,12.8,14.3,9.0,63.0,3.0,-0.974,0.158,0.0
Iceland,ISL,168.0,2016.0,Social Democratic Alliance,Sam,5.6,4.8,3.0,63.0,3.0,-0.974,0.158,0.0
Iceland,ISL,168.0,2017.0,Social Democratic Alliance,Sam,12.1,11.1,7.0,63.0,3.0,-0.974,0.158,0.0
Iceland,ISL,168.0,1987.0,Citizens' Party (1987),Bf,10.9,11.1,7.0,63.0,3.0,,0.105,1.0
Iceland,ISL,168.0,2013.0,Pirate Party of Iceland,Pi,5.1,4.8,3.0,63.0,3.0,1.07,0.415,1.0
Iceland,ISL,168.0,2016.0,Pirate Party of Iceland,Pi,14.1,15.9,10.0,63.0,3.0,1.07,0.415,0.0
Iceland,ISL,168.0,2017.0,Pirate Party of Iceland,Pi,9.2,9.5,6.0,63.0,3.0,1.07,0.415,0.0
Iceland,ISL,168.0,2013.0,Bright Future,BF,8.2,9.5,6.0,63.0,3.0,0.05,0.128,1.0
Iceland,ISL,168.0,2016.0,Bright Future,BF,7.0,6.3,4.0,63.0,1.0,0.05,0.128,0.0
Iceland,ISL,168.0,2016.0,Reform Party,V,10.2,11.1,7.0,63.0,1.0,1.059,0.056,1.0
Iceland,ISL,168.0,2017.0,Reform Party,V,6.7,6.3,4.0,63.0,3.0,1.059,0.056,0.0
Iceland,ISL,168.0,2017.0,People's Party,FlF,6.9,6.3,4.0,63.0,3.0,0.044,0.477,1.0
Iceland,ISL,168.0,2017.0,Centre Party,CP,10.9,11.1,7.0,63.0,3.0,0.045,0.416,1.0
Israel,ISR,169.0,2006.0,Israel is Our Home,YB,9.0,9.2,11.0,120.0,3.0,2.812,0.281,2.0
Israel,ISR,169.0,2009.0,Israel is Our Home,YB,11.7,12.5,15.0,120.0,1.0,2.812,0.281,0.0
Israel,ISR,169.0,2013.0,Israel is Our Home,YB,,9.2,11.0,120.0,1.0,2.812,0.281,0.0
Israel,ISR,169.0,2015.0,Israel is Our Home,YB,5.1,5.0,6.0,120.0,3.0,2.812,0.251,0.0
Israel,ISR,169.0,2019.0,Israel is Our Home,YB,7.0,6.7,8.0,120.0,4.0,1.836,0.042,0.0
Israel,ISR,169.0,1996.0,Sephardi Torah Guardians,SHAS,8.7,8.3,10.0,120.0,1.0,-2.738,0.321,0.0
Israel,ISR,169.0,1999.0,Sephardi Torah Guardians,SHAS,13.0,14.2,17.0,120.0,1.0,-2.738,0.348,0.0
Israel,ISR,169.0,2003.0,Sephardi Torah Guardians,SHAS,8.2,9.2,11.0,120.0,3.0,-2.738,0.321,0.0
Israel,ISR,169.0,2006.0,Sephardi Torah Guardians,SHAS,9.5,10.0,12.0,120.0,1.0,-2.738,0.298,0.0
Israel,ISR,169.0,2009.0,Sephardi Torah Guardians,SHAS,8.5,9.2,11.0,120.0,1.0,-1.764,0.298,0.0
Israel,ISR,169.0,2013.0,Sephardi Torah Guardians,SHAS,8.8,9.2,11.0,120.0,3.0,-1.764,0.265,0.0
Israel,ISR,169.0,2015.0,Sephardi Torah Guardians,SHAS,5.7,5.8,7.0,120.0,1.0,-1.764,0.336,0.0
Israel,ISR,169.0,2019.0,Sephardi Torah Guardians,SHAS,7.4,7.5,9.0,120.0,4.0,-1.764,0.336,0.0
Israel,ISR,169.0,2006.0,Forward,Kadima,22.0,24.2,29.0,120.0,0.0,0.828,0.078,1.0
Israel,ISR,169.0,2009.0,Forward,Kadima,22.5,23.3,28.0,120.0,3.0,0.828,0.078,0.0
Israel,ISR,169.0,1999.0,Change,Shinui,5.0,5.0,6.0,120.0,3.0,2.783,0.049,2.0
Israel,ISR,169.0,2003.0,Change,Shinui,12.3,12.5,15.0,120.0,1.0,2.783,0.049,0.0
Israel,ISR,169.0,1981.0,Alignment,A,36.6,39.2,47.0,120.0,3.0,-1.778,0.083,0.0
Israel,ISR,169.0,1984.0,Alignment,A,34.9,36.7,44.0,120.0,0.0,-1.427,0.083,0.0
Israel,ISR,169.0,1988.0,Alignment,A,30.0,32.5,39.0,120.0,1.0,-1.427,0.083,0.0
Israel,ISR,169.0,1992.0,Alignment,A,34.7,36.7,44.0,120.0,0.0,-0.764,0.083,2.0
Israel,ISR,169.0,1996.0,Alignment,A,26.8,28.3,34.0,120.0,3.0,-1.393,0.083,0.0
Israel,ISR,169.0,1999.0,Alignment,A,20.2,21.7,26.0,120.0,0.0,-0.272,0.083,2.0
Israel,ISR,169.0,2003.0,Alignment,A,14.5,15.8,19.0,120.0,3.0,-0.756,0.083,2.0
Israel,ISR,169.0,2006.0,Alignment,A,15.1,15.8,19.0,120.0,1.0,-2.221,0.074,0.0
Israel,ISR,169.0,2009.0,Alignment,A,9.9,10.8,13.0,120.0,1.0,-0.788,0.074,0.0
Israel,ISR,169.0,2013.0,Alignment,A,11.4,12.5,15.0,120.0,3.0,-2.227,0.074,0.0
Israel,ISR,169.0,2015.0,Alignment,A,18.7,20.0,24.0,120.0,3.0,-0.775,0.074,2.0
Israel,ISR,169.0,1992.0,Crossroads,Tzomet,6.4,6.7,8.0,120.0,3.0,2.289,0.047,1.0
Israel,ISR,169.0,2003.0,National Union,HH,5.5,5.8,7.0,120.0,1.0,0.534,0.081,2.0
Israel,ISR,169.0,2006.0,National Union,HH,7.1,7.5,9.0,120.0,3.0,0.534,0.081,0.0
Israel,ISR,169.0,2019.0,National Union,HH,,,,,,,,
Israel,ISR,169.0,1981.0,Likud-National Liberal Movement,L,37.1,40.0,48.0,120.0,0.0,0.809,0.493,0.0
Israel,ISR,169.0,1984.0,Likud-National Liberal Movement,L,31.9,34.2,41.0,120.0,1.0,0.809,0.324,0.0
Israel,ISR,169.0,1988.0,Likud-National Liberal Movement,L,31.1,33.3,40.0,120.0,0.0,0.809,0.324,0.0
Israel,ISR,169.0,1992.0,Likud-National Liberal Movement,L,24.9,26.7,32.0,120.0,3.0,0.809,0.324,0.0
Israel,ISR,169.0,1996.0,Likud-National Liberal Movement,L,25.1,20.0,24.0,120.0,0.0,1.823,0.324,0.0
Israel,ISR,169.0,1999.0,Likud-National Liberal Movement,L,14.1,15.8,19.0,120.0,3.0,1.823,0.415,0.0
Israel,ISR,169.0,2003.0,Likud-National Liberal Movement,L,29.4,31.7,38.0,120.0,0.0,2.817,0.297,0.0
Israel,ISR,169.0,2006.0,Likud-National Liberal Movement,L,9.0,10.0,12.0,120.0,3.0,2.817,0.331,0.0
Israel,ISR,169.0,2009.0,Likud-National Liberal Movement,L,21.6,22.5,27.0,120.0,0.0,1.489,0.358,0.0
Israel,ISR,169.0,2013.0,Likud-National Liberal Movement,L,23.3,16.7,20.0,120.0,0.0,1.489,0.464,0.0
Israel,ISR,169.0,2015.0,Likud-National Liberal Movement,L,23.4,25.0,30.0,120.0,0.0,1.489,0.65,0.0
Israel,ISR,169.0,2019.0,Likud-National Liberal Movement,L,25.1,26.7,32.0,120.0,4.0,1.489,0.743,0.0
Israel,ISR,169.0,1996.0,Israel for Immigration,YB,5.7,5.8,7.0,120.0,1.0,0.037,0.048,1.0
Israel,ISR,169.0,1999.0,Israel for Immigration,YB,5.1,5.0,6.0,120.0,1.0,0.037,0.048,0.0
Israel,ISR,169.0,1999.0,Centre Party,MiHam / CP,5.0,5.0,6.0,120.0,1.0,-1.852,0.074,1.0
Israel,ISR,169.0,2013.0,United Torah Judaism,YH,5.2,5.8,7.0,120.0,3.0,-1.418,0.105,1.0
Israel,ISR,169.0,2015.0,United Torah Judaism,YH,5.0,5.0,6.0,120.0,1.0,-1.418,0.105,0.0
Israel,ISR,169.0,2019.0,United Torah Judaism,YH,6.1,5.8,7.0,120.0,4.0,-1.418,0.105,0.0
Israel,ISR,169.0,1992.0,National Religious Party,Mafdal,5.0,5.0,6.0,120.0,3.0,-0.492,0.121,0.0
Israel,ISR,169.0,1996.0,National Religious Party,Mafdal,7.8,7.5,9.0,120.0,1.0,-0.492,0.098,0.0
Israel,ISR,169.0,2006.0,Pensioners of Israel,Gil,5.9,5.8,7.0,120.0,1.0,-1.069,0.047,1.0
Israel,ISR,169.0,2013.0,The Movement,Hat,5.0,5.0,6.0,120.0,1.0,0.36,0.046,1.0
Israel,ISR,169.0,2013.0,There is a Future,Yesh,14.3,15.8,19.0,120.0,1.0,1.486,0.225,1.0
Israel,ISR,169.0,2015.0,There is a Future,Yesh,8.8,9.2,11.0,120.0,3.0,1.486,0.067,0.0
Israel,ISR,169.0,1992.0,Energy,Meretz,9.6,10.0,12.0,120.0,1.0,-2.758,0.044,2.0
Israel,ISR,169.0,1996.0,Energy,Meretz,7.4,7.5,9.0,120.0,3.0,-2.758,0.044,0.0
Israel,ISR,169.0,1999.0,Energy,Meretz,7.6,8.3,10.0,120.0,1.0,-2.758,0.044,0.0
Israel,ISR,169.0,2003.0,Energy,Meretz,5.2,5.0,6.0,120.0,3.0,-2.758,0.044,0.0
Israel,ISR,169.0,2015.0,All of Us,Kulanu,7.5,8.3,10.0,120.0,1.0,0.542,0.255,1.0
Israel,ISR,169.0,2013.0,Jewish Home,HH,9.1,10.0,12.0,120.0,1.0,0.843,0.495,2.0
Israel,ISR,169.0,2015.0,Jewish Home,HH,6.7,6.7,8.0,120.0,1.0,0.843,0.495,0.0
Israel,ISR,169.0,2019.0,Jewish Home,HH,,,,,,,,
Israel,ISR,169.0,2019.0,New Right,HaHe,,,,,,,,
Israel,ISR,169.0,2019.0,Blue and White,KL,26.0,27.5,33.0,120.0,4.0,0.553,0.08,1.0
Israel,ISR,169.0,2015.0,Joint List,JL,10.6,10.8,13.0,120.0,3.0,-2.735,0.33,2.0
Israel,ISR,169.0,2019.0,Joint List,JL,10.6,10.8,13.0,120.0,4.0,-2.735,0.33,0.0
Israel,ISR,169.0,2019.0,alliance: Yamina,Yamina,5.9,5.8,7.0,120.0,4.0,2.79,0.124,1.0
Kuwait,KWT,171.0,1981.0,independent,indep,,16.0,8.0,50.0,,,,
Kuwait,KWT,171.0,1985.0,independent,indep,,18.0,9.0,50.0,,,,
Kuwait,KWT,171.0,1992.0,independent,indep,,40.0,20.0,50.0,,,,
Kuwait,KWT,171.0,1996.0,independent,indep,,12.0,6.0,50.0,,,,
Kuwait,KWT,171.0,1999.0,independent,indep,,12.0,6.0,50.0,,,,
Kuwait,KWT,171.0,2003.0,independent,indep,,24.0,12.0,50.0,,,,
Kuwait,KWT,171.0,2006.0,independent,indep,,24.0,12.0,50.0,,,,
Kuwait,KWT,171.0,2008.0,Popular Action Bloc,PAB,,,,,,,,
Kuwait,KWT,171.0,2003.0,Liberals [no-party],L,,6.0,3.0,50.0,3.0,0.032,0.59,0.0
Kuwait,KWT,171.0,2006.0,Liberals [no-party],L,,6.0,3.0,50.0,3.0,0.032,0.59,0.0
Kuwait,KWT,171.0,2008.0,Liberals [no-party],L,,13.0,7.0,54.0,3.0,0.032,0.59,0.0
Kuwait,KWT,171.0,2009.0,Liberals [no-party],L,,14.0,8.0,57.0,3.0,0.032,0.59,2.0
Kuwait,KWT,171.0,2013.0,Liberals [no-party],L,,6.0,3.0,50.0,3.0,-0.006,0.581,0.0
Kuwait,KWT,171.0,2009.0,Tribal candidates // Tribal groups [no-party],TC TG,,50.9,29.0,57.0,2.0,0.011,0.343,0.0
Kuwait,KWT,171.0,2012.0,Tribal candidates // Tribal groups [no-party],TC TG,,48.0,24.0,50.0,2.0,0.011,0.343,0.0
Kuwait,KWT,171.0,2013.0,Tribal candidates // Tribal groups [no-party],TC TG,,48.0,24.0,50.0,2.0,0.011,0.343,0.0
Kuwait,KWT,171.0,1981.0,Shi'ite Religious [no-party],Sh,,8.0,4.0,50.0,3.0,0.984,0.59,0.0
Kuwait,KWT,171.0,1985.0,Shi'ite Religious [no-party],Sh,,6.0,3.0,50.0,3.0,0.984,0.59,0.0
Kuwait,KWT,171.0,1992.0,Shi'ite Religious [no-party],Sh,,6.0,3.0,50.0,3.0,0.984,0.59,2.0
Kuwait,KWT,171.0,1996.0,Shi'ite Religious [no-party],Sh,,10.0,5.0,50.0,3.0,0.984,0.59,0.0
Kuwait,KWT,171.0,1999.0,Shi'ite Religious [no-party],Sh,,12.0,6.0,50.0,3.0,0.984,0.59,0.0
Kuwait,KWT,171.0,2008.0,Shi'ite Religious [no-party],Sh,,,,,,,,
Kuwait,KWT,171.0,2009.0,Shi'ite Religious [no-party],Sh,,15.8,9.0,57.0,3.0,-0.923,0.587,0.0
Kuwait,KWT,171.0,2012.0,Shi'ite Religious [no-party],Sh,,30.0,15.0,50.0,3.0,-0.923,0.587,0.0
Kuwait,KWT,171.0,2013.0,Shi'ite Religious [no-party],Sh,,16.0,8.0,50.0,3.0,-0.923,0.587,0.0
Kuwait,KWT,171.0,1981.0,Pro-Government [no-party],PG,,56.0,28.0,50.0,2.0,0.931,0.099,0.0
Kuwait,KWT,171.0,1985.0,Pro-Government [no-party],PG,,54.0,27.0,50.0,2.0,0.931,0.099,0.0
Kuwait,KWT,171.0,1992.0,Pro-Government [no-party],PG,,36.0,18.0,50.0,2.0,0.931,0.099,0.0
Kuwait,KWT,171.0,1996.0,Pro-Government [no-party],PG,,38.0,19.0,50.0,2.0,0.931,0.099,0.0
Kuwait,KWT,171.0,1999.0,Pro-Government [no-party],PG,,28.0,14.0,50.0,2.0,0.931,0.099,0.0
Kuwait,KWT,171.0,2003.0,Pro-Government [no-party],PG,,28.0,14.0,50.0,2.0,0.931,0.099,0.0
Kuwait,KWT,171.0,2006.0,Pro-Government [no-party],PG,,28.0,14.0,50.0,2.0,0.931,0.099,0.0
Kuwait,KWT,171.0,1981.0,Sunni Religious [no-party],Su,,14.0,7.0,50.0,3.0,1.005,0.583,0.0
Kuwait,KWT,171.0,1985.0,Sunni Religious [no-party],Su,,14.0,7.0,50.0,3.0,1.005,0.583,0.0
Kuwait,KWT,171.0,1992.0,Sunni Religious [no-party],Su,,14.0,7.0,50.0,3.0,1.005,0.583,0.0
Kuwait,KWT,171.0,1996.0,Sunni Religious [no-party],Su,,32.0,16.0,50.0,3.0,1.005,0.583,0.0
Kuwait,KWT,171.0,1999.0,Sunni Religious [no-party],Su,,20.0,10.0,50.0,3.0,1.005,0.583,0.0
Kuwait,KWT,171.0,1981.0,Secular Opposition [no-party],SO,,6.0,3.0,50.0,3.0,0.96,0.594,0.0
Kuwait,KWT,171.0,1985.0,Secular Opposition [no-party],SO,,8.0,4.0,50.0,3.0,0.96,0.594,0.0
Kuwait,KWT,171.0,1992.0,Secular Opposition [no-party],SO,,4.0,2.0,50.0,3.0,0.96,0.594,0.0
Kuwait,KWT,171.0,1996.0,Secular Opposition [no-party],SO,,8.0,4.0,50.0,3.0,0.96,0.594,0.0
Kuwait,KWT,171.0,1999.0,Secular Opposition [no-party],SO,,28.0,14.0,50.0,3.0,0.96,0.594,0.0
Kuwait,KWT,171.0,2008.0,Sunni Islamists [no-party],Si,,38.9,21.0,54.0,3.0,2.013,0.58,0.0
Kuwait,KWT,171.0,2009.0,Sunni Islamists [no-party],Si,,19.3,11.0,57.0,3.0,2.013,0.58,0.0
Kuwait,KWT,171.0,2012.0,Sunni Islamists [no-party],Si,,14.0,7.0,50.0,3.0,2.013,0.58,0.0
Kuwait,KWT,171.0,2013.0,Sunni Islamists [no-party],Si,,14.0,7.0,50.0,3.0,2.013,0.58,0.0
Kuwait,KWT,171.0,2003.0,Islamists [no-party],I,,42.0,21.0,50.0,3.0,2.059,0.577,0.0
Kuwait,KWT,171.0,2006.0,Islamists [no-party],I,,42.0,21.0,50.0,3.0,2.059,0.577,0.0
Kuwait,KWT,171.0,2008.0,Islamists [no-party],I,,31.5,17.0,54.0,3.0,2.059,0.577,0.0
Kuwait,KWT,171.0,2008.0,alliance: Shiite + Popular Action Bloc,Shiite + Pop...,,16.7,9.0,54.0,3.0,2.066,0.575,0.0
Lithuania,LTU,173.0,1990.0,Lithuanian Social Democratic Party,LSDP,,6.7,9.0,135.0,2.0,-1.756,0.464,1.0
Lithuania,LTU,173.0,1992.0,Lithuanian Social Democratic Party,LSDP,6.0,5.7,8.0,141.0,3.0,-1.742,0.391,1.0
Lithuania,LTU,173.0,1996.0,Lithuanian Social Democratic Party,LSDP,6.9,8.8,12.0,137.0,3.0,-1.743,0.359,0.0
Lithuania,LTU,173.0,2000.0,Lithuanian Social Democratic Party,LSDP,,13.5,19.0,141.0,3.0,-1.743,0.296,0.0
Lithuania,LTU,173.0,2004.0,Lithuanian Social Democratic Party,LSDP,20.6,14.2,20.0,141.0,0.0,-0.994,0.18,0.0
Lithuania,LTU,173.0,2008.0,Lithuanian Social Democratic Party,LSDP,11.7,17.7,25.0,141.0,3.0,-1.207,0.181,0.0
Lithuania,LTU,173.0,2012.0,Lithuanian Social Democratic Party,LSDP,18.4,27.0,38.0,141.0,0.0,-0.99,0.213,0.0
Lithuania,LTU,173.0,2016.0,Lithuanian Social Democratic Party,LSDP,15.0,12.1,17.0,141.0,1.0,-1.755,0.182,0.0
Lithuania,LTU,173.0,2012.0,The Way of Courage,DK,8.0,5.0,7.0,141.0,3.0,-0.76,0.971,1.0
Lithuania,LTU,173.0,2004.0,Labour Party,DP,28.4,27.7,39.0,141.0,1.0,-0.016,0.659,1.0
Lithuania,LTU,173.0,2008.0,Labour Party,DP,9.0,7.1,10.0,141.0,3.0,-0.017,0.568,0.0
Lithuania,LTU,173.0,2012.0,Labour Party,DP,19.8,20.6,29.0,141.0,1.0,-0.029,0.537,0.0
Lithuania,LTU,173.0,2016.0,Labour Party,DP,4.9,1.4,2.0,141.0,3.0,-0.013,0.539,0.0
Lithuania,LTU,173.0,1992.0,Homeland Union / Homeland Union – Lithuanian Christian Democrats,TS-LKD,21.2,21.3,30.0,141.0,3.0,1.084,0.264,1.0
Lithuania,LTU,173.0,1996.0,Homeland Union / Homeland Union – Lithuanian Christian Democrats,TS-LKD,31.3,51.1,70.0,137.0,0.0,0.9,0.261,2.0
Lithuania,LTU,173.0,2000.0,Homeland Union / Homeland Union – Lithuanian Christian Democrats,TS-LKD,8.6,6.4,9.0,141.0,3.0,1.091,0.129,0.0
Lithuania,LTU,173.0,2004.0,Homeland Union / Homeland Union – Lithuanian Christian Democrats,TS-LKD,14.8,17.7,25.0,141.0,3.0,1.101,0.126,0.0
Lithuania,LTU,173.0,2008.0,Homeland Union / Homeland Union – Lithuanian Christian Democrats,TS-LKD,19.7,31.9,45.0,141.0,0.0,1.086,0.131,0.0
Lithuania,LTU,173.0,2012.0,Homeland Union / Homeland Union – Lithuanian Christian Democrats,TS-LKD,15.1,23.4,33.0,141.0,3.0,1.075,0.132,0.0
Lithuania,LTU,173.0,2016.0,Homeland Union / Homeland Union – Lithuanian Christian Democrats,TS-LKD,22.6,22.0,31.0,141.0,3.0,1.075,0.146,0.0
Lithuania,LTU,173.0,2004.0,Order and Justice – Liberal Democratic Party,TT-LDP,11.4,7.1,10.0,141.0,3.0,0.025,0.79,1.0
Lithuania,LTU,173.0,2008.0,Order and Justice – Liberal Democratic Party,TT-LDP,12.7,10.6,15.0,141.0,3.0,0.025,0.704,0.0
Lithuania,LTU,173.0,2012.0,Order and Justice – Liberal Democratic Party,TT-LDP,7.3,8.5,12.0,141.0,1.0,0.025,0.694,0.0
Lithuania,LTU,173.0,2016.0,Order and Justice – Liberal Democratic Party,TT-LDP,5.7,5.7,8.0,141.0,1.0,-0.003,0.693,0.0
Lithuania,LTU,173.0,2008.0,National Resurrection Party,TPP,15.1,11.3,16.0,141.0,1.0,1.27,0.538,1.0
Lithuania,LTU,173.0,1992.0,Democratic Labour Party of Lithuania,LDDP,44.0,51.8,73.0,141.0,0.0,-1.367,0.215,1.0
Lithuania,LTU,173.0,1996.0,Democratic Labour Party of Lithuania,LDDP,10.0,8.8,12.0,137.0,3.0,-1.191,0.205,0.0
Lithuania,LTU,173.0,2000.0,Democratic Labour Party of Lithuania,LDDP,31.1,18.4,26.0,141.0,3.0,-1.191,0.188,0.0
Lithuania,LTU,173.0,2012.0,Election Action of Lithuania's Poles,LLRA,5.8,5.7,8.0,141.0,1.0,-0.945,0.402,0.0
Lithuania,LTU,173.0,2016.0,Election Action of Lithuania's Poles,LLRA,5.7,5.7,8.0,141.0,1.0,-0.945,0.4,0.0
Lithuania,LTU,173.0,1996.0,Center Union of Lithuania,LCS,8.7,9.5,13.0,137.0,3.0,0.614,0.297,1.0
Lithuania,LTU,173.0,2004.0,Liberal and Centre Union,LiCS,9.2,12.8,18.0,141.0,3.0,1.325,0.088,1.0
Lithuania,LTU,173.0,2008.0,Liberal and Centre Union,LiCS,5.3,5.7,8.0,141.0,1.0,0.987,0.088,0.0
Lithuania,LTU,173.0,2000.0,Liberal Union of Lithuania,LLS,17.2,24.1,34.0,141.0,0.0,1.61,0.094,0.0
Lithuania,LTU,173.0,2004.0,Lithuanian Peasant [Popular/Greens] Union,LVLS,6.6,7.1,10.0,141.0,1.0,-0.165,0.314,2.0
Lithuania,LTU,173.0,2016.0,Lithuanian Peasant [Popular/Greens] Union,LVLS,22.5,38.3,54.0,141.0,0.0,-0.181,0.535,0.0
Lithuania,LTU,173.0,1990.0,Communist Party of Lithuania,LKP,,34.1,46.0,135.0,1.0,-3.389,0.333,0.0
Lithuania,LTU,173.0,2008.0,Liberals' Movement of the Republic of Lithuania,LRLS,5.7,7.8,11.0,141.0,1.0,2.644,0.049,1.0
Lithuania,LTU,173.0,2012.0,Liberals' Movement of the Republic of Lithuania,LRLS,8.6,7.1,10.0,141.0,3.0,2.649,0.051,0.0
Lithuania,LTU,173.0,2016.0,Liberals' Movement of the Republic of Lithuania,LRLS,9.5,9.9,14.0,141.0,3.0,2.055,0.049,0.0
Lithuania,LTU,173.0,2000.0,New Union (Social Liberals),NS,19.6,20.6,29.0,141.0,1.0,0.021,0.637,1.0
Lithuania,LTU,173.0,2004.0,New Union (Social Liberals),NS,,7.8,11.0,141.0,1.0,0.022,0.514,0.0
Lithuania,LTU,173.0,1990.0,independent,indep,,47.4,64.0,135.0,,,,
Lithuania,LTU,173.0,2016.0,independent,indep,,2.8,4.0,141.0,,,,
Lithuania,LTU,173.0,1992.0,Lithuanian Christian Democratic Party,LKDP,12.6,12.8,18.0,141.0,3.0,0.255,0.201,1.0
Lithuania,LTU,173.0,1996.0,Lithuanian Christian Democratic Party,LKDP,10.4,11.7,16.0,137.0,1.0,0.255,0.201,0.0
Lithuania,LTU,173.0,1990.0,Communist Party of Lithuania/Communist Party of the Soviet Union,CPL/CPSU,,5.2,7.0,135.0,3.0,-4.298,0.206,0.0
Luxembourg,LUX,174.0,1984.0,Luxembourg Socialist Workers' Party,LSAP,33.6,32.8,21.0,64.0,1.0,-0.85,0.053,0.0
Luxembourg,LUX,174.0,1989.0,Luxembourg Socialist Workers' Party,LSAP,27.2,30.0,18.0,60.0,1.0,-0.85,0.053,0.0
Luxembourg,LUX,174.0,1994.0,Luxembourg Socialist Workers' Party,LSAP,26.7,28.3,17.0,60.0,1.0,-0.85,0.053,0.0
Luxembourg,LUX,174.0,1999.0,Luxembourg Socialist Workers' Party,LSAP,23.7,21.7,13.0,60.0,3.0,-0.85,0.055,0.0
Luxembourg,LUX,174.0,2004.0,Luxembourg Socialist Workers' Party,LSAP,25.4,23.3,14.0,60.0,1.0,-0.867,0.055,0.0
Luxembourg,LUX,174.0,2009.0,Luxembourg Socialist Workers' Party,LSAP,21.6,21.7,13.0,60.0,1.0,-0.867,0.055,0.0
Luxembourg,LUX,174.0,2013.0,Luxembourg Socialist Workers' Party,LSAP,20.3,21.7,13.0,60.0,1.0,-0.839,0.055,0.0
Luxembourg,LUX,174.0,1984.0,Democratic Party,DP,18.7,21.9,14.0,64.0,3.0,0.167,0.058,0.0
Luxembourg,LUX,174.0,1989.0,Democratic Party,DP,16.2,18.3,11.0,60.0,3.0,0.167,0.058,0.0
Luxembourg,LUX,174.0,1994.0,Democratic Party,DP,18.4,20.0,12.0,60.0,3.0,0.167,0.058,0.0
Luxembourg,LUX,174.0,1999.0,Democratic Party,DP,21.6,25.0,15.0,60.0,1.0,0.167,0.058,0.0
Luxembourg,LUX,174.0,2004.0,Democratic Party,DP,14.9,16.7,10.0,60.0,3.0,0.167,0.058,0.0
Luxembourg,LUX,174.0,2009.0,Democratic Party,DP,15.0,15.0,9.0,60.0,3.0,0.167,0.058,0.0
Luxembourg,LUX,174.0,2013.0,Democratic Party,DP,18.2,21.7,13.0,60.0,0.0,0.167,0.058,0.0
Luxembourg,LUX,174.0,1984.0,Christian Social People's Party,CSV,34.9,39.1,25.0,64.0,0.0,1.025,0.104,0.0
Luxembourg,LUX,174.0,1989.0,Christian Social People's Party,CSV,31.7,36.7,22.0,60.0,0.0,1.025,0.104,0.0
Luxembourg,LUX,174.0,1994.0,Christian Social People's Party,CSV,29.7,35.0,21.0,60.0,0.0,1.025,0.104,0.0
Luxembourg,LUX,174.0,1999.0,Christian Social People's Party,CSV,29.7,31.7,19.0,60.0,0.0,1.025,0.104,0.0
Luxembourg,LUX,174.0,2004.0,Christian Social People's Party,CSV,35.8,40.0,24.0,60.0,0.0,1.063,0.105,0.0
Luxembourg,LUX,174.0,2009.0,Christian Social People's Party,CSV,38.0,43.3,26.0,60.0,0.0,1.006,0.105,0.0
Luxembourg,LUX,174.0,2013.0,Christian Social People's Party,CSV,33.7,38.3,23.0,60.0,3.0,1.053,0.105,0.0
Luxembourg,LUX,174.0,1989.0,Action Committee Pensions / Alternative Democratic Reform Party,AR/ADR,7.3,6.7,4.0,60.0,3.0,2.118,0.365,0.0
Luxembourg,LUX,174.0,1994.0,Action Committee Pensions / Alternative Democratic Reform Party,AR/ADR,8.2,8.3,5.0,60.0,3.0,2.118,0.365,0.0
Luxembourg,LUX,174.0,1999.0,Action Committee Pensions / Alternative Democratic Reform Party,AR/ADR,10.4,11.7,7.0,60.0,3.0,2.118,0.365,0.0
Luxembourg,LUX,174.0,2004.0,Action Committee Pensions / Alternative Democratic Reform Party,AR/ADR,9.0,8.3,5.0,60.0,3.0,2.118,0.365,0.0
Luxembourg,LUX,174.0,2009.0,Action Committee Pensions / Alternative Democratic Reform Party,AR/ADR,8.1,6.7,4.0,60.0,3.0,2.118,0.483,0.0
Luxembourg,LUX,174.0,2013.0,Action Committee Pensions / Alternative Democratic Reform Party,AR/ADR,6.6,5.0,3.0,60.0,3.0,3.389,0.565,0.0
Luxembourg,LUX,174.0,1984.0,The Greens,Greng/GAP,5.2,3.1,2.0,64.0,3.0,-1.997,0.134,0.0
Luxembourg,LUX,174.0,1994.0,The Greens,Greng/GAP,10.2,8.3,5.0,60.0,3.0,-2.01,0.054,0.0
Luxembourg,LUX,174.0,1999.0,The Greens,Greng/GAP,9.1,8.3,5.0,60.0,3.0,-0.857,0.054,0.0
Luxembourg,LUX,174.0,2004.0,The Greens,Greng/GAP,11.5,11.7,7.0,60.0,3.0,-0.857,0.054,0.0
Luxembourg,LUX,174.0,2009.0,The Greens,Greng/GAP,11.7,11.7,7.0,60.0,3.0,-0.865,0.054,0.0
Luxembourg,LUX,174.0,2013.0,The Greens,Greng/GAP,10.1,10.0,6.0,60.0,1.0,-0.844,0.054,0.0
Luxembourg,LUX,174.0,1984.0,Communist Party of Luxembourg,KPL,5.0,3.1,2.0,64.0,3.0,-3.316,0.656,0.0
Luxembourg,LUX,174.0,1989.0,Communist Party of Luxembourg,KPL,5.1,1.7,1.0,60.0,3.0,-3.316,0.656,0.0
North Macedonia,MKD,176.0,1998.0,Liberal Democratic Party,LDP,7.0,3.3,4.0,120.0,3.0,0.173,0.16,1.0
North Macedonia,MKD,176.0,2002.0,Liberal Democratic Party,LDP,8.3,10.0,12.0,120.0,1.0,0.169,0.159,0.0
North Macedonia,MKD,176.0,2016.0,Liberal Democratic Party,LDP,,,,,,,,
North Macedonia,MKD,176.0,1998.0,Democratic Alternative,DA,10.7,10.8,13.0,120.0,1.0,0.168,0.254,1.0
North Macedonia,MKD,176.0,2002.0,Democratic Party of Albanians,DPA,5.4,5.8,7.0,120.0,3.0,1.28,0.234,0.0
North Macedonia,MKD,176.0,2006.0,Democratic Party of Albanians,DPA,7.5,9.2,11.0,120.0,1.0,1.28,0.234,0.0
North Macedonia,MKD,176.0,2008.0,Democratic Party of Albanians,DPA,10.5,10.8,13.0,120.0,3.0,1.28,0.222,0.0
North Macedonia,MKD,176.0,2011.0,Democratic Party of Albanians,DPA,5.9,6.5,8.0,123.0,3.0,1.28,0.222,0.0
North Macedonia,MKD,176.0,2014.0,Democratic Party of Albanians,DPA,6.2,5.7,7.0,123.0,3.0,0.982,0.223,0.0
North Macedonia,MKD,176.0,1994.0,Party for Democratic Prosperity,PDP,8.8,8.3,10.0,120.0,1.0,0.145,0.199,0.0
North Macedonia,MKD,176.0,1998.0,Party for Democratic Prosperity,PDP,19.3,11.7,14.0,120.0,3.0,0.181,0.213,0.0
North Macedonia,MKD,176.0,2002.0,Democratic Union for Integrations,DUI,12.2,13.3,16.0,120.0,1.0,0.243,0.236,1.0
North Macedonia,MKD,176.0,2006.0,Democratic Union for Integrations,DUI,12.1,14.2,17.0,120.0,1.0,0.258,0.246,0.0
North Macedonia,MKD,176.0,2008.0,Democratic Union for Integrations,DUI,11.1,10.8,13.0,120.0,1.0,0.208,0.19,0.0
North Macedonia,MKD,176.0,2011.0,Democratic Union for Integrations,DUI,10.2,12.2,15.0,123.0,1.0,0.208,0.173,0.0
North Macedonia,MKD,176.0,2014.0,Democratic Union for Integrations,DUI,14.2,15.4,19.0,123.0,1.0,0.208,0.192,0.0
North Macedonia,MKD,176.0,2016.0,Democratic Union for Integrations,DUI,7.5,8.3,10.0,120.0,1.0,0.208,0.179,0.0
North Macedonia,MKD,176.0,1998.0,Social Democratic Union of Macedonia,SDSM,25.1,22.5,27.0,120.0,3.0,-1.356,0.18,0.0
North Macedonia,MKD,176.0,2002.0,Social Democratic Union of Macedonia,SDSM,29.8,35.8,43.0,120.0,0.0,-1.356,0.18,0.0
North Macedonia,MKD,176.0,2006.0,Social Democratic Union of Macedonia,SDSM,16.8,19.2,23.0,120.0,3.0,-1.353,0.18,0.0
North Macedonia,MKD,176.0,2008.0,Social Democratic Union of Macedonia,SDSM,15.0,15.0,18.0,120.0,3.0,-1.031,0.18,0.0
North Macedonia,MKD,176.0,2011.0,Social Democratic Union of Macedonia,SDSM,22.6,23.6,29.0,123.0,3.0,-1.029,0.18,0.0
North Macedonia,MKD,176.0,2014.0,Social Democratic Union of Macedonia,SDSM,26.2,27.6,34.0,123.0,3.0,-1.029,0.18,0.0
North Macedonia,MKD,176.0,2016.0,Social Democratic Union of Macedonia,SDSM,,,,,,,,
North Macedonia,MKD,176.0,1994.0,Internal Macedonian Revolutionary Organization – Democratic Party for Macedonian National Unity,VMRO-DPMNE,14.3,0.0,0.0,120.0,3.0,1.608,0.408,0.0
North Macedonia,MKD,176.0,1998.0,Internal Macedonian Revolutionary Organization – Democratic Party for Macedonian National Unity,VMRO-DPMNE,28.1,40.8,49.0,120.0,0.0,1.971,0.252,0.0
North Macedonia,MKD,176.0,2002.0,Internal Macedonian Revolutionary Organization – Democratic Party for Macedonian National Unity,VMRO-DPMNE,20.5,22.5,27.0,120.0,3.0,1.654,0.197,0.0
North Macedonia,MKD,176.0,2006.0,Internal Macedonian Revolutionary Organization – Democratic Party for Macedonian National Unity,VMRO-DPMNE,27.4,31.7,38.0,120.0,0.0,1.617,0.188,0.0
North Macedonia,MKD,176.0,2008.0,Internal Macedonian Revolutionary Organization – Democratic Party for Macedonian National Unity,VMRO-DPMNE,39.9,44.2,53.0,120.0,0.0,1.907,0.185,0.0
North Macedonia,MKD,176.0,2011.0,Internal Macedonian Revolutionary Organization – Democratic Party for Macedonian National Unity,VMRO-DPMNE,32.7,45.5,56.0,123.0,0.0,1.907,0.185,0.0
North Macedonia,MKD,176.0,2014.0,Internal Macedonian Revolutionary Organization – Democratic Party for Macedonian National Unity,VMRO-DPMNE,44.5,49.6,61.0,123.0,0.0,1.65,0.185,0.0
North Macedonia,MKD,176.0,2016.0,Internal Macedonian Revolutionary Organization – Democratic Party for Macedonian National Unity,VMRO-DPMNE,39.4,42.5,51.0,120.0,3.0,1.65,0.189,0.0
North Macedonia,MKD,176.0,2006.0,New Social Democratic Party,NSDP,6.0,5.8,7.0,120.0,3.0,-0.981,0.191,1.0
North Macedonia,MKD,176.0,2016.0,New Social Democratic Party,NSDP,,,,,,,,
North Macedonia,MKD,176.0,1994.0,Union of Macedonia,SM,29.5,72.5,87.0,120.0,0.0,-1.247,0.194,2.0
North Macedonia,MKD,176.0,1994.0,independent,indep,13.8,5.8,7.0,120.0,,,,
North Macedonia,MKD,176.0,2006.0,VMRO-People’s Party,VMRO-NP,6.1,5.0,6.0,120.0,3.0,1.609,0.251,1.0
North Macedonia,MKD,176.0,2016.0,Democratic Renewal of Macedonia,DOM,,,,,,,,
North Macedonia,MKD,176.0,2016.0,Party for European Future,PEI,,,,,,,,
North Macedonia,MKD,176.0,2016.0,Besa Movement,BESA,5.0,4.2,5.0,120.0,1.0,1.257,0.298,1.0
North Macedonia,MKD,176.0,1994.0,Democratic Party,DP,11.0,0.0,0.0,120.0,3.0,0.475,0.22,1.0
North Macedonia,MKD,176.0,2016.0,Social Democratic Union of Macedonia,PCERM,,,,,,,,
North Macedonia,MKD,176.0,2016.0,alliance: Social Democratic Union coalition,Social Democ...,37.9,40.8,49.0,120.0,0.0,-1.233,0.345,0.0
Malaysia,MYS,177.0,1982.0,United Malays National Organisation,UMNO,,45.5,70.0,154.0,0.0,-0.962,0.415,0.0
Malaysia,MYS,177.0,1986.0,United Malays National Organisation,UMNO,,46.9,83.0,177.0,0.0,-0.662,0.415,0.0
Malaysia,MYS,177.0,1990.0,United Malays National Organisation,UMNO,,39.4,71.0,180.0,0.0,-0.662,0.415,0.0
Malaysia,MYS,177.0,1995.0,United Malays National Organisation,UMNO,,46.4,89.0,192.0,0.0,-0.367,0.415,0.0
Malaysia,MYS,177.0,1999.0,United Malays National Organisation,UMNO,,37.3,72.0,193.0,0.0,-0.367,0.415,0.0
Malaysia,MYS,177.0,2004.0,United Malays National Organisation,UMNO,,49.8,109.0,219.0,0.0,-0.367,0.415,0.0
Malaysia,MYS,177.0,2008.0,United Malays National Organisation,UMNO,,35.6,79.0,222.0,0.0,-0.367,0.415,0.0
Malaysia,MYS,177.0,2013.0,United Malays National Organisation,UMNO,,39.6,88.0,222.0,0.0,-0.667,0.415,0.0
Malaysia,MYS,177.0,2018.0,United Malays National Organisation,UMNO,,24.3,54.0,222.0,3.0,-0.667,0.418,0.0
Malaysia,MYS,177.0,1982.0,Pan-Malaysian Islamic Party,PAS,14.5,3.2,5.0,154.0,3.0,-0.995,0.622,0.0
Malaysia,MYS,177.0,1986.0,Pan-Malaysian Islamic Party,PAS,15.6,0.6,1.0,177.0,3.0,-0.995,0.622,0.0
Malaysia,MYS,177.0,1990.0,Pan-Malaysian Islamic Party,PAS,7.0,3.9,7.0,180.0,3.0,-0.995,0.622,0.0
Malaysia,MYS,177.0,1995.0,Pan-Malaysian Islamic Party,PAS,7.2,3.6,7.0,192.0,3.0,-0.995,0.622,0.0
Malaysia,MYS,177.0,1999.0,Pan-Malaysian Islamic Party,PAS,15.0,14.0,27.0,193.0,3.0,-0.995,0.622,0.0
Malaysia,MYS,177.0,2004.0,Pan-Malaysian Islamic Party,PAS,15.3,2.7,6.0,219.0,3.0,-0.995,0.622,0.0
Malaysia,MYS,177.0,2008.0,Pan-Malaysian Islamic Party,PAS,14.3,10.4,23.0,222.0,3.0,-0.995,0.622,0.0
Malaysia,MYS,177.0,2013.0,Pan-Malaysian Islamic Party,PAS,14.8,9.5,21.0,222.0,3.0,-0.995,0.622,0.0
Malaysia,MYS,177.0,2018.0,Pan-Malaysian Islamic Party,PAS,16.8,8.1,18.0,222.0,3.0,-0.995,0.514,0.0
Malaysia,MYS,177.0,1982.0,Malaysian Chinese Association,MCA,,15.6,24.0,154.0,1.0,-1.008,0.278,0.0
Malaysia,MYS,177.0,1986.0,Malaysian Chinese Association,MCA,,9.6,17.0,177.0,1.0,-1.008,0.275,0.0
Malaysia,MYS,177.0,1990.0,Malaysian Chinese Association,MCA,,10.0,18.0,180.0,1.0,-1.008,0.28,0.0
Malaysia,MYS,177.0,1995.0,Malaysian Chinese Association,MCA,,15.6,30.0,192.0,1.0,-1.008,0.28,0.0
Malaysia,MYS,177.0,1999.0,Malaysian Chinese Association,MCA,,15.0,29.0,193.0,1.0,-1.008,0.279,0.0
Malaysia,MYS,177.0,2004.0,Malaysian Chinese Association,MCA,,14.2,31.0,219.0,1.0,-1.008,0.279,0.0
Malaysia,MYS,177.0,2008.0,Malaysian Chinese Association,MCA,,6.8,15.0,222.0,1.0,-1.008,0.279,0.0
Malaysia,MYS,177.0,2013.0,Malaysian Chinese Association,MCA,,3.2,7.0,222.0,1.0,-1.008,0.28,0.0
Malaysia,MYS,177.0,1999.0,People's Justice Party,Keadilan,11.5,2.6,5.0,193.0,3.0,-0.989,0.855,1.0
Malaysia,MYS,177.0,2004.0,People's Justice Party,Keadilan,8.6,0.5,1.0,219.0,3.0,-0.989,0.855,0.0
Malaysia,MYS,177.0,2008.0,People's Justice Party,Keadilan,19.1,14.0,31.0,222.0,3.0,-0.989,0.855,0.0
Malaysia,MYS,177.0,2013.0,People's Justice Party,Keadilan,20.4,13.5,30.0,222.0,3.0,-0.989,0.855,0.0
Malaysia,MYS,177.0,2018.0,People's Justice Party,Keadilan,16.9,21.2,47.0,222.0,1.0,-1.233,0.854,0.0
Malaysia,MYS,177.0,1982.0,Democratic Action Party,DAP,19.6,5.8,9.0,154.0,3.0,-1.397,0.809,0.0
Malaysia,MYS,177.0,1986.0,Democratic Action Party,DAP,21.0,13.6,24.0,177.0,3.0,-1.397,0.809,0.0
Malaysia,MYS,177.0,1990.0,Democratic Action Party,DAP,17.6,11.1,20.0,180.0,3.0,-1.397,0.809,0.0
Malaysia,MYS,177.0,1995.0,Democratic Action Party,DAP,12.0,4.7,9.0,192.0,3.0,-1.397,0.809,0.0
Malaysia,MYS,177.0,1999.0,Democratic Action Party,DAP,12.7,5.2,10.0,193.0,3.0,-0.999,0.855,0.0
Malaysia,MYS,177.0,2004.0,Democratic Action Party,DAP,9.9,5.5,12.0,219.0,3.0,-0.999,0.856,0.0
Malaysia,MYS,177.0,2008.0,Democratic Action Party,DAP,13.8,12.6,28.0,222.0,3.0,-0.999,0.854,0.0
Malaysia,MYS,177.0,2013.0,Democratic Action Party,DAP,15.7,17.1,38.0,222.0,3.0,-0.999,0.854,0.0
Malaysia,MYS,177.0,2018.0,Democratic Action Party,DAP,18.9,18.9,42.0,222.0,1.0,-0.999,0.805,0.0
Malaysia,MYS,177.0,2004.0,independent,indep,,0.5,1.0,219.0,,,,
Malaysia,MYS,177.0,1982.0,National Front,BN,60.5,,,,,,,
Malaysia,MYS,177.0,1986.0,National Front,BN,57.3,,,,,,,
Malaysia,MYS,177.0,1990.0,National Front,BN,53.4,,,,,,,
Malaysia,MYS,177.0,1995.0,National Front,BN,65.2,,,,,,,
Malaysia,MYS,177.0,1999.0,National Front,BN,56.6,,,,,,,
Malaysia,MYS,177.0,2004.0,National Front,BN,63.9,,,,,,,
Malaysia,MYS,177.0,2008.0,National Front,BN,52.1,,,,,,,
Malaysia,MYS,177.0,2013.0,National Front,BN,47.4,,,,,,,
Malaysia,MYS,177.0,2018.0,National Front,BN,33.8,,,,,,,
Malaysia,MYS,177.0,1982.0,Malaysian Indian Congress,MIC,,2.6,4.0,154.0,1.0,-0.982,0.285,0.0
Malaysia,MYS,177.0,1986.0,Malaysian Indian Congress,MIC,,3.4,6.0,177.0,1.0,-0.982,0.286,0.0
Malaysia,MYS,177.0,1990.0,Malaysian Indian Congress,MIC,,3.3,6.0,180.0,1.0,-0.982,0.286,0.0
Malaysia,MYS,177.0,1995.0,Malaysian Indian Congress,MIC,,3.6,7.0,192.0,1.0,-0.982,0.286,0.0
Malaysia,MYS,177.0,1999.0,Malaysian Indian Congress,MIC,,3.6,7.0,193.0,1.0,-0.982,0.286,0.0
Malaysia,MYS,177.0,2004.0,Malaysian Indian Congress,MIC,,4.1,9.0,219.0,1.0,-0.982,0.286,0.0
Malaysia,MYS,177.0,2008.0,Malaysian Indian Congress,MIC,,1.4,3.0,222.0,1.0,-0.982,0.286,0.0
Malaysia,MYS,177.0,2013.0,Malaysian Indian Congress,MIC,,1.8,4.0,222.0,1.0,-0.982,0.287,0.0
Malaysia,MYS,177.0,2018.0,Malaysian Indian Congress,MIC,,0.9,2.0,222.0,3.0,-0.982,0.287,0.0
Malaysia,MYS,177.0,1982.0,United Bumiputera Heritage Party,PBB,,5.2,8.0,154.0,1.0,-0.649,0.395,0.0
Malaysia,MYS,177.0,1986.0,United Bumiputera Heritage Party,PBB,,4.5,8.0,177.0,1.0,-0.649,0.395,0.0
Malaysia,MYS,177.0,1990.0,United Bumiputera Heritage Party,PBB,,5.6,10.0,180.0,1.0,-0.649,0.328,0.0
Malaysia,MYS,177.0,1995.0,United Bumiputera Heritage Party,PBB,,5.2,10.0,192.0,1.0,-0.649,0.328,0.0
Malaysia,MYS,177.0,1999.0,United Bumiputera Heritage Party,PBB,,5.7,11.0,193.0,1.0,-0.649,0.328,0.0
Malaysia,MYS,177.0,2004.0,United Bumiputera Heritage Party,PBB,,5.0,11.0,219.0,1.0,-0.649,0.336,0.0
Malaysia,MYS,177.0,2008.0,United Bumiputera Heritage Party,PBB,,6.3,14.0,222.0,1.0,-0.649,0.336,0.0
Malaysia,MYS,177.0,2013.0,United Bumiputera Heritage Party,PBB,,6.3,14.0,222.0,1.0,-0.649,0.336,0.0
Malaysia,MYS,177.0,2018.0,United Bumiputera Heritage Party,PBB,,5.9,13.0,222.0,3.0,-0.649,0.351,0.0
Malaysia,MYS,177.0,1982.0,Sarawak United Peoples' Party,SUPP,,3.2,5.0,154.0,,,,
Malaysia,MYS,177.0,1986.0,Sarawak United Peoples' Party,SUPP,,2.3,4.0,177.0,,,,
Malaysia,MYS,177.0,1990.0,Sarawak United Peoples' Party,SUPP,,2.2,4.0,180.0,,,,
Malaysia,MYS,177.0,1995.0,Sarawak United Peoples' Party,SUPP,,3.6,7.0,192.0,,,,
Malaysia,MYS,177.0,1999.0,Sarawak United Peoples' Party,SUPP,,3.6,7.0,193.0,,,,
Malaysia,MYS,177.0,2004.0,Sarawak United Peoples' Party,SUPP,,2.7,6.0,219.0,,,,
Malaysia,MYS,177.0,2008.0,Sarawak United Peoples' Party,SUPP,,2.7,6.0,222.0,,,,
Malaysia,MYS,177.0,1990.0,Muslims Unity Movement,APU,,,,,,,,
Malaysia,MYS,177.0,1995.0,Muslims Unity Movement,APU,,,,,,,,
Malaysia,MYS,177.0,1990.0,Spirit of 46 Malay Party,S46,14.8,4.4,8.0,180.0,3.0,-0.988,0.593,1.0
Malaysia,MYS,177.0,1995.0,Spirit of 46 Malay Party,S46,10.4,3.1,6.0,192.0,3.0,-0.988,0.593,0.0
Malaysia,MYS,177.0,1982.0,Malaysian People's Movement Party,Gerakan / PGRM,,3.2,5.0,154.0,,,,
Malaysia,MYS,177.0,1986.0,Malaysian People's Movement Party,Gerakan / PGRM,,2.8,5.0,177.0,,,,
Malaysia,MYS,177.0,1990.0,Malaysian People's Movement Party,Gerakan / PGRM,,2.8,5.0,180.0,,,,
Malaysia,MYS,177.0,1995.0,Malaysian People's Movement Party,Gerakan / PGRM,,3.6,7.0,192.0,,,,
Malaysia,MYS,177.0,1999.0,Malaysian People's Movement Party,Gerakan / PGRM,,3.1,6.0,193.0,,,,
Malaysia,MYS,177.0,2004.0,Malaysian People's Movement Party,Gerakan / PGRM,,4.6,10.0,219.0,,,,
Malaysia,MYS,177.0,1986.0,United Sabah Party,PBS,,5.6,10.0,177.0,1.0,-0.707,0.449,0.0
Malaysia,MYS,177.0,1990.0,United Sabah Party,PBS,2.3,7.8,14.0,180.0,1.0,-0.707,0.388,0.0
Malaysia,MYS,177.0,1995.0,United Sabah Party,PBS,3.3,4.2,8.0,192.0,1.0,-0.707,0.388,0.0
Malaysia,MYS,177.0,1999.0,United Sabah Party,PBS,2.2,1.6,3.0,193.0,1.0,-0.707,0.388,0.0
Malaysia,MYS,177.0,1982.0,Sarawak National Party,SNAP,,3.9,6.0,154.0,,,,
Malaysia,MYS,177.0,1986.0,Sarawak National Party,SNAP,,2.3,4.0,177.0,,,,
Malaysia,MYS,177.0,1999.0,Sarawak National Party,SNAP,,2.1,4.0,193.0,,,,
Malaysia,MYS,177.0,2008.0,People's Pact / People's Alliance,PR,,,,,,,,
Malaysia,MYS,177.0,2013.0,People's Pact / People's Alliance,PR,,,,,,,,
Malaysia,MYS,177.0,2018.0,Malaysian United Indigenous Party,PPBM,6.0,5.9,13.0,222.0,0.0,-1.016,0.618,1.0
Malaysia,MYS,177.0,2018.0,National Trust Party / Malaysia Workers' Party,AMANAH / PPPM,5.4,5.0,11.0,222.0,1.0,-0.999,0.771,1.0
Malaysia,MYS,177.0,1999.0,Alternative Front,BA,,,,,,,,
Malaysia,MYS,177.0,2004.0,Alternative Front,BA,,,,,,,,
Malaysia,MYS,177.0,1986.0,United Sabah National Organisation,USNO,,2.8,5.0,177.0,,,,
Malaysia,MYS,177.0,1990.0,United Sabah National Organisation,USNO,,3.3,6.0,180.0,,,,
Malaysia,MYS,177.0,1982.0,Sabah People's United Front,BERJAYA,,6.5,10.0,154.0,1.0,-0.658,0.494,0.0
Malaysia,MYS,177.0,1986.0,Sarawak Native People's Party,PBDS,,2.8,5.0,177.0,,,,
Malaysia,MYS,177.0,1990.0,Sarawak Native People's Party,PBDS,,2.2,4.0,180.0,,,,
Malaysia,MYS,177.0,1995.0,Sarawak Native People's Party,PBDS,,2.6,5.0,192.0,,,,
Malaysia,MYS,177.0,1999.0,Sarawak Native People's Party,PBDS,,3.1,6.0,193.0,,,,
Malaysia,MYS,177.0,2004.0,Sarawak Native People's Party,PBDS,,2.7,6.0,219.0,,,,
Malaysia,MYS,177.0,1990.0,People's Might,GR,,,,,,,,
Malaysia,MYS,177.0,1995.0,People's Might,GR,,,,,,,,
Malaysia,MYS,177.0,2008.0,Sarawak Peoples' Party,PRS,,2.7,6.0,222.0,,,,
Malaysia,MYS,177.0,2013.0,Sarawak Peoples' Party,PRS,,2.7,6.0,222.0,,,,
Malaysia,MYS,177.0,2018.0,Sarawak Peoples' Party,PRS,,1.4,3.0,222.0,3.0,-1.002,0.46,0.0
Malaysia,MYS,177.0,2018.0,alliance: Alliance of Hope,Alliance of ...,,,,,,,,
Malta,MLT,178.0,1981.0,Nationalist Party,PN,50.9,47.7,31.0,65.0,3.0,-0.731,0.725,0.0
Malta,MLT,178.0,1987.0,Nationalist Party,PN,50.9,50.7,35.0,69.0,0.0,-0.728,0.718,0.0
Malta,MLT,178.0,1992.0,Nationalist Party,PN,51.8,52.3,34.0,65.0,0.0,-1.277,0.271,0.0
Malta,MLT,178.0,1996.0,Nationalist Party,PN,47.8,49.3,34.0,69.0,3.0,-0.255,0.261,0.0
Malta,MLT,178.0,1998.0,Nationalist Party,PN,51.8,53.8,35.0,65.0,0.0,-0.286,0.525,0.0
Malta,MLT,178.0,2003.0,Nationalist Party,PN,51.8,53.8,35.0,65.0,0.0,-0.239,0.251,0.0
Malta,MLT,178.0,2008.0,Nationalist Party,PN,49.3,50.7,35.0,69.0,3.0,0.132,0.321,0.0
Malta,MLT,178.0,2013.0,Nationalist Party,PN,43.3,43.5,30.0,69.0,3.0,0.132,0.483,0.0
Malta,MLT,178.0,1981.0,Malta Labour Party,MLP,49.1,52.3,34.0,65.0,0.0,-1.829,0.648,0.0
Malta,MLT,178.0,1987.0,Malta Labour Party,MLP,48.9,49.3,34.0,69.0,3.0,-1.807,0.701,0.0
Malta,MLT,178.0,1992.0,Malta Labour Party,MLP,46.5,47.7,31.0,65.0,3.0,-1.836,0.537,0.0
Malta,MLT,178.0,1996.0,Malta Labour Party,MLP,50.7,50.7,35.0,69.0,0.0,-0.709,0.634,0.0
Malta,MLT,178.0,1998.0,Malta Labour Party,MLP,47.0,46.2,30.0,65.0,3.0,-0.718,0.324,0.0
Malta,MLT,178.0,2003.0,Malta Labour Party,MLP,47.5,46.2,30.0,65.0,3.0,-0.697,0.691,0.0
Malta,MLT,178.0,2008.0,Malta Labour Party,MLP,48.8,49.3,34.0,69.0,0.0,-0.716,0.741,0.0
Malta,MLT,178.0,2013.0,Malta Labour Party,MLP,54.8,56.5,39.0,69.0,0.0,0.61,0.811,2.0
Mauritius,MUS,180.0,1982.0,Labour Party,PT,,,,,,,,
Mauritius,MUS,180.0,1983.0,Labour Party,PT,,,,,,,,
Mauritius,MUS,180.0,1987.0,Labour Party,PT,,,,,,,,
Mauritius,MUS,180.0,1991.0,Labour Party,PT,,9.1,6.0,66.0,3.0,-0.65,0.66,2.0
Mauritius,MUS,180.0,1995.0,Labour Party,PT,,53.0,35.0,66.0,0.0,-0.65,0.66,2.0
Mauritius,MUS,180.0,2000.0,Labour Party,PT,,,,,,,,
Mauritius,MUS,180.0,2005.0,Labour Party,PT,,,,,,,,
Mauritius,MUS,180.0,2010.0,Labour Party,PT,,,,,,,,
Mauritius,MUS,180.0,2014.0,Labour Party,PT,,,,,,,,
Mauritius,MUS,180.0,2019.0,Labour Party,PT,,22.6,14.0,62.0,3.0,-0.65,0.452,2.0
Mauritius,MUS,180.0,1982.0,Mauritian Militant Movement,MMM,,63.6,42.0,66.0,3.0,-1.237,0.707,0.0
Mauritius,MUS,180.0,1983.0,Mauritian Militant Movement,MMM,45.6,31.4,22.0,70.0,3.0,-1.237,0.499,0.0
Mauritius,MUS,180.0,1987.0,Mauritian Militant Movement,MMM,47.3,34.3,24.0,70.0,3.0,-0.648,0.448,0.0
Mauritius,MUS,180.0,1991.0,Mauritian Militant Movement,MMM,,40.9,27.0,66.0,3.0,-0.648,0.448,0.0
Mauritius,MUS,180.0,1995.0,Mauritian Militant Movement,MMM,,37.9,25.0,66.0,1.0,-0.648,0.448,0.0
Mauritius,MUS,180.0,2000.0,Mauritian Militant Movement,MMM,,,,,,,,
Mauritius,MUS,180.0,2005.0,Mauritian Militant Movement,MMM,,,,,,,,
Mauritius,MUS,180.0,2010.0,Mauritian Militant Movement,MMM,,,,,,,,
Mauritius,MUS,180.0,2014.0,Mauritian Militant Movement,MMM,,,,,,,,
Mauritius,MUS,180.0,2019.0,Mauritian Militant Movement,MMM,,12.9,8.0,62.0,3.0,-0.648,0.448,0.0
Mauritius,MUS,180.0,2000.0,Mauritian Party of Xavier-Luc Duval,PMXD,,,,,,,,
Mauritius,MUS,180.0,2005.0,Mauritian Party of Xavier-Luc Duval,PMXD,,,,,,,,
Mauritius,MUS,180.0,2019.0,Organisation of the People of Rodrigues,OPR,,3.2,2.0,62.0,,,,
Mauritius,MUS,180.0,1983.0,Militiant Socialist Movement,MSM,,,,,,,,
Mauritius,MUS,180.0,1987.0,Militiant Socialist Movement,MSM,,,,,,,,
Mauritius,MUS,180.0,1991.0,Militiant Socialist Movement,MSM,,45.5,30.0,66.0,0.0,-0.302,0.561,0.0
Mauritius,MUS,180.0,1995.0,Militiant Socialist Movement,MSM,19.8,0.0,0.0,66.0,3.0,-0.302,0.561,0.0
Mauritius,MUS,180.0,2000.0,Militiant Socialist Movement,MSM,,,,,,,,
Mauritius,MUS,180.0,2005.0,Militiant Socialist Movement,MSM,,,,,,,,
Mauritius,MUS,180.0,2010.0,Militiant Socialist Movement,MSM,,,,,,,,
Mauritius,MUS,180.0,2014.0,Militiant Socialist Movement,MSM,,,,,,,,
Mauritius,MUS,180.0,2019.0,Militiant Socialist Movement,MSM,,61.3,38.0,62.0,0.0,-0.302,0.299,2.0
Mauritius,MUS,180.0,1982.0,Mauritian Social Democrat Party,PMSD,8.4,3.0,2.0,66.0,3.0,-1.247,0.232,2.0
Mauritius,MUS,180.0,1983.0,Mauritian Social Democrat Party,PMSD,,,,,,,,
Mauritius,MUS,180.0,1987.0,Mauritian Social Democrat Party,PMSD,,,,,,,,
Mauritius,MUS,180.0,1991.0,Mauritian Social Democrat Party,PMSD,,1.5,1.0,66.0,3.0,0.39,0.235,0.0
Mauritius,MUS,180.0,2005.0,Mauritian Social Democrat Party,PMSD,,,,,,,,
Mauritius,MUS,180.0,2010.0,Mauritian Social Democrat Party,PMSD,,,,,,,,
Mauritius,MUS,180.0,2014.0,Mauritian Social Democrat Party,PMSD,,,,,,,,
Mauritius,MUS,180.0,1982.0,Muslim Committee of Action,MCA,,,,,,,,
Mauritius,MUS,180.0,1982.0,Mauritian Socialist Party,PSM,,27.3,18.0,66.0,1.0,-1.256,0.79,1.0
Mauritius,MUS,180.0,2005.0,The Greens,Verts,,,,,,,,
Mauritius,MUS,180.0,2005.0,Republican Movement,MR,,,,,,,,
Mauritius,MUS,180.0,2005.0,Mauritian Militant Socialist Movement,MMSM,,,,,,,,
Mauritius,MUS,180.0,1982.0,alliance: MMM / PSM,MMM / PSM,63.0,,,,,,,
Mauritius,MUS,180.0,1991.0,alliance: MSM / MMM,MSM / MMM,55.4,,,,,,,
Mauritius,MUS,180.0,1991.0,alliance: Labour / PMSD,Labour / PMSD,39.3,,,,,,,
Mauritius,MUS,180.0,1995.0,alliance: Labour / MMM,Labour / MMM,65.2,,,,,,,
Mauritius,MUS,180.0,1982.0,alliance: PAN,PAN,24.8,3.0,2.0,66.0,3.0,-1.232,0.617,2.0
Mauritius,MUS,180.0,1983.0,alliance: MSM / MLP / PMSD,MSM / MLP / ...,51.9,65.7,46.0,70.0,0.0,-0.887,0.524,2.0
Mauritius,MUS,180.0,1987.0,alliance: Alliance (MSM / Labour),Alliance (MS...,49.0,62.9,44.0,70.0,0.0,-0.369,0.561,2.0
Mauritius,MUS,180.0,2000.0,alliance: Alliance MSM - MMM,Alliance MSM...,51.7,87.1,54.0,62.0,0.0,-0.33,0.563,2.0
Mauritius,MUS,180.0,2000.0,alliance: Alliance PTr - PMXD,Alliance PTr...,36.6,9.7,6.0,62.0,3.0,-0.659,0.603,2.0
Mauritius,MUS,180.0,2005.0,alliance: Social Alliance,Social Alliance,48.8,60.0,42.0,70.0,0.0,-0.311,0.555,2.0
Mauritius,MUS,180.0,2005.0,alliance: MSM-MMM,MSM-MMM,42.6,34.3,24.0,70.0,3.0,-0.274,0.457,2.0
Mauritius,MUS,180.0,2010.0,alliance: Avenir,Avenir,49.7,64.3,45.0,70.0,0.0,-0.29,0.556,2.0
Mauritius,MUS,180.0,2010.0,alliance: Coeur,Coeur,42.0,28.6,20.0,70.0,3.0,-0.642,0.56,2.0
Mauritius,MUS,180.0,2014.0,alliance: MSM-PMSD,MSM-PMSD,49.8,73.9,51.0,69.0,0.0,-0.32,0.56,2.0
Mauritius,MUS,180.0,2014.0,alliance: PTR-MMM,PTR-MMM,38.5,23.2,16.0,69.0,3.0,-0.638,0.558,2.0
Montenegro,MNE,183.0,1998.0,Socialist People’s Party of Montenegro,SNP-CG,36.1,37.2,29.0,78.0,3.0,-2.483,0.714,1.0
Montenegro,MNE,183.0,2001.0,Socialist People’s Party of Montenegro,SNP-CG,23.4,27.3,21.0,77.0,3.0,-2.483,0.714,0.0
Montenegro,MNE,183.0,2002.0,Socialist People’s Party of Montenegro,SNP-CG,22.1,25.7,19.0,74.0,3.0,-2.483,0.714,0.0
Montenegro,MNE,183.0,2006.0,Socialist People’s Party of Montenegro,SNP-CG,,9.9,8.0,81.0,3.0,-1.346,0.672,0.0
Montenegro,MNE,183.0,2009.0,Socialist People’s Party of Montenegro,SNP-CG,16.8,19.8,16.0,81.0,3.0,-1.346,0.672,0.0
Montenegro,MNE,183.0,2012.0,Socialist People’s Party of Montenegro,SNP-CG,11.2,11.4,9.0,79.0,3.0,-1.346,0.672,0.0
Montenegro,MNE,183.0,2016.0,Socialist People’s Party of Montenegro,SNP-CG,,3.7,3.0,81.0,3.0,-1.346,0.672,0.0
Montenegro,MNE,183.0,2006.0,Serbian Radical Party,SRS,,,,,,,,
Montenegro,MNE,183.0,1998.0,Democratic Party of Socialists of Montenegro,DPS,,41.0,32.0,78.0,0.0,-0.121,0.076,0.0
Montenegro,MNE,183.0,2001.0,Democratic Party of Socialists of Montenegro,DPS,35.0,39.0,30.0,77.0,0.0,-0.121,0.091,0.0
Montenegro,MNE,183.0,2002.0,Democratic Party of Socialists of Montenegro,DPS,38.1,41.9,31.0,74.0,0.0,-0.045,0.091,0.0
Montenegro,MNE,183.0,2006.0,Democratic Party of Socialists of Montenegro,DPS,,40.7,33.0,81.0,0.0,-0.045,0.091,0.0
Montenegro,MNE,183.0,2009.0,Democratic Party of Socialists of Montenegro,DPS,,43.2,35.0,81.0,0.0,0.366,0.091,0.0
Montenegro,MNE,183.0,2012.0,Democratic Party of Socialists of Montenegro,DPS,,40.5,32.0,79.0,0.0,0.366,0.088,0.0
Montenegro,MNE,183.0,2016.0,Democratic Party of Socialists of Montenegro,DPS,41.4,43.2,35.0,81.0,0.0,0.366,0.088,0.0
Montenegro,MNE,183.0,1998.0,So that we live better -- Victory is Montenegro's -- (Democratic) List for European Montenegro -- Coalition for European Montenegro,DZB-PCG-KECG,49.5,,,,,,,
Montenegro,MNE,183.0,2001.0,So that we live better -- Victory is Montenegro's -- (Democratic) List for European Montenegro -- Coalition for European Montenegro,DZB-PCG-KECG,,,,,,,,
Montenegro,MNE,183.0,2002.0,So that we live better -- Victory is Montenegro's -- (Democratic) List for European Montenegro -- Coalition for European Montenegro,DZB-PCG-KECG,,,,,,,,
Montenegro,MNE,183.0,2006.0,So that we live better -- Victory is Montenegro's -- (Democratic) List for European Montenegro -- Coalition for European Montenegro,DZB-PCG-KECG,48.6,,,,,,,
Montenegro,MNE,183.0,2009.0,So that we live better -- Victory is Montenegro's -- (Democratic) List for European Montenegro -- Coalition for European Montenegro,DZB-PCG-KECG,51.9,,,,,,,
Montenegro,MNE,183.0,2012.0,So that we live better -- Victory is Montenegro's -- (Democratic) List for European Montenegro -- Coalition for European Montenegro,DZB-PCG-KECG,45.6,,,,,,,
Montenegro,MNE,183.0,1998.0,Liberal Alliance of Montenegro,LSCG,6.3,6.4,5.0,78.0,3.0,-0.509,0.359,0.0
Montenegro,MNE,183.0,2001.0,Liberal Alliance of Montenegro,LSCG,7.9,7.8,6.0,77.0,2.0,-0.509,0.218,0.0
Montenegro,MNE,183.0,2002.0,Liberal Alliance of Montenegro,LSCG,5.8,5.4,4.0,74.0,3.0,-0.509,0.309,0.0
Montenegro,MNE,183.0,1998.0,Social Democratic Party of Montenegro,SDP CG,,6.4,5.0,78.0,1.0,-1.068,0.177,0.0
Montenegro,MNE,183.0,2001.0,Social Democratic Party of Montenegro,SDP CG,7.0,7.8,6.0,77.0,1.0,-1.068,0.177,0.0
Montenegro,MNE,183.0,2002.0,Social Democratic Party of Montenegro,SDP CG,8.6,10.8,8.0,74.0,1.0,-1.068,0.177,0.0
Montenegro,MNE,183.0,2006.0,Social Democratic Party of Montenegro,SDP CG,,8.6,7.0,81.0,1.0,-1.068,0.177,0.0
Montenegro,MNE,183.0,2009.0,Social Democratic Party of Montenegro,SDP CG,,11.1,9.0,81.0,1.0,-0.976,0.177,0.0
Montenegro,MNE,183.0,2012.0,Social Democratic Party of Montenegro,SDP CG,,7.6,6.0,79.0,1.0,-0.976,0.372,0.0
Montenegro,MNE,183.0,2016.0,Social Democratic Party of Montenegro,SDP CG,5.2,4.9,4.0,81.0,3.0,-0.976,0.347,0.0
Montenegro,MNE,183.0,2009.0,New Serbian Democracy,NOVA,9.2,9.9,8.0,81.0,3.0,-1.525,0.739,2.0
Montenegro,MNE,183.0,2012.0,New Serbian Democracy,NOVA,,10.1,8.0,79.0,3.0,-1.525,0.752,0.0
Montenegro,MNE,183.0,2016.0,New Serbian Democracy,NOVA,,9.9,8.0,81.0,3.0,-1.674,0.797,0.0
Montenegro,MNE,183.0,2006.0,Croatian Civic Initiative,HGI,,1.2,1.0,81.0,1.0,-0.915,0.074,1.0
Montenegro,MNE,183.0,2009.0,Croatian Civic Initiative,HGI,,1.2,1.0,81.0,1.0,-0.915,0.074,0.0
Montenegro,MNE,183.0,2009.0,Bosniak Party,BS,,3.7,3.0,81.0,1.0,-0.818,0.078,2.0
Montenegro,MNE,183.0,2012.0,Bosniak Party,BS,4.2,3.8,3.0,79.0,1.0,-0.818,0.078,0.0
Montenegro,MNE,183.0,1998.0,People’s Party,NS,,6.4,5.0,78.0,1.0,-0.81,0.164,0.0
Montenegro,MNE,183.0,2001.0,People’s Party,NS,11.1,11.7,9.0,77.0,3.0,-0.81,0.495,0.0
Montenegro,MNE,183.0,2002.0,People’s Party,NS,5.8,6.8,5.0,74.0,3.0,-0.81,0.437,0.0
Montenegro,MNE,183.0,2006.0,People’s Party,NS,,2.5,2.0,81.0,3.0,-0.81,0.487,0.0
Montenegro,MNE,183.0,2006.0,Movement for Changes,PzP,13.1,13.6,11.0,81.0,3.0,0.305,0.635,1.0
Montenegro,MNE,183.0,2009.0,Movement for Changes,PzP,6.0,6.2,5.0,81.0,3.0,0.305,0.635,0.0
Montenegro,MNE,183.0,2012.0,Movement for Changes,PzP,,6.3,5.0,79.0,3.0,0.305,0.746,0.0
Montenegro,MNE,183.0,2016.0,Movement for Changes,PzP,,6.2,5.0,81.0,3.0,0.305,0.848,0.0
Montenegro,MNE,183.0,2012.0,Positive Montenegro,PCG,8.2,8.9,7.0,79.0,3.0,-0.269,0.636,1.0
Montenegro,MNE,183.0,2012.0,Liberal Party of Montenegro,LPCG,,1.3,1.0,79.0,2.0,-0.061,0.158,1.0
Montenegro,MNE,183.0,2016.0,Democratic Alliance,DEMOS,,4.9,4.0,81.0,3.0,-1.011,0.676,1.0
Montenegro,MNE,183.0,2016.0,United Reformist Action,URA,,2.5,2.0,81.0,3.0,-0.387,0.683,1.0
Montenegro,MNE,183.0,2016.0,Democratic Montenegro,DCG,10.0,11.1,9.0,81.0,3.0,-2.12,0.782,1.0
Montenegro,MNE,183.0,2001.0,Serbian People's Party,SNS,6.1,3.9,3.0,77.0,3.0,-0.845,0.639,2.0
Montenegro,MNE,183.0,2002.0,Serbian People's Party,SNS,7.0,8.1,6.0,74.0,3.0,-0.845,0.694,0.0
Montenegro,MNE,183.0,2006.0,Serbian People's Party,SNS,,,,,,,,
Montenegro,MNE,183.0,2006.0,Democratic Serb Party,DSS,,1.2,1.0,81.0,3.0,-0.712,0.748,1.0
Montenegro,MNE,183.0,2012.0,Democratic Front,DF,22.8,,,,,,,
Montenegro,MNE,183.0,2016.0,Democratic Front,DF,20.3,,,,,,,
Montenegro,MNE,183.0,2012.0,Democratic People's Party of Montenegro,DNP,,3.8,3.0,79.0,3.0,-2.105,0.626,1.0
Montenegro,MNE,183.0,2016.0,Democratic People's Party of Montenegro,DNP,,4.9,4.0,81.0,3.0,-2.105,0.634,0.0
Montenegro,MNE,183.0,2016.0,Key Coalition,KC,11.1,,,,,,,
Montenegro,MNE,183.0,2001.0,alliance: Together for Yugoslavia,Together for...,,,,,,,,
Montenegro,MNE,183.0,2002.0,alliance: Together for Change,Together for...,,,,,,,,
Montenegro,MNE,183.0,2006.0,alliance: SNP–NS–DSS,SNP–NS–DSS,14.1,,,,,,,
Montenegro,MNE,183.0,2006.0,alliance: Serb list,Serb list,14.7,14.8,12.0,81.0,3.0,-0.815,0.684,2.0
New Zealand,NZL,185.0,1993.0,New Zealand First Party,NZFP,8.4,2.0,2.0,99.0,3.0,0.045,0.907,1.0
New Zealand,NZL,185.0,1996.0,New Zealand First Party,NZFP,13.3,14.2,17.0,120.0,1.0,0.045,0.907,0.0
New Zealand,NZL,185.0,2002.0,New Zealand First Party,NZFP,10.4,10.8,13.0,120.0,3.0,0.033,0.903,0.0
New Zealand,NZL,185.0,2005.0,New Zealand First Party,NZFP,5.7,5.8,7.0,121.0,1.0,0.033,0.903,0.0
New Zealand,NZL,185.0,2011.0,New Zealand First Party,NZFP,6.6,6.6,8.0,121.0,3.0,0.03,0.904,0.0
New Zealand,NZL,185.0,2014.0,New Zealand First Party,NZFP,8.7,9.1,11.0,121.0,3.0,-0.158,0.904,0.0
New Zealand,NZL,185.0,2017.0,New Zealand First Party,NZFP,7.2,7.5,9.0,120.0,1.0,-0.158,0.904,0.0
New Zealand,NZL,185.0,1993.0,Alliance,A,18.2,2.0,2.0,99.0,3.0,-1.98,0.734,1.0
New Zealand,NZL,185.0,1996.0,Alliance,A,10.1,10.8,13.0,120.0,3.0,-1.98,0.759,0.0
New Zealand,NZL,185.0,1999.0,Alliance,A,7.7,8.3,10.0,120.0,1.0,-1.98,0.759,0.0
New Zealand,NZL,185.0,1996.0,ACT New Zealand,ACT,6.1,6.7,8.0,120.0,2.0,2.389,0.237,1.0
New Zealand,NZL,185.0,1999.0,ACT New Zealand,ACT,7.0,7.5,9.0,120.0,3.0,2.389,0.237,0.0
New Zealand,NZL,185.0,2002.0,ACT New Zealand,ACT,7.1,7.5,9.0,120.0,3.0,2.389,0.237,0.0
New Zealand,NZL,185.0,1984.0,New Zealand Party,NZP,12.2,0.0,0.0,95.0,3.0,2.254,0.512,1.0
New Zealand,NZL,185.0,1981.0,Social Credit / Democratic Party,SC/DP,20.6,2.2,2.0,92.0,3.0,-0.143,0.615,0.0
New Zealand,NZL,185.0,1984.0,Social Credit / Democratic Party,SC/DP,7.6,2.1,2.0,95.0,3.0,-0.143,0.615,0.0
New Zealand,NZL,185.0,1987.0,Social Credit / Democratic Party,SC/DP,5.7,0.0,0.0,97.0,3.0,-0.143,0.615,0.0
New Zealand,NZL,185.0,2002.0,United Future New Zealand,UFNZ,6.7,6.7,8.0,120.0,2.0,0.03,0.254,2.0
New Zealand,NZL,185.0,1981.0,Labour Party,LP,39.0,46.7,43.0,92.0,3.0,-1.208,0.589,0.0
New Zealand,NZL,185.0,1984.0,Labour Party,LP,43.0,58.9,56.0,95.0,0.0,-0.028,0.564,0.0
New Zealand,NZL,185.0,1987.0,Labour Party,LP,48.0,59.8,58.0,97.0,0.0,0.949,0.418,0.0
New Zealand,NZL,185.0,1990.0,Labour Party,LP,35.1,29.9,29.0,97.0,3.0,0.694,0.497,0.0
New Zealand,NZL,185.0,1993.0,Labour Party,LP,34.7,45.5,45.0,99.0,3.0,-0.54,0.543,0.0
New Zealand,NZL,185.0,1996.0,Labour Party,LP,28.2,30.8,37.0,120.0,3.0,-0.807,0.508,0.0
New Zealand,NZL,185.0,1999.0,Labour Party,LP,38.7,40.8,49.0,120.0,0.0,-0.807,0.552,0.0
New Zealand,NZL,185.0,2002.0,Labour Party,LP,41.3,43.3,52.0,120.0,0.0,-0.807,0.435,0.0
New Zealand,NZL,185.0,2005.0,Labour Party,LP,41.1,41.3,50.0,121.0,0.0,-0.807,0.455,0.0
New Zealand,NZL,185.0,2008.0,Labour Party,LP,34.0,35.2,43.0,122.0,3.0,-0.807,0.481,0.0
New Zealand,NZL,185.0,2011.0,Labour Party,LP,27.5,28.1,34.0,121.0,3.0,-0.807,0.481,0.0
New Zealand,NZL,185.0,2014.0,Labour Party,LP,25.1,26.4,32.0,121.0,3.0,-1.093,0.422,0.0
New Zealand,NZL,185.0,2017.0,Labour Party,LP,36.9,38.3,46.0,120.0,0.0,-0.817,0.422,0.0
New Zealand,NZL,185.0,1990.0,Green Party,Greens,6.8,0.0,0.0,97.0,3.0,-2.268,0.388,1.0
New Zealand,NZL,185.0,1999.0,Green Party,Greens,5.2,5.8,7.0,120.0,2.0,-2.282,0.377,0.0
New Zealand,NZL,185.0,2002.0,Green Party,Greens,7.0,7.5,9.0,120.0,2.0,-2.282,0.377,0.0
New Zealand,NZL,185.0,2005.0,Green Party,Greens,5.3,5.0,6.0,121.0,2.0,-2.282,0.377,0.0
New Zealand,NZL,185.0,2008.0,Green Party,Greens,6.7,7.4,9.0,122.0,3.0,-2.282,0.377,0.0
New Zealand,NZL,185.0,2011.0,Green Party,Greens,11.1,11.6,14.0,121.0,3.0,-2.282,0.377,0.0
New Zealand,NZL,185.0,2014.0,Green Party,Greens,10.7,11.6,14.0,121.0,3.0,-2.282,0.377,0.0
New Zealand,NZL,185.0,2017.0,Green Party,Greens,6.3,6.7,8.0,120.0,1.0,-2.282,0.377,0.0
New Zealand,NZL,185.0,1990.0,New Labour Party,NLP,5.2,1.0,1.0,97.0,3.0,-2.26,0.826,1.0
New Zealand,NZL,185.0,1981.0,National Party,NP,38.8,51.1,47.0,92.0,0.0,0.581,0.282,0.0
New Zealand,NZL,185.0,1984.0,National Party,NP,35.9,38.9,37.0,95.0,3.0,0.581,0.282,0.0
New Zealand,NZL,185.0,1987.0,National Party,NP,44.0,40.2,39.0,97.0,3.0,0.867,0.334,0.0
New Zealand,NZL,185.0,1990.0,National Party,NP,47.8,69.1,67.0,97.0,0.0,1.139,0.334,0.0
New Zealand,NZL,185.0,1993.0,National Party,NP,35.0,50.5,50.0,99.0,0.0,1.473,0.264,0.0
New Zealand,NZL,185.0,1996.0,National Party,NP,33.8,36.7,44.0,120.0,0.0,1.473,0.264,0.0
New Zealand,NZL,185.0,1999.0,National Party,NP,30.5,32.5,39.0,120.0,3.0,1.473,0.264,0.0
New Zealand,NZL,185.0,2002.0,National Party,NP,20.9,22.5,27.0,120.0,3.0,1.156,0.264,0.0
New Zealand,NZL,185.0,2005.0,National Party,NP,39.1,39.7,48.0,121.0,3.0,1.469,0.287,0.0
New Zealand,NZL,185.0,2008.0,National Party,NP,44.9,47.5,58.0,122.0,0.0,1.141,0.264,0.0
New Zealand,NZL,185.0,2011.0,National Party,NP,47.3,48.8,59.0,121.0,0.0,1.141,0.264,0.0
New Zealand,NZL,185.0,2014.0,National Party,NP,47.0,49.6,60.0,121.0,0.0,1.141,0.264,0.0
New Zealand,NZL,185.0,2017.0,National Party,NP,44.4,46.7,56.0,120.0,3.0,1.141,0.264,0.0
Norway,NOR,186.0,1989.0,Progress Party [Anders Lange’s Party],Fr,13.0,13.3,22.0,165.0,3.0,2.753,0.807,0.0
Norway,NOR,186.0,1993.0,Progress Party [Anders Lange’s Party],Fr,6.3,6.1,10.0,165.0,3.0,2.753,0.809,0.0
Norway,NOR,186.0,1997.0,Progress Party [Anders Lange’s Party],Fr,15.3,15.2,25.0,165.0,2.0,2.306,0.808,0.0
Norway,NOR,186.0,2001.0,Progress Party [Anders Lange’s Party],Fr,14.7,15.8,26.0,165.0,3.0,2.313,0.804,0.0
Norway,NOR,186.0,2005.0,Progress Party [Anders Lange’s Party],Fr,22.1,22.5,38.0,169.0,3.0,2.313,0.778,0.0
Norway,NOR,186.0,2009.0,Progress Party [Anders Lange’s Party],Fr,22.9,24.3,41.0,169.0,3.0,2.323,0.775,0.0
Norway,NOR,186.0,2013.0,Progress Party [Anders Lange’s Party],Fr,16.3,17.2,29.0,169.0,1.0,2.292,0.752,0.0
Norway,NOR,186.0,2017.0,Progress Party [Anders Lange’s Party],Fr,15.2,16.0,27.0,169.0,1.0,2.292,0.745,0.0
Norway,NOR,186.0,1981.0,Norwegian Labour Party,DNA,37.2,41.9,65.0,155.0,3.0,-1.095,0.224,0.0
Norway,NOR,186.0,1985.0,Norwegian Labour Party,DNA,40.8,45.2,71.0,157.0,3.0,-1.079,0.225,0.0
Norway,NOR,186.0,1989.0,Norwegian Labour Party,DNA,34.3,38.2,63.0,165.0,3.0,-1.056,0.266,0.0
Norway,NOR,186.0,1993.0,Norwegian Labour Party,DNA,36.9,40.6,67.0,165.0,0.0,-1.071,0.222,0.0
Norway,NOR,186.0,1997.0,Norwegian Labour Party,DNA,35.0,39.4,65.0,165.0,3.0,-1.071,0.224,0.0
Norway,NOR,186.0,2001.0,Norwegian Labour Party,DNA,24.3,26.1,43.0,165.0,3.0,-1.071,0.225,0.0
Norway,NOR,186.0,2005.0,Norwegian Labour Party,DNA,32.7,36.1,61.0,169.0,0.0,-1.071,0.224,0.0
Norway,NOR,186.0,2009.0,Norwegian Labour Party,DNA,35.4,37.9,64.0,169.0,0.0,-1.071,0.224,0.0
Norway,NOR,186.0,2013.0,Norwegian Labour Party,DNA,30.8,32.5,55.0,169.0,3.0,-1.071,0.239,0.0
Norway,NOR,186.0,2017.0,Norwegian Labour Party,DNA,27.4,29.0,49.0,169.0,3.0,-1.071,0.241,0.0
Norway,NOR,186.0,1981.0,Conservative Party,H,31.7,34.8,54.0,155.0,0.0,1.742,0.051,0.0
Norway,NOR,186.0,1985.0,Conservative Party,H,30.4,31.8,50.0,157.0,0.0,1.742,0.05,0.0
Norway,NOR,186.0,1989.0,Conservative Party,H,22.2,22.4,37.0,165.0,0.0,1.742,0.05,0.0
Norway,NOR,186.0,1993.0,Conservative Party,H,17.0,17.0,28.0,165.0,3.0,1.742,0.05,0.0
Norway,NOR,186.0,1997.0,Conservative Party,H,14.3,13.9,23.0,165.0,2.0,1.742,0.05,0.0
Norway,NOR,186.0,2001.0,Conservative Party,H,21.2,23.0,38.0,165.0,1.0,1.742,0.051,0.0
Norway,NOR,186.0,2005.0,Conservative Party,H,14.1,13.6,23.0,169.0,3.0,1.722,0.051,0.0
Norway,NOR,186.0,2009.0,Conservative Party,H,17.2,17.8,30.0,169.0,3.0,1.725,0.05,0.0
Norway,NOR,186.0,2013.0,Conservative Party,H,25.8,28.4,48.0,169.0,0.0,1.725,0.049,0.0
Norway,NOR,186.0,2017.0,Conservative Party,H,25.0,26.6,45.0,169.0,0.0,1.725,0.049,0.0
Norway,NOR,186.0,1981.0,Christian Democratic Party,KrF,8.9,9.7,15.0,155.0,2.0,0.334,0.107,0.0
Norway,NOR,186.0,1985.0,Christian Democratic Party,KrF,8.3,10.2,16.0,157.0,1.0,0.323,0.108,0.0
Norway,NOR,186.0,1989.0,Christian Democratic Party,KrF,8.5,8.5,14.0,165.0,1.0,0.349,0.107,0.0
Norway,NOR,186.0,1993.0,Christian Democratic Party,KrF,7.9,7.9,13.0,165.0,3.0,0.349,0.128,0.0
Norway,NOR,186.0,1997.0,Christian Democratic Party,KrF,13.7,15.2,25.0,165.0,0.0,0.349,0.107,0.0
Norway,NOR,186.0,2001.0,Christian Democratic Party,KrF,12.5,13.3,22.0,165.0,0.0,0.349,0.106,0.0
Norway,NOR,186.0,2005.0,Christian Democratic Party,KrF,6.8,6.5,11.0,169.0,3.0,0.349,0.107,0.0
Norway,NOR,186.0,2009.0,Christian Democratic Party,KrF,5.5,5.9,10.0,169.0,3.0,0.349,0.106,0.0
Norway,NOR,186.0,2013.0,Christian Democratic Party,KrF,5.6,5.9,10.0,169.0,2.0,0.349,0.107,0.0
Norway,NOR,186.0,2017.0,Christian Democratic Party,KrF,4.7,4.7,8.0,169.0,2.0,0.349,0.146,0.0
Norway,NOR,186.0,1985.0,Socialist Left Party,SV,5.5,3.8,6.0,157.0,3.0,-2.309,0.376,0.0
Norway,NOR,186.0,1989.0,Socialist Left Party,SV,10.1,10.3,17.0,165.0,3.0,-2.309,0.384,0.0
Norway,NOR,186.0,1993.0,Socialist Left Party,SV,7.9,7.9,13.0,165.0,2.0,-2.309,0.451,0.0
Norway,NOR,186.0,1997.0,Socialist Left Party,SV,6.0,5.5,9.0,165.0,3.0,-2.309,0.345,0.0
Norway,NOR,186.0,2001.0,Socialist Left Party,SV,12.5,13.9,23.0,165.0,3.0,-2.309,0.327,0.0
Norway,NOR,186.0,2005.0,Socialist Left Party,SV,8.8,8.9,15.0,169.0,1.0,-2.309,0.326,0.0
Norway,NOR,186.0,2009.0,Socialist Left Party,SV,6.2,6.5,11.0,169.0,1.0,-2.309,0.331,0.0
Norway,NOR,186.0,2017.0,Socialist Left Party,SV,6.0,6.5,11.0,169.0,3.0,-2.331,0.329,0.0
Norway,NOR,186.0,1981.0,Centre [Agrarian] Party,Sp/Bp,7.3,7.1,11.0,155.0,2.0,0.333,0.463,0.0
Norway,NOR,186.0,1985.0,Centre [Agrarian] Party,Sp/Bp,6.6,7.6,12.0,157.0,1.0,0.333,0.463,0.0
Norway,NOR,186.0,1989.0,Centre [Agrarian] Party,Sp/Bp,6.5,6.7,11.0,165.0,1.0,0.333,0.465,0.0
Norway,NOR,186.0,1993.0,Centre [Agrarian] Party,Sp/Bp,16.7,19.4,32.0,165.0,3.0,-0.258,0.561,0.0
Norway,NOR,186.0,1997.0,Centre [Agrarian] Party,Sp/Bp,7.9,6.7,11.0,165.0,1.0,-0.259,0.466,0.0
Norway,NOR,186.0,2001.0,Centre [Agrarian] Party,Sp/Bp,5.6,6.1,10.0,165.0,3.0,-0.264,0.454,0.0
Norway,NOR,186.0,2005.0,Centre [Agrarian] Party,Sp/Bp,6.5,6.5,11.0,169.0,1.0,-0.541,0.465,0.0
Norway,NOR,186.0,2009.0,Centre [Agrarian] Party,Sp/Bp,6.2,6.5,11.0,169.0,1.0,-0.533,0.491,0.0
Norway,NOR,186.0,2013.0,Centre [Agrarian] Party,Sp/Bp,5.5,5.9,10.0,169.0,3.0,-0.189,0.639,0.0
Norway,NOR,186.0,2017.0,Centre [Agrarian] Party,Sp/Bp,10.3,11.2,19.0,169.0,3.0,-0.188,0.674,0.0
Norway,NOR,186.0,2005.0,Liberal Party of Norway,V,5.9,5.9,10.0,169.0,3.0,0.603,0.11,0.0
Norway,NOR,186.0,2013.0,Liberal Party of Norway,V,5.2,5.3,9.0,169.0,2.0,0.626,0.084,0.0
Norway,NOR,186.0,2017.0,Liberal Party of Norway,V,4.7,4.7,8.0,169.0,2.0,0.626,0.083,0.0
Oman,OMN,187.0,1991.0,independent,indep,,100.0,60.0,60.0,,,,
Oman,OMN,187.0,1994.0,independent,indep,,100.0,80.0,80.0,,,,
Oman,OMN,187.0,1997.0,independent,indep,,100.0,82.0,82.0,,,,
Oman,OMN,187.0,2000.0,independent,indep,,100.0,83.0,83.0,,,,
Oman,OMN,187.0,2003.0,independent,indep,,100.0,83.0,83.0,,,,
Oman,OMN,187.0,2007.0,independent,indep,,100.0,84.0,84.0,,,,
Oman,OMN,187.0,2011.0,independent,indep,,100.0,83.0,83.0,,,,
Oman,OMN,187.0,2015.0,independent,indep,,100.0,84.0,84.0,,,,
Oman,OMN,187.0,2019.0,independent,indep,,100.0,86.0,86.0,,,,
Paraguay,PRY,189.0,2003.0,Beloved Fatherland Party,PPQ,15.9,12.5,10.0,80.0,3.0,2.324,0.218,1.0
Paraguay,PRY,189.0,2008.0,Beloved Fatherland Party,PPQ,5.8,3.8,3.0,80.0,3.0,2.324,0.218,0.0
Paraguay,PRY,189.0,2018.0,Beloved Fatherland Party,PPQ,4.5,3.8,3.0,80.0,3.0,2.664,0.22,0.0
Paraguay,PRY,189.0,1983.0,National Republican Association – Colorado Party,ANR-PC,91.0,66.7,40.0,60.0,0.0,1.962,0.141,0.0
Paraguay,PRY,189.0,1988.0,National Republican Association – Colorado Party,ANR-PC,89.6,66.7,40.0,60.0,0.0,1.962,0.316,0.0
Paraguay,PRY,189.0,1989.0,National Republican Association – Colorado Party,ANR-PC,74.5,66.7,48.0,72.0,0.0,1.856,0.316,0.0
Paraguay,PRY,189.0,1991.0,National Republican Association – Colorado Party,ANR-PC,55.1,61.6,122.0,198.0,4.0,1.532,0.341,0.0
Paraguay,PRY,189.0,1993.0,National Republican Association – Colorado Party,ANR-PC,43.4,47.5,38.0,80.0,0.0,1.647,0.243,0.0
Paraguay,PRY,189.0,1998.0,National Republican Association – Colorado Party,ANR-PC,53.8,56.3,45.0,80.0,0.0,1.648,0.381,0.0
Paraguay,PRY,189.0,2003.0,National Republican Association – Colorado Party,ANR-PC,34.4,46.3,37.0,80.0,0.0,0.551,0.553,0.0
Paraguay,PRY,189.0,2008.0,National Republican Association – Colorado Party,ANR-PC,33.0,37.5,30.0,80.0,3.0,1.244,0.407,0.0
Paraguay,PRY,189.0,2013.0,National Republican Association – Colorado Party,ANR-PC,41.0,55.0,44.0,80.0,0.0,1.655,0.213,0.0
Paraguay,PRY,189.0,2018.0,National Republican Association – Colorado Party,ANR-PC,39.1,52.5,42.0,80.0,0.0,1.655,0.146,0.0
Paraguay,PRY,189.0,1993.0,National Encounter Party,PEN,17.7,11.3,9.0,80.0,3.0,1.114,0.442,1.0
Paraguay,PRY,189.0,1998.0,National Encounter Party,PEN,11.0,10.0,8.0,80.0,3.0,0.999,0.442,0.0
Paraguay,PRY,189.0,1983.0,Authentic Radical Liberal Party,PLRA,5.7,21.7,13.0,60.0,3.0,0.929,0.688,0.0
Paraguay,PRY,189.0,1988.0,Authentic Radical Liberal Party,PLRA,7.2,21.7,13.0,60.0,3.0,0.929,0.688,0.0
Paraguay,PRY,189.0,1989.0,Authentic Radical Liberal Party,PLRA,20.2,29.2,21.0,72.0,3.0,0.887,0.618,0.0
Paraguay,PRY,189.0,1991.0,Authentic Radical Liberal Party,PLRA,27.0,7.6,15.0,198.0,4.0,1.03,0.58,0.0
Paraguay,PRY,189.0,1993.0,Authentic Radical Liberal Party,PLRA,36.8,41.3,33.0,80.0,3.0,1.049,0.616,0.0
Paraguay,PRY,189.0,1998.0,Authentic Radical Liberal Party,PLRA,31.8,33.8,27.0,80.0,3.0,1.127,0.59,0.0
Paraguay,PRY,189.0,2003.0,Authentic Radical Liberal Party,PLRA,25.4,26.3,21.0,80.0,3.0,1.944,0.518,0.0
Paraguay,PRY,189.0,2008.0,Authentic Radical Liberal Party,PLRA,28.3,33.8,27.0,80.0,1.0,1.935,0.537,0.0
Paraguay,PRY,189.0,2013.0,Authentic Radical Liberal Party,PLRA,29.3,33.8,27.0,80.0,3.0,1.988,0.538,0.0
Paraguay,PRY,189.0,2018.0,Authentic Radical Liberal Party,PLRA,17.7,21.3,17.0,80.0,3.0,2.01,0.579,0.0
Paraguay,PRY,189.0,2003.0,National Union of Ethical Citizens,UNACE,14.3,12.5,10.0,80.0,3.0,3.686,0.607,1.0
Paraguay,PRY,189.0,2008.0,National Union of Ethical Citizens,UNACE,18.5,18.8,15.0,80.0,3.0,3.686,0.593,0.0
Paraguay,PRY,189.0,2013.0,National Union of Ethical Citizens,UNACE,6.6,2.5,2.0,80.0,3.0,3.695,0.606,0.0
Paraguay,PRY,189.0,1983.0,Liberal Party,PL,3.3,11.7,7.0,60.0,3.0,1.21,0.452,0.0
Paraguay,PRY,189.0,1988.0,Liberal Party,PL,3.2,11.7,7.0,60.0,3.0,1.21,0.452,0.0
Paraguay,PRY,189.0,2013.0,Guasú Front,GF,5.5,1.3,1.0,80.0,3.0,-0.175,0.907,2.0
Paraguay,PRY,189.0,1991.0,Constitution for All,CPT,11.0,9.6,19.0,198.0,4.0,-0.717,0.601,1.0
Paraguay,PRY,189.0,2018.0,Great Renewed National Alliance,GANAR,12.1,16.3,13.0,80.0,3.0,1.128,0.662,2.0
Paraguay,PRY,189.0,1998.0,alliance: Democratic Alliance,Democratic A...,,,,,,,,
Romania,ROU,190.0,1992.0,Social Democratic Party,PSD,27.7,34.3,117.0,341.0,0.0,-1.545,0.527,1.0
Romania,ROU,190.0,1996.0,Social Democratic Party,PSD,21.8,26.5,91.0,343.0,3.0,-1.545,0.423,2.0
Romania,ROU,190.0,2000.0,Social Democratic Party,PSD,36.6,44.9,155.0,345.0,,,,
Romania,ROU,190.0,2004.0,Social Democratic Party,PSD,,,,,3.0,-1.043,0.392,0.0
Romania,ROU,190.0,2008.0,Social Democratic Party,PSD,,32.9,110.0,334.0,1.0,-1.043,0.392,0.0
Romania,ROU,190.0,2012.0,Social Democratic Party,PSD,,36.4,150.0,412.0,0.0,-1.043,0.392,0.0
Romania,ROU,190.0,2016.0,Social Democratic Party,PSD,45.5,46.8,154.0,329.0,0.0,-1.043,0.392,0.0
Romania,ROU,190.0,1992.0,Romanian Democratic Convention,CDR,20.0,,,,,,,
Romania,ROU,190.0,1996.0,Romanian Democratic Convention,CDR,30.2,,,,,,,
Romania,ROU,190.0,2000.0,Romanian Democratic Convention,CDR,5.0,,,,,,,
Romania,ROU,190.0,2004.0,Justice and Truth Alliance,ADA,31.3,,,,,,,
Romania,ROU,190.0,1990.0,National Liberal Party,PNL,6.4,7.3,29.0,396.0,3.0,1.204,0.246,1.0
Romania,ROU,190.0,1996.0,National Liberal Party,PNL,,8.7,30.0,343.0,1.0,0.905,0.105,0.0
Romania,ROU,190.0,2000.0,National Liberal Party,PNL,6.9,8.7,30.0,345.0,3.0,0.905,0.248,0.0
Romania,ROU,190.0,2004.0,National Liberal Party,PNL,,19.3,64.0,332.0,0.0,1.25,0.111,0.0
Romania,ROU,190.0,2008.0,National Liberal Party,PNL,18.6,19.5,65.0,334.0,3.0,1.25,0.165,0.0
Romania,ROU,190.0,2012.0,National Liberal Party,PNL,,24.3,100.0,412.0,1.0,1.25,0.165,0.0
Romania,ROU,190.0,2016.0,National Liberal Party,PNL,20.0,21.0,69.0,329.0,3.0,1.25,0.106,0.0
Romania,ROU,190.0,1992.0,Party of the Civic Alliance,PAC,,4.1,14.0,341.0,3.0,0.792,0.243,1.0
Romania,ROU,190.0,2008.0,Democratic Liberal Party,PD-L,32.4,34.4,115.0,334.0,0.0,1.247,0.293,2.0
Romania,ROU,190.0,2012.0,Democratic Liberal Party,PD-L,,12.6,52.0,412.0,3.0,1.247,0.293,0.0
Romania,ROU,190.0,2000.0,Romanian ethnic minorities parties,etnice,0.0,5.2,18.0,345.0,,,,
Romania,ROU,190.0,2008.0,Romanian ethnic minorities parties,etnice,0.0,5.4,18.0,334.0,,,,
Romania,ROU,190.0,1992.0,Romanian Social Democratic Party,PSDR,,2.9,10.0,341.0,3.0,-0.627,0.5,0.0
Romania,ROU,190.0,2000.0,Romanian Social Democratic Party,PSDR,,,,,0.0,-1.045,0.505,0.0
Romania,ROU,190.0,1990.0,Democratic Union of Hungarians in Romania / Democratic Alliance of Hungarians in Romania,UDMR / DAHR /  RMDSZ,7.2,7.3,29.0,396.0,3.0,1.209,0.187,1.0
Romania,ROU,190.0,1992.0,Democratic Union of Hungarians in Romania / Democratic Alliance of Hungarians in Romania,UDMR / DAHR /  RMDSZ,7.5,7.9,27.0,341.0,3.0,1.209,0.187,0.0
Romania,ROU,190.0,1996.0,Democratic Union of Hungarians in Romania / Democratic Alliance of Hungarians in Romania,UDMR / DAHR /  RMDSZ,6.6,7.3,25.0,343.0,1.0,0.804,0.187,0.0
Romania,ROU,190.0,2000.0,Democratic Union of Hungarians in Romania / Democratic Alliance of Hungarians in Romania,UDMR / DAHR /  RMDSZ,6.8,7.8,27.0,345.0,2.0,0.804,0.187,0.0
Romania,ROU,190.0,2004.0,Democratic Union of Hungarians in Romania / Democratic Alliance of Hungarians in Romania,UDMR / DAHR /  RMDSZ,6.2,6.6,22.0,332.0,1.0,0.804,0.187,0.0
Romania,ROU,190.0,2008.0,Democratic Union of Hungarians in Romania / Democratic Alliance of Hungarians in Romania,UDMR / DAHR /  RMDSZ,6.2,6.6,22.0,334.0,3.0,0.561,0.187,0.0
Romania,ROU,190.0,2012.0,Democratic Union of Hungarians in Romania / Democratic Alliance of Hungarians in Romania,UDMR / DAHR /  RMDSZ,5.1,4.4,18.0,412.0,3.0,0.561,0.187,0.0
Romania,ROU,190.0,2016.0,Democratic Union of Hungarians in Romania / Democratic Alliance of Hungarians in Romania,UDMR / DAHR /  RMDSZ,6.2,6.4,21.0,329.0,2.0,0.561,0.187,0.0
Romania,ROU,190.0,2000.0,Greater Romania Party,PRM,19.5,24.3,84.0,345.0,3.0,0.902,0.777,0.0
Romania,ROU,190.0,2004.0,Greater Romania Party,PRM,13.0,14.5,48.0,332.0,3.0,0.737,0.777,0.0
Romania,ROU,190.0,2004.0,National Union PSD+PUR,PSD+PUR,36.8,39.8,132.0,332.0,,,,
Romania,ROU,190.0,1992.0,Romanian Ecologist Party,PER,,1.2,4.0,341.0,3.0,-0.557,0.212,0.0
Romania,ROU,190.0,1996.0,Romanian Ecologist Party,PER,,1.5,5.0,343.0,2.0,-0.557,0.212,0.0
Romania,ROU,190.0,2000.0,Romanian Ecologist Party,PER,,0.0,0.0,345.0,3.0,-0.557,0.22,0.0
Romania,ROU,190.0,2000.0,Conservative Party / Romanian Humanist Party,PC / PUR,,,,,1.0,0.874,0.225,1.0
Romania,ROU,190.0,2004.0,Conservative Party / Romanian Humanist Party,PC / PUR,,,,,1.0,0.874,0.225,0.0
Romania,ROU,190.0,2008.0,Conservative Party / Romanian Humanist Party,PC / PUR,,1.2,4.0,334.0,3.0,0.874,0.225,0.0
Romania,ROU,190.0,2012.0,Conservative Party / Romanian Humanist Party,PC / PUR,,3.2,13.0,412.0,1.0,0.994,0.225,0.0
Romania,ROU,190.0,1992.0,Romanian National Unity Party,PUNR,7.7,8.8,30.0,341.0,1.0,1.367,0.61,2.0
Romania,ROU,190.0,2012.0,National Union for the Progress of Romania,UNPR,,2.4,10.0,412.0,1.0,-0.891,0.245,1.0
Romania,ROU,190.0,1990.0,Democratic Party,PD,66.3,66.4,263.0,396.0,0.0,-0.435,0.349,1.0
Romania,ROU,190.0,1992.0,Democratic Party,PD,10.2,12.6,43.0,341.0,3.0,-0.162,0.245,2.0
Romania,ROU,190.0,1996.0,Democratic Party,PD,12.9,12.5,43.0,343.0,1.0,0.246,0.245,0.0
Romania,ROU,190.0,2000.0,Democratic Party,PD,7.0,9.0,31.0,345.0,3.0,0.611,0.366,0.0
Romania,ROU,190.0,2004.0,Democratic Party,PD,,14.5,48.0,332.0,1.0,0.898,0.33,0.0
Romania,ROU,190.0,1992.0,Christian-Democratic National Peasants' Party,PNT-CD,,12.0,41.0,341.0,3.0,0.61,0.242,0.0
Romania,ROU,190.0,1996.0,Christian-Democratic National Peasants' Party,PNT-CD,,24.2,83.0,343.0,0.0,0.918,0.153,0.0
Romania,ROU,190.0,2000.0,Christian-Democratic National Peasants' Party,PNT-CD,,0.0,0.0,345.0,3.0,1.241,0.237,0.0
Romania,ROU,190.0,2012.0,Christian-Democratic National Peasants' Party,PNT-CD,,0.2,1.0,412.0,3.0,1.009,0.181,0.0
Romania,ROU,190.0,2012.0,Civic Force,FC,,0.7,3.0,412.0,3.0,1.753,0.208,1.0
Romania,ROU,190.0,2012.0,People's Party – Dan Diaconescu,PP-DD,14.0,11.4,47.0,412.0,3.0,0.21,0.872,1.0
Romania,ROU,190.0,2016.0,People's Movement Party,PMP,5.4,5.5,18.0,329.0,3.0,2.155,0.252,1.0
Romania,ROU,190.0,2016.0,Alliance of Liberals and Democrats,ALDE,5.6,6.1,20.0,329.0,1.0,-0.016,0.074,1.0
Romania,ROU,190.0,1980.0,Romanian Communist Party,PCR,98.5,100.0,369.0,369.0,0.0,-4.328,0.549,0.0
Romania,ROU,190.0,1985.0,Romanian Communist Party,PCR,97.7,100.0,369.0,369.0,0.0,-4.328,0.549,0.0
Romania,ROU,190.0,2012.0,Right Romania Alliance,ARD,16.5,,,,,,,
Romania,ROU,190.0,2012.0,Social Liberal Union,USL,58.6,,,,,,,
Romania,ROU,190.0,2016.0,Save Romania Union,USR,8.9,9.1,30.0,329.0,3.0,1.545,0.405,1.0
Romania,ROU,190.0,2008.0,alliance: Alliance PSD+PC,Alliance PSD+PC,33.1,,,,,,,
Sao Tome and Principe,STP,196.0,1980.0,Movement for the Liberation of São Tomé and Príncipe / Social Democratic Party,MLSTP/PSD,,100.0,40.0,40.0,0.0,-1.398,0.1,2.0
Sao Tome and Principe,STP,196.0,1985.0,Movement for the Liberation of São Tomé and Príncipe / Social Democratic Party,MLSTP/PSD,,100.0,40.0,40.0,0.0,-0.962,0.1,2.0
Sao Tome and Principe,STP,196.0,1991.0,Movement for the Liberation of São Tomé and Príncipe / Social Democratic Party,MLSTP/PSD,30.5,38.2,21.0,55.0,3.0,-0.569,0.092,0.0
Sao Tome and Principe,STP,196.0,1994.0,Movement for the Liberation of São Tomé and Príncipe / Social Democratic Party,MLSTP/PSD,42.5,49.1,27.0,55.0,0.0,-0.569,0.092,0.0
Sao Tome and Principe,STP,196.0,1998.0,Movement for the Liberation of São Tomé and Príncipe / Social Democratic Party,MLSTP/PSD,50.8,56.4,31.0,55.0,0.0,-0.569,0.092,0.0
Sao Tome and Principe,STP,196.0,2002.0,Movement for the Liberation of São Tomé and Príncipe / Social Democratic Party,MLSTP/PSD,39.6,43.6,24.0,55.0,1.0,-0.569,0.092,0.0
Sao Tome and Principe,STP,196.0,2006.0,Movement for the Liberation of São Tomé and Príncipe / Social Democratic Party,MLSTP/PSD,30.2,36.4,20.0,55.0,3.0,-0.569,0.092,0.0
Sao Tome and Principe,STP,196.0,2010.0,Movement for the Liberation of São Tomé and Príncipe / Social Democratic Party,MLSTP/PSD,32.8,38.2,21.0,55.0,3.0,-0.569,0.092,0.0
Sao Tome and Principe,STP,196.0,2014.0,Movement for the Liberation of São Tomé and Príncipe / Social Democratic Party,MLSTP/PSD,24.7,29.1,16.0,55.0,3.0,-0.569,0.092,0.0
Sao Tome and Principe,STP,196.0,1991.0,Democratic Convergence Party-Reflection Group,PCD,54.4,60.0,33.0,55.0,0.0,1.201,0.582,0.0
Sao Tome and Principe,STP,196.0,1994.0,Democratic Convergence Party-Reflection Group,PCD,24.6,25.5,14.0,55.0,3.0,1.201,0.372,0.0
Sao Tome and Principe,STP,196.0,1998.0,Democratic Convergence Party-Reflection Group,PCD,16.0,14.5,8.0,55.0,3.0,1.201,0.246,0.0
Sao Tome and Principe,STP,196.0,2006.0,Democratic Convergence Party-Reflection Group,PCD,,,,,,,,
Sao Tome and Principe,STP,196.0,2010.0,Democratic Convergence Party-Reflection Group,PCD,13.9,12.7,7.0,55.0,3.0,1.202,0.242,0.0
Sao Tome and Principe,STP,196.0,2014.0,Democratic Convergence Party-Reflection Group,PCD,11.0,9.1,5.0,55.0,3.0,1.202,0.242,0.0
Sao Tome and Principe,STP,196.0,1994.0,Independent Democratic Action,ADI,26.3,25.5,14.0,55.0,3.0,0.063,0.153,0.0
Sao Tome and Principe,STP,196.0,1998.0,Independent Democratic Action,ADI,28.3,29.1,16.0,55.0,3.0,0.063,0.153,0.0
Sao Tome and Principe,STP,196.0,2006.0,Independent Democratic Action,ADI,20.5,20.0,11.0,55.0,3.0,0.087,0.159,0.0
Sao Tome and Principe,STP,196.0,2010.0,Independent Democratic Action,ADI,43.1,47.3,26.0,55.0,0.0,0.087,0.159,0.0
Sao Tome and Principe,STP,196.0,2014.0,Independent Democratic Action,ADI,52.6,60.0,33.0,55.0,0.0,0.087,0.159,0.0
Sao Tome and Principe,STP,196.0,2002.0,Force for Change Democratic Movement-Liberal Party,MDFM,39.4,41.8,23.0,55.0,1.0,0.096,0.239,2.0
Sao Tome and Principe,STP,196.0,2006.0,Force for Change Democratic Movement-Liberal Party,MDFM,,,,,,,,
Sao Tome and Principe,STP,196.0,2002.0,Uê Kédadji,UK,16.2,14.5,8.0,55.0,1.0,-1.168,0.289,0.0
Sao Tome and Principe,STP,196.0,2006.0,alliance: Force for Change Democratic Movement - Democratic Convergence Party,Force for Ch...,37.1,41.8,23.0,55.0,0.0,0.685,0.15,2.0
Serbia,SRB,198.0,1992.0,Serbian Radical Party,SRS,24.0,29.2,73.0,250.0,2.0,1.479,0.649,1.0
Serbia,SRB,198.0,1993.0,Serbian Radical Party,SRS,14.4,15.6,39.0,250.0,3.0,1.479,0.649,0.0
Serbia,SRB,198.0,1996.0,Serbian Radical Party,SRS,,11.6,16.0,138.0,2.0,1.479,0.649,0.0
Serbia,SRB,198.0,1997.0,Serbian Radical Party,SRS,29.2,32.8,82.0,250.0,1.0,1.479,0.649,0.0
Serbia,SRB,198.0,2000.0,Serbian Radical Party,SRS,8.8,9.2,23.0,250.0,3.0,1.479,0.649,0.0
Serbia,SRB,198.0,2003.0,Serbian Radical Party,SRS,28.0,32.8,82.0,250.0,3.0,1.479,0.649,0.0
Serbia,SRB,198.0,2007.0,Serbian Radical Party,SRS,32.1,32.4,81.0,250.0,3.0,1.479,0.591,0.0
Serbia,SRB,198.0,2008.0,Serbian Radical Party,SRS,30.1,31.2,78.0,250.0,3.0,1.479,0.591,0.0
Serbia,SRB,198.0,2016.0,Serbian Radical Party,SRS,8.1,8.8,22.0,250.0,3.0,1.499,0.542,0.0
Serbia,SRB,198.0,1990.0,Serbian Renewal Movement,SPO,16.5,7.6,19.0,250.0,3.0,0.57,0.484,1.0
Serbia,SRB,198.0,1992.0,Serbian Renewal Movement,SPO,,,,,,,,
Serbia,SRB,198.0,1993.0,Serbian Renewal Movement,SPO,,,,,,,,
Serbia,SRB,198.0,1997.0,Serbian Renewal Movement,SPO,20.0,18.0,45.0,250.0,3.0,0.549,0.487,0.0
Serbia,SRB,198.0,2003.0,Serbian Renewal Movement,SPO,7.8,8.8,22.0,250.0,1.0,0.563,0.487,0.0
Serbia,SRB,198.0,2014.0,Serbian Renewal Movement,SPO,,,,,,,,
Serbia,SRB,198.0,2016.0,Serbian Renewal Movement,SPO,,,,,,,,
Serbia,SRB,198.0,1990.0,Socialist Party of Serbia,SPS,48.1,77.6,194.0,250.0,0.0,-1.831,0.543,2.0
Serbia,SRB,198.0,1992.0,Socialist Party of Serbia,SPS,30.6,40.4,101.0,250.0,0.0,-1.831,0.543,0.0
Serbia,SRB,198.0,1993.0,Socialist Party of Serbia,SPS,38.2,49.2,123.0,250.0,0.0,-1.831,0.481,0.0
Serbia,SRB,198.0,1996.0,Socialist Party of Serbia,SPS,,46.4,64.0,138.0,0.0,-1.831,0.481,0.0
Serbia,SRB,198.0,1997.0,Socialist Party of Serbia,SPS,,,,,,,,
Serbia,SRB,198.0,2000.0,Socialist Party of Serbia,SPS,14.1,14.8,37.0,250.0,3.0,-1.831,0.546,0.0
Serbia,SRB,198.0,2003.0,Socialist Party of Serbia,SPS,7.7,8.8,22.0,250.0,2.0,-1.831,0.368,0.0
Serbia,SRB,198.0,2007.0,Socialist Party of Serbia,SPS,6.3,6.4,16.0,250.0,3.0,-1.831,0.368,0.0
Serbia,SRB,198.0,2012.0,Socialist Party of Serbia,SPS,,,,,,,,
Serbia,SRB,198.0,2014.0,Socialist Party of Serbia,SPS,,,,,,,,
Serbia,SRB,198.0,2016.0,Socialist Party of Serbia,SPS,,,,,,,,
Serbia,SRB,198.0,2012.0,Party of United Pensioners of Serbia,PUPS,,,,,,,,
Serbia,SRB,198.0,2014.0,Party of United Pensioners of Serbia,PUPS,,,,,,,,
Serbia,SRB,198.0,2016.0,Party of United Pensioners of Serbia,PUPS,,,,,,,,
Serbia,SRB,198.0,2012.0,Turnover – Cedomir Jovanovic,P-CJ,6.8,7.6,19.0,250.0,3.0,1.761,0.065,2.0
Serbia,SRB,198.0,2012.0,United Regions of Serbia,URS,5.8,6.4,16.0,250.0,1.0,1.75,0.085,2.0
Serbia,SRB,198.0,2000.0,Democratic Opposition of Serbia,DOS,65.7,,,,,,,
Serbia,SRB,198.0,1990.0,Democratic Party,DS,7.8,2.8,7.0,250.0,3.0,-0.074,0.15,1.0
Serbia,SRB,198.0,1993.0,Democratic Party,DS,12.1,11.6,29.0,250.0,3.0,-0.055,0.153,0.0
Serbia,SRB,198.0,2000.0,Democratic Party,DS,,18.0,45.0,250.0,0.0,-0.043,0.152,1.0
Serbia,SRB,198.0,2003.0,Democratic Party,DS,12.7,14.8,37.0,250.0,3.0,-1.297,0.152,1.0
Serbia,SRB,198.0,2007.0,Democratic Party,DS,25.5,25.6,64.0,250.0,1.0,-1.297,0.152,0.0
Serbia,SRB,198.0,2012.0,Democratic Party,DS,,,,,,,,
Serbia,SRB,198.0,2014.0,Democratic Party,DS,6.2,7.6,19.0,250.0,3.0,-1.311,0.154,0.0
Serbia,SRB,198.0,2016.0,Democratic Party,DS,,,,,,,,
Serbia,SRB,198.0,1992.0,Democratic Party of Serbia,DSS,,,,,,,,
Serbia,SRB,198.0,1993.0,Democratic Party of Serbia,DSS,5.3,2.8,7.0,250.0,3.0,0.07,0.324,1.0
Serbia,SRB,198.0,2000.0,Democratic Party of Serbia,DSS,,18.0,45.0,250.0,1.0,0.059,0.329,0.0
Serbia,SRB,198.0,2003.0,Democratic Party of Serbia,DSS,18.0,21.2,53.0,250.0,0.0,0.059,0.329,2.0
Serbia,SRB,198.0,2007.0,Democratic Party of Serbia,DSS,18.6,18.8,47.0,250.0,0.0,0.059,0.329,0.0
Serbia,SRB,198.0,2008.0,Democratic Party of Serbia,DSS,11.9,12.0,30.0,250.0,3.0,0.059,0.329,0.0
Serbia,SRB,198.0,2012.0,Democratic Party of Serbia,DSS,7.3,8.4,21.0,250.0,3.0,0.059,0.329,0.0
Serbia,SRB,198.0,2016.0,Democratic Party of Serbia,DSS,,,,,,,,
Serbia,SRB,198.0,2008.0,For a European Serbia Alliance,ZES,39.3,40.8,102.0,250.0,0.0,-0.647,0.148,2.0
Serbia,SRB,198.0,2003.0,G17 Plus,G17+,11.6,13.6,34.0,250.0,1.0,1.248,0.084,1.0
Serbia,SRB,198.0,2007.0,G17 Plus,G17+,7.7,7.6,19.0,250.0,1.0,1.248,0.084,0.0
Serbia,SRB,198.0,2012.0,Let's get Serbia moving - Tomislav Nikolic,PS-TN,25.2,29.2,73.0,250.0,1.0,0.714,0.65,2.0
Serbia,SRB,198.0,2007.0,Liberal Democratic Party,LDP,6.0,6.0,15.0,250.0,3.0,1.786,0.058,1.0
Serbia,SRB,198.0,2008.0,Liberal Democratic Party,LDP,5.4,5.2,13.0,250.0,3.0,1.786,0.058,0.0
Serbia,SRB,198.0,2016.0,Liberal Democratic Party,LDP,,,,,,,,
Serbia,SRB,198.0,1992.0,New Democracy,ND,,,,,,,,
Serbia,SRB,198.0,1993.0,New Democracy,ND,,,,,,,,
Serbia,SRB,198.0,1997.0,New Democracy,ND,,,,,,,,
Serbia,SRB,198.0,2000.0,New Democracy,ND,,3.6,9.0,250.0,1.0,0.563,0.062,1.0
Serbia,SRB,198.0,1993.0,Civic Alliance of Serbia,GSS,,,,,,,,
Serbia,SRB,198.0,2000.0,Civic Alliance of Serbia,GSS,,3.6,9.0,250.0,1.0,0.39,0.043,1.0
Serbia,SRB,198.0,2000.0,Alliance of Vojvodina Hungarians,SVM,,2.4,6.0,250.0,1.0,-0.647,0.253,1.0
Serbia,SRB,198.0,2000.0,New Serbia,NS,,3.2,8.0,250.0,1.0,0.74,0.17,1.0
Serbia,SRB,198.0,2014.0,New Serbia,NS,,,,,,,,
Serbia,SRB,198.0,2016.0,New Serbia,NS,,,,,,,,
Serbia,SRB,198.0,2012.0,Democratic Alliance of Croats in Vojvodina,DSHV,,,,,,,,
Serbia,SRB,198.0,2016.0,Democratic Alliance of Croats in Vojvodina,DSHV,,,,,,,,
Serbia,SRB,198.0,2014.0,Serbian Progressive Party,SNS,,,,,,,,
Serbia,SRB,198.0,2016.0,Serbian Progressive Party,SNS,,,,,,,,
Serbia,SRB,198.0,2000.0,Democratic Alternative,DA,,2.4,6.0,250.0,1.0,0.498,0.086,1.0
Serbia,SRB,198.0,2000.0,League of Social Democrats of Vojvodina,LSV,,2.4,6.0,250.0,2.0,0.547,0.131,1.0
Serbia,SRB,198.0,2012.0,League of Social Democrats of Vojvodina,LSV,,,,,,,,
Serbia,SRB,198.0,2014.0,League of Social Democrats of Vojvodina,LSV,,,,,,,,
Serbia,SRB,198.0,2016.0,League of Social Democrats of Vojvodina,LSV,,,,,,,,
Serbia,SRB,198.0,2014.0,Social Democratic Party,SDS,,,,,,,,
Serbia,SRB,198.0,2012.0,Social Democratic Party of Serbia,SDPS,,,,,,,,
Serbia,SRB,198.0,2014.0,Social Democratic Party of Serbia,SDPS,,,,,,,,
Serbia,SRB,198.0,2016.0,Social Democratic Party of Serbia,SDPS,,,,,,,,
Serbia,SRB,198.0,2016.0,Social Democratic Party,SDP,,,,,,,,
Serbia,SRB,198.0,1982.0,League of Communists of Yugoslavia,SKJ,,100.0,220.0,220.0,0.0,-3.181,0.494,0.0
Serbia,SRB,198.0,1986.0,League of Communists of Yugoslavia,SKJ,,100.0,220.0,220.0,0.0,-3.181,0.443,0.0
Serbia,SRB,198.0,1996.0,Together,Zajedno,,15.9,22.0,138.0,3.0,0.054,0.431,1.0
Serbia,SRB,198.0,2016.0,Strength of Serbia Movement – BK,PSS-BK,,,,,,,,
Serbia,SRB,198.0,2016.0,Doors,Dveri,,,,,,,,
Serbia,SRB,198.0,1992.0,Democratic Movement of Serbia,DEPOS,17.9,20.0,50.0,250.0,3.0,0.038,0.324,1.0
Serbia,SRB,198.0,1993.0,Democratic Movement of Serbia,DEPOS,17.3,18.0,45.0,250.0,3.0,0.038,0.324,0.0
Serbia,SRB,198.0,2014.0,Movement of Socialists,PS,,,,,,,,
Serbia,SRB,198.0,2016.0,Movement of Socialists,PS,,,,,,,,
Serbia,SRB,198.0,2012.0,United Serbia,JS,,,,,,,,
Serbia,SRB,198.0,2014.0,United Serbia,JS,,,,,,,,
Serbia,SRB,198.0,2016.0,United Serbia,JS,,,,,,,,
Serbia,SRB,198.0,1997.0,Yugoslav Left,JUL,,,,,,,,
Serbia,SRB,198.0,1993.0,People's Peasant Party,NSS,,,,,,,,
Serbia,SRB,198.0,2016.0,People's Peasant Party,NSS,,,,,,,,
Serbia,SRB,198.0,1992.0,Serbian Liberal Party,SLS,,,,,,,,
Serbia,SRB,198.0,1993.0,Serbian Liberal Party,SLS,,,,,,,,
Serbia,SRB,198.0,2016.0,Slovene People's Party,SLS,,,,,,,,
Serbia,SRB,198.0,2014.0,Together for Serbia,ZZS,,,,,,,,
Serbia,SRB,198.0,2016.0,Together for Serbia,ZZS,,,,,,,,
Serbia,SRB,198.0,2016.0,Enough is Enough - Restart,DJB,6.0,6.4,16.0,250.0,3.0,1.729,0.445,1.0
Serbia,SRB,198.0,2016.0,Together for Šumadija,TS,,,,,,,,
Serbia,SRB,198.0,2016.0,New Party,NP,,,,,,,,
Serbia,SRB,198.0,2016.0,Greens of Serbia,ZS,,,,,,,,
Serbia,SRB,198.0,2000.0,Social Democracy,SD,,3.6,9.0,250.0,1.0,-0.444,0.305,1.0
Serbia,SRB,198.0,2000.0,Christian Democratic Party of Serbia,DHSS,,2.8,7.0,250.0,1.0,1.225,0.154,1.0
Serbia,SRB,198.0,2000.0,Movement for Democratic Serbia,MDS,,2.0,5.0,250.0,1.0,0.053,0.062,2.0
Serbia,SRB,198.0,1997.0,"alliance: Coalition of Socialist Party of Serbia, Yugoslav Left and New Democracy",Coalition of...,35.7,44.0,110.0,250.0,0.0,-1.879,0.257,1.0
Serbia,SRB,198.0,2012.0,alliance: Choice For a Better Life – Boris Tadić,Choice For a...,23.1,26.8,67.0,250.0,3.0,-0.652,0.16,2.0
Serbia,SRB,198.0,2012.0,alliance: Socialist Party of Serbia/Party of United Pensioners of Serbia/United Serbia,Socialist Pa...,15.2,17.6,44.0,250.0,0.0,-1.841,0.435,2.0
Serbia,SRB,198.0,2014.0,alliance: Socialist Party of Serbia/Party of United Pensioners of Serbia/United Serbia,Socialist Pa...,13.9,17.6,44.0,250.0,1.0,-1.841,0.496,0.0
Serbia,SRB,198.0,2014.0,alliance: Aleksandar Vucic - The future in which we believe,Aleksandar V...,50.0,63.2,158.0,250.0,0.0,1.22,0.715,2.0
Serbia,SRB,198.0,2014.0,alliance: New Democratic Party-Greens/League of Social Democrats of Vojvodina/Together for Serbia/Democartic Fellowship of Vojvodina Hungarians/Together for Vojvodina/Democratic Left of Roma,New Democrat...,5.9,7.2,18.0,250.0,3.0,-0.716,0.16,2.0
Serbia,SRB,198.0,2016.0,alliance: Serbia is Winning,Serbia is Wi...,48.3,52.4,131.0,250.0,0.0,1.15,0.853,2.0
Serbia,SRB,198.0,2016.0,alliance: SPS–JS–ZS,SPS–JS–ZS,11.0,11.6,29.0,250.0,1.0,-1.845,0.372,1.0
Serbia,SRB,198.0,2016.0,alliance: For a Just Serbia,For a Just S...,6.0,6.4,16.0,250.0,3.0,-0.747,0.296,2.0
Serbia,SRB,198.0,2016.0,alliance: Dveri–DSS,Dveri–DSS,5.0,5.2,13.0,250.0,3.0,-0.655,0.484,1.0
Serbia,SRB,198.0,2016.0,alliance: Alliance for a Better Serbia,Alliance for...,5.0,5.2,13.0,250.0,3.0,-0.667,0.17,2.0
Seychelles,SYC,199.0,1983.0,Seychelles People's Progressive Front / People's Party / Seychelles People's United Party,SPPF / PL / SPUP,,100.0,25.0,25.0,0.0,-1.88,0.659,0.0
Seychelles,SYC,199.0,1987.0,Seychelles People's Progressive Front / People's Party / Seychelles People's United Party,SPPF / PL / SPUP,,100.0,25.0,25.0,0.0,-1.88,0.659,0.0
Seychelles,SYC,199.0,1992.0,Seychelles People's Progressive Front / People's Party / Seychelles People's United Party,SPPF / PL / SPUP,58.4,63.6,14.0,22.0,0.0,-1.894,0.659,0.0
Seychelles,SYC,199.0,1993.0,Seychelles People's Progressive Front / People's Party / Seychelles People's United Party,SPPF / PL / SPUP,56.6,81.8,27.0,33.0,0.0,-1.894,0.659,0.0
Seychelles,SYC,199.0,1998.0,Seychelles People's Progressive Front / People's Party / Seychelles People's United Party,SPPF / PL / SPUP,61.7,88.2,30.0,34.0,0.0,-1.894,0.659,0.0
Seychelles,SYC,199.0,2002.0,Seychelles People's Progressive Front / People's Party / Seychelles People's United Party,SPPF / PL / SPUP,54.3,67.6,23.0,34.0,0.0,-1.894,0.659,0.0
Seychelles,SYC,199.0,2007.0,Seychelles People's Progressive Front / People's Party / Seychelles People's United Party,SPPF / PL / SPUP,56.2,67.6,23.0,34.0,0.0,-1.894,0.659,0.0
Seychelles,SYC,199.0,2011.0,Seychelles People's Progressive Front / People's Party / Seychelles People's United Party,SPPF / PL / SPUP,88.6,97.1,33.0,34.0,0.0,-1.894,0.659,0.0
Seychelles,SYC,199.0,2016.0,Seychelles People's Progressive Front / People's Party / Seychelles People's United Party,SPPF / PL / SPUP,49.2,42.4,14.0,33.0,0.0,-1.894,0.723,0.0
Seychelles,SYC,199.0,1993.0,Seychelles National Party / United Opposition,SNP / UO,9.7,3.0,1.0,33.0,3.0,-0.33,0.829,1.0
Seychelles,SYC,199.0,1998.0,Seychelles National Party / United Opposition,SNP / UO,26.1,8.8,3.0,34.0,3.0,-0.33,0.829,0.0
Seychelles,SYC,199.0,2002.0,Seychelles National Party / United Opposition,SNP / UO,42.6,32.4,11.0,34.0,3.0,-0.33,0.829,0.0
Seychelles,SYC,199.0,2007.0,Seychelles National Party / United Opposition,SNP / UO,43.8,32.4,11.0,34.0,3.0,-0.33,0.829,0.0
Seychelles,SYC,199.0,1992.0,Seychelles Democratic Party,SDP,33.7,36.4,8.0,22.0,3.0,0.774,0.812,0.0
Seychelles,SYC,199.0,1993.0,Seychelles Democratic Party,SDP,32.3,15.2,5.0,33.0,3.0,0.774,0.812,0.0
Seychelles,SYC,199.0,1998.0,Seychelles Democratic Party,SDP,12.1,2.9,1.0,34.0,3.0,0.774,0.812,0.0
Seychelles,SYC,199.0,2016.0,Seychelles Democratic Party,SDP,49.6,57.6,19.0,33.0,3.0,0.778,0.808,0.0
Seychelles,SYC,199.0,2011.0,Popular Democratic Movement,PDM,10.9,2.9,1.0,34.0,3.0,0.085,0.859,1.0
Singapore,SGP,200.0,1980.0,People's Action Party,PAP,77.7,100.0,75.0,75.0,0.0,0.949,0.149,0.0
Singapore,SGP,200.0,1984.0,People's Action Party,PAP,64.8,97.5,77.0,79.0,0.0,0.949,0.149,0.0
Singapore,SGP,200.0,1988.0,People's Action Party,PAP,63.2,98.8,80.0,81.0,0.0,0.949,0.149,0.0
Singapore,SGP,200.0,1991.0,People's Action Party,PAP,61.0,95.1,77.0,81.0,0.0,1.453,0.051,0.0
Singapore,SGP,200.0,1997.0,People's Action Party,PAP,65.0,97.6,81.0,83.0,0.0,1.453,0.051,0.0
Singapore,SGP,200.0,2001.0,People's Action Party,PAP,73.7,97.6,82.0,84.0,0.0,1.453,0.051,0.0
Singapore,SGP,200.0,2006.0,People's Action Party,PAP,66.6,97.6,82.0,84.0,0.0,2.051,0.051,0.0
Singapore,SGP,200.0,2011.0,People's Action Party,PAP,60.2,93.1,81.0,87.0,0.0,2.051,0.168,0.0
Singapore,SGP,200.0,2015.0,People's Action Party,PAP,69.9,93.3,83.0,89.0,0.0,2.051,0.168,0.0
Singapore,SGP,200.0,1980.0,Workers' Party of Singapore,WP,6.2,0.0,0.0,75.0,3.0,-1.705,0.852,0.0
Singapore,SGP,200.0,1984.0,Workers' Party of Singapore,WP,12.7,1.3,1.0,79.0,3.0,-1.705,0.852,0.0
Singapore,SGP,200.0,1988.0,Workers' Party of Singapore,WP,16.7,0.0,0.0,81.0,3.0,-1.705,0.852,0.0
Singapore,SGP,200.0,1991.0,Workers' Party of Singapore,WP,14.3,1.2,1.0,81.0,3.0,-1.348,0.768,0.0
Singapore,SGP,200.0,1997.0,Workers' Party of Singapore,WP,14.2,1.2,1.0,83.0,3.0,-1.348,0.71,0.0
Singapore,SGP,200.0,2006.0,Workers' Party of Singapore,WP,16.4,1.2,1.0,84.0,3.0,-0.75,0.603,0.0
Singapore,SGP,200.0,2011.0,Workers' Party of Singapore,WP,12.8,6.9,6.0,87.0,3.0,-0.75,0.603,0.0
Singapore,SGP,200.0,2015.0,Workers' Party of Singapore,WP,12.5,6.7,6.0,89.0,3.0,-0.75,0.603,0.0
Singapore,SGP,200.0,1991.0,National Solidarity Party,NSP,7.3,0.0,0.0,81.0,3.0,-0.994,0.615,1.0
Singapore,SGP,200.0,1997.0,National Solidarity Party,NSP,6.7,0.0,0.0,83.0,3.0,-0.994,0.615,0.0
Singapore,SGP,200.0,2001.0,National Solidarity Party,NSP,,,,,,,,
Singapore,SGP,200.0,2006.0,National Solidarity Party,NSP,,,,,,,,
Singapore,SGP,200.0,2011.0,National Solidarity Party,NSP,12.0,0.0,0.0,87.0,3.0,-0.994,0.679,0.0
Singapore,SGP,200.0,1988.0,Singapore Democratic Party,SDP,11.8,1.2,1.0,81.0,3.0,-1.68,0.678,0.0
Singapore,SGP,200.0,1991.0,Singapore Democratic Party,SDP,12.0,3.7,3.0,81.0,3.0,-2.438,0.678,0.0
Singapore,SGP,200.0,1997.0,Singapore Democratic Party,SDP,10.6,0.0,0.0,83.0,3.0,-2.438,0.713,0.0
Singapore,SGP,200.0,1984.0,Singapore United Front / Democratic Progressive Party,SUF/DPP,9.9,0.0,0.0,79.0,3.0,-1.295,0.699,2.0
Singapore,SGP,200.0,2001.0,Justice Party Singapore,SJP,,,,,,,,
Singapore,SGP,200.0,2006.0,Justice Party Singapore,SJP,,,,,,,,
Singapore,SGP,200.0,2001.0,Singapore People's Party,SPP,,,,,,,,
Singapore,SGP,200.0,2006.0,Singapore People's Party,SPP,,,,,,,,
Singapore,SGP,200.0,2001.0,Singapore Malay National Organisation,PKMS,,,,,,,,
Singapore,SGP,200.0,2006.0,Singapore Malay National Organisation,PKMS,,,,,,,,
Singapore,SGP,200.0,2001.0,Singapore Democratic Alliance,SDA,11.8,1.2,1.0,84.0,3.0,-1.03,0.613,1.0
Singapore,SGP,200.0,2006.0,Singapore Democratic Alliance,SDA,13.0,1.2,1.0,84.0,3.0,-1.03,0.613,0.0
Slovakia,SVK,201.0,1998.0,Party of Civic Understanding,SOP,8.0,8.7,13.0,150.0,1.0,-1.026,0.504,1.0
Slovakia,SVK,201.0,1994.0,Christian Democratic Movement,KDH,10.1,11.3,17.0,150.0,3.0,1.429,0.091,0.0
Slovakia,SVK,201.0,1998.0,Christian Democratic Movement,KDH,,,,,0.0,1.594,0.091,0.0
Slovakia,SVK,201.0,2002.0,Christian Democratic Movement,KDH,8.2,10.0,15.0,150.0,1.0,1.594,0.086,0.0
Slovakia,SVK,201.0,2006.0,Christian Democratic Movement,KDH,8.3,9.3,14.0,150.0,3.0,1.46,0.091,0.0
Slovakia,SVK,201.0,2010.0,Christian Democratic Movement,KDH,8.5,10.0,15.0,150.0,1.0,1.46,0.091,0.0
Slovakia,SVK,201.0,2012.0,Christian Democratic Movement,KDH,8.8,10.7,16.0,150.0,3.0,1.459,0.091,0.0
Slovakia,SVK,201.0,1994.0,Social Democratic Party of Slovakia,SDSS,,,,,3.0,-1.75,0.206,0.0
Slovakia,SVK,201.0,1998.0,Social Democratic Party of Slovakia,SDSS,,,,,2.0,-1.762,0.212,2.0
Slovakia,SVK,201.0,1994.0,Common Choice,SV,10.4,12.0,18.0,150.0,,,,
Slovakia,SVK,201.0,2002.0,Alliance of the New Citizen,ANO,8.0,10.0,15.0,150.0,1.0,0.772,0.394,1.0
Slovakia,SVK,201.0,1998.0,Slovak Democratic Coalition,SDK,26.3,28.0,42.0,150.0,,,,
Slovakia,SVK,201.0,1994.0,Association of Workers of Slovakia,ZRS,7.3,8.7,13.0,150.0,1.0,-3.482,0.795,1.0
Slovakia,SVK,201.0,2010.0,Most-Hid,MH,8.1,9.3,14.0,150.0,1.0,0.727,0.114,1.0
Slovakia,SVK,201.0,2012.0,Most-Hid,MH,6.9,8.7,13.0,150.0,3.0,0.727,0.114,0.0
Slovakia,SVK,201.0,2016.0,Most-Hid,MH,6.5,7.3,11.0,150.0,1.0,1.183,0.112,0.0
Slovakia,SVK,201.0,2002.0,Direction -- Social Democracy,Smer,13.5,16.7,25.0,150.0,3.0,-0.54,0.729,1.0
Slovakia,SVK,201.0,2006.0,Direction -- Social Democracy,Smer,29.1,33.3,50.0,150.0,0.0,-1.054,0.568,0.0
Slovakia,SVK,201.0,2010.0,Direction -- Social Democracy,Smer,34.8,41.3,62.0,150.0,3.0,-1.226,0.416,0.0
Slovakia,SVK,201.0,2012.0,Direction -- Social Democracy,Smer,44.4,55.3,83.0,150.0,0.0,-1.226,0.528,0.0
Slovakia,SVK,201.0,2016.0,Direction -- Social Democracy,Smer,28.3,32.7,49.0,150.0,0.0,-1.226,0.374,0.0
Slovakia,SVK,201.0,2002.0,Communist Party of Slovakia,KSS,6.3,7.3,11.0,150.0,3.0,-4.106,0.807,0.0
Slovakia,SVK,201.0,1994.0,Party of the Hungarian Coalition / Party of the Hungarian Community,SMK-MKP,10.2,,,,,,,
Slovakia,SVK,201.0,1998.0,Party of the Hungarian Coalition / Party of the Hungarian Community,SMK-MKP,9.1,10.0,15.0,150.0,1.0,0.432,0.153,2.0
Slovakia,SVK,201.0,2002.0,Party of the Hungarian Coalition / Party of the Hungarian Community,SMK-MKP,11.2,13.3,20.0,150.0,1.0,0.432,0.112,0.0
Slovakia,SVK,201.0,2006.0,Party of the Hungarian Coalition / Party of the Hungarian Community,SMK-MKP,11.7,13.3,20.0,150.0,3.0,0.442,0.112,0.0
Slovakia,SVK,201.0,1994.0,Movement for a Democratic Slovakia,HZDS,35.0,40.7,61.0,150.0,0.0,0.04,0.449,0.0
Slovakia,SVK,201.0,1998.0,Movement for a Democratic Slovakia,HZDS,27.0,28.7,43.0,150.0,3.0,-0.194,0.33,0.0
Slovakia,SVK,201.0,2002.0,Movement for a Democratic Slovakia,HZDS,19.5,24.0,36.0,150.0,3.0,-0.194,0.526,0.0
Slovakia,SVK,201.0,2006.0,Movement for a Democratic Slovakia,HZDS,8.8,10.0,15.0,150.0,1.0,0.26,0.452,0.0
Slovakia,SVK,201.0,2016.0,People's Party Our Slovakia,LsNS,8.0,9.3,14.0,150.0,3.0,0.378,0.887,0.0
Slovakia,SVK,201.0,1994.0,Democratic Union / Alternative of Political Realism,DuS/APR,8.6,10.0,15.0,150.0,3.0,0.801,0.085,1.0
Slovakia,SVK,201.0,1998.0,Democratic Union / Alternative of Political Realism,DuS/APR,,,,,1.0,0.787,0.086,0.0
Slovakia,SVK,201.0,1994.0,Slovak National Party,SNS,5.4,6.0,9.0,150.0,1.0,1.324,0.454,0.0
Slovakia,SVK,201.0,1998.0,Slovak National Party,SNS,9.1,9.3,14.0,150.0,3.0,1.324,0.407,0.0
Slovakia,SVK,201.0,2006.0,Slovak National Party,SNS,11.7,13.3,20.0,150.0,1.0,1.098,0.554,0.0
Slovakia,SVK,201.0,2010.0,Slovak National Party,SNS,5.1,6.0,9.0,150.0,3.0,1.093,0.465,0.0
Slovakia,SVK,201.0,2016.0,Slovak National Party,SNS,8.6,10.0,15.0,150.0,1.0,0.677,0.48,0.0
Slovakia,SVK,201.0,1998.0,Democratic Party,DS,,,,,1.0,1.637,0.052,1.0
Slovakia,SVK,201.0,1994.0,Coexistence,SE,,6.0,9.0,150.0,3.0,0.026,0.151,0.0
Slovakia,SVK,201.0,1994.0,Party of the Democratic Left (1990),SDL,,,,,3.0,-1.51,0.331,0.0
Slovakia,SVK,201.0,1998.0,Party of the Democratic Left (1990),SDL,14.7,15.3,23.0,150.0,1.0,-1.501,0.325,0.0
Slovakia,SVK,201.0,2010.0,Freedom and Solidarity,SaS,12.1,14.7,22.0,150.0,1.0,1.98,0.325,1.0
Slovakia,SVK,201.0,2012.0,Freedom and Solidarity,SaS,5.9,7.3,11.0,150.0,3.0,1.841,0.227,0.0
Slovakia,SVK,201.0,2016.0,Freedom and Solidarity,SaS,12.1,14.0,21.0,150.0,3.0,1.841,0.197,0.0
Slovakia,SVK,201.0,1994.0,Green Party [in Slovakia],SZ-S,,,,,3.0,-1.262,0.116,0.0
Slovakia,SVK,201.0,1998.0,Green Party [in Slovakia],SZ-S,,,,,2.0,-1.73,0.118,2.0
Slovakia,SVK,201.0,2002.0,Slovak Democratic and Christian Union – Democratic Party,SDKU-DS,15.1,18.7,28.0,150.0,0.0,1.817,0.099,1.0
Slovakia,SVK,201.0,2006.0,Slovak Democratic and Christian Union – Democratic Party,SDKU-DS,18.4,20.7,31.0,150.0,3.0,1.817,0.085,0.0
Slovakia,SVK,201.0,2010.0,Slovak Democratic and Christian Union – Democratic Party,SDKU-DS,15.4,18.7,28.0,150.0,0.0,1.394,0.085,0.0
Slovakia,SVK,201.0,2012.0,Slovak Democratic and Christian Union – Democratic Party,SDKU-DS,6.1,7.3,11.0,150.0,3.0,1.407,0.087,0.0
Slovakia,SVK,201.0,2012.0,Ordinary People and Independents,OĽaNO,8.6,10.7,16.0,150.0,3.0,0.945,0.728,1.0
Slovakia,SVK,201.0,2016.0,Ordinary People and Independents,OĽaNO,11.0,12.7,19.0,150.0,3.0,0.934,0.707,0.0
Slovakia,SVK,201.0,1994.0,Hungarian Christian Democratic Movement,MKDM,,4.7,7.0,150.0,3.0,0.726,0.087,0.0
Slovakia,SVK,201.0,2016.0,Network,S,5.6,6.7,10.0,150.0,1.0,0.522,0.269,1.0
Slovakia,SVK,201.0,2016.0,We are family – Boris Kollar,SR,6.6,7.3,11.0,150.0,3.0,-0.166,0.842,1.0
Slovenia,SVN,202.0,1992.0,Slovenian National Party,SNS,10.0,13.3,12.0,90.0,3.0,0.615,0.813,1.0
Slovenia,SVN,202.0,2004.0,Slovenian National Party,SNS,6.3,6.7,6.0,90.0,3.0,0.608,0.793,0.0
Slovenia,SVN,202.0,2008.0,Slovenian National Party,SNS,5.4,5.6,5.0,90.0,3.0,0.613,0.797,0.0
Slovenia,SVN,202.0,2011.0,Civic List,DL,8.4,8.9,8.0,90.0,1.0,1.448,0.174,1.0
Slovenia,SVN,202.0,2000.0,Democratic Party of Retired People of Slovenia,DeSUS,5.2,4.4,4.0,90.0,1.0,-2.116,0.425,0.0
Slovenia,SVN,202.0,2008.0,Democratic Party of Retired People of Slovenia,DeSUS,7.5,7.8,7.0,90.0,1.0,-2.102,0.376,0.0
Slovenia,SVN,202.0,2011.0,Democratic Party of Retired People of Slovenia,DeSUS,7.0,6.7,6.0,90.0,1.0,-1.755,0.424,0.0
Slovenia,SVN,202.0,2014.0,Democratic Party of Retired People of Slovenia,DeSUS,10.2,11.1,10.0,90.0,1.0,-1.743,0.373,0.0
Slovenia,SVN,202.0,1990.0,Slovenian Democratic Party,SDS,7.4,7.5,6.0,80.0,1.0,0.392,0.419,2.0
Slovenia,SVN,202.0,1996.0,Slovenian Democratic Party,SDS,16.1,17.8,16.0,90.0,3.0,1.443,0.615,0.0
Slovenia,SVN,202.0,2000.0,Slovenian Democratic Party,SDS,15.8,15.6,14.0,90.0,3.0,1.915,0.716,0.0
Slovenia,SVN,202.0,2004.0,Slovenian Democratic Party,SDS,29.1,32.2,29.0,90.0,0.0,1.915,0.767,0.0
Slovenia,SVN,202.0,2008.0,Slovenian Democratic Party,SDS,29.3,31.1,28.0,90.0,3.0,1.915,0.765,0.0
Slovenia,SVN,202.0,2011.0,Slovenian Democratic Party,SDS,26.2,28.9,26.0,90.0,0.0,2.461,0.781,0.0
Slovenia,SVN,202.0,2014.0,Slovenian Democratic Party,SDS,20.7,23.3,21.0,90.0,3.0,2.829,0.8,0.0
Slovenia,SVN,202.0,2018.0,Slovenian Democratic Party,SDS,24.9,27.8,25.0,90.0,3.0,2.829,0.802,0.0
Slovenia,SVN,202.0,2008.0,For Real,Zares,9.4,10.0,9.0,90.0,1.0,-0.158,0.199,1.0
Slovenia,SVN,202.0,1990.0,Slovenian Democratic Union,SDZ,9.5,10.0,8.0,80.0,1.0,-0.302,0.482,1.0
Slovenia,SVN,202.0,1990.0,Slovenian People's Party,SLS,12.6,13.8,11.0,80.0,1.0,1.199,0.489,2.0
Slovenia,SVN,202.0,1992.0,Slovenian People's Party,SLS,8.7,11.1,10.0,90.0,3.0,1.199,0.507,0.0
Slovenia,SVN,202.0,1996.0,Slovenian People's Party,SLS,19.4,21.1,19.0,90.0,1.0,1.199,0.489,0.0
Slovenia,SVN,202.0,2000.0,Slovenian People's Party,SLS,9.5,10.0,9.0,90.0,1.0,1.199,0.451,2.0
Slovenia,SVN,202.0,2004.0,Slovenian People's Party,SLS,6.8,7.8,7.0,90.0,1.0,1.199,0.45,0.0
Slovenia,SVN,202.0,2008.0,Slovenian People's Party,SLS,5.2,5.6,5.0,90.0,3.0,1.199,0.49,0.0
Slovenia,SVN,202.0,2011.0,Slovenian People's Party,SLS,6.8,6.7,6.0,90.0,1.0,1.437,0.508,0.0
Slovenia,SVN,202.0,1990.0,Liberal Democracy of Slovenia,LDS,14.5,15.0,12.0,80.0,3.0,-0.924,0.131,2.0
Slovenia,SVN,202.0,1992.0,Liberal Democracy of Slovenia,LDS,23.5,24.4,22.0,90.0,0.0,-0.695,0.13,2.0
Slovenia,SVN,202.0,1996.0,Liberal Democracy of Slovenia,LDS,27.0,27.8,25.0,90.0,0.0,-0.479,0.114,0.0
Slovenia,SVN,202.0,2000.0,Liberal Democracy of Slovenia,LDS,36.3,37.8,34.0,90.0,0.0,-0.479,0.147,0.0
Slovenia,SVN,202.0,2004.0,Liberal Democracy of Slovenia,LDS,22.8,25.6,23.0,90.0,3.0,-0.135,0.113,0.0
Slovenia,SVN,202.0,2008.0,Liberal Democracy of Slovenia,LDS,5.2,5.6,5.0,90.0,1.0,0.112,0.113,0.0
Slovenia,SVN,202.0,1990.0,Socialist Party of Slovenia,SsS,5.4,6.3,5.0,80.0,3.0,-1.261,0.236,1.0
Slovenia,SVN,202.0,1990.0,Social Democrats / United List of Social Democrats,SD / ZLSD,17.3,17.5,14.0,80.0,3.0,-2.218,0.228,2.0
Slovenia,SVN,202.0,1992.0,Social Democrats / United List of Social Democrats,SD / ZLSD,13.6,15.6,14.0,90.0,1.0,-1.86,0.232,2.0
Slovenia,SVN,202.0,1996.0,Social Democrats / United List of Social Democrats,SD / ZLSD,9.0,10.0,9.0,90.0,3.0,-1.86,0.24,0.0
Slovenia,SVN,202.0,2000.0,Social Democrats / United List of Social Democrats,SD / ZLSD,12.1,12.2,11.0,90.0,1.0,-1.563,0.26,0.0
Slovenia,SVN,202.0,2004.0,Social Democrats / United List of Social Democrats,SD / ZLSD,10.2,11.1,10.0,90.0,3.0,-1.563,0.272,0.0
Slovenia,SVN,202.0,2008.0,Social Democrats / United List of Social Democrats,SD / ZLSD,30.4,32.2,29.0,90.0,0.0,-1.563,0.392,0.0
Slovenia,SVN,202.0,2011.0,Social Democrats / United List of Social Democrats,SD / ZLSD,10.5,11.1,10.0,90.0,3.0,-1.252,0.409,0.0
Slovenia,SVN,202.0,2014.0,Social Democrats / United List of Social Democrats,SD / ZLSD,6.0,6.7,6.0,90.0,1.0,-1.252,0.28,0.0
Slovenia,SVN,202.0,2018.0,Social Democrats / United List of Social Democrats,SD / ZLSD,9.9,11.1,10.0,90.0,1.0,-1.252,0.28,0.0
Slovenia,SVN,202.0,1992.0,Democratic Party of Slovenia,DS,5.0,6.7,6.0,90.0,1.0,-0.679,0.261,1.0
Slovenia,SVN,202.0,1990.0,Greens of Slovenia,ZS,8.8,10.0,8.0,80.0,1.0,-1.25,0.282,1.0
Slovenia,SVN,202.0,1990.0,New Slovenia -- Christian People's Party,NSi,13.0,13.8,11.0,80.0,0.0,0.916,0.433,1.0
Slovenia,SVN,202.0,1992.0,New Slovenia -- Christian People's Party,NSi,14.5,16.7,15.0,90.0,1.0,0.916,0.384,2.0
Slovenia,SVN,202.0,1996.0,New Slovenia -- Christian People's Party,NSi,9.6,11.1,10.0,90.0,3.0,0.916,0.381,2.0
Slovenia,SVN,202.0,2000.0,New Slovenia -- Christian People's Party,NSi,8.7,8.9,8.0,90.0,3.0,1.55,0.531,2.0
Slovenia,SVN,202.0,2004.0,New Slovenia -- Christian People's Party,NSi,9.1,10.0,9.0,90.0,1.0,1.55,0.49,0.0
Slovenia,SVN,202.0,2014.0,New Slovenia -- Christian People's Party,NSi,5.6,5.6,5.0,90.0,3.0,2.054,0.515,0.0
Slovenia,SVN,202.0,2018.0,New Slovenia -- Christian People's Party,NSi,7.2,7.8,7.0,90.0,3.0,2.054,0.58,0.0
Slovenia,SVN,202.0,2011.0,Zoran Janković's List – Positive Slovenia,LZJPS,28.5,31.1,28.0,90.0,3.0,-1.062,0.339,1.0
Slovenia,SVN,202.0,2014.0,Party of Miro Cerar / Modern Center Party,SMC,34.5,40.0,36.0,90.0,0.0,-0.044,0.196,1.0
Slovenia,SVN,202.0,2018.0,Party of Miro Cerar / Modern Center Party,SMC,9.8,11.1,10.0,90.0,1.0,-0.044,0.172,2.0
Slovenia,SVN,202.0,2018.0,Alliance of Alenka Bratusek,ZaAB,5.1,5.6,5.0,90.0,1.0,0.007,0.201,2.0
Slovenia,SVN,202.0,2014.0,United Left,ZdLe,6.0,6.7,6.0,90.0,3.0,-3.621,0.667,1.0
Slovenia,SVN,202.0,2018.0,The Left,L,9.3,10.0,9.0,90.0,2.0,-1.486,0.674,2.0
Slovenia,SVN,202.0,2018.0,List of Marjan Sarec,LMS,12.6,14.4,13.0,90.0,0.0,-0.8,0.455,1.0
Solomon Islands,SLB,203.0,1980.0,independent,indep,57.6,26.3,10.0,38.0,,,,
Solomon Islands,SLB,203.0,1984.0,independent,indep,35.3,21.1,8.0,38.0,,,,
Solomon Islands,SLB,203.0,1989.0,independent,indep,55.7,10.5,4.0,38.0,,,,
Solomon Islands,SLB,203.0,1993.0,independent,indep,27.3,8.5,4.0,47.0,,,,
Solomon Islands,SLB,203.0,1997.0,independent,indep,,12.0,6.0,50.0,,,,
Solomon Islands,SLB,203.0,2001.0,independent,indep,,26.0,13.0,50.0,,,,
Solomon Islands,SLB,203.0,2006.0,independent,indep,,60.0,30.0,50.0,,,,
Solomon Islands,SLB,203.0,2010.0,independent,indep,,38.0,19.0,50.0,,,,
Solomon Islands,SLB,203.0,2014.0,independent,indep,,64.0,32.0,50.0,,,,
Solomon Islands,SLB,203.0,2019.0,independent,indep,,42.0,21.0,50.0,,,,
Solomon Islands,SLB,203.0,1993.0,National Action Party of Solomon Islands,NAP,13.1,6.4,3.0,47.0,,,,
Solomon Islands,SLB,203.0,1997.0,National Action Party of Solomon Islands,NAP,,10.0,5.0,50.0,,,,
Solomon Islands,SLB,203.0,1989.0,Nationalist Front for Progress,NFP,0.8,7.9,3.0,38.0,,,,
Solomon Islands,SLB,203.0,1993.0,National Unity and Reconciliation Progressive Party,NURPP,23.0,42.6,20.0,47.0,,,,
Solomon Islands,SLB,203.0,1997.0,National Unity and Reconciliation Progressive Party,NURPP,,42.0,21.0,50.0,,,,
Solomon Islands,SLB,203.0,1980.0,People's Alliance Party,PAP,15.7,26.3,10.0,38.0,,,,
Solomon Islands,SLB,203.0,1984.0,People's Alliance Party,PAP,23.2,31.6,12.0,38.0,,,,
Solomon Islands,SLB,203.0,1989.0,People's Alliance Party,PAP,19.2,60.5,23.0,38.0,,,,
Solomon Islands,SLB,203.0,1993.0,People's Alliance Party,PAP,16.4,19.1,9.0,47.0,,,,
Solomon Islands,SLB,203.0,1997.0,People's Alliance Party,PAP,,14.0,7.0,50.0,,,,
Solomon Islands,SLB,203.0,2001.0,People's Alliance Party,PAP,,40.0,20.0,50.0,,,,
Solomon Islands,SLB,203.0,2006.0,People's Alliance Party,PAP,,6.0,3.0,50.0,,,,
Solomon Islands,SLB,203.0,2014.0,People's Alliance Party,PAP,,6.0,3.0,50.0,,,,
Solomon Islands,SLB,203.0,2019.0,People's Alliance Party,PAP,,4.0,2.0,50.0,,,,
Solomon Islands,SLB,203.0,1980.0,Solomon Islands United Party,SIUP,18.0,42.1,16.0,38.0,,,,
Solomon Islands,SLB,203.0,1984.0,Solomon Islands United Party,SIUP,21.4,34.2,13.0,38.0,,,,
Solomon Islands,SLB,203.0,1989.0,Solomon Islands United Party,SIUP,18.1,10.5,4.0,38.0,,,,
Solomon Islands,SLB,203.0,1997.0,Solomon Islands United Party,SIUP,,8.0,4.0,50.0,,,,
Solomon Islands,SLB,203.0,2019.0,Solomon Islands United Party,SIUP,,4.0,2.0,50.0,,,,
Solomon Islands,SLB,203.0,2006.0,Solomon Islands Party for Rural Advancement,SIPRA,,8.0,4.0,50.0,,,,
Solomon Islands,SLB,203.0,2019.0,Solomon Islands Party for Rural Advancement,SIPRA,,2.0,1.0,50.0,,,,
Solomon Islands,SLB,203.0,1989.0,Solomon Islands Labour Party,SILP,6.0,5.3,2.0,38.0,,,,
Solomon Islands,SLB,203.0,1997.0,Solomon Islands Labour Party,SILP,,8.0,4.0,50.0,,,,
Solomon Islands,SLB,203.0,1980.0,National Democratic Party / Solomon Islands Liberal Party,NDP/SILP,8.4,5.3,2.0,38.0,,,,
Solomon Islands,SLB,203.0,1984.0,National Democratic Party / Solomon Islands Liberal Party,NDP/SILP,7.1,2.6,1.0,38.0,,,,
Solomon Islands,SLB,203.0,2001.0,National Democratic Party / Solomon Islands Liberal Party,NDP/SILP,,24.0,12.0,50.0,,,,
Solomon Islands,SLB,203.0,2006.0,Democratic Party,DP,,6.0,3.0,50.0,,,,
Solomon Islands,SLB,203.0,2010.0,Democratic Party,DP,,26.0,13.0,50.0,,,,
Solomon Islands,SLB,203.0,2019.0,Democratic Party,DP,,16.0,8.0,50.0,,,,
Solomon Islands,SLB,203.0,1984.0,Solomon Agu Segu-Fenua,SAS,8.9,10.5,4.0,38.0,,,,
Solomon Islands,SLB,203.0,2014.0,Democratic Alliance Party,DAP,,14.0,7.0,50.0,,,,
Solomon Islands,SLB,203.0,2019.0,Democratic Alliance Party,DAP,,6.0,3.0,50.0,,,,
Solomon Islands,SLB,203.0,2006.0,National Party,NP,,8.0,4.0,50.0,,,,
Solomon Islands,SLB,203.0,2014.0,United Democratic Party,UDP,,10.0,5.0,50.0,,,,
Solomon Islands,SLB,203.0,2019.0,United Democratic Party,UDP,,8.0,4.0,50.0,,,,
Solomon Islands,SLB,203.0,2010.0,"Ownership, Unity and Responsibility Party",OUR,,6.0,3.0,50.0,,,,
Solomon Islands,SLB,203.0,2019.0,Kadare Party of Solomon Islands,KP,,16.0,8.0,50.0,,,,
Solomon Islands,SLB,203.0,2010.0,Reform and Democratic Party of Solomon Islands,RDP,,6.0,3.0,50.0,,,,
Solomon Islands,SLB,203.0,2001.0,People's Progressive Party,PPP,,6.0,3.0,50.0,,,,
Solomon Islands,SLB,203.0,2019.0,People First Party,PFP,,2.0,1.0,50.0,,,,
Vanuatu,VUT,206.0,1998.0,independent,indep,14.6,3.8,2.0,52.0,,,,
Vanuatu,VUT,206.0,2004.0,independent,indep,,17.3,9.0,52.0,,,,
Vanuatu,VUT,206.0,2008.0,independent,indep,,7.7,4.0,52.0,,,,
Vanuatu,VUT,206.0,2012.0,independent,indep,14.2,7.7,4.0,52.0,,,,
Vanuatu,VUT,206.0,2016.0,independent,indep,18.7,15.4,8.0,52.0,,,,
Vanuatu,VUT,206.0,1983.0,Our Land Party,VP,54.7,63.2,24.0,38.0,0.0,-0.859,0.325,0.0
Vanuatu,VUT,206.0,1987.0,Our Land Party,VP,47.0,56.5,26.0,46.0,0.0,-0.859,0.325,0.0
Vanuatu,VUT,206.0,1991.0,Our Land Party,VP,22.6,21.7,10.0,46.0,3.0,-0.859,0.325,0.0
Vanuatu,VUT,206.0,1995.0,Our Land Party,VP,,,,,,,,
Vanuatu,VUT,206.0,1998.0,Our Land Party,VP,21.0,34.6,18.0,52.0,0.0,-0.859,0.325,0.0
Vanuatu,VUT,206.0,2002.0,Our Land Party,VP,17.0,26.9,14.0,52.0,,-0.859,0.325,0.0
Vanuatu,VUT,206.0,2004.0,Our Land Party,VP,,15.4,8.0,52.0,,-0.859,0.325,0.0
Vanuatu,VUT,206.0,2008.0,Our Land Party,VP,,21.2,11.0,52.0,,-0.859,0.325,0.0
Vanuatu,VUT,206.0,2012.0,Our Land Party,VP,11.3,15.4,8.0,52.0,0.0,-0.859,0.325,0.0
Vanuatu,VUT,206.0,2016.0,Our Land Party,VP,12.1,11.5,6.0,52.0,1.0,-0.859,0.325,0.0
Vanuatu,VUT,206.0,1983.0,Union of Moderate Parties,UPM,29.4,31.6,12.0,38.0,,-0.852,0.325,2.0
Vanuatu,VUT,206.0,1987.0,Union of Moderate Parties,UPM,42.0,41.3,19.0,46.0,,-0.852,0.325,0.0
Vanuatu,VUT,206.0,1991.0,Union of Moderate Parties,UPM,30.6,41.3,19.0,46.0,,-0.852,0.325,0.0
Vanuatu,VUT,206.0,1995.0,Union of Moderate Parties,UPM,27.4,37.0,17.0,46.0,,-0.852,0.325,0.0
Vanuatu,VUT,206.0,1998.0,Union of Moderate Parties,UPM,20.1,23.1,12.0,52.0,,-0.852,0.325,0.0
Vanuatu,VUT,206.0,2002.0,Union of Moderate Parties,UPM,15.1,28.8,15.0,52.0,,-0.852,0.325,0.0
Vanuatu,VUT,206.0,2004.0,Union of Moderate Parties,UPM,,17.3,9.0,52.0,,-0.852,0.325,0.0
Vanuatu,VUT,206.0,2008.0,Union of Moderate Parties,UPM,,13.5,7.0,52.0,,-0.852,0.325,0.0
Vanuatu,VUT,206.0,2012.0,Union of Moderate Parties,UPM,11.7,9.6,5.0,52.0,3.0,-0.852,0.325,0.0
Vanuatu,VUT,206.0,2016.0,Union of Moderate Parties,UPM,9.9,11.5,6.0,52.0,3.0,-0.852,0.325,0.0
Vanuatu,VUT,206.0,1991.0,Vanuatu National United Party,NUP,20.4,21.7,10.0,46.0,,-0.869,0.325,1.0
Vanuatu,VUT,206.0,1995.0,Vanuatu National United Party,NUP,23.4,19.6,9.0,46.0,,-0.869,0.325,0.0
Vanuatu,VUT,206.0,1998.0,Vanuatu National United Party,NUP,15.9,21.2,11.0,52.0,,-0.869,0.325,0.0
Vanuatu,VUT,206.0,2002.0,Vanuatu National United Party,NUP,13.6,15.4,8.0,52.0,,-0.869,0.325,0.0
Vanuatu,VUT,206.0,2004.0,Vanuatu National United Party,NUP,,19.2,10.0,52.0,,-0.869,0.325,0.0
Vanuatu,VUT,206.0,2008.0,Vanuatu National United Party,NUP,,15.4,8.0,52.0,,-0.869,0.325,0.0
Vanuatu,VUT,206.0,2012.0,Vanuatu National United Party,NUP,5.1,7.7,4.0,52.0,1.0,-0.869,0.325,0.0
Vanuatu,VUT,206.0,2016.0,Vanuatu National United Party,NUP,5.8,7.7,4.0,52.0,1.0,-0.869,0.325,0.0
Vanuatu,VUT,206.0,1998.0,Vanuatu Republican Party,PRV,7.6,1.9,1.0,52.0,,-0.844,0.325,1.0
Vanuatu,VUT,206.0,2002.0,Vanuatu Republican Party,PRV,6.2,5.8,3.0,52.0,,-0.844,0.325,0.0
Vanuatu,VUT,206.0,2004.0,Vanuatu Republican Party,PRV,,7.7,4.0,52.0,,-0.844,0.325,0.0
Vanuatu,VUT,206.0,2008.0,Vanuatu Republican Party,PRV,,13.5,7.0,52.0,,-0.844,0.325,0.0
Vanuatu,VUT,206.0,1991.0,Melanesian Progressive Party,MPP,15.4,8.7,4.0,46.0,3.0,-0.864,0.322,1.0
Vanuatu,VUT,206.0,1995.0,Melanesian Progressive Party,MPP,,,,,,,,
Vanuatu,VUT,206.0,1998.0,Melanesian Progressive Party,MPP,14.0,11.5,6.0,52.0,1.0,-0.864,0.322,1.0
Vanuatu,VUT,206.0,2002.0,Melanesian Progressive Party,MPP,7.1,5.8,3.0,52.0,,-0.864,0.322,0.0
Vanuatu,VUT,206.0,2004.0,Confédération Verte,Greens Confederation,,5.8,3.0,52.0,,-0.853,0.325,0.0
Vanuatu,VUT,206.0,2012.0,Confédération Verte,Greens Confederation,4.5,5.8,3.0,52.0,1.0,-0.833,0.33,0.0
Vanuatu,VUT,206.0,2012.0,Reunification of Movement for Change (RMC),RMC,4.5,5.8,3.0,52.0,1.0,-0.849,0.329,0.0
Vanuatu,VUT,206.0,2012.0,Land and Justice Party,GJP,6.0,7.7,4.0,52.0,1.0,-0.866,0.591,1.0
Vanuatu,VUT,206.0,2016.0,Land and Justice Party,GJP,7.2,11.5,6.0,52.0,1.0,-0.866,0.591,0.0
Vanuatu,VUT,206.0,1995.0,Tan Union,TU,,,,,,,,
Vanuatu,VUT,206.0,2002.0,People's Progess Party,PPP,5.1,1.9,1.0,52.0,,-0.825,0.32,1.0
Vanuatu,VUT,206.0,2004.0,People's Progess Party,PPP,,5.8,3.0,52.0,,-0.825,0.32,0.0
Vanuatu,VUT,206.0,2008.0,People's Progess Party,PPP,,7.7,4.0,52.0,,-0.825,0.32,0.0
Vanuatu,VUT,206.0,2012.0,People's Progess Party,PPP,8.0,11.5,6.0,52.0,3.0,-0.825,0.32,0.0
Vanuatu,VUT,206.0,1995.0,alliance: UF,UF,31.4,43.5,20.0,46.0,,-0.84,0.328,1.0
United Arab Emirates,ARE,207.0,2006.0,independent,indep,,50.0,20.0,40.0,,,,
United Arab Emirates,ARE,207.0,2011.0,independent,indep,,50.0,20.0,40.0,,,,
United Arab Emirates,ARE,207.0,2015.0,independent,indep,,50.0,20.0,40.0,,,,
United Arab Emirates,ARE,207.0,2019.0,independent,indep,,50.0,20.0,40.0,,,,
United Arab Emirates,ARE,207.0,2006.0,technical: Appointees,tech,,50.0,20.0,40.0,,,,
United Arab Emirates,ARE,207.0,2011.0,technical: Appointees,tech,,50.0,20.0,40.0,,,,
United Arab Emirates,ARE,207.0,2015.0,technical: Appointees,tech,,50.0,20.0,40.0,,,,
United Arab Emirates,ARE,207.0,2019.0,technical: Appointees,tech,,50.0,20.0,40.0,,,,
Hungary,HUN,210.0,2010.0,Movement for a Better Hungary,Jobbik,16.7,12.2,47.0,386.0,3.0,0.331,0.836,0.0
Hungary,HUN,210.0,2014.0,Movement for a Better Hungary,Jobbik,20.2,11.6,23.0,199.0,3.0,0.091,0.819,0.0
Hungary,HUN,210.0,2018.0,Movement for a Better Hungary,Jobbik,19.1,13.2,26.0,197.0,3.0,0.005,0.726,0.0
Hungary,HUN,210.0,1980.0,Hungarian Socialist Workers' Party,MSZMP,,71.6,252.0,352.0,0.0,-3.88,0.168,0.0
Hungary,HUN,210.0,1985.0,Hungarian Socialist Workers' Party,MSZMP,,74.4,288.0,387.0,0.0,-3.88,0.264,0.0
Hungary,HUN,210.0,2014.0,Democratic Coalition,DK,,2.0,4.0,199.0,3.0,0.281,0.407,1.0
Hungary,HUN,210.0,2018.0,Democratic Coalition,DK,5.4,4.6,9.0,197.0,3.0,0.281,0.42,0.0
Hungary,HUN,210.0,1990.0,Alliance of Free Democrats,SzDSz,21.4,24.1,93.0,386.0,3.0,1.358,0.261,1.0
Hungary,HUN,210.0,1994.0,Alliance of Free Democrats,SzDSz,19.7,17.9,69.0,386.0,1.0,1.356,0.184,0.0
Hungary,HUN,210.0,1998.0,Alliance of Free Democrats,SzDSz,7.6,6.2,24.0,386.0,3.0,1.079,0.124,0.0
Hungary,HUN,210.0,2002.0,Alliance of Free Democrats,SzDSz,5.6,5.2,20.0,386.0,1.0,1.079,0.111,0.0
Hungary,HUN,210.0,2006.0,Alliance of Free Democrats,SzDSz,6.5,5.2,20.0,386.0,1.0,1.379,0.099,0.0
Hungary,HUN,210.0,1990.0,Independent Smallholders Party (1988),FKgP,11.7,11.4,44.0,386.0,1.0,-0.157,0.74,1.0
Hungary,HUN,210.0,1994.0,Independent Smallholders Party (1988),FKgP,8.8,6.7,26.0,386.0,3.0,0.332,0.752,0.0
Hungary,HUN,210.0,1998.0,Independent Smallholders Party (1988),FKgP,13.1,12.4,48.0,386.0,1.0,0.332,0.752,0.0
Hungary,HUN,210.0,1990.0,Hungarian Socialist Party,MSZP,10.9,8.5,33.0,386.0,3.0,-1.613,0.268,0.0
Hungary,HUN,210.0,1994.0,Hungarian Socialist Party,MSZP,33.0,54.1,209.0,386.0,0.0,-1.102,0.429,0.0
Hungary,HUN,210.0,1998.0,Hungarian Socialist Party,MSZP,32.9,34.7,134.0,386.0,3.0,-0.748,0.326,0.0
Hungary,HUN,210.0,2002.0,Hungarian Socialist Party,MSZP,42.1,46.1,178.0,386.0,0.0,-1.268,0.413,0.0
Hungary,HUN,210.0,2006.0,Hungarian Socialist Party,MSZP,43.2,49.2,190.0,386.0,0.0,-0.214,0.336,0.0
Hungary,HUN,210.0,2010.0,Hungarian Socialist Party,MSZP,19.3,15.3,59.0,386.0,3.0,-0.214,0.347,0.0
Hungary,HUN,210.0,2014.0,Hungarian Socialist Party,MSZP,,14.6,29.0,199.0,3.0,-0.753,0.438,0.0
Hungary,HUN,210.0,2018.0,Hungarian Socialist Party,MSZP,11.9,10.2,20.0,197.0,3.0,-0.942,0.444,0.0
Hungary,HUN,210.0,1990.0,Christian Democratic People's Party,KDNP,6.5,5.4,21.0,386.0,1.0,0.305,0.401,1.0
Hungary,HUN,210.0,1994.0,Christian Democratic People's Party,KDNP,7.0,5.7,22.0,386.0,3.0,0.823,0.318,0.0
Hungary,HUN,210.0,2006.0,Christian Democratic People's Party,KDNP,,6.0,23.0,386.0,3.0,0.501,0.392,0.0
Hungary,HUN,210.0,2010.0,Christian Democratic People's Party,KDNP,,9.3,36.0,386.0,1.0,0.501,0.597,0.0
Hungary,HUN,210.0,2014.0,Christian Democratic People's Party,KDNP,,8.0,16.0,199.0,1.0,0.954,0.651,0.0
Hungary,HUN,210.0,2018.0,Christian Democratic People's Party,KDNP,,8.1,16.0,197.0,1.0,0.954,0.651,0.0
Hungary,HUN,210.0,1998.0,Hungarian Justice and Life Party,MIEP,5.5,3.6,14.0,386.0,3.0,1.271,0.803,0.0
Hungary,HUN,210.0,2010.0,Politics Can Be Different,LMP,7.5,4.1,16.0,386.0,3.0,-0.357,0.221,1.0
Hungary,HUN,210.0,2014.0,Politics Can Be Different,LMP,5.3,2.5,5.0,199.0,3.0,-0.503,0.152,0.0
Hungary,HUN,210.0,2018.0,Politics Can Be Different,LMP,7.1,4.1,8.0,197.0,3.0,-0.649,0.151,0.0
Hungary,HUN,210.0,1990.0,Fidesz – Hungarian Civic Alliance,Fidesz,9.0,5.7,22.0,386.0,3.0,0.965,0.359,0.0
Hungary,HUN,210.0,1994.0,Fidesz – Hungarian Civic Alliance,Fidesz,7.0,5.2,20.0,386.0,3.0,1.117,0.361,0.0
Hungary,HUN,210.0,1998.0,Fidesz – Hungarian Civic Alliance,Fidesz,29.5,38.3,148.0,386.0,0.0,0.759,0.433,0.0
Hungary,HUN,210.0,2002.0,Fidesz – Hungarian Civic Alliance,Fidesz,,42.5,164.0,386.0,3.0,0.684,0.524,0.0
Hungary,HUN,210.0,2006.0,Fidesz – Hungarian Civic Alliance,Fidesz,,36.5,141.0,386.0,3.0,0.215,0.671,0.0
Hungary,HUN,210.0,2010.0,Fidesz – Hungarian Civic Alliance,Fidesz,,58.8,227.0,386.0,0.0,1.111,0.803,0.0
Hungary,HUN,210.0,2014.0,Fidesz – Hungarian Civic Alliance,Fidesz,,58.8,117.0,199.0,0.0,1.482,0.82,0.0
Hungary,HUN,210.0,2018.0,Fidesz – Hungarian Civic Alliance,Fidesz,,59.4,117.0,197.0,0.0,1.598,0.83,0.0
Hungary,HUN,210.0,1990.0,Hungarian Democratic Forum,MDF,24.7,42.5,164.0,386.0,0.0,0.378,0.459,1.0
Hungary,HUN,210.0,1994.0,Hungarian Democratic Forum,MDF,11.7,9.8,38.0,386.0,3.0,0.807,0.388,0.0
Hungary,HUN,210.0,2002.0,Hungarian Democratic Forum,MDF,,6.2,24.0,386.0,3.0,1.029,0.339,0.0
Hungary,HUN,210.0,2006.0,Hungarian Democratic Forum,MDF,5.0,2.8,11.0,386.0,3.0,1.237,0.345,0.0
Hungary,HUN,210.0,2014.0,Together -- Party for a New Era,Egyutt,,1.5,3.0,199.0,3.0,0.214,0.204,1.0
Hungary,HUN,210.0,1980.0,independent,indep,,28.4,100.0,352.0,,,,
Hungary,HUN,210.0,1985.0,independent,indep,,25.3,98.0,387.0,,,,
Hungary,HUN,210.0,2006.0,Alliance of Hungarian Solidarity,Fidesz–KDNP,42.0,,,,,,,
Hungary,HUN,210.0,2010.0,Alliance of Hungarian Solidarity,Fidesz–KDNP,52.7,,,,,,,
Hungary,HUN,210.0,2014.0,Alliance of Hungarian Solidarity,Fidesz–KDNP,44.9,,,,,,,
Hungary,HUN,210.0,2018.0,Alliance of Hungarian Solidarity,Fidesz–KDNP,49.3,,,,,,,
Hungary,HUN,210.0,2002.0,alliance: Fidesz–MDF,Fidesz–MDF,41.1,,,,,,,
Hungary,HUN,210.0,2014.0,alliance: Unity,Unity,25.6,,,,,,,
Zanzibar,ZZB,236.0,1980.0,Party of the Revolution,CCM,100.0,100.0,264.0,264.0,,,,
Zanzibar,ZZB,236.0,1985.0,Party of the Revolution,CCM,100.0,100.0,274.0,274.0,,,,
Zanzibar,ZZB,236.0,1990.0,Party of the Revolution,CCM,100.0,100.0,284.0,284.0,,,,
Zanzibar,ZZB,236.0,1995.0,Party of the Revolution,CCM,49.3,52.0,26.0,50.0,0.0,-0.312,0.405,0.0
Zanzibar,ZZB,236.0,2000.0,Party of the Revolution,CCM,,68.0,34.0,50.0,0.0,-0.312,0.405,0.0
Zanzibar,ZZB,236.0,2005.0,Party of the Revolution,CCM,,60.0,30.0,50.0,0.0,-0.312,0.405,0.0
Zanzibar,ZZB,236.0,2010.0,Party of the Revolution,CCM,50.3,56.0,28.0,50.0,0.0,-0.312,0.405,0.0
Zanzibar,ZZB,236.0,1995.0,Civic United Front,CCW,50.1,48.0,24.0,50.0,3.0,0.203,0.63,1.0
Zanzibar,ZZB,236.0,2000.0,Civic United Front,CCW,,32.0,16.0,50.0,3.0,0.203,0.63,0.0
Zanzibar,ZZB,236.0,2005.0,Civic United Front,CCW,,38.0,19.0,50.0,3.0,0.203,0.63,0.0
Zanzibar,ZZB,236.0,2010.0,Civic United Front,CCW,47.4,44.0,22.0,50.0,1.0,0.203,0.631,0.0
