Date,Close
2010-01-04,40.29079055786133
2010-01-05,40.29079055786133
2010-01-06,40.047760009765625
2010-01-07,40.07379150390625
2010-01-08,40.40361022949219
2010-01-11,40.238712310791016
2010-01-12,39.73530197143555
2010-01-13,40.23002243041992
2010-01-14,40.264747619628906
2010-01-15,39.79606628417969
2010-01-19,40.43833541870117
2010-01-20,39.85682678222656
2010-01-21,39.48358154296875
2010-01-22,38.32917404174805
2010-01-25,38.45940399169922
2010-01-26,38.49408721923828
2010-01-27,38.797882080078125
2010-01-28,37.799739837646484
2010-01-29,37.14008712768555
2010-02-01,37.54801940917969
2010-02-02,37.88654327392578
2010-02-03,38.0948486328125
2010-02-04,36.99253463745117
2010-02-05,37.30500030517578
2010-02-08,37.03593444824219
2010-02-09,37.4178352355957
2010-02-10,37.3397331237793
2010-02-11,37.90388870239258
2010-02-12,37.98201370239258
2010-02-16,38.468074798583984
2010-02-17,38.685054779052734
2010-02-18,38.92808151245117
2010-02-19,38.910736083984375
2010-02-22,38.832618713378906
2010-02-23,38.32917404174805
2010-02-24,38.719783782958984
2010-02-25,38.711097717285156
2010-02-26,38.8499755859375
2010-03-01,39.414154052734375
2010-03-02,39.53566360473633
2010-03-03,39.57905578613281
2010-03-04,39.709266662597656
2010-03-05,40.308135986328125
2010-03-08,40.386268615722656
2010-03-09,40.61194610595703
2010-03-10,40.94176483154297
2010-03-11,41.09798812866211
2010-03-12,41.1066780090332
2010-03-15,41.002506256103516
2010-03-16,41.26290512084961
2010-03-17,41.37575149536133
2010-03-18,41.51462936401367
2010-03-19,41.26350784301758
2010-03-22,41.63713073730469
2010-03-23,41.923866271972656
2010-03-24,41.7240104675293
2010-03-25,41.66318893432617
2010-03-26,41.706642150878906
2010-03-29,41.906494140625
2010-03-30,42.045528411865234
2010-03-31,41.84565353393555
2010-04-01,41.84565353393555
2010-04-05,42.236663818359375
2010-04-06,42.358306884765625
2010-04-07,42.25404357910156
2010-04-08,42.349613189697266
2010-04-09,42.60158920288086
2010-04-12,42.63634490966797
2010-04-13,42.85356903076172
2010-04-14,43.366214752197266
2010-04-15,43.557369232177734
2010-04-16,43.036041259765625
2010-04-19,43.009971618652344
2010-04-20,43.22719955444336
2010-04-21,43.4704704284668
2010-04-22,43.71377182006836
2010-04-23,43.896244049072266
2010-04-26,43.800655364990234
2010-04-27,42.87094497680664
2010-04-28,42.89702606201172
2010-04-29,43.64426040649414
2010-04-30,42.784061431884766
2010-05-03,43.38359451293945
2010-05-04,42.08024978637695
2010-05-05,41.8630256652832
2010-05-06,40.46413040161133
2010-05-07,39.45623779296875
2010-05-10,41.50679016113281
2010-05-11,41.463348388671875
2010-05-12,42.24535369873047
2010-05-13,41.5763053894043
2010-05-14,40.77693557739258
2010-05-17,40.907264709472656
2010-05-18,40.34247589111328
2010-05-19,40.02101135253906
2010-05-20,38.53519058227539
2010-05-21,38.960968017578125
2010-05-24,38.8045654296875
2010-05-25,38.839317321777344
2010-05-26,38.404869079589844
2010-05-27,39.855899810791016
2010-05-28,39.621307373046875
2010-06-01,39.25636291503906
2010-06-02,40.18608093261719
2010-06-03,40.56837844848633
2010-06-04,39.17816925048828
2010-06-07,38.46568298339844
2010-06-08,38.39617156982422
2010-06-09,38.07469177246094
2010-06-10,39.160797119140625
2010-06-11,39.534420013427734
2010-06-14,39.52573013305664
2010-06-15,40.58576965332031
2010-06-16,40.7508659362793
2010-06-17,40.88121032714844
2010-06-18,40.915138244628906
2010-06-21,40.566932678222656
2010-06-22,40.2535285949707
2010-06-23,40.0881233215332
2010-06-24,39.478759765625
2010-06-25,39.48661422729492
2010-06-28,39.34705352783203
2010-06-29,37.829341888427734
2010-06-30,37.253662109375
2010-07-01,37.148990631103516
2010-07-02,37.044315338134766
2010-07-06,37.1577033996582
2010-07-07,38.34397506713867
2010-07-08,38.553314208984375
2010-07-09,38.919654846191406
2010-07-12,39.033042907714844
2010-07-13,39.53894805908203
2010-07-14,39.739566802978516
2010-07-15,39.774452209472656
2010-07-16,38.6754264831543
2010-07-19,39.00688552856445
2010-07-20,39.47787857055664
2010-07-21,38.93708419799805
2010-07-22,39.92274856567383
2010-07-23,40.17570114135742
2010-07-26,40.50713348388672
2010-07-27,40.48969650268555
2010-07-28,40.16695785522461
2010-07-29,39.87039566040039
2010-07-30,39.95762634277344
2010-08-02,40.70774841308594
2010-08-03,40.533302307128906
2010-08-04,40.94327163696289
2010-08-05,40.84732437133789
2010-08-06,40.7862548828125
2010-08-09,41.06538772583008
2010-08-10,40.70774841308594
2010-08-11,39.60002136230469
2010-08-12,39.2859992980957
2010-08-13,39.00688552856445
2010-08-16,39.076663970947266
2010-08-17,39.573829650878906
2010-08-18,39.73084259033203
2010-08-19,39.128990173339844
2010-08-20,39.18130874633789
2010-08-23,38.79755783081055
2010-08-24,38.073585510253906
2010-08-25,38.43989944458008
2010-08-26,37.977622985839844
2010-08-27,38.43989944458008
2010-08-30,38.03867721557617
2010-08-31,37.90785217285156
2010-09-01,39.041770935058594
2010-09-02,39.47787857055664
2010-09-03,40.13206100463867
2010-09-07,39.86167907714844
2010-09-08,40.34141540527344
2010-09-09,40.498416900634766
2010-09-10,40.64670181274414
2010-09-13,41.21364974975586
2010-09-14,41.38811111450195
2010-09-15,41.64979553222656
2010-09-16,41.81550979614258
2010-09-17,41.957157135009766
2010-09-20,42.69154739379883
2010-09-21,42.68281555175781
2010-09-22,42.56913757324219
2010-09-23,42.551666259765625
2010-09-24,43.417205810546875
2010-09-27,43.18115234375
2010-09-28,43.16368103027344
2010-09-29,43.09371566772461
2010-09-30,42.90138244628906
2010-10-01,42.84891891479492
2010-10-04,42.38555145263672
2010-10-05,43.417205810546875
2010-10-06,43.0412712097168
2010-10-07,43.19865036010742
2010-10-08,43.49589920043945
2010-10-11,43.51337432861328
2010-10-12,43.81064987182617
2010-10-13,44.169105529785156
2010-10-14,44.08167266845703
2010-10-15,45.01716613769531
2010-10-18,44.85104751586914
2010-10-19,44.4313850402832
2010-10-20,44.7548713684082
2010-10-21,44.842308044433594
2010-10-22,45.148311614990234
2010-10-25,45.366886138916016
2010-10-26,45.48927688598633
2010-10-27,45.62915802001953
2010-10-28,45.725341796875
2010-10-29,45.62042999267578
2010-11-01,45.65538787841797
2010-11-02,46.14500045776367
2010-11-03,46.35483169555664
2010-11-04,46.9231071472168
2010-11-05,46.9231071472168
2010-11-08,46.98429489135742
2010-11-09,46.73076629638672
2010-11-10,46.966835021972656
2010-11-11,46.66957473754883
2010-11-12,45.9089241027832
2010-11-15,45.734092712402344
2010-11-16,44.9821891784668
2010-11-17,45.11332702636719
2010-11-18,45.83899688720703
2010-11-19,45.87397766113281
2010-11-22,46.2586669921875
2010-11-23,45.524253845214844
2010-11-24,46.44225311279297
2010-11-26,46.136253356933594
2010-11-29,46.10127639770508
2010-11-30,45.5417366027832
2010-12-01,46.503456115722656
2010-12-02,46.9755744934082
2010-12-03,47.09797668457031
2010-12-06,47.080474853515625
2010-12-07,47.106727600097656
2010-12-08,47.281578063964844
2010-12-09,47.325286865234375
2010-12-10,47.64003372192383
2010-12-13,47.47392272949219
2010-12-14,47.56135559082031
2010-12-15,47.35151290893555
2010-12-16,47.71872329711914
2010-12-17,47.760772705078125
2010-12-20,47.79579544067383
2010-12-21,48.08491134643555
2010-12-22,48.07612991333008
2010-12-23,47.95349884033203
2010-12-27,47.979766845703125
2010-12-28,47.892154693603516
2010-12-29,47.997291564941406
2010-12-30,47.88339614868164
2010-12-31,47.70819854736328
2011-01-03,48.45283508300781
2011-01-04,48.417789459228516
2011-01-05,48.82951736450195
2011-01-06,48.98719024658203
2011-01-07,48.94338607788086
2011-01-10,49.12736511230469
2011-01-11,49.19744110107422
2011-01-12,49.547855377197266
2011-01-13,49.56538772583008
2011-01-14,49.933292388916016
2011-01-18,50.07346725463867
2011-01-19,49.50406265258789
2011-01-20,49.15363693237305
2011-01-21,48.776954650878906
2011-01-24,49.45149612426758
2011-01-25,49.521575927734375
2011-01-26,49.78437805175781
2011-01-27,50.09099197387695
2011-01-28,48.820762634277344
2011-01-31,49.05727767944336
2011-02-01,49.977108001708984
2011-02-02,49.898250579833984
2011-02-03,49.985870361328125
2011-02-04,50.26618194580078
2011-02-07,50.502723693847656
2011-02-08,50.83562088012695
2011-02-09,50.74800109863281
2011-02-10,50.82685089111328
2011-02-11,51.194786071777344
2011-02-14,51.31740951538086
2011-02-15,51.247337341308594
2011-02-16,51.580230712890625
2011-02-17,51.562721252441406
2011-02-18,51.44882583618164
2011-02-22,49.959590911865234
2011-02-23,49.547855377197266
2011-02-24,49.81065368652344
2011-02-25,50.502723693847656
2011-02-28,50.607852935791016
2011-03-01,49.79315185546875
2011-03-02,50.055965423583984
2011-03-03,51.045867919921875
2011-03-04,50.78303909301758
2011-03-07,50.09975051879883
2011-03-08,50.30122375488281
2011-03-09,49.959590911865234
2011-03-10,49.179927825927734
2011-03-11,49.48653030395508
2011-03-14,49.31131362915039
2011-03-15,48.61050796508789
2011-03-16,47.4366455078125
2011-03-17,47.87465286254883
2011-03-18,47.766754150390625
2011-03-21,48.6878776550293
2011-03-22,48.60014724731445
2011-03-23,48.8720817565918
2011-03-24,49.740577697753906
2011-03-25,49.8634033203125
2011-03-28,49.59145736694336
2011-03-29,50.07394027709961
2011-03-30,50.310794830322266
2011-03-31,50.38097381591797
2011-04-01,50.40729522705078
2011-04-04,50.24061584472656
2011-04-05,50.1090202331543
2011-04-06,50.23184585571289
2011-04-07,50.196754455566406
2011-04-08,49.95991516113281
2011-04-11,49.793216705322266
2011-04-12,49.451087951660156
2011-04-13,49.87217330932617
2011-04-14,49.7844352722168
2011-04-15,49.696720123291016
2011-04-18,49.34581756591797
2011-04-19,49.65283966064453
2011-04-20,50.77574920654297
2011-04-21,51.17927169799805
2011-04-25,51.31087875366211
2011-04-26,51.600372314453125
2011-04-27,51.9512825012207
2011-04-28,51.87232208251953
2011-04-29,51.82844543457031
2011-05-02,51.73197555541992
2011-05-03,51.486324310302734
2011-05-04,51.40737533569336
2011-05-05,51.12664794921875
2011-05-06,51.29331970214844
2011-05-09,51.486324310302734
2011-05-10,51.92493438720703
2011-05-11,51.547725677490234
2011-05-12,51.85478973388672
2011-05-13,51.24067687988281
2011-05-16,50.354652404785156
2011-05-17,50.495025634765625
2011-05-18,50.91612243652344
2011-05-19,51.06523132324219
2011-05-20,50.679237365722656
2011-05-23,49.93357467651367
2011-05-24,49.626529693603516
2011-05-25,49.81953048706055
2011-05-26,50.126583099365234
2011-05-27,50.38097381591797
2011-05-31,51.19682312011719
2011-06-01,50.082706451416016
2011-06-02,50.18798065185547
2011-06-03,49.43352508544922
2011-06-06,49.029998779296875
2011-06-07,48.942264556884766
2011-06-08,48.59138488769531
2011-06-09,48.67909622192383
2011-06-10,47.93342971801758
2011-06-13,47.93342971801758
2011-06-14,48.54751205444336
2011-06-15,47.62639617919922
2011-06-16,47.44218444824219
2011-06-17,47.29358673095703
2011-06-20,47.53974914550781
2011-06-21,48.559654235839844
2011-06-22,48.20796203613281
2011-06-23,48.656368255615234
2011-06-24,47.812320709228516
2011-06-27,48.57724380493164
2011-06-28,49.2982063293457
2011-06-29,49.50043487548828
2011-06-30,50.159854888916016
2011-07-01,50.91599655151367
2011-07-05,51.17096710205078
2011-07-06,51.3380241394043
2011-07-07,52.04140853881836
2011-07-08,51.90073013305664
2011-07-11,50.9599494934082
2011-07-12,50.57308578491211
2011-07-13,50.78410720825195
2011-07-14,50.19502639770508
2011-07-15,50.863243103027344
2011-07-18,50.59067153930664
2011-07-19,51.742454528808594
2011-07-20,51.522647857666016
2011-07-21,51.865543365478516
2011-07-22,52.40188217163086
2011-07-25,52.29637145996094
2011-07-26,52.428245544433594
2011-07-27,51.074241638183594
2011-07-28,51.16216278076172
2011-07-29,50.9951171875
2011-08-01,50.75770950317383
2011-08-02,49.47406005859375
2011-08-03,49.94883346557617
2011-08-04,47.627685546875
2011-08-05,47.3287353515625
2011-08-08,44.48005676269531
2011-08-09,46.62535095214844
2011-08-10,44.717445373535156
2011-08-11,46.686912536621094
2011-08-12,47.10014343261719
2011-08-15,47.794742584228516
2011-08-16,47.39029312133789
2011-08-17,47.10892868041992
2011-08-18,44.79658126831055
2011-08-19,43.9876708984375
2011-08-22,44.145938873291016
2011-08-23,45.965938568115234
2011-08-24,46.326419830322266
2011-08-25,45.57028579711914
2011-08-26,46.71327209472656
2011-08-29,48.01455307006836
2011-08-30,48.331050872802734
2011-08-31,48.410194396972656
2011-09-01,47.970577239990234
2011-09-02,46.84516906738281
2011-09-06,46.853965759277344
2011-09-07,48.04090881347656
2011-09-08,47.82110595703125
2011-09-09,46.75723648071289
2011-09-12,47.355125427246094
2011-09-13,47.9881706237793
2011-09-14,48.67395782470703
2011-09-15,49.39491653442383
2011-09-16,49.84767532348633
2011-09-19,49.86530303955078
2011-09-20,49.64510726928711
2011-09-21,48.7818489074707
2011-09-22,47.19630813598633
2011-09-23,47.69839096069336
2011-09-26,48.25334930419922
2011-09-27,48.75542068481445
2011-09-28,48.033119201660156
2011-09-29,47.4605598449707
2011-09-30,46.236167907714844
2011-10-03,45.04701614379883
2011-10-04,45.971900939941406
2011-10-05,47.15224838256836
2011-10-06,47.9450569152832
2011-10-07,47.62792205810547
2011-10-10,49.275123596191406
2011-10-11,49.60985565185547
2011-10-12,49.85649490356445
2011-10-13,50.314537048339844
2011-10-14,51.248252868652344
2011-10-17,50.455474853515625
2011-10-18,51.08088302612305
2011-10-19,50.09433364868164
2011-10-20,49.84767532348633
2011-10-21,50.47308349609375
2011-10-24,51.52131652832031
2011-10-25,50.5083122253418
2011-10-26,50.446659088134766
2011-10-27,51.83842086791992
2011-10-28,51.91769790649414
2011-10-31,51.045650482177734
2011-11-01,49.71556091308594
2011-11-02,50.13835525512695
2011-11-03,51.177772521972656
2011-11-04,50.913536071777344
2011-11-07,51.27467346191406
2011-11-08,51.86484909057617
2011-11-09,50.041473388671875
2011-11-10,50.01504898071289
2011-11-11,50.95756149291992
2011-11-14,50.640464782714844
2011-11-15,51.20420455932617
2011-11-16,50.35857391357422
2011-11-17,49.17822265625
2011-11-18,48.79946517944336
2011-11-21,47.86575698852539
2011-11-22,48.02430725097656
2011-11-23,46.94085693359375
2011-11-25,46.5797119140625
2011-11-28,48.20050048828125
2011-11-29,47.9009895324707
2011-11-30,49.671512603759766
2011-12-01,50.01504898071289
2011-12-02,49.87409210205078
2011-12-05,50.42024612426758
2011-12-06,50.27931594848633
2011-12-07,50.27931594848633
2011-12-08,49.433650970458984
2011-12-09,50.2264518737793
2011-12-12,49.66271209716797
2011-12-13,49.116573333740234
2011-12-14,48.35022735595703
2011-12-15,48.21809387207031
2011-12-16,48.46635818481445
2011-12-19,47.989295959472656
2011-12-20,49.411651611328125
2011-12-21,48.704898834228516
2011-12-22,49.12010192871094
2011-12-23,49.54417419433594
2011-12-27,49.72896957397461
2011-12-28,49.15424346923828
2011-12-29,49.50791931152344
2011-12-30,49.36644744873047
2012-01-03,50.31255340576172
2012-01-04,50.52477264404297
2012-01-05,50.94035720825195
2012-01-06,51.11722183227539
2012-01-09,50.94919204711914
2012-01-10,51.320579528808594
2012-01-11,51.42668533325195
2012-01-12,51.63005828857422
2012-01-13,51.444366455078125
2012-01-17,51.91301345825195
2012-01-18,52.60271453857422
2012-01-19,52.929893493652344
2012-01-20,52.85029602050781
2012-01-23,52.86798095703125
2012-01-24,52.770721435546875
2012-01-25,53.43388366699219
2012-01-26,53.24819564819336
2012-01-27,53.4073600769043
2012-01-30,53.45158004760742
2012-01-31,53.522308349609375
2012-02-01,53.9555778503418
2012-02-02,54.123573303222656
2012-02-03,54.8663330078125
2012-02-06,54.82213592529297
2012-02-07,54.937068939208984
2012-02-08,55.22885513305664
2012-02-09,55.626773834228516
2012-02-10,55.23771667480469
2012-02-13,55.75056838989258
2012-02-14,55.89204025268555
2012-02-15,55.50297927856445
2012-02-16,56.26341247558594
2012-02-17,56.0865592956543
2012-02-21,56.245723724365234
2012-02-22,55.98930358886719
2012-02-23,56.360687255859375
2012-02-24,56.55520248413086
2012-02-27,56.63478469848633
2012-02-28,57.20953369140625
2012-02-29,56.95310592651367
2012-03-01,57.40406799316406
2012-03-02,57.35984802246094
2012-03-05,56.76740646362305
2012-03-06,56.21036148071289
2012-03-07,56.643638610839844
2012-03-08,57.25374221801758
2012-03-09,57.49249267578125
2012-03-12,57.5190315246582
2012-03-13,58.588932037353516
2012-03-14,58.79230499267578
2012-03-15,58.96030807495117
2012-03-16,58.91865921020508
2012-03-19,59.334983825683594
2012-03-20,59.441280364990234
2012-03-21,59.450103759765625
2012-03-22,59.326114654541016
2012-03-23,59.29066848754883
2012-03-26,60.32699966430664
2012-03-27,60.415565490722656
2012-03-28,60.176429748535156
2012-03-29,59.94611740112305
2012-03-30,59.83100128173828
2012-04-02,60.45099639892578
2012-04-03,60.43328094482422
2012-04-04,59.60954666137695
2012-04-05,59.981536865234375
2012-04-09,59.529823303222656
2012-04-10,58.57326126098633
2012-04-11,58.856693267822266
2012-04-12,59.529823303222656
2012-04-13,58.626373291015625
2012-04-16,57.970943450927734
2012-04-17,59.14897537231445
2012-04-18,58.9984016418457
2012-04-19,58.33409881591797
2012-04-20,58.17467498779297
2012-04-23,57.64323043823242
2012-04-24,57.333229064941406
2012-04-25,58.856693267822266
2012-04-26,59.202083587646484
2012-04-27,59.55640411376953
2012-04-30,59.13125991821289
2012-05-01,59.22868728637695
2012-05-02,59.39698028564453
2012-05-03,58.76811599731445
2012-05-04,57.30664825439453
2012-05-07,57.359798431396484
2012-05-08,57.14722442626953
2012-05-09,56.970069885253906
2012-05-10,56.85493087768555
2012-05-11,56.8460807800293
2012-05-14,56.31464767456055
2012-05-15,56.12862777709961
2012-05-16,55.74776840209961
2012-05-17,54.56975555419922
2012-05-18,53.86117935180664
2012-05-21,55.36690139770508
2012-05-22,55.304908752441406
2012-05-23,55.411197662353516
2012-05-24,55.04804229736328
2012-05-25,54.97718811035156
2012-05-29,55.67691421508789
2012-05-30,55.20747375488281
2012-05-31,54.96832275390625
2012-06-01,53.50688171386719
2012-06-04,53.914306640625
2012-06-05,54.13573455810547
2012-06-06,55.37575912475586
2012-06-07,55.15433883666992
2012-06-08,55.68578338623047
2012-06-11,54.74689483642578
2012-06-12,55.411197662353516
2012-06-13,55.03032302856445
2012-06-14,55.23405075073242
2012-06-15,55.920291900634766
2012-06-18,56.444068908691406
2012-06-19,57.02998733520508
2012-06-20,57.07438278198242
2012-06-21,55.653953552246094
2012-06-22,56.2398796081543
2012-06-25,55.156803131103516
2012-06-26,55.50303268432617
2012-06-27,55.84038543701172
2012-06-28,55.218955993652344
2012-06-29,56.9589729309082
2012-07-02,57.12763595581055
2012-07-03,57.607032775878906
2012-07-05,57.64255142211914
2012-07-06,56.92347717285156
2012-07-09,56.816932678222656
2012-07-10,56.257633209228516
2012-07-11,55.946937561035156
2012-07-12,55.42314910888672
2012-07-13,56.26651382446289
2012-07-16,56.106712341308594
2012-07-17,56.39969253540039
2012-07-18,57.16316223144531
2012-07-19,57.79347229003906
2012-07-20,57.02998733520508
2012-07-23,56.337547302246094
2012-07-24,55.893653869628906
2012-07-25,55.52079772949219
2012-07-26,56.257633209228516
2012-07-27,57.58927917480469
2012-07-30,57.54490280151367
2012-07-31,57.52714538574219
2012-08-01,57.35844802856445
2012-08-02,57.15427017211914
2012-08-03,58.23736572265625
2012-08-06,58.681236267089844
2012-08-07,59.169498443603516
2012-08-08,59.142879486083984
2012-08-09,59.32040786743164
2012-08-10,59.35591125488281
2012-08-13,59.49796676635742
2012-08-14,59.52462387084961
2012-08-15,59.6755256652832
2012-08-16,60.38573455810547
2012-08-17,60.65205764770508
2012-08-20,60.74082565307617
2012-08-21,60.50114822387695
2012-08-22,60.749752044677734
2012-08-23,60.25257110595703
2012-08-24,60.62543869018555
2012-08-27,60.72309494018555
2012-08-28,60.72309494018555
2012-08-29,60.72309494018555
2012-08-30,60.110565185546875
2012-08-31,60.510009765625
2012-09-04,60.4478759765625
2012-09-05,60.38573455810547
2012-09-06,61.72623825073242
2012-09-07,61.63748550415039
2012-09-10,60.847373962402344
2012-09-11,60.749752044677734
2012-09-12,60.92727279663086
2012-09-13,61.75291442871094
2012-09-14,62.303314208984375
2012-09-17,62.329933166503906
2012-09-18,62.38319778442383
2012-09-19,62.498626708984375
2012-09-20,62.436500549316406
2012-09-21,62.45431137084961
2012-09-24,62.089263916015625
2012-09-25,61.21678924560547
2012-09-26,60.71820831298828
2012-09-27,61.555076599121094
2012-09-28,61.047630310058594
2012-10-01,60.958587646484375
2012-10-02,61.136661529541016
2012-10-03,61.528377532958984
2012-10-04,61.74203872680664
2012-10-05,61.41264724731445
2012-10-08,60.85176086425781
2012-10-09,59.881324768066406
2012-10-10,59.57862091064453
2012-10-11,59.39165496826172
2012-10-12,59.36495590209961
2012-10-15,59.80119705200195
2012-10-16,60.646976470947266
2012-10-17,60.61137008666992
2012-10-18,59.90802764892578
2012-10-19,58.47465896606445
2012-10-22,58.777374267578125
2012-10-23,58.21646499633789
2012-10-24,58.01171875
2012-10-25,58.01171875
2012-10-26,58.18086624145508
2012-10-31,57.82475280761719
2012-11-01,58.64381790161133
2012-11-02,58.020606994628906
2012-11-05,58.4034423828125
2012-11-06,58.51027297973633
2012-11-07,57.13031768798828
2012-11-08,56.23111343383789
2012-11-09,56.471500396728516
2012-11-12,56.46259307861328
2012-11-13,56.07086944580078
2012-11-14,55.412044525146484
2012-11-15,55.22507858276367
2012-11-16,55.4654655456543
2012-11-19,56.78310775756836
2012-11-20,56.80091094970703
2012-11-21,56.9166374206543
2012-11-23,57.78023147583008
2012-11-26,58.029510498046875
2012-11-27,57.83363723754883
2012-11-28,58.33221435546875
2012-11-29,58.67942810058594
2012-11-30,58.58150863647461
2012-12-03,58.46574783325195
2012-12-04,58.430145263671875
2012-12-05,57.78023147583008
2012-12-06,58.154151916503906
2012-12-07,57.80693817138672
2012-12-10,57.97610092163086
2012-12-11,58.73284912109375
2012-12-12,58.608211517333984
2012-12-13,58.14525604248047
2012-12-14,57.59326934814453
2012-12-17,58.35892105102539
2012-12-18,59.24921417236328
2012-12-19,58.991031646728516
2012-12-20,58.991031646728516
2012-12-21,58.3706169128418
2012-12-24,58.25422286987305
2012-12-26,57.74394607543945
2012-12-27,57.65440368652344
2012-12-28,57.09935760498047
2012-12-31,58.307952880859375
2013-01-02,60.1611328125
2013-01-03,59.847774505615234
2013-01-04,59.650840759277344
2013-01-07,59.66873550415039
2013-01-08,59.55234909057617
2013-01-09,59.77616500854492
2013-01-10,60.134254455566406
2013-01-11,60.21482849121094
2013-01-14,59.94624710083008
2013-01-15,59.650840759277344
2013-01-16,59.892555236816406
2013-01-17,60.179046630859375
2013-01-18,60.044742584228516
2013-01-22,60.14320755004883
2013-01-23,60.510284423828125
2013-01-24,59.677703857421875
2013-01-25,59.98208236694336
2013-01-28,60.116371154785156
2013-01-29,60.12533950805664
2013-01-30,59.9999885559082
2013-01-31,59.865684509277344
2013-02-01,60.57295608520508
2013-02-04,59.51655578613281
2013-02-05,60.393898010253906
2013-02-06,60.196922302246094
2013-02-07,60.25065231323242
2013-02-08,60.86835479736328
2013-02-11,60.88629150390625
2013-02-12,60.6356201171875
2013-02-13,60.850467681884766
2013-02-14,60.83259963989258
2013-02-15,60.65353775024414
2013-02-19,61.09218978881836
2013-02-20,60.152198791503906
2013-02-21,59.50759506225586
2013-02-22,60.10741424560547
2013-02-25,59.36434555053711
2013-02-26,59.58815383911133
2013-02-27,60.196922302246094
2013-02-28,60.07160949707031
2013-03-01,60.322265625
2013-03-04,60.590850830078125
2013-03-05,61.48613357543945
2013-03-06,61.33392333984375
2013-03-07,61.495052337646484
2013-03-08,61.566673278808594
2013-03-11,61.74575424194336
2013-03-12,61.52192306518555
2013-03-13,61.441349029541016
2013-03-14,61.64725112915039
2013-03-15,61.47587585449219
2013-03-18,61.341270446777344
2013-03-19,61.224632263183594
2013-03-20,61.65532684326172
2013-03-21,60.95542907714844
2013-03-22,61.54766845703125
2013-03-25,61.32331466674805
2013-03-26,61.65532684326172
2013-03-27,61.7360954284668
2013-03-28,61.8886604309082
2013-04-01,61.466896057128906
2013-04-02,61.95146560668945
2013-04-03,61.38614273071289
2013-04-04,61.40407943725586
2013-04-05,60.89262008666992
2013-04-08,61.215667724609375
2013-04-09,61.62843322753906
2013-04-10,62.830841064453125
2013-04-11,62.803924560546875
2013-04-12,62.7590446472168
2013-04-15,61.52071762084961
2013-04-16,62.3372688293457
2013-04-17,61.116939544677734
2013-04-18,60.2734260559082
2013-04-19,61.0989875793457
2013-04-22,61.72711944580078
2013-04-23,62.319339752197266
2013-04-24,62.292423248291016
2013-04-25,62.624446868896484
2013-04-26,62.427032470703125
2013-04-29,63.00131607055664
2013-04-30,63.458953857421875
2013-05-01,63.1628532409668
2013-05-02,63.961456298828125
2013-05-03,64.71520233154297
2013-05-06,64.96646118164062
2013-05-07,64.93058013916016
2013-05-08,65.24464416503906
2013-05-09,65.15491485595703
2013-05-10,65.54973602294922
2013-05-13,65.63048553466797
2013-05-14,65.97145080566406
2013-05-15,66.10607147216797
2013-05-16,66.0342788696289
2013-05-17,66.67141723632812
2013-05-20,66.57268524169922
2013-05-21,66.64447021484375
2013-05-22,66.06119537353516
2013-05-23,65.90865325927734
2013-05-24,65.87274932861328
2013-05-28,66.30347442626953
2013-05-29,65.98944854736328
2013-05-30,66.33937072753906
2013-05-31,65.72918701171875
2013-06-03,65.8458023071289
2013-06-04,65.50483703613281
2013-06-05,64.65241241455078
2013-06-06,64.96646118164062
2013-06-07,65.85482788085938
2013-06-10,65.88172912597656
2013-06-11,65.2266845703125
2013-06-12,64.47293090820312
2013-06-13,65.28951263427734
2013-06-14,64.85874938964844
2013-06-17,65.4869155883789
2013-06-18,66.02530670166016
2013-06-19,65.28951263427734
2013-06-20,63.73715591430664
2013-06-21,63.39867401123047
2013-06-24,62.76854705810547
2013-06-25,63.22764205932617
2013-06-26,63.794742584228516
2013-06-27,64.06478881835938
2013-06-28,64.15482330322266
2013-07-01,64.5508804321289
2013-07-02,64.57788848876953
2013-07-03,64.83892822265625
2013-07-05,65.33399963378906
2013-07-08,65.39704895019531
2013-07-09,65.7931137084961
2013-07-10,66.17117309570312
2013-07-11,67.48539733886719
2013-07-12,67.7824935913086
2013-07-15,67.93549346923828
2013-07-16,67.84548950195312
2013-07-17,68.0165023803711
2013-07-18,67.84548950195312
2013-07-19,67.14337158203125
2013-07-22,67.34138488769531
2013-07-23,66.84630584716797
2013-07-24,67.06231689453125
2013-07-25,67.48539733886719
2013-07-26,67.84548950195312
2013-07-29,67.71944427490234
2013-07-30,68.07954406738281
2013-07-31,68.20555877685547
2013-08-01,68.89868927001953
2013-08-02,69.2857437133789
2013-08-05,69.33077239990234
2013-08-06,68.91670989990234
2013-08-07,68.79065704345703
2013-08-08,69.13273620605469
2013-08-09,68.85368347167969
2013-08-12,69.0157241821289
2013-08-13,69.40277862548828
2013-08-14,69.14175415039062
2013-08-15,67.97150421142578
2013-08-16,67.94447326660156
2013-08-19,67.82747650146484
2013-08-20,68.12456512451172
2013-08-21,67.89048767089844
2013-08-22,68.55660247802734
2013-08-23,69.0157241821289
2013-08-26,69.05171203613281
2013-08-27,67.638427734375
2013-08-28,67.89946746826172
2013-08-29,68.37659454345703
2013-08-30,67.93549346923828
2013-09-03,68.32257080078125
2013-09-04,69.05171203613281
2013-09-05,69.1687240600586
2013-09-06,69.24974822998047
2013-09-09,70.05990600585938
2013-09-10,70.40196228027344
2013-09-11,70.26689910888672
2013-09-12,70.22191619873047
2013-09-13,70.26689910888672
2013-09-16,70.07788848876953
2013-09-17,70.54598236083984
2013-09-18,71.39213562011719
2013-09-19,71.56317901611328
2013-09-20,71.31757354736328
2013-09-23,71.17310333251953
2013-09-24,71.17310333251953
2013-09-25,70.92936706542969
2013-09-26,71.4801254272461
2013-09-27,71.38983917236328
2013-09-30,71.21827697753906
2013-10-01,71.94054412841797
2013-10-02,71.91350555419922
2013-10-03,71.07381439208984
2013-10-04,71.68778228759766
2013-10-07,71.09188079833984
2013-10-08,69.71951293945312
2013-10-09,69.5028305053711
2013-10-10,70.97450256347656
2013-10-11,71.53428649902344
2013-10-14,72.03990173339844
2013-10-15,71.75999450683594
2013-10-16,72.57257843017578
2013-10-17,72.98789978027344
2013-10-18,74.17064666748047
2013-10-21,74.33316040039062
2013-10-22,74.44152069091797
2013-10-23,73.99008178710938
2013-10-24,74.31507873535156
2013-10-25,74.84782409667969
2013-10-28,74.8658676147461
2013-10-29,74.99226379394531
2013-10-30,74.9200210571289
2013-10-31,74.74848175048828
2013-11-01,74.76654815673828
2013-11-04,74.8749008178711
2013-11-05,74.95614624023438
2013-11-06,74.93809509277344
2013-11-07,73.52960205078125
2013-11-08,74.52275848388672
2013-11-11,74.40540313720703
2013-11-12,74.52275848388672
2013-11-13,75.42562103271484
2013-11-14,75.66036224365234
2013-11-15,75.8048324584961
2013-11-18,75.06451416015625
2013-11-19,74.84782409667969
2013-11-20,74.66722869873047
2013-11-21,75.42562103271484
2013-11-22,75.83191680908203
2013-11-25,76.01251983642578
2013-11-26,76.4097671508789
2013-11-27,76.94244384765625
2013-11-29,77.40291595458984
2013-12-02,77.17720031738281
2013-12-03,77.11398315429688
2013-12-04,77.18620300292969
2013-12-05,77.0869140625
2013-12-06,77.64669799804688
2013-12-09,77.96269989013672
2013-12-10,77.90850830078125
2013-12-11,76.90633392333984
2013-12-12,76.70769500732422
2013-12-13,76.60838317871094
2013-12-16,77.03274536132812
2013-12-17,76.87925720214844
2013-12-18,77.77308654785156
2013-12-19,77.55642700195312
2013-12-20,78.34622192382812
2013-12-23,79.17044067382812
2013-12-24,79.2066650390625
2013-12-26,79.46932983398438
2013-12-27,79.27006530761719
2013-12-30,79.15230560302734
2013-12-31,79.66857147216797
2014-01-02,79.04362487792969
2014-01-03,78.4729995727539
2014-01-06,78.18315887451172
2014-01-07,78.90778350830078
2014-01-08,79.07987213134766
2014-01-09,78.81718444824219
2014-01-10,79.07083129882812
2014-01-13,77.90240478515625
2014-01-14,79.38785552978516
2014-01-15,80.0399398803711
2014-01-16,80.04899597167969
2014-01-17,79.59611511230469
2014-01-21,80.20296478271484
2014-01-22,80.41130065917969
2014-01-23,80.13956451416016
2014-01-24,78.5635757446289
2014-01-27,77.80278778076172
2014-01-28,77.75746154785156
2014-01-29,76.9242172241211
2014-01-30,78.34622192382812
2014-01-31,78.13787078857422
2014-02-03,76.34454345703125
2014-02-04,76.9061279296875
2014-02-05,76.70684814453125
2014-02-06,77.68502807617188
2014-02-07,79.07083129882812
2014-02-10,79.52366638183594
2014-02-11,80.42941284179688
2014-02-12,80.58338165283203
2014-02-13,81.1811752319336
2014-02-14,81.34419250488281
2014-02-18,81.74272155761719
2014-02-19,81.1811752319336
2014-02-20,81.56159973144531
2014-02-21,81.45292663574219
2014-02-24,81.8876724243164
2014-02-25,81.79705047607422
2014-02-26,81.7246322631836
2014-02-27,82.2548599243164
2014-02-28,82.16390228271484
2014-03-03,81.55451202392578
2014-03-04,82.59134674072266
2014-03-05,82.8187484741211
2014-03-06,82.74596405029297
2014-03-07,82.33670806884766
2014-03-10,82.40943908691406
2014-03-11,82.05476379394531
2014-03-12,82.36398315429688
2014-03-13,81.1998291015625
2014-03-14,80.64503479003906
2014-03-17,81.35445404052734
2014-03-18,82.33670806884766
2014-03-19,81.89104461669922
2014-03-20,82.118408203125
2014-03-21,81.13027954101562
2014-03-24,80.41923522949219
2014-03-25,80.6836166381836
2014-03-26,79.64439392089844
2014-03-27,79.19773864746094
2014-03-28,79.35271453857422
2014-03-31,79.91788482666016
2014-04-01,81.32170867919922
2014-04-02,81.53138732910156
2014-04-03,80.88414001464844
2014-04-04,78.73282623291016
2014-04-07,77.9853515625
2014-04-08,78.70549774169922
2014-04-09,80.05460357666016
2014-04-10,77.57514953613281
2014-04-11,76.67266845703125
2014-04-14,77.27429962158203
2014-04-15,77.5295639038086
2014-04-16,78.55963897705078
2014-04-17,78.57788848876953
2014-04-21,79.16128540039062
2014-04-22,79.790283203125
2014-04-23,79.0883560180664
2014-04-24,79.8449478149414
2014-04-25,78.56874084472656
2014-04-28,78.8239974975586
2014-04-29,79.45296478271484
2014-04-30,79.66264343261719
2014-05-01,79.8996810913086
2014-05-02,79.75379180908203
2014-05-05,80.17311096191406
2014-05-06,79.1339111328125
2014-05-07,78.90599822998047
2014-05-08,78.8331069946289
2014-05-09,79.12483978271484
2014-05-12,80.42835235595703
2014-05-13,80.4830551147461
2014-05-14,80.06376647949219
2014-05-15,79.43475341796875
2014-05-16,79.95435333251953
2014-05-19,80.51041412353516
2014-05-20,80.21871185302734
2014-05-21,80.98441314697266
2014-05-22,81.33995056152344
2014-05-23,81.93244934082031
2014-05-27,82.95342254638672
2014-05-28,82.69817352294922
2014-05-29,83.2269058227539
2014-05-30,83.23600006103516
2014-06-02,83.15396118164062
2014-06-03,83.11752319335938
2014-06-04,83.42743682861328
2014-06-05,84.1293716430664
2014-06-06,84.61248779296875
2014-06-09,84.54869842529297
2014-06-10,84.69453430175781
2014-06-11,84.67630767822266
2014-06-12,83.91059112548828
2014-06-13,84.1567153930664
2014-06-16,84.2296371459961
2014-06-17,84.27522277832031
2014-06-18,84.74922943115234
2014-06-19,84.69453430175781
2014-06-20,84.79415893554688
2014-06-23,84.81243133544922
2014-06-24,84.73017883300781
2014-06-25,85.26946258544922
2014-06-26,85.31515502929688
2014-06-27,85.6899185180664
2014-06-30,85.8361587524414
2014-07-01,86.77759552001953
2014-07-02,86.92386627197266
2014-07-03,87.47225952148438
2014-07-07,87.20720672607422
2014-07-08,86.15606689453125
2014-07-09,86.7958755493164
2014-07-10,86.52168273925781
2014-07-11,87.07923889160156
2014-07-14,87.60022735595703
2014-07-15,87.29859924316406
2014-07-16,87.64591217041016
2014-07-17,86.48511505126953
2014-07-18,87.85615539550781
2014-07-21,87.74646759033203
2014-07-22,88.30403137207031
2014-07-23,88.8707275390625
2014-07-24,88.77018737792969
2014-07-25,88.42286682128906
2014-07-28,88.45027923583984
2014-07-29,88.29486083984375
2014-07-30,88.64225769042969
2014-07-31,86.85072326660156
2014-08-01,86.53082275390625
2014-08-04,87.12495422363281
2014-08-05,86.45771026611328
2014-08-06,86.39371490478516
2014-08-07,86.1195297241211
2014-08-08,86.74105072021484
2014-08-11,87.25287628173828
2014-08-12,87.21633911132812
2014-08-13,88.13948822021484
2014-08-14,88.5965347290039
2014-08-15,89.02608489990234
2014-08-18,89.7116470336914
2014-08-19,90.21432495117188
2014-08-20,90.21432495117188
2014-08-21,90.39715576171875
2014-08-22,90.53424835205078
2014-08-25,90.85415649414062
2014-08-26,90.94554138183594
2014-08-27,90.9638442993164
2014-08-28,90.86331176757812
2014-08-29,91.20149230957031
2014-09-02,91.46656036376953
2014-09-03,90.92727661132812
2014-09-04,90.84504699707031
2014-09-05,91.30204772949219
2014-09-08,91.47569274902344
2014-09-09,90.717041015625
2014-09-10,91.46656036376953
2014-09-11,91.39346313476562
2014-09-12,90.92727661132812
2014-09-15,90.04981994628906
2014-09-16,90.83587646484375
2014-09-17,90.97296905517578
2014-09-18,91.65850830078125
2014-09-19,91.60169219970703
2014-09-22,90.7496337890625
2014-09-23,90.50225830078125
2014-09-24,91.47341918945312
2014-09-25,89.54940795898438
2014-09-26,90.50225830078125
2014-09-29,90.3831558227539
2014-09-30,90.51141357421875
2014-10-01,89.06380462646484
2014-10-02,89.06380462646484
2014-10-03,89.9433822631836
2014-10-06,89.7509994506836
2014-10-07,88.4774398803711
2014-10-08,90.1999282836914
2014-10-09,88.7431411743164
2014-10-10,86.52595520019531
2014-10-13,85.16996002197266
2014-10-14,85.17913055419922
2014-10-15,84.62940216064453
2014-10-16,84.0980224609375
2014-10-17,85.20661926269531
2014-10-20,86.48014068603516
2014-10-21,88.7523422241211
2014-10-22,88.2942123413086
2014-10-23,89.6227035522461
2014-10-24,90.35562896728516
2014-10-27,90.4197998046875
2014-10-28,91.7849349975586
2014-10-29,91.4459457397461
2014-10-30,91.63834381103516
2014-10-31,92.90270233154297
2014-11-03,93.17755889892578
2014-11-04,92.86604309082031
2014-11-05,92.87519836425781
2014-11-06,93.16841125488281
2014-11-07,93.08595275878906
2014-11-10,93.41578674316406
2014-11-11,93.70895385742188
2014-11-12,93.87385559082031
2014-11-13,94.27699279785156
2014-11-14,94.57017517089844
2014-11-17,94.28617858886719
2014-11-18,94.99163055419922
2014-11-19,94.56101989746094
2014-11-20,94.98245239257812
2014-11-21,95.16574096679688
2014-11-24,95.9078369140625
2014-11-25,96.05442810058594
2014-11-26,96.67745208740234
2014-11-28,97.12638854980469
2014-12-01,96.02694702148438
2014-12-02,96.4117202758789
2014-12-03,96.5858154296875
2014-12-04,96.53998565673828
2014-12-05,96.54915618896484
2014-12-08,95.86202239990234
2014-12-09,96.16434478759766
2014-12-10,94.65265655517578
2014-12-11,95.10159301757812
2014-12-12,94.0662612915039
2014-12-15,93.0950927734375
2014-12-16,91.60169219970703
2014-12-17,93.26918029785156
2014-12-18,95.51387786865234
2014-12-19,95.9341049194336
2014-12-22,96.17324829101562
2014-12-23,95.83297729492188
2014-12-24,95.91576385498047
2014-12-26,96.59623718261719
2014-12-29,96.57782745361328
2014-12-30,95.9341049194336
2014-12-31,94.95013427734375
2015-01-02,94.66505432128906
2015-01-05,93.27644348144531
2015-01-06,92.02576446533203
2015-01-07,93.21208190917969
2015-01-08,94.99613952636719
2015-01-09,94.37077331542969
2015-01-12,93.38681030273438
2015-01-13,93.35921478271484
2015-01-14,92.84423065185547
2015-01-15,91.63953399658203
2015-01-16,92.71549987792969
2015-01-20,93.45117950439453
2015-01-21,93.92937469482422
2015-01-22,95.66744995117188
2015-01-23,95.87895202636719
2015-01-26,95.76860046386719
2015-01-27,93.28562927246094
2015-01-28,92.80744171142578
2015-01-29,93.6994857788086
2015-01-30,92.97297668457031
2015-02-02,93.78224182128906
2015-02-03,94.68346405029297
2015-02-04,94.60069274902344
2015-02-05,95.4191665649414
2015-02-06,94.83977508544922
2015-02-09,94.53630065917969
2015-02-10,96.00769805908203
2015-02-11,96.35714721679688
2015-02-12,97.47911071777344
2015-02-13,98.31591796875
2015-02-17,98.40788269042969
2015-02-18,98.54582977294922
2015-02-19,99.03323364257812
2015-02-20,99.69535827636719
2015-02-23,99.79651641845703
2015-02-24,99.87008666992188
2015-02-25,99.62177276611328
2015-02-26,100.12757873535156
2015-02-27,99.6861801147461
2015-03-02,100.58736419677734
2015-03-03,100.11836242675781
2015-03-04,99.73214721679688
2015-03-05,99.90686798095703
2015-03-06,98.7757568359375
2015-03-09,99.06082916259766
2015-03-10,97.22159576416016
2015-03-11,96.66059875488281
2015-03-12,97.295166015625
2015-03-13,96.87212371826172
2015-03-16,98.1228256225586
2015-03-17,98.2791519165039
2015-03-18,99.24474334716797
2015-03-19,99.39189147949219
2015-03-20,100.03524780273438
2015-03-23,99.84166717529297
2015-03-24,99.48222351074219
2015-03-25,97.2055435180664
2015-03-26,96.87371826171875
2015-03-27,97.26083374023438
2015-03-30,98.37614440917969
2015-03-31,97.33456420898438
2015-04-01,96.82762145996094
2015-04-02,96.89214324951172
2015-04-06,97.68482971191406
2015-04-07,97.51895141601562
2015-04-08,98.29317474365234
2015-04-09,98.91073608398438
2015-04-10,99.3162841796875
2015-04-13,99.06741333007812
2015-04-14,98.78168487548828
2015-04-15,99.39924621582031
2015-04-16,99.26097869873047
2015-04-17,97.71249389648438
2015-04-20,99.17804718017578
2015-04-21,99.60205078125
2015-04-22,100.14584350585938
2015-04-23,100.52375793457031
2015-04-24,101.887939453125
2015-04-27,101.62985229492188
2015-04-28,101.42707824707031
2015-04-29,100.79106903076172
2015-04-30,99.20569610595703
2015-05-01,100.51455688476562
2015-05-04,100.68045806884766
2015-05-05,99.03977966308594
2015-05-06,98.35770416259766
2015-05-07,98.94762420654297
2015-05-08,100.18274688720703
2015-05-11,99.79556274414062
2015-05-12,99.34395599365234
2015-05-13,99.54673767089844
2015-05-14,101.00306701660156
2015-05-15,101.00306701660156
2015-05-18,101.44551086425781
2015-05-19,101.33492279052734
2015-05-20,101.39939880371094
2015-05-21,101.92477416992188
2015-05-22,101.82340240478516
2015-05-26,100.65280151367188
2015-05-27,102.27505493164062
2015-05-28,102.04460144042969
2015-05-29,101.436279296875
2015-06-01,101.77733612060547
2015-06-02,101.4547119140625
2015-06-03,101.75890350341797
2015-06-04,100.984619140625
2015-06-05,100.74501037597656
2015-06-08,99.72185516357422
2015-06-09,99.55595397949219
2015-06-10,100.92012786865234
2015-06-11,101.06758880615234
2015-06-12,100.23800659179688
2015-06-15,99.74028778076172
2015-06-16,100.28412628173828
2015-06-17,100.56066131591797
2015-06-18,102.02618408203125
2015-06-19,101.52177429199219
2015-06-22,102.27011108398438
2015-06-23,102.35320281982422
2015-06-24,101.8266372680664
2015-06-25,101.62340545654297
2015-06-26,100.94898223876953
2015-06-29,98.56544494628906
2015-06-30,98.9165267944336
2015-07-01,99.70176696777344
2015-07-02,99.72948455810547
2015-07-06,99.49854278564453
2015-07-07,99.74799346923828
2015-07-08,98.01113891601562
2015-07-09,97.95570373535156
2015-07-10,99.45232391357422
2015-07-13,101.19841003417969
2015-07-14,101.86360168457031
2015-07-15,101.97444915771484
2015-07-16,103.41565704345703
2015-07-17,104.93999481201172
2015-07-20,105.3003158569336
2015-07-21,105.23564910888672
2015-07-22,104.04385375976562
2015-07-23,103.65583038330078
2015-07-24,102.63961791992188
2015-07-27,101.78966522216797
2015-07-28,102.6673355102539
2015-07-29,103.05532836914062
2015-07-30,103.54498291015625
2015-07-31,103.42489624023438
2015-08-03,103.1015396118164
2015-08-04,102.90752410888672
2015-08-05,103.7020492553711
2015-08-06,102.03910064697266
2015-08-07,101.90977478027344
2015-08-10,103.0738296508789
2015-08-11,101.75274658203125
2015-08-12,102.1037826538086
2015-08-13,101.93749237060547
2015-08-14,102.09454345703125
2015-08-17,102.9444808959961
2015-08-18,102.41787719726562
2015-08-19,101.74347686767578
2015-08-20,98.92575073242188
2015-08-21,94.60214233398438
2015-08-24,90.96217346191406
2015-08-25,90.62035369873047
2015-08-26,95.18415069580078
2015-08-27,97.59540557861328
2015-08-28,97.57691192626953
2015-08-31,96.36669921875
2015-09-01,93.35494995117188
2015-09-02,95.9879150390625
2015-09-03,95.5167236328125
2015-09-04,94.38041687011719
2015-09-08,97.0411148071289
2015-09-09,95.95095825195312
2015-09-10,96.99490356445312
2015-09-11,97.53077697753906
2015-09-14,97.23509979248047
2015-09-15,98.38068389892578
2015-09-16,98.93496704101562
2015-09-17,98.97196960449219
2015-09-18,97.56429290771484
2015-09-21,97.86988067626953
2015-09-22,96.40666961669922
2015-09-23,96.48075866699219
2015-09-24,96.12885284423828
2015-09-25,95.3138656616211
2015-09-28,92.60039520263672
2015-09-29,92.11885070800781
2015-09-30,94.23956298828125
2015-10-01,94.66558074951172
2015-10-02,96.32330322265625
2015-10-05,97.70319366455078
2015-10-06,97.24014282226562
2015-10-07,97.82359313964844
2015-10-08,98.2125473022461
2015-10-09,98.65706634521484
2015-10-12,98.89788055419922
2015-10-13,98.25884246826172
2015-10-14,98.10139465332031
2015-10-15,99.71282196044922
2015-10-16,100.12957000732422
2015-10-19,100.70374298095703
2015-10-20,100.18511199951172
2015-10-21,99.57392120361328
2015-10-22,101.60205841064453
2015-10-23,104.44514465332031
2015-10-26,104.5099868774414
2015-10-27,104.72298431396484
2015-10-28,105.5935287475586
2015-10-29,105.42683410644531
2015-10-30,104.95453643798828
2015-11-02,106.13996124267578
2015-11-03,106.51036834716797
2015-11-04,106.51963806152344
2015-11-05,106.23255157470703
2015-11-06,106.30661010742188
2015-11-09,105.17678833007812
2015-11-10,104.90819549560547
2015-11-11,104.77857208251953
2015-11-12,103.75985717773438
2015-11-13,101.72244262695312
2015-11-16,103.18568420410156
2015-11-17,103.25053405761719
2015-11-18,105.23237609863281
2015-11-19,105.30645751953125
2015-11-20,106.01954650878906
2015-11-23,105.71391296386719
2015-11-24,105.62132263183594
2015-11-25,105.71391296386719
2015-11-27,105.86210632324219
2015-11-30,105.5935287475586
2015-12-01,106.64929962158203
2015-12-02,105.99176788330078
2015-12-03,104.19515228271484
2015-12-04,106.63075256347656
2015-12-07,106.1491928100586
2015-12-08,106.15843963623047
2015-12-09,104.54705047607422
2015-12-10,105.01934814453125
2015-12-11,102.60221862792969
2015-12-14,103.3801498413086
2015-12-15,104.00991821289062
2015-12-16,105.55650329589844
2015-12-17,104.01917266845703
2015-12-18,102.02383422851562
2015-12-21,103.15711975097656
2015-12-22,103.83527374267578
2015-12-23,104.60624694824219
2015-12-24,104.58768463134766
2015-12-28,104.53192138671875
2015-12-29,106.1761245727539
2015-12-30,105.21930694580078
2015-12-31,103.90958404541016
2016-01-04,101.71730041503906
2016-01-05,101.5407943725586
2016-01-06,100.56543731689453
2016-01-07,97.41635131835938
2016-01-08,96.61749267578125
2016-01-11,96.91474151611328
2016-01-12,98.0387191772461
2016-01-13,94.65745544433594
2016-01-14,96.67322540283203
2016-01-15,93.67278289794922
2016-01-19,93.87716674804688
2016-01-20,93.58919525146484
2016-01-21,93.68209075927734
2016-01-22,96.39453125
2016-01-25,94.96399688720703
2016-01-26,95.81864929199219
2016-01-27,93.43128967285156
2016-01-28,94.75033569335938
2016-01-29,96.72895812988281
2016-02-01,96.98906707763672
2016-02-02,94.88968658447266
2016-02-03,94.43452453613281
2016-02-04,94.42524719238281
2016-02-05,91.14613342285156
2016-02-08,89.75271606445312
2016-02-09,89.47402954101562
2016-02-10,89.81775665283203
2016-02-11,89.6877212524414
2016-02-12,91.05323791503906
2016-02-16,93.10615539550781
2016-02-17,95.21482849121094
2016-02-18,94.12796783447266
2016-02-19,94.40665435791016
2016-02-22,95.93938446044922
2016-02-23,94.36019897460938
2016-02-24,95.26126098632812
2016-02-25,96.19947814941406
2016-02-26,96.07870483398438
2016-02-29,95.21482849121094
2016-03-01,98.27098083496094
2016-03-02,98.30814361572266
2016-03-03,98.12236022949219
2016-03-04,98.1595230102539
2016-03-07,97.5556869506836
2016-03-08,96.74754333496094
2016-03-09,97.36988067626953
2016-03-10,97.22127532958984
2016-03-11,98.9212417602539
2016-03-14,99.08843231201172
2016-03-15,99.05128479003906
2016-03-16,99.93374633789062
2016-03-17,99.8780288696289
2016-03-18,100.0345458984375
2016-03-21,100.42584228515625
2016-03-22,100.73329162597656
2016-03-23,99.90409851074219
2016-03-24,99.93206024169922
2016-03-28,99.79232788085938
2016-03-29,101.394775390625
2016-03-30,101.8885726928711
2016-03-31,101.739501953125
2016-04-01,102.82026672363281
2016-04-04,102.428955078125
2016-04-05,101.44139099121094
2016-04-06,103.10906219482422
2016-04-07,101.62771606445312
2016-04-08,101.55316162109375
2016-04-11,101.18052673339844
2016-04-12,102.02833557128906
2016-04-13,103.33270263671875
2016-04-14,103.34196472167969
2016-04-15,103.08112335205078
2016-04-18,103.63084411621094
2016-04-19,102.997314453125
2016-04-20,103.08112335205078
2016-04-21,103.0904312133789
2016-04-22,101.53453826904297
2016-04-25,101.53453826904297
2016-04-26,101.040771484375
2016-04-27,100.23018646240234
2016-04-28,99.01901245117188
2016-04-29,98.49728393554688
2016-05-02,99.42893981933594
2016-05-03,98.50657653808594
2016-05-04,97.873046875
2016-05-05,97.84508514404297
2016-05-06,98.36682891845703
2016-05-09,98.64633178710938
2016-05-10,99.99725341796875
2016-05-11,99.09355926513672
2016-05-12,98.65567016601562
2016-05-13,98.29229736328125
2016-05-16,99.52212524414062
2016-05-17,98.273681640625
2016-05-18,98.62770080566406
2016-05-19,98.1152572631836
2016-05-20,99.1960220336914
2016-05-23,99.06561279296875
2016-05-24,101.05005645751953
2016-05-25,101.77680206298828
2016-05-26,102.07492065429688
2016-05-27,102.60596466064453
2016-05-31,102.80162811279297
2016-06-01,102.81095123291016
2016-06-02,103.02526092529297
2016-06-03,102.54077911376953
2016-06-06,102.91343688964844
2016-06-07,102.65255737304688
2016-06-08,102.82958221435547
2016-06-09,102.66187286376953
2016-06-10,101.49728393554688
2016-06-13,100.64946746826172
2016-06-14,100.64946746826172
2016-06-15,100.3606185913086
2016-06-16,100.65876770019531
2016-06-17,99.47893524169922
2016-06-20,100.10480499267578
2016-06-21,100.42241668701172
2016-06-22,100.17953491210938
2016-06-23,101.60877990722656
2016-06-24,97.42376708984375
2016-06-27,95.49004364013672
2016-06-28,97.58256530761719
2016-06-29,99.31076049804688
2016-06-30,100.45979309082031
2016-07-01,100.96424865722656
2016-07-05,100.34766387939453
2016-07-06,101.16973876953125
2016-07-07,101.46868133544922
2016-07-08,103.0380630493164
2016-07-11,103.62660217285156
2016-07-12,104.14974212646484
2016-07-13,103.89750671386719
2016-07-14,104.60747528076172
2016-07-15,104.43932342529297
2016-07-18,105.13058471679688
2016-07-19,104.74760437011719
2016-07-20,105.97134399414062
2016-07-21,105.72845458984375
2016-07-22,106.1675033569336
2016-07-25,106.17687225341797
2016-07-26,106.29830169677734
2016-07-27,107.03628540039062
2016-07-28,107.40994262695312
2016-07-29,107.64350891113281
2016-08-01,108.21331787109375
2016-08-02,107.39124298095703
2016-08-03,107.7462387084961
2016-08-04,108.05453491210938
2016-08-05,109.09143829345703
2016-08-08,108.97001647949219
2016-08-09,109.22220611572266
2016-08-10,108.94198608398438
2016-08-11,109.40906524658203
2016-08-12,109.48381042480469
2016-08-15,109.95087432861328
2016-08-16,109.34366607666016
2016-08-17,109.53985595703125
2016-08-18,109.56787872314453
2016-08-19,109.53985595703125
2016-08-22,109.62393951416016
2016-08-23,109.82009887695312
2016-08-24,109.11012268066406
2016-08-25,108.93265533447266
2016-08-26,109.09143829345703
2016-08-29,109.24095153808594
2016-08-30,108.88594055175781
2016-08-31,108.77383422851562
2016-09-01,109.0540771484375
2016-09-02,109.40906524658203
2016-09-06,110.09100341796875
2016-09-07,110.15638732910156
2016-09-08,109.51180267333984
2016-09-09,106.75604248046875
2016-09-12,108.67105102539062
2016-09-13,107.69953918457031
2016-09-14,108.21331787109375
2016-09-15,109.89482879638672
2016-09-16,109.84236907958984
2016-09-19,109.36477661132812
2016-09-20,109.57081604003906
2016-09-21,110.64777374267578
2016-09-22,111.52806854248047
2016-09-23,110.81636047363281
2016-09-26,109.88919067382812
2016-09-27,110.9755630493164
2016-09-28,111.1628646850586
2016-09-29,110.3574447631836
2016-09-30,111.18156433105469
2016-10-03,111.02235412597656
2016-10-04,110.85379791259766
2016-10-05,111.24713134765625
2016-10-06,111.19095611572266
2016-10-07,110.94744110107422
2016-10-10,111.64982604980469
2016-10-11,110.05775451660156
2016-10-12,109.964111328125
2016-10-13,109.57081604003906
2016-10-14,109.70191192626953
2016-10-17,109.40223693847656
2016-10-18,110.37621307373047
2016-10-19,110.36681365966797
2016-10-20,110.23573303222656
2016-10-21,110.64777374267578
2016-10-24,111.97759246826172
2016-10-25,111.62174987792969
2016-10-26,110.86317443847656
2016-10-27,110.3574447631836
2016-10-28,109.66445922851562
2016-10-31,109.56144714355469
2016-11-01,108.73728942871094
2016-11-02,107.8663558959961
2016-11-03,106.80809783935547
2016-11-04,106.43353271484375
2016-11-07,108.96205139160156
2016-11-08,109.67383575439453
2016-11-09,110.17950439453125
2016-11-10,108.400146484375
2016-11-11,108.44698333740234
2016-11-14,107.35127258300781
2016-11-15,108.8403091430664
2016-11-16,109.48651885986328
2016-11-17,110.28254699707031
2016-11-18,109.87047576904297
2016-11-21,111.01301574707031
2016-11-22,111.35015106201172
2016-11-23,110.90064239501953
2016-11-25,111.25648498535156
2016-11-28,111.00365447998047
2016-11-29,111.38761901855469
2016-11-30,110.0390625
2016-12-01,108.137939453125
2016-12-02,108.35334014892578
2016-12-05,109.1961898803711
2016-12-06,109.45844268798828
2016-12-07,110.84445190429688
2016-12-08,111.04108428955078
2016-12-09,111.91204071044922
2016-12-12,111.4063491821289
2016-12-13,112.81108856201172
2016-12-14,112.57698059082031
2016-12-15,112.75491333007812
2016-12-16,112.33695220947266
2016-12-19,112.79717254638672
2016-12-20,113.22923278808594
2016-12-21,113.14471435546875
2016-12-22,112.8253402709961
2016-12-23,112.90046691894531
2016-12-27,113.48283386230469
2016-12-28,112.59993743896484
2016-12-29,112.44026184082031
2016-12-30,111.28495788574219
2017-01-03,112.28057098388672
2017-01-04,112.89110565185547
2017-01-05,113.52982330322266
2017-01-06,114.52544403076172
2017-01-09,114.90113830566406
2017-01-10,115.15474700927734
2017-01-11,115.46467590332031
2017-01-12,115.28626251220703
2017-01-13,115.68075561523438
2017-01-17,115.33320617675781
2017-01-18,115.56803131103516
2017-01-19,115.51166534423828
2017-01-20,115.7652816772461
2017-01-23,115.85917663574219
2017-01-24,116.6388168334961
2017-01-25,117.81288146972656
2017-01-26,117.9349594116211
2017-01-27,118.16043853759766
2017-01-30,117.23992919921875
2017-01-31,117.005126953125
2017-02-01,117.81288146972656
2017-02-02,117.70956420898438
2017-02-03,118.04772186279297
2017-02-06,118.18859100341797
2017-02-07,118.62065887451172
2017-02-08,118.81790161132812
2017-02-09,119.24998474121094
2017-02-10,119.64446258544922
2017-02-13,120.32072448730469
2017-02-14,120.72462463378906
2017-02-15,121.43846893310547
2017-02-16,121.4009017944336
2017-02-17,121.92689514160156
2017-02-21,122.52799224853516
2017-02-22,122.57500457763672
2017-02-23,122.11475372314453
2017-02-24,122.34957885742188
2017-02-27,122.4998550415039
2017-02-28,122.1241683959961
2017-03-01,123.45791625976562
2017-03-02,122.83800506591797
2017-03-03,123.06343841552734
2017-03-06,122.79106140136719
2017-03-07,122.58439636230469
2017-03-08,122.80043029785156
2017-03-09,122.89436340332031
2017-03-10,123.41093444824219
2017-03-13,123.61759948730469
2017-03-14,123.31703186035156
2017-03-15,124.0778579711914
2017-03-16,123.99327087402344
2017-03-17,123.94998931884766
2017-03-20,124.06295013427734
2017-03-21,122.18051147460938
2017-03-22,123.00877380371094
2017-03-23,122.69815826416016
2017-03-24,122.95228576660156
2017-03-27,123.14997863769531
2017-03-28,123.9029769897461
2017-03-29,124.47709655761719
2017-03-30,124.68416595458984
2017-03-31,124.59944152832031
2017-04-03,124.5241470336914
2017-04-04,124.72181701660156
2017-04-05,124.21354675292969
2017-04-06,124.27947235107422
2017-04-07,124.21354675292969
2017-04-10,124.26060485839844
2017-04-11,123.7240982055664
2017-04-12,123.22525787353516
2017-04-13,122.7358169555664
2017-04-17,123.75235748291016
2017-04-18,123.5640869140625
2017-04-19,123.76175689697266
2017-04-20,124.79708862304688
2017-04-21,124.76886749267578
2017-04-24,126.27481842041016
2017-04-25,127.18779754638672
2017-04-26,127.00898742675781
2017-04-27,127.77139282226562
2017-04-28,127.99730682373047
2017-05-01,129.1361541748047
2017-05-02,129.35264587402344
2017-05-03,128.93849182128906
2017-05-04,128.9855499267578
2017-05-05,129.45616149902344
2017-05-08,129.73849487304688
2017-05-09,130.1903533935547
2017-05-10,130.26559448242188
2017-05-11,130.1620635986328
2017-05-12,130.45388793945312
2017-05-15,130.8679962158203
2017-05-16,131.4138946533203
2017-05-17,128.0725860595703
2017-05-18,129.1925811767578
2017-05-19,129.73849487304688
2017-05-22,130.83035278320312
2017-05-23,130.96214294433594
2017-05-24,131.56448364257812
2017-05-25,132.6846160888672
2017-05-26,132.9198760986328
2017-05-30,133.03285217285156
2017-05-31,132.98577880859375
2017-06-01,133.50347900390625
2017-06-02,135.0282440185547
2017-06-05,135.0
2017-06-06,134.46348571777344
2017-06-07,134.99058532714844
2017-06-08,135.1317901611328
2017-06-09,131.75274658203125
2017-06-12,131.04684448242188
2017-06-13,132.11041259765625
2017-06-14,131.53628540039062
2017-06-15,130.9527587890625
2017-06-16,130.38455200195312
2017-06-19,132.56472778320312
2017-06-20,131.5265350341797
2017-06-21,132.8289794921875
2017-06-22,132.79124450683594
2017-06-23,133.3008575439453
2017-06-26,132.67794799804688
2017-06-27,130.27133178710938
2017-06-28,132.14944458007812
2017-06-29,129.85609436035156
2017-06-30,129.90321350097656
2017-07-03,128.53468322753906
2017-07-05,129.79940795898438
2017-07-06,128.6291046142578
2017-07-07,130.01649475097656
2017-07-10,130.8658447265625
2017-07-11,131.23397827148438
2017-07-12,132.79124450683594
2017-07-13,133.08377075195312
2017-07-14,134.13136291503906
2017-07-17,134.19744873046875
2017-07-18,135.0940704345703
2017-07-19,135.8869171142578
2017-07-20,136.066162109375
2017-07-21,136.00950622558594
2017-07-24,136.63247680664062
2017-07-25,136.28330993652344
2017-07-26,136.72683715820312
2017-07-27,135.86795043945312
2017-07-28,135.7546844482422
2017-07-31,135.17901611328125
2017-08-01,135.49046325683594
2017-08-02,135.85853576660156
2017-08-03,135.33004760742188
2017-08-04,135.5753936767578
2017-08-07,136.43426513671875
2017-08-08,136.19827270507812
2017-08-09,136.01895141601562
2017-08-10,133.10264587402344
2017-08-11,134.11253356933594
2017-08-14,135.83966064453125
2017-08-15,135.9340057373047
2017-08-16,136.17001342773438
2017-08-17,133.3858184814453
2017-08-18,133.29139709472656
2017-08-21,133.12159729003906
2017-08-22,135.15066528320312
2017-08-23,134.66934204101562
2017-08-24,134.27297973632812
2017-08-25,133.98983764648438
2017-08-28,134.40512084960938
2017-08-29,134.9336700439453
2017-08-30,136.5192108154297
2017-08-31,137.98208618164062
2017-09-01,137.79331970214844
2017-09-05,136.55694580078125
2017-09-06,136.9722442626953
2017-09-07,137.29307556152344
2017-09-08,136.10394287109375
2017-09-11,137.670654296875
2017-09-12,138.00091552734375
2017-09-13,138.189697265625
2017-09-14,137.37803649902344
2017-09-15,137.8499298095703
2017-09-18,137.66928100585938
2017-09-19,137.9057159423828
2017-09-20,137.48011779785156
2017-09-21,136.63829040527344
2017-09-22,136.505859375
2017-09-25,135.0681915283203
2017-09-26,135.4181365966797
2017-09-27,136.63829040527344
2017-09-28,136.5910186767578
2017-09-29,137.5746612548828
2017-10-02,137.69764709472656
2017-10-03,137.99087524414062
2017-10-04,138.12327575683594
2017-10-05,139.47584533691406
2017-10-06,139.6650390625
2017-10-09,139.5041961669922
2017-10-10,139.60826110839844
2017-10-11,140.0244140625
2017-10-12,139.76910400390625
2017-10-13,140.30816650390625
2017-10-16,140.7905731201172
2017-10-17,140.97030639648438
2017-10-18,140.800048828125
2017-10-19,140.2798309326172
2017-10-20,140.65818786621094
2017-10-23,139.74075317382812
2017-10-24,139.9771728515625
2017-10-25,139.44749450683594
2017-10-26,139.00291442871094
2017-10-27,143.05116271972656
2017-10-30,143.37277221679688
2017-10-31,143.9119110107422
2017-11-01,143.86465454101562
2017-11-02,143.59033203125
2017-11-03,144.97125244140625
2017-11-06,145.46316528320312
2017-11-07,145.54823303222656
2017-11-08,146.1346893310547
2017-11-09,145.3685302734375
2017-11-10,145.35910034179688
2017-11-13,145.538818359375
2017-11-14,145.0091094970703
2017-11-15,144.32809448242188
2017-11-16,146.1724853515625
2017-11-17,145.6144561767578
2017-11-20,145.50091552734375
2017-11-21,147.08053588867188
2017-11-22,147.26023864746094
2017-11-24,147.7993927001953
2017-11-27,147.7332000732422
2017-11-28,148.1114959716797
2017-11-29,145.52931213378906
2017-11-30,146.74949645996094
2017-12-01,146.12521362304688
2017-12-04,144.4416046142578
2017-12-05,144.53614807128906
2017-12-06,145.18885803222656
2017-12-07,145.6807098388672
2017-12-08,146.32388305664062
2017-12-11,147.4588165283203
2017-12-12,147.26023864746094
2017-12-13,147.54400634765625
2017-12-14,147.4399871826172
2017-12-15,149.11410522460938
2017-12-18,150.3643341064453
2017-12-19,149.47332763671875
2017-12-20,149.3122100830078
2017-12-21,149.33120727539062
2017-12-22,149.1605682373047
2017-12-26,148.35488891601562
2017-12-27,148.37387084960938
2017-12-28,148.55392456054688
2017-12-29,147.63455200195312
2018-01-02,150.22213745117188
2018-01-03,151.6818084716797
2018-01-04,151.94717407226562
2018-01-05,153.4732208251953
2018-01-08,154.07034301757812
2018-01-09,154.07984924316406
2018-01-10,153.71966552734375
2018-01-11,154.771728515625
2018-01-12,155.90914916992188
2018-01-16,155.4636688232422
2018-01-17,157.14129638671875
2018-01-18,157.16973876953125
2018-01-19,157.6626434326172
2018-01-22,159.3498077392578
2018-01-23,160.66726684570312
2018-01-24,159.6246337890625
2018-01-25,159.5677947998047
2018-01-26,162.01321411132812
2018-01-29,161.22650146484375
2018-01-30,159.89952087402344
2018-01-31,160.56297302246094
2018-02-01,159.19815063476562
2018-02-02,156.02288818359375
2018-02-05,149.8714599609375
2018-02-06,153.8428497314453
2018-02-07,151.85240173339844
2018-02-08,145.44505310058594
2018-02-09,147.9568328857422
2018-02-12,150.58230590820312
2018-02-13,151.3595428466797
2018-02-14,154.19358825683594
2018-02-15,157.05606079101562
2018-02-16,156.35470581054688
2018-02-20,156.66741943359375
2018-02-21,156.221923828125
2018-02-22,156.20297241210938
2018-02-23,159.3971710205078
2018-02-26,161.5108642578125
2018-02-27,159.5109100341797
2018-02-28,158.48724365234375
2018-03-01,155.899658203125
2018-03-02,157.33090209960938
2018-03-05,159.07489013671875
2018-03-06,159.74789428710938
2018-03-07,160.11753845214844
2018-03-08,160.9990234375
2018-03-09,164.12689208984375
2018-03-12,164.9988250732422
2018-03-13,162.75250244140625
2018-03-14,162.72406005859375
2018-03-15,162.58184814453125
2018-03-16,162.0984649658203
2018-03-19,158.6399383544922
2018-03-20,159.16207885742188
2018-03-21,158.46900939941406
2018-03-22,154.55763244628906
2018-03-23,150.48480224609375
2018-03-26,156.07664489746094
2018-03-27,151.0259552001953
2018-03-28,149.28863525390625
2018-03-29,152.0228271484375
2018-04-02,147.63674926757812
2018-04-03,149.29811096191406
2018-04-04,151.65257263183594
2018-04-05,152.51649475097656
2018-04-06,148.70004272460938
2018-04-09,149.74436950683594
2018-04-10,153.0481414794922
2018-04-11,152.1652069091797
2018-04-12,153.99752807617188
2018-04-13,153.20005798339844
2018-04-16,154.36773681640625
2018-04-17,157.69056701660156
2018-04-18,158.01332092285156
2018-04-19,156.5608367919922
2018-04-20,154.0829620361328
2018-04-23,153.69369506835938
2018-04-24,150.4374237060547
2018-04-25,150.61778259277344
2018-04-26,153.78868103027344
2018-04-27,153.88352966308594
2018-04-30,152.79177856445312
2018-05-01,154.5386962890625
2018-05-02,153.62725830078125
2018-05-03,153.60829162597656
2018-05-04,156.52285766601562
2018-05-07,157.82350158691406
2018-05-08,157.66209411621094
2018-05-09,159.38046264648438
2018-05-10,161.0323486328125
2018-05-11,160.88046264648438
2018-05-14,161.15579223632812
2018-05-15,159.37095642089844
2018-05-16,160.42477416992188
2018-05-17,159.8076934814453
2018-05-18,158.9817352294922
2018-05-21,159.87411499023438
2018-05-22,159.66526794433594
2018-05-23,161.01339721679688
2018-05-24,160.96591186523438
2018-05-25,161.1273193359375
2018-05-29,160.41526794433594
2018-05-30,161.56398010253906
2018-05-31,161.45962524414062
2018-06-01,163.99441528320312
2018-06-04,165.47543334960938
2018-06-05,165.98805236816406
2018-06-06,166.95648193359375
2018-06-07,165.5988006591797
2018-06-08,165.60829162597656
2018-06-11,166.05458068847656
2018-06-12,166.927978515625
2018-06-13,166.91845703125
2018-06-14,168.60830688476562
2018-06-15,168.01968383789062
2018-06-18,167.92269897460938
2018-06-19,167.44696044921875
2018-06-20,168.63619995117188
2018-06-21,167.1710968017578
2018-06-22,166.80001831054688
2018-06-25,163.04197692871094
2018-06-26,163.70797729492188
2018-06-27,161.48170471191406
2018-06-28,162.87071228027344
2018-06-29,163.308349609375
2018-07-02,164.4024658203125
2018-07-03,162.4996795654297
2018-07-05,164.51666259765625
2018-07-06,167.075927734375
2018-07-09,168.5791473388672
2018-07-10,168.7028350830078
2018-07-11,167.84658813476562
2018-07-12,170.73883056640625
2018-07-13,170.8815460205078
2018-07-16,170.47239685058594
2018-07-17,171.50949096679688
2018-07-18,171.18603515625
2018-07-19,170.3297119140625
2018-07-20,170.29165649414062
2018-07-23,170.83396911621094
2018-07-24,171.5380401611328
2018-07-25,173.93557739257812
2018-07-26,171.30018615722656
2018-07-27,168.98828125
2018-07-30,166.60018920898438
2018-07-31,167.87510681152344
2018-08-01,168.51254272460938
2018-08-02,170.8054656982422
2018-08-03,171.32872009277344
2018-08-06,172.33718872070312
2018-08-07,172.96514892578125
2018-08-08,173.17440795898438
2018-08-09,173.0697784423828
2018-08-10,171.74734497070312
2018-08-13,171.55702209472656
2018-08-14,172.63214111328125
2018-08-15,170.52003479003906
2018-08-16,171.0813751220703
2018-08-17,171.11940002441406
2018-08-20,170.96717834472656
2018-08-21,171.59503173828125
2018-08-22,172.2610626220703
2018-08-23,172.01377868652344
2018-08-24,173.61207580566406
2018-08-27,175.38168334960938
2018-08-28,175.63856506347656
2018-08-29,177.6650848388672
2018-08-30,177.35108947753906
2018-08-31,177.5793914794922
2018-09-04,176.8183135986328
2018-09-05,174.5349578857422
2018-09-06,172.974609375
2018-09-07,172.30865478515625
2018-09-10,172.88900756835938
2018-09-11,174.22100830078125
2018-09-12,173.7072296142578
2018-09-13,175.56240844726562
2018-09-14,175.04867553710938
2018-09-17,172.52745056152344
2018-09-18,173.95455932617188
2018-09-19,173.82142639160156
2018-09-20,175.74319458007812
2018-09-21,174.78231811523438
2018-09-24,175.26837158203125
2018-09-25,175.50665283203125
2018-09-26,175.630615234375
2018-09-27,177.11744689941406
2018-09-28,177.0792999267578
2018-10-01,177.44149780273438
2018-10-02,177.04119873046875
2018-10-03,177.2318115234375
2018-10-04,173.82920837402344
2018-10-05,171.70370483398438
2018-10-08,170.65533447265625
2018-10-09,171.20809936523438
2018-10-10,163.67852783203125
2018-10-11,161.6483917236328
2018-10-12,166.14706420898438
2018-10-15,164.13601684570312
2018-10-16,168.91114807128906
2018-10-17,168.97784423828125
2018-10-18,165.06051635742188
2018-10-19,164.9080352783203
2018-10-22,165.7563018798828
2018-10-23,165.14630126953125
2018-10-24,157.58810424804688
2018-10-25,163.03990173339844
2018-10-26,158.84622192382812
2018-10-29,155.57701110839844
2018-10-30,158.1409149169922
2018-10-31,161.8580322265625
2018-11-01,163.99302673339844
2018-11-02,161.43869018554688
2018-11-05,161.0384063720703
2018-11-06,162.2583770751953
2018-11-07,167.34799194335938
2018-11-08,166.28050231933594
2018-11-09,163.47840881347656
2018-11-12,158.5316925048828
2018-11-13,158.66510009765625
2018-11-14,157.4546661376953
2018-11-15,160.20919799804688
2018-11-16,159.6468505859375
2018-11-19,154.46189880371094
2018-11-20,151.6978302001953
2018-11-21,152.85108947753906
2018-11-23,151.74549865722656
2018-11-26,155.25296020507812
2018-11-27,155.77716064453125
2018-11-28,160.7905731201172
2018-11-29,160.266357421875
2018-11-30,161.42918395996094
2018-12-03,164.2503662109375
2018-12-04,157.95022583007812
2018-12-06,159.0654296875
2018-12-07,153.81378173828125
2018-12-10,155.42454528808594
2018-12-11,155.93922424316406
2018-12-12,157.3116912841797
2018-12-13,157.35934448242188
2018-12-14,153.52784729003906
2018-12-17,150.0489959716797
2018-12-18,150.9925537109375
2018-12-19,147.28492736816406
2018-12-20,145.14993286132812
2018-12-21,140.65122985839844
2018-12-24,137.16331481933594
2018-12-26,145.7277069091797
2018-12-27,146.29165649414062
2018-12-28,146.21524047851562
2018-12-31,147.44825744628906
2019-01-02,148.04086303710938
2019-01-03,143.2042694091797
2019-01-04,149.3312225341797
2019-01-07,151.10910034179688
2019-01-08,152.4759979248047
2019-01-09,153.71856689453125
2019-01-10,154.1582489013672
2019-01-11,153.59426879882812
2019-01-14,152.23699951171875
2019-01-15,155.2096710205078
2019-01-16,155.1810302734375
2019-01-17,156.4044647216797
2019-01-18,157.95291137695312
2019-01-22,154.78909301757812
2019-01-23,154.9897918701172
2019-01-24,155.99346923828125
2019-01-25,157.8573760986328
2019-01-28,155.90740966796875
2019-01-29,154.4354705810547
2019-01-30,158.3639373779297
2019-01-31,160.73446655273438
2019-02-01,160.05577087402344
2019-02-04,162.04388427734375
2019-02-05,163.47767639160156
2019-02-06,162.99020385742188
2019-02-07,160.80133056640625
2019-02-08,161.11676025390625
2019-02-11,160.96385192871094
2019-02-12,163.3439178466797
2019-02-13,163.45855712890625
2019-02-14,163.65931701660156
2019-02-15,164.3474884033203
2019-02-19,164.67250061035156
2019-02-20,164.643798828125
2019-02-21,164.0417022705078
2019-02-22,165.25563049316406
2019-02-25,165.85777282714844
2019-02-26,166.0298309326172
2019-02-27,165.92466735839844
2019-02-28,165.5422821044922
2019-03-01,166.68934631347656
2019-03-04,166.718017578125
2019-03-05,166.8422393798828
2019-03-06,165.89599609375
2019-03-07,163.86000061035156
2019-03-08,163.61154174804688
2019-03-11,167.01431274414062
2019-03-12,167.93194580078125
2019-03-13,169.1936492919922
2019-03-14,168.9069366455078
2019-03-15,170.47447204589844
2019-03-18,170.88047790527344
2019-03-19,171.45504760742188
2019-03-20,172.13490295410156
2019-03-21,174.82569885253906
2019-03-22,170.98580932617188
2019-03-25,170.6602325439453
2019-03-26,171.45504760742188
2019-03-27,170.35382080078125
2019-03-28,170.74642944335938
2019-03-29,172.0391387939453
2019-04-01,174.3181610107422
2019-04-02,174.97891235351562
2019-04-03,175.98434448242188
2019-04-04,175.9173583984375
2019-04-05,176.82708740234375
2019-04-08,177.27713012695312
2019-04-09,176.65469360351562
2019-04-10,177.6027069091797
2019-04-11,177.18138122558594
2019-04-12,177.94744873046875
2019-04-15,177.97613525390625
2019-04-16,178.58901977539062
2019-04-17,179.2114715576172
2019-04-18,179.4412078857422
2019-04-22,179.94874572753906
2019-04-23,182.23741149902344
2019-04-24,181.662841796875
2019-04-25,182.40020751953125
2019-04-26,182.56295776367188
2019-04-29,182.91732788085938
2019-04-30,181.50003051757812
2019-05-01,180.91592407226562
2019-05-02,180.13072204589844
2019-05-03,183.0034637451172
2019-05-06,181.8831329345703
2019-05-07,178.3400421142578
2019-05-08,177.88995361328125
2019-05-09,176.93238830566406
2019-05-10,177.1526336669922
2019-05-13,171.00497436523438
2019-05-14,172.88182067871094
2019-05-15,175.32362365722656
2019-05-16,177.0856170654297
2019-05-17,175.27577209472656
2019-05-20,172.31686401367188
2019-05-21,174.1171112060547
2019-05-22,173.34144592285156
2019-05-23,170.68894958496094
2019-05-24,170.602783203125
2019-05-28,169.96119689941406
2019-05-29,168.56314086914062
2019-05-30,169.2717742919922
2019-05-31,166.57138061523438
2019-06-03,162.90382385253906
2019-06-04,167.49061584472656
2019-06-05,168.7355194091797
2019-06-06,170.07611083984375
2019-06-07,173.36061096191406
2019-06-10,175.38107299804688
2019-06-11,175.62049865722656
2019-06-12,174.60543823242188
2019-06-13,175.6396484375
2019-06-14,174.89279174804688
2019-06-17,175.9460906982422
2019-06-18,178.5028533935547
2019-06-19,179.17312622070312
2019-06-20,180.83932495117188
2019-06-21,180.5712127685547
2019-06-24,180.5769500732422
2019-06-25,177.47714233398438
2019-06-26,178.30245971679688
2019-06-27,178.98387145996094
2019-06-28,179.21421813964844
2019-07-01,181.6326446533203
2019-07-02,182.3523712158203
2019-07-03,183.7247772216797
2019-07-05,183.3505096435547
2019-07-08,182.0644989013672
2019-07-09,182.9761962890625
2019-07-10,184.79965209960938
2019-07-11,184.665283203125
2019-07-12,185.7305450439453
2019-07-15,186.32557678222656
2019-07-16,185.36587524414062
2019-07-17,184.4541778564453
2019-07-18,184.665283203125
2019-07-19,183.31214904785156
2019-07-22,184.7708740234375
2019-07-23,185.9800567626953
2019-07-24,187.2852325439453
2019-07-25,185.50985717773438
2019-07-26,187.41961669921875
2019-07-29,186.776611328125
2019-07-30,185.9705047607422
2019-07-31,183.39849853515625
2019-08-01,182.48675537109375
2019-08-02,179.7996063232422
2019-08-05,173.44642639160156
2019-08-06,175.87445068359375
2019-08-07,176.8245391845703
2019-08-08,180.6729278564453
2019-08-09,178.97427368164062
2019-08-12,176.92054748535156
2019-08-13,180.7976531982422
2019-08-14,175.3946075439453
2019-08-15,175.1930389404297
2019-08-16,178.0049591064453
2019-08-19,180.8360595703125
2019-08-20,179.4349365234375
2019-08-21,181.02798461914062
2019-08-22,180.44261169433594
2019-08-23,174.732421875
2019-08-26,177.37159729003906
2019-08-27,176.997314453125
2019-08-28,177.63067626953125
2019-08-29,180.3466033935547
2019-08-30,179.91477966308594
2019-09-03,178.16810607910156
2019-09-04,180.7401123046875
2019-09-05,184.0510711669922
2019-09-06,183.8687286376953
2019-09-09,183.48483276367188
2019-09-10,182.95701599121094
2019-09-11,184.67489624023438
2019-09-12,185.442626953125
2019-09-13,184.7804412841797
2019-09-16,183.9551239013672
2019-09-17,184.8380584716797
2019-09-18,184.76126098632812
2019-09-19,185.0683135986328
2019-09-20,183.11061096191406
2019-09-23,183.19137573242188
2019-09-24,180.7584228515625
2019-09-25,182.7874755859375
2019-09-26,182.11431884765625
2019-09-27,179.85450744628906
2019-09-30,181.56619262695312
2019-10-01,180.0853271484375
2019-10-02,176.98878479003906
2019-10-03,178.9313201904297
2019-10-04,181.56619262695312
2019-10-07,181.01808166503906
2019-10-08,178.30624389648438
2019-10-09,180.0468292236328
2019-10-10,181.44114685058594
2019-10-11,183.77793884277344
2019-10-14,183.7587432861328
2019-10-15,186.0955047607422
2019-10-16,185.63388061523438
2019-10-17,186.1243438720703
2019-10-18,184.33566284179688
2019-10-21,185.970458984375
2019-10-22,184.48951721191406
2019-10-23,184.8453826904297
2019-10-24,186.6436309814453
2019-10-25,188.13417053222656
2019-10-28,189.99005126953125
2019-10-29,188.51878356933594
2019-10-30,189.43234252929688
2019-10-31,189.51893615722656
2019-11-01,191.240234375
2019-11-04,192.4230499267578
2019-11-05,192.52880859375
2019-11-06,192.09605407714844
2019-11-07,192.74038696289062
2019-11-08,193.5096893310547
2019-11-11,193.25003051757812
2019-11-12,193.8077850341797
2019-11-13,193.85586547851562
2019-11-14,193.70201110839844
2019-11-15,195.125244140625
2019-11-18,195.2791290283203
2019-11-19,195.5675811767578
2019-11-20,194.39437866210938
2019-11-21,193.9616241455078
2019-11-22,194.08665466308594
2019-11-25,196.38497924804688
2019-11-26,196.76002502441406
2019-11-27,198.13511657714844
2019-11-29,197.23121643066406
2019-12-02,195.21177673339844
2019-12-03,193.68280029296875
2019-12-04,194.66368103027344
2019-12-05,195.04827880859375
2019-12-06,197.1350555419922
2019-12-09,196.2407684326172
2019-12-10,196.07720947265625
2019-12-11,197.1157989501953
2019-12-12,198.5870819091797
2019-12-13,199.2410430908203
2019-12-16,201.24124145507812
2019-12-17,201.35659790039062
2019-12-18,201.5104522705078
2019-12-19,202.770263671875
2019-12-20,203.5876007080078
2019-12-23,204.12535095214844
2019-12-24,204.23138427734375
2019-12-26,206.03347778320312
2019-12-27,205.86004638671875
2019-12-30,204.5108642578125
2019-12-31,204.89637756347656
2020-01-02,208.31752014160156
2020-01-03,206.4093780517578
2020-01-06,207.7393341064453
2020-01-07,207.71041870117188
2020-01-08,209.27162170410156
2020-01-09,211.04490661621094
2020-01-10,210.5052032470703
2020-01-13,212.9337615966797
2020-01-14,212.0952911376953
2020-01-15,212.18206787109375
2020-01-16,214.2154998779297
2020-01-17,215.27561950683594
2020-01-21,215.1792449951172
2020-01-22,215.747802734375
2020-01-23,216.44174194335938
2020-01-24,214.6202850341797
2020-01-27,210.18714904785156
2020-01-28,213.41561889648438
2020-01-29,213.76255798339844
2020-01-30,214.52392578125
2020-01-31,211.12196350097656
2020-02-03,214.3118896484375
2020-02-04,219.21719360351562
2020-02-05,219.94000244140625
2020-02-06,221.8385467529297
2020-02-07,220.8844451904297
2020-02-10,223.55393981933594
2020-02-11,223.59249877929688
2020-02-12,225.7704620361328
2020-02-13,225.48138427734375
2020-02-14,226.1271209716797
2020-02-18,226.2137908935547
2020-02-19,228.3821563720703
2020-02-20,226.26199340820312
2020-02-21,221.91561889648438
2020-02-24,213.35780334472656
2020-02-25,207.55621337890625
2020-02-26,208.62594604492188
2020-02-27,198.17919921875
2020-02-28,198.33348083496094
2020-03-02,208.56814575195312
2020-03-03,201.8799285888672
2020-03-04,210.30279541015625
2020-03-05,203.9132843017578
2020-03-06,200.47283935546875
2020-03-09,186.54713439941406
2020-03-10,196.70469665527344
2020-03-11,188.13726806640625
2020-03-12,170.88671875
2020-03-13,185.3617706298828
2020-03-16,163.1576385498047
2020-03-17,175.5318145751953
2020-03-18,170.19284057617188
2020-03-19,171.21438598632812
2020-03-20,164.5068817138672
2020-03-23,164.6256561279297
2020-03-24,177.37387084960938
2020-03-25,176.06040954589844
2020-03-26,185.33181762695312
2020-03-27,178.957763671875
2020-03-30,185.467041015625
2020-03-31,183.8831329345703
2020-04-01,176.070068359375
2020-04-02,179.64341735839844
2020-04-03,177.09376525878906
2020-04-06,189.75506591796875
2020-04-07,189.67779541015625
2020-04-08,193.70504760742188
2020-04-09,193.9851531982422
2020-04-13,196.08091735839844
2020-04-14,204.60862731933594
2020-04-15,202.26181030273438
2020-04-16,205.95108032226562
2020-04-17,207.92120361328125
2020-04-20,205.45852661132812
2020-04-21,197.87722778320312
2020-04-22,203.7491455078125
2020-04-23,203.31451416015625
2020-04-24,206.52090454101562
2020-04-27,208.18202209472656
2020-04-28,204.26101684570312
2020-04-29,211.5042724609375
2020-04-30,211.4173583984375
2020-05-01,205.45852661132812
2020-05-04,207.85365295410156
2020-05-05,210.2101287841797
2020-05-06,211.5042724609375
2020-05-07,214.22775268554688
2020-05-08,217.16371154785156
2020-05-11,219.10488891601562
2020-05-12,214.51747131347656
2020-05-13,211.8326416015625
2020-05-14,214.23741149902344
2020-05-15,215.62814331054688
2020-05-18,219.645751953125
2020-05-19,219.09524536132812
2020-05-20,223.47023010253906
2020-05-21,221.03643798828125
2020-05-22,221.79945373535156
2020-05-26,221.20066833496094
2020-05-27,222.4078369140625
2020-05-28,222.1180877685547
2020-05-29,225.37278747558594
2020-06-01,226.04884338378906
2020-06-02,227.56507873535156
2020-06-03,228.5887451171875
2020-06-04,226.98561096191406
2020-06-05,231.486083984375
2020-06-08,233.28245544433594
2020-06-09,234.97259521484375
2020-06-10,237.7926025390625
2020-06-11,226.01022338867188
2020-06-12,227.80650329589844
2020-06-15,230.57826232910156
2020-06-16,234.53797912597656
2020-06-17,235.2815704345703
2020-06-18,235.91900634765625
2020-06-19,235.88046264648438
2020-06-22,238.70924377441406
2020-06-23,240.74085998535156
2020-06-24,235.77781677246094
2020-06-25,238.02232360839844
2020-06-26,232.40142822265625
2020-06-29,234.93614196777344
2020-06-30,239.54122924804688
2020-07-01,242.33717346191406
2020-07-02,243.9818115234375
2020-07-06,249.98001098632812
2020-07-07,248.25791931152344
2020-07-08,251.52796936035156
2020-07-09,253.64671325683594
2020-07-10,255.3783721923828
2020-07-13,250.12518310546875
2020-07-14,251.89556884765625
2020-07-15,252.40834045410156
2020-07-16,250.686279296875
2020-07-17,250.97654724121094
2020-07-20,258.0968933105469
2020-07-21,255.40744018554688
2020-07-22,256.3070983886719
2020-07-23,249.61239624023438
2020-07-24,247.24212646484375
2020-07-27,251.65371704101562
2020-07-28,248.4514617919922
2020-07-29,251.3151092529297
2020-07-30,252.6308135986328
2020-07-31,257.1391906738281
2020-08-03,260.6123352050781
2020-08-04,261.5797424316406
2020-08-05,262.22796630859375
2020-08-06,265.701171875
2020-08-07,262.6342468261719
2020-08-10,261.5120544433594
2020-08-11,256.55865478515625
2020-08-12,263.01165771484375
2020-08-13,263.6114196777344
2020-08-14,263.3018798828125
2020-08-17,266.3590393066406
2020-08-18,268.9227294921875
2020-08-19,267.11358642578125
2020-08-20,270.81890869140625
2020-08-21,272.69580078125
2020-08-24,274.3985290527344
2020-08-25,276.555908203125
2020-08-26,282.4573669433594
2020-08-27,281.5770568847656
2020-08-28,283.0089416503906
2020-08-31,285.28240966796875
2020-09-01,290.1583557128906
2020-09-02,292.9058532714844
2020-09-03,278.0555419921875
2020-09-04,274.35015869140625
2020-09-08,261.1638488769531
2020-09-09,268.835693359375
2020-09-10,263.4760437011719
2020-09-11,261.64752197265625
2020-09-14,266.2043151855469
2020-09-15,269.9772033691406
2020-09-16,265.6720886230469
2020-09-17,261.5216979980469
2020-09-18,258.18402099609375
2020-09-21,258.8032531738281
2020-09-22,263.6114196777344
2020-09-23,255.56224060058594
2020-09-24,256.75225830078125
2020-09-25,262.7214050292969
2020-09-28,268.1777648925781
2020-09-29,266.9684753417969
2020-09-30,268.7969665527344
2020-10-01,273.0634460449219
2020-10-02,265.3818359375
2020-10-05,271.04144287109375
2020-10-06,266.2043151855469
2020-10-07,270.80938720703125
2020-10-08,272.25079345703125
2020-10-09,276.41082763671875
2020-10-12,284.94378662109375
2020-10-13,284.93408203125
2020-10-14,282.5542297363281
2020-10-15,280.657958984375
2020-10-16,279.1197204589844
2020-10-19,274.5629577636719
2020-10-20,275.153076171875
2020-10-21,274.9402770996094
2020-10-22,274.93072509765625
2020-10-23,275.4723815917969
2020-10-26,271.3413391113281
2020-10-27,273.4601135253906
2020-10-28,262.798828125
2020-10-29,267.3941650390625
2020-10-30,260.6123352050781
2020-11-02,261.19287109375
2020-11-03,265.7109069824219
2020-11-04,277.5718078613281
2020-11-05,284.808349609375
2020-11-06,285.0212097167969
2020-11-09,279.197021484375
2020-11-10,274.1953430175781
2020-11-11,280.3290710449219
2020-11-12,279.0133361816406
2020-11-13,281.4609680175781
2020-11-16,283.6570739746094
2020-11-17,282.75726318359375
2020-11-18,280.66766357421875
2020-11-19,282.86370849609375
2020-11-20,280.9288635253906
2020-11-23,280.93853759765625
2020-11-24,284.8856506347656
2020-11-25,286.6368713378906
2020-11-27,289.2779846191406
2020-11-30,289.86810302734375
2020-12-01,293.5831604003906
2020-12-02,293.9604187011719
2020-12-03,294.37640380859375
2020-12-04,295.5761413574219
2020-12-07,297.24969482421875
2020-12-08,298.25592041015625
2020-12-09,291.50311279296875
2020-12-10,292.67376708984375
2020-12-11,292.0255126953125
2020-12-14,294.14422607421875
2020-12-15,297.28839111328125
2020-12-16,298.9234924316406
2020-12-17,300.8777160644531
2020-12-18,299.9683532714844
2020-12-21,299.4071960449219
2020-12-22,300.22119140625
2020-12-23,298.7092590332031
2020-12-24,300.02740478515625
2020-12-28,303.0513610839844
2020-12-29,303.3226623535156
2020-12-30,303.33245849609375
2020-12-31,304.07861328125
2021-01-04,299.7850646972656
2021-01-05,302.2565612792969
2021-01-06,298.06964111328125
2021-01-07,305.280517578125
2021-01-08,309.20574951171875
2021-01-11,304.7378845214844
2021-01-12,304.2532043457031
2021-01-13,306.30792236328125
2021-01-14,304.669921875
2021-01-15,302.2565612792969
2021-01-19,306.6664733886719
2021-01-20,313.7998352050781
2021-01-21,316.31005859375
2021-01-22,315.3990173339844
2021-01-25,318.0061950683594
2021-01-26,318.47137451171875
2021-01-27,309.59344482421875
2021-01-28,311.4252624511719
2021-01-29,304.8734130859375
2021-02-01,312.49139404296875
2021-02-02,317.5894775390625
2021-02-03,316.3294982910156
2021-02-04,320.0706481933594
2021-02-05,321.1560974121094
2021-02-08,323.3077087402344
2021-02-09,323.23992919921875
2021-02-10,322.50323486328125
2021-02-11,324.2768859863281
2021-02-12,326.08935546875
2021-02-16,325.2073974609375
2021-02-17,323.6469421386719
2021-02-18,322.2319641113281
2021-02-19,320.8265380859375
2021-02-22,312.5108337402344
2021-02-23,311.58038330078125
2021-02-24,314.148681640625
2021-02-25,303.19671630859375
2021-02-26,304.46636962890625
2021-03-01,313.6253967285156
2021-03-02,308.5951843261719
2021-03-03,299.6397399902344
2021-03-04,294.735595703125
2021-03-05,299.1745300292969
2021-03-08,290.70367431640625
2021-03-09,302.1694030761719
2021-03-10,301.3067932128906
2021-03-11,308.2462158203125
2021-03-12,305.7457580566406
2021-03-15,309.0119934082031
2021-03-16,310.70806884765625
2021-03-17,311.98748779296875
2021-03-18,302.4310607910156
2021-03-19,303.4972229003906
2021-03-22,309.1886901855469
2021-03-23,307.83984375
2021-03-24,302.64801025390625
2021-03-25,302.1240234375
2021-03-26,306.6558837890625
2021-03-29,306.568603515625
2021-03-30,305.025634765625
2021-03-31,309.6933898925781
2021-04-01,314.9725036621094
2021-04-05,321.26080322265625
2021-04-06,321.0377197265625
2021-04-07,321.81402587890625
2021-04-08,325.1717224121094
2021-04-09,327.14166259765625
2021-04-12,326.7147521972656
2021-04-13,330.5285339355469
2021-04-14,326.5594177246094
2021-04-15,331.50860595703125
2021-04-16,331.8968200683594
2021-04-19,328.8594055175781
2021-04-20,326.46234130859375
2021-04-21,329.25726318359375
2021-04-22,325.28814697265625
2021-04-23,329.3834533691406
2021-04-26,331.5280456542969
2021-04-27,330.09185791015625
2021-04-28,328.9757995605469
2021-04-29,330.1596984863281
2021-04-30,327.99560546875
2021-05-03,326.2488708496094
2021-05-04,320.3778076171875
2021-05-05,319.30059814453125
2021-05-06,321.7073059082031
2021-05-07,324.3177795410156
2021-05-10,316.1273193359375
2021-05-11,315.6905822753906
2021-05-12,307.51959228515625
2021-05-13,309.8971252441406
2021-05-14,316.7386474609375
2021-05-17,314.8172607421875
2021-05-18,312.6919860839844
2021-05-19,313.0510559082031
2021-05-20,319.10650634765625
2021-05-21,317.3404235839844
2021-05-24,322.677734375
2021-05-25,323.1241455078125
2021-05-26,324.2498474121094
2021-05-27,323.0367736816406
2021-05-28,324.0556945800781
2021-06-01,322.9786071777344
2021-06-02,323.6093444824219
2021-06-03,320.241943359375
2021-06-04,325.67626953125
2021-06-07,326.64678955078125
2021-06-08,326.8020324707031
2021-06-09,326.87969970703125
2021-06-10,330.285888671875
2021-06-11,331.1495666503906
2021-06-14,334.3228454589844
2021-06-15,332.13934326171875
2021-06-16,330.9263916015625
2021-06-17,335.12835693359375
2021-06-18,332.49853515625
2021-06-21,334.56494140625
2021-06-22,337.68359375
2021-06-23,337.8487854003906
2021-06-24,339.9377136230469
2021-06-25,339.51983642578125
2021-06-28,343.64898681640625
2021-06-29,344.8926086425781
2021-06-30,344.3485107421875
2021-07-01,344.4845886230469
2021-07-02,348.4388427734375
2021-07-06,349.9446716308594
2021-07-07,350.68316650390625
2021-07-08,348.5650939941406
2021-07-09,350.7414245605469
2021-07-12,352.1112976074219
2021-07-13,352.1112976074219
2021-07-14,352.7427673339844
2021-07-15,350.26531982421875
2021-07-16,347.4283752441406
2021-07-19,344.5817565917969
2021-07-20,348.58447265625
2021-07-21,351.2757568359375
2021-07-22,353.5978088378906
2021-07-23,357.72686767578125
2021-07-26,358.00860595703125
2021-07-27,354.0641174316406
2021-07-28,355.4242858886719
2021-07-29,356.0558166503906
2021-07-30,354.2001037597656
2021-08-02,354.229248046875
2021-08-03,356.3763732910156
2021-08-04,356.8912048339844
2021-08-05,359.1550598144531
2021-08-06,357.5810852050781
2021-08-09,358.2418212890625
2021-08-10,356.40545654296875
2021-08-11,355.79345703125
2021-08-12,357.07586669921875
2021-08-13,358.3292236328125
2021-08-16,358.4845886230469
2021-08-17,355.3270568847656
2021-08-18,351.9071960449219
2021-08-19,353.6073913574219
2021-08-20,357.2701721191406
2021-08-23,362.6138000488281
2021-08-24,363.7213439941406
2021-08-25,364.13909912109375
2021-08-26,361.8268127441406
2021-08-27,365.3438415527344
2021-08-30,369.4438171386719
2021-08-31,369.1426696777344
2021-09-01,369.7547302246094
2021-09-02,369.5799255371094
2021-09-03,370.7165222167969
2021-09-07,371.2412109375
2021-09-08,369.948974609375
2021-09-09,368.67633056640625
2021-09-10,365.8782043457031
2021-09-13,365.6255798339844
2021-09-14,364.58599853515625
2021-09-15,367.2966613769531
2021-09-16,367.54925537109375
2021-09-17,363.1966552734375
2021-09-20,355.69189453125
2021-09-21,356.1294860839844
2021-09-22,359.45599365234375
2021-09-23,362.77264404296875
2021-09-24,363.113037109375
2021-09-27,360.214599609375
2021-09-28,350.0213928222656
2021-09-29,349.447509765625
2021-09-30,348.1636962890625
2021-10-01,350.3229675292969
2021-10-04,342.96990966796875
2021-10-05,347.59954833984375
2021-10-06,349.8270263671875
2021-10-07,353.0365295410156
2021-10-08,351.2761535644531
2021-10-11,348.5819091796875
2021-10-12,347.3661804199219
2021-10-13,350.14788818359375
2021-10-14,356.5964660644531
2021-10-15,358.84320068359375
2021-10-18,362.45166015625
2021-10-19,365.1945495605469
2021-10-20,364.71795654296875
2021-10-21,366.9452209472656
2021-10-22,363.8619689941406
2021-10-25,367.587158203125
2021-10-26,368.7446594238281
2021-10-27,369.6005554199219
2021-10-28,373.705078125
2021-10-29,375.5433349609375
2021-11-01,376.8271484375
2021-11-02,378.4028625488281
2021-11-03,382.41986083984375
2021-11-04,387.3218688964844
2021-11-05,387.6914978027344
2021-11-08,387.1662902832031
2021-11-09,384.5013427734375
2021-11-10,378.8502502441406
2021-11-11,379.9007263183594
2021-11-12,383.89825439453125
2021-11-15,383.81072998046875
2021-11-16,386.5437927246094
2021-11-17,386.748046875
2021-11-18,390.7552490234375
2021-11-19,392.9339904785156
2021-11-22,388.3723449707031
2021-11-23,386.6021423339844
2021-11-24,387.84716796875
2021-11-26,380.4940185546875
2021-11-29,388.7516784667969
2021-11-30,383.0423583984375
2021-12-01,376.5256652832031
2021-12-02,379.2392883300781
2021-12-03,372.6448669433594
2021-12-06,375.6308898925781
2021-12-07,386.9425964355469
2021-12-08,388.6738586425781
2021-12-09,382.9547424316406
2021-12-10,387.11767578125
2021-12-13,381.52496337890625
2021-12-14,377.5762023925781
2021-12-15,386.18389892578125
2021-12-16,376.2532958984375
2021-12-17,374.3761901855469
2021-12-20,370.7445373535156
2021-12-21,379.0419921875
2021-12-22,383.65814208984375
2021-12-23,386.55059814453125
2021-12-27,392.93927001953125
2021-12-28,391.1180725097656
2021-12-29,391.0595397949219
2021-12-30,389.8908996582031
2021-12-31,387.4562683105469
2022-01-03,391.186279296875
2022-01-04,386.11236572265625
2022-01-05,374.25054931640625
2022-01-06,373.9875183105469
2022-01-07,369.93621826171875
2022-01-10,370.1796569824219
2022-01-11,375.74053955078125
2022-01-12,377.2306213378906
2022-01-13,367.79376220703125
2022-01-14,370.0823669433594
2022-01-18,360.8694763183594
2022-01-19,356.9058532714844
2022-01-20,352.27020263671875
2022-01-21,342.50213623046875
2022-01-24,344.0701599121094
2022-01-25,336.09405517578125
2022-01-26,335.5682067871094
2022-01-27,332.1888122558594
2022-01-28,342.6092834472656
2022-01-31,353.5653991699219
2022-02-01,355.97088623046875
2022-02-02,358.86328125
2022-02-03,344.31353759765625
2022-02-04,348.6571350097656
2022-02-07,345.8523254394531
2022-02-08,349.7380676269531
2022-02-09,357.1492614746094
2022-02-10,349.06610107421875
2022-02-11,337.9931640625
2022-02-14,338.4118957519531
2022-02-15,346.82623291015625
2022-02-16,346.738525390625
2022-02-17,336.4252014160156
2022-02-18,332.5881042480469
2022-02-22,329.2476806640625
2022-02-23,320.8140563964844
2022-02-24,331.5947265625
2022-02-25,336.73687744140625
2022-02-28,337.7398681640625
2022-03-01,332.5686340332031
2022-03-02,338.1489562988281
2022-03-03,333.31854248046875
2022-03-04,328.4881286621094
2022-03-07,316.37310791015625
2022-03-08,314.90252685546875
2022-03-09,326.23846435546875
2022-03-10,322.61566162109375
2022-03-11,315.9251403808594
2022-03-14,309.85791015625
2022-03-15,319.5771789550781
2022-03-16,331.4292907714844
2022-03-17,335.4415588378906
2022-03-18,342.307373046875
2022-03-21,341.355712890625
2022-03-22,348.0643005371094
2022-03-23,343.0621337890625
2022-03-24,350.6872863769531
2022-03-25,350.394775390625
2022-03-28,355.8161926269531
2022-03-29,361.9396057128906
2022-03-30,357.9418029785156
2022-03-31,353.5051574707031
2022-04-01,352.8323974609375
2022-04-04,360.09674072265625
2022-04-05,352.10113525390625
2022-04-06,344.4565734863281
2022-04-07,345.2755432128906
2022-04-08,340.4489440917969
2022-04-11,332.3948059082031
2022-04-12,330.9906311035156
2022-04-13,337.7187194824219
2022-04-14,329.99603271484375
2022-04-18,330.2495422363281
2022-04-19,337.6310119628906
2022-04-20,332.7067565917969
2022-04-21,325.8227233886719
2022-04-22,317.2907409667969
2022-04-25,321.36663818359375
2022-04-26,309.23663330078125
2022-04-27,308.8661193847656
2022-04-28,319.83575439453125
2022-04-29,305.44354248046875
2022-05-02,310.543212890625
2022-05-03,310.87469482421875
2022-05-04,321.38616943359375
2022-05-05,305.1998291015625
2022-05-06,301.5432434082031
2022-05-09,289.7447509765625
2022-05-10,293.2648620605469
2022-05-11,284.567138671875
2022-05-12,283.89434814453125
2022-05-13,294.4154357910156
2022-05-16,291.002685546875
2022-05-17,298.53997802734375
2022-05-18,283.88458251953125
2022-05-19,282.3634338378906
2022-05-20,281.48590087890625
2022-05-23,286.16619873046875
2022-05-24,280.08172607421875
2022-05-25,284.00164794921875
2022-05-26,291.8705139160156
2022-05-27,301.3970031738281
2022-05-31,300.597412109375
2022-06-01,298.374267578125
2022-06-02,306.54541015625
2022-06-03,298.5693359375
2022-06-06,299.5638732910156
2022-06-07,302.14776611328125
2022-06-08,299.9733581542969
2022-06-09,291.938720703125
2022-06-10,281.641845703125
2022-06-13,268.5465393066406
2022-06-14,269.03411865234375
2022-06-15,275.75238037109375
2022-06-16,264.6267395019531
2022-06-17,267.84454345703125
2022-06-21,274.6021423339844
2022-06-22,274.2016296386719
2022-06-23,278.2851867675781
2022-06-24,287.8202819824219
2022-06-27,285.7100830078125
2022-06-28,277.0054016113281
2022-06-29,277.2594299316406
2022-06-30,273.820556640625
2022-07-01,275.6278991699219
2022-07-05,280.3465881347656
2022-07-06,282.1441955566406
2022-07-07,288.1817932128906
2022-07-08,288.54327392578125
2022-07-11,282.378662109375
2022-07-12,279.6431884765625
2022-07-13,279.0667724609375
2022-07-14,280.0633544921875
2022-07-15,285.1434020996094
2022-07-18,282.73040771484375
2022-07-19,291.4252624511719
2022-07-20,296.0462646484375
2022-07-21,300.2959289550781
2022-07-22,295.03021240234375
2022-07-25,293.3498229980469
2022-07-26,287.58587646484375
2022-07-27,299.73919677734375
2022-07-28,302.6699523925781
2022-07-29,308.1897277832031
2022-08-01,308.004150390625
2022-08-02,307.08575439453125
2022-08-03,315.4485778808594
2022-08-04,316.9237365722656
2022-08-05,314.3348083496094
2022-08-08,313.3187561035156
2022-08-09,309.7724304199219
2022-08-10,318.4184265136719
2022-08-11,316.61114501953125
2022-08-12,322.7757263183594
2022-08-15,325.3841857910156
2022-08-16,324.6221008300781
2022-08-17,320.91949462890625
2022-08-18,321.6912536621094
2022-08-19,315.4192199707031
2022-08-22,307.1151123046875
2022-08-23,306.8611755371094
2022-08-24,307.7502136230469
2022-08-25,313.19171142578125
2022-08-26,300.3546142578125
2022-08-29,297.3944396972656
2022-08-30,294.0825500488281
2022-08-31,292.3729553222656
2022-09-01,292.4999084472656
2022-09-02,288.36737060546875
2022-09-06,286.2962646484375
2022-09-07,292.0798034667969
2022-09-08,293.5940856933594
2022-09-09,300.0126647949219
2022-09-12,303.57855224609375
2022-09-13,286.9313049316406
2022-09-14,289.20758056640625
2022-09-15,284.3912048339844
2022-09-16,282.6522216796875
2022-09-19,284.85333251953125
2022-09-20,282.582763671875
2022-09-21,277.5227966308594
2022-09-22,274.1070556640625
2022-09-23,269.6441955566406
2022-09-26,268.5284423828125
2022-09-27,268.6360778808594
2022-09-28,273.9798583984375
2022-09-29,266.0816955566406
2022-09-30,261.56982421875
2022-10-03,267.7063293457031
2022-10-04,276.1232604980469
2022-10-05,275.9764709472656
2022-10-06,273.8036804199219
2022-10-07,263.37066650390625
2022-10-10,260.7379150390625
2022-10-11,257.1558837890625
2022-10-12,257.0677490234375
2022-10-13,263.09661865234375
2022-10-14,255.18865966796875
2022-10-17,263.61529541015625
2022-10-18,265.6999816894531
2022-10-19,264.7311096191406
2022-10-20,263.3804626464844
2022-10-21,269.5560607910156
2022-10-24,272.5216064453125
2022-10-25,278.158935546875
2022-10-26,272.0126953125
2022-10-27,267.06036376953125
2022-10-28,275.2326354980469
2022-10-31,272.03228759765625
2022-11-01,269.252685546875
2022-11-02,260.0234375
2022-11-03,254.94395446777344
2022-11-04,259.0447692871094
2022-11-07,261.892822265625
2022-11-08,263.8013000488281
2022-11-09,257.71368408203125
2022-11-10,276.7300109863281
2022-11-11,281.8291931152344
2022-11-14,279.3627014160156
2022-11-15,283.2286376953125
2022-11-16,279.3627014160156
2022-11-17,278.7462158203125
2022-11-18,278.75592041015625
2022-11-21,275.8883972167969
2022-11-22,279.8619689941406
2022-11-23,282.6707763671875
2022-11-25,280.8112487792969
2022-11-28,276.69085693359375
2022-11-29,274.5964660644531
2022-11-30,287.11407470703125
2022-12-01,287.4664611816406
2022-12-02,286.32135009765625
2022-12-05,281.51593017578125
2022-12-06,275.68280029296875
2022-12-07,274.5572814941406
2022-12-08,277.8066101074219
2022-12-09,276.0351867675781
2022-12-12,279.4997863769531
2022-12-13,282.5044250488281
2022-12-14,280.4100036621094
2022-12-15,270.9948425292969
2022-12-16,268.4110107421875
2022-12-19,264.63885498046875
2022-12-20,264.432861328125
2022-12-21,268.2688293457031
2022-12-22,261.70556640625
2022-12-23,262.294189453125
2022-12-27,258.5857849121094
2022-12-28,255.1717529296875
2022-12-29,261.3916015625
2022-12-30,261.234619140625
2023-01-03,259.4687805175781
2023-01-04,260.7048645019531
2023-01-05,256.6236877441406
2023-01-06,263.7068786621094
2023-01-09,265.4139404296875
2023-01-10,267.66046142578125
2023-01-11,272.2910461425781
2023-01-12,273.7626647949219
2023-01-13,275.6463317871094
2023-01-17,276.20550537109375
2023-01-18,272.61480712890625
2023-01-19,269.93658447265625
2023-01-20,277.3239440917969
2023-01-23,283.4848937988281
2023-01-24,282.9060974121094
2023-01-25,282.2781982421875
2023-01-26,287.7818908691406
2023-01-27,290.64654541015625
2023-01-30,284.77008056640625
2023-01-31,289.03765869140625
2023-02-01,295.21832275390625
2023-02-02,305.81365966796875
2023-02-03,300.3786315917969
2023-02-06,297.8376770019531
2023-02-07,304.008544921875
2023-02-08,298.6028747558594
2023-02-09,295.9638671875
2023-02-10,294.02142333984375
2023-02-13,298.7304382324219
2023-02-14,300.9377746582031
2023-02-15,303.2432861328125
2023-02-16,297.5531921386719
2023-02-17,295.4537353515625
2023-02-21,288.45880126953125
2023-02-22,288.67462158203125
2023-02-23,291.1959228515625
2023-02-24,286.32012939453125
2023-02-27,288.3704833984375
2023-02-28,287.99774169921875
2023-03-01,285.68243408203125
2023-03-02,288.0467529296875
2023-03-03,294.0017395019531
2023-03-06,294.3352966308594
2023-03-07,290.72503662109375
2023-03-08,292.1770324707031
2023-03-09,287.1147766113281
2023-03-10,283.0826110839844
2023-03-13,285.1821594238281
2023-03-14,291.7355651855469
2023-03-15,293.2659912109375
2023-03-16,300.9967346191406
2023-03-17,299.57415771484375
2023-03-20,300.6372985839844
2023-03-21,304.93109130859375
2023-03-22,300.7846984863281
2023-03-23,304.3514099121094
2023-03-24,305.4715881347656
2023-03-27,303.37872314453125
2023-03-28,301.7672119140625
2023-03-29,307.2697448730469
2023-03-30,310.1781005859375
2023-03-31,315.3365783691406
2023-04-03,314.57012939453125
2023-04-04,313.5090026855469
2023-04-05,310.4139099121094
2023-04-06,312.50677490234375
2023-04-10,312.3298645019531
2023-04-11,310.3254699707031
2023-04-12,307.5840759277344
2023-04-13,313.6072082519531
2023-04-14,313.0176696777344
2023-04-17,313.282958984375
2023-04-18,313.30267333984375
2023-04-19,313.1553039550781
2023-04-20,310.7675476074219
2023-04-21,311.09185791015625
2023-04-24,310.4433288574219
2023-04-25,304.5872497558594
2023-04-26,306.43450927734375
2023-04-27,314.7666320800781
2023-04-28,316.93817138671875
2023-05-01,316.5745544433594
2023-05-02,313.8135986328125
2023-05-03,311.760009765625
2023-05-04,310.6595764160156
2023-05-05,317.2624206542969
2023-05-08,318.0484313964844
2023-05-09,316.0341796875
2023-05-10,319.47320556640625
2023-05-11,320.5147705078125
2023-05-12,319.3651123046875
2023-05-15,321.09442138671875
2023-05-16,321.4579772949219
2023-05-17,325.3489990234375
2023-05-18,331.3917236328125
2023-05-19,330.64508056640625
2023-05-22,331.7552795410156
2023-05-23,327.5499267578125
2023-05-24,325.86968994140625
2023-05-25,333.7990417480469
2023-05-26,342.3277893066406
2023-05-30,343.8802795410156
2023-05-31,341.9249267578125
2023-06-01,345.8748779296875
2023-06-02,348.4688720703125
2023-06-05,348.7144775390625
2023-06-06,348.6555480957031
2023-06-07,342.74041748046875
2023-06-08,346.9949645996094
2023-06-09,348.32147216796875
2023-06-12,354.20703125
2023-06-13,356.92877197265625
2023-06-14,359.52276611328125
2023-06-15,363.8067932128906
2023-06-16,361.5173645019531
2023-06-20,360.9998779296875
2023-06-21,356.08026123046875
2023-06-22,360.2816162109375
2023-06-23,356.7099609375
2023-06-26,351.9280700683594
2023-06-27,357.97918701171875
2023-06-28,358.6778259277344
2023-06-29,357.95953369140625
2023-06-30,363.4793701171875
2023-07-03,364.3353576660156
2023-07-05,364.3255615234375
2023-07-06,361.5509033203125
2023-07-07,360.3504638671875
2023-07-10,360.4685363769531
2023-07-11,362.24945068359375
2023-07-12,366.8246765136719
2023-07-13,373.0528259277344
2023-07-14,372.9742126464844
2023-07-17,376.4572448730469
2023-07-18,379.5368957519531
2023-07-19,379.4483337402344
2023-07-20,370.7012939453125
2023-07-21,369.5895080566406
2023-07-24,370.1798400878906
2023-07-25,372.6888427734375
2023-07-26,371.4490661621094
2023-07-27,370.56353759765625
2023-07-28,377.313232421875
2023-07-31,377.510009765625
2023-08-01,376.6343688964844
2023-08-02,368.3694152832031
2023-08-03,367.779052734375
2023-08-04,366.05712890625
2023-08-07,369.156494140625
2023-08-08,366.017822265625
2023-08-09,361.99365234375
2023-08-10,362.6626892089844
2023-08-11,360.3504638671875
2023-08-14,364.3943786621094
2023-08-15,360.527587890625
2023-08-16,356.7099609375
2023-08-17,352.8136291503906
2023-08-18,352.370849609375
2023-08-21,358.048095703125
2023-08-22,357.53643798828125
2023-08-23,363.17431640625
2023-08-24,355.4111633300781
2023-08-25,358.16619873046875
2023-08-28,360.86212158203125
2023-08-29,368.7432861328125
2023-08-30,370.7997131347656
2023-08-31,371.91156005859375
2023-09-01,371.5179748535156
2023-09-05,371.990234375
2023-09-06,368.7137451171875
2023-09-07,366.0768737792969
2023-09-08,366.5884704589844
2023-09-11,370.907958984375
2023-09-12,366.795166015625
2023-09-13,368.19232177734375
2023-09-14,371.2030944824219
2023-09-15,364.846923828125
2023-09-18,365.22735595703125
2023-09-19,364.4488830566406
2023-09-20,359.1970520019531
2023-09-21,352.6148986816406
2023-09-22,352.6642150878906
2023-09-25,354.3392639160156
2023-09-26,349.0184326171875
2023-09-27,349.8363037109375
2023-09-28,352.7627258300781
2023-09-29,353.0189208984375
2023-10-02,355.9651184082031
2023-10-03,349.71807861328125
2023-10-04,354.4772033691406
2023-10-05,353.4328308105469
2023-10-06,359.35467529296875
2023-10-09,361.1873779296875
2023-10-10,363.18768310546875
2023-10-11,365.7791442871094
2023-10-12,364.5080871582031
2023-10-13,359.92620849609375
2023-10-16,363.9956359863281
2023-10-17,362.80340576171875
2023-10-18,358.0441589355469
2023-10-19,354.69403076171875
2023-10-20,349.4026794433594
2023-10-23,350.45703125
2023-10-24,353.86627197265625
2023-10-25,345.20513916015625
2023-10-26,338.62310791015625
2023-10-27,340.2488708496094
2023-10-30,344.0818786621094
2023-10-31,345.7273254394531
2023-11-01,351.7281188964844
2023-11-02,358.11309814453125
2023-11-03,362.320556640625
2023-11-06,363.798583984375
2023-11-07,367.2374572753906
2023-11-08,367.4739685058594
2023-11-09,364.64599609375
2023-11-10,372.84405517578125
2023-11-13,371.6813049316406
2023-11-14,379.6822509765625
2023-11-15,379.96807861328125
2023-11-16,380.29327392578125
2023-11-17,380.3819580078125
2023-11-20,385.0130310058594
2023-11-21,382.7762756347656
2023-11-22,384.3429870605469
2023-11-24,383.801025390625
2023-11-27,383.4660949707031
2023-11-28,384.4710998535156
2023-11-29,384.0966491699219
2023-11-30,383.1309814453125
2023-12-01,384.2247314453125
2023-12-04,380.6578063964844
2023-12-05,381.6135559082031
2023-12-06,379.4064025878906
2023-12-07,384.7075500488281
2023-12-08,386.42205810546875
2023-12-11,389.7229309082031
2023-12-12,392.82684326171875
2023-12-13,397.82244873046875
2023-12-14,397.4776916503906
2023-12-15,399.39898681640625
2023-12-18,401.91473388671875
2023-12-19,403.96832275390625
2023-12-20,397.9654235839844
2023-12-21,402.5959777832031
2023-12-22,403.1982727050781
2023-12-26,405.66650390625
2023-12-27,406.4923400878906
2023-12-28,406.2947692871094
2023-12-29,404.53643798828125
2024-01-02,397.6907958984375
2024-01-03,393.4825439453125
2024-01-04,391.4575500488281
2024-01-05,391.9218444824219
2024-01-08,400.0220642089844
2024-01-09,400.81231689453125
2024-01-10,403.5288391113281
2024-01-11,404.3684997558594
2024-01-12,404.575927734375
2024-01-16,404.53643798828125
2024-01-17,402.25457763671875
2024-01-18,407.9641418457031
2024-01-19,416.0544738769531
2024-01-22,416.59783935546875
2024-01-23,418.3265686035156
2024-01-24,420.64794921875
2024-01-25,421.16162109375
2024-01-26,418.65252685546875
2024-01-29,422.93963623046875
2024-01-30,420.1243591308594
2024-01-31,411.8957824707031
2024-02-01,416.7459716796875
2024-02-02,423.7892150878906
2024-02-05,423.236083984375
2024-02-06,422.3865051269531
2024-02-07,426.73297119140625
2024-02-08,427.52325439453125
2024-02-09,431.73138427734375
2024-02-12,430.0422058105469
2024-02-13,423.3348693847656
2024-02-14,427.9480285644531
2024-02-15,429.2223205566406
2024-02-16,425.3302917480469
2024-02-20,422.1197509765625
2024-02-21,420.4305725097656
2024-02-22,432.7389831542969
2024-02-23,431.46466064453125
2024-02-26,431.23748779296875
2024-02-27,432.2747497558594
2024-02-28,429.9730529785156
2024-02-29,433.6576843261719
2024-03-01,440.18719482421875
2024-03-04,438.6165466308594
2024-03-05,430.74359130859375
2024-03-06,433.45025634765625
2024-03-07,440.0291748046875
2024-03-08,433.6773986816406
2024-03-11,432.0672912597656
2024-03-12,438.2609558105469
2024-03-13,434.8924865722656
2024-03-14,433.7959899902344
2024-03-15,428.63946533203125
2024-03-18,432.7275695800781
2024-03-19,433.8057861328125
2024-03-20,438.9492492675781
2024-03-21,441.0264587402344
2024-03-22,441.5309143066406
2024-03-25,439.92852783203125
2024-03-26,438.5041809082031
2024-03-27,439.99774169921875
2024-03-28,439.1866760253906
2024-04-01,440.116455078125
2024-04-02,436.318115234375
2024-04-03,437.2973937988281
2024-04-04,430.61083984375
2024-04-05,435.6850891113281
2024-04-08,435.8137512207031
2024-04-09,437.4259948730469
2024-04-10,433.60791015625
2024-04-11,440.53192138671875
2024-04-12,433.5090026855469
2024-04-15,426.3773498535156
2024-04-16,426.41693115234375
2024-04-17,421.2139892578125
2024-04-18,418.8103942871094
2024-04-19,410.1455993652344
2024-04-22,414.2702941894531
2024-04-23,420.45245361328125
2024-04-24,421.8768005371094
2024-04-25,419.83917236328125
2024-04-26,426.3179626464844
2024-04-29,428.0489501953125
2024-04-30,419.9776306152344
2024-05-01,416.94097900390625
2024-05-02,422.2625427246094
2024-05-03,430.7493896484375
2024-05-06,435.4674987792969
2024-05-07,435.53680419921875
2024-05-08,435.279541015625
2024-05-09,436.2291259765625
2024-05-10,437.2578430175781
2024-05-13,438.2667541503906
2024-05-14,441.0857849121094
2024-05-15,447.9800720214844
2024-05-16,447.070068359375
2024-05-17,446.85247802734375
2024-05-20,449.9682922363281
2024-05-21,450.8486022949219
2024-05-22,450.7595520019531
2024-05-23,448.7318420410156
2024-05-24,452.9751892089844
2024-05-28,454.6864318847656
2024-05-29,451.48162841796875
2024-05-30,446.6447448730469
2024-05-31,445.81390380859375
2024-06-03,448.2076416015625
2024-06-04,449.43414306640625
2024-06-05,458.49462890625
2024-06-06,458.3363342285156
2024-06-07,457.9307861328125
2024-06-10,459.78045654296875
2024-06-11,462.93585205078125
2024-06-12,468.999267578125
2024-06-13,471.54132080078125
2024-06-14,473.9845275878906
2024-06-17,479.7907409667969
2024-06-18,479.9391174316406
2024-06-20,476.23974609375
2024-06-21,474.9637756347656
2024-06-24,469.55645751953125
2024-06-25,474.9261169433594
2024-06-26,475.9068908691406
2024-06-27,477.1353759765625
2024-06-28,474.6585998535156
2024-07-01,477.4425354003906
2024-07-02,482.4555358886719
2024-07-03,486.477783203125
2024-07-05,491.5501708984375
2024-07-08,492.71923828125
2024-07-09,493.145263671875
2024-07-10,498.28704833984375
2024-07-11,487.3594970703125
2024-07-12,490.2226257324219
2024-07-15,491.54034423828125
2024-07-16,491.7285461425781
2024-07-17,477.29388427734375
2024-07-18,475.0350341796875
2024-07-19,470.82452392578125
2024-07-22,477.83880615234375
2024-07-23,476.15460205078125
2024-07-24,459.07476806640625
2024-07-25,454.0122375488281
2024-07-26,458.66864013671875
2024-07-29,459.5899658203125
2024-07-30,453.2791748046875
2024-07-31,466.693359375
2024-08-01,455.38934326171875
2024-08-02,444.58074951171875
2024-08-05,431.32501220703125
2024-08-06,435.44635009765625
2024-08-07,430.7305603027344
2024-08-08,443.90704345703125
2024-08-09,446.2252502441406
2024-08-12,447.186279296875
2024-08-13,458.2822265625
2024-08-14,458.4308166503906
2024-08-15,470.0121765136719
2024-08-16,470.6164855957031
2024-08-19,476.79852294921875
2024-08-20,475.79791259765625
2024-08-21,478.01708984375
2024-08-22,470.43817138671875
2024-08-23,475.54034423828125
2024-08-26,470.92364501953125
2024-08-27,472.3304748535156
2024-08-28,466.970703125
2024-08-29,466.2871398925781
2024-08-30,471.8450012207031
2024-09-03,457.5193786621094
2024-09-04,456.33050537109375
2024-09-05,456.7565002441406
2024-09-06,444.521240234375
2024-09-09,450.23760986328125
2024-09-10,454.3986511230469
2024-09-11,464.2660217285156
2024-09-12,468.8233337402344
2024-09-13,470.92364501953125
2024-09-16,468.8431091308594
2024-09-17,469.0908203125
2024-09-18,467.0599060058594
2024-09-19,478.869140625
2024-09-20,477.9576721191406
2024-09-23,479.2245788574219
2024-09-24,481.53619384765625
2024-09-25,481.982666015625
2024-09-26,485.603759765625
2024-09-27,482.9052734375
2024-09-30,484.2148132324219
2024-10-01,477.46856689453125
2024-10-02,478.1431884765625
2024-10-03,477.7860107421875
2024-10-04,483.4708251953125
2024-10-07,478.2920227050781
2024-10-08,485.43511962890625
2024-10-09,489.2547302246094
2024-10-10,488.69915771484375
2024-10-11,489.4630432128906
2024-10-14,493.57037353515625
2024-10-15,486.9728698730469
2024-10-16,487.0324401855469
2024-10-17,487.3697204589844
2024-10-18,490.5643005371094
2024-10-21,491.5068054199219
2024-10-22,492.0425109863281
2024-10-23,484.5025329589844
2024-10-24,488.4312744140625
2024-10-25,491.4075927734375
2024-10-28,491.4869689941406
2024-10-29,496.2093811035156
2024-10-30,492.4592590332031
2024-10-31,480.0281982421875
2024-11-01,483.57989501953125
2024-11-04,482.1711730957031
2024-11-05,488.3221130371094
2024-11-06,501.5865783691406
2024-11-07,509.48358154296875
2024-11-08,510.0790100097656
2024-11-11,509.78131103515625
2024-11-12,508.8586120605469
2024-11-13,508.2038879394531
2024-11-14,504.6719970703125
2024-11-15,492.6477355957031
2024-11-18,496.0704650878906
2024-11-19,499.4833068847656
2024-11-20,499.19561767578125
2024-11-21,500.99127197265625
2024-11-22,501.7948913574219
2024-11-25,502.58856201171875
2024-11-26,505.2870788574219
2024-11-27,501.3087158203125
2024-11-29,505.7136535644531
2024-12-02,511.2198181152344
2024-12-03,512.7874145507812
2024-12-04,519.1268920898438
2024-12-05,517.6883544921875
2024-12-06,522.3214721679688
2024-12-09,518.2538452148438
2024-12-10,516.4878540039062
2024-12-11,525.7341918945312
2024-12-12,522.3413696289062
2024-12-13,526.3394775390625
2024-12-16,533.919189453125
2024-12-17,531.56787109375
2024-12-18,512.3905029296875
2024-12-19,510.108642578125
2024-12-20,514.563232421875
2024-12-23,519.5764770507812
2024-12-24,526.6217651367188
2024-12-26,526.2639770507812
2024-12-27,519.2683715820312
2024-12-30,512.3621826171875
2024-12-31,508.0097961425781
2025-01-02,507.0160827636719
2025-01-03,515.3134765625
2025-01-06,521.2359619140625
2025-01-07,511.93487548828125
2025-01-08,512.0243530273438
2025-01-10,503.9952087402344
2025-01-13,502.37548828125
2025-01-14,501.8985290527344
2025-01-15,513.4453125
2025-01-16,509.84814453125
2025-01-17,518.45361328125
2025-01-21,521.4942626953125
2025-01-22,528.1620483398438
2025-01-23,529.2849731445312
2025-01-24,526.2938842773438
2025-01-27,510.97100830078125
2025-01-28,518.5231323242188
2025-01-29,517.5493774414062
2025-01-30,519.7553100585938
2025-01-31,519.0000610351562
2025-02-03,514.846435546875
2025-02-04,521.1663208007812
2025-02-05,523.5313720703125
2025-02-06,526.2639770507812
2025-02-07,519.6261596679688
2025-02-10,525.916259765625
2025-02-11,524.6642456054688
2025-02-12,524.9722290039062
2025-02-13,532.5243530273438
2025-02-14,534.7601928710938
2025-02-18,535.9724731445312
2025-02-19,536.12158203125
2025-02-20,533.845947265625
2025-02-21,522.7662353515625
2025-02-24,516.5953369140625
2025-02-25,510.08660888671875
2025-02-26,511.31878662109375
2025-02-27,497.1188049316406
2025-02-28,504.96905517578125
2025-03-03,493.9190673828125
2025-03-04,492.42852783203125
2025-03-05,498.8478698730469
2025-03-06,485.1248474121094
2025-03-07,488.6922302246094
2025-03-10,469.7523193359375
2025-03-11,468.62939453125
2025-03-12,473.9158935546875
2025-03-13,465.3899230957031
2025-03-14,476.6386413574219
2025-03-17,479.72900390625
2025-03-18,471.5509033203125
2025-03-19,477.86090087890625
2025-03-20,476.2411804199219
2025-03-21,477.8111877441406
2025-03-24,488.29644775390625
2025-03-25,491.08294677734375
2025-03-26,482.04669189453125
2025-03-27,479.29998779296875
2025-03-28,466.6810607910156
2025-03-31,466.6611633300781
2025-04-01,470.4229736328125
2025-04-02,473.8563232421875
2025-04-03,448.4891052246094
2025-04-04,420.6339416503906
2025-04-07,421.6490478515625
2025-04-08,414.0557556152344
2025-04-09,463.75518798828125
2025-04-10,444.03070068359375
2025-04-11,452.2110900878906
2025-04-14,455.2762756347656
2025-04-15,455.7838439941406
2025-04-16,442.0403137207031
2025-04-17,441.9607238769531
2025-04-21,431.02362060546875
2025-04-22,442.3388977050781
2025-04-23,452.37030029296875
2025-04-24,465.0987243652344
2025-04-25,470.28363037109375
2025-04-28,470.1343688964844
2025-04-29,473.23931884765625
2025-04-30,473.1795959472656
2025-05-01,479.35968017578125
2025-05-02,486.4752197265625
2025-05-05,483.5892028808594
2025-05-06,479.0909729003906
2025-05-07,480.9718933105469
2025-05-08,485.9378662109375
2025-05-09,485.6194152832031
2025-05-12,505.40362548828125
2025-05-13,513.1063842773438
2025-05-14,516.1814575195312
2025-05-15,516.7487182617188
2025-05-16,518.997802734375
2025-05-19,519.4954223632812
2025-05-20,517.7637939453125
2025-05-21,510.5686340332031
2025-05-22,511.5239562988281
2025-05-23,506.78692626953125
2025-05-27,518.7091674804688
2025-05-28,516.4102783203125
2025-05-29,517.4254150390625
2025-05-30,516.609375
2025-06-02,520.689697265625
2025-06-03,524.7598876953125
2025-06-04,526.2228393554688
2025-06-05,522.261962890625
2025-06-06,527.3672485351562
2025-06-09,528.1435546875
2025-06-10,531.63671875
2025-06-11,529.8453369140625
2025-06-12,531.0892944335938
2025-06-13,524.4215698242188
2025-06-16,531.7161865234375
2025-06-17,526.5314331054688
2025-06-18,526.4417724609375
2025-06-20,524.292236328125
2025-06-23,529.6832275390625
2025-06-24,537.783203125
2025-06-25,539.157958984375
2025-06-26,544.1992797851562
2025-06-27,546.0623779296875
2025-06-30,549.5992431640625
2025-07-01,544.9664306640625
2025-07-02,548.7623291015625
2025-07-03,554.1622924804688
2025-07-07,549.9878540039062
2025-07-08,550.2966918945312
2025-07-09,554.1921997070312
2025-07-10,553.3952026367188
2025-07-11,552.1497802734375
2025-07-14,554.1524047851562
2025-07-15,554.660400390625
2025-07-16,555.2283325195312
2025-07-17,559.7216186523438
2025-07-18,559.1836547851562
2025-07-21,562.0828857421875
2025-07-22,559.1737060546875
2025-07-23,561.7242431640625
2025-07-24,562.9197387695312
2025-07-25,564.2747192382812
2025-07-28,566.0382690429688
2025-07-29,565.1614990234375
2025-07-30,565.9186401367188
2025-07-31,562.9197387695312
2025-08-01,551.8309936523438
2025-08-04,562.0131225585938
2025-08-05,558.1973266601562
2025-08-06,565.2212524414062
2025-08-07,567.1340942382812
2025-08-08,572.4244995117188
2025-08-11,570.730712890625
2025-08-12,577.9041137695312
2025-08-13,578.193115234375
2025-08-14,577.7447509765625
2025-08-15,575.2042236328125
2025-08-18,574.9750366210938
2025-08-19,567.1740112304688
2025-08-20,563.8065185546875
2025-08-21,561.1962280273438
2025-08-22,569.85400390625
2025-08-25,568.210205078125
2025-08-26,570.4915771484375
2025-08-27,571.368408203125
2025-08-28,574.9451293945312
2025-08-29,568.2898559570312
2025-09-02,563.527587890625
2025-09-03,567.9610595703125
2025-09-04,573.1019287109375
2025-09-05,573.9288940429688
2025-09-08,576.728515625
2025-09-09,578.3624267578125
2025-09-10,578.5517578125
2025-09-11,581.9192504882812
2025-09-12,584.4896850585938
2025-09-15,589.4910888671875
2025-09-16,588.992919921875
2025-09-17,587.8173217773438
2025-09-18,593.11767578125
2025-09-19,597.1326904296875
2025-09-22,600.667724609375
2025-09-23,596.6779174804688
2025-09-24,594.583251953125
2025-09-25,592.0198364257812
2025-09-26,594.4535522460938
2025-09-29,597.20654296875
2025-09-30,598.8424072265625
2025-10-01,601.7150268554688
2025-10-02,604.188720703125
2025-10-03,601.645263671875
2025-10-06,606.1636962890625
2025-10-07,602.9718627929688
2025-10-08,609.8842163085938
2025-10-09,609.1461181640625
2025-10-10,588.0000610351562
2025-10-13,600.4782104492188
2025-10-14,596.4784545898438
2025-10-15,600.6876831054688
2025-10-16,598.46337890625
2025-10-17,602.393310546875
2025-10-20,609.9839477539062
2025-10-21,609.8244018554688
2025-10-22,603.9493408203125
2025-10-23,609.0264282226562
2025-10-24,615.52978515625
2025-10-27,626.4918823242188
2025-10-28,631.3095703125
2025-10-29,634.15234375
2025-10-30,624.45703125
2025-10-31,627.4694213867188
2025-11-03,630.4716796875
2025-11-04,617.67431640625
2025-11-05,621.6941528320312
2025-11-06,610.1136474609375
2025-11-07,608.1885375976562
2025-11-10,621.6442260742188
2025-11-11,619.9884643554688
2025-11-12,619.4996948242188
2025-11-13,606.8519897460938
2025-11-14,607.310791015625
2025-11-17,602.1240234375
2025-11-18,594.7926635742188
2025-11-19,598.3436279296875
2025-11-20,584.1797485351562
2025-11-21,588.568603515625
2025-11-24,603.6201782226562
2025-11-25,607.3407592773438
2025-11-26,612.70703125
2025-11-28,617.67431640625
2025-12-01,615.599609375
2025-12-02,620.4172973632812
2025-12-03,621.9334716796875
2025-12-04,621.35498046875
2025-12-05,623.8884887695312
2025-12-08,622.6915283203125
2025-12-09,623.4595336914062
2025-12-10,626.0130615234375
2025-12-11,623.98828125
2025-12-12,612.0586547851562
2025-12-15,608.9865112304688
2025-12-16,610.1934204101562
2025-12-17,598.8822631835938
2025-12-18,607.5601196289062
2025-12-19,615.47998046875
2025-12-22,618.4302368164062
2025-12-23,621.3265380859375
2025-12-24,623.144287109375
2025-12-26,623.1043090820312
2025-12-29,620.088134765625
2025-12-30,618.64990234375
2025-12-31,613.536376953125
2026-01-02,612.347900390625
2026-01-05,617.2117309570312
2026-01-06,622.6348876953125
2026-01-07,623.2341918945312
2026-01-08,619.6885986328125
2026-01-09,625.86083984375
2026-01-12,626.3801879882812
2026-01-13,625.4513549804688
2026-01-14,618.769775390625
2026-01-15,620.9970092773438
2026-01-16,620.4776611328125
2026-01-20,607.2942504882812
2026-01-21,615.50390625
2026-01-22,619.978271484375
2026-01-23,621.935791015625
2026-01-26,624.67236328125
2026-01-27,630.335205078125
2026-01-28,632.4225463867188
2026-01-29,628.6373291015625
2026-01-30,621.0868530273438
2026-02-02,625.3515014648438
2026-02-03,615.7435913085938
2026-02-04,604.9871826171875
2026-02-05,596.2781982421875
2026-02-06,608.8822631835938
2026-02-09,613.54638671875
2026-02-10,610.699951171875
2026-02-11,612.337890625
2026-02-12,599.8836059570312
2026-02-13,601.1619873046875
2026-02-17,600.542724609375
2026-02-18,605.027099609375
2026-02-19,602.7100219726562
2026-02-20,608.0433349609375
2026-02-23,600.652587890625
2026-02-24,607.1044921875
2026-02-25,615.9033813476562
2026-02-26,608.4727783203125
2026-02-27,606.5252075195312
2026-03-02,607.32421875
2026-03-03,600.8224487304688
2026-03-04,609.9808959960938
2026-03-05,608.1431274414062
2026-03-06,598.9946899414062
2026-03-09,606.99462890625
2026-03-10,607.004638671875
2026-03-11,606.9247436523438
2026-03-12,596.5078735351562
2026-03-13,592.9722900390625
2026-03-16,599.6239013671875
2026-03-17,602.5502319335938
2026-03-18,594.15087890625
2026-03-19,592.273193359375
2026-03-20,581.3269653320312
2026-03-23,588.0
2026-03-24,583.97998046875
2026-03-25,587.8200073242188
2026-03-26,573.7899780273438
2026-03-27,562.5800170898438
2026-03-30,558.280029296875
2026-03-31,577.1799926757812
2026-04-01,584.3099975585938
2026-04-02,584.97998046875
2026-04-06,588.5
2026-04-07,588.5900268554688
2026-04-08,606.0900268554688
2026-04-09,610.1900024414062
2026-04-10,611.0700073242188
2026-04-13,617.3900146484375
2026-04-14,628.5999755859375
2026-04-15,637.4000244140625
2026-04-16,640.469970703125
2026-04-17,648.8499755859375
