Date,Close
2010-01-04,30.344999313354492
2010-01-05,30.25
2010-01-06,30.25
2010-01-07,30.204999923706055
2010-01-08,30.299999237060547
2010-01-11,30.260000228881836
2010-01-12,29.860000610351562
2010-01-13,29.94499969482422
2010-01-14,30.075000762939453
2010-01-15,29.524999618530273
2010-01-18,29.704999923706055
2010-01-19,29.9950008392334
2010-01-20,29.280000686645508
2010-01-21,28.665000915527344
2010-01-22,28.40999984741211
2010-01-25,28.09000015258789
2010-01-26,28.469999313354492
2010-01-27,28.030000686645508
2010-01-28,27.53499984741211
2010-01-29,27.940000534057617
2010-02-01,28.094999313354492
2010-02-02,28.479999542236328
2010-02-03,28.204999923706055
2010-02-04,27.209999084472656
2010-02-05,26.469999313354492
2010-02-08,26.774999618530273
2010-02-09,27.030000686645508
2010-02-10,27.139999389648438
2010-02-11,27.014999389648438
2010-02-12,26.93000030517578
2010-02-15,27.03499984741211
2010-02-16,27.415000915527344
2010-02-17,27.829999923706055
2010-02-18,27.94499969482422
2010-02-19,28.079999923706055
2010-02-22,27.93000030517578
2010-02-23,27.489999771118164
2010-02-24,27.510000228881836
2010-02-25,26.959999084472656
2010-02-26,27.489999771118164
2010-03-01,27.90999984741211
2010-03-02,28.15999984741211
2010-03-03,28.395000457763672
2010-03-04,28.280000686645508
2010-03-05,28.93000030517578
2010-03-08,28.985000610351562
2010-03-09,28.959999084472656
2010-03-10,29.264999389648438
2010-03-11,29.09000015258789
2010-03-12,29.1299991607666
2010-03-15,28.8700008392334
2010-03-16,29.235000610351562
2010-03-17,29.489999771118164
2010-03-18,29.334999084472656
2010-03-19,29.100000381469727
2010-03-22,29.100000381469727
2010-03-23,29.260000228881836
2010-03-24,29.170000076293945
2010-03-25,29.684999465942383
2010-03-26,29.584999084472656
2010-03-29,29.649999618530273
2010-03-30,29.540000915527344
2010-03-31,29.489999771118164
2010-04-01,29.9950008392334
2010-04-06,30.040000915527344
2010-04-07,29.899999618530273
2010-04-08,29.6299991607666
2010-04-09,30.110000610351562
2010-04-12,30.204999923706055
2010-04-13,30.05500030517578
2010-04-14,30.264999389648438
2010-04-15,30.329999923706055
2010-04-16,29.674999237060547
2010-04-19,29.545000076293945
2010-04-20,29.985000610351562
2010-04-21,29.645000457763672
2010-04-22,29.1299991607666
2010-04-23,29.450000762939453
2010-04-26,29.68000030517578
2010-04-27,28.4950008392334
2010-04-28,27.844999313354492
2010-04-29,28.514999389648438
2010-04-30,28.450000762939453
2010-05-03,28.5
2010-05-04,27.46500015258789
2010-05-05,27.19499969482422
2010-05-06,26.665000915527344
2010-05-07,26.665000915527344
2010-05-10,28.239999771118164
2010-05-11,27.94499969482422
2010-05-12,28.209999084472656
2010-05-13,28.19499969482422
2010-05-14,26.989999771118164
2010-05-17,26.9950008392334
2010-05-18,27.545000076293945
2010-05-19,26.81999969482422
2010-05-20,26.389999389648438
2010-05-21,26.524999618530273
2010-05-24,26.399999618530273
2010-05-25,25.600000381469727
2010-05-26,26.040000915527344
2010-05-27,26.969999313354492
2010-05-28,26.985000610351562
2010-05-31,26.90999984741211
2010-06-01,26.889999389648438
2010-06-02,26.815000534057617
2010-06-03,27.155000686645508
2010-06-04,26.405000686645508
2010-06-07,26.15999984741211
2010-06-08,25.959999084472656
2010-06-09,26.385000228881836
2010-06-10,26.895000457763672
2010-06-11,27.110000610351562
2010-06-14,27.719999313354492
2010-06-15,28.024999618530273
2010-06-16,28.045000076293945
2010-06-17,28.139999389648438
2010-06-18,28.235000610351562
2010-06-21,28.575000762939453
2010-06-22,28.344999313354492
2010-06-23,27.934999465942383
2010-06-24,27.315000534057617
2010-06-25,27.184999465942383
2010-06-28,27.56999969482422
2010-06-29,26.450000762939453
2010-06-30,26.649999618530273
2010-07-01,26.079999923706055
2010-07-02,26.094999313354492
2010-07-05,25.959999084472656
2010-07-06,26.65999984741211
2010-07-07,27.219999313354492
2010-07-08,27.545000076293945
2010-07-09,27.719999313354492
2010-07-12,27.764999389648438
2010-07-13,28.260000228881836
2010-07-14,28.28499984741211
2010-07-15,27.90999984741211
2010-07-16,27.309999465942383
2010-07-19,27.219999313354492
2010-07-20,27.155000686645508
2010-07-21,27.28499984741211
2010-07-22,28.045000076293945
2010-07-23,28.094999313354492
2010-07-26,28.31999969482422
2010-07-27,28.584999084472656
2010-07-28,28.549999237060547
2010-07-29,28.420000076293945
2010-07-30,28.30500030517578
2010-08-02,29.155000686645508
2010-08-03,29.084999084472656
2010-08-04,29.155000686645508
2010-08-05,29.100000381469727
2010-08-06,28.700000762939453
2010-08-09,29.190000534057617
2010-08-10,28.899999618530273
2010-08-11,28.155000686645508
2010-08-12,28.145000457763672
2010-08-13,27.975000381469727
2010-08-16,27.8799991607666
2010-08-17,28.299999237060547
2010-08-18,28.200000762939453
2010-08-19,27.65999984741211
2010-08-20,27.34000015258789
2010-08-23,27.530000686645508
2010-08-24,27.049999237060547
2010-08-25,26.78499984741211
2010-08-26,26.985000610351562
2010-08-27,27.235000610351562
2010-08-30,27.094999313354492
2010-08-31,27.15999984741211
2010-09-01,28.100000381469727
2010-09-02,28.084999084472656
2010-09-03,28.385000228881836
2010-09-06,28.479999542236328
2010-09-07,28.19499969482422
2010-09-08,28.459999084472656
2010-09-09,28.75
2010-09-10,28.7450008392334
2010-09-13,28.9950008392334
2010-09-14,29.014999389648438
2010-09-15,28.8799991607666
2010-09-16,28.770000457763672
2010-09-17,28.5
2010-09-20,28.985000610351562
2010-09-21,28.899999618530273
2010-09-22,28.479999542236328
2010-09-23,28.34000015258789
2010-09-24,28.875
2010-09-27,28.700000762939453
2010-09-28,28.709999084472656
2010-09-29,28.475000381469727
2010-09-30,28.415000915527344
2010-10-01,28.290000915527344
2010-10-04,27.924999237060547
2010-10-05,28.520000457763672
2010-10-06,28.780000686645508
2010-10-07,28.829999923706055
2010-10-08,28.829999923706055
2010-10-11,27.920000076293945
2010-10-12,27.764999389648438
2010-10-13,28.469999313354492
2010-10-14,28.3799991607666
2010-10-15,28.469999313354492
2010-10-18,28.520000457763672
2010-10-19,28.399999618530273
2010-10-20,28.530000686645508
2010-10-21,28.864999771118164
2010-10-22,28.774999618530273
2010-10-25,28.739999771118164
2010-10-26,28.545000076293945
2010-10-27,28.329999923706055
2010-10-28,28.46500015258789
2010-10-29,28.459999084472656
2010-11-01,28.389999389648438
2010-11-02,28.639999389648438
2010-11-03,28.31999969482422
2010-11-04,28.860000610351562
2010-11-05,28.770000457763672
2010-11-08,28.760000228881836
2010-11-09,28.979999542236328
2010-11-10,28.540000915527344
2010-11-11,28.385000228881836
2010-11-12,28.325000762939453
2010-11-15,28.600000381469727
2010-11-16,27.924999237060547
2010-11-17,28.145000457763672
2010-11-18,28.674999237060547
2010-11-19,28.600000381469727
2010-11-22,28.239999771118164
2010-11-23,27.510000228881836
2010-11-24,27.709999084472656
2010-11-25,27.774999618530273
2010-11-26,27.489999771118164
2010-11-29,26.799999237060547
2010-11-30,26.649999618530273
2010-12-01,27.3700008392334
2010-12-02,27.950000762939453
2010-12-03,27.954999923706055
2010-12-06,27.854999542236328
2010-12-07,28.219999313354492
2010-12-08,28.329999923706055
2010-12-09,28.56999969482422
2010-12-10,28.559999465942383
2010-12-13,28.709999084472656
2010-12-14,28.78499984741211
2010-12-15,28.565000534057617
2010-12-16,28.600000381469727
2010-12-17,28.364999771118164
2010-12-20,28.530000686645508
2010-12-21,28.90999984741211
2010-12-22,28.84000015258789
2010-12-23,28.790000915527344
2010-12-27,28.405000686645508
2010-12-28,28.415000915527344
2010-12-29,28.565000534057617
2010-12-30,27.979999542236328
2011-01-03,28.559999465942383
2011-01-04,28.579999923706055
2011-01-05,28.479999542236328
2011-01-06,28.485000610351562
2011-01-07,28.190000534057617
2011-01-10,27.770000457763672
2011-01-11,28.125
2011-01-12,28.934999465942383
2011-01-13,29.334999084472656
2011-01-14,29.375
2011-01-17,29.274999618530273
2011-01-18,29.639999389648438
2011-01-19,29.434999465942383
2011-01-20,29.44499969482422
2011-01-21,29.924999237060547
2011-01-24,29.985000610351562
2011-01-25,29.7450008392334
2011-01-26,29.8700008392334
2011-01-27,30.1200008392334
2011-01-28,29.725000381469727
2011-01-31,29.735000610351562
2011-02-01,30.2549991607666
2011-02-02,30.329999923706055
2011-02-03,30.170000076293945
2011-02-04,30.25
2011-02-07,30.53499984741211
2011-02-08,30.625
2011-02-09,30.524999618530273
2011-02-10,30.475000381469727
2011-02-11,30.485000610351562
2011-02-14,30.420000076293945
2011-02-15,30.5
2011-02-16,30.81999969482422
2011-02-17,30.860000610351562
2011-02-18,30.899999618530273
2011-02-21,30.329999923706055
2011-02-22,30.079999923706055
2011-02-23,29.75
2011-02-24,29.704999923706055
2011-02-25,30.06999969482422
2011-02-28,30.350000381469727
2011-03-01,30.049999237060547
2011-03-02,29.790000915527344
2011-03-03,29.915000915527344
2011-03-04,29.71500015258789
2011-03-07,29.524999618530273
2011-03-08,29.68000030517578
2011-03-09,29.549999237060547
2011-03-10,29.295000076293945
2011-03-11,29.049999237060547
2011-03-14,28.729999542236328
2011-03-15,28.06999969482422
2011-03-16,27.44499969482422
2011-03-17,28.110000610351562
2011-03-18,28.15999984741211
2011-03-21,28.860000610351562
2011-03-22,28.78499984741211
2011-03-23,28.885000228881836
2011-03-24,29.325000762939453
2011-03-25,29.334999084472656
2011-03-28,29.344999313354492
2011-03-29,29.315000534057617
2011-03-30,29.584999084472656
2011-03-31,29.334999084472656
2011-04-01,29.854999542236328
2011-04-04,29.80500030517578
2011-04-05,29.735000610351562
2011-04-06,29.924999237060547
2011-04-07,29.860000610351562
2011-04-08,30.065000534057617
2011-04-11,29.975000381469727
2011-04-12,29.53499984741211
2011-04-13,29.735000610351562
2011-04-14,29.43000030517578
2011-04-15,29.440000534057617
2011-04-18,28.71500015258789
2011-04-19,28.844999313354492
2011-04-20,29.489999771118164
2011-04-21,29.670000076293945
2011-04-26,29.8799991607666
2011-04-27,30.114999771118164
2011-04-28,30.389999389648438
2011-04-29,30.469999313354492
2011-05-02,30.479999542236328
2011-05-03,30.424999237060547
2011-05-04,29.94499969482422
2011-05-05,29.7549991607666
2011-05-06,30.110000610351562
2011-05-09,29.6200008392334
2011-05-10,30.010000228881836
2011-05-11,30.104999542236328
2011-05-12,29.815000534057617
2011-05-13,29.645000457763672
2011-05-16,29.540000915527344
2011-05-17,29.2450008392334
2011-05-18,29.424999237060547
2011-05-19,29.614999771118164
2011-05-20,29.325000762939453
2011-05-23,28.809999465942383
2011-05-24,28.8700008392334
2011-05-25,29.040000915527344
2011-05-26,28.864999771118164
2011-05-27,29.079999923706055
2011-05-30,29.024999618530273
2011-05-31,29.594999313354492
2011-06-01,29.190000534057617
2011-06-02,28.704999923706055
2011-06-03,28.780000686645508
2011-06-06,28.565000534057617
2011-06-07,28.655000686645508
2011-06-08,28.43000030517578
2011-06-09,28.674999237060547
2011-06-10,28.25
2011-06-13,28.260000228881836
2011-06-14,28.729999542236328
2011-06-15,28.239999771118164
2011-06-16,28.229999542236328
2011-06-17,28.65999984741211
2011-06-20,28.469999313354492
2011-06-21,28.9950008392334
2011-06-22,28.954999923706055
2011-06-23,28.2450008392334
2011-06-24,28.135000228881836
2011-06-27,28.170000076293945
2011-06-28,28.46500015258789
2011-06-29,29.020000457763672
2011-06-30,29.514999389648438
2011-07-01,29.760000228881836
2011-07-04,29.690000534057617
2011-07-05,29.545000076293945
2011-07-06,28.309999465942383
2011-07-07,28.40999984741211
2011-07-08,27.8700008392334
2011-07-11,27.05500030517578
2011-07-12,26.905000686645508
2011-07-13,27.125
2011-07-14,26.93000030517578
2011-07-15,26.760000228881836
2011-07-18,26.19499969482422
2011-07-19,26.545000076293945
2011-07-20,27.030000686645508
2011-07-21,27.625
2011-07-22,27.739999771118164
2011-07-25,27.43000030517578
2011-07-26,27.364999771118164
2011-07-27,26.905000686645508
2011-07-28,26.90999984741211
2011-07-29,26.709999084472656
2011-08-01,25.915000915527344
2011-08-02,25.424999237060547
2011-08-03,24.969999313354492
2011-08-04,24.09000015258789
2011-08-05,23.709999084472656
2011-08-08,22.825000762939453
2011-08-09,22.93000030517578
2011-08-10,21.540000915527344
2011-08-11,22.100000381469727
2011-08-12,23.06999969482422
2011-08-15,23.204999923706055
2011-08-16,23.229999542236328
2011-08-17,23.30500030517578
2011-08-18,22.084999084472656
2011-08-19,21.610000610351562
2011-08-22,21.834999084472656
2011-08-23,22.0
2011-08-24,22.389999389648438
2011-08-25,22.165000915527344
2011-08-26,21.920000076293945
2011-08-29,22.420000076293945
2011-08-30,22.405000686645508
2011-08-31,23.024999618530273
2011-09-01,23.0
2011-09-02,22.174999237060547
2011-09-05,21.155000686645508
2011-09-06,20.844999313354492
2011-09-07,21.53499984741211
2011-09-08,21.635000228881836
2011-09-09,20.739999771118164
2011-09-12,20.049999237060547
2011-09-13,20.315000534057617
2011-09-14,20.825000762939453
2011-09-15,21.559999465942383
2011-09-16,21.46500015258789
2011-09-19,21.03499984741211
2011-09-20,21.459999084472656
2011-09-21,21.075000762939453
2011-09-22,20.040000915527344
2011-09-23,20.31999969482422
2011-09-26,20.915000915527344
2011-09-27,22.014999389648438
2011-09-28,21.809999465942383
2011-09-29,22.170000076293945
2011-09-30,21.84000015258789
2011-10-03,21.434999465942383
2011-10-04,20.959999084472656
2011-10-05,21.875
2011-10-06,22.53499984741211
2011-10-07,22.7450008392334
2011-10-10,23.270000457763672
2011-10-11,23.225000381469727
2011-10-12,23.795000076293945
2011-10-13,23.395000457763672
2011-10-14,23.635000228881836
2011-10-17,23.239999771118164
2011-10-18,23.170000076293945
2011-10-19,23.375
2011-10-20,22.80500030517578
2011-10-21,23.424999237060547
2011-10-24,23.774999618530273
2011-10-25,23.520000457763672
2011-10-26,23.40999984741211
2011-10-27,24.854999542236328
2011-10-28,24.704999923706055
2011-10-31,23.950000762939453
2011-11-01,22.645000457763672
2011-11-02,22.985000610351562
2011-11-03,23.579999923706055
2011-11-04,22.954999923706055
2011-11-07,22.885000228881836
2011-11-08,23.18000030517578
2011-11-09,22.604999542236328
2011-11-10,22.704999923706055
2011-11-11,23.420000076293945
2011-11-14,23.024999618530273
2011-11-15,22.670000076293945
2011-11-16,22.84000015258789
2011-11-17,22.540000915527344
2011-11-18,22.514999389648438
2011-11-21,21.7549991607666
2011-11-22,21.540000915527344
2011-11-23,21.100000381469727
2011-11-24,21.030000686645508
2011-11-25,21.28499984741211
2011-11-28,22.389999389648438
2011-11-29,22.4950008392334
2011-11-30,23.475000381469727
2011-12-01,23.299999237060547
2011-12-02,23.610000610351562
2011-12-05,23.8799991607666
2011-12-06,23.739999771118164
2011-12-07,23.40999984741211
2011-12-08,22.829999923706055
2011-12-09,23.3799991607666
2011-12-12,22.645000457763672
2011-12-13,22.56999969482422
2011-12-14,22.03499984741211
2011-12-15,22.19499969482422
2011-12-16,21.975000381469727
2011-12-19,21.9950008392334
2011-12-20,22.6299991607666
2011-12-21,22.424999237060547
2011-12-22,22.704999923706055
2011-12-23,22.864999771118164
2011-12-27,22.90999984741211
2011-12-28,22.524999618530273
2011-12-29,22.94499969482422
2011-12-30,23.18000030517578
2012-01-02,23.665000915527344
2012-01-03,23.864999771118164
2012-01-04,23.489999771118164
2012-01-05,23.139999389648438
2012-01-06,22.954999923706055
2012-01-09,22.84000015258789
2012-01-10,23.469999313354492
2012-01-11,23.3700008392334
2012-01-12,23.475000381469727
2012-01-13,23.3700008392334
2012-01-16,23.649999618530273
2012-01-17,23.96500015258789
2012-01-18,23.93000030517578
2012-01-19,24.364999771118164
2012-01-20,24.28499984741211
2012-01-23,24.44499969482422
2012-01-24,24.344999313354492
2012-01-25,24.270000457763672
2012-01-26,24.670000076293945
2012-01-27,24.43000030517578
2012-01-30,24.100000381469727
2012-01-31,24.239999771118164
2012-02-01,24.774999618530273
2012-02-02,24.844999313354492
2012-02-03,25.200000762939453
2012-02-06,25.149999618530273
2012-02-07,25.219999313354492
2012-02-08,25.170000076293945
2012-02-09,25.290000915527344
2012-02-10,24.864999771118164
2012-02-13,24.94499969482422
2012-02-14,24.950000762939453
2012-02-15,24.979999542236328
2012-02-16,24.924999237060547
2012-02-17,25.270000457763672
2012-02-20,25.579999923706055
2012-02-21,25.469999313354492
2012-02-22,25.2450008392334
2012-02-23,25.1299991607666
2012-02-24,25.290000915527344
2012-02-27,25.209999084472656
2012-02-28,25.274999618530273
2012-02-29,25.174999237060547
2012-03-01,25.549999237060547
2012-03-02,25.5
2012-03-05,25.34000015258789
2012-03-06,24.479999542236328
2012-03-07,24.665000915527344
2012-03-08,25.21500015258789
2012-03-09,25.209999084472656
2012-03-12,25.219999313354492
2012-03-13,25.625
2012-03-14,25.829999923706055
2012-03-15,26.024999618530273
2012-03-16,26.145000457763672
2012-03-19,26.155000686645508
2012-03-20,25.850000381469727
2012-03-21,25.774999618530273
2012-03-22,25.375
2012-03-23,25.315000534057617
2012-03-26,25.475000381469727
2012-03-27,25.315000534057617
2012-03-28,25.024999618530273
2012-03-29,24.604999542236328
2012-03-30,24.875
2012-04-02,25.065000534057617
2012-04-03,24.655000686645508
2012-04-04,24.030000686645508
2012-04-05,23.989999771118164
2012-04-10,23.270000457763672
2012-04-11,23.489999771118164
2012-04-12,23.625
2012-04-13,23.024999618530273
2012-04-16,23.1299991607666
2012-04-17,23.809999465942383
2012-04-18,23.405000686645508
2012-04-19,22.950000762939453
2012-04-20,23.295000076293945
2012-04-23,22.59000015258789
2012-04-24,22.9950008392334
2012-04-25,23.415000915527344
2012-04-26,23.420000076293945
2012-04-27,23.635000228881836
2012-04-30,23.34000015258789
2012-05-02,23.15999984741211
2012-05-03,23.110000610351562
2012-05-04,22.799999237060547
2012-05-07,23.184999465942383
2012-05-08,22.709999084472656
2012-05-09,22.6200008392334
2012-05-10,22.934999465942383
2012-05-11,23.059999465942383
2012-05-14,22.510000228881836
2012-05-15,22.274999618530273
2012-05-16,22.204999923706055
2012-05-17,21.940000534057617
2012-05-18,21.94499969482422
2012-05-21,22.084999084472656
2012-05-22,22.530000686645508
2012-05-23,21.94499969482422
2012-05-24,22.165000915527344
2012-05-25,22.235000610351562
2012-05-28,22.125
2012-05-29,22.239999771118164
2012-05-30,21.799999237060547
2012-05-31,21.815000534057617
2012-06-01,21.309999465942383
2012-06-04,21.43000030517578
2012-06-05,21.520000457763672
2012-06-06,22.05500030517578
2012-06-07,22.079999923706055
2012-06-08,22.139999389648438
2012-06-11,22.065000534057617
2012-06-12,22.135000228881836
2012-06-13,22.125
2012-06-14,22.19499969482422
2012-06-15,22.485000610351562
2012-06-18,22.290000915527344
2012-06-19,22.729999542236328
2012-06-20,22.829999923706055
2012-06-21,22.735000610351562
2012-06-22,22.625
2012-06-25,22.030000686645508
2012-06-26,22.020000457763672
2012-06-27,22.420000076293945
2012-06-28,22.325000762939453
2012-06-29,23.434999465942383
2012-07-02,23.729999542236328
2012-07-03,24.010000228881836
2012-07-04,23.934999465942383
2012-07-05,23.639999389648438
2012-07-06,23.135000228881836
2012-07-09,23.059999465942383
2012-07-10,23.225000381469727
2012-07-11,22.44499969482422
2012-07-12,22.229999542236328
2012-07-13,22.56999969482422
2012-07-16,22.5
2012-07-17,22.5
2012-07-18,22.809999465942383
2012-07-19,23.010000228881836
2012-07-20,22.334999084472656
2012-07-23,21.7549991607666
2012-07-24,21.5049991607666
2012-07-25,21.55500030517578
2012-07-26,22.475000381469727
2012-07-27,23.0049991607666
2012-07-30,23.350000381469727
2012-07-31,23.2549991607666
2012-08-01,23.31999969482422
2012-08-02,22.6299991607666
2012-08-03,23.65999984741211
2012-08-06,23.94499969482422
2012-08-07,24.395000457763672
2012-08-08,24.309999465942383
2012-08-09,24.364999771118164
2012-08-10,24.204999923706055
2012-08-13,24.1299991607666
2012-08-14,24.295000076293945
2012-08-15,24.295000076293945
2012-08-16,24.549999237060547
2012-08-17,24.700000762939453
2012-08-20,24.645000457763672
2012-08-21,24.889999389648438
2012-08-22,24.5
2012-08-23,24.25
2012-08-24,24.329999923706055
2012-08-27,24.579999923706055
2012-08-28,24.395000457763672
2012-08-29,24.315000534057617
2012-08-30,24.03499984741211
2012-08-31,24.3799991607666
2012-09-03,24.6200008392334
2012-09-04,24.3700008392334
2012-09-05,24.375
2012-09-06,25.219999313354492
2012-09-07,25.395000457763672
2012-09-10,25.295000076293945
2012-09-11,25.59000015258789
2012-09-12,25.65999984741211
2012-09-13,25.424999237060547
2012-09-14,25.94499969482422
2012-09-17,25.850000381469727
2012-09-18,25.53499984741211
2012-09-19,25.68000030517578
2012-09-20,25.53499984741211
2012-09-21,25.764999389648438
2012-09-24,25.6200008392334
2012-09-25,25.75
2012-09-26,25.065000534057617
2012-09-27,25.100000381469727
2012-09-28,24.639999389648438
2012-10-01,25.045000076293945
2012-10-02,25.014999389648438
2012-10-03,24.979999542236328
2012-10-04,24.899999618530273
2012-10-05,25.375
2012-10-08,25.030000686645508
2012-10-09,24.75
2012-10-10,24.604999542236328
2012-10-11,24.934999465942383
2012-10-12,24.764999389648438
2012-10-15,24.905000686645508
2012-10-16,25.55500030517578
2012-10-17,25.780000686645508
2012-10-18,25.84000015258789
2012-10-19,25.4950008392334
2012-10-22,25.399999618530273
2012-10-23,24.854999542236328
2012-10-24,24.989999771118164
2012-10-25,24.920000076293945
2012-10-26,25.03499984741211
2012-10-29,24.850000381469727
2012-10-30,25.25
2012-10-31,25.104999542236328
2012-11-01,25.420000076293945
2012-11-02,25.559999465942383
2012-11-05,25.25
2012-11-06,25.440000534057617
2012-11-07,24.889999389648438
2012-11-08,24.875
2012-11-09,24.895000457763672
2012-11-12,24.844999313354492
2012-11-13,25.010000228881836
2012-11-14,24.815000534057617
2012-11-15,24.709999084472656
2012-11-16,24.3799991607666
2012-11-19,25.075000762939453
2012-11-20,25.19499969482422
2012-11-21,25.290000915527344
2012-11-22,25.454999923706055
2012-11-23,25.655000686645508
2012-11-26,25.540000915527344
2012-11-27,25.5
2012-11-28,25.559999465942383
2012-11-29,25.899999618530273
2012-11-30,25.8799991607666
2012-12-03,25.90999984741211
2012-12-04,26.010000228881836
2012-12-05,26.03499984741211
2012-12-06,26.139999389648438
2012-12-07,26.104999542236328
2012-12-10,26.065000534057617
2012-12-11,26.325000762939453
2012-12-12,26.290000915527344
2012-12-13,26.25
2012-12-14,26.280000686645508
2012-12-17,26.290000915527344
2012-12-18,26.440000534057617
2012-12-19,26.545000076293945
2012-12-20,26.584999084472656
2012-12-21,26.520000457763672
2012-12-27,26.600000381469727
2012-12-28,26.274999618530273
2013-01-02,27.09000015258789
2013-01-03,27.030000686645508
2013-01-04,27.125
2013-01-07,26.979999542236328
2013-01-08,26.924999237060547
2013-01-09,27.084999084472656
2013-01-10,27.104999542236328
2013-01-11,27.209999084472656
2013-01-14,27.170000076293945
2013-01-15,27.06999969482422
2013-01-16,27.049999237060547
2013-01-17,27.219999313354492
2013-01-18,27.1200008392334
2013-01-21,27.325000762939453
2013-01-22,27.204999923706055
2013-01-23,27.135000228881836
2013-01-24,27.295000076293945
2013-01-25,27.5049991607666
2013-01-28,27.540000915527344
2013-01-29,27.584999084472656
2013-01-30,27.405000686645508
2013-01-31,27.100000381469727
2013-02-01,27.174999237060547
2013-02-04,26.34000015258789
2013-02-05,26.565000534057617
2013-02-06,26.264999389648438
2013-02-07,26.040000915527344
2013-02-08,26.3700008392334
2013-02-11,26.30500030517578
2013-02-12,26.565000534057617
2013-02-13,26.645000457763672
2013-02-14,26.454999923706055
2013-02-15,26.235000610351562
2013-02-18,26.229999542236328
2013-02-19,26.735000610351562
2013-02-20,26.44499969482422
2013-02-21,25.860000610351562
2013-02-22,26.385000228881836
2013-02-25,26.610000610351562
2013-02-26,25.790000915527344
2013-02-27,26.200000762939453
2013-02-28,26.424999237060547
2013-03-01,26.260000228881836
2013-03-04,26.290000915527344
2013-03-05,26.895000457763672
2013-03-06,26.8799991607666
2013-03-07,26.985000610351562
2013-03-08,27.344999313354492
2013-03-11,27.25
2013-03-12,27.18000030517578
2013-03-13,27.1299991607666
2013-03-14,27.5
2013-03-15,27.334999084472656
2013-03-18,27.149999618530273
2013-03-19,26.81999969482422
2013-03-20,27.190000534057617
2013-03-21,26.934999465942383
2013-03-22,26.915000915527344
2013-03-25,26.584999084472656
2013-03-26,26.5049991607666
2013-03-27,26.25
2013-03-28,26.329999923706055
2013-04-02,26.8799991607666
2013-04-03,26.489999771118164
2013-04-04,26.30500030517578
2013-04-05,25.954999923706055
2013-04-08,26.0049991607666
2013-04-09,26.040000915527344
2013-04-10,26.729999542236328
2013-04-11,26.90999984741211
2013-04-12,26.5049991607666
2013-04-15,26.405000686645508
2013-04-16,26.25
2013-04-17,25.690000534057617
2013-04-18,25.700000762939453
2013-04-19,25.924999237060547
2013-04-22,26.020000457763672
2013-04-23,26.84000015258789
2013-04-24,27.219999313354492
2013-04-25,27.239999771118164
2013-04-26,27.079999923706055
2013-04-29,27.475000381469727
2013-04-30,27.43000030517578
2013-05-02,27.545000076293945
2013-05-03,28.0049991607666
2013-05-06,27.915000915527344
2013-05-07,28.104999542236328
2013-05-08,28.28499984741211
2013-05-09,28.28499984741211
2013-05-10,28.3799991607666
2013-05-13,28.325000762939453
2013-05-14,28.524999618530273
2013-05-15,28.649999618530273
2013-05-16,28.65999984741211
2013-05-17,28.78499984741211
2013-05-20,28.915000915527344
2013-05-21,28.899999618530273
2013-05-22,29.040000915527344
2013-05-23,28.440000534057617
2013-05-24,28.31999969482422
2013-05-27,28.645000457763672
2013-05-28,29.05500030517578
2013-05-29,28.579999923706055
2013-05-30,28.709999084472656
2013-05-31,28.415000915527344
2013-06-03,28.190000534057617
2013-06-04,28.2450008392334
2013-06-05,27.774999618530273
2013-06-06,27.434999465942383
2013-06-07,27.94499969482422
2013-06-10,27.899999618530273
2013-06-11,27.530000686645508
2013-06-12,27.344999313354492
2013-06-13,27.31999969482422
2013-06-14,27.3799991607666
2013-06-17,27.7450008392334
2013-06-18,27.735000610351562
2013-06-19,27.540000915527344
2013-06-20,26.549999237060547
2013-06-21,26.15999984741211
2013-06-24,25.815000534057617
2013-06-25,26.135000228881836
2013-06-26,26.760000228881836
2013-06-27,26.920000076293945
2013-06-28,26.7549991607666
2013-07-01,26.950000762939453
2013-07-02,26.739999771118164
2013-07-03,26.44499969482422
2013-07-04,27.19499969482422
2013-07-05,26.690000534057617
2013-07-08,27.225000381469727
2013-07-09,27.3700008392334
2013-07-10,26.565000534057617
2013-07-11,26.809999465942383
2013-07-12,26.739999771118164
2013-07-15,26.875
2013-07-16,26.65999984741211
2013-07-17,26.815000534057617
2013-07-18,27.170000076293945
2013-07-19,27.145000457763672
2013-07-22,27.25
2013-07-23,27.21500015258789
2013-07-24,27.524999618530273
2013-07-25,27.40999984741211
2013-07-26,27.434999465942383
2013-07-29,27.405000686645508
2013-07-30,27.604999542236328
2013-07-31,27.670000076293945
2013-08-01,28.049999237060547
2013-08-02,28.094999313354492
2013-08-05,28.09000015258789
2013-08-06,27.924999237060547
2013-08-07,27.950000762939453
2013-08-08,28.165000915527344
2013-08-09,28.25
2013-08-12,28.280000686645508
2013-08-13,28.40999984741211
2013-08-14,28.524999618530273
2013-08-15,28.354999542236328
2013-08-16,28.530000686645508
2013-08-19,28.2450008392334
2013-08-20,27.8799991607666
2013-08-21,27.7450008392334
2013-08-22,28.104999542236328
2013-08-23,28.274999618530273
2013-08-26,28.225000381469727
2013-08-27,27.520000457763672
2013-08-28,27.40999984741211
2013-08-29,27.594999313354492
2013-08-30,27.229999542236328
2013-09-02,27.71500015258789
2013-09-03,27.53499984741211
2013-09-04,27.594999313354492
2013-09-05,27.735000610351562
2013-09-06,28.020000457763672
2013-09-09,27.969999313354492
2013-09-10,28.485000610351562
2013-09-11,28.645000457763672
2013-09-12,28.625
2013-09-13,28.674999237060547
2013-09-16,28.934999465942383
2013-09-17,28.899999618530273
2013-09-18,29.09000015258789
2013-09-19,29.334999084472656
2013-09-20,29.334999084472656
2013-09-23,29.149999618530273
2013-09-24,29.260000228881836
2013-09-25,29.290000915527344
2013-09-26,29.290000915527344
2013-09-27,29.219999313354492
2013-09-30,28.9950008392334
2013-10-01,29.395000457763672
2013-10-02,29.225000381469727
2013-10-03,29.075000762939453
2013-10-04,29.31999969482422
2013-10-07,29.280000686645508
2013-10-08,29.075000762939453
2013-10-09,29.09000015258789
2013-10-10,29.7549991607666
2013-10-11,29.780000686645508
2013-10-14,29.829999923706055
2013-10-15,30.104999542236328
2013-10-16,30.239999771118164
2013-10-17,30.174999237060547
2013-10-18,30.399999618530273
2013-10-21,30.375
2013-10-22,30.524999618530273
2013-10-23,30.2450008392334
2013-10-24,30.434999465942383
2013-10-25,30.40999984741211
2013-10-28,30.30500030517578
2013-10-29,30.575000762939453
2013-10-30,30.4950008392334
2013-10-31,30.7450008392334
2013-11-01,30.600000381469727
2013-11-04,30.69499969482422
2013-11-05,30.44499969482422
2013-11-06,30.665000915527344
2013-11-07,30.520000457763672
2013-11-08,30.424999237060547
2013-11-11,30.639999389648438
2013-11-12,30.440000534057617
2013-11-13,30.315000534057617
2013-11-14,30.645000457763672
2013-11-15,30.68000030517578
2013-11-18,30.94499969482422
2013-11-19,30.625
2013-11-20,30.610000610351562
2013-11-21,30.579999923706055
2013-11-22,30.69499969482422
2013-11-25,30.864999771118164
2013-11-26,30.774999618530273
2013-11-27,30.959999084472656
2013-11-28,31.065000534057617
2013-11-29,30.989999771118164
2013-12-02,30.924999237060547
2013-12-03,30.295000076293945
2013-12-04,30.049999237060547
2013-12-05,29.65999984741211
2013-12-06,29.950000762939453
2013-12-09,30.040000915527344
2013-12-10,29.75
2013-12-11,29.43000030517578
2013-12-12,29.239999771118164
2013-12-13,29.184999465942383
2013-12-16,29.75
2013-12-17,29.420000076293945
2013-12-18,29.735000610351562
2013-12-19,30.290000915527344
2013-12-20,30.489999771118164
2013-12-23,30.700000762939453
2013-12-24,30.700000762939453
2013-12-27,31.1200008392334
2013-12-30,31.06999969482422
2013-12-31,31.06999969482422
2014-01-02,30.584999084472656
2014-01-03,30.735000610351562
2014-01-06,30.674999237060547
2014-01-07,31.06999969482422
2014-01-08,31.09000015258789
2014-01-09,30.889999389648438
2014-01-10,31.040000915527344
2014-01-13,31.104999542236328
2014-01-14,31.184999465942383
2014-01-15,31.665000915527344
2014-01-16,31.53499984741211
2014-01-17,31.579999923706055
2014-01-20,31.545000076293945
2014-01-21,31.540000915527344
2014-01-22,31.514999389648438
2014-01-23,31.184999465942383
2014-01-24,30.264999389648438
2014-01-27,30.145000457763672
2014-01-28,30.389999389648438
2014-01-29,30.18000030517578
2014-01-30,30.299999237060547
2014-01-31,30.200000762939453
2014-02-03,29.68000030517578
2014-02-04,29.649999618530273
2014-02-05,29.684999465942383
2014-02-06,30.145000457763672
2014-02-07,30.44499969482422
2014-02-10,30.3700008392334
2014-02-11,30.795000076293945
2014-02-12,30.9950008392334
2014-02-13,31.030000686645508
2014-02-14,31.225000381469727
2014-02-17,31.235000610351562
2014-02-18,31.225000381469727
2014-02-19,31.235000610351562
2014-02-20,31.239999771118164
2014-02-21,31.3700008392334
2014-02-24,31.594999313354492
2014-02-25,31.614999771118164
2014-02-26,31.545000076293945
2014-02-27,31.415000915527344
2014-02-28,31.5
2014-03-03,30.59000015258789
2014-03-04,31.405000686645508
2014-03-05,31.40999984741211
2014-03-06,31.5
2014-03-07,31.0049991607666
2014-03-10,30.975000381469727
2014-03-11,30.979999542236328
2014-03-12,30.709999084472656
2014-03-13,30.225000381469727
2014-03-14,30.104999542236328
2014-03-17,30.549999237060547
2014-03-18,30.78499984741211
2014-03-19,30.815000534057617
2014-03-20,30.93000030517578
2014-03-21,31.020000457763672
2014-03-24,30.56999969482422
2014-03-25,31.020000457763672
2014-03-26,31.364999771118164
2014-03-27,31.434999465942383
2014-03-28,31.80500030517578
2014-03-31,31.709999084472656
2014-04-01,31.93000030517578
2014-04-02,31.940000534057617
2014-04-03,32.1349983215332
2014-04-04,32.3849983215332
2014-04-07,31.985000610351562
2014-04-08,31.844999313354492
2014-04-09,31.90999984741211
2014-04-10,31.655000686645508
2014-04-11,31.2549991607666
2014-04-14,31.475000381469727
2014-04-15,31.075000762939453
2014-04-16,31.520000457763672
2014-04-17,31.709999084472656
2014-04-22,32.14500045776367
2014-04-23,31.959999084472656
2014-04-24,32.060001373291016
2014-04-25,31.649999618530273
2014-04-28,31.825000762939453
2014-04-29,32.26499938964844
2014-04-30,32.224998474121094
2014-05-01,32.224998474121094
2014-05-02,32.060001373291016
2014-05-05,32.060001373291016
2014-05-06,31.84000015258789
2014-05-07,31.989999771118164
2014-05-08,32.43000030517578
2014-05-09,32.25
2014-05-12,32.529998779296875
2014-05-13,32.584999084472656
2014-05-14,32.6150016784668
2014-05-15,32.13999938964844
2014-05-16,32.29499816894531
2014-05-19,32.279998779296875
2014-05-20,32.255001068115234
2014-05-21,32.494998931884766
2014-05-22,32.494998931884766
2014-05-23,32.68000030517578
2014-05-26,33.05500030517578
2014-05-27,33.119998931884766
2014-05-28,33.154998779296875
2014-05-29,33.119998931884766
2014-05-30,33.15999984741211
2014-06-02,33.189998626708984
2014-06-03,33.119998931884766
2014-06-04,33.1150016784668
2014-06-05,33.39500045776367
2014-06-06,33.685001373291016
2014-06-09,33.82500076293945
2014-06-10,33.875
2014-06-11,33.625
2014-06-12,33.59000015258789
2014-06-13,33.56999969482422
2014-06-16,33.314998626708984
2014-06-17,33.4900016784668
2014-06-18,33.529998779296875
2014-06-19,33.89500045776367
2014-06-20,33.78499984741211
2014-06-23,33.58000183105469
2014-06-24,33.625
2014-06-25,33.310001373291016
2014-06-26,33.1150016784668
2014-06-27,33.04499816894531
2014-06-30,33.05500030517578
2014-07-01,33.35499954223633
2014-07-02,33.310001373291016
2014-07-03,33.68000030517578
2014-07-04,33.494998931884766
2014-07-07,33.095001220703125
2014-07-08,32.6150016784668
2014-07-09,31.829999923706055
2014-07-10,31.31999969482422
2014-07-11,31.40999984741211
2014-07-14,31.684999465942383
2014-07-15,31.395000457763672
2014-07-16,31.860000610351562
2014-07-17,31.43000030517578
2014-07-18,31.479999542236328
2014-07-21,31.200000762939453
2014-07-22,31.709999084472656
2014-07-23,31.7549991607666
2014-07-24,32.02000045776367
2014-07-25,31.56999969482422
2014-07-28,31.565000534057617
2014-07-29,31.725000381469727
2014-07-30,31.530000686645508
2014-07-31,31.030000686645508
2014-08-01,30.559999465942383
2014-08-04,30.530000686645508
2014-08-05,30.549999237060547
2014-08-06,30.334999084472656
2014-08-07,29.9950008392334
2014-08-08,29.895000457763672
2014-08-11,30.325000762939453
2014-08-12,30.075000762939453
2014-08-13,30.389999389648438
2014-08-14,30.434999465942383
2014-08-15,30.1299991607666
2014-08-18,30.575000762939453
2014-08-19,30.760000228881836
2014-08-20,30.690000534057617
2014-08-21,31.06999969482422
2014-08-22,30.81999969482422
2014-08-25,31.510000228881836
2014-08-26,31.80500030517578
2014-08-27,31.774999618530273
2014-08-28,31.475000381469727
2014-08-29,31.540000915527344
2014-09-01,31.579999923706055
2014-09-02,31.6299991607666
2014-09-03,32.02000045776367
2014-09-04,32.60499954223633
2014-09-05,32.57500076293945
2014-09-08,32.52000045776367
2014-09-09,32.29499816894531
2014-09-10,32.2599983215332
2014-09-11,32.209999084472656
2014-09-12,32.18000030517578
2014-09-15,32.154998779296875
2014-09-16,32.07500076293945
2014-09-17,32.20500183105469
2014-09-18,32.54999923706055
2014-09-19,32.584999084472656
2014-09-22,32.45000076293945
2014-09-23,31.954999923706055
2014-09-24,32.334999084472656
2014-09-25,31.905000686645508
2014-09-26,32.060001373291016
2014-09-29,31.790000915527344
2014-09-30,32.15999984741211
2014-10-01,31.844999313354492
2014-10-02,30.94499969482422
2014-10-03,31.30500030517578
2014-10-06,31.295000076293945
2014-10-07,30.704999923706055
2014-10-08,30.43000030517578
2014-10-09,30.299999237060547
2014-10-10,29.81999969482422
2014-10-13,29.895000457763672
2014-10-14,29.924999237060547
2014-10-15,28.825000762939453
2014-10-16,28.56999969482422
2014-10-17,29.53499984741211
2014-10-20,29.200000762939453
2014-10-21,29.850000381469727
2014-10-22,30.024999618530273
2014-10-23,30.385000228881836
2014-10-24,30.260000228881836
2014-10-27,29.934999465942383
2014-10-28,30.280000686645508
2014-10-29,30.1299991607666
2014-10-30,30.290000915527344
2014-10-31,31.065000534057617
2014-11-03,30.774999618530273
2014-11-04,30.260000228881836
2014-11-05,30.844999313354492
2014-11-06,30.969999313354492
2014-11-07,30.600000381469727
2014-11-10,30.8799991607666
2014-11-11,30.9950008392334
2014-11-12,30.450000762939453
2014-11-13,30.514999389648438
2014-11-14,30.540000915527344
2014-11-17,30.795000076293945
2014-11-18,31.170000076293945
2014-11-19,31.19499969482422
2014-11-20,31.010000228881836
2014-11-21,31.889999389648438
2014-11-24,32.10499954223633
2014-11-25,32.255001068115234
2014-11-26,32.25
2014-11-27,32.41999816894531
2014-11-28,32.48500061035156
2014-12-01,32.314998626708984
2014-12-02,32.3849983215332
2014-12-03,32.45500183105469
2014-12-04,31.905000686645508
2014-12-05,32.775001525878906
2014-12-08,32.470001220703125
2014-12-09,31.614999771118164
2014-12-10,31.280000686645508
2014-12-11,31.360000610351562
2014-12-12,30.44499969482422
2014-12-15,29.600000381469727
2014-12-16,30.329999923706055
2014-12-17,30.350000381469727
2014-12-18,31.360000610351562
2014-12-19,31.219999313354492
2014-12-22,31.3799991607666
2014-12-23,31.795000076293945
2014-12-24,31.795000076293945
2014-12-29,31.69499969482422
2014-12-30,31.155000686645508
2014-12-31,31.155000686645508
2015-01-02,31.235000610351562
2015-01-05,30.049999237060547
2015-01-06,29.8799991607666
2015-01-07,30.094999313354492
2015-01-08,31.200000762939453
2015-01-09,30.260000228881836
2015-01-12,30.645000457763672
2015-01-13,31.139999389648438
2015-01-14,30.75
2015-01-15,31.420000076293945
2015-01-16,31.8799991607666
2015-01-19,32.040000915527344
2015-01-20,32.26499938964844
2015-01-21,32.54499816894531
2015-01-22,33.06999969482422
2015-01-23,33.654998779296875
2015-01-26,33.9900016784668
2015-01-27,33.58000183105469
2015-01-28,33.43000030517578
2015-01-29,33.59000015258789
2015-01-30,33.39500045776367
2015-02-02,33.57500076293945
2015-02-03,34.029998779296875
2015-02-04,34.0099983215332
2015-02-05,34.005001068115234
2015-02-06,33.84000015258789
2015-02-09,33.375
2015-02-10,33.70000076293945
2015-02-11,33.619998931884766
2015-02-12,34.04499816894531
2015-02-13,34.369998931884766
2015-02-16,34.20500183105469
2015-02-17,34.25
2015-02-18,34.52000045776367
2015-02-19,34.76499938964844
2015-02-20,34.79999923706055
2015-02-23,35.07500076293945
2015-02-24,35.35499954223633
2015-02-25,35.29999923706055
2015-02-26,35.60499954223633
2015-02-27,35.845001220703125
2015-03-02,35.79499816894531
2015-03-03,35.39500045776367
2015-03-04,35.70000076293945
2015-03-05,36.064998626708984
2015-03-06,36.040000915527344
2015-03-09,35.974998474121094
2015-03-10,35.564998626708984
2015-03-11,36.345001220703125
2015-03-12,36.290000915527344
2015-03-13,36.43000030517578
2015-03-16,36.915000915527344
2015-03-17,36.599998474121094
2015-03-18,36.54499816894531
2015-03-19,36.57500076293945
2015-03-20,37.13999938964844
2015-03-23,36.8849983215332
2015-03-24,37.19499969482422
2015-03-25,36.75
2015-03-26,36.59000015258789
2015-03-27,36.685001373291016
2015-03-30,37.19499969482422
2015-03-31,36.900001525878906
2015-04-01,37.040000915527344
2015-04-02,37.099998474121094
2015-04-07,37.619998931884766
2015-04-08,37.36000061035156
2015-04-09,37.7599983215332
2015-04-10,38.084999084472656
2015-04-13,38.220001220703125
2015-04-14,37.814998626708984
2015-04-15,38.0
2015-04-16,37.48500061035156
2015-04-17,36.70500183105469
2015-04-20,37.130001068115234
2015-04-21,37.15999984741211
2015-04-22,37.23500061035156
2015-04-23,36.970001220703125
2015-04-24,37.150001525878906
2015-04-27,37.744998931884766
2015-04-28,37.18000030517578
2015-04-29,36.18000030517578
2015-04-30,36.255001068115234
2015-05-04,36.459999084472656
2015-05-05,35.625
2015-05-06,35.709999084472656
2015-05-07,35.7400016784668
2015-05-08,36.71500015258789
2015-05-11,36.55500030517578
2015-05-12,36.07500076293945
2015-05-13,35.86000061035156
2015-05-14,36.380001068115234
2015-05-15,36.08000183105469
2015-05-18,36.32500076293945
2015-05-19,37.125
2015-05-20,37.29499816894531
2015-05-21,37.34000015258789
2015-05-22,37.310001373291016
2015-05-25,37.310001373291016
2015-05-26,36.720001220703125
2015-05-27,37.345001220703125
2015-05-28,37.060001373291016
2015-05-29,36.21500015258789
2015-06-01,36.310001373291016
2015-06-02,36.16999816894531
2015-06-03,36.38999938964844
2015-06-04,36.119998931884766
2015-06-05,35.599998474121094
2015-06-08,35.224998474121094
2015-06-09,35.119998931884766
2015-06-10,35.834999084472656
2015-06-11,36.10499954223633
2015-06-12,35.61000061035156
2015-06-15,34.93000030517578
2015-06-16,35.119998931884766
2015-06-17,34.85499954223633
2015-06-18,35.06999969482422
2015-06-19,35.154998779296875
2015-06-22,36.599998474121094
2015-06-23,36.900001525878906
2015-06-24,36.72999954223633
2015-06-25,36.71500015258789
2015-06-26,36.834999084472656
2015-06-29,35.255001068115234
2015-06-30,34.834999084472656
2015-07-01,35.59000015258789
2015-07-02,35.23500061035156
2015-07-03,35.029998779296875
2015-07-06,34.26499938964844
2015-07-07,33.52000045776367
2015-07-08,32.790000915527344
2015-07-09,33.73500061035156
2015-07-10,34.810001373291016
2015-07-13,35.40999984741211
2015-07-14,35.60499954223633
2015-07-15,35.744998931884766
2015-07-16,36.275001525878906
2015-07-17,36.220001220703125
2015-07-20,36.375
2015-07-21,35.974998474121094
2015-07-22,35.849998474121094
2015-07-23,35.845001220703125
2015-07-24,35.505001068115234
2015-07-27,34.65999984741211
2015-07-28,35.04999923706055
2015-07-29,35.26499938964844
2015-07-30,35.334999084472656
2015-07-31,35.525001525878906
2015-08-03,35.869998931884766
2015-08-04,35.70000076293945
2015-08-05,36.279998779296875
2015-08-06,36.189998626708984
2015-08-07,35.900001525878906
2015-08-10,36.275001525878906
2015-08-11,35.59000015258789
2015-08-12,34.380001068115234
2015-08-13,34.720001220703125
2015-08-14,34.459999084472656
2015-08-17,34.53499984741211
2015-08-18,34.494998931884766
2015-08-19,33.8650016784668
2015-08-20,33.084999084472656
2015-08-21,32.03499984741211
2015-08-24,30.34000015258789
2015-08-25,31.774999618530273
2015-08-26,31.299999237060547
2015-08-27,32.3849983215332
2015-08-28,32.41999816894531
2015-08-31,32.27000045776367
2015-09-01,31.454999923706055
2015-09-02,31.55500030517578
2015-09-03,32.279998779296875
2015-09-04,31.3799991607666
2015-09-07,31.545000076293945
2015-09-08,31.90999984741211
2015-09-09,32.28499984741211
2015-09-10,31.809999465942383
2015-09-11,31.469999313354492
2015-09-14,31.325000762939453
2015-09-15,31.639999389648438
2015-09-16,32.099998474121094
2015-09-17,32.1349983215332
2015-09-18,31.19499969482422
2015-09-21,31.440000534057617
2015-09-22,30.360000610351562
2015-09-23,30.395000457763672
2015-09-24,29.799999237060547
2015-09-25,30.7549991607666
2015-09-28,30.05500030517578
2015-09-29,29.93000030517578
2015-09-30,30.639999389648438
2015-10-01,30.334999084472656
2015-10-02,30.524999618530273
2015-10-05,31.514999389648438
2015-10-06,31.81999969482422
2015-10-07,31.844999313354492
2015-10-08,31.895000457763672
2015-10-09,32.1150016784668
2015-10-12,32.095001220703125
2015-10-13,31.834999084472656
2015-10-14,31.540000915527344
2015-10-15,32.0
2015-10-16,32.275001525878906
2015-10-19,32.36000061035156
2015-10-20,32.18000030517578
2015-10-21,32.3650016784668
2015-10-22,33.16999816894531
2015-10-23,33.845001220703125
2015-10-26,33.7400016784668
2015-10-27,33.44499969482422
2015-10-28,33.83000183105469
2015-10-29,33.75
2015-10-30,33.790000915527344
2015-11-02,33.9900016784668
2015-11-03,34.064998626708984
2015-11-04,34.02000045776367
2015-11-05,34.119998931884766
2015-11-06,34.30500030517578
2015-11-09,33.810001373291016
2015-11-10,33.869998931884766
2015-11-11,34.099998474121094
2015-11-12,33.54999923706055
2015-11-13,33.255001068115234
2015-11-16,33.29499816894531
2015-11-17,34.165000915527344
2015-11-18,34.01499938964844
2015-11-19,34.17499923706055
2015-11-20,34.185001373291016
2015-11-23,34.154998779296875
2015-11-24,33.7599983215332
2015-11-25,34.28499984741211
2015-11-26,34.6349983215332
2015-11-27,34.54499816894531
2015-11-30,34.755001068115234
2015-12-01,34.4900016784668
2015-12-02,34.349998474121094
2015-12-03,33.10499954223633
2015-12-04,32.97999954223633
2015-12-07,33.290000915527344
2015-12-08,32.67499923706055
2015-12-09,32.279998779296875
2015-12-10,32.189998626708984
2015-12-11,31.559999465942383
2015-12-14,30.899999618530273
2015-12-15,31.895000457763672
2015-12-16,31.979999542236328
2015-12-17,32.56999969482422
2015-12-18,32.130001068115234
2015-12-21,31.670000076293945
2015-12-22,31.6200008392334
2015-12-23,32.400001525878906
2015-12-24,32.400001525878906
2015-12-28,32.09000015258789
2015-12-29,32.68000030517578
2015-12-30,32.41999816894531
2016-01-04,31.19499969482422
2016-01-05,31.30500030517578
2016-01-06,30.94499969482422
2016-01-07,30.40999984741211
2016-01-08,29.905000686645508
2016-01-11,29.854999542236328
2016-01-12,30.219999313354492
2016-01-13,30.299999237060547
2016-01-14,29.84000015258789
2016-01-15,29.104999542236328
2016-01-18,28.94499969482422
2016-01-19,29.385000228881836
2016-01-20,28.43000030517578
2016-01-21,29.020000457763672
2016-01-22,29.825000762939453
2016-01-25,29.610000610351562
2016-01-26,29.8799991607666
2016-01-27,30.040000915527344
2016-01-28,29.415000915527344
2016-01-29,30.049999237060547
2016-02-01,29.844999313354492
2016-02-02,29.1299991607666
2016-02-03,28.56999969482422
2016-02-04,28.700000762939453
2016-02-05,28.415000915527344
2016-02-08,27.479999542236328
2016-02-09,27.0049991607666
2016-02-10,27.5049991607666
2016-02-11,26.459999084472656
2016-02-12,27.190000534057617
2016-02-15,27.975000381469727
2016-02-16,27.850000381469727
2016-02-17,28.584999084472656
2016-02-18,28.56999969482422
2016-02-19,28.31999969482422
2016-02-22,28.920000076293945
2016-02-23,28.485000610351562
2016-02-24,27.80500030517578
2016-02-25,28.375
2016-02-26,28.90999984741211
2016-02-29,29.079999923706055
2016-03-01,29.59000015258789
2016-03-02,29.834999084472656
2016-03-03,29.729999542236328
2016-03-04,29.959999084472656
2016-03-07,29.815000534057617
2016-03-08,29.6299991607666
2016-03-09,29.735000610351562
2016-03-10,29.295000076293945
2016-03-11,30.295000076293945
2016-03-14,30.510000228881836
2016-03-15,30.2549991607666
2016-03-16,30.235000610351562
2016-03-17,30.024999618530273
2016-03-18,30.184999465942383
2016-03-21,30.079999923706055
2016-03-22,30.1299991607666
2016-03-23,30.045000076293945
2016-03-24,29.520000457763672
2016-03-29,29.655000686645508
2016-03-30,30.030000686645508
2016-03-31,29.71500015258789
2016-04-01,29.184999465942383
2016-04-04,29.229999542236328
2016-04-05,28.559999465942383
2016-04-06,28.75
2016-04-07,28.385000228881836
2016-04-08,28.770000457763672
2016-04-11,28.905000686645508
2016-04-12,29.100000381469727
2016-04-13,30.075000762939453
2016-04-14,30.299999237060547
2016-04-15,30.235000610351562
2016-04-18,30.354999542236328
2016-04-19,30.809999465942383
2016-04-20,31.114999771118164
2016-04-21,31.21500015258789
2016-04-22,31.100000381469727
2016-04-25,30.854999542236328
2016-04-26,30.915000915527344
2016-04-27,31.020000457763672
2016-04-28,31.0
2016-04-29,30.094999313354492
2016-05-02,30.184999465942383
2016-05-03,29.604999542236328
2016-05-04,29.2450008392334
2016-05-05,29.350000381469727
2016-05-06,29.385000228881836
2016-05-09,29.559999465942383
2016-05-10,29.860000610351562
2016-05-11,29.65999984741211
2016-05-12,29.405000686645508
2016-05-13,29.649999618530273
2016-05-16,29.610000610351562
2016-05-17,29.4950008392334
2016-05-18,29.704999923706055
2016-05-19,29.334999084472656
2016-05-20,29.774999618530273
2016-05-23,29.559999465942383
2016-05-24,30.329999923706055
2016-05-25,30.8700008392334
2016-05-26,31.0
2016-05-27,31.075000762939453
2016-05-30,31.174999237060547
2016-05-31,30.889999389648438
2016-06-01,30.635000228881836
2016-06-02,30.649999618530273
2016-06-03,30.274999618530273
2016-06-06,30.354999542236328
2016-06-07,30.7450008392334
2016-06-08,30.549999237060547
2016-06-09,30.264999389648438
2016-06-10,29.450000762939453
2016-06-13,28.875
2016-06-14,28.295000076293945
2016-06-15,28.610000610351562
2016-06-16,28.510000228881836
2016-06-17,28.834999084472656
2016-06-20,29.825000762939453
2016-06-21,30.084999084472656
2016-06-22,30.184999465942383
2016-06-23,30.78499984741211
2016-06-24,28.114999771118164
2016-06-27,27.329999923706055
2016-06-28,27.940000534057617
2016-06-29,28.690000534057617
2016-06-30,29.03499984741211
2016-07-01,29.174999237060547
2016-07-04,28.9950008392334
2016-07-05,28.5
2016-07-06,26.985000610351562
2016-07-07,27.165000915527344
2016-07-08,27.719999313354492
2016-07-11,28.19499969482422
2016-07-12,28.655000686645508
2016-07-13,28.610000610351562
2016-07-14,28.950000762939453
2016-07-15,28.915000915527344
2016-07-18,28.80500030517578
2016-07-19,28.649999618530273
2016-07-20,28.985000610351562
2016-07-21,28.989999771118164
2016-07-22,29.014999389648438
2016-07-25,29.03499984741211
2016-07-26,29.100000381469727
2016-07-27,29.299999237060547
2016-07-28,28.9950008392334
2016-07-29,29.21500015258789
2016-08-01,29.010000228881836
2016-08-02,28.40999984741211
2016-08-03,28.440000534057617
2016-08-04,28.649999618530273
2016-08-05,29.09000015258789
2016-08-08,29.184999465942383
2016-08-09,29.625
2016-08-10,29.530000686645508
2016-08-11,29.809999465942383
2016-08-12,29.78499984741211
2016-08-15,29.799999237060547
2016-08-16,29.485000610351562
2016-08-17,29.135000228881836
2016-08-18,29.299999237060547
2016-08-19,29.024999618530273
2016-08-22,28.94499969482422
2016-08-23,29.28499984741211
2016-08-24,29.424999237060547
2016-08-25,29.239999771118164
2016-08-26,29.44499969482422
2016-08-29,29.329999923706055
2016-08-30,29.639999389648438
2016-08-31,29.559999465942383
2016-09-01,29.5
2016-09-02,30.094999313354492
2016-09-05,30.094999313354492
2016-09-06,30.010000228881836
2016-09-07,30.225000381469727
2016-09-08,30.155000686645508
2016-09-09,29.844999313354492
2016-09-12,29.454999923706055
2016-09-13,29.09000015258789
2016-09-14,28.985000610351562
2016-09-15,29.09000015258789
2016-09-16,28.729999542236328
2016-09-19,29.049999237060547
2016-09-20,29.03499984741211
2016-09-21,29.174999237060547
2016-09-22,29.84000015258789
2016-09-23,29.670000076293945
2016-09-26,29.114999771118164
2016-09-27,29.075000762939453
2016-09-28,29.274999618530273
2016-09-29,29.290000915527344
2016-09-30,29.415000915527344
2016-10-03,29.295000076293945
2016-10-04,29.645000457763672
2016-10-05,29.6299991607666
2016-10-06,29.594999313354492
2016-10-07,29.360000610351562
2016-10-10,29.71500015258789
2016-10-11,29.579999923706055
2016-10-12,29.46500015258789
2016-10-13,29.149999618530273
2016-10-14,29.6299991607666
2016-10-17,29.46500015258789
2016-10-18,29.860000610351562
2016-10-19,29.96500015258789
2016-10-20,30.155000686645508
2016-10-21,30.149999618530273
2016-10-24,30.325000762939453
2016-10-25,30.260000228881836
2016-10-26,30.209999084472656
2016-10-27,30.239999771118164
2016-10-28,30.184999465942383
2016-10-31,29.959999084472656
2016-11-01,29.645000457763672
2016-11-02,29.204999923706055
2016-11-03,29.15999984741211
2016-11-04,28.985000610351562
2016-11-07,29.520000457763672
2016-11-08,29.68000030517578
2016-11-09,30.0
2016-11-10,29.899999618530273
2016-11-11,29.700000762939453
2016-11-14,29.829999923706055
2016-11-15,29.979999542236328
2016-11-16,29.7450008392334
2016-11-17,29.885000228881836
2016-11-18,29.690000534057617
2016-11-21,29.790000915527344
2016-11-22,29.905000686645508
2016-11-23,29.80500030517578
2016-11-24,29.885000228881836
2016-11-25,29.934999465942383
2016-11-28,29.610000610351562
2016-11-29,29.864999771118164
2016-11-30,29.959999084472656
2016-12-01,29.7450008392334
2016-12-02,29.604999542236328
2016-12-05,29.975000381469727
2016-12-06,30.475000381469727
2016-12-07,30.864999771118164
2016-12-08,31.264999389648438
2016-12-09,31.389999389648438
2016-12-12,31.399999618530273
2016-12-13,31.78499984741211
2016-12-14,31.364999771118164
2016-12-15,31.75
2016-12-16,31.81999969482422
2016-12-19,31.815000534057617
2016-12-20,32.060001373291016
2016-12-21,31.969999313354492
2016-12-22,31.985000610351562
2016-12-23,32.040000915527344
2016-12-27,32.04499816894531
2016-12-28,32.064998626708984
2016-12-29,31.985000610351562
2016-12-30,32.1349983215332
2017-01-02,32.34000015258789
2017-01-03,32.40999984741211
2017-01-04,32.40999984741211
2017-01-05,32.44499969482422
2017-01-06,32.505001068115234
2017-01-09,32.345001220703125
2017-01-10,32.345001220703125
2017-01-11,32.349998474121094
2017-01-12,32.1150016784668
2017-01-13,32.4900016784668
2017-01-16,32.209999084472656
2017-01-17,32.11000061035156
2017-01-18,32.20000076293945
2017-01-19,32.154998779296875
2017-01-20,32.244998931884766
2017-01-23,31.989999771118164
2017-01-24,32.07500076293945
2017-01-25,32.5099983215332
2017-01-26,32.45000076293945
2017-01-27,32.30500030517578
2017-01-30,31.899999618530273
2017-01-31,31.6200008392334
2017-02-01,31.864999771118164
2017-02-02,31.864999771118164
2017-02-03,32.04999923706055
2017-02-06,31.704999923706055
2017-02-07,31.69499969482422
2017-02-08,31.684999465942383
2017-02-09,32.10499954223633
2017-02-10,32.029998779296875
2017-02-13,32.38999938964844
2017-02-14,32.415000915527344
2017-02-15,32.59000015258789
2017-02-16,32.45000076293945
2017-02-17,32.435001373291016
2017-02-20,32.47999954223633
2017-02-21,32.72999954223633
2017-02-22,32.755001068115234
2017-02-23,32.68000030517578
2017-02-24,32.400001525878906
2017-02-27,32.439998626708984
2017-02-28,32.505001068115234
2017-03-01,33.16999816894531
2017-03-02,33.1349983215332
2017-03-03,33.334999084472656
2017-03-06,33.16999816894531
2017-03-07,33.119998931884766
2017-03-08,33.20000076293945
2017-03-09,33.400001525878906
2017-03-10,33.44499969482422
2017-03-13,33.45000076293945
2017-03-14,33.29499816894531
2017-03-15,33.380001068115234
2017-03-16,33.689998626708984
2017-03-17,33.755001068115234
2017-03-20,33.689998626708984
2017-03-21,33.619998931884766
2017-03-22,33.529998779296875
2017-03-23,33.83000183105469
2017-03-24,33.744998931884766
2017-03-27,33.69499969482422
2017-03-28,33.95000076293945
2017-03-29,34.060001373291016
2017-03-30,34.16999816894531
2017-03-31,34.314998626708984
2017-04-03,34.11000061035156
2017-04-04,34.16999816894531
2017-04-05,34.08000183105469
2017-04-06,34.25
2017-04-07,34.29999923706055
2017-04-10,34.15999984741211
2017-04-11,34.064998626708984
2017-04-12,34.04999923706055
2017-04-13,33.81999969482422
2017-04-18,33.47999954223633
2017-04-19,33.599998474121094
2017-04-20,33.77000045776367
2017-04-21,33.77000045776367
2017-04-24,35.16999816894531
2017-04-25,35.2599983215332
2017-04-26,35.209999084472656
2017-04-27,35.060001373291016
2017-04-28,35.03499984741211
2017-05-02,35.28499984741211
2017-05-03,35.39500045776367
2017-05-04,35.849998474121094
2017-05-05,36.189998626708984
2017-05-08,36.04499816894531
2017-05-09,36.119998931884766
2017-05-10,36.10499954223633
2017-05-11,35.8849983215332
2017-05-12,36.04499816894531
2017-05-15,36.150001525878906
2017-05-16,36.23500061035156
2017-05-17,35.64500045776367
2017-05-18,35.43000030517578
2017-05-19,35.68000030517578
2017-05-22,35.619998931884766
2017-05-23,35.79499816894531
2017-05-24,35.70000076293945
2017-05-25,35.685001373291016
2017-05-26,35.630001068115234
2017-05-29,35.630001068115234
2017-05-30,35.474998474121094
2017-05-31,35.470001220703125
2017-06-01,35.619998931884766
2017-06-02,35.85499954223633
2017-06-05,35.69499969482422
2017-06-06,35.525001525878906
2017-06-07,35.45500183105469
2017-06-08,35.599998474121094
2017-06-09,35.834999084472656
2017-06-12,35.43000030517578
2017-06-13,35.595001220703125
2017-06-14,35.5
2017-06-15,35.25
2017-06-16,35.439998626708984
2017-06-19,35.81999969482422
2017-06-20,35.6150016784668
2017-06-21,35.540000915527344
2017-06-22,35.564998626708984
2017-06-23,35.43000030517578
2017-06-26,35.6150016784668
2017-06-27,35.38999938964844
2017-06-28,35.36000061035156
2017-06-29,34.71500015258789
2017-06-30,34.42499923706055
2017-07-03,34.935001373291016
2017-07-04,34.810001373291016
2017-07-05,34.814998626708984
2017-07-06,34.630001068115234
2017-07-07,34.65999984741211
2017-07-10,34.79499816894531
2017-07-11,34.665000915527344
2017-07-12,34.2400016784668
2017-07-13,34.35499954223633
2017-07-14,34.334999084472656
2017-07-17,34.275001525878906
2017-07-18,33.900001525878906
2017-07-19,34.10499954223633
2017-07-20,34.084999084472656
2017-07-21,33.630001068115234
2017-07-24,33.654998779296875
2017-07-25,33.86000061035156
2017-07-26,34.03499984741211
2017-07-27,34.0099983215332
2017-07-28,33.7599983215332
2017-07-31,33.584999084472656
2017-08-01,33.845001220703125
2017-08-02,33.654998779296875
2017-08-03,33.744998931884766
2017-08-04,34.16999816894531
2017-08-07,34.154998779296875
2017-08-08,34.26499938964844
2017-08-09,33.78499984741211
2017-08-10,33.43000030517578
2017-08-11,33.189998626708984
2017-08-14,33.630001068115234
2017-08-15,33.77000045776367
2017-08-16,33.959999084472656
2017-08-17,33.7400016784668
2017-08-18,33.61000061035156
2017-08-21,33.369998931884766
2017-08-22,33.69499969482422
2017-08-23,33.5099983215332
2017-08-24,33.59000015258789
2017-08-25,33.505001068115234
2017-08-28,33.33000183105469
2017-08-29,33.05500030517578
2017-08-30,33.189998626708984
2017-08-31,33.375
2017-09-01,33.595001220703125
2017-09-04,33.45500183105469
2017-09-05,33.3650016784668
2017-09-06,33.4900016784668
2017-09-07,33.630001068115234
2017-09-08,33.63999938964844
2017-09-11,34.099998474121094
2017-09-12,34.2599983215332
2017-09-13,34.3849983215332
2017-09-14,34.41999816894531
2017-09-15,34.30500030517578
2017-09-18,34.435001373291016
2017-09-19,34.439998626708984
2017-09-20,34.38999938964844
2017-09-21,34.55500030517578
2017-09-22,34.54499816894531
2017-09-25,34.54499816894531
2017-09-26,34.52000045776367
2017-09-27,34.70500183105469
2017-09-28,34.7599983215332
2017-09-29,35.0099983215332
2017-10-02,35.150001525878906
2017-10-03,35.19499969482422
2017-10-04,35.064998626708984
2017-10-05,35.26499938964844
2017-10-06,35.13999938964844
2017-10-09,35.22999954223633
2017-10-10,35.119998931884766
2017-10-11,35.220001220703125
2017-10-12,35.189998626708984
2017-10-13,35.189998626708984
2017-10-16,35.20500183105469
2017-10-17,35.22999954223633
2017-10-18,35.36000061035156
2017-10-19,35.14500045776367
2017-10-20,35.20000076293945
2017-10-23,35.224998474121094
2017-10-24,35.255001068115234
2017-10-25,35.04999923706055
2017-10-26,35.51499938964844
2017-10-27,35.650001525878906
2017-10-30,35.7400016784668
2017-10-31,35.93000030517578
2017-11-01,36.08000183105469
2017-11-02,36.005001068115234
2017-11-03,36.029998779296875
2017-11-06,35.959999084472656
2017-11-07,35.720001220703125
2017-11-08,35.67499923706055
2017-11-09,35.279998779296875
2017-11-10,35.084999084472656
2017-11-13,34.90999984741211
2017-11-14,34.720001220703125
2017-11-15,34.6150016784668
2017-11-16,34.79999923706055
2017-11-17,34.650001525878906
2017-11-20,34.76499938964844
2017-11-21,34.95000076293945
2017-11-22,34.80500030517578
2017-11-23,34.8849983215332
2017-11-24,34.959999084472656
2017-11-27,34.79499816894531
2017-11-28,35.01499938964844
2017-11-29,35.04999923706055
2017-11-30,34.89500045776367
2017-12-01,34.474998474121094
2017-12-04,34.915000915527344
2017-12-05,34.875
2017-12-06,34.775001525878906
2017-12-07,34.904998779296875
2017-12-08,35.11000061035156
2017-12-11,34.97999954223633
2017-12-12,35.154998779296875
2017-12-13,34.86000061035156
2017-12-14,34.625
2017-12-15,34.689998626708984
2017-12-18,35.150001525878906
2017-12-19,34.875
2017-12-20,34.59000015258789
2017-12-21,34.775001525878906
2017-12-22,34.58000183105469
2017-12-27,34.584999084472656
2017-12-28,34.30500030517578
2017-12-29,34.11000061035156
2018-01-02,33.959999084472656
2018-01-03,34.154998779296875
2018-01-04,34.744998931884766
2018-01-05,35.11000061035156
2018-01-08,35.20500183105469
2018-01-09,35.25
2018-01-10,35.125
2018-01-11,35.02000045776367
2018-01-12,35.189998626708984
2018-01-15,35.20500183105469
2018-01-16,35.2599983215332
2018-01-17,35.17499923706055
2018-01-18,35.255001068115234
2018-01-19,35.540000915527344
2018-01-22,35.71500015258789
2018-01-23,35.76499938964844
2018-01-24,35.5
2018-01-25,35.36000061035156
2018-01-26,35.529998779296875
2018-01-29,35.470001220703125
2018-01-30,35.13999938964844
2018-01-31,35.17499923706055
2018-02-01,34.904998779296875
2018-02-02,34.3650016784668
2018-02-05,33.94499969482422
2018-02-06,33.125
2018-02-07,33.755001068115234
2018-02-08,32.939998626708984
2018-02-09,32.45500183105469
2018-02-12,32.915000915527344
2018-02-13,32.625
2018-02-14,32.915000915527344
2018-02-15,33.10499954223633
2018-02-16,33.494998931884766
2018-02-19,33.255001068115234
2018-02-20,33.54499816894531
2018-02-21,33.48500061035156
2018-02-22,33.54999923706055
2018-02-23,33.619998931884766
2018-02-26,33.814998626708984
2018-02-27,33.744998931884766
2018-02-28,33.54499816894531
2018-03-01,33.19499969482422
2018-03-02,32.435001373291016
2018-03-05,32.755001068115234
2018-03-06,32.7599983215332
2018-03-07,32.95000076293945
2018-03-08,33.310001373291016
2018-03-09,33.3650016784668
2018-03-12,33.470001220703125
2018-03-13,33.14500045776367
2018-03-14,33.095001220703125
2018-03-15,33.33000183105469
2018-03-16,33.525001525878906
2018-03-19,33.11000061035156
2018-03-20,33.310001373291016
2018-03-21,33.185001373291016
2018-03-22,32.67499923706055
2018-03-23,32.209999084472656
2018-03-26,32.02000045776367
2018-03-27,32.415000915527344
2018-03-28,32.525001525878906
2018-03-29,32.849998474121094
2018-04-03,32.70000076293945
2018-04-04,32.61000061035156
2018-04-05,33.5099983215332
2018-04-06,33.33000183105469
2018-04-09,33.415000915527344
2018-04-10,33.625
2018-04-11,33.459999084472656
2018-04-12,33.70000076293945
2018-04-13,33.72999954223633
2018-04-16,33.68000030517578
2018-04-17,34.06999969482422
2018-04-18,34.17499923706055
2018-04-19,34.14500045776367
2018-04-20,34.25
2018-04-23,34.38999938964844
2018-04-24,34.375
2018-04-25,34.17499923706055
2018-04-26,34.41999816894531
2018-04-27,34.55500030517578
2018-04-30,34.755001068115234
2018-05-02,34.95500183105469
2018-05-03,34.755001068115234
2018-05-04,34.97999954223633
2018-05-07,35.189998626708984
2018-05-08,35.099998474121094
2018-05-09,35.209999084472656
2018-05-10,35.279998779296875
2018-05-11,35.275001525878906
2018-05-14,35.28499984741211
2018-05-15,35.29499816894531
2018-05-16,35.25
2018-05-17,35.55500030517578
2018-05-18,35.415000915527344
2018-05-21,35.5
2018-05-22,35.63999938964844
2018-05-23,35.150001525878906
2018-05-24,34.97999954223633
2018-05-25,34.900001525878906
2018-05-28,34.650001525878906
2018-05-29,34.125
2018-05-30,34.345001220703125
2018-05-31,33.959999084472656
2018-06-01,34.48500061035156
2018-06-04,34.61000061035156
2018-06-05,34.525001525878906
2018-06-06,34.54499816894531
2018-06-07,34.540000915527344
2018-06-08,34.400001525878906
2018-06-11,34.775001525878906
2018-06-12,34.72999954223633
2018-06-13,34.79499816894531
2018-06-14,35.28499984741211
2018-06-15,35.02000045776367
2018-06-18,34.64500045776367
2018-06-19,34.345001220703125
2018-06-20,34.380001068115234
2018-06-21,34.005001068115234
2018-06-22,34.400001525878906
2018-06-25,33.654998779296875
2018-06-26,33.66999816894531
2018-06-27,33.93000030517578
2018-06-28,33.630001068115234
2018-06-29,33.92499923706055
2018-07-02,33.69499969482422
2018-07-03,34.04999923706055
2018-07-04,34.10499954223633
2018-07-05,34.375
2018-07-06,34.46500015258789
2018-07-09,34.595001220703125
2018-07-10,34.724998474121094
2018-07-11,33.2400016784668
2018-07-12,33.439998626708984
2018-07-13,33.525001525878906
2018-07-16,33.494998931884766
2018-07-17,33.564998626708984
2018-07-18,33.845001220703125
2018-07-19,33.69499969482422
2018-07-20,33.6150016784668
2018-07-23,33.54999923706055
2018-07-24,33.845001220703125
2018-07-25,33.689998626708984
2018-07-26,34.084999084472656
2018-07-27,34.2400016784668
2018-07-30,34.119998931884766
2018-07-31,34.275001525878906
2018-08-01,34.09000015258789
2018-08-02,33.70000076293945
2018-08-03,33.8650016784668
2018-08-06,33.86000061035156
2018-08-07,34.04499816894531
2018-08-08,33.95500183105469
2018-08-09,33.939998626708984
2018-08-10,33.30500030517578
2018-08-13,33.150001525878906
2018-08-14,33.119998931884766
2018-08-15,32.54999923706055
2018-08-16,32.81999969482422
2018-08-17,32.77000045776367
2018-08-20,32.97999954223633
2018-08-21,33.154998779296875
2018-08-22,33.23500061035156
2018-08-23,33.2400016784668
2018-08-24,33.33000183105469
2018-08-27,33.59000015258789
2018-08-28,33.53499984741211
2018-08-29,33.59000015258789
2018-08-30,33.36000061035156
2018-08-31,32.974998474121094
2018-09-03,33.0
2018-09-04,32.64500045776367
2018-09-05,32.26499938964844
2018-09-06,32.08000183105469
2018-09-07,32.025001525878906
2018-09-10,32.20000076293945
2018-09-11,32.220001220703125
2018-09-12,32.34000015258789
2018-09-13,32.435001373291016
2018-09-14,32.53499984741211
2018-09-17,32.564998626708984
2018-09-18,32.654998779296875
2018-09-19,32.76499938964844
2018-09-20,33.099998474121094
2018-09-21,33.375
2018-09-24,33.14500045776367
2018-09-25,33.28499984741211
2018-09-26,33.41999816894531
2018-09-27,33.584999084472656
2018-09-28,33.060001373291016
2018-10-01,33.220001220703125
2018-10-02,32.970001220703125
2018-10-03,33.189998626708984
2018-10-04,32.834999084472656
2018-10-05,32.529998779296875
2018-10-08,32.17499923706055
2018-10-09,32.34000015258789
2018-10-10,31.825000762939453
2018-10-11,31.274999618530273
2018-10-12,31.139999389648438
2018-10-15,31.295000076293945
2018-10-16,31.739999771118164
2018-10-17,31.59000015258789
2018-10-18,31.30500030517578
2018-10-19,31.2549991607666
2018-10-22,31.065000534057617
2018-10-23,30.584999084472656
2018-10-24,30.475000381469727
2018-10-25,30.795000076293945
2018-10-26,30.545000076293945
2018-10-29,30.725000381469727
2018-10-30,30.649999618530273
2018-10-31,31.15999984741211
2018-11-01,31.219999313354492
2018-11-02,31.315000534057617
2018-11-05,31.354999542236328
2018-11-06,31.274999618530273
2018-11-07,31.645000457763672
2018-11-08,31.55500030517578
2018-11-09,31.46500015258789
2018-11-12,31.100000381469727
2018-11-13,31.420000076293945
2018-11-14,31.21500015258789
2018-11-15,31.094999313354492
2018-11-16,30.989999771118164
2018-11-19,30.774999618530273
2018-11-20,30.329999923706055
2018-11-21,30.71500015258789
2018-11-22,30.450000762939453
2018-11-23,30.540000915527344
2018-11-26,30.895000457763672
2018-11-27,30.84000015258789
2018-11-28,30.844999313354492
2018-11-29,30.93000030517578
2018-11-30,30.905000686645508
2018-12-03,31.344999313354492
2018-12-04,31.084999084472656
2018-12-05,30.709999084472656
2018-12-06,29.69499969482422
2018-12-07,29.84000015258789
2018-12-10,29.399999618530273
2018-12-11,29.790000915527344
2018-12-12,30.15999984741211
2018-12-13,30.19499969482422
2018-12-14,30.010000228881836
2018-12-17,29.739999771118164
2018-12-18,29.559999465942383
2018-12-19,29.65999984741211
2018-12-20,29.145000457763672
2018-12-21,29.149999618530273
2018-12-24,28.729999542236328
2018-12-27,28.530000686645508
2018-12-28,29.010000228881836
2018-12-31,29.3700008392334
2019-01-02,29.079999923706055
2019-01-03,28.71500015258789
2019-01-04,29.565000534057617
2019-01-07,29.475000381469727
2019-01-08,29.704999923706055
2019-01-09,29.854999542236328
2019-01-10,29.920000076293945
2019-01-11,29.844999313354492
2019-01-14,29.719999313354492
2019-01-15,29.825000762939453
2019-01-16,29.940000534057617
2019-01-17,29.875
2019-01-18,30.46500015258789
2019-01-21,30.395000457763672
2019-01-22,30.295000076293945
2019-01-23,30.270000457763672
2019-01-24,30.385000228881836
2019-01-25,30.764999389648438
2019-01-28,30.4950008392334
2019-01-29,30.65999984741211
2019-01-30,30.725000381469727
2019-01-31,30.7450008392334
2019-02-01,30.885000228881836
2019-02-04,30.81999969482422
2019-02-05,31.299999237060547
2019-02-06,31.260000228881836
2019-02-07,30.674999237060547
2019-02-08,30.5049991607666
2019-02-11,30.799999237060547
2019-02-12,31.05500030517578
2019-02-13,31.149999618530273
2019-02-14,30.985000610351562
2019-02-15,31.540000915527344
2019-02-18,31.594999313354492
2019-02-19,31.549999237060547
2019-02-20,31.75
2019-02-21,31.780000686645508
2019-02-22,31.850000381469727
2019-02-25,31.934999465942383
2019-02-26,32.02000045776367
2019-02-27,31.940000534057617
2019-02-28,32.1150016784668
2019-03-01,32.2400016784668
2019-03-04,32.279998779296875
2019-03-05,32.404998779296875
2019-03-06,32.3650016784668
2019-03-07,32.244998931884766
2019-03-08,31.985000610351562
2019-03-11,32.17499923706055
2019-03-12,32.18000030517578
2019-03-13,32.369998931884766
2019-03-14,32.54499816894531
2019-03-15,32.98500061035156
2019-03-18,33.0
2019-03-19,33.20500183105469
2019-03-20,32.85499954223633
2019-03-21,32.85499954223633
2019-03-22,32.220001220703125
2019-03-25,32.16999816894531
2019-03-26,32.34000015258789
2019-03-27,32.38999938964844
2019-03-28,32.39500045776367
2019-03-29,32.709999084472656
2019-04-01,33.01499938964844
2019-04-02,33.11000061035156
2019-04-03,33.55500030517578
2019-04-04,33.60499954223633
2019-04-05,33.6349983215332
2019-04-08,33.56999969482422
2019-04-09,33.31999969482422
2019-04-10,33.40999984741211
2019-04-11,33.54499816894531
2019-04-12,33.654998779296875
2019-04-15,33.689998626708984
2019-04-16,33.81999969482422
2019-04-17,33.95000076293945
2019-04-18,34.19499969482422
2019-04-23,34.244998931884766
2019-04-24,34.220001220703125
2019-04-25,34.16999816894531
2019-04-26,34.2400016784668
2019-04-29,34.30500030517578
2019-04-30,34.43000030517578
2019-05-02,34.310001373291016
2019-05-03,34.400001525878906
2019-05-06,34.064998626708984
2019-05-07,33.48500061035156
2019-05-08,33.6150016784668
2019-05-09,33.07500076293945
2019-05-10,33.17499923706055
2019-05-13,32.779998779296875
2019-05-14,33.19499969482422
2019-05-15,33.45500183105469
2019-05-16,34.005001068115234
2019-05-17,33.904998779296875
2019-05-20,33.3849983215332
2019-05-21,33.584999084472656
2019-05-22,33.630001068115234
2019-05-23,33.04999923706055
2019-05-24,33.31999969482422
2019-05-27,33.43000030517578
2019-05-28,33.275001525878906
2019-05-29,32.81999969482422
2019-05-30,33.05500030517578
2019-05-31,32.67499923706055
2019-06-03,32.8650016784668
2019-06-04,33.22999954223633
2019-06-05,33.290000915527344
2019-06-06,33.275001525878906
2019-06-07,33.685001373291016
2019-06-10,33.779998779296875
2019-06-11,33.8849983215332
2019-06-12,33.76499938964844
2019-06-13,33.80500030517578
2019-06-14,33.70000076293945
2019-06-17,33.744998931884766
2019-06-18,34.435001373291016
2019-06-19,34.435001373291016
2019-06-20,34.564998626708984
2019-06-21,34.54499816894531
2019-06-24,34.439998626708984
2019-06-25,34.3650016784668
2019-06-26,34.32500076293945
2019-06-27,34.33000183105469
2019-06-28,34.6150016784668
2019-07-01,34.85499954223633
2019-07-02,34.96500015258789
2019-07-03,35.29499816894531
2019-07-04,35.369998931884766
2019-07-05,35.19499969482422
2019-07-08,35.16999816894531
2019-07-09,35.0
2019-07-10,33.900001525878906
2019-07-11,33.880001068115234
2019-07-12,33.85499954223633
2019-07-15,33.90999984741211
2019-07-16,34.084999084472656
2019-07-17,33.915000915527344
2019-07-18,33.70500183105469
2019-07-19,33.67499923706055
2019-07-22,33.810001373291016
2019-07-23,34.220001220703125
2019-07-24,34.23500061035156
2019-07-25,34.01499938964844
2019-07-26,34.15999984741211
2019-07-29,34.15999984741211
2019-07-30,33.54499816894531
2019-07-31,33.584999084472656
2019-08-01,33.79499816894531
2019-08-02,32.720001220703125
2019-08-05,32.07500076293945
2019-08-06,31.90999984741211
2019-08-07,32.06999969482422
2019-08-08,32.709999084472656
2019-08-09,32.27000045776367
2019-08-12,32.255001068115234
2019-08-13,32.540000915527344
2019-08-14,31.899999618530273
2019-08-15,31.84000015258789
2019-08-16,32.27000045776367
2019-08-19,32.63999938964844
2019-08-20,32.48500061035156
2019-08-21,32.89500045776367
2019-08-22,32.724998474121094
2019-08-23,32.334999084472656
2019-08-26,32.474998474121094
2019-08-27,32.665000915527344
2019-08-28,32.6150016784668
2019-08-29,33.084999084472656
2019-08-30,33.220001220703125
2019-09-02,33.29999923706055
2019-09-03,33.165000915527344
2019-09-04,33.48500061035156
2019-09-05,33.79499816894531
2019-09-06,33.8650016784668
2019-09-09,33.869998931884766
2019-09-10,33.904998779296875
2019-09-11,34.084999084472656
2019-09-12,34.310001373291016
2019-09-13,34.43000030517578
2019-09-16,34.095001220703125
2019-09-17,34.14500045776367
2019-09-18,34.20500183105469
2019-09-19,34.45500183105469
2019-09-20,34.599998474121094
2019-09-23,34.30500030517578
2019-09-24,34.2400016784668
2019-09-25,34.04499816894531
2019-09-26,34.25
2019-09-27,34.400001525878906
2019-09-30,34.625
2019-10-01,34.150001525878906
2019-10-02,33.095001220703125
2019-10-03,33.130001068115234
2019-10-04,33.439998626708984
2019-10-07,33.689998626708984
2019-10-08,33.29999923706055
2019-10-09,33.59000015258789
2019-10-10,33.92499923706055
2019-10-11,34.6349983215332
2019-10-14,34.540000915527344
2019-10-15,34.935001373291016
2019-10-16,34.935001373291016
2019-10-17,34.849998474121094
2019-10-18,34.724998474121094
2019-10-21,34.95000076293945
2019-10-22,35.0
2019-10-23,35.02000045776367
2019-10-24,35.17499923706055
2019-10-25,35.18000030517578
2019-10-28,35.21500015258789
2019-10-29,35.18000030517578
2019-10-30,35.150001525878906
2019-10-31,35.025001525878906
2019-11-01,35.22999954223633
2019-11-04,35.599998474121094
2019-11-05,35.70000076293945
2019-11-06,35.849998474121094
2019-11-07,36.025001525878906
2019-11-08,35.939998626708984
2019-11-11,35.95000076293945
2019-11-12,36.07500076293945
2019-11-13,35.939998626708984
2019-11-14,35.845001220703125
2019-11-15,36.04499816894531
2019-11-18,35.9900016784668
2019-11-19,35.91999816894531
2019-11-20,35.814998626708984
2019-11-21,35.75
2019-11-22,35.834999084472656
2019-11-25,36.060001373291016
2019-11-26,36.03499984741211
2019-11-27,36.084999084472656
2019-11-28,36.0099983215332
2019-11-29,36.025001525878906
2019-12-02,35.26499938964844
2019-12-03,35.084999084472656
2019-12-04,35.584999084472656
2019-12-05,35.470001220703125
2019-12-06,35.900001525878906
2019-12-09,35.69499969482422
2019-12-10,35.709999084472656
2019-12-11,35.720001220703125
2019-12-12,35.869998931884766
2019-12-13,36.10499954223633
2019-12-16,36.540000915527344
2019-12-17,36.279998779296875
2019-12-18,36.224998474121094
2019-12-19,36.21500015258789
2019-12-20,36.61000061035156
2019-12-23,36.57500076293945
2019-12-24,36.494998931884766
2019-12-25,36.494998931884766
2019-12-27,36.685001373291016
2019-12-30,36.19499969482422
2019-12-31,36.279998779296875
2020-01-02,36.7400016784668
2020-01-03,36.55500030517578
2020-01-06,36.380001068115234
2020-01-07,36.45000076293945
2020-01-08,36.529998779296875
2020-01-09,36.775001525878906
2020-01-10,36.7400016784668
2020-01-13,36.625
2020-01-14,36.584999084472656
2020-01-15,36.51499938964844
2020-01-16,36.56999969482422
2020-01-17,36.88999938964844
2020-01-20,36.834999084472656
2020-01-21,36.7400016784668
2020-01-22,36.564998626708984
2020-01-23,36.2400016784668
2020-01-24,36.654998779296875
2020-01-27,35.65999984741211
2020-01-28,36.09000015258789
2020-01-29,36.2400016784668
2020-01-30,35.779998779296875
2020-01-31,35.310001373291016
2020-02-03,35.51499938964844
2020-02-04,36.189998626708984
2020-02-05,36.65999984741211
2020-02-06,36.935001373291016
2020-02-07,36.8849983215332
2020-02-10,36.834999084472656
2020-02-11,37.125
2020-02-12,37.404998779296875
2020-02-13,37.31999969482422
2020-02-14,37.28499984741211
2020-02-17,37.375
2020-02-18,37.23500061035156
2020-02-19,37.5
2020-02-20,37.1150016784668
2020-02-21,36.880001068115234
2020-02-24,35.42499923706055
2020-02-25,34.70500183105469
2020-02-26,34.724998474121094
2020-02-27,33.59000015258789
2020-02-28,32.400001525878906
2020-03-02,32.459999084472656
2020-03-03,32.849998474121094
2020-03-04,33.26499938964844
2020-03-05,32.64500045776367
2020-03-06,31.434999465942383
2020-03-09,28.854999542236328
2020-03-10,28.34000015258789
2020-03-11,28.200000762939453
2020-03-12,24.844999313354492
2020-03-13,25.18000030517578
2020-03-16,23.875
2020-03-17,24.625
2020-03-18,23.15999984741211
2020-03-19,23.905000686645508
2020-03-20,24.84000015258789
2020-03-23,24.135000228881836
2020-03-24,26.524999618530273
2020-03-25,27.28499984741211
2020-03-26,27.600000381469727
2020-03-27,26.4950008392334
2020-03-30,26.985000610351562
2020-03-31,27.18000030517578
2020-04-01,26.100000381469727
2020-04-02,26.190000534057617
2020-04-03,25.969999313354492
2020-04-06,27.19499969482422
2020-04-07,27.84000015258789
2020-04-08,27.774999618530273
2020-04-09,28.1299991607666
2020-04-14,28.43000030517578
2020-04-15,27.344999313354492
2020-04-16,27.364999771118164
2020-04-17,28.110000610351562
2020-04-20,28.329999923706055
2020-04-21,27.19499969482422
2020-04-22,27.610000610351562
2020-04-23,27.795000076293945
2020-04-24,27.354999542236328
2020-04-27,28.05500030517578
2020-04-28,28.540000915527344
2020-04-29,29.190000534057617
2020-04-30,28.510000228881836
2020-05-04,27.520000457763672
2020-05-05,28.1200008392334
2020-05-06,27.81999969482422
2020-05-07,28.204999923706055
2020-05-08,28.4950008392334
2020-05-11,28.28499984741211
2020-05-12,28.274999618530273
2020-05-13,27.545000076293945
2020-05-14,27.049999237060547
2020-05-15,27.155000686645508
2020-05-18,28.559999465942383
2020-05-19,28.520000457763672
2020-05-20,28.895000457763672
2020-05-21,28.549999237060547
2020-05-22,28.549999237060547
2020-05-25,29.190000534057617
2020-05-26,29.454999923706055
2020-05-27,29.934999465942383
2020-05-28,30.395000457763672
2020-05-29,29.950000762939453
2020-06-01,30.5049991607666
2020-06-02,31.020000457763672
2020-06-03,32.130001068115234
2020-06-04,32.04499816894531
2020-06-05,33.255001068115234
2020-06-08,33.07500076293945
2020-06-09,32.630001068115234
2020-06-10,32.369998931884766
2020-06-11,30.915000915527344
2020-06-12,30.94499969482422
2020-06-15,30.799999237060547
2020-06-16,31.8700008392334
2020-06-17,32.1150016784668
2020-06-18,31.940000534057617
2020-06-19,32.15999984741211
2020-06-22,31.94499969482422
2020-06-23,32.5099983215332
2020-06-24,31.485000610351562
2020-06-25,31.719999313354492
2020-06-26,31.559999465942383
2020-06-29,31.864999771118164
2020-06-30,31.905000686645508
2020-07-01,31.860000610351562
2020-07-02,32.72999954223633
2020-07-03,32.52000045776367
2020-07-06,33.05500030517578
2020-07-07,32.82500076293945
2020-07-08,31.854999542236328
2020-07-09,31.639999389648438
2020-07-10,31.950000762939453
2020-07-13,32.5
2020-07-14,32.23500061035156
2020-07-15,32.790000915527344
2020-07-16,32.66999816894531
2020-07-17,32.654998779296875
2020-07-20,32.90999984741211
2020-07-21,33.064998626708984
2020-07-22,32.72999954223633
2020-07-23,32.7400016784668
2020-07-24,32.13999938964844
2020-07-27,32.08000183105469
2020-07-28,32.08000183105469
2020-07-29,32.04499816894531
2020-07-30,31.139999389648438
2020-07-31,30.81999969482422
2020-08-03,31.559999465942383
2020-08-04,31.59000015258789
2020-08-05,31.71500015258789
2020-08-06,31.469999313354492
2020-08-07,31.604999542236328
2020-08-10,31.665000915527344
2020-08-11,32.369998931884766
2020-08-12,32.69499969482422
2020-08-13,32.46500015258789
2020-08-14,32.10499954223633
2020-08-17,32.09000015258789
2020-08-18,31.924999237060547
2020-08-19,32.21500015258789
2020-08-20,31.795000076293945
2020-08-21,31.639999389648438
2020-08-24,32.35499954223633
2020-08-25,32.36000061035156
2020-08-26,32.599998474121094
2020-08-27,32.33000183105469
2020-08-28,32.220001220703125
2020-08-31,31.790000915527344
2020-09-01,31.844999313354492
2020-09-02,32.43000030517578
2020-09-03,32.095001220703125
2020-09-04,31.700000762939453
2020-09-07,32.209999084472656
2020-09-08,31.780000686645508
2020-09-09,32.30500030517578
2020-09-10,32.19499969482422
2020-09-11,32.20000076293945
2020-09-14,32.255001068115234
2020-09-15,32.38999938964844
2020-09-16,32.42499923706055
2020-09-17,32.20000076293945
2020-09-18,31.895000457763672
2020-09-21,30.690000534057617
2020-09-22,30.7450008392334
2020-09-23,30.889999389648438
2020-09-24,30.684999465942383
2020-09-25,30.485000610351562
2020-09-28,31.364999771118164
2020-09-29,31.2450008392334
2020-09-30,31.049999237060547
2020-10-01,31.059999465942383
2020-10-02,31.024999618530273
2020-10-05,31.315000534057617
2020-10-06,31.44499969482422
2020-10-07,31.424999237060547
2020-10-08,31.655000686645508
2020-10-09,31.80500030517578
2020-10-12,32.08000183105469
2020-10-13,31.854999542236328
2020-10-14,31.80500030517578
2020-10-15,31.014999389648438
2020-10-16,31.549999237060547
2020-10-19,31.530000686645508
2020-10-20,31.385000228881836
2020-10-21,30.915000915527344
2020-10-22,30.809999465942383
2020-10-23,31.079999923706055
2020-10-26,30.200000762939453
2020-10-27,29.84000015258789
2020-10-28,28.80500030517578
2020-10-29,28.774999618530273
2020-10-30,28.795000076293945
2020-11-02,29.385000228881836
2020-11-03,30.165000915527344
2020-11-04,30.774999618530273
2020-11-05,31.299999237060547
2020-11-06,31.145000457763672
2020-11-09,33.130001068115234
2020-11-10,33.494998931884766
2020-11-11,33.755001068115234
2020-11-12,33.3650016784668
2020-11-13,33.415000915527344
2020-11-16,33.744998931884766
2020-11-17,33.755001068115234
2020-11-18,33.88999938964844
2020-11-19,33.56999969482422
2020-11-20,33.73500061035156
2020-11-23,33.689998626708984
2020-11-24,34.130001068115234
2020-11-25,34.185001373291016
2020-11-26,34.16999816894531
2020-11-27,34.33000183105469
2020-11-30,33.90999984741211
2020-12-01,34.30500030517578
2020-12-02,34.22999954223633
2020-12-03,34.21500015258789
2020-12-04,34.39500045776367
2020-12-07,34.349998474121094
2020-12-08,34.30500030517578
2020-12-09,34.19499969482422
2020-12-10,34.13999938964844
2020-12-11,33.79999923706055
2020-12-14,33.959999084472656
2020-12-15,34.130001068115234
2020-12-16,34.32500076293945
2020-12-17,34.53499984741211
2020-12-18,34.404998779296875
2020-12-21,33.439998626708984
2020-12-22,33.869998931884766
2020-12-23,34.310001373291016
2020-12-24,34.3650016784668
2020-12-28,34.70500183105469
2020-12-29,34.70500183105469
2020-12-30,34.564998626708984
2020-12-31,34.38999938964844
2021-01-04,34.58000183105469
2021-01-05,34.40999984741211
2021-01-06,35.005001068115234
2021-01-07,35.154998779296875
2021-01-08,35.345001220703125
2021-01-11,35.119998931884766
2021-01-12,35.01499938964844
2021-01-13,35.06999969482422
2021-01-14,35.32500076293945
2021-01-15,34.939998626708984
2021-01-18,34.9900016784668
2021-01-19,34.90999984741211
2021-01-20,35.18000030517578
2021-01-21,35.10499954223633
2021-01-22,34.939998626708984
2021-01-25,34.470001220703125
2021-01-26,34.869998931884766
2021-01-27,34.314998626708984
2021-01-28,34.52000045776367
2021-01-29,33.790000915527344
2021-02-01,34.2400016784668
2021-02-02,34.790000915527344
2021-02-03,35.01499938964844
2021-02-04,35.3650016784668
2021-02-05,35.5
2021-02-08,35.6150016784668
2021-02-09,35.540000915527344
2021-02-10,35.43000030517578
2021-02-11,35.63999938964844
2021-02-12,35.875
2021-02-15,36.25
2021-02-16,36.185001373291016
2021-02-17,35.91999816894531
2021-02-18,35.75
2021-02-19,36.084999084472656
2021-02-22,35.95000076293945
2021-02-23,35.81999969482422
2021-02-24,35.9900016784668
2021-02-25,35.81999969482422
2021-02-26,35.28499984741211
2021-03-01,36.025001525878906
2021-03-02,36.0
2021-03-03,36.05500030517578
2021-03-04,36.005001068115234
2021-03-05,35.650001525878906
2021-03-08,36.56999969482422
2021-03-09,36.790000915527344
2021-03-10,37.1349983215332
2021-03-11,37.369998931884766
2021-03-12,37.22999954223633
2021-03-15,37.209999084472656
2021-03-16,37.38999938964844
2021-03-17,37.39500045776367
2021-03-18,37.59000015258789
2021-03-19,37.28499984741211
2021-03-22,37.244998931884766
2021-03-23,37.185001373291016
2021-03-24,37.189998626708984
2021-03-25,37.255001068115234
2021-03-26,37.60499954223633
2021-03-29,37.744998931884766
2021-03-30,38.165000915527344
2021-03-31,37.94499969482422
2021-04-01,38.380001068115234
2021-04-06,38.630001068115234
2021-04-07,38.505001068115234
2021-04-08,38.71500015258789
2021-04-09,38.71500015258789
2021-04-12,38.54499816894531
2021-04-13,38.595001220703125
2021-04-14,38.69499969482422
2021-04-15,38.869998931884766
2021-04-16,39.2599983215332
2021-04-19,39.125
2021-04-20,38.38999938964844
2021-04-21,38.72999954223633
2021-04-22,39.10499954223633
2021-04-23,39.095001220703125
2021-04-26,39.165000915527344
2021-04-27,39.07500076293945
2021-04-28,39.150001525878906
2021-04-29,38.994998931884766
2021-04-30,38.775001525878906
2021-05-03,39.08000183105469
2021-05-04,38.32500076293945
2021-05-05,39.154998779296875
2021-05-06,39.189998626708984
2021-05-07,39.584999084472656
2021-05-10,39.51499938964844
2021-05-11,38.73500061035156
2021-05-12,38.755001068115234
2021-05-13,38.86000061035156
2021-05-14,39.47999954223633
2021-05-17,39.41999816894531
2021-05-18,39.404998779296875
2021-05-19,38.71500015258789
2021-05-20,39.345001220703125
2021-05-21,39.60499954223633
2021-05-24,39.8650016784668
2021-05-25,39.7599983215332
2021-05-26,39.70500183105469
2021-05-27,39.75
2021-05-28,40.07500076293945
2021-05-31,39.78499984741211
2021-06-01,40.119998931884766
2021-06-02,40.275001525878906
2021-06-03,40.185001373291016
2021-06-04,40.29999923706055
2021-06-07,40.35499954223633
2021-06-08,40.349998474121094
2021-06-09,40.369998931884766
2021-06-10,40.345001220703125
2021-06-11,40.63999938964844
2021-06-14,40.71500015258789
2021-06-15,40.810001373291016
2021-06-16,40.900001525878906
2021-06-17,40.935001373291016
2021-06-18,40.20000076293945
2021-06-21,40.5
2021-06-22,40.625
2021-06-23,40.150001525878906
2021-06-24,40.61000061035156
2021-06-25,40.61000061035156
2021-06-28,40.29499816894531
2021-06-29,40.53499984741211
2021-06-30,40.14500045776367
2021-07-01,40.20500183105469
2021-07-02,40.25
2021-07-05,40.28499984741211
2021-07-06,39.915000915527344
2021-07-07,40.185001373291016
2021-07-08,39.36000061035156
2021-07-09,40.10499954223633
2021-07-12,40.3650016784668
2021-07-13,40.349998474121094
2021-07-14,40.42499923706055
2021-07-15,39.959999084472656
2021-07-16,39.78499984741211
2021-07-19,38.724998474121094
2021-07-20,38.97999954223633
2021-07-21,39.685001373291016
2021-07-22,40.01499938964844
2021-07-23,40.525001525878906
2021-07-26,40.435001373291016
2021-07-27,40.06999969482422
2021-07-28,40.46500015258789
2021-07-29,40.595001220703125
2021-07-30,40.34000015258789
2021-08-02,40.58000183105469
2021-08-03,40.6150016784668
2021-08-04,40.88999938964844
2021-08-05,41.04999923706055
2021-08-06,41.165000915527344
2021-08-09,41.209999084472656
2021-08-10,41.314998626708984
2021-08-11,41.474998474121094
2021-08-12,41.685001373291016
2021-08-13,41.709999084472656
2021-08-16,41.439998626708984
2021-08-17,41.38999938964844
2021-08-18,41.310001373291016
2021-08-19,40.665000915527344
2021-08-20,40.89500045776367
2021-08-23,41.185001373291016
2021-08-24,41.185001373291016
2021-08-25,41.220001220703125
2021-08-26,41.125
2021-08-27,41.345001220703125
2021-08-30,41.41999816894531
2021-08-31,41.36000061035156
2021-09-01,41.68000030517578
2021-09-02,41.7400016784668
2021-09-03,41.44499969482422
2021-09-06,41.8849983215332
2021-09-07,41.67499923706055
2021-09-08,41.189998626708984
2021-09-09,41.209999084472656
2021-09-10,41.130001068115234
2021-09-13,41.31999969482422
2021-09-14,41.33000183105469
2021-09-15,40.89500045776367
2021-09-16,41.1150016784668
2021-09-17,40.73500061035156
2021-09-20,39.88999938964844
2021-09-21,40.46500015258789
2021-09-22,41.0
2021-09-23,41.47999954223633
2021-09-24,41.1150016784668
2021-09-27,41.19499969482422
2021-09-28,40.15999984741211
2021-09-29,40.38999938964844
2021-09-30,40.040000915527344
2021-10-01,39.935001373291016
2021-10-04,39.56999969482422
2021-10-05,40.23500061035156
2021-10-06,39.73500061035156
2021-10-07,40.564998626708984
2021-10-08,40.33000183105469
2021-10-11,40.31999969482422
2021-10-12,40.14500045776367
2021-10-13,40.40999984741211
2021-10-14,41.064998626708984
2021-10-15,41.40999984741211
2021-10-18,41.125
2021-10-19,41.275001525878906
2021-10-20,41.33000183105469
2021-10-21,41.17499923706055
2021-10-22,41.474998474121094
2021-10-25,41.474998474121094
2021-10-26,41.84000015258789
2021-10-27,41.790000915527344
2021-10-28,41.92499923706055
2021-10-29,42.11000061035156
2021-11-01,42.40999984741211
2021-11-02,42.57500076293945
2021-11-03,42.709999084472656
2021-11-04,42.939998626708984
2021-11-05,43.244998931884766
2021-11-08,43.125
2021-11-09,43.040000915527344
2021-11-10,43.099998474121094
2021-11-11,43.16999816894531
2021-11-12,43.310001373291016
2021-11-15,43.46500015258789
2021-11-16,43.6150016784668
2021-11-17,43.595001220703125
2021-11-18,43.435001373291016
2021-11-19,43.189998626708984
2021-11-22,43.025001525878906
2021-11-23,42.470001220703125
2021-11-24,42.40999984741211
2021-11-25,42.560001373291016
2021-11-26,40.540000915527344
2021-11-29,40.76499938964844
2021-11-30,40.28499984741211
2021-12-01,41.470001220703125
2021-12-02,40.7599983215332
2021-12-03,40.474998474121094
2021-12-06,41.06999969482422
2021-12-07,42.435001373291016
2021-12-08,42.0
2021-12-09,41.75
2021-12-10,41.650001525878906
2021-12-13,41.4900016784668
2021-12-14,41.119998931884766
2021-12-15,41.26499938964844
2021-12-16,41.685001373291016
2021-12-17,41.27000045776367
2021-12-20,40.7400016784668
2021-12-21,41.400001525878906
2021-12-22,41.82500076293945
2021-12-23,42.34000015258789
2021-12-24,42.25
2021-12-27,42.56999969482422
2021-12-28,42.80500030517578
2021-12-29,42.5
2021-12-30,42.71500015258789
2021-12-31,42.650001525878906
2022-01-03,43.005001068115234
2022-01-04,43.334999084472656
2022-01-05,43.595001220703125
2022-01-06,42.92499923706055
2022-01-07,42.709999084472656
2022-01-10,42.08000183105469
2022-01-11,42.51499938964844
2022-01-12,42.869998931884766
2022-01-13,42.85499954223633
2022-01-14,42.404998779296875
2022-01-17,42.73500061035156
2022-01-18,42.26499938964844
2022-01-19,42.380001068115234
2022-01-20,42.709999084472656
2022-01-21,41.98500061035156
2022-01-24,40.29999923706055
2022-01-25,40.560001373291016
2022-01-26,41.40999984741211
2022-01-27,41.625
2022-01-28,41.15999984741211
2022-01-31,41.525001525878906
2022-02-01,42.0099983215332
2022-02-02,41.97999954223633
2022-02-03,41.13999938964844
2022-02-04,40.584999084472656
2022-02-07,40.91999816894531
2022-02-08,41.0099983215332
2022-02-09,41.744998931884766
2022-02-10,41.65999984741211
2022-02-11,41.30500030517578
2022-02-14,40.415000915527344
2022-02-15,41.470001220703125
2022-02-16,41.13999938964844
2022-02-17,40.880001068115234
2022-02-18,40.4900016784668
2022-02-21,39.619998931884766
2022-02-22,39.61000061035156
2022-02-23,39.5
2022-02-24,38.13999938964844
2022-02-25,39.53499984741211
2022-02-28,39.03499984741211
2022-03-01,37.470001220703125
2022-03-02,38.0099983215332
2022-03-03,37.2400016784668
2022-03-04,35.41999816894531
2022-03-07,34.90999984741211
2022-03-08,34.86000061035156
2022-03-09,37.45000076293945
2022-03-10,36.36000061035156
2022-03-11,36.70000076293945
2022-03-14,37.20000076293945
2022-03-15,37.189998626708984
2022-03-16,38.68000030517578
2022-03-17,38.64500045776367
2022-03-18,38.76499938964844
2022-03-21,38.59000015258789
2022-03-22,39.04499816894531
2022-03-23,38.494998931884766
2022-03-24,38.43000030517578
2022-03-25,38.474998474121094
2022-03-28,38.68000030517578
2022-03-29,39.810001373291016
2022-03-30,39.369998931884766
2022-03-31,38.814998626708984
2022-04-01,38.96500015258789
2022-04-04,39.29999923706055
2022-04-05,38.97999954223633
2022-04-06,38.07500076293945
2022-04-07,37.83000183105469
2022-04-08,38.42499923706055
2022-04-11,38.2400016784668
2022-04-12,38.165000915527344
2022-04-13,38.1349983215332
2022-04-14,38.32500076293945
2022-04-19,38.189998626708984
2022-04-20,38.85499954223633
2022-04-21,39.17499923706055
2022-04-22,38.28499984741211
2022-04-25,37.5
2022-04-26,37.19499969482422
2022-04-27,37.349998474121094
2022-04-28,37.79499816894531
2022-04-29,38.07500076293945
2022-05-02,37.48500061035156
2022-05-03,37.79499816894531
2022-05-04,37.45500183105469
2022-05-05,37.19499969482422
2022-05-06,36.61000061035156
2022-05-09,35.650001525878906
2022-05-10,35.900001525878906
2022-05-11,36.834999084472656
2022-05-12,36.53499984741211
2022-05-13,37.439998626708984
2022-05-16,37.279998779296875
2022-05-17,37.845001220703125
2022-05-18,37.34000015258789
2022-05-19,36.875
2022-05-20,36.994998931884766
2022-05-23,37.64500045776367
2022-05-24,37.03499984741211
2022-05-25,37.29999923706055
2022-05-26,37.95000076293945
2022-05-27,38.650001525878906
2022-05-30,38.9900016784668
2022-05-31,38.44499969482422
2022-06-01,38.15999984741211
2022-06-02,38.52000045776367
2022-06-03,38.42499923706055
2022-06-06,38.959999084472656
2022-06-07,38.6150016784668
2022-06-08,38.459999084472656
2022-06-09,37.790000915527344
2022-06-10,36.584999084472656
2022-06-13,35.564998626708984
2022-06-14,35.31999969482422
2022-06-15,35.904998779296875
2022-06-16,34.86000061035156
2022-06-17,34.95500183105469
2022-06-20,35.290000915527344
2022-06-21,35.55500030517578
2022-06-22,35.27000045776367
2022-06-23,34.97999954223633
2022-06-24,35.974998474121094
2022-06-27,36.02000045776367
2022-06-28,36.10499954223633
2022-06-29,35.755001068115234
2022-06-30,35.16999816894531
2022-07-01,35.09000015258789
2022-07-04,35.130001068115234
2022-07-05,34.20500183105469
2022-07-06,34.79999923706055
2022-07-07,35.48500061035156
2022-07-08,35.70000076293945
2022-07-11,35.349998474121094
2022-07-12,35.494998931884766
2022-07-13,35.165000915527344
2022-07-14,34.58000183105469
2022-07-15,35.38999938964844
2022-07-18,35.75
2022-07-19,36.529998779296875
2022-07-20,36.470001220703125
2022-07-21,36.55500030517578
2022-07-22,36.564998626708984
2022-07-25,36.63999938964844
2022-07-26,36.35499954223633
2022-07-27,36.68000030517578
2022-07-28,37.125
2022-07-29,37.69499969482422
2022-08-01,37.67499923706055
2022-08-02,37.47999954223633
2022-08-03,37.95000076293945
2022-08-04,38.18000030517578
2022-08-05,37.89500045776367
2022-08-08,38.224998474121094
2022-08-09,37.790000915527344
2022-08-10,38.15999984741211
2022-08-11,38.20500183105469
2022-08-12,38.43000030517578
2022-08-15,38.55500030517578
2022-08-16,38.70000076293945
2022-08-17,38.20500183105469
2022-08-18,38.435001373291016
2022-08-19,37.94499969482422
2022-08-22,37.21500015258789
2022-08-23,37.125
2022-08-24,37.314998626708984
2022-08-25,37.3650016784668
2022-08-26,36.65999984741211
2022-08-29,36.349998474121094
2022-08-30,36.23500061035156
2022-08-31,35.79499816894531
2022-09-01,35.21500015258789
2022-09-02,36.130001068115234
2022-09-05,35.59000015258789
2022-09-06,35.66999816894531
2022-09-07,35.70000076293945
2022-09-08,35.779998779296875
2022-09-09,36.3849983215332
2022-09-12,37.16999816894531
2022-09-13,36.505001068115234
2022-09-14,36.31999969482422
2022-09-15,36.095001220703125
2022-09-16,35.665000915527344
2022-09-19,35.665000915527344
2022-09-20,35.349998474121094
2022-09-21,35.625
2022-09-22,34.9900016784668
2022-09-23,34.165000915527344
2022-09-26,34.125
2022-09-27,33.939998626708984
2022-09-28,34.04999923706055
2022-09-29,33.439998626708984
2022-09-30,33.82500076293945
2022-10-03,34.084999084472656
2022-10-04,35.494998931884766
2022-10-05,35.125
2022-10-06,34.95000076293945
2022-10-07,34.404998779296875
2022-10-10,34.209999084472656
2022-10-11,34.040000915527344
2022-10-12,33.95500183105469
2022-10-13,34.275001525878906
2022-10-14,34.439998626708984
2022-10-17,35.06999969482422
2022-10-18,35.29499816894531
2022-10-19,35.369998931884766
2022-10-20,35.58000183105469
2022-10-21,35.43000030517578
2022-10-24,35.95500183105469
2022-10-25,36.540000915527344
2022-10-26,36.75
2022-10-27,36.744998931884766
2022-10-28,36.810001373291016
2022-10-31,36.869998931884766
2022-11-01,37.20000076293945
2022-11-02,36.91999816894531
2022-11-03,36.6349983215332
2022-11-04,37.57500076293945
2022-11-07,37.79999923706055
2022-11-08,38.125
2022-11-09,38.005001068115234
2022-11-10,39.21500015258789
2022-11-11,39.45000076293945
2022-11-14,39.625
2022-11-15,39.915000915527344
2022-11-16,39.60499954223633
2022-11-17,39.525001525878906
2022-11-18,40.005001068115234
2022-11-21,39.90999984741211
2022-11-22,40.084999084472656
2022-11-23,40.27000045776367
2022-11-24,40.415000915527344
2022-11-25,40.45000076293945
2022-11-28,40.17499923706055
2022-11-29,40.14500045776367
2022-11-30,40.45000076293945
2022-12-01,40.67499923706055
2022-12-02,40.625
2022-12-05,40.39500045776367
2022-12-06,40.19499969482422
2022-12-07,40.02000045776367
2022-12-08,40.04499816894531
2022-12-09,40.25
2022-12-12,40.05500030517578
2022-12-13,40.720001220703125
2022-12-14,40.61000061035156
2022-12-15,39.165000915527344
2022-12-16,38.84000015258789
2022-12-19,38.93000030517578
2022-12-20,38.85499954223633
2022-12-21,39.55500030517578
2022-12-22,39.060001373291016
2022-12-23,39.01499938964844
2022-12-27,39.189998626708984
2022-12-28,38.939998626708984
2022-12-29,39.380001068115234
2022-12-30,38.73500061035156
2023-01-02,39.474998474121094
2023-01-03,39.7400016784668
2023-01-04,40.65999984741211
2023-01-05,40.48500061035156
2023-01-06,41.099998474121094
2023-01-09,41.63999938964844
2023-01-10,41.4900016784668
2023-01-11,41.93000030517578
2023-01-12,42.20500183105469
2023-01-13,42.42499923706055
2023-01-16,42.5099983215332
2023-01-17,42.665000915527344
2023-01-18,42.67499923706055
2023-01-19,41.875
2023-01-20,42.11000061035156
2023-01-23,42.45500183105469
2023-01-24,42.474998474121094
2023-01-25,42.45000076293945
2023-01-26,42.689998626708984
2023-01-27,42.73500061035156
2023-01-30,42.525001525878906
2023-01-31,42.59000015258789
2023-02-01,42.654998779296875
2023-02-02,43.404998779296875
2023-02-03,43.57500076293945
2023-02-06,43.04999923706055
2023-02-07,43.084999084472656
2023-02-08,43.08000183105469
2023-02-09,43.48500061035156
2023-02-10,42.970001220703125
2023-02-13,43.439998626708984
2023-02-14,43.43000030517578
2023-02-15,43.82500076293945
2023-02-16,44.029998779296875
2023-02-17,43.775001525878906
2023-02-20,43.744998931884766
2023-02-21,43.52000045776367
2023-02-22,43.435001373291016
2023-02-23,43.59000015258789
2023-02-24,42.720001220703125
2023-02-27,43.470001220703125
2023-02-28,43.3849983215332
2023-03-01,43.154998779296875
2023-03-02,43.400001525878906
2023-03-03,43.974998474121094
2023-03-06,44.165000915527344
2023-03-07,43.80500030517578
2023-03-08,43.90999984741211
2023-03-09,43.8849983215332
2023-03-10,43.310001373291016
2023-03-13,41.915000915527344
2023-03-14,42.79999923706055
2023-03-15,41.3650016784668
2023-03-16,42.130001068115234
2023-03-17,41.65999984741211
2023-03-20,42.20500183105469
2023-03-21,42.78499984741211
2023-03-22,42.97999954223633
2023-03-23,43.099998474121094
2023-03-24,42.380001068115234
2023-03-27,42.724998474121094
2023-03-28,42.77000045776367
2023-03-29,43.400001525878906
2023-03-30,43.959999084472656
2023-03-31,44.275001525878906
2023-04-03,44.22999954223633
2023-04-04,44.279998779296875
2023-04-05,44.099998474121094
2023-04-06,44.244998931884766
2023-04-11,44.505001068115234
2023-04-12,44.52000045776367
2023-04-13,44.80500030517578
2023-04-14,45.08000183105469
2023-04-17,44.8650016784668
2023-04-18,45.1150016784668
2023-04-19,45.125
2023-04-20,45.040000915527344
2023-04-21,45.275001525878906
2023-04-24,45.279998779296875
2023-04-25,45.095001220703125
2023-04-26,44.80500030517578
2023-04-27,44.959999084472656
2023-04-28,45.04499816894531
2023-05-02,44.3849983215332
2023-05-03,44.57500076293945
2023-05-04,44.34000015258789
2023-05-05,45.005001068115234
2023-05-08,45.13999938964844
2023-05-09,44.93000030517578
2023-05-10,44.71500015258789
2023-05-11,44.80500030517578
2023-05-12,44.98500061035156
2023-05-15,44.994998931884766
2023-05-16,45.0
2023-05-17,45.064998626708984
2023-05-18,45.57500076293945
2023-05-19,45.8650016784668
2023-05-22,45.85499954223633
2023-05-23,45.404998779296875
2023-05-24,44.595001220703125
2023-05-25,44.64500045776367
2023-05-26,45.3650016784668
2023-05-29,45.17499923706055
2023-05-30,44.935001373291016
2023-05-31,44.10499954223633
2023-06-01,44.36000061035156
2023-06-02,45.244998931884766
2023-06-05,44.90999984741211
2023-06-06,44.95500183105469
2023-06-07,44.93000030517578
2023-06-08,45.0
2023-06-09,44.89500045776367
2023-06-12,45.154998779296875
2023-06-13,45.52000045776367
2023-06-14,45.810001373291016
2023-06-15,45.68000030517578
2023-06-16,46.0
2023-06-19,45.64500045776367
2023-06-20,45.45500183105469
2023-06-21,45.275001525878906
2023-06-22,45.04499816894531
2023-06-23,44.685001373291016
2023-06-26,44.834999084472656
2023-06-27,45.06999969482422
2023-06-28,45.53499984741211
2023-06-29,45.60499954223633
2023-06-30,46.060001373291016
2023-07-03,46.064998626708984
2023-07-04,45.994998931884766
2023-07-05,45.560001373291016
2023-07-06,44.220001220703125
2023-07-07,44.39500045776367
2023-07-10,44.60499954223633
2023-07-11,44.904998779296875
2023-07-12,45.70500183105469
2023-07-13,46.02000045776367
2023-07-14,46.125
2023-07-17,45.654998779296875
2023-07-18,45.80500030517578
2023-07-19,45.720001220703125
2023-07-20,45.834999084472656
2023-07-21,46.025001525878906
2023-07-24,45.94499969482422
2023-07-25,46.04499816894531
2023-07-26,45.540000915527344
2023-07-27,46.6349983215332
2023-07-28,46.869998931884766
2023-07-31,46.900001525878906
2023-08-01,46.20500183105469
2023-08-02,45.435001373291016
2023-08-03,45.11000061035156
2023-08-04,45.45500183105469
2023-08-07,45.4900016784668
2023-08-08,44.97999954223633
2023-08-09,45.275001525878906
2023-08-10,45.98500061035156
2023-08-11,45.290000915527344
2023-08-14,45.400001525878906
2023-08-15,44.91999816894531
2023-08-16,44.935001373291016
2023-08-17,44.345001220703125
2023-08-18,44.189998626708984
2023-08-21,44.31999969482422
2023-08-22,44.67499923706055
2023-08-23,44.744998931884766
2023-08-24,44.38999938964844
2023-08-25,44.415000915527344
2023-08-28,45.08000183105469
2023-08-29,45.380001068115234
2023-08-30,45.26499938964844
2023-08-31,45.08000183105469
2023-09-01,44.92499923706055
2023-09-04,44.869998931884766
2023-09-05,44.77000045776367
2023-09-06,44.45500183105469
2023-09-07,44.26499938964844
2023-09-08,44.435001373291016
2023-09-11,44.6349983215332
2023-09-12,44.48500061035156
2023-09-13,44.290000915527344
2023-09-14,44.90999984741211
2023-09-15,45.04999923706055
2023-09-18,44.52000045776367
2023-09-19,44.48500061035156
2023-09-20,44.875
2023-09-21,44.20500183105469
2023-09-22,44.154998779296875
2023-09-25,43.73500061035156
2023-09-26,43.33000183105469
2023-09-27,43.369998931884766
2023-09-28,43.68000030517578
2023-09-29,43.810001373291016
2023-10-02,43.400001525878906
2023-10-03,42.959999084472656
2023-10-04,43.01499938964844
2023-10-05,43.040000915527344
2023-10-06,43.5
2023-10-09,43.14500045776367
2023-10-10,44.130001068115234
2023-10-11,44.10499954223633
2023-10-12,44.060001373291016
2023-10-13,43.415000915527344
2023-10-16,43.560001373291016
2023-10-17,43.59000015258789
2023-10-18,43.11000061035156
2023-10-19,42.935001373291016
2023-10-20,42.290000915527344
2023-10-23,42.435001373291016
2023-10-24,42.68000030517578
2023-10-25,42.77000045776367
2023-10-26,42.505001068115234
2023-10-27,42.14500045776367
2023-10-30,42.30500030517578
2023-10-31,42.67499923706055
2023-11-01,43.0
2023-11-02,43.84000015258789
2023-11-03,43.900001525878906
2023-11-06,43.70000076293945
2023-11-07,43.650001525878906
2023-11-08,43.91999816894531
2023-11-09,44.435001373291016
2023-11-10,44.09000015258789
2023-11-13,44.46500015258789
2023-11-14,45.15999984741211
2023-11-15,45.35499954223633
2023-11-16,45.23500061035156
2023-11-17,45.625
2023-11-20,45.68000030517578
2023-11-21,45.595001220703125
2023-11-22,45.814998626708984
2023-11-23,45.900001525878906
2023-11-24,46.03499984741211
2023-11-27,45.85499954223633
2023-11-28,45.79499816894531
2023-11-29,46.04499816894531
2023-11-30,46.14500045776367
2023-12-01,46.53499984741211
2023-12-04,46.52000045776367
2023-12-05,46.91999816894531
2023-12-06,47.26499938964844
2023-12-07,47.13999938964844
2023-12-08,47.67499923706055
2023-12-11,47.85499954223633
2023-12-12,47.79999923706055
2023-12-13,47.73500061035156
2023-12-14,47.80500030517578
2023-12-15,47.95000076293945
2023-12-18,47.60499954223633
2023-12-19,47.76499938964844
2023-12-20,47.7400016784668
2023-12-21,47.63999938964844
2023-12-22,47.61000061035156
2023-12-27,47.75
2023-12-28,47.564998626708984
2023-12-29,47.6150016784668
2024-01-02,47.55500030517578
2024-01-03,46.869998931884766
2024-01-04,47.154998779296875
2024-01-05,47.029998779296875
2024-01-08,47.2599983215332
2024-01-09,47.11000061035156
2024-01-10,47.11000061035156
2024-01-11,46.82500076293945
2024-01-12,47.22999954223633
2024-01-15,46.98500061035156
2024-01-16,46.880001068115234
2024-01-17,46.435001373291016
2024-01-18,46.96500015258789
2024-01-19,46.89500045776367
2024-01-22,47.244998931884766
2024-01-23,47.095001220703125
2024-01-24,48.150001525878906
2024-01-25,48.33000183105469
2024-01-26,48.915000915527344
2024-01-29,48.93000030517578
2024-01-30,49.21500015258789
2024-01-31,48.98500061035156
2024-02-01,48.92499923706055
2024-02-02,49.08000183105469
2024-02-05,49.06999969482422
2024-02-06,49.474998474121094
2024-02-07,49.34000015258789
2024-02-08,49.665000915527344
2024-02-09,49.744998931884766
2024-02-12,50.06999969482422
2024-02-13,49.474998474121094
2024-02-14,49.70000076293945
2024-02-15,50.04999923706055
2024-02-16,50.27000045776367
2024-02-19,50.2400016784668
2024-02-20,50.2400016784668
2024-02-21,50.34000015258789
2024-02-22,51.220001220703125
2024-02-23,51.380001068115234
2024-02-26,51.279998779296875
2024-02-27,51.54999923706055
2024-02-28,51.4900016784668
2024-02-29,51.459999084472656
2024-03-01,51.630001068115234
2024-03-04,51.79999923706055
2024-03-05,51.59000015258789
2024-03-06,51.86000061035156
2024-03-07,52.470001220703125
2024-03-08,52.36000061035156
2024-03-11,52.0
2024-03-12,52.54999923706055
2024-03-13,52.75
2024-03-14,52.68000030517578
2024-03-15,52.560001373291016
2024-03-18,52.560001373291016
2024-03-19,52.849998474121094
2024-03-20,52.77000045776367
2024-03-21,53.33000183105469
2024-03-22,53.119998931884766
2024-03-25,53.279998779296875
2024-03-26,53.54999923706055
2024-03-27,53.72999954223633
2024-03-28,53.68000030517578
2024-04-02,53.27000045776367
2024-04-03,53.52000045776367
2024-04-04,53.54999923706055
2024-04-05,52.91999816894531
2024-04-08,53.349998474121094
2024-04-09,52.72999954223633
2024-04-10,52.84000015258789
2024-04-11,52.52000045776367
2024-04-12,52.41999816894531
2024-04-15,52.72999954223633
2024-04-16,52.0099983215332
2024-04-17,52.029998779296875
2024-04-18,52.22999954223633
2024-04-19,52.029998779296875
2024-04-22,52.36000061035156
2024-04-23,53.20000076293945
2024-04-24,52.95000076293945
2024-04-25,52.470001220703125
2024-04-26,53.290000915527344
2024-04-29,53.060001373291016
2024-04-30,52.459999084472656
2024-05-02,52.119998931884766
2024-05-03,52.52000045776367
2024-05-06,52.93000030517578
2024-05-07,53.54999923706055
2024-05-08,53.81999969482422
2024-05-09,54.09000015258789
2024-05-10,54.38999938964844
2024-05-13,54.40999984741211
2024-05-14,54.40999984741211
2024-05-15,54.68000030517578
2024-05-16,54.45000076293945
2024-05-17,54.29999923706055
2024-05-20,54.529998779296875
2024-05-21,54.290000915527344
2024-05-22,54.060001373291016
2024-05-23,54.18000030517578
2024-05-24,54.18000030517578
2024-05-27,54.41999816894531
2024-05-28,54.130001068115234
2024-05-29,53.45000076293945
2024-05-30,53.70000076293945
2024-05-31,53.65999984741211
2024-06-03,53.900001525878906
2024-06-04,53.349998474121094
2024-06-05,54.2599983215332
2024-06-06,54.630001068115234
2024-06-07,54.41999816894531
2024-06-10,54.04999923706055
2024-06-11,53.560001373291016
2024-06-12,54.2400016784668
2024-06-13,53.18000030517578
2024-06-14,52.09000015258789
2024-06-17,52.540000915527344
2024-06-18,52.91999816894531
2024-06-19,52.630001068115234
2024-06-20,53.29999923706055
2024-06-21,52.849998474121094
2024-06-24,53.31999969482422
2024-06-25,53.18000030517578
2024-06-26,52.93000030517578
2024-06-27,52.79999923706055
2024-06-28,52.7400016784668
2024-07-01,53.11000061035156
2024-07-02,52.84000015258789
2024-07-03,53.52000045776367
2024-07-04,53.75
2024-07-05,53.66999816894531
2024-07-08,53.58000183105469
2024-07-09,52.84000015258789
2024-07-10,53.470001220703125
2024-07-11,53.65999984741211
2024-07-12,54.38999938964844
2024-07-15,53.720001220703125
2024-07-16,53.349998474121094
2024-07-17,52.779998779296875
2024-07-18,52.540000915527344
2024-07-19,52.040000915527344
2024-07-22,52.84000015258789
2024-07-23,53.04999923706055
2024-07-24,52.45000076293945
2024-07-25,51.90999984741211
2024-07-26,52.45000076293945
2024-07-29,51.95000076293945
2024-07-30,52.25
2024-07-31,52.58000183105469
2024-08-01,51.380001068115234
2024-08-02,50.040000915527344
2024-08-05,49.314998626708984
2024-08-06,49.369998931884766
2024-08-07,50.380001068115234
2024-08-08,50.400001525878906
2024-08-09,50.459999084472656
2024-08-12,50.41999816894531
2024-08-13,50.66999816894531
2024-08-14,51.040000915527344
2024-08-15,52.0099983215332
2024-08-16,52.279998779296875
2024-08-19,52.630001068115234
2024-08-20,52.470001220703125
2024-08-21,52.77000045776367
2024-08-22,52.779998779296875
2024-08-23,53.0099983215332
2024-08-26,52.880001068115234
2024-08-27,52.900001525878906
2024-08-28,53.04999923706055
2024-08-29,53.619998931884766
2024-08-30,53.529998779296875
2024-09-02,53.689998626708984
2024-09-03,53.040000915527344
2024-09-04,52.31999969482422
2024-09-05,52.0
2024-09-06,51.119998931884766
2024-09-09,51.61000061035156
2024-09-10,51.2400016784668
2024-09-11,51.41999816894531
2024-09-12,51.9900016784668
2024-09-13,52.310001373291016
2024-09-16,52.13999938964844
2024-09-17,52.529998779296875
2024-09-18,52.25
2024-09-19,53.43000030517578
2024-09-20,52.619998931884766
2024-09-23,52.790000915527344
2024-09-24,53.369998931884766
2024-09-25,53.13999938964844
2024-09-26,54.33000183105469
2024-09-27,54.720001220703125
2024-09-30,53.970001220703125
2024-10-01,53.45000076293945
2024-10-02,53.56999969482422
2024-10-03,53.119998931884766
2024-10-04,53.5099983215332
2024-10-07,53.65999984741211
2024-10-08,53.5
2024-10-09,53.869998931884766
2024-10-10,53.720001220703125
2024-10-11,54.08000183105469
2024-10-14,54.47999954223633
2024-10-15,53.529998779296875
2024-10-16,53.09000015258789
2024-10-17,53.5
2024-10-18,53.88999938964844
2024-10-21,53.41999816894531
2024-10-22,53.400001525878906
2024-10-23,53.209999084472656
2024-10-24,53.349998474121094
2024-10-25,53.439998626708984
2024-10-28,53.72999954223633
2024-10-29,53.5099983215332
2024-10-30,52.84000015258789
2024-10-31,52.209999084472656
2024-11-01,52.779998779296875
2024-11-04,52.5099983215332
2024-11-05,52.689998626708984
2024-11-06,51.939998626708984
2024-11-07,52.5
2024-11-08,51.95000076293945
2024-11-11,52.5099983215332
2024-11-12,51.34000015258789
2024-11-13,51.27000045776367
2024-11-14,52.290000915527344
2024-11-15,51.88999938964844
2024-11-18,51.900001525878906
2024-11-19,51.47999954223633
2024-11-20,51.25
2024-11-21,51.5099983215332
2024-11-22,51.88999938964844
2024-11-25,51.9900016784668
2024-11-26,51.54999923706055
2024-11-27,51.34000015258789
2024-11-28,51.599998474121094
2024-11-29,52.08000183105469
2024-12-02,52.540000915527344
2024-12-03,52.91999816894531
2024-12-04,53.349998474121094
2024-12-05,53.70000076293945
2024-12-06,54.0
2024-12-09,54.04999923706055
2024-12-10,53.70000076293945
2024-12-11,53.7599983215332
2024-12-12,53.84000015258789
2024-12-13,53.81999969482422
2024-12-16,53.61000061035156
2024-12-17,53.59000015258789
2024-12-18,53.77000045776367
2024-12-19,52.95000076293945
2024-12-20,52.79999923706055
2024-12-23,52.650001525878906
2024-12-24,53.33000183105469
2024-12-27,53.150001525878906
2024-12-30,52.7599983215332
2024-12-31,53.33000183105469
2025-01-02,53.279998779296875
2025-01-03,52.779998779296875
2025-01-06,54.06999969482422
2025-01-07,54.310001373291016
2025-01-08,54.15999984741211
2025-01-09,54.380001068115234
2025-01-10,53.95000076293945
2025-01-13,53.70000076293945
2025-01-14,53.9900016784668
2025-01-15,54.58000183105469
2025-01-16,55.380001068115234
2025-01-17,55.849998474121094
2025-01-20,56.04999923706055
2025-01-21,56.060001373291016
2025-01-22,56.4900016784668
2025-01-23,56.619998931884766
2025-01-24,56.650001525878906
2025-01-27,56.33000183105469
2025-01-28,56.400001525878906
2025-01-29,56.72999954223633
2025-01-30,57.34000015258789
2025-01-31,57.369998931884766
2025-02-03,56.599998474121094
2025-02-04,57.150001525878906
2025-02-05,57.20000076293945
2025-02-06,58.13999938964844
2025-02-07,57.81999969482422
2025-02-10,58.189998626708984
2025-02-11,58.54999923706055
2025-02-12,58.72999954223633
2025-02-13,59.720001220703125
2025-02-14,59.720001220703125
2025-02-17,60.02000045776367
2025-02-18,60.16999816894531
2025-02-19,59.34000015258789
2025-02-20,59.349998474121094
2025-02-21,59.4900016784668
2025-02-24,59.27000045776367
2025-02-25,59.209999084472656
2025-02-26,60.119998931884766
2025-02-27,59.5
2025-02-28,59.36000061035156
2025-03-03,60.22999954223633
2025-03-04,58.54999923706055
2025-03-05,59.66999816894531
2025-03-06,60.0099983215332
2025-03-07,59.43000030517578
2025-03-10,58.54999923706055
2025-03-11,57.72999954223633
2025-03-12,58.27000045776367
2025-03-13,57.93000030517578
2025-03-14,58.779998779296875
2025-03-17,59.209999084472656
2025-03-18,59.650001525878906
2025-03-19,59.90999984741211
2025-03-20,59.220001220703125
2025-03-21,58.970001220703125
2025-03-24,58.900001525878906
2025-03-25,59.560001373291016
2025-03-26,58.900001525878906
2025-03-27,58.54999923706055
2025-03-28,58.040000915527344
2025-03-31,57.119998931884766
2025-04-01,57.90999984741211
2025-04-02,57.72999954223633
2025-04-03,55.689998626708984
2025-04-04,53.08000183105469
2025-04-07,50.7400016784668
2025-04-08,51.97999954223633
2025-04-09,50.349998474121094
2025-04-10,52.540000915527344
2025-04-11,52.130001068115234
2025-04-14,53.470001220703125
2025-04-15,54.119998931884766
2025-04-16,54.060001373291016
2025-04-17,53.7599983215332
2025-04-22,54.130001068115234
2025-04-23,55.689998626708984
2025-04-24,55.86000061035156
2025-04-25,56.33000183105469
2025-04-28,56.5
2025-04-29,56.43000030517578
2025-04-30,56.40999984741211
2025-05-02,57.83000183105469
2025-05-05,57.970001220703125
2025-05-06,57.7599983215332
2025-05-07,57.45000076293945
2025-05-08,58.09000015258789
2025-05-09,58.40999984741211
2025-05-12,59.400001525878906
2025-05-13,59.68000030517578
2025-05-14,59.54999923706055
2025-05-15,59.650001525878906
2025-05-16,59.869998931884766
2025-05-19,60.029998779296875
2025-05-20,60.349998474121094
2025-05-21,60.33000183105469
2025-05-22,60.0099983215332
2025-05-23,58.900001525878906
2025-05-26,59.70000076293945
2025-05-27,59.959999084472656
2025-05-28,59.52000045776367
2025-05-29,59.470001220703125
2025-05-30,59.380001068115234
2025-06-02,59.2599983215332
2025-06-03,59.470001220703125
2025-06-04,59.84000015258789
2025-06-05,59.880001068115234
2025-06-06,60.09000015258789
2025-06-09,60.04999923706055
2025-06-10,59.95000076293945
2025-06-11,59.709999084472656
2025-06-12,59.349998474121094
2025-06-13,58.56999969482422
2025-06-16,59.11000061035156
2025-06-17,58.540000915527344
2025-06-18,58.33000183105469
2025-06-19,57.59000015258789
2025-06-20,57.9900016784668
2025-06-23,57.869998931884766
2025-06-24,58.709999084472656
2025-06-25,58.220001220703125
2025-06-26,58.11000061035156
2025-06-27,59.02000045776367
2025-06-30,58.779998779296875
2025-07-01,58.56999969482422
2025-07-02,58.95000076293945
2025-07-03,59.189998626708984
2025-07-04,58.63999938964844
2025-07-07,59.20000076293945
2025-07-08,59.52000045776367
2025-07-09,60.369998931884766
2025-07-10,60.27000045776367
2025-07-11,59.68000030517578
2025-07-14,59.52000045776367
2025-07-15,59.310001373291016
2025-07-16,58.70000076293945
2025-07-17,59.61000061035156
2025-07-18,59.400001525878906
2025-07-21,59.2599983215332
2025-07-22,58.65999984741211
2025-07-23,59.279998779296875
2025-07-24,59.400001525878906
2025-07-25,59.380001068115234
2025-07-28,59.220001220703125
2025-07-29,59.68000030517578
2025-07-30,59.81999969482422
2025-07-31,59.04999923706055
2025-08-01,57.290000915527344
2025-08-04,58.18000030517578
2025-08-05,58.27000045776367
2025-08-06,58.43000030517578
2025-08-07,59.209999084472656
2025-08-08,59.349998474121094
2025-08-11,59.20000076293945
2025-08-12,59.25
2025-08-13,59.83000183105469
2025-08-14,60.290000915527344
2025-08-15,60.54999923706055
2025-08-18,60.31999969482422
2025-08-19,60.86000061035156
2025-08-20,60.75
2025-08-21,60.650001525878906
2025-08-22,60.939998626708984
2025-08-25,60.43000030517578
2025-08-26,59.779998779296875
2025-08-27,59.869998931884766
2025-08-28,59.91999816894531
2025-08-29,59.40999984741211
2025-09-01,59.61000061035156
2025-09-02,58.7400016784668
2025-09-03,59.099998474121094
2025-09-04,59.33000183105469
2025-09-05,59.02000045776367
2025-09-08,59.5
2025-09-09,59.560001373291016
2025-09-10,59.45000076293945
2025-09-11,59.75
2025-09-12,59.779998779296875
2025-09-15,60.34000015258789
2025-09-16,59.560001373291016
2025-09-17,59.54999923706055
2025-09-18,60.52000045776367
2025-09-19,60.540000915527344
2025-09-22,60.34000015258789
2025-09-23,60.709999084472656
2025-09-24,60.619998931884766
2025-09-25,60.38999938964844
2025-09-26,61.02000045776367
2025-09-29,61.130001068115234
2025-09-30,61.38999938964844
2025-10-01,62.02000045776367
2025-10-02,62.75
2025-10-03,62.7599983215332
2025-10-06,62.5099983215332
2025-10-07,62.369998931884766
2025-10-08,62.7599983215332
2025-10-09,62.439998626708984
2025-10-10,61.380001068115234
2025-10-13,61.84000015258789
2025-10-14,61.68000030517578
2025-10-15,62.2599983215332
2025-10-16,62.7599983215332
2025-10-17,62.290000915527344
2025-10-20,63.130001068115234
2025-10-21,63.18000030517578
2025-10-22,62.650001525878906
2025-10-23,62.97999954223633
2025-10-24,63.00019836425781
2025-10-27,63.439998626708984
2025-10-28,63.38999938964844
2025-10-29,63.400001525878906
2025-10-30,63.310001373291016
2025-10-31,62.93000030517578
2025-11-03,63.13999938964844
2025-11-04,62.959999084472656
2025-11-05,63.08000183105469
2025-11-06,62.40999984741211
2025-11-07,61.90999984741211
2025-11-10,63.02000045776367
2025-11-11,63.68000030517578
2025-11-12,64.38999938964844
2025-11-13,63.880001068115234
2025-11-14,63.31999969482422
2025-11-17,62.7400016784668
2025-11-18,61.58000183105469
2025-11-19,61.65999984741211
2025-11-20,61.93000030517578
2025-11-21,61.34000015258789
2025-11-24,61.61000061035156
2025-11-25,62.11000061035156
2025-11-26,63.029998779296875
2025-11-27,62.97999954223633
2025-11-28,63.15999984741211
2025-12-01,63.150001525878906
2025-12-02,63.38999938964844
2025-12-03,63.5099983215332
2025-12-04,63.7400016784668
2025-12-05,63.779998779296875
2025-12-08,63.810001373291016
2025-12-09,63.75
2025-12-10,63.599998474121094
2025-12-11,64.12999725341797
2025-12-12,63.720001220703125
2025-12-15,64.11000061035156
2025-12-16,63.720001220703125
2025-12-17,63.33000183105469
2025-12-18,63.9900016784668
2025-12-19,64.22000122070312
2025-12-22,64.0
2025-12-23,64.08000183105469
2025-12-24,64.26000213623047
2025-12-29,64.1500015258789
2025-12-30,64.86000061035156
2025-12-31,64.70999908447266
2026-01-02,65.30000305175781
2026-01-05,66.05999755859375
2026-01-06,66.16000366210938
2026-01-07,66.05000305175781
2026-01-08,65.83999633789062
2026-01-09,66.88999938964844
2026-01-12,67.12999725341797
2026-01-13,67.2699966430664
2026-01-14,67.01000213623047
2026-01-15,67.41000366210938
2026-01-16,67.2300033569336
2026-01-19,66.12000274658203
2026-01-20,65.7699966430664
2026-01-21,65.5999984741211
2026-01-22,66.47000122070312
2026-01-23,66.36000061035156
2026-01-26,66.5
2026-01-27,66.91000366210938
2026-01-28,66.19000244140625
2026-01-29,65.7300033569336
2026-01-30,66.41000366210938
2026-02-02,67.08000183105469
2026-02-03,66.94000244140625
2026-02-04,66.72000122070312
2026-02-05,66.16999816894531
2026-02-06,66.97000122070312
2026-02-09,67.68000030517578
2026-02-10,67.55000305175781
2026-02-11,67.41999816894531
2026-02-12,67.13999938964844
2026-02-13,66.91000366210938
2026-02-16,66.80999755859375
2026-02-17,67.30000305175781
2026-02-18,68.22000122070312
2026-02-19,67.69000244140625
2026-02-20,68.48999786376953
2026-02-23,68.30999755859375
2026-02-24,68.37999725341797
2026-02-25,68.9800033569336
2026-02-26,68.8499984741211
2026-02-27,68.56999969482422
2026-03-02,66.8499984741211
2026-03-03,64.45999908447266
2026-03-04,65.56999969482422
2026-03-05,64.52999877929688
2026-03-06,63.849998474121094
2026-03-09,63.5
2026-03-10,65.12999725341797
2026-03-11,64.68000030517578
2026-03-12,64.18000030517578
2026-03-13,63.83000183105469
2026-03-16,64.08999633789062
2026-03-17,64.38999938964844
2026-03-18,64.0199966430664
2026-03-19,62.72999954223633
2026-03-20,61.5
2026-03-23,62.34000015258789
2026-03-24,62.369998931884766
2026-03-25,63.189998626708984
2026-03-26,62.20000076293945
2026-03-27,61.540000915527344
2026-03-30,61.939998626708984
2026-03-31,62.25
2026-04-01,64.08000183105469
2026-04-02,63.66999816894531
2026-04-07,63.029998779296875
2026-04-08,66.22000122070312
2026-04-09,65.94999694824219
2026-04-10,66.33000183105469
2026-04-13,66.08999633789062
2026-04-14,67.0
2026-04-15,66.47000122070312
2026-04-16,66.38999938964844
2026-04-17,67.8499984741211
