Date,Close
2010-01-04,13.337220191955566
2010-01-05,13.49550724029541
2010-01-06,13.565862655639648
2010-01-07,13.653797149658203
2010-01-08,13.841397285461426
2010-01-11,13.730010986328125
2010-01-12,13.595170974731445
2010-01-13,13.50136947631836
2010-01-14,13.595170974731445
2010-01-15,13.319629669189453
2010-01-18,13.348949432373047
2010-01-19,13.419294357299805
2010-01-20,13.1027193069458
2010-01-21,12.721653938293457
2010-01-22,12.487156867980957
2010-01-25,12.493017196655273
2010-01-26,12.475433349609375
2010-01-27,12.182308197021484
2010-01-28,12.024016380310059
2010-01-29,12.229205131530762
2010-02-01,12.422670364379883
2010-02-02,12.586817741394043
2010-02-03,12.40507984161377
2010-02-04,11.742616653442383
2010-02-05,11.478803634643555
2010-02-08,11.490527153015137
2010-02-09,11.566739082336426
2010-02-10,11.89504337310791
2010-02-11,11.730890274047852
2010-02-12,11.590193748474121
2010-02-15,11.701581001281738
2010-02-16,11.930218696594238
2010-02-17,12.176440238952637
2010-02-18,12.1881685256958
2010-02-19,12.258519172668457
2010-02-22,12.328868865966797
2010-02-23,12.094369888305664
2010-02-24,12.158856391906738
2010-02-25,11.988842010498047
2010-02-26,12.13540267944336
2010-03-01,12.06505298614502
2010-03-02,12.246793746948242
2010-03-03,12.428534507751465
2010-03-04,12.539921760559082
2010-03-05,12.92684555053711
2010-03-08,12.920984268188477
2010-03-09,12.80959701538086
2010-03-10,12.973742485046387
2010-03-11,12.874078750610352
2010-03-12,12.973742485046387
2010-03-15,12.844769477844238
2010-03-16,13.026507377624512
2010-03-17,13.249284744262695
2010-03-18,13.079272270202637
2010-03-19,13.079272270202637
2010-03-22,12.985475540161133
2010-03-23,13.1144437789917
2010-03-24,13.096858978271484
2010-03-25,13.343079566955566
2010-03-26,13.3313627243042
2010-03-29,13.296189308166504
2010-03-30,13.214102745056152
2010-03-31,13.120309829711914
2010-04-01,13.378253936767578
2010-04-06,13.466195106506348
2010-04-07,13.425158500671387
2010-04-08,13.208246231079102
2010-04-09,13.477922439575195
2010-04-12,13.618620872497559
2010-04-13,13.571720123291016
2010-04-14,13.72414493560791
2010-04-15,13.911744117736816
2010-04-16,13.536544799804688
2010-04-19,13.407569885253906
2010-04-20,13.571720123291016
2010-04-21,13.378253936767578
2010-04-22,13.126164436340332
2010-04-23,13.173070907592773
2010-04-26,13.378253936767578
2010-04-27,12.80959701538086
2010-04-28,12.680620193481445
2010-04-29,12.92684555053711
2010-04-30,12.780282974243164
2010-05-03,12.92684555053711
2010-05-04,12.31127643585205
2010-05-05,12.006428718566895
2010-05-06,11.490527153015137
2010-05-07,10.745988845825195
2010-05-10,12.639580726623535
2010-05-11,12.44025707244873
2010-05-12,12.539921760559082
2010-05-13,12.428534507751465
2010-05-14,11.783652305603027
2010-05-17,11.812966346740723
2010-05-18,12.018155097961426
2010-05-19,11.637090682983398
2010-05-20,11.426042556762695
2010-05-21,11.537425994873047
2010-05-24,11.555013656616211
2010-05-25,11.12118911743164
2010-05-26,11.332239151000977
2010-05-27,11.637090682983398
2010-05-28,11.61950397491455
2010-05-31,11.660542488098145
2010-06-01,11.61950397491455
2010-06-02,11.549155235290527
2010-06-03,11.660542488098145
2010-06-04,11.226716995239258
2010-06-07,11.115324974060059
2010-06-08,10.998075485229492
2010-06-09,11.273615837097168
2010-06-10,11.525701522827148
2010-06-11,11.742616653442383
2010-06-14,11.9595308303833
2010-06-15,12.141271591186523
2010-06-16,12.123679161071777
2010-06-17,12.229205131530762
2010-06-18,12.428534507751465
2010-06-21,12.539921760559082
2010-06-22,12.44611644744873
2010-06-23,12.287829399108887
2010-06-24,11.90090274810791
2010-06-25,11.90676498413086
2010-06-28,12.059189796447754
2010-06-29,11.525701522827148
2010-06-30,11.590193748474121
2010-07-01,11.2853422164917
2010-07-02,11.361553192138672
2010-07-05,11.267755508422852
2010-07-06,11.678131103515625
2010-07-07,12.141271591186523
2010-07-08,12.352317810058594
2010-07-09,12.428534507751465
2010-07-12,12.457840919494629
2010-07-13,12.780282974243164
2010-07-14,12.71579360961914
2010-07-15,12.235069274902344
2010-07-16,11.854002952575684
2010-07-19,11.807108879089355
2010-07-20,11.877453804016113
2010-07-21,11.971254348754883
2010-07-22,12.381630897521973
2010-07-23,12.40507984161377
2010-07-26,12.604406356811523
2010-07-27,13.202383041381836
2010-07-28,13.225837707519531
2010-07-29,13.1144437789917
2010-07-30,13.026507377624512
2010-08-02,13.554133415222168
2010-08-03,13.530680656433105
2010-08-04,13.466195106506348
2010-08-05,13.407569885253906
2010-08-06,13.26686954498291
2010-08-09,13.442748069763184
2010-08-10,13.296189308166504
2010-08-11,12.85062313079834
2010-08-12,12.792003631591797
2010-08-13,12.7568359375
2010-08-16,12.709927558898926
2010-08-17,12.932707786560059
2010-08-18,12.833044052124023
2010-08-19,12.580960273742676
2010-08-20,12.451977729797363
2010-08-23,12.639580726623535
2010-08-24,12.369903564453125
2010-08-25,12.170580863952637
2010-08-26,12.328868865966797
2010-08-27,12.346450805664062
2010-08-30,12.328868865966797
2010-08-31,12.34058666229248
2010-09-01,12.780282974243164
2010-09-02,12.786144256591797
2010-09-03,12.956156730651855
2010-09-06,12.973742485046387
2010-09-07,12.82132339477539
2010-09-08,12.85062313079834
2010-09-09,13.1144437789917
2010-09-10,13.049958229064941
2010-09-13,13.237556457519531
2010-09-14,13.278595924377441
2010-09-15,13.196520805358887
2010-09-16,13.032369613647461
2010-09-17,12.874078750610352
2010-09-20,13.049958229064941
2010-09-21,12.944433212280273
2010-09-22,12.686478614807129
2010-09-23,12.598546981811523
2010-09-24,12.803732872009277
2010-09-27,12.71579360961914
2010-09-28,12.592683792114258
2010-09-29,12.393349647521973
2010-09-30,12.569231986999512
2010-10-01,12.246793746948242
2010-10-04,12.21748161315918
2010-10-05,12.51646900177002
2010-10-06,12.551641464233398
2010-10-07,12.5340576171875
2010-10-08,12.44611644744873
2010-10-11,12.463705062866211
2010-10-12,12.422670364379883
2010-10-13,12.580960273742676
2010-10-14,12.410942077636719
2010-10-15,12.40507984161377
2010-10-18,12.51646900177002
2010-10-19,12.580960273742676
2010-10-20,12.592683792114258
2010-10-21,12.563370704650879
2010-10-22,12.528196334838867
2010-10-25,12.434393882751465
2010-10-26,12.36404800415039
2010-10-27,12.352317810058594
2010-10-28,12.328868865966797
2010-10-29,12.264382362365723
2010-11-01,12.170580863952637
2010-11-02,12.194026947021484
2010-11-03,12.170580863952637
2010-11-04,12.451977729797363
2010-11-05,12.369903564453125
2010-11-08,12.410942077636719
2010-11-09,12.50474739074707
2010-11-10,12.281970977783203
2010-11-11,12.1881685256958
2010-11-12,12.240931510925293
2010-11-15,12.346450805664062
2010-11-16,11.930218696594238
2010-11-17,12.047468185424805
2010-11-18,12.199892044067383
2010-11-19,12.029881477355957
2010-11-22,11.771929740905762
2010-11-23,11.50225830078125
2010-11-24,11.584324836730957
2010-11-25,11.601916313171387
2010-11-26,11.408451080322266
2010-11-29,11.267755508422852
2010-11-30,11.132912635803223
2010-12-01,11.56087875366211
2010-12-02,11.801240921020508
2010-12-03,11.848139762878418
2010-12-06,11.742616653442383
2010-12-07,11.783652305603027
2010-12-08,11.94194507598877
2010-12-09,12.14712905883789
2010-12-10,12.041606903076172
2010-12-13,12.06505298614502
2010-12-14,12.088506698608398
2010-12-15,11.871591567993164
2010-12-16,11.883317947387695
2010-12-17,11.69571590423584
2010-12-20,11.76020622253418
2010-12-21,11.971254348754883
2010-12-22,11.947805404663086
2010-12-23,11.918492317199707
2010-12-27,11.701581001281738
2010-12-28,11.754343032836914
2010-12-29,11.795382499694824
2010-12-30,11.683990478515625
2011-01-03,11.766066551208496
2011-01-04,11.90090274810791
2011-01-05,11.994704246520996
2011-01-06,11.988842010498047
2011-01-07,11.830554962158203
2011-01-10,11.61950397491455
2011-01-11,11.842278480529785
2011-01-12,12.410942077636719
2011-01-13,12.522332191467285
2011-01-14,12.580960273742676
2011-01-17,12.522332191467285
2011-01-18,12.727517127990723
2011-01-19,12.616134643554688
2011-01-20,12.639580726623535
2011-01-21,12.780282974243164
2011-01-24,12.774415969848633
2011-01-25,12.557507514953613
2011-01-26,12.539921760559082
2011-01-27,12.704070091247559
2011-01-28,12.610265731811523
2011-01-31,12.569231986999512
2011-02-01,12.80959701538086
2011-02-02,12.909257888793945
2011-02-03,12.874078750610352
2011-02-04,12.915117263793945
2011-02-07,13.020644187927246
2011-02-08,13.079272270202637
2011-02-09,13.049958229064941
2011-02-10,12.874078750610352
2011-02-11,12.915117263793945
2011-02-14,12.90339183807373
2011-02-15,13.07341194152832
2011-02-16,13.372396469116211
2011-02-17,13.477922439575195
2011-02-18,13.419294357299805
2011-02-21,13.049958229064941
2011-02-22,12.915117263793945
2011-02-23,12.874078750610352
2011-02-24,12.7568359375
2011-02-25,12.944433212280273
2011-02-28,12.909257888793945
2011-03-01,12.67475700378418
2011-03-02,12.633721351623535
2011-03-03,12.551641464233398
2011-03-04,12.375770568847656
2011-03-07,12.293693542480469
2011-03-08,12.38748550415039
2011-03-09,12.346450805664062
2011-03-10,12.21748161315918
2011-03-11,12.176440238952637
2011-03-14,12.194026947021484
2011-03-15,11.9595308303833
2011-03-16,11.672266960144043
2011-03-17,11.865729331970215
2011-03-18,11.842278480529785
2011-03-21,12.082645416259766
2011-03-22,12.082645416259766
2011-03-23,12.070916175842285
2011-03-24,12.194026947021484
2011-03-25,12.141271591186523
2011-03-28,12.223342895507812
2011-03-29,12.059189796447754
2011-03-30,12.041606903076172
2011-03-31,11.789517402648926
2011-04-01,12.059189796447754
2011-04-04,11.965394020080566
2011-04-05,11.94194507598877
2011-04-06,12.170580863952637
2011-04-07,12.299554824829102
2011-04-08,12.323004722595215
2011-04-11,12.293693542480469
2011-04-12,12.117815017700195
2011-04-13,12.194026947021484
2011-04-14,12.000569343566895
2011-04-15,11.93608570098877
2011-04-18,11.678131103515625
2011-04-19,11.660542488098145
2011-04-20,11.72502613067627
2011-04-21,11.889176368713379
2011-04-26,11.930218696594238
2011-04-27,11.94194507598877
2011-04-28,11.994704246520996
2011-04-29,12.024016380310059
2011-05-02,12.018155097961426
2011-05-03,11.965394020080566
2011-05-04,11.854002952575684
2011-05-05,11.730890274047852
2011-05-06,11.848139762878418
2011-05-09,11.701581001281738
2011-05-10,11.830554962158203
2011-05-11,11.859864234924316
2011-05-12,11.789517402648926
2011-05-13,11.701581001281738
2011-05-16,11.648818016052246
2011-05-17,11.584324836730957
2011-05-18,11.590193748474121
2011-05-19,11.660542488098145
2011-05-20,11.578466415405273
2011-05-23,11.373276710510254
2011-05-24,11.326379776000977
2011-05-25,11.578466415405273
2011-05-26,11.549155235290527
2011-05-27,11.56087875366211
2011-05-30,11.50225830078125
2011-05-31,11.642955780029297
2011-06-01,11.455351829528809
2011-06-02,11.273615837097168
2011-06-03,11.30879020690918
2011-06-06,11.203262329101562
2011-06-07,11.168088912963867
2011-06-08,11.039117813110352
2011-06-09,11.074288368225098
2011-06-10,10.927726745605469
2011-06-13,10.96290397644043
2011-06-14,11.10360336303711
2011-06-15,10.886690139770508
2011-06-16,10.857378005981445
2011-06-17,11.00980281829834
2011-06-20,10.898417472839355
2011-06-21,11.10360336303711
2011-06-22,10.998075485229492
2011-06-23,10.704950332641602
2011-06-24,10.523213386535645
2011-06-27,10.505624771118164
2011-06-28,10.652188301086426
2011-06-29,10.816338539123535
2011-06-30,11.033255577087402
2011-07-01,11.326379776000977
2011-07-04,11.256028175354004
2011-07-05,11.185676574707031
2011-07-06,10.998075485229492
2011-07-07,11.150503158569336
2011-07-08,10.69322681427002
2011-07-11,10.382512092590332
2011-07-12,10.3766508102417
2011-07-13,10.400103569030762
2011-07-14,10.294573783874512
2011-07-15,10.218362808227539
2011-07-18,9.901785850524902
2011-07-19,10.030763626098633
2011-07-20,10.405963897705078
2011-07-21,10.816338539123535
2011-07-22,10.792889595031738
2011-07-25,10.476311683654785
2011-07-26,10.482175827026367
2011-07-27,10.23594856262207
2011-07-28,10.400103569030762
2011-07-29,10.294573783874512
2011-08-01,10.065937042236328
2011-08-02,9.854887962341309
2011-08-03,9.878338813781738
2011-08-04,9.18069839477539
2011-08-05,9.122072219848633
2011-08-08,8.817218780517578
2011-08-09,8.834811210632324
2011-08-10,8.260282516479492
2011-08-11,8.559274673461914
2011-08-12,8.89343547821045
2011-08-15,8.905158996582031
2011-08-16,8.916886329650879
2011-08-17,8.84653377532959
2011-08-18,8.289594650268555
2011-08-19,8.107860565185547
2011-08-22,8.04923152923584
2011-08-23,8.072683334350586
2011-08-24,8.160621643066406
2011-08-25,8.213380813598633
2011-08-26,8.043370246887207
2011-08-29,8.248556137084961
2011-08-30,8.330633163452148
2011-08-31,8.559274673461914
2011-09-01,8.641345977783203
2011-09-02,8.301322937011719
2011-09-05,7.814731597900391
2011-09-06,7.650579929351807
2011-09-07,7.937844276428223
2011-09-08,8.031641960144043
2011-09-09,7.627134799957275
2011-09-12,7.275382041931152
2011-09-13,7.527470111846924
2011-09-14,7.55092191696167
2011-09-15,7.867493629455566
2011-09-16,7.902667999267578
2011-09-19,7.632991313934326
2011-09-20,7.7150654792785645
2011-09-21,7.591953754425049
2011-09-22,7.169854164123535
2011-09-23,7.40435791015625
2011-09-26,7.662304878234863
2011-09-27,8.195795059204102
2011-09-28,8.055097579956055
2011-09-29,8.272006034851074
2011-09-30,8.037507057189941
2011-10-04,7.4922943115234375
2011-10-05,7.814731597900391
2011-10-06,8.143031120300293
2011-10-07,8.154756546020508
2011-10-10,8.33649730682373
2011-10-11,8.33649730682373
2011-10-12,8.606172561645508
2011-10-13,8.301322937011719
2011-10-14,8.260282516479492
2011-10-17,8.137170791625977
2011-10-18,8.078547477722168
2011-10-19,8.225106239318848
2011-10-20,7.926117420196533
2011-10-21,8.195795059204102
2011-10-24,8.33649730682373
2011-10-25,8.248556137084961
2011-10-26,8.219246864318848
2011-10-27,8.95206069946289
2011-10-28,8.934471130371094
2011-10-31,8.529959678649902
2011-11-01,7.990605354309082
2011-11-02,8.078547477722168
2011-11-03,8.201656341552734
2011-11-04,8.1019926071167
2011-11-07,8.031641960144043
2011-11-08,8.11372184753418
2011-11-09,7.820594310760498
2011-11-10,7.7736968994140625
2011-11-11,8.031641960144043
2011-11-14,7.908529758453369
2011-11-15,7.750242710113525
2011-11-16,7.750242710113525
2011-11-17,7.586092948913574
2011-11-18,7.55092191696167
2011-11-21,7.292969703674316
2011-11-22,7.146406173706055
2011-11-23,7.0115647315979
2011-11-24,7.076055526733398
2011-11-25,7.134678840637207
2011-11-28,7.521606922149658
2011-11-29,7.539194583892822
2011-11-30,7.861632347106934
2011-12-01,7.7795586585998535
2011-12-02,8.1019926071167
2011-12-05,8.307185173034668
2011-12-06,8.230969429016113
2011-12-07,8.20752239227295
2011-12-08,7.943709373474121
2011-12-09,8.143031120300293
2011-12-12,7.8440446853637695
2011-12-13,7.791280746459961
2011-12-14,7.586092948913574
2011-12-15,7.67989444732666
2011-12-16,7.656442642211914
2011-12-19,7.662304878234863
2011-12-20,7.902667999267578
2011-12-21,7.8440446853637695
2011-12-22,8.008195877075195
2011-12-23,8.043370246887207
2011-12-27,7.961292266845703
2011-12-28,7.849907875061035
2011-12-29,7.943709373474121
2011-12-30,7.95543098449707
2012-01-02,8.154756546020508
2012-01-03,8.230969429016113
2012-01-04,8.107860565185547
2012-01-05,7.820594310760498
2012-01-06,7.761968612670898
2012-01-09,7.615405559539795
2012-01-10,7.885083198547363
2012-01-11,7.920255661010742
2012-01-12,8.014056205749512
2012-01-13,8.107860565185547
2012-01-16,8.160621643066406
2012-01-17,8.248556137084961
2012-01-18,8.236831665039062
2012-01-19,8.723420143127441
2012-01-20,8.817218780517578
2012-01-23,8.987234115600586
2012-01-24,8.899296760559082
2012-01-25,8.881709098815918
2012-01-26,9.034135818481445
2012-01-27,8.940337181091309
2012-01-30,8.676522254943848
2012-01-31,8.741009712219238
2012-02-01,9.09276008605957
2012-02-02,9.163107872009277
2012-02-03,9.397610664367676
2012-02-06,9.368297576904297
2012-02-07,9.41519832611084
2012-02-08,9.4562349319458
2012-02-09,9.520724296569824
2012-02-10,9.286222457885742
2012-02-13,9.327261924743652
2012-02-14,9.221733093261719
2012-02-15,9.374162673950195
2012-02-16,9.368297576904297
2012-02-17,9.503135681152344
2012-02-20,9.626249313354492
2012-02-21,9.555896759033203
2012-02-22,9.333126068115234
2012-02-23,9.268633842468262
2012-02-24,9.356571197509766
2012-02-27,9.221733093261719
2012-02-28,9.256911277770996
2012-02-29,9.292086601257324
2012-03-01,9.46209716796875
2012-03-02,9.526586532592773
2012-03-05,9.374162673950195
2012-03-06,8.998960494995117
2012-03-07,9.110345840454102
2012-03-08,9.280363082885742
2012-03-09,9.21001148223877
2012-03-12,9.122072219848633
2012-03-13,9.40933609008789
2012-03-14,9.579351425170898
2012-03-15,9.643835067749023
2012-03-16,9.749359130859375
2012-03-19,9.761088371276855
2012-03-20,9.591073036193848
2012-03-21,9.503135681152344
2012-03-22,9.344849586486816
2012-03-23,9.350711822509766
2012-03-26,9.385886192321777
2012-03-27,9.356571197509766
2012-03-28,9.221733093261719
2012-03-29,8.97551155090332
2012-03-30,9.075172424316406
2012-04-02,9.116209983825684
2012-04-03,8.911022186279297
2012-04-04,8.699967384338379
2012-04-05,8.664794921875
2012-04-10,8.313043594360352
2012-04-11,8.459607124328613
2012-04-12,8.565133094787598
2012-04-13,8.354083061218262
2012-04-16,8.04923152923584
2012-04-17,8.383397102355957
2012-04-18,8.20752239227295
2012-04-19,8.096135139465332
2012-04-20,8.18407154083252
2012-04-23,7.95543098449707
2012-04-24,8.096135139465332
2012-04-25,8.230969429016113
2012-04-26,8.154756546020508
2012-04-27,8.266142845153809
2012-04-30,8.172344207763672
2012-05-02,8.11372184753418
2012-05-03,8.037507057189941
2012-05-04,7.973020553588867
2012-05-07,8.172344207763672
2012-05-08,7.990605354309082
2012-05-09,7.867493629455566
2012-05-10,8.04923152923584
2012-05-11,7.990605354309082
2012-05-14,7.767834186553955
2012-05-15,7.644719123840332
2012-05-16,7.586092948913574
2012-05-17,7.357456207275391
2012-05-18,7.304691791534424
2012-05-21,7.380903720855713
2012-05-22,7.609543800354004
2012-05-23,7.398491859436035
2012-05-24,7.498154163360596
2012-05-25,7.480567932128906
2012-05-28,7.392632961273193
2012-05-29,7.380903720855713
2012-05-30,7.292969703674316
2012-05-31,7.292969703674316
2012-06-01,7.246068000793457
2012-06-04,7.287106037139893
2012-06-05,7.351591110229492
2012-06-06,7.644719123840332
2012-06-07,7.7795586585998535
2012-06-08,7.70334529876709
2012-06-11,7.656442642211914
2012-06-12,7.67989444732666
2012-06-13,7.697481632232666
2012-06-14,7.7150654792785645
2012-06-15,7.8440446853637695
2012-06-18,7.720932960510254
2012-06-19,7.908529758453369
2012-06-20,8.031641960144043
2012-06-21,7.9847412109375
2012-06-22,7.990605354309082
2012-06-25,7.732656955718994
2012-06-26,7.6916184425354
2012-06-27,7.879218578338623
2012-06-28,7.697481632232666
2012-06-29,8.014056205749512
2012-07-02,8.148896217346191
2012-07-03,8.178207397460938
2012-07-04,8.172344207763672
2012-07-05,8.072683334350586
2012-07-06,7.896807670593262
2012-07-09,7.855767726898193
2012-07-10,7.926117420196533
2012-07-11,7.973020553588867
2012-07-12,7.826457977294922
2012-07-13,7.885083198547363
2012-07-16,7.709206581115723
2012-07-17,7.644719123840332
2012-07-18,7.720932960510254
2012-07-19,7.803008556365967
2012-07-20,7.504019737243652
2012-07-23,7.304691791534424
2012-07-24,7.1991705894470215
2012-07-25,7.240206241607666
2012-07-26,7.545054912567139
2012-07-27,7.750242710113525
2012-07-30,7.990605354309082
2012-07-31,7.832318305969238
2012-08-01,7.879218578338623
2012-08-02,7.650579929351807
2012-08-03,8.031641960144043
2012-08-06,8.119579315185547
2012-08-07,8.084409713745117
2012-08-08,8.172344207763672
2012-08-09,8.225106239318848
2012-08-10,8.189931869506836
2012-08-13,8.178207397460938
2012-08-14,8.225106239318848
2012-08-15,8.254420280456543
2012-08-16,8.400984764099121
2012-08-17,8.547547340393066
2012-08-20,8.412708282470703
2012-08-21,8.565133094787598
2012-08-22,8.459607124328613
2012-08-23,8.400984764099121
2012-08-24,8.359949111938477
2012-08-27,8.430296897888184
2012-08-28,8.383397102355957
2012-08-29,8.348219871520996
2012-08-30,8.242693901062012
2012-08-31,8.395120620727539
2012-09-03,8.430296897888184
2012-09-04,8.348219871520996
2012-09-05,8.383397102355957
2012-09-06,8.741009712219238
2012-09-07,8.934471130371094
2012-09-10,8.946195602416992
2012-09-11,9.051719665527344
2012-09-12,9.168970108032227
2012-09-13,9.069311141967773
2012-09-14,9.315535545349121
2012-09-17,9.309674263000488
2012-09-18,9.139657974243164
2012-09-19,9.198284149169922
2012-09-20,9.116209983825684
2012-09-21,9.215873718261719
2012-09-24,9.168970108032227
2012-09-25,9.221733093261719
2012-09-26,8.881709098815918
2012-09-27,8.969648361206055
2012-09-28,8.80549430847168
2012-10-01,9.0106840133667
2012-10-02,8.946195602416992
2012-10-04,8.987234115600586
2012-10-05,9.145517349243164
2012-10-08,8.993099212646484
2012-10-09,8.922747611999512
2012-10-10,8.875846862792969
2012-10-11,9.039997100830078
2012-10-12,8.998960494995117
2012-10-15,9.098625183105469
2012-10-16,9.36244010925293
2012-10-17,9.46209716796875
2012-10-18,9.497275352478027
2012-10-19,9.292086601257324
2012-10-22,9.309674263000488
2012-10-23,9.18069839477539
2012-10-24,9.221733093261719
2012-10-25,9.227596282958984
2012-10-26,9.204148292541504
2012-10-29,9.174834251403809
2012-10-30,9.297948837280273
2012-10-31,9.227596282958984
2012-11-01,9.438647270202637
2012-11-02,9.473823547363281
2012-11-05,9.356571197509766
2012-11-06,9.473823547363281
2012-11-07,9.303812026977539
2012-11-08,9.280363082885742
2012-11-09,9.174834251403809
2012-11-12,9.18069839477539
2012-11-13,9.315535545349121
2012-11-14,9.21001148223877
2012-11-15,9.198284149169922
2012-11-16,9.022411346435547
2012-11-19,9.333126068115234
2012-11-20,9.292086601257324
2012-11-21,9.333126068115234
2012-11-22,9.403474807739258
2012-11-23,9.479684829711914
2012-11-26,9.368297576904297
2012-11-27,9.426924705505371
2012-11-28,9.385886192321777
2012-11-29,9.561758041381836
2012-11-30,9.567622184753418
2012-12-03,9.561758041381836
2012-12-04,9.626249313354492
2012-12-05,9.684876441955566
2012-12-06,9.749359130859375
2012-12-07,9.73177433013916
2012-12-10,9.637975692749023
2012-12-11,9.661426544189453
2012-12-12,9.708322525024414
2012-12-13,9.690735816955566
2012-12-14,9.679009437561035
2012-12-17,9.673148155212402
2012-12-18,9.766949653625488
2012-12-19,9.878338813781738
2012-12-20,9.913514137268066
2012-12-21,9.819710731506348
2012-12-27,9.819710731506348
2012-12-28,9.749359130859375
2013-01-02,10.083524703979492
2013-01-03,10.106977462768555
2013-01-04,10.142148971557617
2013-01-07,10.265265464782715
2013-01-08,10.294573783874512
2013-01-09,10.517350196838379
2013-01-10,10.570116996765137
2013-01-11,10.593560218811035
2013-01-14,10.599424362182617
2013-01-15,10.558286666870117
2013-01-16,10.481003761291504
2013-01-17,10.605846405029297
2013-01-18,10.582064628601074
2013-01-21,10.61178970336914
2013-01-22,10.582064628601074
2013-01-23,10.492891311645508
2013-01-24,10.623682975769043
2013-01-25,10.665294647216797
2013-01-28,10.730691909790039
2013-01-29,10.700969696044922
2013-01-30,10.64151668548584
2013-01-31,10.599903106689453
2013-02-01,10.55234432220459
2013-02-04,10.261039733886719
2013-02-05,10.356156349182129
2013-02-06,10.308599472045898
2013-02-07,10.231310844421387
2013-02-08,10.51073169708252
2013-02-11,10.439386367797852
2013-02-12,10.62962818145752
2013-02-13,10.62962818145752
2013-02-14,10.593955039978027
2013-02-15,10.51073169708252
2013-02-18,10.51073169708252
2013-02-19,10.599903106689453
2013-02-20,10.558286666870117
2013-02-21,10.308599472045898
2013-02-22,10.427498817443848
2013-02-25,10.451276779174805
2013-02-26,10.142138481140137
2013-02-27,10.272927284240723
2013-02-28,10.385880470275879
2013-03-01,10.24914836883545
2013-03-04,10.15997314453125
2013-03-05,10.373992919921875
2013-03-06,10.25509262084961
2013-03-07,10.24914836883545
2013-03-08,10.52261734008789
2013-03-11,10.445331573486328
2013-03-12,10.397773742675781
2013-03-13,10.356156349182129
2013-03-14,10.546398162841797
2013-03-15,10.481003761291504
2013-03-18,10.314545631408691
2013-03-19,10.094578742980957
2013-03-20,10.219423294067383
2013-03-21,10.15997314453125
2013-03-22,10.08863353729248
2013-03-25,9.904338836669922
2013-03-26,9.850834846496582
2013-03-27,9.856778144836426
2013-03-28,9.844887733459473
2013-04-02,9.999459266662598
2013-04-03,9.856778144836426
2013-04-04,9.737876892089844
2013-04-05,9.648704528808594
2013-04-08,9.577366828918457
2013-04-09,9.708155632019043
2013-04-10,10.052962303161621
2013-04-11,10.124302864074707
2013-04-12,9.963791847229004
2013-04-15,9.900341987609863
2013-04-16,9.858441352844238
2013-04-17,9.684858322143555
2013-04-18,9.57112979888916
2013-04-19,9.744712829589844
2013-04-22,9.828512191772461
2013-04-23,10.1397705078125
2013-04-24,10.205608367919922
2013-04-25,10.259480476379395
2013-04-26,10.265466690063477
2013-04-29,10.367225646972656
2013-04-30,10.421095848083496
2013-05-02,10.49891185760498
2013-05-03,10.600666046142578
2013-05-06,10.606651306152344
2013-05-07,10.810164451599121
2013-05-08,10.822135925292969
2013-05-09,10.786226272583008
2013-05-10,10.834111213684082
2013-05-13,10.702424049377441
2013-05-14,10.732353210449219
2013-05-15,10.929878234863281
2013-05-16,10.971779823303223
2013-05-17,11.10346508026123
2013-05-20,11.181281089782715
2013-05-21,11.05557632446289
2013-05-22,11.139376640319824
2013-05-23,10.810164451599121
2013-05-24,10.69643783569336
2013-05-27,10.78023910522461
2013-05-28,10.971779823303223
2013-05-29,10.840094566345215
2013-05-30,10.899951934814453
2013-05-31,10.858053207397461
2013-06-03,10.762280464172363
2013-06-04,10.858053207397461
2013-06-05,10.678479194641113
2013-06-06,10.421095848083496
2013-06-07,10.600666046142578
2013-06-10,10.504894256591797
2013-06-11,10.343279838562012
2013-06-12,10.24750804901123
2013-06-13,10.277438163757324
2013-06-14,10.295394897460938
2013-06-17,10.307366371154785
2013-06-18,10.373209953308105
2013-06-19,10.271451950073242
2013-06-20,9.888367652893066
2013-06-21,9.744712829589844
2013-06-24,9.619013786315918
2013-06-25,9.762665748596191
2013-06-26,9.960199356079102
2013-06-27,9.91829776763916
2013-06-28,9.798583030700684
2013-07-01,9.98414421081543
2013-07-02,9.91829776763916
2013-07-03,9.810555458068848
2013-07-04,10.18765640258789
2013-07-05,10.073927879333496
2013-07-08,10.217583656311035
2013-07-09,10.283425331115723
2013-07-10,10.235540390014648
2013-07-11,10.313352584838867
2013-07-12,10.259480476379395
2013-07-15,10.358778953552246
2013-07-16,10.255495071411133
2013-07-17,10.34662914276123
2013-07-18,10.583574295043945
2013-07-19,10.626105308532715
2013-07-22,10.699010848999023
2013-07-23,10.699010848999023
2013-07-24,10.8265962600708
2013-07-25,10.844822883605957
2013-07-26,10.838746070861816
2013-07-29,10.777993202209473
2013-07-30,10.747614860534668
2013-07-31,10.777993202209473
2013-08-01,11.014935493469238
2013-08-02,11.039240837097168
2013-08-05,10.954185485839844
2013-08-06,10.887351036071777
2013-08-07,10.942032814025879
2013-08-08,11.075691223144531
2013-08-09,11.20328140258789
2013-08-12,11.227582931518555
2013-08-13,11.276185035705566
2013-08-14,11.367321014404297
2013-08-15,11.245809555053711
2013-08-16,11.391624450683594
2013-08-19,11.185051918029785
2013-08-20,11.014935493469238
2013-08-21,10.905579566955566
2013-08-22,11.093918800354004
2013-08-23,11.148598670959473
2013-08-26,11.075691223144531
2013-08-27,10.723312377929688
2013-08-28,10.765839576721191
2013-08-29,10.863051414489746
2013-08-30,10.717235565185547
2013-09-02,10.990633010864258
2013-09-03,10.942032814025879
2013-09-04,10.972407341003418
2013-09-05,11.124297142028809
2013-09-06,11.160752296447754
2013-09-09,11.19112777709961
2013-09-10,11.415925979614258
2013-09-11,11.446303367614746
2013-09-12,11.42807388305664
2013-09-13,11.409850120544434
2013-09-16,11.49491024017334
2013-09-17,11.397690773010254
2013-09-18,11.507058143615723
2013-09-19,11.61033821105957
2013-09-20,11.500978469848633
2013-09-23,11.464527130126953
2013-09-24,11.47060489654541
2013-09-25,11.415925979614258
2013-09-26,11.33694076538086
2013-09-27,11.349091529846191
2013-09-30,11.22150707244873
2013-10-01,11.446303367614746
2013-10-02,11.446303367614746
2013-10-04,11.49491024017334
2013-10-07,11.488829612731934
2013-10-08,11.373396873474121
2013-10-09,11.42199993133545
2013-10-10,11.701471328735352
2013-10-11,11.756153106689453
2013-10-14,11.774375915527344
2013-10-15,11.914347648620605
2013-10-16,12.073123931884766
2013-10-17,12.005948066711426
2013-10-18,12.036483764648438
2013-10-21,12.018163681030273
2013-10-22,12.085338592529297
2013-10-23,11.853278160095215
2013-10-24,11.957096099853516
2013-10-25,11.896027565002441
2013-10-28,11.798316955566406
2013-10-29,11.841063499450684
2013-10-30,11.786103248596191
2013-10-31,11.896027565002441
2013-11-01,11.841063499450684
2013-11-04,11.822744369506836
2013-11-05,11.700608253479004
2013-11-06,11.755568504333496
2013-11-07,11.773886680603027
2013-11-08,11.755568504333496
2013-11-11,11.810527801513672
2013-11-12,11.706717491149902
2013-11-13,11.578470230102539
2013-11-14,11.633435249328613
2013-11-15,11.633435249328613
2013-11-18,11.761673927307129
2013-11-19,11.633435249328613
2013-11-20,11.62732982635498
2013-11-21,11.651758193969727
2013-11-22,11.682289123535156
2013-11-25,11.725037574768066
2013-11-26,11.718928337097168
2013-11-27,11.822744369506836
2013-11-28,11.92656135559082
2013-11-29,11.944883346557617
2013-12-02,11.914347648620605
2013-12-03,11.700608253479004
2013-12-04,11.572366714477539
2013-12-05,11.395272254943848
2013-12-06,11.499085426330566
2013-12-09,11.535724639892578
2013-12-10,11.456336975097656
2013-12-11,11.358627319335938
2013-12-12,11.224279403686523
2013-12-13,11.21817398071289
2013-12-16,11.401374816894531
2013-12-17,11.248710632324219
2013-12-18,11.383058547973633
2013-12-19,11.584580421447754
2013-12-20,11.670076370239258
2013-12-23,11.786103248596191
2013-12-27,11.92656135559082
2013-12-30,11.889923095703125
2014-01-02,11.847172737121582
2014-01-03,11.889923095703125
2014-01-06,11.981526374816895
2014-01-07,12.292967796325684
2014-01-08,12.47617244720459
2014-01-09,12.4151029586792
2014-01-10,12.445633888244629
2014-01-13,12.628841400146484
2014-01-14,12.641057968139648
2014-01-15,12.902071952819824
2014-01-16,12.74869441986084
2014-01-17,12.74869441986084
2014-01-20,12.625991821289062
2014-01-21,12.638262748718262
2014-01-22,12.601452827453613
2014-01-23,12.52169418334961
2014-01-24,12.165864944458008
2014-01-27,12.055431365966797
2014-01-28,12.233348846435547
2014-01-29,12.122917175292969
2014-01-30,12.233348846435547
2014-01-31,12.110644340515137
2014-02-03,11.802665710449219
2014-02-04,11.948067665100098
2014-02-05,12.014325141906738
2014-02-06,12.195306777954102
2014-02-07,12.24746036529541
2014-02-10,12.25788688659668
2014-02-11,12.374457359313965
2014-02-12,12.52169418334961
2014-02-13,12.429671287536621
2014-02-14,12.460345268249512
2014-02-17,12.5388765335083
2014-02-18,12.530898094177246
2014-02-19,12.51862907409668
2014-02-20,12.50512981414795
2014-02-21,12.477524757385254
2014-02-24,12.541942596435547
2014-02-25,12.564642906188965
2014-02-26,12.475680351257324
2014-02-27,12.526603698730469
2014-02-28,12.540102005004883
2014-03-03,12.173835754394531
2014-03-04,12.462183952331543
2014-03-05,12.532739639282227
2014-03-06,12.558506965637207
2014-03-07,12.41433048248291
2014-03-10,12.377517700195312
2014-03-11,12.402061462402344
2014-03-12,12.244389533996582
2014-03-13,12.15052318572998
2014-03-14,11.910028457641602
2014-03-17,12.073836326599121
2014-03-18,12.195306777954102
2014-03-19,12.214942932128906
2014-03-20,12.236419677734375
2014-03-21,12.201445579528809
2014-03-24,12.06769847869873
2014-03-25,12.156661033630371
2014-03-26,12.201445579528809
2014-03-27,12.207576751708984
2014-03-28,12.328439712524414
2014-03-31,12.466482162475586
2014-04-01,12.672008514404297
2014-04-02,12.66280460357666
2014-04-03,12.772007942199707
2014-04-04,12.860962867736816
2014-04-07,12.696545600891113
2014-04-08,12.5861177444458
2014-04-09,12.604519844055176
2014-04-10,12.448079109191895
2014-04-11,12.296540260314941
2014-04-14,12.32230281829834
2014-04-15,12.113482475280762
2014-04-16,12.318400382995605
2014-04-17,12.407630920410156
2014-04-22,12.561469078063965
2014-04-23,12.46608829498291
2014-04-24,12.519625663757324
2014-04-25,12.322708129882812
2014-04-28,12.315323829650879
2014-04-29,12.562700271606445
2014-04-30,12.478394508361816
2014-05-02,12.501161575317383
2014-05-05,12.45993423461914
2014-05-06,12.36578369140625
2014-05-07,12.278402328491211
2014-05-08,12.525778770446777
2014-05-09,12.350396156311035
2014-05-12,12.45993423461914
2014-05-13,12.482701301574707
2014-05-14,12.45993423461914
2014-05-15,12.198399543762207
2014-05-16,12.310401916503906
2014-05-19,12.223018646240234
2014-05-20,12.301172256469727
2014-05-21,12.396553039550781
2014-05-22,12.386092185974121
2014-05-23,12.491936683654785
2014-05-26,12.64269733428955
2014-05-27,12.688852310180664
2014-05-28,12.771924018859863
2014-05-29,12.718389511108398
2014-05-30,12.722694396972656
2014-06-02,12.750388145446777
2014-06-03,12.65992546081543
2014-06-04,12.7103910446167
2014-06-05,12.793465614318848
2014-06-06,13.008841514587402
2014-06-09,13.104219436645508
2014-06-10,13.032221794128418
2014-06-11,12.906073570251465
2014-06-12,12.882694244384766
2014-06-13,12.858075141906738
2014-06-16,12.744232177734375
2014-06-17,12.790386199951172
2014-06-18,12.735002517700195
2014-06-19,12.730693817138672
2014-06-20,12.584240913391113
2014-06-23,12.536856651306152
2014-06-24,12.441473960876465
2014-06-25,12.333786964416504
2014-06-26,12.189173698425293
2014-06-27,12.193483352661133
2014-06-30,12.096867561340332
2014-07-01,12.331941604614258
2014-07-02,12.352246284484863
2014-07-03,12.484549522399902
2014-07-04,12.344244956970215
2014-07-07,12.198399543762207
2014-07-08,11.928874015808105
2014-07-09,11.962719917297363
2014-07-10,11.811954498291016
2014-07-11,11.858105659484863
2014-07-14,12.002718925476074
2014-07-15,11.934255599975586
2014-07-16,12.183691024780273
2014-07-17,12.004095077514648
2014-07-18,12.002848625183105
2014-07-21,11.93549633026123
2014-07-22,12.07144832611084
2014-07-23,12.11634349822998
2014-07-24,12.356428146362305
2014-07-25,12.372015953063965
2014-07-28,12.365781784057617
2014-07-29,12.417535781860352
2014-07-30,12.446840286254883
2014-07-31,12.197410583496094
2014-08-01,12.004095077514648
2014-08-04,12.085159301757812
2014-08-05,11.988506317138672
2014-08-06,11.835728645324707
2014-08-07,11.667362213134766
2014-08-08,11.71724796295166
2014-08-11,11.782722473144531
2014-08-12,11.77960205078125
2014-08-13,11.94173812866211
2014-08-14,11.94797134399414
2014-08-15,11.868779182434082
2014-08-18,12.013446807861328
2014-08-19,12.057106018066406
2014-08-20,12.043381690979004
2014-08-21,12.178698539733887
2014-08-22,12.196163177490234
2014-08-25,12.440610885620117
2014-08-26,12.526665687561035
2014-08-27,12.562209129333496
2014-08-28,12.428135871887207
2014-08-29,12.44996166229248
2014-09-01,12.401947975158691
2014-09-02,12.393841743469238
2014-09-03,12.602743148803711
2014-09-04,12.844696044921875
2014-09-05,12.839707374572754
2014-09-08,12.754270553588867
2014-09-09,12.646397590637207
2014-09-10,12.699396133422852
2014-09-11,12.65138053894043
2014-09-12,12.682564735412598
2014-09-15,12.613968849182129
2014-09-16,12.568443298339844
2014-09-17,12.713743209838867
2014-09-18,12.869637489318848
2014-09-19,12.920772552490234
2014-09-22,12.780464172363281
2014-09-23,12.624571800231934
2014-09-24,12.70750617980957
2014-09-25,12.640156745910645
2014-09-26,12.736812591552734
2014-09-29,12.5329008102417
2014-09-30,12.657615661621094
2014-10-01,12.637041091918945
2014-10-02,12.200522422790527
2014-10-06,12.515437126159668
2014-10-07,12.306534767150879
2014-10-08,12.193044662475586
2014-10-09,12.062088966369629
2014-10-10,11.951091766357422
2014-10-13,11.991621971130371
2014-10-14,11.959198951721191
2014-10-15,11.454440116882324
2014-10-16,11.304221153259277
2014-10-17,11.675395011901855
2014-10-20,11.700430870056152
2014-10-21,12.005257606506348
2014-10-22,12.130438804626465
2014-10-23,12.268149375915527
2014-10-24,12.302572250366211
2014-10-27,12.039685249328613
2014-10-28,12.169877052307129
2014-10-29,11.997746467590332
2014-10-30,11.998998641967773
2014-10-31,12.315089225769043
2014-11-03,12.194911003112793
2014-11-04,11.998998641967773
2014-11-05,12.211816787719727
2014-11-06,12.121054649353027
2014-11-07,11.958312034606934
2014-11-10,12.00838851928711
2014-11-11,12.013397216796875
2014-11-12,11.732979774475098
2014-11-13,11.80809211730957
2014-11-14,11.860041618347168
2014-11-17,11.963321685791016
2014-11-18,12.02904224395752
2014-11-19,12.036552429199219
2014-11-20,11.908239364624023
2014-11-21,12.17112922668457
2014-11-24,12.277535438537598
2014-11-25,12.387072563171387
2014-11-26,12.390204429626465
2014-11-27,12.440276145935059
2014-11-28,12.492229461669922
2014-12-01,12.290053367614746
2014-12-02,12.413986206054688
2014-12-03,12.540423393249512
2014-12-04,12.274409294128418
2014-12-05,12.642454147338867
2014-12-08,12.606147766113281
2014-12-09,12.21494197845459
2014-12-10,12.152348518371582
2014-12-11,12.122930526733398
2014-12-12,11.784929275512695
2014-12-15,11.457571029663086
2014-12-16,11.648478507995605
2014-12-17,11.57211971282959
2014-12-18,11.908239364624023
2014-12-19,11.917628288269043
2014-12-22,11.955182075500488
2014-12-23,12.049071311950684
2014-12-29,12.03530216217041
2014-12-30,11.960188865661621
2015-01-02,12.022784233093262
2015-01-05,11.632831573486328
2015-01-06,11.451313972473145
2015-01-07,11.438794136047363
2015-01-08,11.650355339050293
2015-01-09,11.302970886230469
2015-01-12,11.351167678833008
2015-01-13,11.531431198120117
2015-01-14,11.31361198425293
2015-01-15,11.542655944824219
2015-01-16,11.579113960266113
2015-01-19,11.673419952392578
2015-01-20,11.875856399536133
2015-01-21,11.945013999938965
2015-01-22,12.287646293640137
2015-01-23,12.240497589111328
2015-01-26,12.302106857299805
2015-01-27,12.155618667602539
2015-01-28,11.975188255310059
2015-01-29,12.012908935546875
2015-01-30,11.894718170166016
2015-02-02,11.931181907653809
2015-02-03,12.226658821105957
2015-02-04,12.264381408691406
2015-02-05,12.202773094177246
2015-02-06,12.315933227539062
2015-02-09,12.102181434631348
2015-02-10,12.171340942382812
2015-02-11,12.080181121826172
2015-02-12,12.312792778015137
2015-02-13,12.567414283752441
2015-02-16,12.611417770385742
2015-02-17,12.635309219360352
2015-02-18,12.87420654296875
2015-02-19,12.869175910949707
2015-02-20,12.957195281982422
2015-02-23,12.971654891967773
2015-02-24,13.035778999328613
2015-02-25,12.925761222839355
2015-02-26,13.072247505187988
2015-02-27,13.11310863494873
2015-03-02,13.148944854736328
2015-03-03,12.97919750213623
2015-03-04,13.114365577697754
2015-03-05,13.232561111450195
2015-03-06,13.27656364440918
2015-03-09,13.265251159667969
2015-03-10,13.18666934967041
2015-03-11,13.362690925598145
2015-03-12,13.333147048950195
2015-03-13,13.336287498474121
2015-03-16,13.446311950683594
2015-03-17,13.350122451782227
2015-03-18,13.320572853088379
2015-03-19,13.4412841796875
2015-03-20,13.650638580322266
2015-03-23,13.708476066589355
2015-03-24,13.824775695800781
2015-03-25,13.694644927978516
2015-03-26,13.617314338684082
2015-03-27,13.587766647338867
2015-03-30,13.829808235168457
2015-03-31,13.741792678833008
2015-04-01,13.871931076049805
2015-04-02,13.876959800720215
2015-04-07,14.02784252166748
2015-04-08,13.990126609802246
2015-04-09,14.132838249206543
2015-04-10,14.141006469726562
2015-04-13,14.24599552154541
2015-04-14,14.106429100036621
2015-04-15,14.242106437683105
2015-04-16,14.008459091186523
2015-04-17,13.65291976928711
2015-04-20,13.867632865905762
2015-04-21,13.839214324951172
2015-04-22,13.907418251037598
2015-04-23,13.962358474731445
2015-04-24,14.158121109008789
2015-04-27,14.297048568725586
2015-04-28,14.173908233642578
2015-04-29,13.92446231842041
2015-04-30,13.869518280029297
2015-05-04,13.956038475036621
2015-05-05,13.637134552001953
2015-05-06,13.630819320678711
2015-05-07,13.733755111694336
2015-05-08,14.07918643951416
2015-05-11,14.202322959899902
2015-05-12,14.038137435913086
2015-05-13,14.025500297546387
2015-05-14,14.16633129119873
2015-05-15,14.072868347167969
2015-05-18,14.05392837524414
2015-05-19,14.262314796447754
2015-05-20,14.42650318145752
2015-05-21,14.441034317016602
2015-05-22,14.505444526672363
2015-05-26,14.246525764465332
2015-05-27,14.461234092712402
2015-05-28,14.398089408874512
2015-05-29,14.194743156433105
2015-06-01,14.154958724975586
2015-06-02,14.164434432983398
2015-06-03,14.26547622680664
2015-06-04,14.158121109008789
2015-06-05,14.016031265258789
2015-06-08,13.880261421203613
2015-06-09,13.820271492004395
2015-06-10,14.085500717163086
2015-06-11,14.189691543579102
2015-06-12,14.088652610778809
2015-06-15,13.774798393249512
2015-06-16,13.785540580749512
2015-06-17,13.730592727661133
2015-06-18,13.714812278747559
2015-06-19,13.84237003326416
2015-06-22,14.233899116516113
2015-06-23,14.435978889465332
2015-06-24,14.363357543945312
2015-06-25,14.379146575927734
2015-06-26,14.46755313873291
2015-06-29,13.902362823486328
2015-06-30,13.788697242736816
2015-07-01,14.043191909790039
2015-07-02,13.952882766723633
2015-07-03,13.858154296875
2015-07-06,13.493786811828613
2015-07-07,13.225401878356934
2015-07-08,13.203300476074219
2015-07-09,13.558197021484375
2015-07-10,13.90552043914795
2015-07-13,14.248425483703613
2015-07-14,14.30967903137207
2015-07-15,14.392240524291992
2015-07-16,14.639166831970215
2015-07-17,14.648792266845703
2015-07-20,14.72575569152832
2015-07-21,14.549381256103516
2015-07-22,14.542963027954102
2015-07-23,14.510892868041992
2015-07-24,14.382623672485352
2015-07-27,14.052316665649414
2015-07-28,14.267176628112793
2015-07-29,14.310791015625
2015-07-30,14.373005867004395
2015-07-31,14.38133716583252
2015-08-03,14.475617408752441
2015-08-04,14.272309303283691
2015-08-05,14.453169822692871
2015-08-06,14.395451545715332
2015-08-07,14.235108375549316
2015-08-10,14.328104972839355
2015-08-11,14.180593490600586
2015-08-12,13.72393798828125
2015-08-13,13.890694618225098
2015-08-14,13.813733100891113
2015-08-17,13.882356643676758
2015-08-18,13.95290756225586
2015-08-19,13.707904815673828
2015-08-20,13.394914627075195
2015-08-21,12.880545616149902
2015-08-24,12.128223419189453
2015-08-25,12.752273559570312
2015-08-26,12.541903495788574
2015-08-27,13.03575325012207
2015-08-28,13.0133056640625
2015-08-31,12.928645133972168
2015-09-01,12.55152702331543
2015-09-02,12.575897216796875
2015-09-03,12.840141296386719
2015-09-04,12.46366024017334
2015-09-07,12.486104965209961
2015-09-08,12.692626953125
2015-09-09,12.913894653320312
2015-09-10,12.699041366577148
2015-09-11,12.598343849182129
2015-09-14,12.44762134552002
2015-09-15,12.604756355285645
2015-09-16,12.673384666442871
2015-09-17,12.688138008117676
2015-09-18,12.335381507873535
2015-09-21,12.506631851196289
2015-09-22,12.108981132507324
2015-09-23,11.980707168579102
2015-09-24,11.772260665893555
2015-09-25,12.112191200256348
2015-09-28,11.772260665893555
2015-09-29,11.727371215820312
2015-09-30,11.998666763305664
2015-10-01,12.012774467468262
2015-10-02,12.102572441101074
2015-10-05,12.506631851196289
2015-10-06,12.566274642944336
2015-10-07,12.679798126220703
2015-10-08,12.609243392944336
2015-10-09,12.692626953125
2015-10-12,12.602832794189453
2015-10-13,12.410422325134277
2015-10-14,12.311012268066406
2015-10-15,12.462390899658203
2015-10-16,12.684874534606934
2015-10-19,12.693257331848145
2015-10-20,12.602975845336914
2015-10-21,12.519135475158691
2015-10-22,12.710672378540039
2015-10-23,12.884784698486328
2015-10-26,12.848031044006348
2015-10-27,12.735173225402832
2015-10-28,12.7738676071167
2015-10-29,12.55267333984375
2015-10-30,12.53332233428955
2015-11-02,12.610713005065918
2015-11-03,12.52687931060791
2015-11-04,12.619094848632812
2015-11-05,12.475285530090332
2015-11-06,12.755812644958496
2015-11-09,12.662301063537598
2015-11-10,12.623610496520996
2015-11-11,12.675196647644043
2015-11-12,12.444979667663574
2015-11-13,12.359207153320312
2015-11-16,12.299875259399414
2015-11-17,12.57072925567627
2015-11-18,12.557830810546875
2015-11-19,12.625542640686035
2015-11-20,12.493346214294434
2015-11-23,12.519135475158691
2015-11-24,12.417245864868164
2015-11-25,12.48366928100586
2015-11-26,12.599748611450195
2015-11-27,12.572019577026367
2015-11-30,12.613935470581055
2015-12-01,12.686806678771973
2015-12-02,12.623610496520996
2015-12-03,12.261181831359863
2015-12-04,12.251511573791504
2015-12-07,12.207660675048828
2015-12-08,11.8916654586792
2015-12-09,11.84007740020752
2015-12-10,11.800093650817871
2015-12-11,11.514410018920898
2015-12-14,11.298372268676758
2015-12-15,11.713032722473145
2015-12-16,11.756242752075195
2015-12-17,11.980660438537598
2015-12-18,11.88521671295166
2015-12-21,11.690462112426758
2015-12-22,11.758176803588867
2015-12-23,12.033537864685059
2015-12-28,11.912943840026855
2015-12-29,12.067717552185059
2015-12-30,11.961311340332031
2016-01-04,11.603402137756348
2016-01-05,11.661443710327148
2016-01-06,11.414449691772461
2016-01-07,11.132636070251465
2016-01-08,10.88564682006836
2016-01-11,10.898543357849121
2016-01-12,10.966259002685547
2016-01-13,11.006882667541504
2016-01-14,10.777949333190918
2016-01-15,10.361222267150879
2016-01-18,10.160658836364746
2016-01-19,10.225358009338379
2016-01-20,9.797063827514648
2016-01-21,10.018328666687012
2016-01-22,10.30493450164795
2016-01-25,9.998918533325195
2016-01-26,10.193010330200195
2016-01-27,10.121844291687012
2016-01-28,9.872759819030762
2016-01-29,10.183305740356445
2016-02-01,10.021563529968262
2016-02-02,9.635322570800781
2016-02-03,9.292428016662598
2016-02-04,9.555744171142578
2016-02-05,9.542803764343262
2016-02-08,9.051107406616211
2016-02-09,8.646748542785645
2016-02-10,9.06598949432373
2016-02-11,8.501181602478027
2016-02-12,9.028463363647461
2016-02-15,9.296957015991211
2016-02-16,9.261373519897461
2016-02-17,9.562213897705078
2016-02-18,9.335775375366211
2016-02-19,9.216085433959961
2016-02-22,9.448994636535645
2016-02-23,9.269784927368164
2016-02-24,9.009055137634277
2016-02-25,9.300191879272461
2016-02-26,9.596502304077148
2016-02-29,9.685135841369629
2016-03-01,9.780892372131348
2016-03-02,10.094671249389648
2016-03-03,10.125079154968262
2016-03-04,10.20141887664795
2016-03-07,10.097908020019531
2016-03-08,10.023502349853516
2016-03-09,10.039677619934082
2016-03-10,9.971746444702148
2016-03-11,10.479619026184082
2016-03-14,10.489319801330566
2016-03-15,10.291996002197266
2016-03-16,10.159367561340332
2016-03-17,10.050677299499512
2016-03-18,10.134782791137695
2016-03-21,10.121844291687012
2016-03-22,10.042913436889648
2016-03-23,9.863056182861328
2016-03-24,9.649555206298828
2016-03-29,9.610737800598145
2016-03-30,9.646317481994629
2016-03-31,9.516925811767578
2016-04-01,9.377828598022461
2016-04-04,9.373297691345215
2016-04-05,9.080221176147461
2016-04-06,9.109334945678711
2016-04-07,8.928184509277344
2016-04-08,9.10804271697998
2016-04-11,9.222556114196777
2016-04-12,9.250374794006348
2016-04-13,9.826178550720215
2016-04-14,9.881170272827148
2016-04-15,9.857023239135742
2016-04-18,9.9109525680542
2016-04-19,9.972681045532227
2016-04-20,10.191655158996582
2016-04-21,10.333305358886719
2016-04-22,10.383336067199707
2016-04-25,10.181906700134277
2016-04-26,10.437271118164062
2016-04-27,10.41777515411377
2016-04-28,10.464555740356445
2016-04-29,10.126675605773926
2016-05-02,10.027913093566895
2016-05-03,9.675087928771973
2016-05-04,9.525638580322266
2016-05-05,9.488602638244629
2016-05-06,9.459362030029297
2016-05-09,9.411928176879883
2016-05-10,9.590617179870605
2016-05-11,9.491848945617676
2016-05-12,9.420374870300293
2016-05-13,9.491848945617676
2016-05-17,9.5145902633667
2016-05-18,9.696529388427734
2016-05-19,9.707575798034668
2016-05-20,9.834281921386719
2016-05-23,9.787497520446777
2016-05-24,10.13317584991455
2016-05-25,10.489252090454102
2016-05-26,10.435317039489746
2016-05-27,10.461307525634766
2016-05-30,10.46325969696045
2016-05-31,10.318359375
2016-06-01,10.12862777709961
2016-06-02,10.155917167663574
2016-06-03,9.93044662475586
2016-06-06,9.920697212219238
2016-06-07,10.053903579711914
2016-06-08,9.931744575500488
2016-06-09,9.803740501403809
2016-06-10,9.452864646911621
2016-06-13,9.163717269897461
2016-06-14,8.960338592529297
2016-06-15,9.061053276062012
2016-06-16,8.942793846130371
2016-06-17,9.317713737487793
2016-06-20,9.743310928344727
2016-06-21,9.85052490234375
2016-06-22,9.934995651245117
2016-06-23,10.203351974487305
2016-06-24,8.596467018127441
2016-06-27,8.06690502166748
2016-06-28,8.261833190917969
2016-06-29,8.447021484375
2016-06-30,8.456766128540039
2016-07-01,8.51524543762207
2016-07-04,8.378795623779297
2016-07-05,8.150073051452637
2016-07-06,7.961640357971191
2016-07-07,8.060406684875488
2016-07-08,8.348254203796387
2016-07-11,8.513945579528809
2016-07-12,8.801146507263184
2016-07-13,8.689386367797852
2016-07-14,8.905107498168945
2016-07-15,8.906085014343262
2016-07-18,8.929415702819824
2016-07-19,8.8827543258667
2016-07-20,9.02474308013916
2016-07-21,9.079405784606934
2016-07-22,9.029410362243652
2016-07-25,8.972748756408691
2016-07-26,8.952749252319336
2016-07-27,9.072739601135254
2016-07-28,8.839423179626465
2016-07-29,9.018077850341797
2016-08-01,8.839423179626465
2016-08-02,8.554773330688477
2016-08-03,8.704765319824219
2016-08-04,8.82475471496582
2016-08-05,9.02474308013916
2016-08-08,9.158069610595703
2016-08-09,9.256060600280762
2016-08-10,9.279396057128906
2016-08-11,9.36938762664795
2016-08-12,9.341389656066895
2016-08-15,9.312726974487305
2016-08-16,9.21473217010498
2016-08-17,9.099407196044922
2016-08-18,9.152735710144043
2016-08-19,9.029410362243652
2016-08-22,9.066076278686523
2016-08-23,9.286059379577637
2016-08-24,9.481380462646484
2016-08-25,9.402717590332031
2016-08-26,9.474712371826172
2016-08-29,9.459380149841309
2016-08-30,9.629372596740723
2016-08-31,9.77602767944336
2016-09-01,9.872689247131348
2016-09-02,10.046011924743652
2016-09-05,10.022677421569824
2016-09-06,9.846022605895996
2016-09-07,9.881353378295898
2016-09-08,9.989346504211426
2016-09-09,10.031346321105957
2016-09-12,9.8226900100708
2016-09-13,9.64470386505127
2016-09-14,9.602705955505371
2016-09-15,9.684700965881348
2016-09-16,9.48271369934082
2016-09-19,9.564706802368164
2016-09-20,9.481380462646484
2016-09-21,9.671368598937988
2016-09-22,9.748028755187988
2016-09-23,9.602705955505371
2016-09-26,9.376052856445312
2016-09-27,9.362722396850586
2016-09-28,9.432717323303223
2016-09-29,9.456049919128418
2016-09-30,9.512711524963379
2016-10-04,9.586041450500488
2016-10-05,9.731361389160156
2016-10-06,9.802694320678711
2016-10-07,9.762693405151367
2016-10-10,9.796027183532715
2016-10-11,9.719367027282715
2016-10-12,9.739363670349121
2016-10-13,9.539376258850098
2016-10-14,9.742695808410645
2016-10-17,9.725272178649902
2016-10-18,9.968854904174805
2016-10-19,10.059694290161133
2016-10-20,10.204367637634277
2016-10-21,10.26156234741211
2016-10-24,10.394794464111328
2016-10-25,10.362494468688965
2016-10-26,10.389410018920898
2016-10-27,10.49034309387207
2016-10-28,10.470160484313965
2016-10-31,10.379316329956055
2016-11-01,10.184183120727539
2016-11-02,9.947322845458984
2016-11-03,10.051620483398438
2016-11-04,9.954050064086914
2016-11-07,10.26156234741211
2016-11-08,10.332215309143066
2016-11-09,10.519277572631836
2016-11-10,10.776321411132812
2016-11-11,10.71575927734375
2016-11-14,10.937813758850098
2016-11-15,10.931085586547852
2016-11-16,10.806602478027344
2016-11-17,10.830151557922363
2016-11-18,10.722491264343262
2016-11-21,10.766229629516602
2016-11-22,10.860432624816895
2016-11-23,10.843611717224121
2016-11-24,10.843611717224121
2016-11-25,10.779688835144043
2016-11-28,10.566381454467773
2016-11-29,10.66058349609375
2016-11-30,10.778342247009277
2016-12-01,10.880619049072266
2016-12-02,10.751422882080078
2016-12-05,10.853703498840332
2016-12-06,11.33818244934082
2016-12-07,11.607341766357422
2016-12-08,11.873130798339844
2016-12-09,11.812573432922363
2016-12-12,11.674629211425781
2016-12-13,11.80247974395752
2016-12-14,11.677994728088379
2016-12-15,11.950511932373047
2016-12-16,11.913505554199219
2016-12-19,11.728461265563965
2016-12-20,11.852943420410156
2016-12-21,11.821321487426758
2016-12-22,11.789021492004395
2016-12-23,11.693472862243652
2016-12-27,11.696831703186035
2016-12-28,11.680012702941895
2016-12-29,11.562255859375
2016-12-30,11.619453430175781
2017-01-02,11.69818115234375
2017-01-03,12.034625053405762
2017-01-04,12.091815948486328
2017-01-05,12.007707595825195
2017-01-06,12.061540603637695
2017-01-09,11.856307983398438
2017-01-10,11.842852592468262
2017-01-11,11.78565502166748
2017-01-12,11.708276748657227
2017-01-13,11.955896377563477
2017-01-16,11.769400596618652
2017-01-17,11.759217262268066
2017-01-18,11.740209579467773
2017-01-19,11.808089256286621
2017-01-20,11.862395286560059
2017-01-23,11.713056564331055
2017-01-24,11.838640213012695
2017-01-25,12.174654006958008
2017-01-26,12.218777656555176
2017-01-27,12.132566452026367
2017-01-30,11.947249412536621
2017-01-31,11.808089256286621
2017-02-01,11.97440242767334
2017-02-02,11.913308143615723
2017-02-03,12.05246639251709
2017-02-06,11.905166625976562
2017-02-07,11.820311546325684
2017-02-08,11.715092658996582
2017-02-09,11.864436149597168
2017-02-10,11.750393867492676
2017-02-13,11.874611854553223
2017-02-14,11.994767189025879
2017-02-15,12.161080360412598
2017-02-16,12.05585765838623
2017-02-17,11.942497253417969
2017-02-20,11.96761703491211
2017-02-21,11.879368782043457
2017-02-22,11.867829322814941
2017-02-23,11.7979097366333
2017-02-24,11.590868949890137
2017-02-27,11.582722663879395
2017-02-28,11.628203392028809
2017-03-01,11.96761703491211
2017-03-02,11.94046401977539
2017-03-03,12.113557815551758
2017-03-06,11.933670043945312
2017-03-07,11.926885604858398
2017-03-08,11.998160362243652
2017-03-09,12.14410400390625
2017-03-10,12.2493257522583
2017-03-13,12.27308464050293
2017-03-14,12.110163688659668
2017-03-15,12.211989402770996
2017-03-16,12.353182792663574
2017-03-17,12.322638511657715
2017-03-20,12.222168922424316
2017-03-21,12.245929718017578
2017-03-22,12.154291152954102
2017-03-23,12.235745429992676
2017-03-24,12.208597183227539
2017-03-27,12.110163688659668
2017-03-28,12.276477813720703
2017-03-29,12.27172565460205
2017-03-30,12.330782890319824
2017-03-31,12.349791526794434
2017-04-03,12.190268516540527
2017-04-04,12.132566452026367
2017-04-05,12.18822956085205
2017-04-06,12.222168922424316
2017-04-07,12.205201148986816
2017-04-10,12.17126178741455
2017-04-11,12.08301067352295
2017-04-12,11.998160362243652
2017-04-13,11.862395286560059
2017-04-18,11.71320629119873
2017-04-19,11.96583366394043
2017-04-20,12.05118465423584
2017-04-21,12.143360137939453
2017-04-24,12.7291898727417
2017-04-25,12.792004585266113
2017-04-26,12.798833847045898
2017-04-27,12.730508804321289
2017-04-28,12.730508804321289
2017-05-02,12.817659378051758
2017-05-03,12.889467239379883
2017-05-04,13.09304428100586
2017-05-05,13.176705360412598
2017-05-08,13.12790298461914
2017-05-09,13.09304428100586
2017-05-10,13.169731140136719
2017-05-11,13.133477210998535
2017-05-12,13.103504180908203
2017-05-15,13.196226119995117
2017-05-16,13.14184284210205
2017-05-17,12.845544815063477
2017-05-18,12.772339820861816
2017-05-19,12.913867950439453
2017-05-22,12.8629732131958
2017-05-23,12.946629524230957
2017-05-24,12.978007316589355
2017-05-25,12.960578918457031
2017-05-26,12.883892059326172
2017-05-29,12.8629732131958
2017-05-30,12.768854141235352
2017-05-31,12.662883758544922
2017-06-01,12.699135780334473
2017-06-02,12.67473316192627
2017-06-06,12.587594985961914
2017-06-07,12.666369438171387
2017-06-08,12.83857536315918
2017-06-09,12.897833824157715
2017-06-12,12.739571571350098
2017-06-13,12.786282539367676
2017-06-14,12.601532936096191
2017-06-15,12.615473747253418
2017-06-16,12.628021240234375
2017-06-19,12.770944595336914
2017-06-20,12.618963241577148
2017-06-21,12.593169212341309
2017-06-22,12.535298347473145
2017-06-23,12.451639175415039
2017-06-26,12.566672325134277
2017-06-27,12.662883758544922
2017-06-28,12.845544815063477
2017-06-29,12.8943452835083
2017-06-30,12.777920722961426
2017-07-03,13.120928764343262
2017-07-04,13.131389617919922
2017-07-05,13.131389617919922
2017-07-06,13.194132804870605
2017-07-07,13.183677673339844
2017-07-10,13.208076477050781
2017-07-11,13.14184284210205
2017-07-12,13.232478141784668
2017-07-13,13.351001739501953
2017-07-14,13.277795791625977
2017-07-17,13.258345603942871
2017-07-18,13.059240341186523
2017-07-19,13.116127014160156
2017-07-20,13.059240341186523
2017-07-21,12.931244850158691
2017-07-24,13.013022422790527
2017-07-25,13.254790306091309
2017-07-26,13.31168270111084
2017-07-27,13.286787986755371
2017-07-28,13.17657470703125
2017-07-31,13.148127555847168
2017-08-01,13.269013404846191
2017-08-02,13.15168285369873
2017-08-03,13.205008506774902
2017-08-04,13.386346817016602
2017-08-07,13.37923526763916
2017-08-08,13.41834545135498
2017-08-09,13.215680122375488
2017-08-10,13.037911415100098
2017-08-11,12.803247451782227
2017-08-14,12.99168872833252
2017-08-15,13.045018196105957
2017-08-16,13.105463981628418
2017-08-17,12.899245262145996
2017-08-18,12.867244720458984
2017-08-21,12.742802619934082
2017-08-22,12.813912391662598
2017-08-23,12.693029403686523
2017-08-24,12.739248275756836
2017-08-25,12.760576248168945
2017-08-28,12.682363510131836
2017-08-29,12.518808364868164
2017-08-30,12.621917724609375
2017-08-31,12.700139045715332
2017-09-01,12.757022857666016
2017-09-04,12.646806716918945
2017-09-05,12.493921279907227
2017-09-06,12.447700500488281
2017-09-07,12.358813285827637
2017-09-08,12.46548080444336
2017-09-11,12.682363510131836
2017-09-12,12.870802879333496
2017-09-13,12.899245262145996
2017-09-14,12.96324634552002
2017-09-15,12.86013412475586
2017-09-18,12.931244850158691
2017-09-19,12.96324634552002
2017-09-20,12.90990924835205
2017-09-21,13.098353385925293
2017-09-22,13.087686538696289
2017-09-25,13.0094633102417
2017-09-26,12.995237350463867
2017-09-27,13.265458106994629
2017-09-28,13.269013404846191
2017-09-29,13.343681335449219
2017-10-02,13.325898170471191
2017-10-03,13.325898170471191
2017-10-04,13.201457977294922
2017-10-05,13.31168270111084
2017-10-06,13.276122093200684
2017-10-09,13.2476806640625
2017-10-10,13.187236785888672
2017-10-11,13.17657470703125
2017-10-12,13.119682312011719
2017-10-13,13.055688858032227
2017-10-16,13.045572280883789
2017-10-17,13.091985702514648
2017-10-18,13.170524597167969
2017-10-19,13.0491361618042
2017-10-20,13.216939926147461
2017-10-23,13.149107933044434
2017-10-24,13.213369369506836
2017-10-25,13.174094200134277
2017-10-26,13.249074935913086
2017-10-27,13.19551944732666
2017-10-30,13.18837833404541
2017-10-31,13.18837833404541
2017-11-01,13.127685546875
2017-11-02,13.134824752807617
2017-11-03,13.006294250488281
2017-11-06,12.945603370666504
2017-11-07,12.96345329284668
2017-11-08,12.924182891845703
2017-11-09,12.88847827911377
2017-11-10,12.913469314575195
2017-11-13,12.809931755065918
2017-11-14,12.695690155029297
2017-11-15,12.71711254119873
2017-11-16,12.763521194458008
2017-11-17,12.688547134399414
2017-11-20,12.720677375793457
2017-11-21,12.699259757995605
2017-11-22,12.742100715637207
2017-11-23,12.709968566894531
2017-11-24,12.777801513671875
2017-11-27,12.688547134399414
2017-11-28,12.731389999389648
2017-11-29,12.945603370666504
2017-11-30,12.852775573730469
2017-12-01,12.681405067443848
2017-12-04,12.863486289978027
2017-12-05,12.824213981628418
2017-12-06,12.674267768859863
2017-12-07,12.792082786560059
2017-12-08,13.077701568603516
2017-12-11,13.099123001098633
2017-12-12,13.206228256225586
2017-12-13,13.184805870056152
2017-12-14,13.07591724395752
2017-12-15,12.995585441589355
2017-12-18,13.131253242492676
2017-12-19,13.10983657836914
2017-12-20,13.05985164642334
2017-12-21,13.15981674194336
2017-12-22,13.07055950164795
2017-12-27,13.00986385345459
2017-12-28,12.988443374633789
2017-12-29,12.97059154510498
2018-01-02,12.96030330657959
2018-01-03,12.978889465332031
2018-01-04,13.19768238067627
2018-01-05,13.216275215148926
2018-01-08,13.256314277648926
2018-01-09,13.316377639770508
2018-01-10,13.590940475463867
2018-01-11,13.652429580688477
2018-01-12,13.683890342712402
2018-01-15,13.633843421936035
2018-01-16,13.640992164611816
2018-01-17,13.623830795288086
2018-01-18,13.661011695861816
2018-01-19,13.702481269836426
2018-01-22,13.878374099731445
2018-01-23,13.872654914855957
2018-01-24,13.82546329498291
2018-01-25,13.842622756958008
2018-01-26,13.881234169006348
2018-01-29,13.862643241882324
2018-01-30,13.688179969787598
2018-01-31,13.648139953613281
2018-02-01,13.635272026062012
2018-02-02,13.482259750366211
2018-02-05,13.284917831420898
2018-02-06,12.937419891357422
2018-02-07,13.19768238067627
2018-02-08,13.086138725280762
2018-02-09,12.874499320983887
2018-02-12,12.9417085647583
2018-02-13,12.834458351135254
2018-02-14,12.988903999328613
2018-02-15,13.060402870178223
2018-02-16,13.196255683898926
2018-02-19,13.171940803527832
2018-02-20,13.173370361328125
2018-02-21,13.232002258300781
2018-02-22,13.206262588500977
2018-02-23,13.177661895751953
2018-02-26,13.18767261505127
2018-02-27,13.259174346923828
2018-02-28,13.18767261505127
2018-03-01,13.076126098632812
2018-03-02,12.731496810913086
2018-03-05,12.692886352539062
2018-03-06,12.750085830688477
2018-03-07,12.805856704711914
2018-03-08,12.870206832885742
2018-03-09,12.86591625213623
2018-03-12,12.898807525634766
2018-03-13,12.801568031311035
2018-03-14,12.682877540588379
2018-03-15,12.731496810913086
2018-03-16,12.878789901733398
2018-03-19,12.741504669189453
2018-03-20,12.818727493286133
2018-03-21,12.691454887390137
2018-03-22,12.394012451171875
2018-03-23,12.226696968078613
2018-03-26,12.195237159729004
2018-03-27,12.288189888000488
2018-03-28,12.30391788482666
2018-03-29,12.338239669799805
2018-04-03,12.228128433227539
2018-04-04,12.159486770629883
2018-04-05,12.471231460571289
2018-04-06,12.34110164642334
2018-04-09,12.40974235534668
2018-04-10,12.458361625671387
2018-04-11,12.379711151123047
2018-04-12,12.50555419921875
2018-04-13,12.531291961669922
2018-04-16,12.506020545959473
2018-04-17,12.570592880249023
2018-04-18,12.58493709564209
2018-04-19,12.698288917541504
2018-04-20,12.739901542663574
2018-04-23,12.823121070861816
2018-04-24,12.825990676879883
2018-04-25,12.718379974365234
2018-04-26,12.752812385559082
2018-04-27,12.75137996673584
2018-04-30,12.764290809631348
2018-05-02,12.788686752319336
2018-05-03,12.6365966796875
2018-05-04,12.6480712890625
2018-05-07,12.715510368347168
2018-05-08,12.681074142456055
2018-05-09,12.823121070861816
2018-05-10,12.86473274230957
2018-05-11,12.913514137268066
2018-05-14,12.856120109558105
2018-05-15,12.880516052246094
2018-05-16,12.714072227478027
2018-05-17,12.735595703125
2018-05-18,12.620807647705078
2018-05-21,12.620807647705078
2018-05-22,12.800162315368652
2018-05-23,12.640897750854492
2018-05-24,12.460107803344727
2018-05-25,12.35680103302002
2018-05-28,12.239144325256348
2018-05-29,11.883304595947266
2018-05-30,11.916304588317871
2018-05-31,11.7871675491333
2018-06-01,12.039701461791992
2018-06-04,12.072701454162598
2018-06-05,11.854608535766602
2018-06-06,11.942136764526367
2018-06-07,11.979438781738281
2018-06-08,11.904827117919922
2018-06-11,12.115748405456543
2018-06-12,12.145878791809082
2018-06-13,12.062657356262207
2018-06-14,12.13153076171875
2018-06-15,11.899087905883789
2018-06-18,11.840261459350586
2018-06-19,11.845998764038086
2018-06-20,11.923480987548828
2018-06-21,11.746996879577637
2018-06-22,11.927066802978516
2018-06-25,11.634361267089844
2018-06-26,11.641533851623535
2018-06-27,11.62503433227539
2018-06-28,11.62790584564209
2018-06-29,11.701078414916992
2018-07-02,11.58342456817627
2018-07-03,11.668795585632324
2018-07-04,11.699645042419434
2018-07-05,11.807259559631348
2018-07-06,11.795780181884766
2018-07-09,11.873261451721191
2018-07-10,11.800799369812012
2018-07-11,11.652297019958496
2018-07-12,11.672386169433594
2018-07-13,11.664495468139648
2018-07-16,11.709022521972656
2018-07-17,11.669440269470215
2018-07-18,11.679702758789062
2018-07-19,11.662110328674316
2018-07-20,11.648914337158203
2018-07-23,11.725149154663086
2018-07-24,11.987563133239746
2018-07-25,11.917195320129395
2018-07-26,12.018351554870605
2018-07-27,12.08725357055664
2018-07-30,12.112176895141602
2018-07-31,12.225055694580078
2018-08-01,12.101909637451172
2018-08-02,11.902535438537598
2018-08-03,11.975834846496582
2018-08-06,11.917195320129395
2018-08-07,12.002224922180176
2018-08-08,11.989031791687012
2018-08-09,11.98316478729248
2018-08-10,11.748603820800781
2018-08-13,11.619596481323242
2018-08-14,11.580012321472168
2018-08-15,11.412886619567871
2018-08-16,11.487654685974121
2018-08-17,11.417285919189453
2018-08-20,11.448071479797363
2018-08-21,11.512574195861816
2018-08-22,11.505245208740234
2018-08-23,11.446605682373047
2018-08-24,11.461267471313477
2018-08-27,11.528702735900879
2018-08-28,11.4334135055542
2018-08-29,11.487654685974121
2018-08-30,11.343987464904785
2018-08-31,11.257491111755371
2018-09-03,11.301473617553711
2018-09-04,11.363041877746582
2018-09-05,11.401159286499023
2018-09-06,11.295604705810547
2018-09-07,11.195918083190918
2018-09-10,11.301473617553711
2018-09-11,11.253094673156738
2018-09-12,11.219374656677246
2018-09-13,11.308801651000977
2018-09-14,11.343987464904785
2018-09-17,11.420219421386719
2018-09-18,11.4275484085083
2018-09-19,11.5902738571167
2018-09-20,11.763264656066895
2018-09-21,11.795514106750488
2018-09-24,11.711954116821289
2018-09-25,11.751537322998047
2018-09-26,11.76912784576416
2018-09-27,11.763264656066895
2018-09-28,11.429014205932617
2018-10-01,11.330792427062988
2018-10-02,11.24576187133789
2018-10-04,11.319063186645508
2018-10-05,11.214977264404297
2018-10-08,11.071309089660645
2018-10-09,11.093297004699707
2018-10-10,11.115287780761719
2018-10-11,10.847006797790527
2018-10-12,10.8250150680542
2018-10-15,10.80151653289795
2018-10-16,10.869394302368164
2018-10-17,10.81774616241455
2018-10-18,10.628868103027344
2018-10-19,10.599355697631836
2018-10-22,10.522623062133789
2018-10-23,10.376538276672363
2018-10-24,10.22602367401123
2018-10-25,10.357355117797852
2018-10-26,10.243730545043945
2018-10-29,10.429662704467773
2018-10-30,10.392769813537598
2018-10-31,10.535903930664062
2018-11-01,10.65100383758545
2018-11-02,10.777907371520996
2018-11-05,10.73806381225586
2018-11-06,10.68936824798584
2018-11-07,10.82955265045166
2018-11-08,10.907760620117188
2018-11-09,10.772003173828125
2018-11-12,10.62739372253418
2018-11-13,10.78971004486084
2018-11-14,10.732162475585938
2018-11-15,10.560992240905762
2018-11-16,10.482784271240234
2018-11-19,10.473929405212402
2018-11-20,10.22750186920166
2018-11-21,10.40457534790039
2018-11-22,10.341123580932617
2018-11-23,10.38982105255127
2018-11-26,10.64952564239502
2018-11-27,10.609686851501465
2018-11-28,10.589027404785156
2018-11-29,10.565417289733887
2018-11-30,10.488685607910156
2018-12-03,10.659855842590332
2018-12-04,10.473929405212402
2018-12-05,10.398673057556152
2018-12-06,10.016487121582031
2018-12-07,10.004685401916504
2018-12-10,9.783340454101562
2018-12-11,9.826131820678711
2018-12-12,10.076986312866211
2018-12-13,10.127158164978027
2018-12-14,10.060752868652344
2018-12-17,9.899913787841797
2018-12-18,9.880729675292969
2018-12-19,9.899913787841797
2018-12-20,9.650533676147461
2018-12-21,9.63282585144043
2018-12-27,9.435093879699707
2018-12-28,9.62102222442627
2019-01-02,9.641679763793945
2019-01-03,9.623973846435547
2019-01-04,9.982550621032715
2019-01-07,9.967791557312012
2019-01-08,10.020916938781738
2019-01-09,9.985501289367676
2019-01-10,10.079937934875488
2019-01-11,10.099122047424316
2019-01-14,10.087316513061523
2019-01-15,10.077059745788574
2019-01-16,10.346729278564453
2019-01-17,10.22226619720459
2019-01-18,10.42377758026123
2019-01-21,10.388216972351074
2019-01-22,10.29487133026123
2019-01-23,10.328949928283691
2019-01-24,10.305243492126465
2019-01-25,10.459341049194336
2019-01-28,10.29487133026123
2019-01-29,10.323022842407227
2019-01-30,10.370439529418945
2019-01-31,10.158555030822754
2019-02-01,10.103731155395508
2019-02-04,10.050390243530273
2019-02-05,10.194112777709961
2019-02-06,10.275607109069824
2019-02-07,10.068168640136719
2019-02-08,9.9881591796875
2019-02-11,10.108174324035645
2019-02-12,10.188188552856445
2019-02-13,10.211894989013672
2019-02-14,10.090394973754883
2019-02-15,10.346729278564453
2019-02-18,10.416370391845703
2019-02-19,10.323022842407227
2019-02-20,10.336357116699219
2019-02-21,10.216340065002441
2019-02-22,10.228193283081055
2019-02-25,10.330431938171387
2019-02-26,10.38525390625
2019-02-27,10.555649757385254
2019-02-28,10.635662078857422
2019-03-01,10.616400718688965
2019-03-04,10.60750961303711
2019-03-05,10.58083724975586
2019-03-06,10.576393127441406
2019-03-07,10.38525390625
2019-03-08,10.22671127319336
2019-03-11,10.373400688171387
2019-03-12,10.351175308227539
2019-03-13,10.45193099975586
2019-03-14,10.536386489868164
2019-03-15,10.623806953430176
2019-03-18,10.766053199768066
2019-03-19,10.776423454284668
2019-03-20,10.619362831115723
2019-03-21,10.475638389587402
2019-03-22,10.26078987121582
2019-03-25,10.217823028564453
2019-03-26,10.205965995788574
2019-03-27,10.320058822631836
2019-03-28,10.1763334274292
2019-03-29,10.253382682800293
2019-04-01,10.521571159362793
2019-04-02,10.585284233093262
2019-04-03,10.771979331970215
2019-04-04,10.810505867004395
2019-04-05,10.764568328857422
2019-04-08,10.729009628295898
2019-04-09,10.742344856262207
2019-04-10,10.71122932434082
2019-04-11,10.84310245513916
2019-04-12,11.05794620513916
2019-04-15,11.095518112182617
2019-04-16,11.189473152160645
2019-04-17,11.268515586853027
2019-04-18,11.299833297729492
2019-04-23,11.168596267700195
2019-04-24,11.05972957611084
2019-04-25,11.012002944946289
2019-04-26,11.05078125
2019-04-29,11.164121627807617
2019-04-30,11.120871543884277
2019-05-02,11.108942985534668
2019-05-03,11.152191162109375
2019-05-06,10.977705955505371
2019-05-07,10.803218841552734
2019-05-08,10.742073059082031
2019-05-09,10.49898624420166
2019-05-10,10.533287048339844
2019-05-13,10.334939956665039
2019-05-14,10.443806648254395
2019-05-15,10.433369636535645
2019-05-16,10.578027725219727
2019-05-17,10.445300102233887
2019-05-20,10.30809497833252
2019-05-21,10.400559425354004
2019-05-22,10.258882522583008
2019-05-23,10.151508331298828
2019-05-24,10.199230194091797
2019-05-27,10.214139938354492
2019-05-28,10.17834758758545
2019-05-29,10.093345642089844
2019-05-30,10.147032737731934
2019-05-31,10.008338928222656
2019-06-03,9.947196006774902
2019-06-04,10.157472610473633
2019-06-05,10.108257293701172
2019-06-06,9.999391555786133
2019-06-07,10.023250579833984
2019-06-11,10.160454750061035
2019-06-12,10.05158519744873
2019-06-13,10.0441312789917
2019-06-14,9.978510856628418
2019-06-17,9.982986450195312
2019-06-18,10.105276107788086
2019-06-19,10.246950149536133
2019-06-20,10.118696212768555
2019-06-21,10.0575532913208
2019-06-24,9.982986450195312
2019-06-25,9.939736366271973
2019-06-26,10.033689498901367
2019-06-27,10.109749794006348
2019-06-28,10.154488563537598
2019-07-01,10.239495277404785
2019-07-02,10.239495277404785
2019-07-03,10.388628005981445
2019-07-04,10.500479698181152
2019-07-05,10.533287048339844
2019-07-08,10.419944763183594
2019-07-09,10.346870422363281
2019-07-10,10.373714447021484
2019-07-11,10.406523704528809
2019-07-12,10.418455123901367
2019-07-15,10.43409538269043
2019-07-16,10.498600006103516
2019-07-17,10.3465576171875
2019-07-18,10.295875549316406
2019-07-19,10.217551231384277
2019-07-22,10.197588920593262
2019-07-23,10.391093254089355
2019-07-24,10.318913459777832
2019-07-25,10.274375915527344
2019-07-26,10.228302955627441
2019-07-29,10.154582977294922
2019-07-30,9.91346549987793
2019-07-31,9.8919677734375
2019-08-01,9.953394889831543
2019-08-02,9.638564109802246
2019-08-05,9.429697036743164
2019-08-06,9.374406814575195
2019-08-07,9.309904098510742
2019-08-08,9.45119571685791
2019-08-09,9.276119232177734
2019-08-12,9.10257625579834
2019-08-13,9.188578605651855
2019-08-14,8.964353561401367
2019-08-15,8.95513916015625
2019-08-16,9.167078018188477
2019-08-19,9.216221809387207
2019-08-20,9.121004104614258
2019-08-21,9.154790878295898
2019-08-22,9.248472213745117
2019-08-23,9.114862442016602
2019-08-26,9.145574569702148
2019-08-27,9.147110939025879
2019-08-28,9.127144813537598
2019-08-29,9.239259719848633
2019-08-30,9.269973754882812
2019-09-02,9.256152153015137
2019-09-03,9.211615562438965
2019-09-04,9.322192192077637
2019-09-05,9.564844131469727
2019-09-06,9.59095287322998
2019-09-09,9.812106132507324
2019-09-10,10.013293266296387
2019-09-11,10.073187828063965
2019-09-12,10.077794075012207
2019-09-13,10.345022201538086
2019-09-16,10.24058723449707
2019-09-17,10.007149696350098
2019-09-18,9.967219352722168
2019-09-19,10.160728454589844
2019-09-20,10.211409568786621
2019-09-23,10.019436836242676
2019-09-24,9.939574241638184
2019-09-25,9.930356979370117
2019-09-26,9.959541320800781
2019-09-27,10.042472839355469
2019-09-30,10.08240032196045
2019-10-01,9.924219131469727
2019-10-02,9.617060661315918
2019-10-04,9.570987701416016
2019-10-07,9.621667861938477
2019-10-08,9.491125106811523
2019-10-09,9.53259563446045
2019-10-10,9.759889602661133
2019-10-11,10.249802589416504
2019-10-14,10.145370483398438
2019-10-15,10.386513710021973
2019-10-16,10.477557182312012
2019-10-17,10.452868461608887
2019-10-18,10.41583251953125
2019-10-21,10.628780364990234
2019-10-22,10.647297859191895
2019-10-23,10.634950637817383
2019-10-24,10.650383949279785
2019-10-25,10.678159713745117
2019-10-28,10.62260627746582
2019-10-29,10.571687698364258
2019-10-30,10.398859977722168
2019-10-31,10.318619728088379
2019-11-01,10.414290428161621
2019-11-04,10.630324363708496
2019-11-05,10.746054649353027
2019-11-06,10.750685691833496
2019-11-07,10.884931564331055
2019-11-08,10.752226829528809
2019-11-11,10.758398056030273
2019-11-12,10.815492630004883
2019-11-13,10.611804962158203
2019-11-14,10.553169250488281
2019-11-15,10.580944061279297
2019-11-18,10.559342384338379
2019-11-19,10.582487106323242
2019-11-20,10.537734985351562
2019-11-21,10.505334854125977
2019-11-22,10.613350868225098
2019-11-25,10.71673583984375
2019-11-26,10.655012130737305
2019-11-27,10.725996017456055
2019-11-28,10.678159713745117
2019-11-29,10.594833374023438
2019-12-02,10.451325416564941
2019-12-03,10.301644325256348
2019-12-04,10.479100227355957
2019-12-05,10.465213775634766
2019-12-06,10.61798095703125
2019-12-09,10.608720779418945
2019-12-10,10.58865737915039
2019-12-11,10.59637451171875
2019-12-12,10.835553169250488
2019-12-13,10.989860534667969
2019-12-16,11.20280933380127
2019-12-17,11.121026039123535
2019-12-18,11.14880084991455
2019-12-19,11.159601211547852
2019-12-20,11.176575660705566
2019-12-23,11.04078483581543
2019-12-27,11.096336364746094
2019-12-30,11.080904006958008
2020-01-02,11.28613567352295
2020-01-03,11.131827354431152
2020-01-06,11.068559646606445
2020-01-07,11.110221862792969
2020-01-08,11.14880084991455
2020-01-09,11.176575660705566
2020-01-10,11.051587104797363
2020-01-13,10.974432945251465
2020-01-14,10.99911880493164
2020-01-15,10.835633277893066
2020-01-16,10.886834144592285
2020-01-17,10.948893547058105
2020-01-20,10.880627632141113
2020-01-21,10.789088249206543
2020-01-22,10.76891803741455
2020-01-23,10.677383422851562
2020-01-24,10.744095802307129
2020-01-27,10.484994888305664
2020-01-28,10.637043952941895
2020-01-29,10.691343307495117
2020-01-30,10.619973182678223
2020-01-31,10.466376304626465
2020-02-03,10.446208953857422
2020-02-04,10.66186809539795
2020-02-05,10.826325416564941
2020-02-06,11.049739837646484
2020-02-07,11.139724731445312
2020-02-10,11.136624336242676
2020-02-11,11.256091117858887
2020-02-12,11.426752090454102
2020-02-13,11.436062812805176
2020-02-14,11.363141059875488
2020-02-17,11.442267417907715
2020-02-18,11.234367370605469
2020-02-19,11.260741233825684
2020-02-20,11.175410270690918
2020-02-21,11.096285820007324
2020-02-24,10.654109001159668
2020-02-25,10.368635177612305
2020-02-26,10.381044387817383
2020-02-27,9.946627616882324
2020-02-28,9.595990180969238
2020-03-02,9.45946216583252
2020-03-03,9.343094825744629
2020-03-04,9.35395622253418
2020-03-05,9.094857215881348
2020-03-06,8.772146224975586
2020-03-09,7.816427707672119
2020-03-10,7.870728492736816
2020-03-11,7.968471050262451
2020-03-12,6.778478145599365
2020-03-13,7.041453838348389
2020-03-16,6.49765682220459
2020-03-17,6.652807235717773
2020-03-18,6.521704196929932
2020-03-19,6.572903633117676
2020-03-20,6.656685829162598
2020-03-23,6.428615093231201
2020-03-24,7.003444194793701
2020-03-25,7.290470600128174
2020-03-26,7.446395397186279
2020-03-27,7.052314758300781
2020-03-30,6.812610149383545
2020-03-31,6.79399299621582
2020-04-01,6.3820719718933105
2020-04-02,6.29363489151001
2020-04-03,6.150897026062012
2020-04-06,6.51084566116333
2020-04-07,6.746671199798584
2020-04-08,6.718744277954102
2020-04-09,6.855276107788086
2020-04-14,6.74201774597168
2020-04-15,6.345449924468994
2020-04-16,6.265543460845947
2020-04-17,6.440238952636719
2020-04-20,6.493508815765381
2020-04-21,6.152735233306885
2020-04-22,6.27337646484375
2020-04-23,6.455906391143799
2020-04-24,6.302362442016602
2020-04-27,6.531896591186523
2020-04-28,6.858567237854004
2020-04-29,7.184457778930664
2020-04-30,6.907139778137207
2020-05-04,6.536595821380615
2020-05-05,6.647836208343506
2020-05-06,6.5428619384765625
2020-05-07,6.67133903503418
2020-05-08,6.724608421325684
2020-05-11,6.605533599853516
2020-05-12,6.603183746337891
2020-05-13,6.361900329589844
2020-05-14,6.302362442016602
2020-05-15,6.2718095779418945
2020-05-18,6.631385803222656
2020-05-19,6.55539608001709
2020-05-20,6.631385803222656
2020-05-21,6.4927263259887695
2020-05-22,6.438671112060547
2020-05-25,6.531896591186523
2020-05-26,6.862485408782959
2020-05-27,7.142154216766357
2020-05-28,7.126489162445068
2020-05-29,6.871886253356934
2020-06-02,7.2588791847229
2020-06-03,7.548732757568359
2020-06-04,7.553434371948242
2020-06-05,8.009366035461426
2020-06-08,8.142542839050293
2020-06-09,7.862089157104492
2020-06-10,7.750848770141602
2020-06-11,7.2079596519470215
2020-06-12,7.271413803100586
2020-06-15,7.17427396774292
2020-06-16,7.435925006866455
2020-06-17,7.410073757171631
2020-06-18,7.316066741943359
2020-06-19,7.281599521636963
2020-06-22,7.228328227996826
2020-06-23,7.418692588806152
2020-06-24,7.152338027954102
2020-06-25,7.256529808044434
2020-06-26,7.113954067230225
2020-06-29,7.269847869873047
2020-06-30,7.225976943969727
2020-07-01,7.184457778930664
2020-07-02,7.482927322387695
2020-07-03,7.384222030639648
2020-07-06,7.680341720581055
2020-07-07,7.569884777069092
2020-07-08,7.43827486038208
2020-07-09,7.280031204223633
2020-07-10,7.446109294891357
2020-07-13,7.563616752624512
2020-07-14,7.540115833282471
2020-07-15,7.6482253074646
2020-07-16,7.6631083488464355
2020-07-17,7.589471340179443
2020-07-20,7.610622406005859
2020-07-21,7.685826301574707
2020-07-22,7.583203315734863
2020-07-23,7.497028827667236
2020-07-24,7.416340351104736
2020-07-27,7.252612590789795
2020-07-28,7.291780948638916
2020-07-29,7.21657657623291
2020-07-30,6.916538715362549
2020-07-31,6.824882507324219
2020-08-03,6.945523738861084
2020-08-04,7.051281929016113
2020-08-05,7.050499439239502
2020-08-06,6.983909606933594
2020-08-07,6.961977005004883
2020-08-10,7.104552268981934
2020-08-11,7.371686935424805
2020-08-12,7.429658889770508
2020-08-13,7.287081241607666
2020-08-14,7.233028888702393
2020-08-17,7.158604621887207
2020-08-18,7.074784278869629
2020-08-19,7.189940929412842
2020-08-20,7.040314674377441
2020-08-21,6.9768595695495605
2020-08-24,7.148423194885254
2020-08-25,7.1390228271484375
2020-08-26,7.182891368865967
2020-08-27,7.128838062286377
2020-08-28,7.261228561401367
2020-08-31,7.0896687507629395
2020-09-01,6.994877338409424
2020-09-02,6.9533586502075195
2020-09-03,6.928289413452148
2020-09-04,7.036397457122803
2020-09-07,7.076350212097168
2020-09-08,6.914971351623535
2020-09-09,7.026212215423584
2020-09-10,6.985476970672607
2020-09-11,6.8726677894592285
2020-09-14,6.929856300354004
2020-09-15,6.863266468048096
2020-09-16,6.882852554321289
2020-09-17,6.766911029815674
2020-09-18,6.608665943145752
2020-09-21,6.227156639099121
2020-09-22,6.207571506500244
2020-09-23,6.183288097381592
2020-09-24,6.162919521331787
2020-09-25,6.087714195251465
2020-09-28,6.420654773712158
2020-09-29,6.281994342803955
2020-09-30,6.336047649383545
2020-10-01,6.328214645385742
2020-10-02,6.368949890136719
2020-10-05,6.459824085235596
2020-10-06,6.673689365386963
2020-10-07,6.659587383270264
2020-10-08,6.736359119415283
2020-10-09,6.686223030090332
2020-10-12,6.674471855163574
2020-10-13,6.4927263259887695
2020-10-14,6.486457824707031
2020-10-15,6.386184215545654
2020-10-16,6.507611274719238
2020-10-19,6.580464839935303
2020-10-20,6.606316089630127
2020-10-21,6.52327823638916
2020-10-22,6.558529853820801
2020-10-23,6.7441935539245605
2020-10-26,6.647836208343506
2020-10-27,6.53894567489624
2020-10-28,6.306279182434082
2020-10-29,6.30001163482666
2020-10-30,6.386967658996582
2020-11-02,6.5757646560668945
2020-11-03,6.8562188148498535
2020-11-04,6.770044326782227
2020-11-05,6.802947044372559
2020-11-06,6.741842269897461
2020-11-09,7.548732757568359
2020-11-10,7.879323959350586
2020-11-11,7.921628475189209
2020-11-12,7.759466171264648
2020-11-13,7.862089157104492
2020-11-16,8.123738288879395
2020-11-17,8.123738288879395
2020-11-18,8.214614868164062
2020-11-19,8.1253080368042
2020-11-20,8.156643867492676
2020-11-23,8.26632022857666
2020-11-24,8.64234447479248
2020-11-25,8.593775749206543
2020-11-26,8.496633529663086
2020-11-27,8.554603576660156
2020-11-30,8.324289321899414
2020-12-01,8.573405265808105
2020-12-02,8.684649467468262
2020-12-03,8.747318267822266
2020-12-04,8.831924438476562
2020-12-07,8.645479202270508
2020-12-08,8.578106880187988
2020-12-09,8.621975898742676
2020-12-10,8.451197624206543
2020-12-11,8.277284622192383
2020-12-14,8.4151611328125
2020-12-15,8.529537200927734
2020-12-16,8.443361282348633
2020-12-17,8.435529708862305
2020-12-18,8.299221992492676
2020-12-21,7.999964714050293
2020-12-22,8.122175216674805
2020-12-23,8.369725227355957
2020-12-28,8.397927284240723
2020-12-29,8.350922584533691
2020-12-30,8.361891746520996
2021-01-04,8.219314575195312
2021-01-05,8.236550331115723
2021-01-06,8.706582069396973
2021-01-07,8.83035945892334
2021-01-08,8.75045108795166
2021-01-11,8.672111511230469
2021-01-12,8.80372428894043
2021-01-13,8.69718074798584
2021-01-14,8.759851455688477
2021-01-15,8.607874870300293
2021-01-18,8.68151569366455
2021-01-19,8.59691047668457
2021-01-20,8.631377220153809
2021-01-21,8.64391040802002
2021-01-22,8.485666275024414
2021-01-25,8.233414649963379
2021-01-26,8.347790718078613
2021-01-27,8.187978744506836
2021-01-28,8.25848388671875
2021-01-29,8.070469856262207
2021-02-01,8.117473602294922
2021-02-02,8.321154594421387
2021-02-03,8.363459587097168
2021-02-04,8.595340728759766
2021-02-05,8.684649467468262
2021-02-08,8.752020835876465
2021-02-09,8.745752334594727
2021-02-10,8.814690589904785
2021-02-11,8.777087211608887
2021-02-12,8.853858947753906
2021-02-15,9.13901138305664
2021-02-16,9.240853309631348
2021-02-17,9.207948684692383
2021-02-18,9.071640968322754
2021-02-19,9.258088111877441
2021-02-22,9.312926292419434
2021-02-23,9.37716293334961
2021-02-24,9.497802734375
2021-02-25,9.54481029510498
2021-02-26,9.355226516723633
2021-03-01,9.447668075561523
2021-03-02,9.488404273986816
2021-03-03,9.71558666229248
2021-03-04,9.671717643737793
2021-03-05,9.770424842834473
2021-03-08,10.096314430236816
2021-03-09,9.992905616760254
2021-03-10,9.972537994384766
2021-03-11,9.851896286010742
2021-03-12,9.983506202697754
2021-03-15,9.881665229797363
2021-03-16,9.898898124694824
2021-03-17,9.980372428894043
2021-03-18,10.182487487792969
2021-03-19,9.95373821258545
2021-03-22,9.834661483764648
2021-03-23,9.809592247009277
2021-03-24,9.912999153137207
2021-03-25,9.83779525756836
2021-03-26,9.939638137817383
2021-03-29,9.831528663635254
2021-03-30,10.10101318359375
2021-03-31,9.967838287353516
2021-04-01,9.989773750305176
2021-04-06,10.027376174926758
2021-04-07,10.058712005615234
2021-04-08,10.032074928283691
2021-04-09,9.977238655090332
2021-04-12,10.00230884552002
2021-04-13,9.955304145812988
2021-04-14,9.996041297912598
2021-04-15,9.875399589538574
2021-04-16,10.035208702087402
2021-04-19,10.111981391906738
2021-04-20,9.74378776550293
2021-04-21,9.679549217224121
2021-04-22,9.696784973144531
2021-04-23,9.714021682739258
2021-04-26,9.906733512878418
2021-04-27,10.080647468566895
2021-04-28,10.234190940856934
2021-04-29,10.370501518249512
2021-04-30,10.326629638671875
2021-05-03,10.326629638671875
2021-05-04,10.166817665100098
2021-05-05,10.43160343170166
2021-05-06,10.442572593688965
2021-05-07,10.466071128845215
2021-05-10,10.680720329284668
2021-05-11,10.489575386047363
2021-05-12,10.567914009094238
2021-05-13,10.524044036865234
2021-05-14,10.72302532196045
2021-05-17,10.691690444946289
2021-05-18,10.738693237304688
2021-05-19,10.5851469039917
2021-05-20,10.65878677368164
2021-05-21,10.738693237304688
2021-05-25,10.79353141784668
2021-05-26,10.671319007873535
2021-05-27,10.871869087219238
2021-05-28,10.943940162658691
2021-05-31,10.854633331298828
2021-06-01,10.970576286315918
2021-06-02,11.020713806152344
2021-06-03,11.059883117675781
2021-06-04,10.953341484069824
2021-06-07,11.031681060791016
2021-06-08,10.92357349395752
2021-06-09,10.813897132873535
2021-06-10,10.851502418518066
2021-06-11,10.846800804138184
2021-06-14,10.885970115661621
2021-06-15,10.835832595825195
2021-06-16,10.737125396728516
2021-06-17,10.802931785583496
2021-06-18,10.478607177734375
2021-06-21,10.533443450927734
2021-06-22,10.522477149963379
2021-06-23,10.502108573913574
2021-06-24,10.625885963439941
2021-06-25,10.702656745910645
2021-06-28,10.473908424377441
2021-06-29,10.524044036865234
2021-06-30,10.41907024383545
2021-07-01,10.575749397277832
2021-07-02,10.43160343170166
2021-07-05,10.618050575256348
2021-07-06,10.340733528137207
2021-07-07,10.329763412475586
2021-07-08,10.072813987731934
2021-07-09,10.312529563903809
2021-07-12,10.342297554016113
2021-07-13,10.227923393249512
2021-07-14,10.260825157165527
2021-07-15,10.242586135864258
2021-07-16,10.083039283752441
2021-07-19,9.692862510681152
2021-07-20,9.80027961730957
2021-07-21,10.092519760131836
2021-07-22,10.076722145080566
2021-07-23,10.190459251403809
2021-07-26,10.357905387878418
2021-07-27,10.30103588104248
2021-07-28,10.286818504333496
2021-07-29,10.413191795349121
2021-07-30,10.324729919433594
2021-08-02,10.313672065734863
2021-08-03,10.42109203338623
2021-08-04,10.514291763305664
2021-08-05,10.588533401489258
2021-08-06,10.795473098754883
2021-08-09,10.834962844848633
2021-08-10,10.849181175231934
2021-08-11,10.945539474487305
2021-08-12,10.898151397705078
2021-08-13,10.907630920410156
2021-08-16,10.785995483398438
2021-08-17,10.63118839263916
2021-08-18,10.703851699829102
2021-08-19,10.444786071777344
2021-08-20,10.473217964172363
2021-08-23,10.547463417053223
2021-08-24,10.547463417053223
2021-08-25,10.725967407226562
2021-08-26,10.642245292663574
2021-08-27,10.661199569702148
2021-08-30,10.580636024475098
2021-08-31,10.583796501159668
2021-09-01,10.694375038146973
2021-09-02,10.703851699829102
2021-09-03,10.634346961975098
2021-09-06,10.719648361206055
2021-09-07,10.688054084777832
2021-09-08,10.544303894042969
2021-09-09,10.572739601135254
2021-09-10,10.493753433227539
2021-09-13,10.669096946716309
2021-09-14,10.579056739807129
2021-09-15,10.577478408813477
2021-09-16,10.653302192687988
2021-09-17,10.727546691894531
2021-09-20,10.166765213012695
2021-09-21,10.18098258972168
2021-09-22,10.504813194274902
2021-09-23,10.711750030517578
2021-09-24,10.719648361206055
2021-09-27,11.027684211730957
2021-09-28,10.850760459899902
2021-09-29,11.002408981323242
2021-09-30,11.035581588745117
2021-10-01,10.977134704589844
2021-10-04,10.891831398010254
2021-10-05,11.285168647766113
2021-10-06,11.264634132385254
2021-10-07,11.479471206665039
2021-10-08,11.506325721740723
2021-10-11,11.591626167297363
2021-10-12,11.609004020690918
2021-10-13,11.40522575378418
2021-10-14,11.53001880645752
2021-10-15,11.724712371826172
2021-10-18,11.713618278503418
2021-10-19,11.737391471862793
2021-10-20,11.764333724975586
2021-10-21,11.694600105285645
2021-10-22,11.732638359069824
2021-10-25,11.818218231201172
2021-10-26,11.87685775756836
2021-10-27,11.734220504760742
2021-10-28,11.708864212036133
2021-10-29,11.78493595123291
2021-11-01,11.95451545715332
2021-11-02,11.887950897216797
2021-11-03,11.948176383972168
2021-11-04,11.729466438293457
2021-11-05,11.846746444702148
2021-11-08,11.815049171447754
2021-11-09,11.697770118713379
2021-11-10,11.765917778015137
2021-11-11,11.853084564208984
2021-11-12,11.781765937805176
2021-11-15,11.883195877075195
2021-11-16,11.873686790466309
2021-11-17,11.870518684387207
2021-11-18,11.753238677978516
2021-11-19,11.480645179748535
2021-11-22,11.62645149230957
2021-11-23,11.590001106262207
2021-11-24,11.596339225769043
2021-11-25,11.632793426513672
2021-11-26,10.795989036560059
2021-11-29,10.937043190002441
2021-11-30,10.872062683105469
2021-12-01,11.116129875183105
2021-12-02,11.079679489135742
2021-12-03,10.992511749267578
2021-12-06,11.208051681518555
2021-12-07,11.364951133728027
2021-12-08,11.254011154174805
2021-12-09,11.200128555297852
2021-12-10,11.131979942321777
2021-12-13,10.970322608947754
2021-12-14,11.065414428710938
2021-12-15,10.976663589477539
2021-12-16,11.22072982788086
2021-12-17,11.073338508605957
2021-12-20,10.935457229614258
2021-12-21,11.193788528442383
2021-12-22,11.247673988342285
2021-12-23,11.423591613769531
2021-12-27,11.49491024017334
2021-12-28,11.5725679397583
2021-12-29,11.528189659118652
2021-12-30,11.555131912231445
2022-01-03,11.685091972351074
2022-01-04,12.025832176208496
2022-01-05,12.060699462890625
2022-01-06,12.193826675415039
2022-01-07,12.319029808044434
2022-01-10,12.349142074584961
2022-01-11,12.399856567382812
2022-01-12,12.569438934326172
2022-01-13,12.73108959197998
2022-01-14,12.710488319396973
2022-01-17,12.747305870056152
2022-01-18,12.647350311279297
2022-01-19,12.518379211425781
2022-01-20,12.47323989868164
2022-01-21,12.207231521606445
2022-01-24,11.71875
2022-01-25,12.04440689086914
2022-01-26,12.397467613220215
2022-01-27,12.581253051757812
2022-01-28,12.376511573791504
2022-01-31,12.399080276489258
2022-02-01,12.69894027709961
2022-02-02,12.74569320678711
2022-02-03,12.78922176361084
2022-02-04,12.689266204833984
2022-02-07,12.864994049072266
2022-02-08,13.090694427490234
2022-02-09,13.206768989562988
2022-02-10,13.239013671875
2022-02-11,13.150343894958496
2022-02-14,12.797282218933105
2022-02-15,12.908520698547363
2022-02-16,12.7440824508667
2022-02-17,12.57802963256836
2022-02-18,12.558683395385742
2022-02-21,12.405529022216797
2022-02-22,12.337817192077637
2022-02-23,12.283005714416504
2022-02-24,11.286693572998047
2022-02-25,11.730034828186035
2022-02-28,11.225430488586426
2022-03-01,10.567671775817871
2022-03-02,10.717602729797363
2022-03-03,10.570898056030273
2022-03-04,9.866384506225586
2022-03-07,9.516548156738281
2022-03-08,9.706782341003418
2022-03-09,10.454821586608887
2022-03-10,10.222670555114746
2022-03-11,10.308115005493164
2022-03-14,10.598302841186523
2022-03-15,10.612814903259277
2022-03-16,11.120641708374023
2022-03-17,11.007790565490723
2022-03-18,11.057769775390625
2022-03-21,11.022300720214844
2022-03-22,11.31087589263916
2022-03-23,11.094847679138184
2022-03-24,11.041645050048828
2022-03-25,11.004566192626953
2022-03-28,11.030360221862793
2022-03-29,11.430173873901367
2022-03-30,11.24477767944336
2022-03-31,11.025525093078613
2022-04-01,11.133536338806152
2022-04-04,11.112581253051758
2022-04-05,10.99972915649414
2022-04-06,10.751460075378418
2022-04-07,10.736947059631348
2022-04-08,10.949753761291504
2022-04-11,11.017462730407715
2022-04-12,10.85302448272705
2022-04-13,10.870757102966309
2022-04-14,10.9739351272583
2022-04-19,11.013508796691895
2022-04-20,11.242487907409668
2022-04-21,11.353750228881836
2022-04-22,11.121546745300293
2022-04-25,10.815169334411621
2022-04-26,10.553940773010254
2022-04-27,10.597479820251465
2022-04-28,10.658756256103516
2022-04-29,10.768406867980957
2022-05-02,10.558778762817383
2022-05-03,10.847419738769531
2022-05-04,10.744217872619629
2022-05-05,10.528141975402832
2022-05-06,10.350763320922852
2022-05-09,10.123397827148438
2022-05-10,10.187897682189941
2022-05-11,10.429777145385742
2022-05-12,10.366887092590332
2022-05-13,10.629729270935059
2022-05-16,10.587804794311523
2022-05-17,10.808717727661133
2022-05-18,10.736156463623047
2022-05-19,10.684554100036621
2022-05-20,10.695842742919922
2022-05-23,11.057045936584473
2022-05-24,11.095746994018555
2022-05-25,11.25377368927002
2022-05-26,11.405352592468262
2022-05-27,11.463403701782227
2022-05-30,11.529513359069824
2022-05-31,11.424702644348145
2022-06-01,11.347302436828613
2022-06-02,11.358587265014648
2022-06-03,11.26990032196045
2022-06-06,11.511775970458984
2022-06-07,11.403738021850586
2022-06-08,11.31827449798584
2022-06-09,11.160249710083008
2022-06-10,10.616828918457031
2022-06-13,10.3894624710083
2022-06-14,10.47008991241455
2022-06-15,10.72325611114502
2022-06-16,10.410428047180176
2022-06-17,10.47008991241455
2022-06-20,10.80226993560791
2022-06-21,10.869994163513184
2022-06-22,10.808717727661133
2022-06-23,10.445901870727539
2022-06-24,10.657142639160156
2022-06-27,10.657142639160156
2022-06-28,10.70068073272705
2022-06-29,10.613602638244629
2022-06-30,10.303998947143555
2022-07-01,10.266913414001465
2022-07-04,10.292710304260254
2022-07-05,9.955696105957031
2022-07-06,9.918607711791992
2022-07-07,10.255624771118164
2022-07-08,10.321737289428711
2022-07-11,10.181448936462402
2022-07-12,10.163711547851562
2022-07-13,10.015359878540039
2022-07-14,9.707369804382324
2022-07-15,9.794403076171875
2022-07-18,9.997995376586914
2022-07-19,10.292451858520508
2022-07-20,10.21336841583252
2022-07-21,10.245340347290039
2022-07-22,10.102317810058594
2022-07-25,10.270576477050781
2022-07-26,10.223464965820312
2022-07-27,10.326103210449219
2022-07-28,10.295817375183105
2022-07-29,10.472488403320312
2022-08-01,10.565032958984375
2022-08-02,10.55830192565918
2022-08-03,10.714783668518066
2022-08-04,10.708052635192871
2022-08-05,10.805644035339355
2022-08-08,10.854439735412598
2022-08-09,10.869583129882812
2022-08-10,10.923425674438477
2022-08-11,10.948664665222168
2022-08-12,11.056350708007812
2022-08-15,11.017651557922363
2022-08-16,11.068129539489746
2022-08-17,10.928474426269531
2022-08-18,10.909964561462402
2022-08-19,10.672718048095703
2022-08-22,10.517919540405273
2022-08-23,10.548206329345703
2022-08-24,10.489316940307617
2022-08-25,10.475854873657227
2022-08-26,10.314324378967285
2022-08-29,10.275625228881836
2022-08-30,10.354706764221191
2022-08-31,10.3648042678833
2022-09-01,10.199908256530762
2022-09-02,10.487632751464844
2022-09-05,10.354706764221191
2022-09-06,10.42201042175293
2022-09-07,10.294134140014648
2022-09-08,10.524650573730469
2022-09-09,10.750117301940918
2022-09-12,11.078224182128906
2022-09-13,10.945298194885254
2022-09-14,10.931838035583496
2022-09-15,11.137116432189941
2022-09-16,10.950346946716309
2022-09-19,10.963808059692383
2022-09-20,10.941932678222656
2022-09-21,10.901551246643066
2022-09-22,10.893139839172363
2022-09-23,10.497729301452637
2022-09-26,10.329468727111816
2022-09-27,10.164573669433594
2022-09-28,9.939105987548828
2022-09-29,9.715322494506836
2022-09-30,9.888627052307129
2022-10-03,9.969391822814941
2022-10-04,10.374899864196777
2022-10-05,10.162891387939453
2022-10-06,10.046792984008789
2022-10-07,9.987902641296387
2022-10-10,9.959298133850098
2022-10-11,9.853291511535645
2022-10-12,9.738875389099121
2022-10-13,10.077077865600586
2022-10-14,10.119145393371582
2022-10-17,10.357856750488281
2022-10-18,10.422361373901367
2022-10-19,10.447824478149414
2022-10-20,10.52590560913086
2022-10-21,10.507232666015625
2022-10-24,10.665095329284668
2022-10-25,10.646424293518066
2022-10-26,10.598895072937012
2022-10-27,10.729598999023438
2022-10-28,10.666792869567871
2022-10-31,10.71092700958252
2022-11-01,10.819565773010254
2022-11-02,10.80428695678711
2022-11-03,10.850119590759277
2022-11-04,11.108131408691406
2022-11-07,11.120014190673828
2022-11-08,11.162452697753906
2022-11-09,11.04532527923584
2022-11-10,11.106433868408203
2022-11-11,11.130199432373047
2022-11-14,11.19300365447998
2022-11-15,11.286365509033203
2022-11-16,11.216767311096191
2022-11-17,11.240534782409668
2022-11-18,11.378026008605957
2022-11-21,11.418766021728516
2022-11-22,11.510427474975586
2022-11-23,11.573232650756836
2022-11-24,11.641131401062012
2022-11-25,11.664896011352539
2022-11-28,11.517218589782715
2022-11-29,11.69375228881836
2022-11-30,11.724308013916016
2022-12-01,11.59699821472168
2022-12-02,11.603789329528809
2022-12-05,11.56474781036377
2022-12-06,11.517218589782715
2022-12-07,11.442529678344727
2022-12-08,11.408581733703613
2022-12-09,11.535888671875
2022-12-12,11.488361358642578
2022-12-13,11.624156951904297
2022-12-14,11.59699821472168
2022-12-15,11.286365509033203
2022-12-16,11.406883239746094
2022-12-19,11.406883239746094
2022-12-20,11.607184410095215
2022-12-21,11.780322074890137
2022-12-22,11.761651039123535
2022-12-23,11.765047073364258
2022-12-27,11.788811683654785
2022-12-28,11.776926040649414
2022-12-29,11.829550743103027
2022-12-30,11.749768257141113
2023-01-02,11.98741340637207
2023-01-03,12.131695747375488
2023-01-04,12.462699890136719
2023-01-05,12.579822540283203
2023-01-06,12.685066223144531
2023-01-09,12.671485900878906
2023-01-10,12.64602279663086
2023-01-11,12.63923454284668
2023-01-12,12.775032043457031
2023-01-13,12.88197135925293
2023-01-16,12.8969087600708
2023-01-17,12.864518165588379
2023-01-18,12.91395378112793
2023-01-19,12.736654281616211
2023-01-20,12.85599136352539
2023-01-23,12.905431747436523
2023-01-24,12.997490882873535
2023-01-25,12.985557556152344
2023-01-26,13.198659896850586
2023-01-27,13.266851425170898
2023-01-30,13.263442993164062
2023-01-31,13.33504581451416
2023-02-01,13.445858001708984
2023-02-02,13.33504581451416
2023-02-03,13.350387573242188
2023-02-06,13.26855754852295
2023-02-07,13.442448616027832
2023-02-08,13.512344360351562
2023-02-09,13.7186279296875
2023-02-10,13.546442031860352
2023-02-13,13.628271102905273
2023-02-14,13.664073944091797
2023-02-15,13.604405403137207
2023-02-16,13.868651390075684
2023-02-17,13.826030731201172
2023-02-20,13.793639183044434
2023-02-21,13.902746200561523
2023-02-22,13.664073944091797
2023-02-23,13.807276725769043
2023-02-24,13.740791320800781
2023-02-27,13.964120864868164
2023-02-28,14.155058860778809
2023-03-01,13.931727409362793
2023-03-02,13.90615463256836
2023-03-03,14.088570594787598
2023-03-06,14.17210578918457
2023-03-07,13.99310302734375
2023-03-08,14.080045700073242
2023-03-09,13.907862663269043
2023-03-10,13.370843887329102
2023-03-13,12.54230785369873
2023-03-14,12.90372371673584
2023-03-15,11.98312759399414
2023-03-16,12.13315200805664
2023-03-17,11.860380172729492
2023-03-20,12.003586769104004
2023-03-21,12.451951026916504
2023-03-22,12.438313484191895
2023-03-23,12.121217727661133
2023-03-24,11.715472221374512
2023-03-27,11.892772674560547
2023-03-28,11.954145431518555
2023-03-29,12.17577075958252
2023-03-30,12.383759498596191
2023-03-31,12.347957611083984
2023-04-03,12.419560432434082
2023-04-04,12.417855262756348
2023-04-05,12.366711616516113
2023-04-06,12.612201690673828
2023-04-11,12.627546310424805
2023-04-12,12.673576354980469
2023-04-13,12.70085334777832
2023-04-14,13.077618598937988
2023-04-17,12.910908699035645
2023-04-18,13.06977653503418
2023-04-19,13.163729667663574
2023-04-20,13.071484565734863
2023-04-21,12.994611740112305
2023-04-24,13.037318229675293
2023-04-25,12.750333786010742
2023-04-26,12.777666091918945
2023-04-27,12.941658973693848
2023-04-28,12.758875846862793
2023-05-02,12.586343765258789
2023-05-03,12.5299711227417
2023-05-04,12.350605010986328
2023-05-05,12.711045265197754
2023-05-08,12.822080612182617
2023-05-09,12.76058292388916
2023-05-10,12.687129020690918
2023-05-11,12.700796127319336
2023-05-12,12.799872398376465
2023-05-15,12.88016128540039
2023-05-16,12.8186616897583
2023-05-17,12.854538917541504
2023-05-18,13.016819953918457
2023-05-19,13.021944999694824
2023-05-22,13.150063514709473
2023-05-23,13.21497631072998
2023-05-24,12.883574485778809
2023-05-25,12.909201622009277
2023-05-26,12.991196632385254
2023-05-29,12.939949035644531
2023-05-30,12.79304027557373
2023-05-31,12.598299980163574
2023-06-01,12.810123443603516
2023-06-02,13.088566780090332
2023-06-05,12.992904663085938
2023-06-06,13.132981300354004
2023-06-07,13.199603080749512
2023-06-08,13.245725631713867
2023-06-09,13.191060066223145
2023-06-12,13.141521453857422
2023-06-13,13.226935386657715
2023-06-14,13.370427131652832
2023-06-15,13.257682800292969
2023-06-16,13.370427131652832
2023-06-19,13.3738431930542
2023-06-20,13.337970733642578
2023-06-21,13.370427131652832
2023-06-22,13.107357025146484
2023-06-23,12.922868728637695
2023-06-26,12.98265552520752
2023-06-27,13.110773086547852
2023-06-28,13.165437698364258
2023-06-29,13.339677810668945
2023-06-30,13.508793830871582
2023-07-03,13.659120559692383
2023-07-04,13.585665702819824
2023-07-05,13.505378723144531
2023-07-06,13.201310157775879
2023-07-07,13.312347412109375
2023-07-10,13.296972274780273
2023-07-11,13.425089836120605
2023-07-12,13.660828590393066
2023-07-13,13.780405044555664
2023-07-14,13.698408126831055
2023-07-17,13.78539752960205
2023-07-18,13.912759780883789
2023-07-19,13.91806697845459
2023-07-20,14.013588905334473
2023-07-21,14.033048629760742
2023-07-24,14.093191146850586
2023-07-25,14.163948059082031
2023-07-26,14.126802444458008
2023-07-27,14.204635620117188
2023-07-28,14.224095344543457
2023-07-31,14.247090339660645
2023-08-01,14.107343673706055
2023-08-02,13.847309112548828
2023-08-03,13.969365119934082
2023-08-04,14.045431137084961
2023-08-07,14.130339622497559
2023-08-08,13.750015258789062
2023-08-09,13.870305061340332
2023-08-10,14.066658973693848
2023-08-11,13.948138236999512
2023-08-14,13.965828895568848
2023-08-15,13.776551246643066
2023-08-16,13.700486183166504
2023-08-17,13.702254295349121
2023-08-18,13.613808631896973
2023-08-21,13.63503646850586
2023-08-22,13.649188041687012
2023-08-23,13.601425170898438
2023-08-24,13.613808631896973
2023-08-25,13.603195190429688
2023-08-28,13.842001914978027
2023-08-29,13.902145385742188
2023-08-30,13.893302917480469
2023-08-31,13.742939949035645
2023-09-01,13.735864639282227
2023-09-04,13.71640682220459
2023-09-05,13.668644905090332
2023-09-06,13.454602241516113
2023-09-07,13.355541229248047
2023-09-08,13.366156578063965
2023-09-11,13.523591995239258
2023-09-12,13.59788703918457
2023-09-13,13.682796478271484
2023-09-14,13.949906349182129
2023-09-15,13.937525749206543
2023-09-18,13.704023361206055
2023-09-19,13.850848197937012
2023-09-20,14.08434772491455
2023-09-21,14.07373332977295
2023-09-22,13.969365119934082
2023-09-25,13.900375366210938
2023-09-26,13.877379417419434
2023-09-27,13.91806697845459
2023-09-28,14.086116790771484
2023-09-29,14.10203742980957
2023-10-02,13.914528846740723
2023-10-03,13.7836275100708
2023-10-04,13.744709968566895
2023-10-05,13.806623458862305
2023-10-06,14.025971412658691
2023-10-09,13.827850341796875
2023-10-10,14.167487144470215
2023-10-11,14.222325325012207
2023-10-12,14.190485000610352
2023-10-13,13.985286712646484
2023-10-16,14.119385719299316
2023-10-17,14.099793434143066
2023-10-18,14.000048637390137
2023-10-19,13.827275276184082
2023-10-20,13.526253700256348
2023-10-23,13.526253700256348
2023-10-24,13.380197525024414
2023-10-25,13.394447326660156
2023-10-26,13.323200225830078
2023-10-27,13.223454475402832
2023-10-30,13.253735542297363
2023-10-31,13.319639205932617
2023-11-01,13.355260848999023
2023-11-02,13.488850593566895
2023-11-03,13.650938034057617
2023-11-06,13.668747901916504
2023-11-07,13.595722198486328
2023-11-08,13.615314483642578
2023-11-09,13.722184181213379
2023-11-10,13.633124351501465
2023-11-13,13.830836296081543
2023-11-14,13.95907974243164
2023-11-15,14.060608863830566
2023-11-16,14.023204803466797
2023-11-17,14.199540138244629
2023-11-20,14.252976417541504
2023-11-21,14.176384925842285
2023-11-22,14.115826606750488
2023-11-23,14.212008476257324
2023-11-24,14.26900577545166
2023-11-27,14.16926097869873
2023-11-28,14.228038787841797
2023-11-29,14.28503704071045
2023-11-30,14.317097663879395
2023-12-01,14.454246520996094
2023-12-04,14.454246520996094
2023-12-05,14.454246520996094
2023-12-06,14.454246520996094
2023-12-07,14.616337776184082
2023-12-08,14.755268096923828
2023-12-11,14.739236831665039
2023-12-12,14.664426803588867
2023-12-13,14.619898796081543
2023-12-14,14.72854995727539
2023-12-15,14.696488380432129
2023-12-18,14.671551704406738
2023-12-19,14.692926406860352
2023-12-20,14.71786117553711
2023-12-21,14.701833724975586
2023-12-22,14.78198528289795
2023-12-27,14.881730079650879
2023-12-28,14.783766746520996
2023-12-29,14.837199211120605
2024-01-02,14.963664054870605
2024-01-03,14.82829475402832
2024-01-04,15.090129852294922
2024-01-05,15.163152694702148
2024-01-08,15.21837043762207
2024-01-09,15.086565017700195
2024-01-10,14.986821174621582
2024-01-11,14.703612327575684
2024-01-12,14.746362686157227
2024-01-15,14.646613121032715
2024-01-16,14.500057220458984
2024-01-17,14.378011703491211
2024-01-18,14.487491607666016
2024-01-19,14.439033508300781
2024-01-22,14.647228240966797
2024-01-23,14.616716384887695
2024-01-24,14.799786567687988
2024-01-25,14.76209545135498
2024-01-26,14.875167846679688
2024-01-29,14.806964874267578
2024-01-30,14.988236427307129
2024-01-31,15.009774208068848
2024-02-01,14.727995872497559
2024-02-02,14.873370170593262
2024-02-05,14.785428047180176
2024-02-06,14.873370170593262
2024-02-07,14.720815658569336
2024-02-08,14.663381576538086
2024-02-09,14.613129615783691
2024-02-12,14.754915237426758
2024-02-13,14.715431213378906
2024-02-14,14.787222862243652
2024-02-15,14.851834297180176
2024-02-16,14.986443519592285
2024-02-19,15.034903526306152
2024-02-20,15.169509887695312
2024-02-21,15.025925636291504
2024-02-22,15.147974967956543
2024-02-23,15.25207233428955
2024-02-26,15.203608512878418
2024-02-27,15.25925064086914
2024-02-28,15.336426734924316
2024-02-29,15.331043243408203
2024-03-01,15.478211402893066
2024-03-04,15.542828559875488
2024-03-05,15.582311630249023
2024-03-06,15.681023597717285
2024-03-07,15.783326148986816
2024-03-08,15.759994506835938
2024-03-11,15.749226570129395
2024-03-12,16.054336547851562
2024-03-13,16.111770629882812
2024-03-14,16.007675170898438
2024-03-15,16.210481643676758
2024-03-18,16.24817657470703
2024-03-19,16.422269821166992
2024-03-20,16.427654266357422
2024-03-21,16.702255249023438
2024-03-22,16.73635482788086
2024-03-25,16.763277053833008
2024-03-26,16.92481231689453
2024-03-27,16.890710830688477
2024-03-28,17.04146957397461
2024-04-02,17.050445556640625
2024-04-03,17.276588439941406
2024-04-04,17.474014282226562
2024-04-05,17.33043098449707
2024-04-08,17.491962432861328
2024-04-09,17.31427764892578
2024-04-10,17.477603912353516
2024-04-11,17.071983337402344
2024-04-12,17.071983337402344
2024-04-15,17.13423728942871
2024-04-16,16.686603546142578
2024-04-17,16.898733139038086
2024-04-18,17.1719913482666
2024-04-19,17.182777404785156
2024-04-22,17.47940444946289
2024-04-23,17.770639419555664
2024-04-24,17.610639572143555
2024-04-25,17.678953170776367
2024-04-26,17.84075164794922
2024-04-29,17.813785552978516
2024-04-30,17.745468139648438
2024-05-02,17.858726501464844
2024-05-03,17.78681755065918
2024-05-06,18.022319793701172
2024-05-07,18.29647445678711
2024-05-08,18.2650146484375
2024-05-09,18.197601318359375
2024-05-10,18.314456939697266
2024-05-13,18.390859603881836
2024-05-14,18.548160552978516
2024-05-15,18.588611602783203
2024-05-16,18.534677505493164
2024-05-17,18.691980361938477
2024-05-20,18.69647216796875
2024-05-21,18.700965881347656
2024-05-22,18.593101501464844
2024-05-23,18.593101501464844
2024-05-24,18.579620361328125
2024-05-27,18.629058837890625
2024-05-28,18.6605167388916
2024-05-29,18.41782569885254
2024-05-30,18.669506072998047
2024-05-31,18.7099552154541
2024-06-03,18.76388931274414
2024-06-04,18.34142303466797
2024-06-05,18.318946838378906
2024-06-06,18.575124740600586
2024-06-07,18.561641693115234
2024-06-10,18.413330078125
2024-06-11,17.995357513427734
2024-06-12,18.211084365844727
2024-06-13,17.767044067382812
2024-06-14,17.538728713989258
2024-06-17,17.729291915893555
2024-06-18,17.880298614501953
2024-06-19,17.92524528503418
2024-06-20,18.089736938476562
2024-06-21,17.797603607177734
2024-06-24,18.134681701660156
2024-06-25,17.99985122680664
2024-06-26,17.934236526489258
2024-06-27,17.91265869140625
2024-06-28,17.88928985595703
2024-07-01,18.260522842407227
2024-07-02,18.089736938476562
2024-07-03,18.318946838378906
2024-07-04,18.552654266357422
2024-07-05,18.39984703063965
2024-07-08,18.39984703063965
2024-07-09,18.18411636352539
2024-07-10,18.345914840698242
2024-07-11,18.440296173095703
2024-07-12,18.512205123901367
2024-07-15,18.39535140991211
2024-07-16,18.419151306152344
2024-07-17,18.537487030029297
2024-07-18,18.612621307373047
2024-07-19,18.5130672454834
2024-07-22,18.816421508789062
2024-07-23,18.90094757080078
2024-07-24,18.802337646484375
2024-07-25,18.687753677368164
2024-07-26,18.73283576965332
2024-07-29,18.736591339111328
2024-07-30,18.933820724487305
2024-07-31,18.91033935546875
2024-08-01,18.058507919311523
2024-08-02,17.31092071533203
2024-08-05,16.939006805419922
2024-08-06,16.826303482055664
2024-08-07,17.30904197692871
2024-08-08,17.303407669067383
2024-08-09,17.40296173095703
2024-08-12,17.45743179321289
2024-08-13,17.508146286010742
2024-08-14,17.583282470703125
2024-08-15,17.998401641845703
2024-08-16,18.099828720092773
2024-08-19,18.238828659057617
2024-08-20,18.019062042236328
2024-08-21,18.084802627563477
2024-08-22,18.163694381713867
2024-08-23,18.368436813354492
2024-08-26,18.338382720947266
2024-08-27,18.458595275878906
2024-08-28,18.43229866027832
2024-08-29,18.545001983642578
2024-08-30,18.650190353393555
2024-09-02,18.65958023071289
2024-09-03,18.313962936401367
2024-09-04,18.242586135864258
2024-09-05,18.42854118347168
2024-09-06,18.058507919311523
2024-09-09,18.28203010559082
2024-09-10,18.002155303955078
2024-09-11,18.030330657958984
2024-09-12,18.27075958251953
2024-09-13,18.421030044555664
2024-09-16,18.394731521606445
2024-09-17,18.57129669189453
2024-09-18,18.57129669189453
2024-09-19,18.863378524780273
2024-09-20,18.770402908325195
2024-09-23,18.603229522705078
2024-09-24,18.736591339111328
2024-09-25,18.614500045776367
2024-09-26,19.060609817504883
2024-09-27,19.046520233154297
2024-09-30,18.78824806213379
2024-10-01,18.340259552001953
2024-10-02,18.411636352539062
2024-10-03,18.300813674926758
2024-10-04,18.614500045776367
2024-10-07,18.777917861938477
2024-10-08,18.638917922973633
2024-10-09,18.691513061523438
2024-10-10,18.764766693115234
2024-10-11,18.868078231811523
2024-10-14,18.947908401489258
2024-10-15,18.973201751708984
2024-10-16,18.93541717529297
2024-10-17,19.152687072753906
2024-10-18,19.242427825927734
2024-10-21,19.053497314453125
2024-10-22,19.11017417907715
2024-10-23,19.053497314453125
2024-10-24,18.98737144470215
2024-10-25,18.94013786315918
2024-10-28,19.086559295654297
2024-10-29,19.124345779418945
2024-10-30,18.992095947265625
2024-10-31,18.96847915649414
2024-11-01,19.299104690551758
2024-11-04,19.403017044067383
2024-11-05,19.502206802368164
2024-11-06,19.242427825927734
2024-11-07,19.247150421142578
2024-11-08,18.982646942138672
2024-11-11,19.327444076538086
2024-11-12,18.930694580078125
2024-11-13,18.973201751708984
2024-11-14,19.214088439941406
2024-11-15,19.33689308166504
2024-11-18,19.48331069946289
2024-11-19,19.228254318237305
2024-11-20,19.195194244384766
2024-11-21,19.228254318237305
2024-11-22,18.982646942138672
2024-11-25,18.973201751708984
2024-11-26,18.775772094726562
2024-11-27,18.751209259033203
2024-11-28,18.916522979736328
2024-11-29,18.992095947265625
2024-12-02,19.0582218170166
2024-12-03,19.218809127807617
2024-12-04,19.31327247619629
2024-12-05,19.75725746154785
2024-12-06,19.648624420166016
2024-12-09,19.761980056762695
2024-12-10,19.785594940185547
2024-12-11,19.818660736083984
2024-12-12,19.870615005493164
2024-12-13,19.898954391479492
2024-12-16,19.95563507080078
2024-12-17,19.643903732299805
2024-12-18,19.818660736083984
2024-12-19,19.577775955200195
2024-12-20,19.426631927490234
2024-12-23,19.436077117919922
2024-12-27,19.705303192138672
2024-12-30,19.728919982910156
2025-01-02,19.837553024291992
2025-01-03,19.785594940185547
2025-01-06,20.1634578704834
2025-01-07,20.092607498168945
2025-01-08,20.135116577148438
2025-01-09,20.215410232543945
2025-01-10,20.106775283813477
2025-01-13,20.201242446899414
2025-01-14,20.427955627441406
2025-01-15,20.78754425048828
2025-01-16,20.86865234375
2025-01-17,20.978384017944336
2025-01-20,21.14060401916504
2025-01-21,21.231252670288086
2025-01-22,21.111974716186523
2025-01-23,21.47934913635254
2025-01-24,21.445951461791992
2025-01-27,21.460264205932617
2025-01-28,21.550912857055664
2025-01-29,21.799009323120117
2025-01-30,21.85626220703125
2025-01-31,21.779926300048828
2025-02-03,21.41732406616211
2025-02-04,21.674962997436523
2025-02-05,21.784698486328125
2025-02-06,22.51466941833496
2025-02-07,22.56715202331543
2025-02-10,22.571924209594727
2025-02-11,22.862957000732422
2025-02-12,23.03471565246582
2025-02-13,22.92975425720215
2025-02-14,23.015634536743164
2025-02-17,23.249414443969727
2025-02-18,23.66449737548828
2025-02-19,23.397319793701172
2025-02-20,23.34483528137207
2025-02-21,23.621559143066406
2025-02-24,23.588157653808594
2025-02-25,23.936447143554688
2025-02-26,24.537599563598633
2025-02-27,24.50897789001465
2025-02-28,24.59485626220703
2025-03-03,24.909746170043945
2025-03-04,23.974613189697266
2025-03-05,24.828636169433594
2025-03-06,25.11490249633789
2025-03-07,24.97654151916504
2025-03-10,24.308589935302734
2025-03-11,23.898279190063477
2025-03-12,24.270421981811523
2025-03-13,24.227481842041016
2025-03-14,24.771385192871094
2025-03-17,25.00516700744629
2025-03-18,25.539527893066406
2025-03-19,25.52521514892578
2025-03-20,25.08627700805664
2025-03-21,25.08627700805664
2025-03-24,25.267574310302734
2025-03-25,25.701744079589844
2025-03-26,25.577695846557617
2025-03-27,25.439334869384766
2025-03-28,24.94791603088379
2025-03-31,24.504207611083984
2025-04-01,24.83340835571289
2025-04-02,24.761842727661133
2025-04-03,23.306665420532227
2025-04-04,21.374385833740234
2025-04-07,20.65872573852539
2025-04-08,21.231252670288086
2025-04-09,20.529903411865234
2025-04-10,21.5986270904541
2025-04-11,21.612937927246094
2025-04-14,22.40493392944336
2025-04-15,23.095680236816406
2025-04-16,23.129131317138672
2025-04-17,22.96187400817871
2025-04-22,23.219928741455078
2025-04-23,24.075321197509766
2025-04-24,23.912845611572266
2025-04-25,24.213905334472656
2025-04-28,24.40505599975586
2025-04-29,24.744346618652344
2025-04-30,24.3668270111084
2025-05-02,24.667888641357422
2025-05-05,25.002399444580078
2025-05-06,24.892488479614258
2025-05-07,24.859037399291992
2025-05-08,25.293903350830078
2025-05-09,25.4993896484375
2025-05-12,26.115848541259766
2025-05-13,26.115848541259766
2025-05-14,26.335668563842773
2025-05-15,26.416908264160156
2025-05-16,26.531599044799805
2025-05-19,26.708410263061523
2025-05-20,27.009471893310547
2025-05-21,26.971242904663086
2025-05-22,26.904338836669922
2025-05-23,26.46947479248047
2025-05-26,26.846996307373047
2025-05-27,26.832660675048828
2025-05-28,26.608057022094727
2025-05-29,26.68451690673828
2025-05-30,26.7323055267334
2025-06-02,26.77053451538086
2025-06-03,26.741863250732422
2025-06-04,26.598499298095703
2025-06-05,26.823101043701172
2025-06-06,27.014249801635742
2025-06-09,27.057260513305664
2025-06-10,26.536376953125
2025-06-11,26.579383850097656
2025-06-12,26.560272216796875
2025-06-13,26.220979690551758
2025-06-16,26.722747802734375
2025-06-17,26.20186424255371
2025-06-18,26.369121551513672
2025-06-19,25.91514015197754
2025-06-20,26.09195327758789
2025-06-23,25.766998291015625
2025-06-24,26.569826126098633
2025-06-25,26.330890655517578
2025-06-26,26.2783260345459
2025-06-27,26.70363426208496
2025-06-30,26.61761474609375
2025-07-01,26.283103942871094
2025-07-02,26.47903060913086
2025-07-03,26.837438583374023
2025-07-04,26.531599044799805
2025-07-07,26.928232192993164
2025-07-08,27.109825134277344
2025-07-09,27.621150970458984
2025-07-10,27.439558029174805
2025-07-11,26.928232192993164
2025-07-14,27.071598052978516
2025-07-15,26.83797836303711
2025-07-16,26.724531173706055
2025-07-17,27.079675674438477
2025-07-18,27.10926628112793
2025-07-21,27.198055267333984
2025-07-22,27.08953857421875
2025-07-23,27.46441078186035
2025-07-24,27.903409957885742
2025-07-25,27.88861083984375
2025-07-28,27.908342361450195
2025-07-29,28.36213493347168
2025-07-30,28.495315551757812
2025-07-31,28.559438705444336
2025-08-01,27.711040496826172
2025-08-04,28.436124801635742
2025-08-05,28.342405319213867
2025-08-06,28.667951583862305
2025-08-07,29.136545181274414
2025-08-08,29.53114891052246
2025-08-11,29.758047103881836
2025-08-12,29.906021118164062
2025-08-13,30.098392486572266
2025-08-14,30.423940658569336
2025-08-15,30.33515167236328
2025-08-18,30.08852767944336
2025-08-19,30.280895233154297
2025-08-20,30.275964736938477
2025-08-21,30.478199005126953
2025-08-22,30.46339988708496
2025-08-25,30.266098022460938
2025-08-26,29.713653564453125
2025-08-27,29.348644256591797
2025-08-28,29.32891273498535
2025-08-29,29.067489624023438
2025-09-01,29.30918312072754
2025-09-02,28.830726623535156
2025-09-03,28.98363494873047
2025-09-04,29.358510971069336
2025-09-05,29.02802848815918
2025-09-08,29.402902603149414
2025-09-09,29.669260025024414
2025-09-10,29.950416564941406
2025-09-11,30.192110061645508
2025-09-12,30.221704483032227
2025-09-15,30.586711883544922
2025-09-16,29.999740600585938
2025-09-17,29.87149429321289
2025-09-18,30.058929443359375
2025-09-19,30.231569290161133
2025-09-22,30.01947021484375
2025-09-23,30.2069091796875
2025-09-24,30.221704483032227
2025-09-25,29.994808197021484
2025-09-26,30.562049865722656
2025-09-29,30.320356369018555
2025-09-30,30.399276733398438
2025-10-01,30.645906448364258
2025-10-02,30.38941192626953
2025-10-03,30.68536376953125
2025-10-06,30.42887306213379
2025-10-07,30.13785171508789
2025-10-08,30.56698226928711
2025-10-09,30.08852767944336
2025-10-10,29.772844314575195
2025-10-13,29.960281372070312
2025-10-14,29.984943389892578
2025-10-15,29.91815948486328
2025-10-16,30.076744079589844
2025-10-17,29.29372787475586
2025-10-20,29.62576675415039
2025-10-21,29.62576675415039
2025-10-22,29.680280685424805
2025-10-23,29.724882125854492
2025-10-27,30.146127700805664
2025-10-28,30.393917083740234
2025-10-29,30.805246353149414
2025-10-30,30.820114135742188
2025-10-31,30.889497756958008
2025-11-03,30.973745346069336
2025-11-04,31.01339340209961
2025-11-05,31.117464065551758
2025-11-06,31.221534729003906
2025-11-07,30.91922950744629
2025-11-10,31.553573608398438
2025-11-11,32.19287109375
2025-11-12,32.71818542480469
2025-11-13,32.60915756225586
2025-11-14,31.870744705200195
2025-11-17,31.558528900146484
2025-11-18,30.64666175842285
2025-11-19,30.686307907104492
2025-11-20,30.934097290039062
2025-11-21,30.820114135742188
2025-11-24,31.04312515258789
2025-11-25,31.573394775390625
2025-11-26,32.143314361572266
2025-11-27,32.27216720581055
2025-11-28,32.331634521484375
2025-12-01,32.410926818847656
2025-12-02,32.723140716552734
2025-12-03,32.44561767578125
2025-12-04,32.772701263427734
2025-12-05,32.53977966308594
2025-12-08,32.73801040649414
2025-12-09,32.90155029296875
2025-12-10,33.14438247680664
2025-12-11,33.58544921875
2025-12-12,33.13447189331055
2025-12-15,33.68952178955078
2025-12-16,33.59536361694336
2025-12-17,33.877845764160156
2025-12-18,34.26439666748047
2025-12-19,34.532005310058594
2025-12-22,34.457672119140625
2025-12-23,34.61625671386719
2025-12-29,34.49236297607422
2025-12-30,34.923519134521484
2026-01-02,35.34476089477539
2026-01-05,35.6916618347168
2026-01-06,35.567771911621094
2026-01-07,34.92847442626953
2026-01-08,35.2357292175293
2026-01-09,35.394317626953125
2026-01-12,35.592552185058594
2026-01-13,35.82547378540039
2026-01-14,35.85024642944336
2026-01-15,36.07682418823242
2026-01-16,36.09181213378906
2026-01-19,35.822021484375
2026-01-20,35.487281799316406
2026-01-21,35.40235137939453
2026-01-22,36.166751861572266
2026-01-23,35.822021484375
2026-01-26,36.166751861572266
2026-01-27,36.816246032714844
2026-01-28,36.33662414550781
2026-01-29,36.221710205078125
2026-01-30,36.846221923828125
2026-02-02,37.535682678222656
2026-02-03,37.84544372558594
2026-02-04,37.51569747924805
2026-02-05,36.276668548583984
2026-02-06,36.68634796142578
2026-02-09,37.20094680786133
2026-02-10,36.76129150390625
2026-02-11,36.36159896850586
2026-02-12,35.69212341308594
2026-02-13,34.68790817260742
2026-02-16,35.17253112792969
2026-02-17,35.597198486328125
2026-02-18,36.33662414550781
2026-02-19,35.87697982788086
2026-02-20,36.38658142089844
2026-02-23,36.38658142089844
2026-02-24,35.95691680908203
2026-02-25,36.911170959472656
2026-02-26,36.971126556396484
2026-02-27,36.3166389465332
2026-03-02,35.15754318237305
2026-03-03,33.708675384521484
2026-03-04,34.48306655883789
2026-03-05,33.93849563598633
2026-03-06,33.413902282714844
2026-03-09,33.21406173706055
2026-03-10,34.3581657409668
2026-03-11,34.15332794189453
2026-03-12,33.07916259765625
2026-03-13,32.67448043823242
2026-03-16,32.884315490722656
2026-03-17,33.16909408569336
2026-03-18,33.4688606262207
2026-03-19,32.43966293334961
2026-03-20,31.780179977416992
2026-03-23,32.51959991455078
2026-03-24,32.384708404541016
2026-03-25,33.16909408569336
2026-03-26,32.53958511352539
2026-03-27,32.284786224365234
2026-03-30,32.43966293334961
2026-03-31,32.684471130371094
2026-04-01,34.208282470703125
2026-04-02,33.79360580444336
2026-04-07,33.683692932128906
2026-04-08,35.7470817565918
2026-04-09,35.64216232299805
2026-04-10,36.06683349609375
2026-04-13,35.98689270019531
2026-04-14,36.7313117980957
2026-04-15,36.7400016784668
2026-04-16,36.42499923706055
2026-04-17,37.415000915527344
