Date,Close
2010-01-04,84.79637145996094
2010-01-05,85.02084350585938
2010-01-06,85.08071899414062
2010-01-07,85.43982696533203
2010-01-08,85.72415924072266
2010-01-11,85.8438720703125
2010-01-12,85.04326629638672
2010-01-13,85.76156616210938
2010-01-14,85.99352264404297
2010-01-15,85.0283203125
2010-01-19,86.0907974243164
2010-01-20,85.21538543701172
2010-01-21,83.57675170898438
2010-01-22,81.71371459960938
2010-01-25,82.13268280029297
2010-01-26,81.78851318359375
2010-01-27,82.17760467529297
2010-01-28,81.23485565185547
2010-01-29,80.35192108154297
2010-02-01,81.6014404296875
2010-02-02,82.58910369873047
2010-02-03,82.17760467529297
2010-02-04,79.64111328125
2010-02-05,79.80572509765625
2010-02-08,79.22956085205078
2010-02-09,80.2247085571289
2010-02-10,80.06758117675781
2010-02-11,80.90559387207031
2010-02-12,80.8382568359375
2010-02-16,82.11026763916016
2010-02-17,82.49933624267578
2010-02-18,82.98564147949219
2010-02-19,83.15776062011719
2010-02-22,83.1727066040039
2010-02-23,82.16264343261719
2010-02-24,82.91834259033203
2010-02-25,82.80609130859375
2010-02-26,82.85847473144531
2010-03-01,83.71893310546875
2010-03-02,83.95088195800781
2010-03-03,84.02571868896484
2010-03-04,84.28009796142578
2010-03-05,85.48477935791016
2010-03-08,85.49966430664062
2010-03-09,85.64185333251953
2010-03-10,86.02349090576172
2010-03-11,86.38260650634766
2010-03-12,86.39009094238281
2010-03-15,86.41252136230469
2010-03-16,87.10088348388672
2010-03-17,87.6171875
2010-03-18,87.5722885131836
2010-03-19,87.12905883789062
2010-03-22,87.59481811523438
2010-03-23,88.21090698242188
2010-03-24,87.78264617919922
2010-03-25,87.639892578125
2010-03-26,87.58731842041016
2010-03-29,88.14330291748047
2010-03-30,88.20339965820312
2010-03-31,87.90283966064453
2010-04-01,88.50391387939453
2010-04-05,89.22518157958984
2010-04-06,89.43553161621094
2010-04-07,88.92462921142578
2010-04-08,89.23268127441406
2010-04-09,89.81871032714844
2010-04-12,89.96143341064453
2010-04-13,90.02906799316406
2010-04-14,91.05082702636719
2010-04-15,91.12599182128906
2010-04-16,89.67594909667969
2010-04-19,90.01400756835938
2010-04-20,90.81795501708984
2010-04-21,90.65266418457031
2010-04-22,90.92308807373047
2010-04-23,91.51666259765625
2010-04-26,91.17105102539062
2010-04-27,89.0147933959961
2010-04-28,89.69095611572266
2010-04-29,90.80291748046875
2010-04-30,89.2627182006836
2010-05-03,90.41973114013672
2010-05-04,88.29354858398438
2010-05-05,87.76764678955078
2010-05-06,84.85254669189453
2010-05-07,83.59033966064453
2010-05-10,87.27176666259766
2010-05-11,87.02381896972656
2010-05-12,88.2409439086914
2010-05-13,87.14403533935547
2010-05-14,85.5663070678711
2010-05-17,85.61138153076172
2010-05-18,84.44685363769531
2010-05-19,83.96602630615234
2010-05-20,80.79552459716797
2010-05-21,81.97505187988281
2010-05-24,80.92323303222656
2010-05-25,81.00585174560547
2010-05-26,80.51750946044922
2010-05-27,83.2146987915039
2010-05-28,82.17037963867188
2010-06-01,80.7879638671875
2010-06-02,82.89167022705078
2010-06-03,83.17717742919922
2010-06-04,80.25456237792969
2010-06-07,79.25534057617188
2010-06-08,80.10430908203125
2010-06-09,79.67605590820312
2010-06-10,82.00511169433594
2010-06-11,82.4033203125
2010-06-14,82.27557373046875
2010-06-15,84.14634704589844
2010-06-16,84.11628723144531
2010-06-17,84.25151062011719
2010-06-18,84.34286499023438
2010-06-21,84.10130310058594
2010-06-22,82.71229553222656
2010-06-23,82.4556655883789
2010-06-24,81.08930969238281
2010-06-25,81.42902374267578
2010-06-28,81.1723403930664
2010-06-29,78.66614532470703
2010-06-30,77.91880798339844
2010-07-01,77.57157897949219
2010-07-02,77.14884948730469
2010-07-06,77.65459442138672
2010-07-07,80.10043334960938
2010-07-08,80.89303588867188
2010-07-09,81.49695587158203
2010-07-12,81.54979705810547
2010-07-13,82.7802734375
2010-07-14,82.77271270751953
2010-07-15,82.7953872680664
2010-07-16,80.51561737060547
2010-07-19,80.99116516113281
2010-07-20,81.88947296142578
2010-07-21,80.82511138916016
2010-07-22,82.62926483154297
2010-07-23,83.34642028808594
2010-07-26,84.2145004272461
2010-07-27,84.20697021484375
2010-07-28,83.6634521484375
2010-07-29,83.25585174560547
2010-07-30,83.24073791503906
2010-08-02,85.12039947509766
2010-08-03,84.71273040771484
2010-08-04,85.27891540527344
2010-08-05,85.18830871582031
2010-08-06,84.84107971191406
2010-08-09,85.29399871826172
2010-08-10,84.83354187011719
2010-08-11,82.50849151611328
2010-08-12,82.00273132324219
2010-08-13,81.76116943359375
2010-08-16,81.72344207763672
2010-08-17,82.72740936279297
2010-08-18,82.87838745117188
2010-08-19,81.43655395507812
2010-08-20,81.1723403930664
2010-08-23,80.86285400390625
2010-08-24,79.6625747680664
2010-08-25,79.97209167480469
2010-08-26,79.43612670898438
2010-08-27,80.66657257080078
2010-08-30,79.49651336669922
2010-08-31,79.49651336669922
2010-09-01,81.8743896484375
2010-09-02,82.63683319091797
2010-09-03,83.70877838134766
2010-09-07,82.76517486572266
2010-09-08,83.34642028808594
2010-09-09,83.73139190673828
2010-09-10,84.15413665771484
2010-09-13,85.0901870727539
2010-09-14,85.037353515625
2010-09-15,85.36195373535156
2010-09-16,85.33929443359375
2010-09-17,85.37116241455078
2010-09-20,86.676513671875
2010-09-21,86.50196838378906
2010-09-22,86.07697296142578
2010-09-23,85.3787612915039
2010-09-24,87.13946533203125
2010-09-27,86.72205352783203
2010-09-28,87.025634765625
2010-09-29,86.87386322021484
2010-09-30,86.61582946777344
2010-10-01,86.9801025390625
2010-10-04,86.32742309570312
2010-10-05,88.06533813476562
2010-10-06,88.05777740478516
2010-10-07,87.95152282714844
2010-10-08,88.44483184814453
2010-10-11,88.52831268310547
2010-10-12,88.80150604248047
2010-10-13,89.49211120605469
2010-10-14,89.14305114746094
2010-10-15,89.32513427734375
2010-10-18,89.76531219482422
2010-10-19,88.5890121459961
2010-10-20,89.45418548583984
2010-10-21,89.6514892578125
2010-10-22,89.81846618652344
2010-10-25,90.08409881591797
2010-10-26,90.0992660522461
2010-10-27,89.84122467041016
2010-10-28,89.85639190673828
2010-10-29,89.92471313476562
2010-11-01,89.9550552368164
2010-11-02,90.66846466064453
2010-11-03,91.03272247314453
2010-11-04,92.78584289550781
2010-11-05,93.13497924804688
2010-11-08,92.96038055419922
2010-11-09,92.29256439208984
2010-11-10,92.6644287109375
2010-11-11,92.3153076171875
2010-11-12,91.22246551513672
2010-11-15,91.09344482421875
2010-11-16,89.67425537109375
2010-11-17,89.71979522705078
2010-11-18,91.04032897949219
2010-11-19,91.290771484375
2010-11-22,91.2148666381836
2010-11-23,89.89434814453125
2010-11-24,91.22246551513672
2010-11-26,90.16000366210938
2010-11-29,90.43317413330078
2010-11-30,89.92471313476562
2010-12-01,91.83720397949219
2010-12-02,93.01350402832031
2010-12-03,93.26395416259766
2010-12-06,93.16532135009766
2010-12-07,93.21845245361328
2010-12-08,93.5599594116211
2010-12-09,93.92424011230469
2010-12-10,94.47066497802734
2010-12-13,94.5313720703125
2010-12-14,94.61483764648438
2010-12-15,94.18224334716797
2010-12-16,94.72870635986328
2010-12-17,94.83018493652344
2010-12-20,95.05901336669922
2010-12-21,95.66169738769531
2010-12-22,95.95928192138672
2010-12-23,95.82192993164062
2010-12-27,95.86009979248047
2010-12-28,95.9974365234375
2010-12-29,96.0660400390625
2010-12-30,95.9134750366211
2010-12-31,95.93637084960938
2011-01-03,96.9281997680664
2011-01-04,96.87476348876953
2011-01-05,97.3782730102539
2011-01-06,97.18756866455078
2011-01-07,96.99683380126953
2011-01-10,96.87476348876953
2011-01-11,97.21807098388672
2011-01-12,98.0954360961914
2011-01-13,97.93522644042969
2011-01-14,98.64476013183594
2011-01-18,98.81260681152344
2011-01-19,97.8436508178711
2011-01-20,97.71398162841797
2011-01-21,97.93522644042969
2011-01-24,98.4921646118164
2011-01-25,98.54553985595703
2011-01-26,98.9269790649414
2011-01-27,99.17113494873047
2011-01-28,97.43932342529297
2011-01-31,98.1717300415039
2011-02-01,99.74331665039062
2011-02-02,99.55260467529297
2011-02-03,99.77381896972656
2011-02-04,100.05612182617188
2011-02-07,100.68170928955078
2011-02-08,101.13945770263672
2011-02-09,100.91059112548828
2011-02-10,100.94872283935547
2011-02-11,101.55142974853516
2011-02-14,101.79557800292969
2011-02-15,101.47515106201172
2011-02-16,102.11600494384766
2011-02-17,102.42113494873047
2011-02-18,102.63475799560547
2011-02-22,100.5749282836914
2011-02-23,99.95697021484375
2011-02-24,99.88826751708984
2011-02-25,100.95634460449219
2011-02-28,101.58197021484375
2011-03-01,99.88826751708984
2011-03-02,100.10189056396484
2011-03-03,101.82608795166016
2011-03-04,101.06314849853516
2011-03-07,100.26974487304688
2011-03-08,101.1470947265625
2011-03-09,101.00211334228516
2011-03-10,99.13299560546875
2011-03-11,99.81959533691406
2011-03-14,99.21691131591797
2011-03-15,98.0801773071289
2011-03-16,96.26445007324219
2011-03-17,97.53849029541016
2011-03-18,97.8932876586914
2011-03-21,99.410400390625
2011-03-22,99.06559753417969
2011-03-23,99.34907531738281
2011-03-24,100.2991943359375
2011-03-25,100.60572052001953
2011-03-28,100.36050415039062
2011-03-29,101.03479766845703
2011-03-30,101.73204803466797
2011-03-31,101.59412384033203
2011-04-01,102.02326202392578
2011-04-04,102.10751342773438
2011-04-05,102.09221649169922
2011-04-06,102.4140396118164
2011-04-07,102.15348815917969
2011-04-08,101.8010025024414
2011-04-11,101.4945297241211
2011-04-12,100.73594665527344
2011-04-13,100.72833251953125
2011-04-14,100.80492401123047
2011-04-15,101.17271423339844
2011-04-18,100.03868865966797
2011-04-19,100.6133804321289
2011-04-20,101.98489379882812
2011-04-21,102.50596618652344
2011-04-25,102.39867401123047
2011-04-26,103.27984619140625
2011-04-27,103.95415496826172
2011-04-28,104.29125213623047
2011-04-29,104.53646087646484
2011-05-02,104.37554168701172
2011-05-03,104.0000991821289
2011-05-04,103.31046295166016
2011-05-05,102.37568664550781
2011-05-06,102.8277816772461
2011-05-09,103.22618865966797
2011-05-10,104.10736083984375
2011-05-11,103.01164245605469
2011-05-12,103.50204467773438
2011-05-13,102.70516967773438
2011-05-16,102.05388641357422
2011-05-17,102.03854370117188
2011-05-18,102.95037841796875
2011-05-19,103.195556640625
2011-05-20,102.37568664550781
2011-05-23,101.18804931640625
2011-05-24,101.10372161865234
2011-05-25,101.44088745117188
2011-05-26,101.90828704833984
2011-05-27,102.29908752441406
2011-05-31,103.3641357421875
2011-06-01,101.04247283935547
2011-06-02,100.9351806640625
2011-06-03,99.9314193725586
2011-06-06,98.8740234375
2011-06-07,98.81275177001953
2011-06-08,98.39895629882812
2011-06-09,99.14989471435547
2011-06-10,97.77069091796875
2011-06-13,97.8472671508789
2011-06-14,99.08858489990234
2011-06-15,97.32624816894531
2011-06-16,97.5407943725586
2011-06-17,97.8318862915039
2011-06-20,98.33236694335938
2011-06-21,99.679931640625
2011-06-22,99.07928466796875
2011-06-23,98.79439544677734
2011-06-24,97.6470718383789
2011-06-27,98.51718139648438
2011-06-28,99.80311584472656
2011-06-29,100.65786743164062
2011-06-30,101.62039184570312
2011-07-01,103.1219482421875
2011-07-05,103.03726196289062
2011-07-06,103.1604232788086
2011-07-07,104.23078155517578
2011-07-08,103.49156188964844
2011-07-11,101.62039184570312
2011-07-12,101.18148803710938
2011-07-13,101.5202865600586
2011-07-14,100.81954956054688
2011-07-15,101.4048080444336
2011-07-18,100.57316589355469
2011-07-19,102.2055892944336
2011-07-20,102.14402770996094
2011-07-21,103.56084442138672
2011-07-22,103.63018798828125
2011-07-25,103.05266571044922
2011-07-26,102.6676254272461
2011-07-27,100.56547546386719
2011-07-28,100.27285766601562
2011-07-29,99.5875473022461
2011-08-01,99.16400909423828
2011-08-02,96.6306381225586
2011-08-03,97.15425109863281
2011-08-04,92.60337829589844
2011-08-05,92.46478271484375
2011-08-08,86.44319915771484
2011-08-09,90.46272277832031
2011-08-10,86.46627044677734
2011-08-11,90.34720611572266
2011-08-12,90.95552825927734
2011-08-15,92.880615234375
2011-08-16,92.08748626708984
2011-08-17,92.14908599853516
2011-08-18,88.17572021484375
2011-08-19,86.73576354980469
2011-08-22,86.8050765991211
2011-08-23,89.66189575195312
2011-08-24,90.92474365234375
2011-08-25,89.5386962890625
2011-08-26,90.84003448486328
2011-08-29,93.4504165649414
2011-08-30,93.69683074951172
2011-08-31,94.1126480102539
2011-09-01,93.12700653076172
2011-09-02,90.74759674072266
2011-09-06,90.08541107177734
2011-09-07,92.62650299072266
2011-09-08,91.66399383544922
2011-09-09,89.26148223876953
2011-09-12,89.83899688720703
2011-09-13,90.6629409790039
2011-09-14,91.91809844970703
2011-09-15,93.50432586669922
2011-09-16,94.05772399902344
2011-09-19,93.12120056152344
2011-09-20,93.0128173828125
2011-09-21,90.2728271484375
2011-09-22,87.35481262207031
2011-09-23,87.88113403320312
2011-09-26,89.97096252441406
2011-09-27,90.97715759277344
2011-09-28,89.11953735351562
2011-09-29,89.82389831542969
2011-09-30,87.57928466796875
2011-10-03,85.08695983886719
2011-10-04,86.95231628417969
2011-10-05,88.56224822998047
2011-10-06,90.16446685791016
2011-10-07,89.56074523925781
2011-10-10,92.55614471435547
2011-10-11,92.64904022216797
2011-10-12,93.46175384521484
2011-10-13,93.27599334716797
2011-10-14,94.87044525146484
2011-10-17,93.05928802490234
2011-10-18,94.87818145751953
2011-10-19,93.75586700439453
2011-10-20,94.16612243652344
2011-10-21,95.9540786743164
2011-10-24,97.13058471679688
2011-10-25,95.24198913574219
2011-10-26,96.20948791503906
2011-10-27,99.56094360351562
2011-10-28,99.5377426147461
2011-10-31,97.1382827758789
2011-11-01,94.42929077148438
2011-11-02,95.96953582763672
2011-11-03,97.71883392333984
2011-11-04,97.12281799316406
2011-11-07,97.72655487060547
2011-11-08,98.9804458618164
2011-11-09,95.32711029052734
2011-11-10,96.2249984741211
2011-11-11,98.03616333007812
2011-11-14,97.10733795166016
2011-11-15,97.58720397949219
2011-11-16,96.03919982910156
2011-11-17,94.5143814086914
2011-11-18,94.41376495361328
2011-11-21,92.61808013916016
2011-11-22,92.25431060791016
2011-11-23,90.21863555908203
2011-11-25,90.0483627319336
2011-11-28,92.65676879882812
2011-11-29,92.91996002197266
2011-11-30,96.74353790283203
2011-12-01,96.72806549072266
2011-12-02,96.64291381835938
2011-12-05,97.69559478759766
2011-12-06,97.72655487060547
2011-12-07,98.09036254882812
2011-12-08,95.9385757446289
2011-12-09,97.56401824951172
2011-12-12,96.13983917236328
2011-12-13,95.24198913574219
2011-12-14,94.22799682617188
2011-12-15,94.56858825683594
2011-12-16,94.70879364013672
2011-12-19,93.69620513916016
2011-12-20,96.53143310546875
2011-12-21,96.71837615966797
2011-12-22,97.5752182006836
2011-12-23,98.4476089477539
2011-12-27,98.5255126953125
2011-12-28,97.23249053955078
2011-12-29,98.2372817993164
2011-12-30,97.75435638427734
2012-01-03,99.31219482421875
2012-01-04,99.46797180175781
2012-01-05,99.7328109741211
2012-01-06,99.47575378417969
2012-01-09,99.71725463867188
2012-01-10,100.58183288574219
2012-01-11,100.63636016845703
2012-01-12,100.8778305053711
2012-01-13,100.35596466064453
2012-01-17,100.7453842163086
2012-01-18,101.85924530029297
2012-01-19,102.39674377441406
2012-01-20,102.77836608886719
2012-01-23,102.5135498046875
2012-01-24,102.39674377441406
2012-01-25,103.25350189208984
2012-01-26,102.72386169433594
2012-01-27,102.67713165283203
2012-01-30,102.32662963867188
2012-01-31,102.2876968383789
2012-02-01,103.18344116210938
2012-02-02,103.34696960449219
2012-02-03,104.79579162597656
2012-02-06,104.72569274902344
2012-02-07,104.99055480957031
2012-02-08,105.30207824707031
2012-02-09,105.43451690673828
2012-02-10,104.65560150146484
2012-02-13,105.43451690673828
2012-02-14,105.30207824707031
2012-02-15,104.81135559082031
2012-02-16,105.97195434570312
2012-02-17,106.25241088867188
2012-02-21,106.2990951538086
2012-02-22,105.95638275146484
2012-02-23,106.4237289428711
2012-02-24,106.65739440917969
2012-02-27,106.83658599853516
2012-02-28,107.1481704711914
2012-02-29,106.72754669189453
2012-03-01,107.28056335449219
2012-03-02,106.953369140625
2012-03-05,106.51721954345703
2012-03-06,104.95935821533203
2012-03-07,105.69154357910156
2012-03-08,106.74311828613281
2012-03-09,107.15592193603516
2012-03-12,107.16372680664062
2012-03-13,109.095458984375
2012-03-14,108.97859954833984
2012-03-15,109.6095199584961
2012-03-16,109.76129913330078
2012-03-19,110.19156646728516
2012-03-20,109.87081146240234
2012-03-21,109.69091796875
2012-03-22,108.90069580078125
2012-03-23,109.25279235839844
2012-03-26,110.78612518310547
2012-03-27,110.44194793701172
2012-03-28,109.8943099975586
2012-03-29,109.70655822753906
2012-03-30,110.16028594970703
2012-04-02,110.966064453125
2012-04-03,110.51231384277344
2012-04-04,109.41706848144531
2012-04-05,109.3622817993164
2012-04-09,108.134033203125
2012-04-10,106.31902313232422
2012-04-11,107.17964172363281
2012-04-12,108.5799331665039
2012-04-13,107.28910827636719
2012-04-16,107.21869659423828
2012-04-17,108.80683898925781
2012-04-18,108.43914794921875
2012-04-19,107.74287414550781
2012-04-20,107.9228286743164
2012-04-23,107.0152816772461
2012-04-24,107.42207336425781
2012-04-25,108.89287567138672
2012-04-26,109.65174865722656
2012-04-27,109.83169555664062
2012-04-30,109.42488861083984
2012-05-01,110.10553741455078
2012-05-02,109.77690124511719
2012-05-03,108.93984985351562
2012-05-04,107.17964172363281
2012-05-07,107.25782012939453
2012-05-08,106.82754516601562
2012-05-09,106.19386291503906
2012-05-10,106.41291046142578
2012-05-11,106.09219360351562
2012-05-14,104.91862487792969
2012-05-15,104.3162612915039
2012-05-16,103.91722869873047
2012-05-17,102.37609100341797
2012-05-18,101.4998779296875
2012-05-21,103.24446105957031
2012-05-22,103.42439270019531
2012-05-23,103.47915649414062
2012-05-24,103.68258666992188
2012-05-25,103.34620666503906
2012-05-29,104.59786224365234
2012-05-30,103.08016967773438
2012-05-31,102.85328674316406
2012-06-01,100.26375579833984
2012-06-04,100.21682739257812
2012-06-05,100.97573852539062
2012-06-06,103.24446105957031
2012-06-07,103.30703735351562
2012-06-08,104.12849426269531
2012-06-11,102.80633544921875
2012-06-12,103.9876937866211
2012-06-13,103.32273864746094
2012-06-14,104.41796112060547
2012-06-15,105.4858627319336
2012-06-18,105.6903305053711
2012-06-19,106.71261596679688
2012-06-20,106.53960418701172
2012-06-21,104.1490249633789
2012-06-22,104.95112609863281
2012-06-25,103.26827239990234
2012-06-26,103.78726959228516
2012-06-27,104.72309112548828
2012-06-28,104.42427062988281
2012-06-29,107.02719116210938
2012-07-02,107.34960174560547
2012-07-03,108.05733489990234
2012-07-05,107.56977844238281
2012-07-06,106.54747772216797
2012-07-09,106.41381072998047
2012-07-10,105.4858627319336
2012-07-11,105.50159454345703
2012-07-12,104.99042510986328
2012-07-13,106.75196075439453
2012-07-16,106.50031280517578
2012-07-17,107.23165130615234
2012-07-18,108.02589416503906
2012-07-19,108.30899047851562
2012-07-20,107.31812286376953
2012-07-23,106.23294830322266
2012-07-24,105.32074737548828
2012-07-25,105.34430694580078
2012-07-26,107.0822525024414
2012-07-27,109.05606842041016
2012-07-30,109.05606842041016
2012-07-31,108.29325103759766
2012-08-01,108.19890594482422
2012-08-02,107.45184326171875
2012-08-03,109.58293151855469
2012-08-06,109.79529571533203
2012-08-07,110.34569549560547
2012-08-08,110.47943878173828
2012-08-09,110.57377624511719
2012-08-10,110.754638671875
2012-08-13,110.69959259033203
2012-08-14,110.71533966064453
2012-08-15,110.84119415283203
2012-08-16,111.65898895263672
2012-08-17,111.80841064453125
2012-08-20,111.81626892089844
2012-08-21,111.47811126708984
2012-08-22,111.52532958984375
2012-08-23,110.61315155029297
2012-08-24,111.28154754638672
2012-08-27,111.30511474609375
2012-08-28,111.19505310058594
2012-08-29,111.28154754638672
2012-08-30,110.47943878173828
2012-08-31,111.0063247680664
2012-09-04,110.90406036376953
2012-09-05,110.80970001220703
2012-09-06,113.05876922607422
2012-09-07,113.49913024902344
2012-09-10,112.85435485839844
2012-09-11,113.16889953613281
2012-09-12,113.54633331298828
2012-09-13,115.27637481689453
2012-09-14,115.78755187988281
2012-09-17,115.39434051513672
2012-09-18,115.2999496459961
2012-09-19,115.36289978027344
2012-09-20,115.37073516845703
2012-09-21,115.32252502441406
2012-09-24,115.14857482910156
2012-09-25,113.92315673828125
2012-09-26,113.28284454345703
2012-09-27,114.35013580322266
2012-09-28,113.82040405273438
2012-10-01,114.12083435058594
2012-10-02,114.23944091796875
2012-10-03,114.70582580566406
2012-10-04,115.52806091308594
2012-10-05,115.53600311279297
2012-10-08,115.14068603515625
2012-10-09,114.00225830078125
2012-10-10,113.27493286132812
2012-10-11,113.3381576538086
2012-10-12,112.96660614013672
2012-10-15,113.90736389160156
2012-10-16,115.06165313720703
2012-10-17,115.58342742919922
2012-10-18,115.2829818725586
2012-10-19,113.36186981201172
2012-10-22,113.3777084350586
2012-10-23,111.80445861816406
2012-10-24,111.48818969726562
2012-10-25,111.81233978271484
2012-10-26,111.74908447265625
2012-10-31,111.74908447265625
2012-11-01,112.91914367675781
2012-11-02,111.91511535644531
2012-11-05,112.1444091796875
2012-11-06,113.02191162109375
2012-11-07,110.4604721069336
2012-11-08,109.13224029541016
2012-11-09,109.22710418701172
2012-11-12,109.3140869140625
2012-11-13,108.9345474243164
2012-11-14,107.46411895751953
2012-11-15,107.28229522705078
2012-11-16,107.81198120117188
2012-11-19,109.99401092529297
2012-11-20,110.04144287109375
2012-11-21,110.24697875976562
2012-11-23,111.74908447265625
2012-11-26,111.51193237304688
2012-11-27,110.94271087646484
2012-11-28,111.83604431152344
2012-11-29,112.35782623291016
2012-11-30,112.38156127929688
2012-12-03,111.82813262939453
2012-12-04,111.67002868652344
2012-12-05,111.86762237548828
2012-12-06,112.24711608886719
2012-12-07,112.58710479736328
2012-12-10,112.63457489013672
2012-12-11,113.40142059326172
2012-12-12,113.45672607421875
2012-12-13,112.7610092163086
2012-12-14,112.3420181274414
2012-12-17,113.66227722167969
2012-12-18,114.92724609375
2012-12-19,114.07343292236328
2012-12-20,114.72956085205078
2012-12-21,113.68816375732422
2012-12-24,113.3378677368164
2012-12-26,112.86015319824219
2012-12-27,112.70885467529297
2012-12-28,111.49066162109375
2012-12-31,113.38563537597656
2013-01-02,116.29173278808594
2013-01-03,116.02899932861328
2013-01-04,116.53851318359375
2013-01-07,116.22004699707031
2013-01-08,115.88565826416016
2013-01-09,116.18025970458984
2013-01-10,117.10382843017578
2013-01-11,117.09588623046875
2013-01-14,117.01625061035156
2013-01-15,117.09588623046875
2013-01-16,117.0799560546875
2013-01-17,117.83633422851562
2013-01-18,118.09909057617188
2013-01-22,118.7359848022461
2013-01-23,118.9271011352539
2013-01-24,118.95894622802734
2013-01-25,119.62776947021484
2013-01-28,119.4844741821289
2013-01-29,119.95418548583984
2013-01-30,119.4844741821289
2013-01-31,119.18982696533203
2013-02-01,120.41602325439453
2013-02-04,119.0625
2013-02-05,120.26470184326172
2013-02-06,120.35230255126953
2013-02-07,120.1930923461914
2013-02-08,120.8618392944336
2013-02-11,120.83794403076172
2013-02-12,121.03701782226562
2013-02-13,121.14054870605469
2013-02-14,121.2519760131836
2013-02-15,121.10865783691406
2013-02-19,122.01634979248047
2013-02-20,120.49563598632812
2013-02-21,119.76310729980469
2013-02-22,120.93350982666016
2013-02-25,118.63252258300781
2013-02-26,119.44464874267578
2013-02-27,120.94947052001953
2013-02-28,120.7105712890625
2013-03-01,121.10865783691406
2013-03-04,121.7536392211914
2013-03-05,122.84437561035156
2013-03-06,123.01158142089844
2013-03-07,123.23452758789062
2013-03-08,123.76004028320312
2013-03-11,124.22974395751953
2013-03-12,123.95108032226562
2013-03-13,124.12621307373047
2013-03-14,124.78701782226562
2013-03-15,124.62236022949219
2013-03-18,123.93455505371094
2013-03-19,123.64669036865234
2013-03-20,124.51039123535156
2013-03-21,123.44669342041016
2013-03-22,124.43840789794922
2013-03-25,123.91857147216797
2013-03-26,124.91033935546875
2013-03-27,124.91033935546875
2013-03-28,125.29412078857422
2013-04-01,124.79823303222656
2013-04-02,125.41401672363281
2013-04-03,124.14250183105469
2013-04-04,124.64630889892578
2013-04-05,124.08653259277344
2013-04-08,124.92623901367188
2013-04-09,125.35808563232422
2013-04-10,126.89352416992188
2013-04-11,127.30941009521484
2013-04-12,126.9975814819336
2013-04-15,124.0545425415039
2013-04-16,125.88590240478516
2013-04-17,124.0465316772461
2013-04-18,123.2707748413086
2013-04-19,124.34242248535156
2013-04-22,124.89422607421875
2013-04-23,126.18183135986328
2013-04-24,126.2617416381836
2013-04-25,126.77361297607422
2013-04-26,126.54965209960938
2013-04-29,127.39735412597656
2013-04-30,127.70127868652344
2013-05-01,126.58170318603516
2013-05-02,127.75727844238281
2013-05-03,129.0529022216797
2013-05-06,129.38067626953125
2013-05-07,130.03652954101562
2013-05-08,130.62832641601562
2013-05-09,130.2604522705078
2013-05-10,130.6842803955078
2013-05-13,130.7882537841797
2013-05-14,132.13978576660156
2013-05-15,132.85153198242188
2013-05-16,132.22775268554688
2013-05-17,133.50738525390625
2013-05-20,133.49937438964844
2013-05-21,133.6913299560547
2013-05-22,132.69964599609375
2013-05-23,132.3157501220703
2013-05-24,132.20379638671875
2013-05-28,132.9955291748047
2013-05-29,132.13182067871094
2013-05-30,132.6196746826172
2013-05-31,130.71629333496094
2013-06-03,131.43606567382812
2013-06-04,130.8042449951172
2013-06-05,128.9728546142578
2013-06-06,130.1405487060547
2013-06-07,131.79595947265625
2013-06-10,131.79595947265625
2013-06-11,130.4364013671875
2013-06-12,129.3567352294922
2013-06-13,131.32412719726562
2013-06-14,130.50038146972656
2013-06-17,131.50802612304688
2013-06-18,132.54766845703125
2013-06-19,130.71629333496094
2013-06-20,127.47736358642578
2013-06-21,127.88664245605469
2013-06-24,126.27066802978516
2013-06-25,127.48464965820312
2013-06-26,128.74684143066406
2013-06-27,129.5025634765625
2013-06-28,128.97193908691406
2013-07-01,129.7276611328125
2013-07-02,129.6071014404297
2013-07-03,129.66336059570312
2013-07-05,131.06227111816406
2013-07-08,131.80999755859375
2013-07-09,132.7585906982422
2013-07-10,132.80691528320312
2013-07-11,134.61582946777344
2013-07-12,134.67205810546875
2013-07-15,135.1865997314453
2013-07-16,134.68011474609375
2013-07-17,135.0258026123047
2013-07-18,135.7654571533203
2013-07-19,136.00657653808594
2013-07-22,136.27191162109375
2013-07-23,135.98251342773438
2013-07-24,135.4840545654297
2013-07-25,135.81365966796875
2013-07-26,135.95840454101562
2013-07-29,135.54031372070312
2013-07-30,135.54031372070312
2013-07-31,135.6367950439453
2013-08-01,137.20452880859375
2013-08-02,137.4376983642578
2013-08-05,137.23667907714844
2013-08-06,136.4569091796875
2013-08-07,136.0146942138672
2013-08-08,136.5131378173828
2013-08-09,136.11917114257812
2013-08-12,135.95840454101562
2013-08-13,136.3603973388672
2013-08-14,135.66094970703125
2013-08-15,133.76356506347656
2013-08-16,133.3214111328125
2013-08-19,132.46917724609375
2013-08-20,133.1204376220703
2013-08-21,132.3003692626953
2013-08-22,133.5062713623047
2013-08-23,133.95654296875
2013-08-26,133.45806884765625
2013-08-27,131.31146240234375
2013-08-28,131.7777862548828
2013-08-29,131.98684692382812
2013-08-30,131.56878662109375
2013-09-03,132.1636505126953
2013-09-04,133.25711059570312
2013-09-05,133.42593383789062
2013-09-06,133.49021911621094
2013-09-09,134.76853942871094
2013-09-10,135.7654571533203
2013-09-11,136.1915740966797
2013-09-12,135.82980346679688
2013-09-13,136.13528442382812
2013-09-16,136.9231414794922
2013-09-17,137.5341339111328
2013-09-18,139.12599182128906
2013-09-19,138.89288330078125
2013-09-20,137.9217987060547
2013-09-23,137.28353881835938
2013-09-24,136.9603729248047
2013-09-25,136.56451416015625
2013-09-26,137.0896453857422
2013-09-27,136.4595184326172
2013-09-30,135.73243713378906
2013-10-01,136.8069305419922
2013-10-02,136.6776580810547
2013-10-03,135.41734313964844
2013-10-04,136.443359375
2013-10-07,135.2638702392578
2013-10-08,133.68849182128906
2013-10-09,133.78536987304688
2013-10-10,136.66952514648438
2013-10-11,137.55020141601562
2013-10-14,138.09951782226562
2013-10-15,137.09774780273438
2013-10-16,139.01243591308594
2013-10-17,139.9415283203125
2013-10-18,140.88674926757812
2013-10-21,140.8948211669922
2013-10-22,141.71080017089844
2013-10-23,141.03216552734375
2013-10-24,141.50074768066406
2013-10-25,142.14703369140625
2013-10-28,142.37322998046875
2013-10-29,143.1326446533203
2013-10-30,142.4217071533203
2013-10-31,142.0177764892578
2013-11-01,142.35707092285156
2013-11-04,142.8579559326172
2013-11-05,142.405517578125
2013-11-06,143.1326446533203
2013-11-07,141.32296752929688
2013-11-08,143.2295684814453
2013-11-11,143.25389099121094
2013-11-12,142.9630126953125
2013-11-13,144.11024475097656
2013-11-14,144.82919311523438
2013-11-15,145.4593048095703
2013-11-18,144.95033264160156
2013-11-19,144.63531494140625
2013-11-20,144.1829376220703
2013-11-21,145.34625244140625
2013-11-22,146.07333374023438
2013-11-25,145.9279327392578
2013-11-26,145.96826171875
2013-11-27,146.3238067626953
2013-11-29,146.22677612304688
2013-12-02,145.8471221923828
2013-12-03,145.2169952392578
2013-12-04,145.20083618164062
2013-12-05,144.56260681152344
2013-12-06,146.1783905029297
2013-12-09,146.54994201660156
2013-12-10,146.02490234375
2013-12-11,144.38482666015625
2013-12-12,143.90821838378906
2013-12-13,143.8920440673828
2013-12-16,144.78878784179688
2013-12-17,144.32830810546875
2013-12-18,146.79232788085938
2013-12-19,146.62274169921875
2013-12-20,147.47557067871094
2013-12-23,148.26344299316406
2013-12-24,148.58840942382812
2013-12-26,149.3437957763672
2013-12-27,149.33567810058594
2013-12-30,149.31134033203125
2013-12-31,150.01795959472656
2014-01-02,148.5802764892578
2014-01-03,148.55593872070312
2014-01-06,148.12535095214844
2014-01-07,149.03514099121094
2014-01-08,149.067626953125
2014-01-09,149.16510009765625
2014-01-10,149.5712432861328
2014-01-13,147.58120727539062
2014-01-14,149.1894989013672
2014-01-15,149.9936065673828
2014-01-16,149.79867553710938
2014-01-17,149.16510009765625
2014-01-21,149.60372924804688
2014-01-22,149.70123291015625
2014-01-23,148.4746856689453
2014-01-24,145.30685424804688
2014-01-27,144.59201049804688
2014-01-28,145.45303344726562
2014-01-29,144.0558624267578
2014-01-30,145.58299255371094
2014-01-31,144.7301025390625
2014-02-03,141.47288513183594
2014-02-04,142.46389770507812
2014-02-05,142.28518676757812
2014-02-06,144.1614990234375
2014-02-07,145.94850158691406
2014-02-10,146.216552734375
2014-02-11,147.81666564941406
2014-02-12,147.8898468017578
2014-02-13,148.65338134765625
2014-02-14,149.4737548828125
2014-02-18,149.65245056152344
2014-02-19,148.6614990234375
2014-02-20,149.53875732421875
2014-02-21,149.36819458007812
2014-02-24,150.19667053222656
2014-02-25,150.1398468017578
2014-02-26,150.14793395996094
2014-02-27,150.93580627441406
2014-02-28,151.31764221191406
2014-03-03,150.25350952148438
2014-03-04,152.36546325683594
2014-03-05,152.50352478027344
2014-03-06,152.8528289794922
2014-03-07,152.9177703857422
2014-03-10,152.83657836914062
2014-03-11,152.08111572265625
2014-03-12,152.12176513671875
2014-03-13,150.416015625
2014-03-14,149.9936065673828
2014-03-17,151.35012817382812
2014-03-18,152.430419921875
2014-03-19,151.61822509765625
2014-03-20,152.50352478027344
2014-03-21,151.91207885742188
2014-03-24,151.28378295898438
2014-03-25,152.00181579589844
2014-03-26,150.90855407714844
2014-03-27,150.5903778076172
2014-03-28,151.33282470703125
2014-03-31,152.57284545898438
2014-04-01,153.58453369140625
2014-04-02,154.09852600097656
2014-04-03,153.89450073242188
2014-04-04,152.0752410888672
2014-04-07,150.39453125
2014-04-08,151.0145721435547
2014-04-09,152.63818359375
2014-04-10,149.4318084716797
2014-04-11,148.0856170654297
2014-04-14,149.2523956298828
2014-04-15,150.2803192138672
2014-04-16,151.85491943359375
2014-04-17,152.06698608398438
2014-04-21,152.5973358154297
2014-04-22,153.2908477783203
2014-04-23,152.9318084716797
2014-04-24,153.2418212890625
2014-04-25,151.9854736328125
2014-04-28,152.46681213378906
2014-04-29,153.17660522460938
2014-04-30,153.63351440429688
2014-05-01,153.64984130859375
2014-05-02,153.42953491210938
2014-05-05,153.72328186035156
2014-05-06,152.38522338867188
2014-05-07,153.28268432617188
2014-05-08,153.11949157714844
2014-05-09,153.34796142578125
2014-05-12,154.8409423828125
2014-05-13,154.97958374023438
2014-05-14,154.2453155517578
2014-05-15,152.8910675048828
2014-05-16,153.42137145996094
2014-05-19,153.98428344726562
2014-05-20,153.0134735107422
2014-05-21,154.30245971679688
2014-05-22,154.67774963378906
2014-05-23,155.2977752685547
2014-05-27,156.25241088867188
2014-05-28,156.13816833496094
2014-05-29,156.94581604003906
2014-05-30,157.19876098632812
2014-06-02,157.3782196044922
2014-06-03,157.29669189453125
2014-06-04,157.61488342285156
2014-06-05,158.642822265625
2014-06-06,159.40155029296875
2014-06-09,159.56471252441406
2014-06-10,159.5810089111328
2014-06-11,159.02627563476562
2014-06-12,157.90040588378906
2014-06-13,158.3817596435547
2014-06-16,158.51229858398438
2014-06-17,158.95281982421875
2014-06-18,160.1195068359375
2014-06-19,160.29901123046875
2014-06-20,160.62445068359375
2014-06-23,160.5753173828125
2014-06-24,159.6079864501953
2014-06-25,160.32931518554688
2014-06-26,160.2145538330078
2014-06-27,160.52610778808594
2014-06-30,160.44410705566406
2014-07-01,161.51795959472656
2014-07-02,161.6819610595703
2014-07-03,162.4771270751953
2014-07-07,161.91146850585938
2014-07-08,160.870361328125
2014-07-09,161.59176635742188
2014-07-10,160.9523468017578
2014-07-11,161.17369079589844
2014-07-14,161.98526000976562
2014-07-15,161.6819610595703
2014-07-16,162.2803955078125
2014-07-17,160.43592834472656
2014-07-18,162.0754852294922
2014-07-21,161.77212524414062
2014-07-22,162.4771270751953
2014-07-23,162.83778381347656
2014-07-24,162.84596252441406
2014-07-25,162.08363342285156
2014-07-28,162.149169921875
2014-07-29,161.45236206054688
2014-07-30,161.47695922851562
2014-07-31,158.2881317138672
2014-08-01,157.804443359375
2014-08-04,158.94390869140625
2014-08-05,157.4027557373047
2014-08-06,157.4519805908203
2014-08-07,156.5994415283203
2014-08-08,158.41110229492188
2014-08-11,158.8701629638672
2014-08-12,158.64883422851562
2014-08-13,159.72268676757812
2014-08-14,160.4768829345703
2014-08-15,160.44410705566406
2014-08-18,161.78848266601562
2014-08-19,162.6328125
2014-08-20,163.06736755371094
2014-08-21,163.54278564453125
2014-08-22,163.28871154785156
2014-08-25,164.11672973632812
2014-08-26,164.2232208251953
2014-08-27,164.15760803222656
2014-08-28,164.0674285888672
2014-08-29,164.53468322753906
2014-09-02,164.45269775390625
2014-09-03,164.362548828125
2014-09-04,164.12484741210938
2014-09-05,164.86268615722656
2014-09-08,164.4363250732422
2014-09-09,163.395263671875
2014-09-10,164.0100860595703
2014-09-11,164.1986083984375
2014-09-12,163.239501953125
2014-09-15,163.1165313720703
2014-09-16,164.34616088867188
2014-09-17,164.56756591796875
2014-09-18,165.4447021484375
2014-09-19,165.2955322265625
2014-09-22,164.01902770996094
2014-09-23,163.08010864257812
2014-09-24,164.3567352294922
2014-09-25,161.7046661376953
2014-09-26,162.98951721191406
2014-09-29,162.69300842285156
2014-09-30,162.2648162841797
2014-10-01,160.0657501220703
2014-10-02,160.09048461914062
2014-10-03,161.85293579101562
2014-10-06,161.66354370117188
2014-10-07,159.1680450439453
2014-10-08,161.9517822265625
2014-10-09,158.73980712890625
2014-10-10,156.92784118652344
2014-10-13,154.35006713867188
2014-10-14,154.58888244628906
2014-10-15,153.5428924560547
2014-10-16,153.4110870361328
2014-10-17,155.2230224609375
2014-10-20,156.73016357421875
2014-10-21,159.83517456054688
2014-10-22,158.6986083984375
2014-10-23,160.54342651367188
2014-10-24,161.77883911132812
2014-10-27,161.55650329589844
2014-10-28,163.4095916748047
2014-10-29,163.16253662109375
2014-10-30,164.20848083496094
2014-10-31,166.0862274169922
2014-11-03,166.17686462402344
2014-11-04,165.60031127929688
2014-11-05,166.6463165283203
2014-11-06,167.31346130371094
2014-11-07,167.46990966796875
2014-11-10,167.99696350097656
2014-11-11,168.16168212890625
2014-11-12,167.9805145263672
2014-11-13,168.16995239257812
2014-11-14,168.21115112304688
2014-11-17,168.31817626953125
2014-11-18,169.29000854492188
2014-11-19,169.01828002929688
2014-11-20,169.31472778320312
2014-11-21,170.22071838378906
2014-11-24,170.69839477539062
2014-11-25,170.57484436035156
2014-11-26,171.01133728027344
2014-11-28,170.6489715576172
2014-12-01,169.4629669189453
2014-12-02,170.55833435058594
2014-12-03,171.21726989746094
2014-12-04,171.02783203125
2014-12-05,171.307861328125
2014-12-08,170.16305541992188
2014-12-09,170.04771423339844
2014-12-10,167.32167053222656
2014-12-11,168.16995239257812
2014-12-12,165.4520721435547
2014-12-15,164.31549072265625
2014-12-16,162.99781799316406
2014-12-17,166.1933135986328
2014-12-18,170.30307006835938
2014-12-19,171.02769470214844
2014-12-22,171.81446838378906
2014-12-23,172.04624938964844
2014-12-24,172.0628662109375
2014-12-26,172.6177215576172
2014-12-29,172.84959411621094
2014-12-30,171.92202758789062
2014-12-31,170.21609497070312
2015-01-02,170.12496948242188
2015-01-05,167.05262756347656
2015-01-06,165.47914123535156
2015-01-07,167.5412139892578
2015-01-08,170.5142059326172
2015-01-09,169.14776611328125
2015-01-12,167.82276916503906
2015-01-13,167.35072326660156
2015-01-14,166.3403778076172
2015-01-15,164.81663513183594
2015-01-16,166.97804260253906
2015-01-20,167.33421325683594
2015-01-21,168.17886352539062
2015-01-22,170.6798553466797
2015-01-23,169.74407958984375
2015-01-26,170.14161682128906
2015-01-27,167.89735412597656
2015-01-28,165.744140625
2015-01-29,167.2761993408203
2015-01-30,165.17271423339844
2015-02-02,167.21820068359375
2015-02-03,169.6364288330078
2015-02-04,168.9904327392578
2015-02-05,170.6964111328125
2015-02-06,170.22442626953125
2015-02-09,169.46250915527344
2015-02-10,171.267822265625
2015-02-11,171.3671875
2015-02-12,173.01524353027344
2015-02-13,173.72740173339844
2015-02-17,174.00070190429688
2015-02-18,174.01731872558594
2015-02-19,173.89306640625
2015-02-20,174.93655395507812
2015-02-23,174.9116973876953
2015-02-24,175.4085693359375
2015-02-25,175.25946044921875
2015-02-26,175.05242919921875
2015-02-27,174.45614624023438
2015-03-02,175.55764770507812
2015-03-03,174.8371124267578
2015-03-04,174.10008239746094
2015-03-05,174.2905731201172
2015-03-06,171.83924865722656
2015-03-09,172.5514678955078
2015-03-10,169.7523193359375
2015-03-11,169.35482788085938
2015-03-12,171.5080108642578
2015-03-13,170.45626831054688
2015-03-16,172.733642578125
2015-03-17,172.22023010253906
2015-03-18,174.2905731201172
2015-03-19,173.4955596923828
2015-03-20,175.0269775390625
2015-03-23,174.68588256835938
2015-03-24,173.70433044433594
2015-03-25,171.1588897705078
2015-03-26,170.75135803222656
2015-03-27,171.14227294921875
2015-03-30,173.23020935058594
2015-03-31,171.71620178222656
2015-04-01,171.10897827148438
2015-04-02,171.72454833984375
2015-04-06,172.88084411621094
2015-04-07,172.42332458496094
2015-04-08,173.0055694580078
2015-04-09,173.77088928222656
2015-04-10,174.71914672851562
2015-04-13,173.9289093017578
2015-04-14,174.2616729736328
2015-04-15,175.04360961914062
2015-04-16,174.99365234375
2015-04-17,172.98062133789062
2015-04-20,174.5611114501953
2015-04-21,174.3531951904297
2015-04-22,175.20997619628906
2015-04-23,175.65081787109375
2015-04-24,176.05844116210938
2015-04-27,175.32643127441406
2015-04-28,175.8837432861328
2015-04-29,175.1600341796875
2015-04-30,173.4049072265625
2015-05-01,175.28485107421875
2015-05-04,175.78390502929688
2015-05-05,173.77088928222656
2015-05-06,173.05552673339844
2015-05-07,173.74591064453125
2015-05-08,176.0335235595703
2015-05-11,175.1932830810547
2015-05-12,174.66929626464844
2015-05-13,174.7025146484375
2015-05-14,176.52432250976562
2015-05-15,176.7155303955078
2015-05-18,177.26458740234375
2015-05-19,177.2063446044922
2015-05-20,177.0816192626953
2015-05-21,177.5973663330078
2015-05-22,177.173095703125
2015-05-26,175.26815795898438
2015-05-27,176.93185424804688
2015-05-28,176.73219299316406
2015-05-29,175.63418579101562
2015-06-01,175.991943359375
2015-06-02,175.81723022460938
2015-06-03,176.2830047607422
2015-06-04,174.7941131591797
2015-06-05,174.4945831298828
2015-06-08,173.42149353027344
2015-06-09,173.39657592773438
2015-06-10,175.4761505126953
2015-06-11,176.0417938232422
2015-06-12,174.6942138671875
2015-06-15,173.94557189941406
2015-06-16,174.8938751220703
2015-06-17,175.17672729492188
2015-06-18,176.9984130859375
2015-06-19,176.21270751953125
2015-06-22,177.1154022216797
2015-06-23,177.24081420898438
2015-06-24,175.95361328125
2015-06-25,175.4185791015625
2015-06-26,175.38511657714844
2015-06-29,171.70726013183594
2015-06-30,172.06666564941406
2015-07-01,173.44590759277344
2015-07-02,173.2870635986328
2015-07-06,172.79391479492188
2015-07-07,173.880615234375
2015-07-08,170.9633331298828
2015-07-09,171.27261352539062
2015-07-10,173.42918395996094
2015-07-13,175.3433380126953
2015-07-14,176.10398864746094
2015-07-15,176.04547119140625
2015-07-16,177.4581298828125
2015-07-17,177.60862731933594
2015-07-20,177.70053100585938
2015-07-21,176.99842834472656
2015-07-22,176.68081665039062
2015-07-23,175.6860809326172
2015-07-24,173.8638916015625
2015-07-27,172.85240173339844
2015-07-28,174.97547912597656
2015-07-29,176.1792449951172
2015-07-30,176.22100830078125
2015-07-31,175.95361328125
2015-08-03,175.36007690429688
2015-08-04,175.01734924316406
2015-08-05,175.59413146972656
2015-08-06,174.15640258789062
2015-08-07,173.82203674316406
2015-08-10,176.0120849609375
2015-08-11,174.4239044189453
2015-08-12,174.63287353515625
2015-08-13,174.41552734375
2015-08-14,175.05081176757812
2015-08-17,176.02882385253906
2015-08-18,175.51890563964844
2015-08-19,174.13133239746094
2015-08-20,170.49522399902344
2015-08-21,165.36289978027344
2015-08-24,158.40003967285156
2015-08-25,156.5359649658203
2015-08-26,162.5459747314453
2015-08-27,166.56661987304688
2015-08-28,166.57493591308594
2015-08-31,165.2291259765625
2015-09-01,160.29747009277344
2015-09-02,163.34005737304688
2015-09-03,163.45712280273438
2015-09-04,160.98291015625
2015-09-08,165.02847290039062
2015-09-09,162.8218231201172
2015-09-10,163.7078857421875
2015-09-11,164.4517822265625
2015-09-14,163.84164428710938
2015-09-15,165.88951110839844
2015-09-16,167.3272247314453
2015-09-17,166.9510955810547
2015-09-18,164.2228546142578
2015-09-21,165.07150268554688
2015-09-22,162.9288787841797
2015-09-23,162.66845703125
2015-09-24,162.0802764892578
2015-09-25,162.03826904296875
2015-09-28,157.97154235839844
2015-09-29,158.06396484375
2015-09-30,161.01312255859375
2015-10-01,161.4333038330078
2015-10-02,163.84474182128906
2015-10-05,166.7603759765625
2015-10-06,166.18896484375
2015-10-07,167.5501708984375
2015-10-08,169.0626678466797
2015-10-09,169.16342163085938
2015-10-12,169.3230743408203
2015-10-13,168.25599670410156
2015-10-14,167.4493408203125
2015-10-15,170.02047729492188
2015-10-16,170.79345703125
2015-10-19,170.87747192382812
2015-10-20,170.6590118408203
2015-10-21,169.600341796875
2015-10-22,172.46554565429688
2015-10-23,174.35601806640625
2015-10-26,173.92750549316406
2015-10-27,173.59140014648438
2015-10-28,175.56597900390625
2015-10-29,175.4651641845703
2015-10-30,174.70889282226562
2015-11-02,176.77587890625
2015-11-03,177.28842163085938
2015-11-04,176.75064086914062
2015-11-05,176.57421875
2015-11-06,176.4817657470703
2015-11-09,174.83499145507812
2015-11-10,175.23825073242188
2015-11-11,174.54931640625
2015-11-12,172.11260986328125
2015-11-13,170.1800537109375
2015-11-16,172.76797485351562
2015-11-17,172.6419677734375
2015-11-18,175.38111877441406
2015-11-19,175.22988891601562
2015-11-20,175.86842346191406
2015-11-23,175.66680908203125
2015-11-24,175.90199279785156
2015-11-25,175.87689208984375
2015-11-27,176.0784912109375
2015-11-30,175.34750366210938
2015-12-01,177.01953125
2015-12-02,175.21302795410156
2015-12-03,172.75958251953125
2015-12-04,176.12890625
2015-12-07,175.0618133544922
2015-12-08,173.885498046875
2015-12-09,172.53269958496094
2015-12-10,172.97801208496094
2015-12-11,169.6255645751953
2015-12-14,170.48251342773438
2015-12-15,172.2722930908203
2015-12-16,174.79290771484375
2015-12-17,172.12942504882812
2015-12-18,169.06298828125
2015-12-21,170.4575958251953
2015-12-22,172.00436401367188
2015-12-23,174.13430786132812
2015-12-24,173.84698486328125
2015-12-28,173.44970703125
2015-12-29,175.30068969726562
2015-12-30,174.05821228027344
2015-12-31,172.3170623779297
2016-01-04,169.90817260742188
2016-01-05,170.19554138183594
2016-01-06,168.0487060546875
2016-01-07,164.01687622070312
2016-01-08,162.216552734375
2016-01-11,162.37713623046875
2016-01-12,163.68728637695312
2016-01-13,159.60479736328125
2016-01-14,162.22500610351562
2016-01-15,158.74270629882812
2016-01-19,158.95396423339844
2016-01-20,156.91697692871094
2016-01-21,157.7960205078125
2016-01-22,161.03321838378906
2016-01-25,158.59889221191406
2016-01-26,160.7627716064453
2016-01-27,159.01316833496094
2016-01-28,159.8414764404297
2016-01-29,163.7379608154297
2016-02-01,163.67880249023438
2016-02-02,160.72894287109375
2016-02-03,161.69248962402344
2016-02-04,161.946044921875
2016-02-05,158.86099243164062
2016-02-08,156.72254943847656
2016-02-09,156.7310028076172
2016-02-10,156.5957794189453
2016-02-11,154.5587158203125
2016-02-12,157.7452392578125
2016-02-16,160.4077606201172
2016-02-17,163.02796936035156
2016-02-18,162.3602294921875
2016-02-19,162.2841339111328
2016-02-22,164.63389587402344
2016-02-23,162.55467224121094
2016-02-24,163.29849243164062
2016-02-25,165.27626037597656
2016-02-26,164.8959197998047
2016-02-29,163.60272216796875
2016-03-01,167.44851684570312
2016-03-02,168.20074462890625
2016-03-03,168.86007690429688
2016-03-04,169.40945434570312
2016-03-07,169.54470825195312
2016-03-08,167.6936492919922
2016-03-09,168.52200317382812
2016-03-10,168.65721130371094
2016-03-11,171.3788604736328
2016-03-14,171.15911865234375
2016-03-15,170.88015747070312
2016-03-16,171.86907958984375
2016-03-17,172.95945739746094
2016-03-18,173.6390838623047
2016-03-21,173.885498046875
2016-03-22,173.79205322265625
2016-03-23,172.64508056640625
2016-03-24,172.56863403320312
2016-03-28,172.67051696777344
2016-03-29,174.26779174804688
2016-03-30,175.0324249267578
2016-03-31,174.6076202392578
2016-04-01,175.79705810546875
2016-04-04,175.22784423828125
2016-04-05,173.47767639160156
2016-04-06,175.3722381591797
2016-04-07,173.2737274169922
2016-04-08,173.7410430908203
2016-04-11,173.33326721191406
2016-04-12,174.947509765625
2016-04-13,176.7146453857422
2016-04-14,176.7230987548828
2016-04-15,176.52772521972656
2016-04-18,177.76808166503906
2016-04-19,178.32879638671875
2016-04-20,178.49874877929688
2016-04-21,177.53875732421875
2016-04-22,177.53875732421875
2016-04-25,177.23284912109375
2016-04-26,177.49627685546875
2016-04-27,177.86151123046875
2016-04-28,176.24734497070312
2016-04-29,175.29583740234375
2016-05-02,176.68910217285156
2016-05-03,175.15139770507812
2016-05-04,174.17433166503906
2016-05-05,174.1403350830078
2016-05-06,174.777587890625
2016-05-09,174.92193603515625
2016-05-10,177.09693908691406
2016-05-11,175.4402313232422
2016-05-12,175.49118041992188
2016-05-13,173.9619140625
2016-05-16,175.67811584472656
2016-05-17,174.0384063720703
2016-05-18,174.08935546875
2016-05-19,173.48614501953125
2016-05-20,174.58218383789062
2016-05-23,174.34429931640625
2016-05-24,176.60418701171875
2016-05-25,177.80206298828125
2016-05-26,177.8530731201172
2016-05-27,178.61770629882812
2016-05-31,178.27783203125
2016-06-01,178.64321899414062
2016-06-02,179.18690490722656
2016-06-03,178.65164184570312
2016-06-06,179.5607452392578
2016-06-07,179.8411102294922
2016-06-08,180.4272918701172
2016-06-09,180.18096923828125
2016-06-10,178.47325134277344
2016-06-13,177.09693908691406
2016-06-14,176.74862670898438
2016-06-15,176.502197265625
2016-06-16,177.02896118164062
2016-06-17,176.36968994140625
2016-06-20,177.5054931640625
2016-06-21,178.0093536376953
2016-06-22,177.71896362304688
2016-06-23,180.0334014892578
2016-06-24,173.56851196289062
2016-06-27,170.4599609375
2016-06-28,173.5343475341797
2016-06-29,176.4892120361328
2016-06-30,178.89756774902344
2016-07-01,179.27330017089844
2016-07-05,177.9837646484375
2016-07-06,179.05125427246094
2016-07-07,178.94024658203125
2016-07-08,181.604736328125
2016-07-11,182.24520874023438
2016-07-12,183.56898498535156
2016-07-13,183.54335021972656
2016-07-14,184.568115234375
2016-07-15,184.32044982910156
2016-07-18,184.81582641601562
2016-07-19,184.62794494628906
2016-07-20,185.39651489257812
2016-07-21,184.69627380371094
2016-07-22,185.5247039794922
2016-07-25,185.02076721191406
2016-07-26,185.1062469482422
2016-07-27,184.90975952148438
2016-07-28,185.12330627441406
2016-07-29,185.4221649169922
2016-08-01,185.26846313476562
2016-08-02,184.08139038085938
2016-08-03,184.619384765625
2016-08-04,184.81582641601562
2016-08-05,186.32737731933594
2016-08-08,186.21640014648438
2016-08-09,186.32737731933594
2016-08-10,185.8662109375
2016-08-11,186.72874450683594
2016-08-12,186.56655883789062
2016-08-15,187.10455322265625
2016-08-16,186.13955688476562
2016-08-17,186.4896697998047
2016-08-18,186.90814208984375
2016-08-19,186.63482666015625
2016-08-22,186.6262969970703
2016-08-23,187.00204467773438
2016-08-24,186.04554748535156
2016-08-25,185.91746520996094
2016-08-26,185.5673065185547
2016-08-29,186.48110961914062
2016-08-30,186.1736602783203
2016-08-31,185.64419555664062
2016-09-01,185.65274047851562
2016-09-02,186.4896697998047
2016-09-06,187.05325317382812
2016-09-07,187.0362091064453
2016-09-08,186.6092071533203
2016-09-09,182.1427764892578
2016-09-12,184.75601196289062
2016-09-13,182.10006713867188
2016-09-14,182.03172302246094
2016-09-15,183.85079956054688
2016-09-16,183.14010620117188
2016-09-19,183.1743927001953
2016-09-20,183.18301391601562
2016-09-21,185.24298095703125
2016-09-22,186.4102783203125
2016-09-23,185.3888397216797
2016-09-26,183.88682556152344
2016-09-27,185.02833557128906
2016-09-28,185.94677734375
2016-09-29,184.2644805908203
2016-09-30,185.65496826171875
2016-10-03,185.20858764648438
2016-10-04,184.2644805908203
2016-10-05,185.079833984375
2016-10-06,185.20858764648438
2016-10-07,184.57345581054688
2016-10-10,185.5347900390625
2016-10-11,183.1916046142578
2016-10-12,183.4319305419922
2016-10-13,182.83108520507812
2016-10-14,182.92547607421875
2016-10-17,182.2903594970703
2016-10-18,183.4319305419922
2016-10-19,183.92117309570312
2016-10-20,183.5778350830078
2016-10-21,183.66368103027344
2016-10-24,184.44471740722656
2016-10-25,183.8267822265625
2016-10-26,183.45767211914062
2016-10-27,182.9684600830078
2016-10-28,182.4276580810547
2016-10-31,182.43626403808594
2016-11-01,181.11447143554688
2016-11-02,180.02438354492188
2016-11-03,179.20040893554688
2016-11-04,179.00299072265625
2016-11-07,182.95123291015625
2016-11-08,183.7752227783203
2016-11-09,185.72361755371094
2016-11-10,186.1870880126953
2016-11-11,185.75794982910156
2016-11-14,185.9038848876953
2016-11-15,187.35446166992188
2016-11-16,187.0025177001953
2016-11-17,187.9638671875
2016-11-18,187.54327392578125
2016-11-21,188.95948791503906
2016-11-22,189.3285675048828
2016-11-23,189.4315643310547
2016-11-25,190.1354522705078
2016-11-28,189.24281311035156
2016-11-29,189.61183166503906
2016-11-30,189.15692138671875
2016-12-01,188.46163940429688
2016-12-02,188.5561065673828
2016-12-05,189.68911743164062
2016-12-06,190.28990173339844
2016-12-07,192.77899169921875
2016-12-08,193.2511444091797
2016-12-09,194.4184112548828
2016-12-12,194.1952667236328
2016-12-13,195.49131774902344
2016-12-14,193.87771606445312
2016-12-15,194.67596435546875
2016-12-16,194.295166015625
2016-12-19,194.71824645996094
2016-12-20,195.46937561035156
2016-12-21,194.92543029785156
2016-12-22,194.5887451171875
2016-12-23,194.87362670898438
2016-12-27,195.35714721679688
2016-12-28,193.74261474609375
2016-12-29,193.69947814941406
2016-12-30,192.9915008544922
2017-01-03,194.46783447265625
2017-01-04,195.624755859375
2017-01-05,195.46937561035156
2017-01-06,196.16868591308594
2017-01-09,195.5211639404297
2017-01-10,195.5211639404297
2017-01-11,196.07373046875
2017-01-12,195.58160400390625
2017-01-13,196.03057861328125
2017-01-17,195.33987426757812
2017-01-18,195.7715606689453
2017-01-19,195.04627990722656
2017-01-20,195.76295471191406
2017-01-23,195.25347900390625
2017-01-24,196.5054473876953
2017-01-25,198.206298828125
2017-01-26,197.99908447265625
2017-01-27,197.688232421875
2017-01-30,196.4622802734375
2017-01-31,196.44500732421875
2017-02-01,196.52268981933594
2017-02-02,196.6522216796875
2017-02-03,198.00772094726562
2017-02-06,197.65371704101562
2017-02-07,197.66236877441406
2017-02-08,197.92138671875
2017-02-09,199.09556579589844
2017-02-10,199.8812713623047
2017-02-13,200.9691162109375
2017-02-14,201.77206420898438
2017-02-15,202.82540893554688
2017-02-16,202.6527557373047
2017-02-17,202.97213745117188
2017-02-21,204.1808624267578
2017-02-22,203.99957275390625
2017-02-23,204.13771057128906
2017-02-24,204.396728515625
2017-02-27,204.71615600585938
2017-02-28,204.16363525390625
2017-03-01,207.02139282226562
2017-03-02,205.71771240234375
2017-03-03,205.84716796875
2017-03-06,205.2342071533203
2017-03-07,204.62118530273438
2017-03-08,204.2412872314453
2017-03-09,204.5003662109375
2017-03-10,205.2169647216797
2017-03-13,205.32058715820312
2017-03-14,204.5348358154297
2017-03-15,206.30479431152344
2017-03-16,205.8990020751953
2017-03-17,205.53741455078125
2017-03-20,205.31195068359375
2017-03-21,202.6758575439453
2017-03-22,203.15277099609375
2017-03-23,202.93600463867188
2017-03-24,202.78860473632812
2017-03-27,202.58047485351562
2017-03-28,204.0546417236328
2017-03-29,204.2454071044922
2017-03-30,204.89566040039062
2017-03-31,204.4188232421875
2017-04-03,204.06329345703125
2017-04-04,204.1934051513672
2017-04-05,203.5863494873047
2017-04-06,204.15866088867188
2017-04-07,203.95059204101562
2017-04-10,204.0719451904297
2017-04-11,203.8291473388672
2017-04-12,202.93600463867188
2017-04-13,201.61793518066406
2017-04-17,203.40423583984375
2017-04-18,202.79721069335938
2017-04-19,202.4243927001953
2017-04-20,204.0719451904297
2017-04-21,203.42164611816406
2017-04-24,205.65882873535156
2017-04-25,206.85546875
2017-04-26,206.7253875732422
2017-04-27,206.89883422851562
2017-04-28,206.4479217529297
2017-05-01,206.96817016601562
2017-05-02,207.04627990722656
2017-05-03,206.79478454589844
2017-05-04,207.03756713867188
2017-05-05,207.85269165039062
2017-05-08,207.8179473876953
2017-05-09,207.62722778320312
2017-05-10,208.0000457763672
2017-05-11,207.5751953125
2017-05-12,207.2283477783203
2017-05-15,208.3729248046875
2017-05-16,208.1822052001953
2017-05-17,204.4881591796875
2017-05-18,205.31195068359375
2017-05-19,206.64732360839844
2017-05-22,207.69656372070312
2017-05-23,208.15614318847656
2017-05-24,208.64178466796875
2017-05-25,209.63894653320312
2017-05-26,209.59561157226562
2017-05-30,209.4134979248047
2017-05-31,209.3614501953125
2017-06-01,211.02638244628906
2017-06-02,211.72877502441406
2017-06-05,211.5727081298828
2017-06-06,210.89633178710938
2017-06-07,211.28652954101562
2017-06-08,211.39059448242188
2017-06-09,211.06973266601562
2017-06-12,211.02638244628906
2017-06-13,212.0582733154297
2017-06-14,211.78953552246094
2017-06-15,211.38189697265625
2017-06-16,211.4281005859375
2017-06-19,213.18829345703125
2017-06-20,211.75050354003906
2017-06-21,211.6981964111328
2017-06-22,211.60238647460938
2017-06-23,211.85507202148438
2017-06-26,211.9944610595703
2017-06-27,210.28656005859375
2017-06-28,212.16873168945312
2017-06-29,210.3040313720703
2017-06-30,210.6961669921875
2017-07-03,211.05340576171875
2017-07-05,211.54135131835938
2017-07-06,209.60696411132812
2017-07-07,210.96624755859375
2017-07-10,211.19284057617188
2017-07-11,211.03599548339844
2017-07-12,212.6219024658203
2017-07-13,212.9791717529297
2017-07-14,213.9724578857422
2017-07-17,213.9463348388672
2017-07-18,214.05963134765625
2017-07-19,215.21856689453125
2017-07-20,215.31439208984375
2017-07-21,215.12269592285156
2017-07-24,215.07041931152344
2017-07-25,215.59323120117188
2017-07-26,215.60191345214844
2017-07-27,215.4015655517578
2017-07-28,215.14878845214844
2017-07-31,215.0268096923828
2017-08-01,215.50611877441406
2017-08-02,215.61065673828125
2017-08-03,215.19236755371094
2017-08-04,215.58453369140625
2017-08-07,215.98532104492188
2017-08-08,215.4538116455078
2017-08-09,215.44512939453125
2017-08-10,212.404052734375
2017-08-11,212.71768188476562
2017-08-14,214.82643127441406
2017-08-15,214.80029296875
2017-08-16,215.17501831054688
2017-08-17,211.82022094726562
2017-08-18,211.4891357421875
2017-08-21,211.65464782714844
2017-08-22,213.86790466308594
2017-08-23,213.10113525390625
2017-08-24,212.6044464111328
2017-08-25,213.10113525390625
2017-08-28,213.10980224609375
2017-08-29,213.35382080078125
2017-08-30,214.3645782470703
2017-08-31,215.6542205810547
2017-09-01,215.9591827392578
2017-09-05,214.40818786621094
2017-09-06,215.1400909423828
2017-09-07,215.11398315429688
2017-09-08,214.86126708984375
2017-09-11,217.15301513671875
2017-09-12,217.8848876953125
2017-09-13,217.989501953125
2017-09-14,217.91978454589844
2017-09-15,218.21310424804688
2017-09-18,218.67723083496094
2017-09-19,218.89620971679688
2017-09-20,218.97496032714844
2017-09-21,218.38827514648438
2017-09-22,218.43206787109375
2017-09-25,217.98545837402344
2017-09-26,218.11680603027344
2017-09-27,218.96621704101562
2017-09-28,219.2289581298828
2017-09-29,219.99954223632812
2017-10-02,220.9540557861328
2017-10-03,221.42694091796875
2017-10-04,221.6896209716797
2017-10-05,223.00315856933594
2017-10-06,222.749267578125
2017-10-09,222.3814239501953
2017-10-10,222.96812438964844
2017-10-11,223.31842041015625
2017-10-12,222.98562622070312
2017-10-13,223.25711059570312
2017-10-16,223.5548095703125
2017-10-17,223.7124481201172
2017-10-18,223.93138122558594
2017-10-19,223.99266052246094
2017-10-20,225.14862060546875
2017-10-23,224.2728729248047
2017-10-24,224.6669464111328
2017-10-25,223.5548095703125
2017-10-26,223.84384155273438
2017-10-27,225.67396545410156
2017-10-30,224.83331298828125
2017-10-31,225.18359375
2017-11-01,225.4812774658203
2017-11-02,225.56887817382812
2017-11-03,226.32203674316406
2017-11-06,226.6722869873047
2017-11-07,226.51466369628906
2017-11-08,226.8999786376953
2017-11-09,226.0768280029297
2017-11-10,226.00677490234375
2017-11-13,226.2169189453125
2017-11-14,225.69151306152344
2017-11-15,224.56190490722656
2017-11-16,226.47088623046875
2017-11-17,225.8053436279297
2017-11-20,226.1906280517578
2017-11-21,227.6705780029297
2017-11-22,227.46920776367188
2017-11-24,227.99459838867188
2017-11-27,227.88076782226562
2017-11-28,230.1925811767578
2017-11-29,230.052490234375
2017-11-30,232.06655883789062
2017-12-01,231.5849151611328
2017-12-04,231.30470275878906
2017-12-05,230.4727783203125
2017-12-06,230.51657104492188
2017-12-07,231.24337768554688
2017-12-08,232.50439453125
2017-12-11,233.2050018310547
2017-12-12,233.61654663085938
2017-12-13,233.5902557373047
2017-12-14,232.63572692871094
2017-12-15,234.5730438232422
2017-12-18,236.06045532226562
2017-12-19,235.15391540527344
2017-12-20,235.03073120117188
2017-12-21,235.5147705078125
2017-12-22,235.45315551757812
2017-12-26,235.17147827148438
2017-12-27,235.28594970703125
2017-12-28,235.7700653076172
2017-12-29,234.88099670410156
2018-01-02,236.5621337890625
2018-01-03,238.05844116210938
2018-01-04,239.06185913085938
2018-01-05,240.6549530029297
2018-01-08,241.09512329101562
2018-01-09,241.6407470703125
2018-01-10,241.27113342285156
2018-01-11,243.0314178466797
2018-01-12,244.61572265625
2018-01-16,243.77951049804688
2018-01-17,246.10313415527344
2018-01-18,245.6894989013672
2018-01-19,246.80728149414062
2018-01-22,248.81414794921875
2018-01-23,249.34213256835938
2018-01-24,249.24537658691406
2018-01-25,249.3510284423828
2018-01-26,252.23794555664062
2018-01-29,250.56561279296875
2018-01-30,247.9955291748047
2018-01-31,248.11878967285156
2018-02-01,247.8370819091797
2018-02-02,242.44168090820312
2018-02-05,232.30213928222656
2018-02-06,236.87904357910156
2018-02-07,235.5939483642578
2018-02-08,226.7571563720703
2018-02-09,230.16336059570312
2018-02-12,233.54315185546875
2018-02-13,234.12417602539062
2018-02-14,237.2838897705078
2018-02-15,240.3116455078125
2018-02-16,240.38209533691406
2018-02-20,238.87701416015625
2018-02-21,237.68878173828125
2018-02-22,237.99684143066406
2018-02-23,241.79029846191406
2018-02-26,244.59814453125
2018-02-27,241.54388427734375
2018-02-28,239.09707641601562
2018-03-01,235.62039184570312
2018-03-02,236.83499145507812
2018-03-05,239.5723114013672
2018-03-06,240.17959594726562
2018-03-07,240.09161376953125
2018-03-08,241.25341796875
2018-03-09,245.45179748535156
2018-03-12,245.1437530517578
2018-03-13,243.5595245361328
2018-03-14,242.30966186523438
2018-03-15,242.04563903808594
2018-03-16,242.3080596923828
2018-03-19,239.0295867919922
2018-03-20,239.43609619140625
2018-03-21,238.9765167236328
2018-03-22,233.0028076171875
2018-03-23,228.036376953125
2018-03-26,234.2753143310547
2018-03-27,230.28985595703125
2018-03-28,229.6094207763672
2018-03-29,232.543212890625
2018-04-02,227.52395629882812
2018-04-03,230.44009399414062
2018-04-04,232.90553283691406
2018-04-05,234.74368286132812
2018-04-06,229.51220703125
2018-04-09,230.64337158203125
2018-04-10,234.31065368652344
2018-04-11,233.0823974609375
2018-04-12,234.99993896484375
2018-04-13,234.31065368652344
2018-04-16,236.23715209960938
2018-04-17,238.76441955566406
2018-04-18,238.94122314453125
2018-04-19,237.61569213867188
2018-04-20,235.600830078125
2018-04-23,235.56552124023438
2018-04-24,232.39306640625
2018-04-25,232.96749877929688
2018-04-26,235.33578491210938
2018-04-27,235.556640625
2018-04-30,233.74513244628906
2018-05-01,234.1604766845703
2018-05-02,232.5875244140625
2018-05-03,232.07496643066406
2018-05-04,235.07949829101562
2018-05-07,235.8748016357422
2018-05-08,235.8748016357422
2018-05-09,238.1547393798828
2018-05-10,240.38165283203125
2018-05-11,241.11508178710938
2018-05-14,241.2299346923828
2018-05-15,239.568603515625
2018-05-16,240.5759735107422
2018-05-17,240.372802734375
2018-05-18,239.77178955078125
2018-05-21,241.57461547851562
2018-05-22,240.9029541015625
2018-05-23,241.56573486328125
2018-05-24,241.0709228515625
2018-05-25,240.49649047851562
2018-05-29,237.73049926757812
2018-05-30,240.9029541015625
2018-05-31,239.42726135253906
2018-06-01,241.77786254882812
2018-06-04,242.9266357421875
2018-06-05,243.10333251953125
2018-06-06,245.1359100341797
2018-06-07,245.1092987060547
2018-06-08,245.8339385986328
2018-06-11,246.1609344482422
2018-06-12,246.47901916503906
2018-06-13,245.69261169433594
2018-06-14,246.31117248535156
2018-06-15,245.99693298339844
2018-06-18,245.49099731445312
2018-06-19,244.55003356933594
2018-06-20,244.96726989746094
2018-06-21,243.43154907226562
2018-06-22,243.87539672851562
2018-06-25,240.55560302734375
2018-06-26,241.08822631835938
2018-06-27,239.09100341796875
2018-06-28,240.45799255371094
2018-06-29,240.80410766601562
2018-07-02,241.3189697265625
2018-07-03,240.4668731689453
2018-07-05,242.42857360839844
2018-07-06,244.4790496826172
2018-07-09,246.6804962158203
2018-07-10,247.56802368164062
2018-07-11,245.75730895996094
2018-07-12,247.98526000976562
2018-07-13,248.18055725097656
2018-07-16,247.9586944580078
2018-07-17,248.96168518066406
2018-07-18,249.48545837402344
2018-07-19,248.5445556640625
2018-07-20,248.26040649414062
2018-07-23,248.72207641601562
2018-07-24,249.9736785888672
2018-07-25,252.10398864746094
2018-07-26,251.5093231201172
2018-07-27,249.804931640625
2018-07-30,248.50022888183594
2018-07-31,249.72509765625
2018-08-01,249.30796813964844
2018-08-02,250.6660614013672
2018-08-03,251.7401885986328
2018-08-06,252.6632537841797
2018-08-07,253.4976806640625
2018-08-08,253.39117431640625
2018-08-09,253.0449981689453
2018-08-10,251.3495635986328
2018-08-13,250.40866088867188
2018-08-14,252.00640869140625
2018-08-15,250.1245574951172
2018-08-16,252.14845275878906
2018-08-17,253.03610229492188
2018-08-20,253.57762145996094
2018-08-21,254.1722412109375
2018-08-22,254.02142333984375
2018-08-23,253.68405151367188
2018-08-24,255.21084594726562
2018-08-27,257.2258605957031
2018-08-28,257.35015869140625
2018-08-29,258.7349548339844
2018-08-30,257.68743896484375
2018-08-31,257.69622802734375
2018-09-04,257.25244140625
2018-09-05,256.56011962890625
2018-09-06,255.78782653808594
2018-09-07,255.29074096679688
2018-09-10,255.73460388183594
2018-09-11,256.5778503417969
2018-09-12,256.6400451660156
2018-09-13,258.1578674316406
2018-09-14,258.2023620605469
2018-09-17,256.8353576660156
2018-09-18,258.2288818359375
2018-09-19,258.5040283203125
2018-09-20,260.5989685058594
2018-09-21,260.36083984375
2018-09-24,259.4959411621094
2018-09-25,259.2551574707031
2018-09-26,258.4793395996094
2018-09-27,259.20172119140625
2018-09-28,259.2283630371094
2018-10-01,260.1290283203125
2018-10-02,259.9773864746094
2018-10-03,260.1200866699219
2018-10-04,258.08709716796875
2018-10-05,256.6426086425781
2018-10-08,256.6426086425781
2018-10-09,256.2680358886719
2018-10-10,248.15374755859375
2018-10-11,242.68780517578125
2018-10-12,246.058349609375
2018-10-15,244.6762237548828
2018-10-16,250.02639770507812
2018-10-17,250.07090759277344
2018-10-18,246.4596405029297
2018-10-19,246.32586669921875
2018-10-22,245.22024536132812
2018-10-23,243.9717559814453
2018-10-24,236.57981872558594
2018-10-25,240.82421875
2018-10-26,236.5886993408203
2018-10-29,235.27796936035156
2018-10-30,238.76438903808594
2018-10-31,241.3145294189453
2018-11-01,243.88270568847656
2018-11-02,242.43812561035156
2018-11-05,243.7756805419922
2018-11-06,245.31832885742188
2018-11-07,250.57028198242188
2018-11-08,250.11549377441406
2018-11-09,247.67234802246094
2018-11-12,243.04449462890625
2018-11-13,242.58970642089844
2018-11-14,240.9312286376953
2018-11-15,243.44569396972656
2018-11-16,244.07884216308594
2018-11-19,239.95037841796875
2018-11-20,235.50978088378906
2018-11-21,236.31236267089844
2018-11-23,234.7340545654297
2018-11-26,238.5237274169922
2018-11-27,239.32620239257812
2018-11-28,244.8367462158203
2018-11-29,244.30177307128906
2018-11-30,245.79086303710938
2018-12-03,249.04544067382812
2018-12-04,240.9757843017578
2018-12-06,240.61019897460938
2018-12-07,235.0194091796875
2018-12-10,235.46522521972656
2018-12-11,235.51870727539062
2018-12-12,236.70465087890625
2018-12-13,236.62437438964844
2018-12-14,232.25518798828125
2018-12-17,227.69873046875
2018-12-18,227.4490509033203
2018-12-19,224.0428466796875
2018-12-20,220.39588928222656
2018-12-21,215.88003540039062
2018-12-24,210.1758575439453
2018-12-26,220.79498291015625
2018-12-27,222.49012756347656
2018-12-28,222.203125
2018-12-31,224.1492919921875
2019-01-02,224.3825225830078
2019-01-03,219.0281524658203
2019-01-04,226.3647003173828
2019-01-07,228.14939880371094
2019-01-08,230.29296875
2019-01-09,231.36924743652344
2019-01-10,232.1853790283203
2019-01-11,232.2751007080078
2019-01-14,230.85804748535156
2019-01-15,233.5038299560547
2019-01-16,234.06893920898438
2019-01-17,235.8447265625
2019-01-18,238.98377990722656
2019-01-22,235.7550506591797
2019-01-23,236.2483367919922
2019-01-24,236.37388610839844
2019-01-25,238.37393188476562
2019-01-28,236.5623016357422
2019-01-29,236.2483367919922
2019-01-30,239.9883575439453
2019-01-31,242.0959930419922
2019-02-01,242.2126007080078
2019-02-04,243.9166259765625
2019-02-05,244.93917846679688
2019-02-06,244.61624145507812
2019-02-07,242.2843780517578
2019-02-08,242.5802764892578
2019-02-11,242.71485900878906
2019-02-12,245.83599853515625
2019-02-13,246.63421630859375
2019-02-14,246.08712768554688
2019-02-15,248.76878356933594
2019-02-19,249.1993408203125
2019-02-20,249.70156860351562
2019-02-21,248.8136749267578
2019-02-22,250.35630798339844
2019-02-25,250.69711303710938
2019-02-26,250.51780700683594
2019-02-27,250.4101104736328
2019-02-28,249.94381713867188
2019-03-01,251.50436401367188
2019-03-04,250.58949279785156
2019-03-05,250.24871826171875
2019-03-06,248.73297119140625
2019-03-07,246.65225219726562
2019-03-08,246.1588897705078
2019-03-11,249.7284393310547
2019-03-12,250.67022705078125
2019-03-13,252.32940673828125
2019-03-14,252.16799926757812
2019-03-15,253.41392517089844
2019-03-18,254.33262634277344
2019-03-19,254.39578247070312
2019-03-20,253.6300506591797
2019-03-21,256.49481201171875
2019-03-22,251.55816650390625
2019-03-25,251.36903381347656
2019-03-26,253.24270629882812
2019-03-27,251.91848754882812
2019-03-28,252.87335205078125
2019-03-29,254.4678192138672
2019-04-01,257.485595703125
2019-04-02,257.61175537109375
2019-04-03,258.01715087890625
2019-04-04,258.7018127441406
2019-04-05,259.9538879394531
2019-04-08,260.1520690917969
2019-04-09,258.8189392089844
2019-04-10,259.7017517089844
2019-04-11,259.62957763671875
2019-04-12,261.3862609863281
2019-04-15,261.21514892578125
2019-04-16,261.3862609863281
2019-04-17,260.7467041015625
2019-04-18,261.26007080078125
2019-04-22,261.48529052734375
2019-04-23,263.83648681640625
2019-04-24,263.25103759765625
2019-04-25,263.0888977050781
2019-04-26,264.31390380859375
2019-04-29,264.7283630371094
2019-04-30,264.86346435546875
2019-05-01,262.87255859375
2019-05-02,262.3050537109375
2019-05-03,264.87255859375
2019-05-06,263.7825012207031
2019-05-07,259.3773193359375
2019-05-08,259.01708984375
2019-05-09,258.2334289550781
2019-05-10,259.5305480957031
2019-05-13,253.00852966308594
2019-05-14,255.29653930664062
2019-05-15,256.7919616699219
2019-05-16,259.1702575683594
2019-05-17,257.4946594238281
2019-05-20,255.79202270507812
2019-05-21,258.0982666015625
2019-05-22,257.3055114746094
2019-05-23,254.16148376464844
2019-05-24,254.7381134033203
2019-05-28,252.3689727783203
2019-05-29,250.67530822753906
2019-05-30,251.35997009277344
2019-05-31,247.97280883789062
2019-06-03,247.34230041503906
2019-06-04,252.71127319335938
2019-06-05,254.90029907226562
2019-06-06,256.55780029296875
2019-06-07,259.125244140625
2019-06-10,260.3143615722656
2019-06-11,260.2511901855469
2019-06-12,259.7918395996094
2019-06-13,260.86376953125
2019-06-14,260.57550048828125
2019-06-17,260.6745910644531
2019-06-18,263.40411376953125
2019-06-19,263.9986572265625
2019-06-20,266.52099609375
2019-06-21,266.1335144042969
2019-06-24,265.80767822265625
2019-06-25,263.20062255859375
2019-06-26,262.9381408691406
2019-06-27,263.8705139160156
2019-06-28,265.2283630371094
2019-07-01,267.63629150390625
2019-07-02,268.33319091796875
2019-07-03,270.4786682128906
2019-07-05,270.1708679199219
2019-07-08,268.686279296875
2019-07-09,269.0212097167969
2019-07-10,270.306640625
2019-07-11,270.9403381347656
2019-07-12,272.1532897949219
2019-07-15,272.2437438964844
2019-07-16,271.3656921386719
2019-07-17,269.51910400390625
2019-07-18,270.5057067871094
2019-07-19,269.00311279296875
2019-07-22,269.663818359375
2019-07-23,271.59197998046875
2019-07-24,272.8683776855469
2019-07-25,271.5649108886719
2019-07-26,273.3843688964844
2019-07-29,272.8865051269531
2019-07-30,272.2166748046875
2019-07-31,269.2385559082031
2019-08-01,266.8940124511719
2019-08-02,264.8843994140625
2019-08-05,256.9185485839844
2019-08-06,260.5212097167969
2019-08-07,260.6751708984375
2019-08-08,265.78961181640625
2019-08-09,263.9791564941406
2019-08-12,260.76568603515625
2019-08-13,264.8210144042969
2019-08-14,256.990966796875
2019-08-15,257.66986083984375
2019-08-16,261.4717712402344
2019-08-19,264.6217956542969
2019-08-20,262.59417724609375
2019-08-21,264.73052978515625
2019-08-22,264.64898681640625
2019-08-23,257.8507995605469
2019-08-26,260.70233154296875
2019-08-27,259.6794738769531
2019-08-28,261.5079650878906
2019-08-29,264.8481750488281
2019-08-30,264.73052978515625
2019-09-03,263.18255615234375
2019-09-04,266.16986083984375
2019-09-05,269.59149169921875
2019-09-06,269.7997131347656
2019-09-09,269.935546875
2019-09-10,269.8721008300781
2019-09-11,271.7912292480469
2019-09-12,272.7325439453125
2019-09-13,272.55157470703125
2019-09-16,271.7096862792969
2019-09-17,272.3977355957031
2019-09-18,272.5605773925781
2019-09-19,272.54254150390625
2019-09-20,271.25482177734375
2019-09-23,271.191162109375
2019-09-24,269.0632019042969
2019-09-25,270.6546325683594
2019-09-26,270.0907897949219
2019-09-27,268.6357116699219
2019-09-30,269.8816223144531
2019-10-01,266.6714172363281
2019-10-02,261.9607849121094
2019-10-03,264.10699462890625
2019-10-04,267.680908203125
2019-10-07,266.5259094238281
2019-10-08,262.38818359375
2019-10-09,264.8798828125
2019-10-10,266.6714172363281
2019-10-11,269.43597412109375
2019-10-14,269.13592529296875
2019-10-15,271.8005065917969
2019-10-16,271.3639831542969
2019-10-17,272.1641845703125
2019-10-18,270.9728698730469
2019-10-21,272.80987548828125
2019-10-22,271.918701171875
2019-10-23,272.7099304199219
2019-10-24,273.1554260253906
2019-10-25,274.27392578125
2019-10-28,275.8199462890625
2019-10-29,275.7381286621094
2019-10-30,276.5838928222656
2019-10-31,275.8473205566406
2019-11-01,278.4027404785156
2019-11-04,279.5212097167969
2019-11-05,279.2120056152344
2019-11-06,279.2757263183594
2019-11-07,280.25787353515625
2019-11-08,280.94903564453125
2019-11-11,280.4124450683594
2019-11-12,281.0035400390625
2019-11-13,281.0945129394531
2019-11-14,281.503662109375
2019-11-15,283.54071044921875
2019-11-18,283.74993896484375
2019-11-19,283.6680603027344
2019-11-20,282.6131591796875
2019-11-21,282.1584777832031
2019-11-22,282.7859802246094
2019-11-25,284.97760009765625
2019-11-26,285.623291015625
2019-11-27,286.89654541015625
2019-11-29,285.83245849609375
2019-12-02,283.4043884277344
2019-12-03,281.503662109375
2019-12-04,283.2406921386719
2019-12-05,283.74993896484375
2019-12-06,286.3416748046875
2019-12-09,285.4413757324219
2019-12-10,285.1231689453125
2019-12-11,285.9324035644531
2019-12-12,288.3968811035156
2019-12-13,288.56976318359375
2019-12-16,290.55224609375
2019-12-17,290.6158447265625
2019-12-18,290.634033203125
2019-12-19,291.82537841796875
2019-12-20,293.10479736328125
2019-12-23,293.5525817871094
2019-12-24,293.5617370605469
2019-12-26,295.1244201660156
2019-12-27,295.05120849609375
2019-12-30,293.424560546875
2019-12-31,294.137451171875
2020-01-02,296.8881530761719
2020-01-03,294.6400451660156
2020-01-06,295.7641296386719
2020-01-07,294.9324951171875
2020-01-08,296.5044860839844
2020-01-09,298.514892578125
2020-01-10,297.6558532714844
2020-01-13,299.70294189453125
2020-01-14,299.2459411621094
2020-01-15,299.92218017578125
2020-01-16,302.4171142578125
2020-01-17,303.3583068847656
2020-01-21,302.7642822265625
2020-01-22,302.8008728027344
2020-01-23,303.14825439453125
2020-01-24,300.4522705078125
2020-01-27,295.6362609863281
2020-01-28,298.7342224121094
2020-01-29,298.4874267578125
2020-01-30,299.4561462402344
2020-01-31,294.0186462402344
2020-02-03,296.2027587890625
2020-02-04,300.7172546386719
2020-02-05,304.1899108886719
2020-02-06,305.2135009765625
2020-02-07,303.5868225097656
2020-02-10,305.85321044921875
2020-02-11,306.3832092285156
2020-02-12,308.35723876953125
2020-02-13,308.02825927734375
2020-02-14,308.5216979980469
2020-02-18,307.7267150878906
2020-02-19,309.19793701171875
2020-02-20,307.927734375
2020-02-21,304.7565612792969
2020-02-24,294.6492004394531
2020-02-25,285.7207336425781
2020-02-26,284.6697692871094
2020-02-27,271.884765625
2020-02-28,270.7424621582031
2020-03-02,282.4674072265625
2020-03-03,274.3796081542969
2020-03-04,285.91253662109375
2020-03-05,276.408447265625
2020-03-06,271.83905029296875
2020-03-09,250.60992431640625
2020-03-10,263.57769775390625
2020-03-11,250.7287139892578
2020-03-12,226.73968505859375
2020-03-13,246.12286376953125
2020-03-16,219.19117736816406
2020-03-17,231.02572631835938
2020-03-18,219.32821655273438
2020-03-19,219.7942657470703
2020-03-20,210.3224639892578
2020-03-23,204.9449005126953
2020-03-24,223.51353454589844
2020-03-25,226.8595733642578
2020-03-26,240.1058807373047
2020-03-27,232.9541778564453
2020-03-30,240.5194854736328
2020-03-31,236.9344940185547
2020-04-01,226.27127075195312
2020-04-02,231.49256896972656
2020-04-03,228.14657592773438
2020-04-06,243.4702606201172
2020-04-07,243.71839904785156
2020-04-08,251.89971923828125
2020-04-09,255.7329559326172
2020-04-13,253.3981170654297
2020-04-14,260.8715515136719
2020-04-15,255.3285675048828
2020-04-16,256.56024169921875
2020-04-17,263.4913330078125
2020-04-20,258.8492431640625
2020-04-21,250.98971557617188
2020-04-22,256.56024169921875
2020-04-23,256.5419006347656
2020-04-24,260.1177978515625
2020-04-27,263.8681945800781
2020-04-28,262.65484619140625
2020-04-29,269.5308532714844
2020-04-30,267.0212097167969
2020-05-01,259.9523620605469
2020-05-04,260.6692810058594
2020-05-05,263.07769775390625
2020-05-06,261.29437255859375
2020-05-07,264.4473571777344
2020-05-08,268.8229675292969
2020-05-11,268.87811279296875
2020-05-12,263.5189208984375
2020-05-13,258.8584289550781
2020-05-14,261.9562072753906
2020-05-15,263.16046142578125
2020-05-18,271.1761779785156
2020-05-19,268.3909606933594
2020-05-20,272.95037841796875
2020-05-21,271.0659484863281
2020-05-22,271.5807800292969
2020-05-26,274.9267883300781
2020-05-27,279.01739501953125
2020-05-28,278.5025634765625
2020-05-29,279.74359130859375
2020-06-01,280.87420654296875
2020-06-02,283.1998596191406
2020-06-03,286.9687805175781
2020-06-04,286.2149658203125
2020-06-05,293.55059814453125
2020-06-08,297.0988464355469
2020-06-09,294.88348388671875
2020-06-10,293.2380676269531
2020-06-11,276.3330993652344
2020-06-12,279.64239501953125
2020-06-15,282.2530517578125
2020-06-16,287.6857604980469
2020-06-17,286.49078369140625
2020-06-18,286.60107421875
2020-06-19,284.9632568359375
2020-06-22,286.791259765625
2020-06-23,288.111572265625
2020-06-24,280.76226806640625
2020-06-25,283.7721252441406
2020-06-26,277.0322265625
2020-06-29,281.10382080078125
2020-06-30,284.70465087890625
2020-07-01,286.698974609375
2020-07-02,288.27783203125
2020-07-06,292.72796630859375
2020-07-07,289.7089538574219
2020-07-08,291.9248046875
2020-07-09,290.2628173828125
2020-07-10,293.22662353515625
2020-07-13,290.6875305175781
2020-07-14,294.45458984375
2020-07-15,297.15985107421875
2020-07-16,296.18115234375
2020-07-17,297.039794921875
2020-07-20,299.4403076171875
2020-07-21,300.0774230957031
2020-07-22,301.7854309082031
2020-07-23,298.18463134765625
2020-07-24,296.26422119140625
2020-07-27,298.4247741699219
2020-07-28,296.531982421875
2020-07-29,300.178955078125
2020-07-30,299.10791015625
2020-07-31,301.4715576171875
2020-08-03,303.56744384765625
2020-08-04,304.7398681640625
2020-08-05,306.6327209472656
2020-08-06,308.68243408203125
2020-08-07,308.9040222167969
2020-08-10,309.8273010253906
2020-08-11,307.269775390625
2020-08-12,311.5538635253906
2020-08-13,310.9906311035156
2020-08-14,310.9998474121094
2020-08-17,311.9878234863281
2020-08-18,312.66180419921875
2020-08-19,311.3599853515625
2020-08-20,312.3294372558594
2020-08-21,313.43731689453125
2020-08-24,316.6133728027344
2020-08-25,317.721435546875
2020-08-26,320.90667724609375
2020-08-27,321.6083679199219
2020-08-28,323.68585205078125
2020-08-31,322.5132751464844
2020-09-01,325.55084228515625
2020-09-02,330.2596435546875
2020-09-03,318.8940124511719
2020-09-04,316.2903137207031
2020-09-08,307.6483459472656
2020-09-09,313.7235412597656
2020-09-10,308.2761535644531
2020-09-11,308.43310546875
2020-09-14,312.4955749511719
2020-09-15,314.07452392578125
2020-09-16,312.82794189453125
2020-09-17,310.07659912109375
2020-09-18,306.5067443847656
2020-09-21,303.0955505371094
2020-09-22,306.18231201171875
2020-09-23,299.0816345214844
2020-09-24,299.8788757324219
2020-09-25,304.7269592285156
2020-09-28,309.78826904296875
2020-09-29,308.1011962890625
2020-09-30,310.437255859375
2020-10-01,312.43023681640625
2020-10-02,309.4638366699219
2020-10-05,314.9515686035156
2020-10-06,310.4742126464844
2020-10-07,315.8786315917969
2020-10-08,318.6781005859375
2020-10-09,321.52392578125
2020-10-12,326.6964111328125
2020-10-13,324.564453125
2020-10-14,322.5249938964844
2020-10-15,322.1264953613281
2020-10-16,321.9317932128906
2020-10-19,317.03729248046875
2020-10-20,318.3072509765625
2020-10-21,317.7048034667969
2020-10-22,319.4473571777344
2020-10-23,320.5320739746094
2020-10-26,314.6086120605469
2020-10-27,313.52410888671875
2020-10-28,302.8081359863281
2020-10-29,305.88568115234375
2020-10-30,302.6968688964844
2020-11-02,306.089599609375
2020-11-03,311.4939880371094
2020-11-04,318.45556640625
2020-11-05,324.6663513183594
2020-11-06,324.59222412109375
2020-11-09,328.67095947265625
2020-11-10,328.18896484375
2020-11-11,330.6269226074219
2020-11-12,327.4195556640625
2020-11-13,331.9524841308594
2020-11-16,336.09613037109375
2020-11-17,334.2884521484375
2020-11-18,330.2652893066406
2020-11-19,331.65582275390625
2020-11-20,329.3847351074219
2020-11-23,331.3592224121094
2020-11-24,336.6985778808594
2020-11-25,336.17950439453125
2020-11-27,337.1157531738281
2020-11-30,335.623291015625
2020-12-01,339.2940979003906
2020-12-02,340.0079040527344
2020-12-03,339.9152526855469
2020-12-04,342.8445129394531
2020-12-07,342.13995361328125
2020-12-08,343.1410827636719
2020-12-09,340.06353759765625
2020-12-10,339.9523620605469
2020-12-11,339.5537109375
2020-12-14,338.0334167480469
2020-12-15,342.6034851074219
2020-12-16,343.1410827636719
2020-12-17,345.0599670410156
2020-12-18,343.6822509765625
2020-12-21,342.4533996582031
2020-12-22,341.8761901855469
2020-12-23,342.183349609375
2020-12-24,343.5145568847656
2020-12-28,346.4656677246094
2020-12-29,345.8046569824219
2020-12-30,346.2980651855469
2020-12-31,348.0576171875
2021-01-04,343.319091796875
2021-01-05,345.6836853027344
2021-01-06,347.7503662109375
2021-01-07,352.91705322265625
2021-01-08,354.9278259277344
2021-01-11,352.535400390625
2021-01-12,352.60992431640625
2021-01-13,353.55938720703125
2021-01-14,352.3211975097656
2021-01-15,349.7518615722656
2021-01-19,352.49810791015625
2021-01-20,357.3762512207031
2021-01-21,357.7020263671875
2021-01-22,356.4360046386719
2021-01-25,357.8416442871094
2021-01-26,357.2831726074219
2021-01-27,348.5510559082031
2021-01-28,351.5486145019531
2021-01-29,344.5107421875
2021-02-01,350.2452697753906
2021-02-02,355.1978454589844
2021-02-03,355.4770812988281
2021-02-04,359.51739501953125
2021-02-05,360.93243408203125
2021-02-08,363.5390625
2021-02-09,363.29693603515625
2021-02-10,363.1387023925781
2021-02-11,363.7253112792969
2021-02-12,365.5218811035156
2021-02-16,365.20538330078125
2021-02-17,365.2891540527344
2021-02-18,363.73455810546875
2021-02-19,363.0921936035156
2021-02-22,360.2992858886719
2021-02-23,360.7369689941406
2021-02-24,364.71197509765625
2021-02-25,355.92401123046875
2021-02-26,354.0900573730469
2021-03-01,362.6732482910156
2021-03-02,359.8432312011719
2021-03-03,355.07684326171875
2021-03-04,350.68280029296875
2021-03-05,357.1341857910156
2021-03-08,355.35614013671875
2021-03-09,360.4296569824219
2021-03-10,362.6732482910156
2021-03-11,366.35040283203125
2021-03-12,366.8438415527344
2021-03-15,369.0315246582031
2021-03-16,368.56610107421875
2021-03-17,369.8228759765625
2021-03-18,364.4420166015625
2021-03-19,363.7676696777344
2021-03-22,366.67236328125
2021-03-23,363.7863464355469
2021-03-24,361.9370422363281
2021-03-25,363.97314453125
2021-03-26,369.8385314941406
2021-03-29,369.65179443359375
2021-03-30,368.67108154296875
2021-03-31,370.1654968261719
2021-04-01,374.16290283203125
2021-04-05,379.53326416015625
2021-04-06,379.3091735839844
2021-04-07,379.74810791015625
2021-04-08,381.55072021484375
2021-04-09,384.3246765136719
2021-04-12,384.4647521972656
2021-04-13,385.6042175292969
2021-04-14,384.2873229980469
2021-04-15,388.4154357910156
2021-04-16,389.7137145996094
2021-04-19,387.799072265625
2021-04-20,384.9597473144531
2021-04-21,388.6022033691406
2021-04-22,385.05316162109375
2021-04-23,389.2279968261719
2021-04-26,390.0406188964844
2021-04-27,389.95654296875
2021-04-28,389.844482421875
2021-04-29,392.3288879394531
2021-04-30,389.7511291503906
2021-05-03,390.5916442871094
2021-05-04,388.1820068359375
2021-05-05,388.3034362792969
2021-05-06,391.4042663574219
2021-05-07,394.2529296875
2021-05-10,390.348876953125
2021-05-11,386.8650207519531
2021-05-12,378.64605712890625
2021-05-13,383.1945495605469
2021-05-14,389.07867431640625
2021-05-17,388.0885314941406
2021-05-18,384.7449951171875
2021-05-19,383.7362060546875
2021-05-20,387.864501953125
2021-05-21,387.5469055175781
2021-05-24,391.4977111816406
2021-05-25,390.6290283203125
2021-05-26,391.4042663574219
2021-05-27,391.6097412109375
2021-05-28,392.3102111816406
2021-06-01,391.96466064453125
2021-06-02,392.5810241699219
2021-06-03,391.1241149902344
2021-06-04,394.7012023925781
2021-06-07,394.3183288574219
2021-06-08,394.40234375
2021-06-09,393.8138427734375
2021-06-10,395.6445007324219
2021-06-11,396.29840087890625
2021-06-14,397.1855773925781
2021-06-15,396.4571228027344
2021-06-16,394.2435302734375
2021-06-17,394.1128234863281
2021-06-18,388.7961120605469
2021-06-21,394.3619689941406
2021-06-22,396.4704284667969
2021-06-23,395.99249267578125
2021-06-24,398.3351135253906
2021-06-25,399.7500305175781
2021-06-28,400.5558776855469
2021-06-29,400.77142333984375
2021-06-30,401.1087341308594
2021-07-01,403.3294982910156
2021-07-02,406.41241455078125
2021-07-06,405.672119140625
2021-07-07,407.10577392578125
2021-07-08,403.78875732421875
2021-07-09,408.0990295410156
2021-07-12,409.56085205078125
2021-07-13,408.1646423339844
2021-07-14,408.77362060546875
2021-07-15,407.37744140625
2021-07-16,404.1822204589844
2021-07-19,398.2132873535156
2021-07-20,403.9198303222656
2021-07-21,407.1900634765625
2021-07-22,408.04278564453125
2021-07-23,412.2407531738281
2021-07-26,413.252685546875
2021-07-27,411.3692932128906
2021-07-28,411.20062255859375
2021-07-29,412.90606689453125
2021-07-30,410.90087890625
2021-08-02,410.0386657714844
2021-08-03,413.37457275390625
2021-08-04,411.3411865234375
2021-08-05,413.9461975097656
2021-08-06,414.63018798828125
2021-08-09,414.2928466796875
2021-08-10,414.8082580566406
2021-08-11,415.8389892578125
2021-08-12,417.08526611328125
2021-08-13,417.84423828125
2021-08-16,418.828125
2021-08-17,416.08258056640625
2021-08-18,411.528564453125
2021-08-19,412.165771484375
2021-08-20,415.4454345703125
2021-08-23,419.0999450683594
2021-08-24,419.76519775390625
2021-08-25,420.64599609375
2021-08-26,418.1628112792969
2021-08-27,421.9016418457031
2021-08-30,423.7569580078125
2021-08-31,423.129150390625
2021-09-01,423.3539733886719
2021-09-02,424.656494140625
2021-09-03,424.55340576171875
2021-09-07,423.0354309082031
2021-09-08,422.5200500488281
2021-09-09,420.7115783691406
2021-09-10,417.3945007324219
2021-09-13,418.462646484375
2021-09-14,416.20440673828125
2021-09-15,419.6808776855469
2021-09-16,419.0155029296875
2021-09-17,414.9338073730469
2021-09-20,408.0151672363281
2021-09-21,407.6297607421875
2021-09-22,411.6060791015625
2021-09-23,416.6070861816406
2021-09-24,417.29345703125
2021-09-27,416.0996398925781
2021-09-28,407.71441650390625
2021-09-29,408.400634765625
2021-09-30,403.4090270996094
2021-10-01,408.20318603515625
2021-10-04,402.93896484375
2021-10-05,407.1315002441406
2021-10-06,408.8236389160156
2021-10-07,412.35821533203125
2021-10-08,411.6060791015625
2021-10-11,408.626220703125
2021-10-12,407.6203308105469
2021-10-13,409.08685302734375
2021-10-14,415.9679260253906
2021-10-15,419.1358642578125
2021-10-18,420.376708984375
2021-10-19,423.619873046875
2021-10-20,425.2837219238281
2021-10-21,426.3929748535156
2021-10-22,425.9511413574219
2021-10-25,428.2354736328125
2021-10-26,428.6208190917969
2021-10-27,426.72198486328125
2021-10-28,430.8394470214844
2021-10-29,431.7135925292969
2021-11-01,432.4563293457031
2021-11-02,434.2047424316406
2021-11-03,436.85565185546875
2021-11-04,438.9143371582031
2021-11-05,440.4371337890625
2021-11-08,440.8132019042969
2021-11-09,439.3561706542969
2021-11-10,435.82159423828125
2021-11-11,435.96258544921875
2021-11-12,439.2527160644531
2021-11-15,439.403076171875
2021-11-16,441.14227294921875
2021-11-17,440.0706481933594
2021-11-18,441.56524658203125
2021-11-19,440.775634765625
2021-11-22,439.5347595214844
2021-11-23,440.1175842285156
2021-11-24,441.2925720214844
2021-11-26,431.45037841796875
2021-11-29,436.7428894042969
2021-11-30,428.244873046875
2021-12-01,423.4882507324219
2021-12-02,429.97454833984375
2021-12-03,426.2331848144531
2021-12-06,431.2812194824219
2021-12-07,440.2021179199219
2021-12-08,441.3678283691406
2021-12-09,438.387939453125
2021-12-10,442.51470947265625
2021-12-13,438.5947265625
2021-12-14,435.5771484375
2021-12-15,442.3830871582031
2021-12-16,438.4819030761719
2021-12-17,433.8152160644531
2021-12-20,429.2022705078125
2021-12-21,436.824462890625
2021-12-22,441.1921691894531
2021-12-23,443.9372253417969
2021-12-27,450.219970703125
2021-12-28,449.8520202636719
2021-12-29,450.4274597167969
2021-12-30,449.1822509765625
2021-12-31,448.0502014160156
2022-01-03,450.6443786621094
2022-01-04,450.4934997558594
2022-01-05,441.8430480957031
2022-01-06,441.427978515625
2022-01-07,439.68280029296875
2022-01-10,439.1357116699219
2022-01-11,443.13543701171875
2022-01-12,444.3335266113281
2022-01-13,438.2111511230469
2022-01-14,438.390380859375
2022-01-18,430.6266784667969
2022-01-19,426.1552734375
2022-01-20,421.4385681152344
2022-01-21,413.16546630859375
2022-01-24,414.9200744628906
2022-01-25,409.8542785644531
2022-01-26,408.8260498046875
2022-01-27,406.8072509765625
2022-01-28,416.9105224609375
2022-01-31,424.4195251464844
2022-02-01,427.2872619628906
2022-02-02,431.43792724609375
2022-02-03,421.2970275878906
2022-02-04,423.2781066894531
2022-02-07,421.9196472167969
2022-02-08,425.3911437988281
2022-02-09,431.6172180175781
2022-02-10,423.8628845214844
2022-02-11,415.5048522949219
2022-02-14,414.146484375
2022-02-15,420.82537841796875
2022-02-16,421.2970275878906
2022-02-17,412.2974853515625
2022-02-18,409.6278991699219
2022-02-22,405.2319641113281
2022-02-23,398.04364013671875
2022-02-24,404.03387451171875
2022-02-25,412.9484558105469
2022-02-28,411.8919677734375
2022-03-01,405.61871337890625
2022-03-02,413.0805358886719
2022-03-03,411.0240173339844
2022-03-04,407.68463134765625
2022-03-07,395.6663818359375
2022-03-08,392.6665954589844
2022-03-09,403.1943054199219
2022-03-10,401.37359619140625
2022-03-11,396.2701416015625
2022-03-14,393.3741455078125
2022-03-15,402.0245361328125
2022-03-16,410.9390869140625
2022-03-17,416.08038330078125
2022-03-18,420.6375732421875
2022-03-21,420.5145568847656
2022-03-22,425.4351501464844
2022-03-23,419.9562683105469
2022-03-24,426.28680419921875
2022-03-25,428.3686218261719
2022-03-28,431.4156188964844
2022-03-29,436.7526550292969
2022-03-30,434.0557556152344
2022-03-31,427.3750915527344
2022-04-01,428.5863342285156
2022-04-04,432.2578125
2022-04-05,426.7978515625
2022-04-06,422.53021240234375
2022-04-07,424.6593017578125
2022-04-08,423.52374267578125
2022-04-11,416.28472900390625
2022-04-12,414.7423400878906
2022-04-13,419.49261474609375
2022-04-14,414.26922607421875
2022-04-18,414.4394836425781
2022-04-19,421.12969970703125
2022-04-20,420.8173828125
2022-04-21,414.52471923828125
2022-04-22,403.1504211425781
2022-04-25,405.4877624511719
2022-04-26,393.7445068359375
2022-04-27,394.85162353515625
2022-04-28,404.8253173828125
2022-04-29,389.86474609375
2022-05-02,392.2115478515625
2022-05-03,394.009521484375
2022-05-04,406.0082092285156
2022-05-05,391.5774841308594
2022-05-06,389.2402038574219
2022-05-09,376.7778015136719
2022-05-10,377.6484375
2022-05-11,371.64898681640625
2022-05-12,371.2610168457031
2022-05-13,380.1371154785156
2022-05-16,378.5946350097656
2022-05-17,386.3825378417969
2022-05-18,370.8067932128906
2022-05-19,368.53570556640625
2022-05-20,368.6965637207031
2022-05-23,375.59490966796875
2022-05-24,372.72772216796875
2022-05-25,376.020751953125
2022-05-26,383.53424072265625
2022-05-27,392.9496154785156
2022-05-31,390.7447509765625
2022-06-01,387.5842590332031
2022-06-02,394.96514892578125
2022-06-03,388.48321533203125
2022-06-06,389.66607666015625
2022-06-07,393.4038391113281
2022-06-08,389.1266174316406
2022-06-09,379.8721008300781
2022-06-10,368.8575439453125
2022-06-13,354.8526306152344
2022-06-14,353.7832946777344
2022-06-15,358.8270568847656
2022-06-16,346.9512634277344
2022-06-17,347.69915771484375
2022-06-21,356.45208740234375
2022-06-22,355.8058166503906
2022-06-23,359.29364013671875
2022-06-24,370.7169494628906
2022-06-27,369.3009033203125
2022-06-28,361.75506591796875
2022-06-29,361.4604187011719
2022-06-30,358.5238037109375
2022-07-01,362.3157653808594
2022-07-05,363.0000305175781
2022-07-06,364.22601318359375
2022-07-07,369.6810607910156
2022-07-08,369.37701416015625
2022-07-11,365.1573791503906
2022-07-12,361.92608642578125
2022-07-13,360.025390625
2022-07-14,359.1510009765625
2022-07-15,366.0126647949219
2022-07-18,362.99053955078125
2022-07-19,372.7982177734375
2022-07-20,375.1741027832031
2022-07-21,378.99462890625
2022-07-22,375.478271484375
2022-07-25,375.9344177246094
2022-07-26,371.4867248535156
2022-07-27,381.1329345703125
2022-07-28,385.9132995605469
2022-07-29,391.53936767578125
2022-08-01,390.37994384765625
2022-08-02,387.8044738769531
2022-08-03,393.87725830078125
2022-08-04,393.6112060546875
2022-08-05,392.9459228515625
2022-08-08,392.4897766113281
2022-08-09,390.9311828613281
2022-08-10,399.1422119140625
2022-08-11,399.1422119140625
2022-08-12,405.8993225097656
2022-08-15,407.5719299316406
2022-08-16,408.3702392578125
2022-08-17,405.4716491699219
2022-08-18,406.650146484375
2022-08-19,401.185546875
2022-08-22,392.8318786621094
2022-08-23,391.88153076171875
2022-08-24,393.135986328125
2022-08-25,398.6861267089844
2022-08-26,385.19091796875
2022-08-29,382.64398193359375
2022-08-30,378.4433898925781
2022-08-31,375.56378173828125
2022-09-01,376.74224853515625
2022-09-02,372.76971435546875
2022-09-06,371.36322021484375
2022-09-07,378.0347595214844
2022-09-08,380.5057067871094
2022-09-09,386.4169006347656
2022-09-12,390.57000732421875
2022-09-13,373.5871276855469
2022-09-14,375.01263427734375
2022-09-15,370.7549743652344
2022-09-16,367.9264831542969
2022-09-19,370.77978515625
2022-09-20,366.5237121582031
2022-09-21,360.13018798828125
2022-09-22,357.10516357421875
2022-09-23,351.1219482421875
2022-09-26,347.64837646484375
2022-09-27,346.7608947753906
2022-09-28,353.5839538574219
2022-09-29,346.1979675292969
2022-09-30,340.84442138671875
2022-10-03,349.84320068359375
2022-10-04,360.68359375
2022-10-05,359.8439025878906
2022-10-06,356.1318359375
2022-10-07,346.1979675292969
2022-10-10,343.55462646484375
2022-10-11,341.3788757324219
2022-10-12,340.25286865234375
2022-10-13,349.2324523925781
2022-10-14,341.27392578125
2022-10-17,350.0435485839844
2022-10-18,354.1564636230469
2022-10-19,351.6467590332031
2022-10-20,348.6980895996094
2022-10-21,357.1719055175781
2022-10-24,361.5425109863281
2022-10-25,367.3157958984375
2022-10-26,364.54840087890625
2022-10-27,362.6017150878906
2022-10-28,371.2282409667969
2022-10-31,368.5467529296875
2022-11-01,366.9341125488281
2022-11-02,357.72540283203125
2022-11-03,354.0419921875
2022-11-04,359.13775634765625
2022-11-07,362.5731506347656
2022-11-08,364.52935791015625
2022-11-09,357.01922607421875
2022-11-10,376.638916015625
2022-11-11,380.2842712402344
2022-11-14,377.04925537109375
2022-11-15,380.26513671875
2022-11-16,377.3642272949219
2022-11-17,376.20953369140625
2022-11-18,377.91766357421875
2022-11-21,376.5435485839844
2022-11-22,381.6106872558594
2022-11-23,384.0154724121094
2022-11-25,383.9295349121094
2022-11-28,377.80322265625
2022-11-29,377.154296875
2022-11-30,389.03485107421875
2022-12-01,388.7485656738281
2022-12-02,388.30010986328125
2022-12-05,381.31488037109375
2022-12-06,375.8182678222656
2022-12-07,375.178955078125
2022-12-08,378.11810302734375
2022-12-09,375.29339599609375
2022-12-12,380.7041015625
2022-12-13,383.58599853515625
2022-12-14,381.133544921875
2022-12-15,371.8103942871094
2022-12-16,367.42071533203125
2022-12-19,364.30511474609375
2022-12-20,364.8036193847656
2022-12-21,370.25836181640625
2022-12-22,364.9761657714844
2022-12-23,367.0756530761719
2022-12-27,365.6280517578125
2022-12-28,361.0841064453125
2022-12-29,367.58367919921875
2022-12-30,366.615478515625
2023-01-03,365.072021484375
2023-01-04,367.89044189453125
2023-01-05,363.69158935546875
2023-01-06,372.0318603515625
2023-01-09,371.8209228515625
2023-01-10,374.42840576171875
2023-01-11,379.1641540527344
2023-01-12,380.5445861816406
2023-01-13,382.0209045410156
2023-01-17,381.32110595703125
2023-01-18,375.3008117675781
2023-01-19,372.56866455078125
2023-01-20,379.5093078613281
2023-01-23,384.0628662109375
2023-01-24,383.6506652832031
2023-01-25,383.79443359375
2023-01-26,388.01251220703125
2023-01-27,388.90399169921875
2023-01-30,384.02447509765625
2023-01-31,389.67095947265625
2023-02-01,393.8122863769531
2023-02-02,399.5450134277344
2023-02-03,395.2981872558594
2023-02-06,392.88238525390625
2023-02-07,398.0207824707031
2023-02-08,393.66851806640625
2023-02-09,390.2557373046875
2023-02-10,391.16644287109375
2023-02-13,395.75836181640625
2023-02-14,395.5762634277344
2023-02-15,396.8608093261719
2023-02-16,391.396484375
2023-02-17,390.418701171875
2023-02-21,382.58660888671875
2023-02-22,382.0593566894531
2023-02-23,384.09161376953125
2023-02-24,379.98858642578125
2023-02-27,381.28277587890625
2023-02-28,379.87353515625
2023-03-01,378.4164733886719
2023-03-02,381.3594970703125
2023-03-03,387.47564697265625
2023-03-06,387.74407958984375
2023-03-07,381.8004150390625
2023-03-08,382.4235534667969
2023-03-09,375.3679504394531
2023-03-10,369.9515380859375
2023-03-13,369.42431640625
2023-03-14,375.5309143066406
2023-03-15,373.1822204589844
2023-03-16,379.72979736328125
2023-03-17,375.2897644042969
2023-03-20,378.8983459472656
2023-03-21,383.8734436035156
2023-03-22,377.32977294921875
2023-03-23,378.3498229980469
2023-03-24,380.83258056640625
2023-03-27,381.5447082519531
2023-03-28,380.6882019042969
2023-03-29,386.2215270996094
2023-03-30,388.4829406738281
2023-03-31,393.9584655761719
2023-04-03,395.4596252441406
2023-04-04,393.2655944824219
2023-04-05,392.2359313964844
2023-04-06,393.7660217285156
2023-04-10,394.170166015625
2023-04-11,394.2760009765625
2023-04-12,392.6689453125
2023-04-13,397.8846130371094
2023-04-14,396.9127197265625
2023-04-17,398.3369140625
2023-04-18,398.5967102050781
2023-04-19,398.5294494628906
2023-04-20,396.3545837402344
2023-04-21,396.6625061035156
2023-04-24,397.0763244628906
2023-04-25,390.773193359375
2023-04-26,389.1180114746094
2023-04-27,396.8646545410156
2023-04-28,400.2519226074219
2023-05-01,399.8477478027344
2023-05-02,395.3537902832031
2023-05-03,392.64007568359375
2023-05-04,389.8590087890625
2023-05-05,397.0763244628906
2023-05-08,397.18212890625
2023-05-09,395.4403991699219
2023-05-10,397.28802490234375
2023-05-11,396.59515380859375
2023-05-12,396.07550048828125
2023-05-15,397.4419860839844
2023-05-16,394.7860107421875
2023-05-17,399.5783386230469
2023-05-18,403.42755126953125
2023-05-19,402.8404846191406
2023-05-22,403.004150390625
2023-05-23,398.48126220703125
2023-05-24,395.5943603515625
2023-05-25,399.0201110839844
2023-05-26,404.1877136230469
2023-05-30,404.3416442871094
2023-05-31,402.0995178222656
2023-06-01,405.919921875
2023-06-02,411.7899475097656
2023-06-05,411.0008850097656
2023-06-06,411.8957824707031
2023-06-07,410.47161865234375
2023-06-08,412.9543151855469
2023-06-09,413.6953125
2023-06-12,417.4483337402344
2023-06-13,420.2005615234375
2023-06-14,420.70086669921875
2023-06-15,425.9166564941406
2023-06-16,424.46588134765625
2023-06-20,422.2636413574219
2023-06-21,420.10009765625
2023-06-22,421.6165771484375
2023-06-23,418.4290466308594
2023-06-26,416.7195129394531
2023-06-27,421.2881164550781
2023-06-28,421.5006103515625
2023-06-29,423.16192626953125
2023-06-30,428.155517578125
2023-07-03,428.64813232421875
2023-07-05,428.0106201171875
2023-07-06,424.6590576171875
2023-07-07,423.5869140625
2023-07-10,424.6590576171875
2023-07-11,427.363525390625
2023-07-12,430.802001953125
2023-07-13,434.2212219238281
2023-07-14,433.9508361816406
2023-07-17,435.4576110839844
2023-07-18,438.6933288574219
2023-07-19,439.6688232421875
2023-07-20,436.7518310546875
2023-07-21,436.7518310546875
2023-07-24,438.7029724121094
2023-07-25,439.9006042480469
2023-07-26,439.9682922363281
2023-07-27,437.05126953125
2023-07-28,441.33013916015625
2023-07-31,442.1703796386719
2023-08-01,440.9051818847656
2023-08-02,434.7718200683594
2023-08-03,433.52581787109375
2023-08-04,431.5650634765625
2023-08-07,435.33197021484375
2023-08-08,433.43890380859375
2023-08-09,430.5412292480469
2023-08-10,430.6957702636719
2023-08-11,430.4446716308594
2023-08-14,432.8207092285156
2023-08-15,427.7788391113281
2023-08-16,424.63970947265625
2023-08-17,421.4039611816406
2023-08-18,421.6069030761719
2023-08-21,424.3499755859375
2023-08-22,423.2005615234375
2023-08-23,427.9140930175781
2023-08-24,421.9836120605469
2023-08-25,424.9584655761719
2023-08-28,427.6532897949219
2023-08-29,433.8349304199219
2023-08-30,435.6217956542969
2023-08-31,434.98431396484375
2023-09-01,435.7956237792969
2023-09-05,433.9121398925781
2023-09-06,430.99517822265625
2023-09-07,429.6719665527344
2023-09-08,430.319091796875
2023-09-11,433.149169921875
2023-09-12,430.7730407714844
2023-09-13,431.2753601074219
2023-09-14,434.9939270019531
2023-09-15,429.75299072265625
2023-09-18,430.0050354003906
2023-09-19,429.1133117675781
2023-09-20,425.1683044433594
2023-09-21,418.1409912109375
2023-09-22,417.2007141113281
2023-09-25,418.9552001953125
2023-09-26,412.8001708984375
2023-09-27,412.9649658203125
2023-09-28,415.3591003417969
2023-09-29,414.35107421875
2023-10-02,414.1863098144531
2023-10-03,408.6419372558594
2023-10-04,411.6175842285156
2023-10-05,411.4625549316406
2023-10-06,416.3477783203125
2023-10-09,419.0133056640625
2023-10-10,421.1942138671875
2023-10-11,422.9195861816406
2023-10-12,420.34124755859375
2023-10-13,418.24761962890625
2023-10-16,422.6480712890625
2023-10-17,422.6286926269531
2023-10-18,416.9971618652344
2023-10-19,413.3332824707031
2023-10-20,408.25421142578125
2023-10-23,407.546630859375
2023-10-24,410.6192932128906
2023-10-25,404.7259826660156
2023-10-26,399.8795471191406
2023-10-27,398.0670166015625
2023-10-30,402.82623291015625
2023-10-31,405.3560791015625
2023-11-01,409.6790771484375
2023-11-02,417.5303039550781
2023-11-03,421.339599609375
2023-11-06,422.308837890625
2023-11-07,423.51080322265625
2023-11-08,423.82098388671875
2023-11-09,420.5157165527344
2023-11-10,427.07781982421875
2023-11-13,426.6707458496094
2023-11-14,434.9483642578125
2023-11-15,435.8691711425781
2023-11-16,436.40234375
2023-11-17,436.94512939453125
2023-11-20,440.3085632324219
2023-11-21,439.34893798828125
2023-11-22,441.0451354980469
2023-11-24,441.3166198730469
2023-11-27,440.52178955078125
2023-11-28,440.9579772949219
2023-11-29,440.6477966308594
2023-11-30,442.3828430175781
2023-12-01,444.9999084472656
2023-12-04,442.6639099121094
2023-12-05,442.5766906738281
2023-12-06,440.793212890625
2023-12-07,444.1566467285156
2023-12-08,446.06610107421875
2023-12-11,447.8011169433594
2023-12-12,449.8463439941406
2023-12-13,456.0498046875
2023-12-14,457.513427734375
2023-12-15,456.7601013183594
2023-12-18,459.3294372558594
2023-12-19,462.1225280761719
2023-12-20,455.7187805175781
2023-12-21,460.0399169921875
2023-12-22,460.9644470214844
2023-12-26,462.9108581542969
2023-12-27,463.7478332519531
2023-12-28,463.92303466796875
2023-12-29,462.5799865722656
2024-01-02,459.9912109375
2024-01-03,456.2345886230469
2024-01-04,454.7650146484375
2024-01-05,455.3879089355469
2024-01-08,461.88897705078125
2024-01-09,461.188232421875
2024-01-10,463.7964782714844
2024-01-11,463.5921325683594
2024-01-12,463.9132385253906
2024-01-16,462.21014404296875
2024-01-17,459.6408386230469
2024-01-18,463.7283630371094
2024-01-19,469.50927734375
2024-01-22,470.5019226074219
2024-01-23,471.87420654296875
2024-01-24,472.3900451660156
2024-01-25,474.95928955078125
2024-01-26,474.35589599609375
2024-01-29,478.1125183105469
2024-01-30,477.7427062988281
2024-01-31,469.9471740722656
2024-02-01,476.0979919433594
2024-02-02,481.11004638671875
2024-02-05,479.3583068847656
2024-02-06,480.7499084472656
2024-02-07,484.7596130371094
2024-02-08,484.9737243652344
2024-02-09,487.776611328125
2024-02-12,487.5624694824219
2024-02-13,480.8471984863281
2024-02-14,485.21697998046875
2024-02-15,488.56488037109375
2024-02-16,486.1318664550781
2024-02-20,483.45556640625
2024-02-21,483.8934326171875
2024-02-22,493.9078063964844
2024-02-23,494.24847412109375
2024-02-26,492.4382629394531
2024-02-27,493.3530578613281
2024-02-28,492.7010803222656
2024-02-29,494.4722900390625
2024-03-01,499.1145324707031
2024-03-04,498.5792541503906
2024-03-05,493.5964050292969
2024-03-06,496.0975036621094
2024-03-07,501.02203369140625
2024-03-08,498.01483154296875
2024-03-11,497.58660888671875
2024-03-12,502.9393615722656
2024-03-13,502.1509704589844
2024-03-14,501.1583557128906
2024-03-15,497.7170715332031
2024-03-18,500.6750793457031
2024-03-19,503.4574279785156
2024-03-20,508.114013671875
2024-03-21,509.7931213378906
2024-03-22,508.8266296386719
2024-03-25,507.4208984375
2024-03-26,506.4837341308594
2024-03-27,510.7401428222656
2024-03-28,510.642578125
2024-04-01,509.7539978027344
2024-04-02,506.5129699707031
2024-04-03,507.0694274902344
2024-04-04,500.880126953125
2024-04-05,506.1127624511719
2024-04-08,506.3957824707031
2024-04-09,506.98162841796875
2024-04-10,501.9051513671875
2024-04-11,505.6929016113281
2024-04-12,498.7127990722656
2024-04-15,492.46490478515625
2024-04-16,491.5667419433594
2024-04-17,488.65753173828125
2024-04-18,487.6520080566406
2024-04-19,483.3955993652344
2024-04-22,487.8472900390625
2024-04-23,493.6363830566406
2024-04-24,493.402099609375
2024-04-25,491.5277099609375
2024-04-26,496.18438720703125
2024-04-29,497.9416198730469
2024-04-30,490.0536193847656
2024-05-01,488.4622802734375
2024-05-02,493.0311279296875
2024-05-03,499.14239501953125
2024-05-06,504.2970275878906
2024-05-07,504.8534240722656
2024-05-08,504.9022216796875
2024-05-09,507.8113708496094
2024-05-10,508.465576171875
2024-05-13,508.5337829589844
2024-05-14,510.8670349121094
2024-05-15,517.1930541992188
2024-05-16,516.1290283203125
2024-05-17,516.8709106445312
2024-05-20,517.4664916992188
2024-05-21,518.7354736328125
2024-05-22,517.2418823242188
2024-05-23,513.4639282226562
2024-05-24,516.8612060546875
2024-05-28,517.2223510742188
2024-05-29,513.6005249023438
2024-05-30,510.1933898925781
2024-05-31,514.8403930664062
2024-06-03,515.2600708007812
2024-06-04,515.8361206054688
2024-06-05,521.966796875
2024-06-06,521.9572143554688
2024-06-07,521.3226318359375
2024-06-10,522.933349609375
2024-06-11,524.1926879882812
2024-06-12,528.4979858398438
2024-06-13,529.56201171875
2024-06-14,529.88427734375
2024-06-17,534.1015625
2024-06-18,535.4586181640625
2024-06-20,534.0039672851562
2024-06-21,533.2880249023438
2024-06-24,531.5545043945312
2024-06-25,533.6015014648438
2024-06-26,534.2674560546875
2024-06-27,535.1097412109375
2024-06-28,533.0040283203125
2024-07-01,534.1009521484375
2024-07-02,537.6952514648438
2024-07-03,540.0948486328125
2024-07-05,543.2092895507812
2024-07-08,543.8360595703125
2024-07-09,544.364990234375
2024-07-10,549.751708984375
2024-07-11,545.0112915039062
2024-07-12,548.448974609375
2024-07-15,549.9572143554688
2024-07-16,553.2185668945312
2024-07-17,545.4619140625
2024-07-18,541.27001953125
2024-07-19,537.6756591796875
2024-07-22,543.2190551757812
2024-07-23,542.366943359375
2024-07-24,530.0756225585938
2024-07-25,527.313720703125
2024-07-26,533.2195434570312
2024-07-29,533.532958984375
2024-07-30,530.8297729492188
2024-07-31,539.458251953125
2024-08-01,531.8189086914062
2024-08-02,521.9173583984375
2024-08-05,506.7171936035156
2024-08-06,511.38885498046875
2024-08-07,507.9707336425781
2024-08-08,519.7136840820312
2024-08-09,522.0054321289062
2024-08-12,522.2796630859375
2024-08-13,530.868896484375
2024-08-14,532.5437622070312
2024-08-15,541.6715698242188
2024-08-16,542.885986328125
2024-08-19,548.0767822265625
2024-08-20,547.1856079101562
2024-08-21,549.0660400390625
2024-08-22,544.7567138671875
2024-08-23,550.5447998046875
2024-08-26,549.2324829101562
2024-08-27,549.9866333007812
2024-08-28,546.7938232421875
2024-08-29,546.8427124023438
2024-08-30,552.0629272460938
2024-09-03,540.7020263671875
2024-09-04,539.5953369140625
2024-09-05,538.2830200195312
2024-09-06,529.2235717773438
2024-09-09,535.1488647460938
2024-09-10,537.4798583984375
2024-09-11,542.9937133789062
2024-09-12,547.5675659179688
2024-09-13,550.4273681640625
2024-09-16,551.2402954101562
2024-09-17,551.4654541015625
2024-09-18,549.8300170898438
2024-09-19,559.2124633789062
2024-09-20,558.2457885742188
2024-09-23,559.6408081054688
2024-09-24,561.2421264648438
2024-09-25,560.0042724609375
2024-09-26,562.224609375
2024-09-27,561.4090576171875
2024-09-30,563.6588134765625
2024-10-01,558.6093139648438
2024-10-02,558.8451538085938
2024-10-03,557.8234252929688
2024-10-04,562.8925170898438
2024-10-07,557.8037719726562
2024-10-08,563.0792236328125
2024-10-09,566.9793701171875
2024-10-10,565.9871826171875
2024-10-11,569.3763427734375
2024-10-14,574.0328979492188
2024-10-15,569.5728149414062
2024-10-16,572.0484619140625
2024-10-17,572.0975952148438
2024-10-18,574.298095703125
2024-10-21,573.3550415039062
2024-10-22,573.050537109375
2024-10-23,567.8143310546875
2024-10-24,569.0423583984375
2024-10-25,568.8457641601562
2024-10-28,570.6044311523438
2024-10-29,571.5278930664062
2024-10-30,569.798828125
2024-10-31,558.6289672851562
2024-11-01,560.9866943359375
2024-11-04,559.7783203125
2024-11-05,566.547119140625
2024-11-06,580.634521484375
2024-11-07,585.1240234375
2024-11-08,587.65869140625
2024-11-11,588.2186279296875
2024-11-12,586.3914794921875
2024-11-13,586.6763305664062
2024-11-14,582.9039916992188
2024-11-15,575.437744140625
2024-11-18,577.79541015625
2024-11-19,579.9075927734375
2024-11-20,580.1040649414062
2024-11-21,583.21826171875
2024-11-22,585.0259399414062
2024-11-25,587.0103759765625
2024-11-26,590.075439453125
2024-11-27,588.2874755859375
2024-11-29,591.9419555664062
2024-12-02,593.0029907226562
2024-12-03,593.2780151367188
2024-12-04,596.9619140625
2024-12-05,595.9795532226562
2024-12-06,597.109375
2024-12-09,594.034423828125
2024-12-10,592.1875
2024-12-11,596.7655029296875
2024-12-12,593.6906127929688
2024-12-13,593.57275390625
2024-12-16,596.1072998046875
2024-12-17,593.6512451171875
2024-12-18,575.9584350585938
2024-12-19,575.7815551757812
2024-12-20,582.697265625
2024-12-23,586.1866455078125
2024-12-24,592.7020263671875
2024-12-26,592.7415161132812
2024-12-27,586.5020751953125
2024-12-30,579.8091430664062
2024-12-31,577.6997680664062
2025-01-02,576.2803344726562
2025-01-03,583.48583984375
2025-01-06,586.8470458984375
2025-01-07,580.2133178710938
2025-01-08,581.0609741210938
2025-01-10,572.189697265625
2025-01-13,573.076904296875
2025-01-14,573.8653564453125
2025-01-15,584.303955078125
2025-01-16,583.1802368164062
2025-01-17,589.0353393554688
2025-01-21,594.4270629882812
2025-01-22,597.7686767578125
2025-01-23,601.03125
2025-01-24,599.2767944335938
2025-01-27,590.7997436523438
2025-01-28,595.8760986328125
2025-01-29,593.2047729492188
2025-01-30,596.3886108398438
2025-01-31,593.2147216796875
2025-02-03,589.2225952148438
2025-02-04,593.17529296875
2025-02-05,595.580322265625
2025-02-06,597.6503295898438
2025-02-07,592.1797485351562
2025-02-10,596.2012939453125
2025-02-11,596.6547241210938
2025-02-12,594.7326049804688
2025-02-13,601.0115356445312
2025-02-14,600.9820556640625
2025-02-18,602.746337890625
2025-02-19,604.1657104492188
2025-02-20,601.6522216796875
2025-02-21,591.3615112304688
2025-02-24,588.670654296875
2025-02-25,585.7429809570312
2025-02-26,586.038818359375
2025-02-27,576.6844482421875
2025-02-28,585.6838989257812
2025-03-03,575.4227905273438
2025-03-04,568.611572265625
2025-03-05,574.7229614257812
2025-03-06,564.5209350585938
2025-03-07,567.68505859375
2025-03-10,552.5643920898438
2025-03-11,547.970947265625
2025-03-12,550.8788452148438
2025-03-13,543.535400390625
2025-03-14,554.7625122070312
2025-03-17,559.0404052734375
2025-03-18,552.9981079101562
2025-03-19,559.0206909179688
2025-03-20,557.4041137695312
2025-03-21,557.5879516601562
2025-03-24,567.5736083984375
2025-03-25,568.93798828125
2025-03-26,562.1458740234375
2025-03-27,560.6528930664062
2025-03-28,549.3623657226562
2025-03-31,553.050048828125
2025-04-01,554.6121215820312
2025-04-02,558.1219482421875
2025-04-03,530.6172485351562
2025-04-04,499.5533447265625
2025-04-07,498.6635437011719
2025-04-08,490.8531188964844
2025-04-09,542.4021606445312
2025-04-10,518.6345825195312
2025-04-11,527.8885498046875
2025-04-14,533.0098266601562
2025-04-15,531.5169677734375
2025-04-16,519.7023315429688
2025-04-17,520.44384765625
2025-04-21,508.05584716796875
2025-04-22,521.2742919921875
2025-04-23,529.3517456054688
2025-04-24,540.4940185546875
2025-04-25,544.3992919921875
2025-04-28,544.6068725585938
2025-04-29,548.03759765625
2025-04-30,548.2550048828125
2025-05-01,552.1404418945312
2025-05-02,560.3364868164062
2025-05-05,557.1234130859375
2025-05-06,552.466796875
2025-05-07,554.7901611328125
2025-05-08,558.6558227539062
2025-05-09,557.9439697265625
2025-05-12,576.3826293945312
2025-05-13,580.18896484375
2025-05-14,580.9304809570312
2025-05-15,583.7679443359375
2025-05-16,587.465576171875
2025-05-19,588.108154296875
2025-05-20,586.1307983398438
2025-05-21,576.2540893554688
2025-05-22,576.4815063476562
2025-05-23,572.5465087890625
2025-05-27,584.4501342773438
2025-05-28,581.0689086914062
2025-05-29,583.3626098632812
2025-05-30,582.7101440429688
2025-06-02,585.992431640625
2025-06-03,589.3341674804688
2025-06-04,589.1759643554688
2025-06-05,586.3285522460938
2025-06-06,592.3495483398438
2025-06-09,592.8834228515625
2025-06-10,596.2449340820312
2025-06-11,594.5443725585938
2025-06-12,596.9073486328125
2025-06-13,590.2338256835938
2025-06-16,595.8494262695312
2025-06-17,590.7578735351562
2025-06-18,590.6688232421875
2025-06-20,589.2816162109375
2025-06-23,595.1022338867188
2025-06-24,601.676513671875
2025-06-25,602.0136108398438
2025-06-26,606.7236328125
2025-06-27,609.7380981445312
2025-06-30,612.6533813476562
2025-07-01,612.455078125
2025-07-02,615.2315063476562
2025-07-03,620.0803833007812
2025-07-07,615.4595336914062
2025-07-08,615.1224365234375
2025-07-09,618.8110961914062
2025-07-10,620.5563354492188
2025-07-11,618.3748168945312
2025-07-14,619.5548095703125
2025-07-15,616.9072875976562
2025-07-16,618.9697265625
2025-07-17,622.7576293945312
2025-07-18,622.3014526367188
2025-07-21,623.4815063476562
2025-07-22,623.5707397460938
2025-07-23,628.8757934570312
2025-07-24,629.0839233398438
2025-07-25,631.7413940429688
2025-07-28,631.5828247070312
2025-07-29,629.9169311523438
2025-07-30,629.1236572265625
2025-07-31,626.763671875
2025-08-01,616.4907836914062
2025-08-04,625.8612670898438
2025-08-05,622.688232421875
2025-08-06,627.457763671875
2025-08-07,626.9321899414062
2025-08-08,631.82080078125
2025-08-11,630.5713500976562
2025-08-12,637.284423828125
2025-08-13,639.4658813476562
2025-08-14,639.5254516601562
2025-08-15,638.0281372070312
2025-08-18,637.8892822265625
2025-08-19,634.4286499023438
2025-08-20,632.7429809570312
2025-08-21,630.2044677734375
2025-08-22,639.88232421875
2025-08-25,637.0662841796875
2025-08-26,639.7335815429688
2025-08-27,641.1912841796875
2025-08-28,643.4619750976562
2025-08-29,639.6245727539062
2025-09-02,634.884765625
2025-09-03,638.3255615234375
2025-09-04,643.6602783203125
2025-09-05,641.796142578125
2025-09-08,643.3727416992188
2025-09-09,644.8601684570312
2025-09-10,646.724365234375
2025-09-11,652.0988159179688
2025-09-12,651.8805541992188
2025-09-15,655.3511352539062
2025-09-16,654.4488525390625
2025-09-17,653.6356811523438
2025-09-18,656.6898803710938
2025-09-19,659.9423217773438
2025-09-22,663.0645751953125
2025-09-23,659.4551391601562
2025-09-24,657.3569946289062
2025-09-25,654.3242797851562
2025-09-26,658.072998046875
2025-09-29,659.9224243164062
2025-09-30,662.4082641601562
2025-10-01,664.6654052734375
2025-10-02,665.4309692382812
2025-10-03,665.421142578125
2025-10-06,667.8074951171875
2025-10-07,665.3316040039062
2025-10-08,669.2990112304688
2025-10-09,667.3600463867188
2025-10-10,649.32275390625
2025-10-13,659.2860107421875
2025-10-14,658.4805908203125
2025-10-15,661.4039306640625
2025-10-16,656.8995971679688
2025-10-17,660.62841796875
2025-10-20,667.499267578125
2025-10-21,667.4893188476562
2025-10-22,664.0191040039062
2025-10-23,667.9566650390625
2025-10-24,673.4155883789062
2025-10-27,681.3603515625
2025-10-28,683.1700439453125
2025-10-29,683.4982299804688
2025-10-30,675.9810180664062
2025-10-31,678.1983032226562
2025-11-03,679.4711303710938
2025-11-04,671.4169921875
2025-11-05,673.7437133789062
2025-11-06,666.514892578125
2025-11-07,667.1710815429688
2025-11-10,677.5818481445312
2025-11-11,679.1329956054688
2025-11-12,679.5109252929688
2025-11-13,668.235107421875
2025-11-14,668.1256713867188
2025-11-17,661.901123046875
2025-11-18,656.3427734375
2025-11-19,658.8783569335938
2025-11-20,648.8355712890625
2025-11-21,655.2987670898438
2025-11-24,664.9437866210938
2025-11-25,671.1982421875
2025-11-26,675.8318481445312
2025-11-28,679.5208129882812
2025-12-01,676.41845703125
2025-12-02,677.67138671875
2025-12-03,680.0180053710938
2025-12-04,680.51513671875
2025-12-05,681.8078002929688
2025-12-08,679.7594604492188
2025-12-09,679.1727905273438
2025-12-10,683.6771850585938
2025-12-11,685.26806640625
2025-12-12,677.9000854492188
2025-12-15,676.8758544921875
2025-12-16,675.0264282226562
2025-12-17,667.5986938476562
2025-12-18,672.6399536132812
2025-12-19,678.7363891601562
2025-12-22,682.96484375
2025-12-23,686.0863037109375
2025-12-24,688.4996948242188
2025-12-26,688.4298706054688
2025-12-29,685.9765625
2025-12-30,685.138916015625
2025-12-31,680.062744140625
2026-01-02,681.309326171875
2026-01-05,685.846923828125
2026-01-06,689.92578125
2026-01-07,687.701904296875
2026-01-08,687.632080078125
2026-01-09,692.1796264648438
2026-01-12,693.2666625976562
2026-01-13,691.8804931640625
2026-01-14,688.479736328125
2026-01-15,690.3546142578125
2026-01-16,689.7761840820312
2026-01-20,675.7345581054688
2026-01-21,683.5332641601562
2026-01-22,687.103515625
2026-01-23,687.352783203125
2026-01-26,690.84326171875
2026-01-27,693.5957641601562
2026-01-28,693.5259399414062
2026-01-29,692.1497192382812
2026-01-30,690.0853271484375
2026-02-02,693.5159912109375
2026-02-03,687.6520385742188
2026-02-04,684.3211059570312
2026-02-05,675.7744750976562
2026-02-06,688.739013671875
2026-02-09,692.0599975585938
2026-02-10,690.2349243164062
2026-02-11,690.075439453125
2026-02-12,679.41455078125
2026-02-13,679.8931884765625
2026-02-17,680.9901733398438
2026-02-18,684.4208374023438
2026-02-19,682.61572265625
2026-02-20,687.5523071289062
2026-02-23,680.531494140625
2026-02-24,685.4779052734375
2026-02-25,691.26220703125
2026-02-26,687.422607421875
2026-02-27,684.1216430664062
2026-03-02,684.5106201171875
2026-03-03,678.4771118164062
2026-03-04,683.2639770507812
2026-03-05,679.4544067382812
2026-03-06,670.5487060546875
2026-03-09,676.4227294921875
2026-03-10,675.3356323242188
2026-03-11,674.4879760742188
2026-03-12,664.2459106445312
2026-03-13,660.4862060546875
2026-03-16,667.2078857421875
2026-03-17,668.9630126953125
2026-03-18,659.6285400390625
2026-03-19,658.0029907226562
2026-03-20,648.5700073242188
2026-03-23,655.3800048828125
2026-03-24,653.1799926757812
2026-03-25,656.8200073242188
2026-03-26,645.0900268554688
2026-03-27,634.0900268554688
2026-03-30,631.969970703125
2026-03-31,650.3400268554688
2026-04-01,655.239990234375
2026-04-02,655.8300170898438
2026-04-06,658.9299926757812
2026-04-07,659.219970703125
2026-04-08,676.010009765625
2026-04-09,679.9099731445312
2026-04-10,679.4600219726562
2026-04-13,686.0999755859375
2026-04-14,694.4600219726562
2026-04-15,699.9400024414062
2026-04-16,701.6599731445312
2026-04-17,710.1400146484375
