country,iso3,year,inflation_cpi,inflation_gdp_deflator,gdp_current_usd,population
,ABW,1980,,,,59909
,ABW,1981,,,,60563
,ABW,1982,,,,61276
,ABW,1983,,,,62228
,ABW,1984,,,,62901
,ABW,1985,,4.03225805628628,,61728
,ABW,1986,,1.07396640826829,405586592.17877096,59931
Aruba,ABW,1987,3.59197006652872,3.64304545817706,487709497.2067039,59159
Aruba,ABW,1988,3.10843918798423,3.12186849610723,596648044.6927375,59331
Aruba,ABW,1989,3.96254301358969,3.99162804604575,695530726.2569833,60443
Aruba,ABW,1990,5.76986990784422,5.83668775158166,764804469.273743,62753
Aruba,ABW,1991,5.61485982807162,5.55555555555579,872067039.1061453,65896
Aruba,ABW,1992,3.82233511678332,3.8733753699648,958659217.877095,69005
Aruba,ABW,1993,5.30031405765243,5.2155599603571,1083240223.4636872,73685
Aruba,ABW,1994,6.28797536126895,6.3110797127044,1245810055.8659215,77595
Aruba,ABW,1995,3.37583749127457,3.36139107320899,1320670391.0614524,79805
Aruba,ABW,1996,3.25948642303557,3.22528797213979,1379888268.1564243,83021
Aruba,ABW,1997,3.70423775271973,2.99994809778412,1531843575.4189944,86301
Aruba,ABW,1998,6.59295050184228,1.86948853615541,1665363128.49162,88451
Aruba,ABW,1999,2.19006066092493,2.28037198258753,1722905027.9329607,89659
Aruba,ABW,2000,1.03610080269524,4.04402131190513,1873452513.9664805,90588
Aruba,ABW,2001,-2.83550241253081,2.88360430316264,1896456983.2402236,91439
Aruba,ABW,2002,4.43468813342022,3.31524678585423,1961843575.4189944,92074
Aruba,ABW,2003,3.04904620110997,3.65636507938418,2044111731.8435757,93128
Aruba,ABW,2004,2.80990970893053,2.52912946932762,2254830726.2569838,95138
Aruba,ABW,2005,5.06749722968669,3.39778677828806,2360017318.435754,97635
Aruba,ABW,2006,3.48434619543613,3.60802438784541,2469782681.5642457,99405
Aruba,ABW,2007,5.16689296887391,5.39256784475517,2677641340.782123,100150
Aruba,ABW,2008,4.26244900176589,8.95598705177784,2843024581.0055866,100917
Aruba,ABW,2009,1.70328044813839,-2.13542872046937,2553793296.089385,101604
Aruba,ABW,2010,-1.22340655068425,2.07814071860787,2453597206.7039104,101838
Aruba,ABW,2011,4.00567421402882,4.31629742195203,2637859217.8770947,102591
Aruba,ABW,2012,0.184032701346126,0.627471992893373,2615208379.888268,104110
Aruba,ABW,2013,-1.99594849465619,-2.37206524252261,2727849720.670391,105675
Aruba,ABW,2014,3.95889741019282,0.421440918881214,2790849720.670391,106807
Aruba,ABW,2015,6.831286936157,0.474763597342641,2962907262.5698323,107906
Aruba,ABW,2016,-1.00279969703662,-0.931195987079561,2983635195.5307264,108727
Aruba,ABW,2017,-3.17816679833555,-1.02828178762012,3092429050.27933,108735
Aruba,ABW,2018,3.46202953211427,3.62604141352961,3276184357.541899,108908
Aruba,ABW,2019,6.01781611792313,4.25746204335428,3395798882.6815643,109203
Aruba,ABW,2020,-0.951473042327038,,2558906303.8809776,108587
Aruba,ABW,2021,-4.91262490390014,,3103184101.5135417,107700
Aruba,ABW,2022,3.15727939363973,,3544707788.0566425,107310
Aruba,ABW,2023,6.70946117676064,,,107359
,ABW,2024,,,,107995
Africa Eastern and Southern,AFE,1980,19.2052947603321,15.0665115372509,168165164238.41312,230792729
Africa Eastern and Southern,AFE,1981,10.8584883691295,14.4615910742106,177750099368.1483,238043099
Africa Eastern and Southern,AFE,1982,7.69747177812898,12.1399176954734,169302766914.39493,245822010
Africa Eastern and Southern,AFE,1983,11.5568417169857,11.5675243834069,179897833535.12735,253644643
Africa Eastern and Southern,AFE,1984,12.7347557716885,10.9838625715774,166208098815.07916,261458202
Africa Eastern and Southern,AFE,1985,16.1443312605572,13.0065664218827,143249519478.30722,269450407
Africa Eastern and Southern,AFE,1986,13.9165769085523,13.8919716455565,154792610860.847,277621771
Africa Eastern and Southern,AFE,1987,12.6940698241788,12.5634432211069,185812458342.9553,286067346
Africa Eastern and Southern,AFE,1988,20.1526012665392,12.5222580655931,202092611345.54083,294498625
Africa Eastern and Southern,AFE,1989,14.8392839136103,12.5582020707012,214473497464.0941,302939121
Africa Eastern and Southern,AFE,1990,11.9939039075081,12.4579139789566,251211844157.14008,311748681
Africa Eastern and Southern,AFE,1991,14.9789364246749,17.6781002638523,273542601824.32532,320442961
Africa Eastern and Southern,AFE,1992,14.6406552101884,16.1676123963339,239433170776.1275,329082707
Africa Eastern and Southern,AFE,1993,13.8705025913749,13.1356607683724,240271389187.3809,338324002
Africa Eastern and Southern,AFE,1994,17.0164147872542,14.8528149833969,243564813413.46655,347441809
Africa Eastern and Southern,AFE,1995,16.1027117424962,12.2885912601426,273433056168.8136,356580375
Africa Eastern and Southern,AFE,1996,15.1761803358905,9.70658632526504,272519342675.9929,366138524
Africa Eastern and Southern,AFE,1997,10.5450486551459,10.2495987403066,288405283765.89685,375646235
Africa Eastern and Southern,AFE,1998,9.10917293901807,7.49525542305607,268833638136.3681,385505757
Africa Eastern and Southern,AFE,1999,8.00681329656179,7.81986477630863,265429291621.99844,395750933
Africa Eastern and Southern,AFE,2000,11.1173058824862,8.60148514851491,287201651448.6776,406156661
Africa Eastern and Southern,AFE,2001,8.31282499951298,5.84035398311558,260992227336.2812,416807868
Africa Eastern and Southern,AFE,2002,8.91492825674993,8.76375520313543,267815037918.23972,427820358
Africa Eastern and Southern,AFE,2003,7.8067408729751,7.44970014007366,355716369427.6711,439173286
Africa Eastern and Southern,AFE,2004,9.60039256006742,5.02342068616285,442696185471.3294,450928044
Africa Eastern and Southern,AFE,2005,7.62368935878268,8.55803802239778,516661066465.53375,463076637
Africa Eastern and Southern,AFE,2006,7.65225430526529,8.89816380214032,580240749509.2242,475606210
Africa Eastern and Southern,AFE,2007,8.24576476611674,8.45077480634999,665598701583.95,488580707
Africa Eastern and Southern,AFE,2008,10.961412407556,12.5666446595156,713502105052.1711,502070763
Africa Eastern and Southern,AFE,2009,8.28143239119243,8.95421802392949,715485327250.4055,516003448
Africa Eastern and Southern,AFE,2010,5.88302203486953,5.53753791645677,849409658737.6615,530308387
Africa Eastern and Southern,AFE,2011,9.74570998523772,8.97120640995788,945439147816.6128,544737983
Africa Eastern and Southern,AFE,2012,6.20387787625781,9.15870843167905,952675592818.5546,559609961
Africa Eastern and Southern,AFE,2013,5.54626698664435,5.74883133553455,963347276805.0762,575202699
Africa Eastern and Southern,AFE,2014,5.40353538297499,5.37028961008587,979689662429.07,590968990
Africa Eastern and Southern,AFE,2015,5.63628010156222,5.24587835022454,899295676086.8356,607123269
Africa Eastern and Southern,AFE,2016,6.73515766010987,6.59650490696543,829829959319.292,623369401
Africa Eastern and Southern,AFE,2017,6.28646467124097,6.39934341569381,940105480733.6758,640058741
Africa Eastern and Southern,AFE,2018,4.32175867770079,4.72080474200535,1012719339457.7202,657801085
Africa Eastern and Southern,AFE,2019,4.44437946494116,4.64496717329569,1006527294483.0852,675950189
Africa Eastern and Southern,AFE,2020,5.29813226108107,5.40516207933392,929074086484.0928,694446100
Africa Eastern and Southern,AFE,2021,6.22269912307469,7.24097765588442,1086772164579.8656,713090928
Africa Eastern and Southern,AFE,2022,9.35876732357862,10.7737512242899,1183962133998.8745,731821393
Africa Eastern and Southern,AFE,2023,7.80122989057329,7.12697482131851,1236163044999.965,750491370
,AFE,2024,,,,769280888
,AFG,1980,,,,13169311
,AFG,1981,,,,11937581
,AFG,1982,,,,10991378
,AFG,1983,,,,10917982
,AFG,1984,,,,11190221
,AFG,1985,,,,11426852
,AFG,1986,,,,11420074
,AFG,1987,,,,11387818
,AFG,1988,,,,11523298
,AFG,1989,,,,11874088
,AFG,1990,,,,12045660
,AFG,1991,,,,12238879
,AFG,1992,,,,13278974
,AFG,1993,,,,14943172
,AFG,1994,,,,16250794
,AFG,1995,,,,17065836
,AFG,1996,,,,17763266
,AFG,1997,,,,18452091
,AFG,1998,,,,19159996
,AFG,1999,,,,19887785
,AFG,2000,,,3521418059.923445,20130327
Afghanistan,AFG,2001,-11.7745360319214,,2813571753.8725324,20284307
Afghanistan,AFG,2002,6.12552202910163,,3825701438.999633,21378117
Afghanistan,AFG,2003,11.655238221181,,4520946818.545814,22733049
Afghanistan,AFG,2004,11.2714320572149,,5224896718.67782,23560654
Afghanistan,AFG,2005,10.9127735503048,12.6862687216715,6203256538.709669,24404567
Afghanistan,AFG,2006,7.19975129292388,6.78459655001655,6971758282.293506,25424094
Afghanistan,AFG,2007,22.5277562007029,8.68057078513406,9747886187.393929,25909852
Afghanistan,AFG,2008,2.09628875042125,26.4186641547444,10109297047.543194,26482622
Afghanistan,AFG,2009,-2.16340442746143,-6.81116108898996,12416152732.056717,27466101
Afghanistan,AFG,2010,3.81463031545211,2.17853752389419,15856668555.833595,28284089
Afghanistan,AFG,2011,16.5933467401627,11.8041858089129,17805098206.314083,29347708
Afghanistan,AFG,2012,7.30175646760432,6.44121280934117,19907329777.58717,30560034
Afghanistan,AFG,2013,4.82278547876986,7.38577178397855,20146416757.598675,31622704
Afghanistan,AFG,2014,0.56694454253261,4.67399603536345,20497128555.69723,32792523
Afghanistan,AFG,2015,2.44756300147404,-0.661709164713742,19134221644.73249,33831764
Afghanistan,AFG,2016,-2.19752646733461,4.38389195513915,18116572395.077213,34700612
Afghanistan,AFG,2017,2.40365618765746,4.97595150553833,18753456497.815865,35688935
Afghanistan,AFG,2018,2.07134857783487,0.626149149168847,18053222687.412624,36743039
Afghanistan,AFG,2019,6.52147984832531,2.30237251516834,18799444490.11278,37856121
Afghanistan,AFG,2020,6.9629462552564,5.60188791482224,19955929052.1496,39068979
Afghanistan,AFG,2021,2.83899625081041,5.13320340824963,14266499429.874573,40000412
Afghanistan,AFG,2022,9.40623933931322,13.7121023720065,14502158192.090397,40578842
Afghanistan,AFG,2023,2.9616535410169,-4.64470870797775,,41454761
,AFG,2024,,-6.60118564073726,,42647492
Africa Western and Central,AFW,1980,11.0012811184527,,120501079996.36247,159166518
Africa Western and Central,AFW,1981,10.0100209420354,8.79921083308773,216911025160.50128,163762473
Africa Western and Central,AFW,1982,13.8205590460171,12.0597652081337,195917937082.0724,168585118
Africa Western and Central,AFW,1983,9.92793639904325,10.6719367588934,151222762742.84464,173255157
Africa Western and Central,AFW,1984,11.3150500363978,11.2499999999997,131218159345.53032,177880746
Africa Western and Central,AFW,1985,5.29721350623177,7.3549257759783,137802915765.2076,182811038
Africa Western and Central,AFW,1986,0.32606411260803,5.9509649994662,109237001606.11678,187889141
Africa Western and Central,AFW,1987,2.35651163978966,0.248788555354758,112294774121.17484,193104347
Africa Western and Central,AFW,1988,3.69277055172387,2.52365930599391,111227154884.74722,198485027
Africa Western and Central,AFW,1989,3.50011875843632,0.869287022608289,103934371464.6072,204062274
Africa Western and Central,AFW,1990,4.82244315622001,1.05736139457209,123711320144.87408,209566031
Africa Western and Central,AFW,1991,3.31280575359608,1.74188785932665,129942000513.29408,215178709
Africa Western and Central,AFW,1992,0.482938222012713,-0.0629990064786939,124599388202.38704,221191375
Africa Western and Central,AFW,1993,2.80670798967146,0.553455723541917,129732548073.78471,227246778
Africa Western and Central,AFW,1994,24.7941952455716,31.8410168416385,134776896049.75278,233360104
Africa Western and Central,AFW,1995,7.39692068899853,10.5632886691814,207176985178.4386,239801875
Africa Western and Central,AFW,1996,6.18642809934072,4.914239726372,262600907503.91547,246415446
Africa Western and Central,AFW,1997,2.96013877018802,3.99714170439302,275742235273.20044,253207584
Africa Western and Central,AFW,1998,5.30948306910901,4.47112543851098,296152435737.04504,260297834
Africa Western and Central,AFW,1999,4.50109730901824,0.372266170311928,139468348132.66046,267506298
Africa Western and Central,AFW,2000,4.815430261735,2.53077516737987,142140083285.94757,274968446
Africa Western and Central,AFW,2001,3.86179519283827,4.36152914007262,149451860838.10855,282780717
Africa Western and Central,AFW,2002,2.67339738740157,3.18869330220589,178692437188.28018,290841795
Africa Western and Central,AFW,2003,1.71882163202884,1.76090410099629,206982053949.0689,299142845
Africa Western and Central,AFW,2004,5.68195133906449,0.694336305945734,256100640349.77148,307725100
Africa Western and Central,AFW,2005,6.68893394853546,5.63163351357613,312409315139.6122,316588476
Africa Western and Central,AFW,2006,4.64332213979795,4.41589984169561,397088785487.8071,325663158
Africa Western and Central,AFW,2007,5.47702898238883,3.60736767984597,465683513908.3415,334984176
Africa Western and Central,AFW,2008,9.11699967289589,8.45297623326759,567937963599.4514,344586109
Africa Western and Central,AFW,2009,1.48940469185958,3.28244037589321,508552578501.96185,354343844
Africa Western and Central,AFW,2010,5.42967319163332,1.78484420477113,598697706331.0016,364358270
Africa Western and Central,AFW,2011,8.51666048093151,4.01869907534488,682233324561.0428,374790143
Africa Western and Central,AFW,2012,4.73009483577319,4.57837463515948,737799647336.1948,385360349
Africa Western and Central,AFW,2013,1.55401804889429,2.43920076104127,834160608935.9955,396030207
Africa Western and Central,AFW,2014,0.731853329618588,1.76843582146219,894585438237.9581,406992047
Africa Western and Central,AFW,2015,1.91155941571227,2.13081738058791,769367317617.821,418127845
Africa Western and Central,AFW,2016,1.736323129284,1.48741550755546,692181085843.4884,429454743
Africa Western and Central,AFW,2017,1.75910578032053,1.72548602374723,685750159763.1329,440882906
Africa Western and Central,AFW,2018,2.15033893298982,1.78404994832039,768189587833.6237,452195915
Africa Western and Central,AFW,2019,1.95694728078307,1.98309228487231,823933630796.516,463365429
Africa Western and Central,AFW,2020,1.71555846208987,2.49037783931944,787146719022.4213,474569351
Africa Western and Central,AFW,2021,4.64220371005912,3.74570045027359,845993047006.8054,485920997
Africa Western and Central,AFW,2022,6.58712256843671,7.94925143524016,877140805320.3569,497387180
Africa Western and Central,AFW,2023,3.38669113752862,5.22116801323998,796586157553.094,509398589
,AFW,2024,,,,521764076
,AGO,1980,,,,8133872
Angola,AGO,1981,-2.1003061669614,,,8435607
Angola,AGO,1982,0.0,,,8751648
Angola,AGO,1983,0.0127635583866379,,,9082983
Angola,AGO,1984,0.0011881098994877,,,9425917
Angola,AGO,1985,19.0352057407944,,,9779120
Angola,AGO,1986,-9.01306191994358,,,10139450
Angola,AGO,1987,9.8233113499663,,,10497858
Angola,AGO,1988,2.21377444948736,,,10861291
Angola,AGO,1989,16.2796626853837,,,11238562
Angola,AGO,1990,14.0074398272592,,,11626360
Angola,AGO,1991,106.309982268478,83.7837837837838,,12023529
Angola,AGO,1992,476.51575086326,299.509803921569,,12423712
Angola,AGO,1993,917.783468411763,1378.52760736196,5879999999.999999,12827135
Angola,AGO,1994,2175.97895508759,949.792531120332,4432026143.79085,13249764
Angola,AGO,1995,1825.49514900731,2666.45059288538,5538657322.021395,13699778
Angola,AGO,1996,4800.53164415744,4145.10598220638,6535458385.481852,14170973
Angola,AGO,1997,95.4530221791129,219.176721172974,7675423799.362932,14660413
Angola,AGO,1998,39.3593483252693,107.284821528298,6506387246.890386,15159370
Angola,AGO,1999,557.501113091215,248.195902412868,6152923310.4454565,15667235
Angola,AGO,2000,418.018991534099,324.996871601321,9129594970.153011,16194869
Angola,AGO,2001,106.352125501451,152.561022469299,8936079117.731356,16747208
Angola,AGO,2002,196.984099399931,108.897436089429,15285592370.37398,17327699
Angola,AGO,2003,93.9265669067308,98.2241436573304,17812704586.43969,17943712
Angola,AGO,2004,33.4435947900255,43.5421067519687,23552057679.499435,18600423
Angola,AGO,2005,42.3742492617284,22.953513851394,36970900883.810905,19291161
Angola,AGO,2006,17.1156651448542,13.3052101780032,52381025141.42681,20015279
Angola,AGO,2007,4.30843221207182,12.2514974459487,65266415494.25839,20778561
Angola,AGO,2008,19.3657735558326,12.4758291326398,88538665084.86345,21578655
Angola,AGO,2009,-16.7621402901592,13.7302839288408,70307196181.65387,22414773
Angola,AGO,2010,32.2704691224412,14.4696564932577,83799474069.73146,23294825
Angola,AGO,2011,31.7714601558986,13.4824679218511,111789747670.5905,24218352
Angola,AGO,2012,7.25574990943825,10.2779049218839,128052915766.34274,25177394
Angola,AGO,2013,2.83972412637765,8.77781429332624,132339109040.23174,26165620
Angola,AGO,2014,3.56088477205805,7.28038730361121,135966802586.7132,27160769
Angola,AGO,2015,-3.51838534598478,9.35597215533784,90496420506.59566,28157798
Angola,AGO,2016,21.7742355863884,30.6944150806719,52761617225.925285,29183070
Angola,AGO,2017,22.6145140271114,29.8444799015679,73690154990.73123,30234839
Angola,AGO,2018,28.1670932554891,19.6289379701521,79450688259.36636,31297155
Angola,AGO,2019,19.1870038271785,17.080954143438,70897962732.02774,32375632
Angola,AGO,2020,10.7631052824799,22.271539247051,48501561203.56864,33451132
Angola,AGO,2021,38.8237218374918,25.7542948841891,66505129987.72355,34532429
Angola,AGO,2022,13.7105940226231,21.3552901320822,104399746853.4014,35635029
Angola,AGO,2023,17.6195377226942,13.6441017767715,84722957642.37566,36749906
,AGO,2024,,28.2404948915772,,37885849
,ALB,1980,,,,2671997
Albania,ALB,1981,-2.13957198618188,,,2726056
Albania,ALB,1982,-0.0177190996205354,,,2784278
Albania,ALB,1983,-0.0167551716364898,,,2843960
Albania,ALB,1984,-0.0283602576437829,,1857337995.3379955,2904429
Albania,ALB,1985,0.35122234783789,,1897050116.5501163,2964762
Albania,ALB,1986,-2.41730042881588,,2097326250.0,3022635
Albania,ALB,1987,-0.0003060929208373,,2080796250.0,3083605
Albania,ALB,1988,-0.0005785792721866,,2051236250.0,3142336
Albania,ALB,1989,0.0036791601611128,,2253090000.0,3227943
Albania,ALB,1990,-0.431368812605911,,2028553750.0,3286542
Albania,ALB,1991,35.5142469575829,,1099559027.7777777,3266790
Albania,ALB,1992,232.984658866956,226.005421253526,652174990.8373039,3247039
Albania,ALB,1993,125.650814219817,85.0047512387156,1185315468.4629517,3227287
Albania,ALB,1994,35.8424752083078,22.5650526933696,1880950864.4131143,3207536
Albania,ALB,1995,9.9706626786687,7.79321853789217,2392764853.421074,3187784
Albania,ALB,1996,38.1720581994814,12.7254778087103,3199640815.4162974,3168033
Albania,ALB,1997,11.2396444802125,33.1802743753956,2258513974.0967965,3148281
Albania,ALB,1998,6.73085990507577,20.6428588670596,2545964540.883832,3128530
Albania,ALB,1999,2.10284998886902,0.389437653561628,3212121650.9775524,3108778
Albania,ALB,2000,5.6474714679938,0.0500181363468238,3480355258.04122,3089027
Albania,ALB,2001,3.81085737408868,3.10758827031434,3922100793.540304,3060173
Albania,ALB,2002,3.6474762708812,7.77052583431552,4348068242.195123,3051010
Albania,ALB,2003,5.19863530307683,0.484002611818478,5611496257.142313,3039616
Albania,ALB,2004,3.15236892537025,2.28001916938101,7184685781.518761,3026939
Albania,ALB,2005,3.30681814689954,2.36658195679795,8052077248.146379,3011487
Albania,ALB,2006,2.47818888688769,2.37072831904282,8896075004.635162,2992547
Albania,ALB,2007,4.3867093833438,2.93268248162323,10677324852.882233,2970017
Albania,ALB,2008,4.11708542559394,3.32087090389265,12881352893.68551,2947314
Albania,ALB,2009,2.41833605890835,2.26692209450831,12044205549.65712,2927519
Albania,ALB,2010,4.49314320031891,3.6271009151748,11926926615.801523,2913021
Albania,ALB,2011,2.31474379699794,3.42807130141503,12890760315.14602,2905195
Albania,ALB,2012,1.04271460643407,2.03159268395296,12319834195.331003,2860708
Albania,ALB,2013,0.288745964127756,1.93762080205223,12776224496.97176,2816902
Albania,ALB,2014,1.54991706986272,1.62586504402604,13228147516.116798,2773767
Albania,ALB,2015,0.563991350160876,3.50120835492657,11386853113.0189,2731293
Albania,ALB,2016,-0.632653419095547,-0.367317209784652,11861199830.83956,2689469
Albania,ALB,2017,1.45073158124514,2.06059845920226,13019726211.736889,2648285
Albania,ALB,2018,2.9665236560994,2.02805963071135,15156424015.197748,2607733
Albania,ALB,2019,1.00059083830071,1.41109078954251,15401826127.253857,2567801
Albania,ALB,2020,0.0410649973272115,1.62088661717004,15162734205.246202,2528480
Albania,ALB,2021,3.44439880912799,2.04147163139545,17930565118.81762,2489762
Albania,ALB,2022,9.86157415467682,6.7252027153006,18916378860.54883,2451636
Albania,ALB,2023,6.06604947510885,4.75976421930106,22977677860.79785,2414095
,ALB,2024,,2.21448953273294,,2377128
Andorra,AND,1980,13.3548138413184,,446377776.79800063,35782
Andorra,AND,1981,12.3511731944832,,388983266.1998864,37169
Andorra,AND,1982,13.5823498012472,,375914743.5810058,38764
Andorra,AND,1983,11.8842353012303,,327850042.5158724,40565
Andorra,AND,1984,10.8647343940798,,330073080.6370984,42273
Andorra,AND,1985,8.59546375926088,,346742714.67515206,43825
Andorra,AND,1986,10.8788152026056,,481996012.869071,45734
Andorra,AND,1987,5.94419881956037,,611299924.5405055,47653
Andorra,AND,1988,5.9361249975981,,721425939.1515498,49416
Andorra,AND,1989,6.89620711872611,,795489582.0449102,50620
Andorra,AND,1990,7.32624369631456,,1028989692.0678709,52597
Andorra,AND,1991,6.93514835426407,,1106891361.5394838,56667
Andorra,AND,1992,6.71076896051142,,1209992020.2954278,60200
Andorra,AND,1993,4.53723214675858,,1007090269.8695564,63272
Andorra,AND,1994,3.87985832158631,,1017544068.8407956,64612
Andorra,AND,1995,4.93312104936552,,1178745282.8678029,63912
Andorra,AND,1996,0.797177729321263,,1224024139.212953,63984
Andorra,AND,1997,2.22816030666122,,1180645571.8643036,64700
Andorra,AND,1998,1.49955384331271,,1211953994.0571387,65382
Andorra,AND,1999,2.73197952535102,,1240295103.079385,65710
Andorra,AND,2000,28.7415528975991,,1432606188.693242,65685
Andorra,AND,2001,3.08053517916559,,1548265808.0580215,65852
Andorra,AND,2002,3.23953176987777,,1764279824.297522,66506
Andorra,AND,2003,3.17748421556476,,2366941808.944043,69486
Andorra,AND,2004,3.04242399802695,,2900245324.492212,74325
Andorra,AND,2005,3.39610212995052,,3161084091.1167426,77421
Andorra,AND,2006,3.45718408670396,,3459337986.44948,79585
Andorra,AND,2007,3.21122734131436,,3957625367.219591,81877
Andorra,AND,2008,2.27433831984322,,4102319399.0234303,83495
Andorra,AND,2009,0.132136132405464,,3688976340.754897,83888
Andorra,AND,2010,0.374313758110119,,3449925738.860686,80706
Andorra,AND,2011,0.196764152031051,,3629133574.2778273,77783
Andorra,AND,2012,0.174556905779482,,3188652765.361844,76834
Andorra,AND,2013,0.448492200194735,,3193512950.024186,75194
Andorra,AND,2014,-0.0840193165570753,,3271685596.663212,73737
Andorra,AND,2015,0.660588959137868,,2789881258.503616,72174
Andorra,AND,2016,0.347795381575793,,2896610479.7307653,72181
Andorra,AND,2017,1.13650934319639,,3000162081.1197567,73763
Andorra,AND,2018,1.01247848005298,,3218419896.9641023,75162
Andorra,AND,2019,1.37475350829189,,3155149347.806392,76474
Andorra,AND,2020,1.11378607410401,,2891001149.361105,77380
Andorra,AND,2021,2.5588606935971,,3324683011.590301,78364
Andorra,AND,2022,4.23665226454663,,3380602042.8428345,79705
Andorra,AND,2023,6.29560082401824,,3727673593.019216,80856
,AND,2024,,,,81938
Arab World,ARB,1980,24.1580815878628,9.62605664613178,486440975212.35626,164657321
Arab World,ARB,1981,10.2466291101412,10.7585034160145,494949357407.8618,170015485
Arab World,ARB,1982,6.36523697789958,8.33125575581156,463116781558.6808,175370356
Arab World,ARB,1983,6.88749696075298,5.4936655143209,437502791694.1127,180973288
Arab World,ARB,1984,6.18040856863473,8.116397955171,440213958688.43896,186733957
Arab World,ARB,1985,4.23208188574494,7.25436179981635,432899572101.06274,192563243
Arab World,ARB,1986,2.96400555028724,6.79885844748846,405502496535.0954,198509771
Arab World,ARB,1987,9.36808989082694,4.22241666240751,431288831867.9647,204524595
Arab World,ARB,1988,4.17732530004293,5.91154496373489,429413862085.5367,210269696
Arab World,ARB,1989,7.97612484555617,7.74088603961336,457402110666.6925,215969068
Arab World,ARB,1990,12.7463177181753,8.45146240803882,640090916280.6221,223184294
Arab World,ARB,1991,7.44099981033727,9.00000000000003,466374353043.2712,228402316
Arab World,ARB,1992,5.716743758978,9.35975158953135,466062663007.9742,234321565
Arab World,ARB,1993,3.86316291751921,9.37034415971461,477189600616.4624,240926205
Arab World,ARB,1994,7.60245225222921,5.11259890444314,498083764817.6213,247626514
Arab World,ARB,1995,7.76719774306125,6.54379068524171,526560849591.8491,253952538
Arab World,ARB,1996,6.65755753090085,4.68130623916413,568785405470.3555,260229121
Arab World,ARB,1997,2.75712224933042,3.60116103260946,612394626427.8442,266565183
Arab World,ARB,1998,-3.13108869741967,3.417319489758,596742288704.4005,273094199
Arab World,ARB,1999,8.44337746020058,2.66937369053699,663176057519.8239,279709634
Arab World,ARB,2000,11.4595357939894,1.85379035325277,760659530858.8258,286548096
Arab World,ARB,2001,1.86769984238948,1.77220437351017,741974816657.2614,293580252
Arab World,ARB,2002,3.77083954826043,1.83299389002049,743726477660.1875,300691509
Arab World,ARB,2003,5.11182917627502,2.71259247474352,826976496725.0271,307815105
Arab World,ARB,2004,10.9375405233887,3.63228004956625,983700787595.348,315060277
Arab World,ARB,2005,14.5852590982142,3.49368534619531,1205595865007.2478,322628451
Arab World,ARB,2006,9.09650632380644,3.54498591605033,1434109187806.894,330526310
Arab World,ARB,2007,8.04658597487651,4.74390639021648,1668426022116.8896,338947976
Arab World,ARB,2008,15.9501259770903,11.2706652380848,2109171849559.7715,347684619
Arab World,ARB,2009,-2.78022303939403,2.92089711805367,1822783841737.672,356386673
Arab World,ARB,2010,12.0069506981357,3.91106195534028,2154252309110.1936,363568534
Arab World,ARB,2011,13.1672193765795,4.7531638888563,2559855182439.7764,372054934
Arab World,ARB,2012,4.67972511760814,4.6118443220664,2793775680472.1484,381030177
Arab World,ARB,2013,1.26026248256035,3.25423910998847,2857872049304.912,390954281
Arab World,ARB,2014,1.04867463772903,2.77351613126123,2905075942181.625,400231008
Arab World,ARB,2015,-2.11493646984442,1.84862742374977,2544136348540.1826,410190679
Arab World,ARB,2016,0.920589535113145,2.6765917009819,2499965913229.877,419808341
Arab World,ARB,2017,4.8259464942787,2.17183298510006,2571053716382.9434,428315886
Arab World,ARB,2018,7.04467101748188,2.45814158007532,2865543585777.9526,435998060
Arab World,ARB,2019,2.3662310647694,1.09184802655856,2898668715645.555,444281315
Arab World,ARB,2020,0.406043178192824,1.61222220402456,2576553324185.614,453723239
Arab World,ARB,2021,12.7208752145056,2.96581008346283,2969116805615.582,460646603
Arab World,ARB,2022,14.8098061189166,5.08754200853911,3613682354462.2393,471352066
Arab World,ARB,2023,0.854841037372282,3.64216403030709,3491516939569.8794,482105978
,ARB,2024,,,,492612632
United Arab Emirates,ARE,1980,9.51597603461369,,43599160050.332245,1015700
United Arab Emirates,ARE,1981,7.054483982438,,49333424135.11305,1099855
United Arab Emirates,ARE,1982,1.31286872874293,,46622718605.28467,1166370
United Arab Emirates,ARE,1983,-3.61801721863773,,42803323345.137566,1235305
United Arab Emirates,ARE,1984,-6.09746718626482,,41807954235.90302,1305996
United Arab Emirates,ARE,1985,0.740532889918782,,40603650231.54454,1377911
United Arab Emirates,ARE,1986,-1.69848529731705,,33943612094.79706,1467383
United Arab Emirates,ARE,1987,3.685584802515,,36384908744.21139,1574244
United Arab Emirates,ARE,1988,2.38104573161,,36275674203.21439,1681788
United Arab Emirates,ARE,1989,1.75127660948431,,41464995913.91992,1789851
United Arab Emirates,ARE,1990,3.33590049400134,,50701443748.29747,1898220
United Arab Emirates,ARE,1991,0.810848722776853,,51552165622.446205,2006626
United Arab Emirates,ARE,1992,1.80682612323693,,54239171887.769005,2114730
United Arab Emirates,ARE,1993,1.27803631115864,,55625170253.33697,2222093
United Arab Emirates,ARE,1994,-0.262474925014473,,59305093979.84201,2328188
United Arab Emirates,ARE,1995,3.90747975797208,,65743666575.86489,2434662
United Arab Emirates,ARE,1996,5.77304389866605,,73571233996.18633,2597564
United Arab Emirates,ARE,1997,-0.952300713494253,,78839008444.56552,2817410
United Arab Emirates,ARE,1998,-4.25444531455858,,75674336283.18584,3040421
United Arab Emirates,ARE,1999,8.44337746020058,,84445473110.95984,3266009
United Arab Emirates,ARE,2000,11.4595357939894,,104337372362.15112,3493575
United Arab Emirates,ARE,2001,-2.34930767820795,,103311640571.81757,3723590
United Arab Emirates,ARE,2002,3.77083954826043,,109816201497.61745,3956826
United Arab Emirates,ARE,2003,4.07240679733007,,124346358066.71204,4192457
United Arab Emirates,ARE,2004,8.50142205885294,,147824370319.94556,4428967
United Arab Emirates,ARE,2005,16.5263069327845,,180617467964.60175,4664790
United Arab Emirates,ARE,2006,11.9621492865846,,222116541865.21445,5009100
United Arab Emirates,ARE,2007,12.5339606714946,,257916133424.098,5624635
United Arab Emirates,ARE,2008,18.5333530849246,12.2504202448139,315474615738.5977,6302664
United Arab Emirates,ARE,2009,-15.1829798865339,1.5618131744907,253547358747.44727,6707058
United Arab Emirates,ARE,2010,16.5278863640702,0.877983288285867,300189052688.90405,6869838
United Arab Emirates,ARE,2011,13.1672193765795,0.87734659568512,360832739550.7148,7104538
United Arab Emirates,ARE,2012,4.67972511760814,0.662268900269009,384610125391.4227,7391448
United Arab Emirates,ARE,2013,-0.94932531950414,1.1011183637571,400218529748.128,7693031
United Arab Emirates,ARE,2014,-0.668049355939203,2.34626865671643,414105366752.8931,8059440
United Arab Emirates,ARE,2015,-16.2670060316676,4.06996608361593,370275469571.1368,8505237
United Arab Emirates,ARE,2016,-5.52947860546242,1.61748808904198,369255326235.5344,8935095
United Arab Emirates,ARE,2017,4.98621314114183,1.96682557818842,390516804029.95233,9223225
United Arab Emirates,ARE,2018,7.93674803487896,3.06863379251997,427049432157.9306,9346701
United Arab Emirates,ARE,2019,-3.19440940863002,-1.93108114782173,417989721742.6821,9445785
United Arab Emirates,ARE,2020,-12.0313052945464,-2.07940317940944,349473015330.15656,9401038
United Arab Emirates,ARE,2021,13.8437703394455,0.179935336174431,415178792756.9776,9575152
United Arab Emirates,ARE,2022,12.6298936875673,5.29122604376849,507063968277.74,10074977
United Arab Emirates,ARE,2023,-1.30420016236501,1.62670837213248,504173451327.43365,10483751
,ARE,2024,,,,10986400
Argentina,ARG,1980,95.7904246128352,,,28011596
Argentina,ARG,1981,105.276366380064,,,28463959
Argentina,ARG,1982,194.535299663443,,,28924262
Argentina,ARG,1983,380.158528521919,,109490000000.0,29391332
Argentina,ARG,1984,611.196303891913,,112988571428.57144,29863093
Argentina,ARG,1985,607.447497830085,,88416666666.66667,30336441
Argentina,ARG,1986,77.2922366864133,,106213829787.23404,30811980
Argentina,ARG,1987,127.539918059086,,109029439252.33646,31291762
Argentina,ARG,1988,381.24634440952,,126928000000.0,31780532
Argentina,ARG,1989,3046.09115201119,,76629657863.6557,32270948
Argentina,ARG,1990,2078.31681806978,,141352654305.16275,32755901
Argentina,ARG,1991,140.502378661012,,189719984268.48453,33230294
Argentina,ARG,1992,16.0719935356945,,228778917308.16983,33693527
Argentina,ARG,1993,-3.56109557576575,,236741715015.015,34152717
Argentina,ARG,1994,2.84933971509302,,257440000000.0,34613491
Argentina,ARG,1995,3.16512339016516,,258031750000.0,35070020
Argentina,ARG,1996,-0.0523754965904146,,272149750000.0,35513793
Argentina,ARG,1997,-0.46391313116429,,292859000000.0,35947791
Argentina,ARG,1998,-1.70527962400085,,298948250000.0,36372860
Argentina,ARG,1999,-1.83655839220664,,283523000000.0,36794682
Argentina,ARG,2000,1.03728710073175,,284203750000.0,37213984
Argentina,ARG,2001,-1.09576771833679,,268696750000.0,37624825
Argentina,ARG,2002,30.555204053903,,97724004251.8602,38029349
Argentina,ARG,2003,10.4957030215496,,127586973492.17664,38424282
Argentina,ARG,2004,18.3633542492033,,164657930452.78662,38815916
Argentina,ARG,2005,10.3175111982406,,198737095012.28165,39216789
Argentina,ARG,2006,13.7410524859152,,232557260817.3077,39622115
Argentina,ARG,2007,14.9399250245835,,287530508430.568,40016763
Argentina,ARG,2008,23.1711649813124,,361558037110.41925,40424148
Argentina,ARG,2009,15.3776493708921,,332976484577.6189,40854831
Argentina,ARG,2010,20.915124272047,,423627422092.4897,41288694
Argentina,ARG,2011,23.7034721839593,,530158122010.4424,41730660
Argentina,ARG,2012,22.3148806733049,,545982375701.128,42161721
Argentina,ARG,2013,23.9487984162746,,552025140252.2463,42582455
Argentina,ARG,2014,40.2829716315506,,526319673731.6383,43024071
Argentina,ARG,2015,26.5799916024707,,594749285413.2124,43477012
Argentina,ARG,2016,41.1193799882279,,557532320662.9546,43900313
Argentina,ARG,2017,26.0063792819079,,643628393281.364,44288894
Argentina,ARG,2018,42.0336689575031,,524819892360.1758,44654882
Argentina,ARG,2019,49.1955790596612,,447754683615.22455,44973465
Argentina,ARG,2020,40.0830878011993,,385740508436.9652,45191965
Argentina,ARG,2021,53.8020877665554,,487902572164.3484,45312281
Argentina,ARG,2022,69.8760842459268,,631133384439.9445,45407904
Argentina,ARG,2023,135.368876310592,,640591410663.8834,45538401
,ARG,2024,,,,45696159
,ARM,1980,,,,3107415
,ARM,1981,,,,3135349
,ARM,1982,,,,3163144
,ARM,1983,,,,3191539
,ARM,1984,,,,3224547
,ARM,1985,,,,3260432
,ARM,1986,,,,3294847
,ARM,1987,,,,3328520
,ARM,1988,,,,3355125
,ARM,1989,,,,3443100
,ARM,1990,,,2256863448.77086,3552128
Armenia,ARM,1991,79.386104296155,,2069870129.8701296,3613977
Armenia,ARM,1992,568.807295439343,,1272835453.426344,3571861
Armenia,ARM,1993,1391.16654315168,,1201312829.2752385,3453332
Armenia,ARM,1994,4107.29676994743,3373.75944336293,1315158636.6755345,3364610
Armenia,ARM,1995,161.163917579159,175.951325534583,1468317435.2014842,3307581
Armenia,ARM,1996,19.5917703052133,18.681185640036,1596968946.2370784,3278735
Armenia,ARM,1997,17.7359944945837,13.960764121791,1639492444.7615163,3246289
Armenia,ARM,1998,10.6984977562983,8.67248632385158,1893726437.2646184,3208401
Armenia,ARM,1999,0.0538040809325366,0.648245760470385,1845482173.027324,3167286
Armenia,ARM,2000,-1.37367599828147,-0.790883768934757,1911563668.8500648,3221100
Armenia,ARM,2001,4.02796948177824,3.1459046468502,2118467913.378734,3211800
Armenia,ARM,2002,2.35739901911141,1.06004929341667,2376335048.399756,3199800
Armenia,ARM,2003,4.5985157283794,4.7215533660534,2807061008.6908445,3182500
Armenia,ARM,2004,6.27859410767147,6.96126135875795,3576615240.4161587,3164900
Armenia,ARM,2005,3.20875666635281,0.638928002410097,4900469511.1019125,3146400
Armenia,ARM,2006,4.61801250818827,2.89235662459004,6384452066.514603,3127100
Armenia,ARM,2007,4.2778755387818,4.40736089644516,9206301269.791636,3107400
Armenia,ARM,2008,5.98956236068734,8.94995335353387,11662040713.875307,3087100
Armenia,ARM,2009,2.49725307891563,3.40676682683801,8647937081.256197,3066000
Armenia,ARM,2010,7.76871548067652,8.17636138473952,9260285755.624235,3044800
Armenia,ARM,2011,4.28154999826118,7.65000807859294,10142111824.583546,3027900
Armenia,ARM,2012,5.34580441814725,2.55802007757907,10619320682.947445,3024100
Armenia,ARM,2013,3.36682464224465,5.78966778544651,11121464437.04153,3022000
Armenia,ARM,2014,2.30918242990974,2.98130868933672,11609513246.795769,3013800
Armenia,ARM,2015,1.21390990471085,3.73169119261693,10553337518.414,3004600
Armenia,ARM,2016,0.268575076501392,-1.403607559009,10546136235.521862,2992300
Armenia,ARM,2017,2.15064189848613,0.969553268816138,11527458709.015797,2979400
Armenia,ARM,2018,2.78770951425761,2.52023382001638,12457940694.73953,2969000
Armenia,ARM,2019,1.06562263923419,1.44344660770698,13619290539.211609,2962500
Armenia,ARM,2020,1.80659270159933,1.21143577838465,12641698583.21524,2961500
Armenia,ARM,2021,6.90051365787157,7.18483629443371,13878908628.937807,2962300
Armenia,ARM,2022,7.98587852828175,8.64091108973855,19513474648.24293,2969200
Armenia,ARM,2023,2.67300354889213,1.98041877615554,24212134631.064003,2964300
,ARM,2024,,0.269511978259125,,3033500
,ASM,1980,,,,32403
,ASM,1981,,,,33584
,ASM,1982,,,,34909
,ASM,1983,,,,36271
,ASM,1984,,,,37667
,ASM,1985,,,,39103
,ASM,1986,,,,40571
,ASM,1987,,,,42072
,ASM,1988,,,,43615
,ASM,1989,,,,45191
,ASM,1990,,,,46640
,ASM,1991,,,,47882
,ASM,1992,,,,49038
,ASM,1993,,,,50159
,ASM,1994,,,,51251
,ASM,1995,,,,52316
,ASM,1996,,,,53353
,ASM,1997,,,,54362
,ASM,1998,,,,55334
,ASM,1999,,,,56248
,ASM,2000,,,,56855
,ASM,2001,,,,57053
,ASM,2002,,,512000000.0,57062
American Samoa,ASM,2003,1.36505293715847,,524000000.0,56971
American Samoa,ASM,2004,-3.25907462221531,,509000000.0,56818
American Samoa,ASM,2005,-1.36558343263874,,500000000.0,56617
American Samoa,ASM,2006,2.81367521367521,,493000000.0,56374
American Samoa,ASM,2007,3.16061220726536,,518000000.0,56113
American Samoa,ASM,2008,11.0593351972663,,560000000.0,55828
American Samoa,ASM,2009,25.776397515528,,675000000.0,55528
American Samoa,ASM,2010,-15.3648895532304,,573000000.0,55228
American Samoa,ASM,2011,-0.52356020942409,,570000000.0,54895
American Samoa,ASM,2012,17.3684210526316,,640000000.0,54489
American Samoa,ASM,2013,2.24358974358974,,638000000.0,54006
American Samoa,ASM,2014,-0.962160294226521,,643000000.0,53466
American Samoa,ASM,2015,1.4697327650683,,673000000.0,52878
American Samoa,ASM,2016,1.40582171236608,,671000000.0,52245
American Samoa,ASM,2017,-1.94089005769675,,612000000.0,51586
American Samoa,ASM,2018,1.69536107125778,,639000000.0,50908
American Samoa,ASM,2019,1.74828930007058,,647000000.0,50209
American Samoa,ASM,2020,6.72878072142282,,721000000.0,49761
American Samoa,ASM,2021,4.8425556863277,,750000000.0,49225
American Samoa,ASM,2022,14.1527648578811,,871000000.0,48342
,ASM,2023,,,,47521
,ASM,2024,,,,46765
Antigua and Barbuda,ATG,1980,11.7375182480628,,132440740.74074072,64513
Antigua and Barbuda,ATG,1981,8.64343267249721,,149377777.77777776,64665
Antigua and Barbuda,ATG,1982,11.5067195282661,,166425925.9259259,64785
Antigua and Barbuda,ATG,1983,5.41509007725438,,184848148.14814812,64934
Antigua and Barbuda,ATG,1984,4.20075189943394,,212192592.59259257,64882
Antigua and Barbuda,ATG,1985,7.85084492490826,,246344444.4444444,64591
Antigua and Barbuda,ATG,1986,8.32931416017392,,297537037.037037,64276
Antigua and Barbuda,ATG,1987,9.32656261851652,,346840740.7407407,63946
Antigua and Barbuda,ATG,1988,12.7288317145654,,411374074.074074,63623
Antigua and Barbuda,ATG,1989,5.11981109118966,,455148148.1481481,63325
Antigua and Barbuda,ATG,1990,2.09841051655768,,478692592.5925925,63066
Antigua and Barbuda,ATG,1991,3.10653747347762,,504307407.4074074,63387
Antigua and Barbuda,ATG,1992,2.93123372538055,,525103703.7037037,64404
Antigua and Barbuda,ATG,1993,2.31585364144694,,565633333.3333333,65587
Antigua and Barbuda,ATG,1994,3.58924100547307,,625051851.8518518,66843
Antigua and Barbuda,ATG,1995,3.0463687910141,,616014814.8148148,68189
Antigua and Barbuda,ATG,1996,3.41240765944926,,679111111.111111,69612
Antigua and Barbuda,ATG,1997,2.53062058558473,,734392592.5925926,71053
Antigua and Barbuda,ATG,1998,2.68151672210762,,789762962.962963,72412
Antigua and Barbuda,ATG,1999,2.01084703483052,1.12128789571146,835514814.8148148,73666
Antigua and Barbuda,ATG,2000,1.48825220695463,0.77177979690018,900551851.8518518,74912
Antigua and Barbuda,ATG,2001,2.08478316538981,1.40279663573988,877514814.8148148,76069
Antigua and Barbuda,ATG,2002,1.29268465711701,2.40765801293491,897988888.8888888,77032
Antigua and Barbuda,ATG,2003,-0.483244128267359,1.99353055152454,947955555.5555556,77884
Antigua and Barbuda,ATG,2004,2.34982330100517,2.03007757853236,1026181481.4814814,78719
Antigua and Barbuda,ATG,2005,4.67677680492626,2.09875196709308,1143714814.8148148,79611
Antigua and Barbuda,ATG,2006,1.12406956736658,1.78778537419121,1303548148.148148,80604
Antigua and Barbuda,ATG,2007,4.37354365910269,1.41605259409741,1487300000.0,81704
Antigua and Barbuda,ATG,2008,4.73737157423442,5.33380639820233,1557540740.7407403,82912
Antigua and Barbuda,ATG,2009,1.11082507238632,-0.550159995508914,1386444444.4444444,84173
Antigua and Barbuda,ATG,2010,1.60551428909972,3.37002540220148,1298255555.5555556,85320
Antigua and Barbuda,ATG,2011,0.668645512053459,3.4567496723461,1281337037.037037,86332
Antigua and Barbuda,ATG,2012,0.192742785601624,3.37688044338874,1327107407.4074073,87260
Antigua and Barbuda,ATG,2013,0.476877446195644,1.05949782356169,1325425925.9259255,88064
Antigua and Barbuda,ATG,2014,1.77839219993881,1.08944157435355,1378829629.6296296,88765
Antigua and Barbuda,ATG,2015,2.78817037438111,0.968993458825638,1437755555.555555,89409
Antigua and Barbuda,ATG,2016,-0.468201309637678,-0.489437796230499,1489692592.5925925,89969
Antigua and Barbuda,ATG,2017,0.312054499370376,2.43248789041363,1531151851.8518517,90468
Antigua and Barbuda,ATG,2018,1.46029012290431,1.20715793367008,1661529629.6296296,90926
Antigua and Barbuda,ATG,2019,0.718452311457611,1.43135598182984,1725351851.8518517,91364
Antigua and Barbuda,ATG,2020,0.800069551909715,0.625989707046719,1410796296.296296,91846
Antigua and Barbuda,ATG,2021,4.91376057826946,2.06299638545334,1601366666.6666665,92349
Antigua and Barbuda,ATG,2022,6.49885619566375,7.53107834634288,1867733333.3333333,92840
Antigua and Barbuda,ATG,2023,4.80547577274675,5.06713865364213,2033085185.185185,93316
,ATG,2024,,,,93772
Australia,AUS,1980,10.0165696784018,10.1358411703239,149985515320.33426,14692000
Australia,AUS,1981,9.52478964604649,9.48766603415561,176893068617.20654,14923260
Australia,AUS,1982,11.7092329249508,11.3518197573657,194038397881.4962,15184247
Australia,AUS,1983,10.1575581386061,10.0389105058366,177265418961.89316,15393472
Australia,AUS,1984,7.86300441854821,3.96039603960396,193518998163.39615,15579391
Australia,AUS,1985,4.68070643690324,6.734693877551,180637129503.8472,15788312
Australia,AUS,1986,6.54751099766295,9.05035054174634,182475517627.30835,16018350
Australia,AUS,1987,7.03173832337612,8.53302162478083,189487162519.85175,16263874
Australia,AUS,1988,7.1742599600064,7.21593968766828,236154038684.2917,16532164
Australia,AUS,1989,9.23190922376165,7.53390256152688,299871835376.0419,16814416
Australia,AUS,1990,6.09458983592408,7.33302195235872,311420509067.6277,17065128
Australia,AUS,1991,3.02017557973888,3.17667536988685,325966686052.58057,17284036
Australia,AUS,1992,1.47902574629622,1.01223112610714,325518458076.53326,17478635
Australia,AUS,1993,0.867377619434805,1.75365344467641,312128302417.08826,17634808
Australia,AUS,1994,1.01880233824261,1.96963479688141,322802490487.7205,17805468
Australia,AUS,1995,2.28914316458206,4.62776659959759,368166023166.0232,18004882
Australia,AUS,1996,2.71144222672184,2.61538461538461,401341880620.7279,18224767
Australia,AUS,1997,1.27279080728206,0.224887556221887,435642611296.5858,18423037
Australia,AUS,1998,1.13564190464284,0.860134629768142,399674421759.4791,18607584
Australia,AUS,1999,0.475365976445929,1.48312940304041,389652212056.6487,18812264
Australia,AUS,2000,2.5507652827131,4.45743514797224,416167815092.9082,19028802
Australia,AUS,2001,4.63074057685395,4.40713536201469,379629301675.1082,19274701
Australia,AUS,2002,2.84035444214652,2.98157453936348,395788696012.0592,19495210
Australia,AUS,2003,2.98554508941196,2.73259596616786,467739079790.332,19720737
Australia,AUS,2004,3.23229936195307,2.34325522482583,614659980082.5154,19932722
Australia,AUS,2005,3.82548066795754,2.69183168316832,695692898676.5597,20176844
Australia,AUS,2006,5.11533977799769,3.55528773727026,748417562769.6357,20450966
Australia,AUS,2007,4.98605173231132,2.32761128891476,855007458585.2241,20827622
Australia,AUS,2008,4.56978290693471,4.35029854990048,1056112427190.3768,21249199
Australia,AUS,2009,4.94917908012782,1.77111716621254,928762122698.0496,21691653
Australia,AUS,2010,1.15377249328591,2.91834002677376,1148890200292.423,22031750
Australia,AUS,2011,6.20197668065047,3.3038501560874,1398701323029.6284,22340024
Australia,AUS,2012,1.8056989221342,1.76278015613196,1547649835732.891,22733465
Australia,AUS,2013,-0.163600551424906,2.4498886414254,1577301840200.0142,23128129
Australia,AUS,2014,1.40539601622476,2.48792270531404,1468597690006.215,23475686
Australia,AUS,2015,-0.623858470510584,1.50836672165921,1351768945139.1135,23815995
Australia,AUS,2016,-0.663157619625991,1.27699094497324,1207580901578.7236,24190907
Australia,AUS,2017,3.65318441813451,1.94864740944527,1326882104817.0027,24592588
Australia,AUS,2018,1.86901478899458,1.91140094445691,1429733668185.9053,24963258
Australia,AUS,2019,3.46820261012924,1.61076787290379,1394671325960.568,25334826
Australia,AUS,2020,1.88550119010648,0.846905537459305,1330381544909.3044,25649248
Australia,AUS,2021,3.0799498600023,2.86391042204994,1559033756285.1294,25685412
Australia,AUS,2022,7.17553361510235,6.59409671341846,1692956646855.7017,26018721
Australia,AUS,2023,6.51199894950456,5.5970149253731,1723827215334.7063,26659922
,AUS,2024,,3.1616142830575,,27196812
Austria,AUT,1980,5.58062878744539,6.32832536226101,82058912997.23463,7549433
Austria,AUT,1981,6.71666844180592,6.80304177599257,71034228443.06204,7568710
Austria,AUT,1982,5.35528990224338,5.43603082512847,71275287569.57329,7574140
Austria,AUT,1983,3.47278360488259,3.33916453409534,72121016546.65237,7561910
Austria,AUT,1984,4.94977305907392,5.66318573909351,67985344886.871605,7561434
Austria,AUT,1985,2.96299586752589,3.18951681805193,69386774408.08725,7564985
Austria,AUT,1986,2.95099747866612,1.70544456731973,99036164939.1618,7569794
Austria,AUT,1987,2.43694807558032,1.4019527178397,124168442533.73969,7574586
Austria,AUT,1988,1.52685492085918,1.91571684671258,133339397080.12927,7585317
Austria,AUT,1989,2.9647607154772,2.56834829029372,133105805512.22047,7619567
Austria,AUT,1990,2.99968065945104,3.26187231878578,166463386179.35373,7677850
Austria,AUT,1991,3.64187152255646,3.33742703474788,173794177961.10782,7754891
Austria,AUT,1992,3.47909296982908,4.02084780038557,195078126721.7631,7840709
Austria,AUT,1993,2.75708451946717,3.63178524943176,190379720809.18015,7905633
Austria,AUT,1994,2.52494309684019,2.95340936761079,203535242741.83835,7936118
Austria,AUT,1995,1.81391843002299,2.24336631500905,241038283062.64505,7948278
Austria,AUT,1996,0.960435623684603,1.86097115760433,237250948791.26596,7959017
Austria,AUT,1997,1.26254419605465,1.30597857227693,212790348404.5552,7968041
Austria,AUT,1998,0.482061857743417,0.922467196680799,218259904401.9564,7976789
Austria,AUT,1999,0.219322650024296,0.568993765885568,217259147049.95413,7992324
Austria,AUT,2000,1.36731401336769,2.34486285357282,197289625479.9063,8011566
Austria,AUT,2001,1.93728367228805,2.65000077279528,197508773215.3231,8042293
Austria,AUT,2002,1.10421508890414,1.81035787764127,214394866675.2396,8081957
Austria,AUT,2003,1.26700272386712,1.35555370896452,262273631180.05435,8121423
Austria,AUT,2004,1.72796220966988,2.06120618032862,301457562038.5413,8171966
Austria,AUT,2005,2.53196772218678,2.29913785639285,316092273276.01544,8227829
Austria,AUT,2006,2.04461988969157,1.4415485111902,336280064332.4113,8268641
Austria,AUT,2007,2.2592709576015,2.16855528800749,389185571506.05225,8295487
Austria,AUT,2008,1.93379073721434,3.21595033239886,432051935642.9452,8321496
Austria,AUT,2009,1.73939285831332,0.506308827696515,401758735822.2107,8343323
Austria,AUT,2010,0.891338457893553,1.81353438995062,392275107258.6674,8363404
Austria,AUT,2011,1.81993753082695,3.2865791487538,431685217367.51056,8391643
Austria,AUT,2012,2.09166482584344,2.48567562177015,409401816050.5313,8429991
Austria,AUT,2013,1.70872300692841,2.00015616900597,430190979705.962,8479823
Austria,AUT,2014,2.00674390270015,1.60581182954474,442584815286.03375,8546356
Austria,AUT,2015,2.29263492397251,0.89656333526032,381971148530.5428,8642699
Austria,AUT,2016,1.81475079739224,0.891591752655362,395837353031.499,8736668
Austria,AUT,2017,0.975317709275998,2.08126911385587,417261151844.9772,8797566
Austria,AUT,2018,1.81048023343624,1.9983798142954,454991174096.1016,8840521
Austria,AUT,2019,1.47368476959242,1.53089564152644,444596155845.2542,8879920
Austria,AUT,2020,2.59313274910787,1.38191063351862,435049316955.73663,8916864
Austria,AUT,2021,1.92612910926519,2.7666666666667,479295362747.0466,8955797
Austria,AUT,2022,4.75477834804261,8.5468699318845,470941926750.7412,9041851
Austria,AUT,2023,6.64765341628686,7.81413417002832,516034144115.9503,9131761
,AUT,2024,,2.93791574279383,,9177982
,AZE,1980,,,,6160500
,AZE,1981,,,,6257750
,AZE,1982,,,,6357550
,AZE,1983,,,,6459800
,AZE,1984,,,,6567850
,AZE,1985,,,,6670150
,AZE,1986,,,,6770300
,AZE,1987,,,,6875350
,AZE,1988,,,,6974600
,AZE,1989,,,,7076550
,AZE,1990,,,8884848484.848484,7175200
Azerbaijan,AZE,1991,83.5495126683364,,5344000000.0,7271300
Azerbaijan,AZE,1992,1065.32923018531,-10.6300971576201,444658671.5867158,7382050
Azerbaijan,AZE,1993,747.12452012683,1128.00002429404,1570392598.1495376,7494800
Azerbaijan,AZE,1994,1386.06739767987,1662.21594875899,1193141110.3504274,7596550
Azerbaijan,AZE,1995,545.656352266205,411.759641777268,2417331192.9526043,7684850
Azerbaijan,AZE,1996,26.4191629382316,19.7948028061898,3176507376.3183618,7763000
Azerbaijan,AZE,1997,9.24250444099582,3.6743480968473,3962362387.479221,7838250
Azerbaijan,AZE,1998,-0.96513336719066,-0.772697886033167,4446368570.690101,7913000
Azerbaijan,AZE,1999,2.16214167529371,-8.52517000536064,4581248566.501584,7982750
Azerbaijan,AZE,2000,12.4927738128452,1.80500303704356,5272615722.968918,8048600
Azerbaijan,AZE,2001,2.51501022581932,1.5471959015228,5707616203.720108,8111200
Azerbaijan,AZE,2002,4.21438623360075,2.7711647199827,6236087738.282841,8171950
Azerbaijan,AZE,2003,6.96146570847378,2.2338649296705,7276413079.114511,8234100
Azerbaijan,AZE,2004,9.25196510735844,6.70893042797784,8680405740.941248,8306500
Azerbaijan,AZE,2005,14.7234965182528,9.67950731917057,13245421880.834042,8391850
Azerbaijan,AZE,2006,11.3012191438311,8.3289248286321,20981929497.618767,8484550
Azerbaijan,AZE,2007,21.0293287543152,16.6997549618244,33049419431.224392,8581300
Azerbaijan,AZE,2008,27.777459536561,20.8490871772712,48851293785.44826,8763400
Azerbaijan,AZE,2009,-18.8449572890202,1.45704835970321,44292427184.94917,8947243
Azerbaijan,AZE,2010,13.5458167908374,5.72687224669605,52909294791.92624,9054332
Azerbaijan,AZE,2011,22.524361140543,7.8583333333334,65952796427.94731,9173082
Azerbaijan,AZE,2012,2.88293295403217,1.06621339720303,69679944504.19719,9295784
Azerbaijan,AZE,2013,0.445064509020867,2.41571745279419,74160560123.69016,9416801
Azerbaijan,AZE,2014,-1.28499552026639,1.37344181533176,75239785452.10219,9535079
Azerbaijan,AZE,2015,-8.84969256895297,4.02768573742726,53076235354.74602,9649341
Azerbaijan,AZE,2016,14.6714002511137,12.4433748584372,37866996882.915695,9757812
Azerbaijan,AZE,2017,16.1724003104411,12.9359184187335,40866627351.98167,9854033
Azerbaijan,AZE,2018,12.1848769569655,2.26854690373999,47112470051.77007,9939771
Azerbaijan,AZE,2019,-0.241307927446329,2.61057182799215,48174235294.117645,10024283
Azerbaijan,AZE,2020,-7.39596582740913,2.75980947008127,42693000000.0,10093121
Azerbaijan,AZE,2021,21.5888241949245,6.65029912708779,54825411764.70589,10137750
Azerbaijan,AZE,2022,37.2705611565603,13.8522590144267,78807470588.2353,10141756
Azerbaijan,AZE,2023,-9.20663944963042,8.78543049849081,72356176470.58824,10153958
,AZE,2024,,2.21217188919901,,10202830
Burundi,BDI,1980,16.3840243620867,2.49851950030166,919726666.6666666,4383706
Burundi,BDI,1981,-6.0633150865134,12.1673943487938,969046666.6666666,4566014
Burundi,BDI,1982,5.67202154795532,5.86809635722661,1013222222.2222222,4681390
Burundi,BDI,1983,6.4285488030003,8.15123135622631,1082926304.464766,4808528
Burundi,BDI,1984,17.2161949890367,14.3168697883258,987143931.166987,4926465
Burundi,BDI,1985,5.06883898015293,3.80428683649425,1149979285.7734692,5034042
Burundi,BDI,1986,-4.25741423815771,1.67567567567547,1201725497.065779,5129414
Burundi,BDI,1987,-3.41779507858824,7.11323763955337,1131466494.0110068,5247787
Burundi,BDI,1988,3.49122270126601,4.48679769704177,1082403219.4878733,5365327
Burundi,BDI,1989,14.7571848169704,11.6615998479958,1113924130.411491,5471706
Burundi,BDI,1990,5.98556154520156,7.00216956651122,1132101252.5181746,5587052
Burundi,BDI,1991,4.09314079275475,8.99693873494331,1167398478.3459036,5703857
Burundi,BDI,1992,5.40176069954681,1.82333333333308,1083037670.60484,5858407
Burundi,BDI,1993,7.74264567579905,9.67934658067928,938632612.0263592,5676843
Burundi,BDI,1994,6.63844545647953,14.8528149833969,925030590.153683,5713854
Burundi,BDI,1995,16.1027117424962,19.2632536382538,1000428393.885281,6066316
Burundi,BDI,1996,14.4531114060499,26.4367816091951,869033856.3170933,6070506
Burundi,BDI,1997,32.3977892307747,31.1115898319695,972896267.915425,6070042
Burundi,BDI,1998,11.4505560048054,12.5004107653378,893770740.2074156,6187108
Burundi,BDI,1999,14.9541402608853,3.38542427340455,808077223.3657464,6337155
Burundi,BDI,2000,38.9448932030909,24.4320242102151,870486065.8831366,6470194
Burundi,BDI,2001,13.7164067920133,9.29618771341889,876794723.0685855,6634365
Burundi,BDI,2002,1.02785857373888,-1.3656800532806,825394519.4237278,6824132
Burundi,BDI,2003,11.9457486448591,10.6474645658306,784654423.6204764,7043154
Burundi,BDI,2004,13.1461593314354,8.17642937482053,915257323.3960996,7310656
Burundi,BDI,2005,18.8415894769233,13.2520699188224,1117113079.736455,7587299
Burundi,BDI,2006,2.84566633376673,2.74542000214241,1273375078.4484448,7865547
Burundi,BDI,2007,8.27337562886336,8.41206285772544,1356199387.4230778,8161874
Burundi,BDI,2008,24.2157937434401,24.4069510353914,1611835857.0458813,8505637
Burundi,BDI,2009,10.4587965254196,10.5554355299529,1781455139.8593144,8947646
Burundi,BDI,2010,8.56155516425477,6.49326591473993,2032135192.0124843,9376444
Burundi,BDI,2011,8.36425019828808,9.5921660597967,2235820809.3200555,9717978
Burundi,BDI,2012,14.294071682425,18.1610453065451,2333341334.457535,10071028
Burundi,BDI,2013,7.9531039994456,7.93795807492418,2451606632.292456,10439341
Burundi,BDI,2014,5.30565602774391,4.40535234185293,2705783329.804834,10799785
Burundi,BDI,2015,21.3187470230149,5.54468891259779,3104003546.264973,11047580
Burundi,BDI,2016,0.97317644189674,5.55768961400965,2644487776.500767,11239451
Burundi,BDI,2017,11.4491826066034,16.0525353030392,2723586962.8403373,11506762
Burundi,BDI,2018,-2.85085930198137,-2.81469807668465,2667182199.51333,11859446
Burundi,BDI,2019,0.851867434051655,-0.686772170797359,2576518879.823531,12255336
Burundi,BDI,2020,5.9665023314011,7.32110643415521,2649680261.442985,12617036
Burundi,BDI,2021,8.51671971494707,8.40453845076341,2775798697.460224,12965481
Burundi,BDI,2022,18.3317223148693,18.8008786664945,3338722827.656905,13321097
Burundi,BDI,2023,11.3760314899613,26.9414835762453,2642161668.9275384,13689450
,BDI,2024,,20.2124925027847,,14047786
Belgium,BEL,1980,4.12659694695165,6.64868829655356,126829314388.19148,9859242
Belgium,BEL,1981,5.13919687490983,7.62748656814276,104730018470.23032,9858982
Belgium,BEL,1982,7.57041621451407,8.72654906555469,92095926187.53313,9856303
Belgium,BEL,1983,5.6128505058284,7.66160983743883,87184239053.25444,9855520
Belgium,BEL,1984,5.43871721514574,6.34177491009126,83349530159.17342,9855372
Belgium,BEL,1985,4.62774245535957,4.86873399496944,86268264148.37964,9858308
Belgium,BEL,1986,2.79678045159528,1.2943681910248,120018787249.41304,9861823
Belgium,BEL,1987,1.68411135983652,1.55338261314948,149394404105.8887,9870234
Belgium,BEL,1988,2.16898958166314,1.16093493415325,162299103675.26056,9901664
Belgium,BEL,1989,4.79745782559817,3.10705065111094,164221056511.05652,9937697
Belgium,BEL,1990,2.81240338876658,3.44831217961808,205331747947.8513,9967379
Belgium,BEL,1991,2.87662434854509,3.2153106926081,210510999409.33252,10004486
Belgium,BEL,1992,3.42452490217883,2.42795567164615,234781652446.67505,10045158
Belgium,BEL,1993,3.99323167580741,2.75442643473461,224721795708.95523,10084475
Belgium,BEL,1994,2.09430476426498,2.37754084476398,244884129491.1985,10115603
Belgium,BEL,1995,1.22076972852592,1.46796699090272,288025588396.2781,10136811
Belgium,BEL,1996,0.476638129958133,2.07702107350674,279201433224.75574,10156637
Belgium,BEL,1997,0.75761089644017,1.62816049512958,252708051420.83896,10181245
Belgium,BEL,1998,1.80561954635252,0.94925028835061,258528339631.0291,10203008
Belgium,BEL,1999,0.598922412877229,1.12084823417845,258245733221.4677,10226419
Belgium,BEL,2000,2.01459203440002,2.54451776190908,236792460312.4711,10251250
Belgium,BEL,2001,1.98281815411856,2.46925823086078,236746141604.3704,10286570
Belgium,BEL,2002,1.63999827941501,1.64521436175357,258383599375.17697,10332785
Belgium,BEL,2003,1.85011616570733,1.5889639997038,318082528506.5876,10376133
Belgium,BEL,2004,1.91498852327605,2.09728311239314,369214712443.2056,10421137
Belgium,BEL,2005,2.08307330437046,2.78143263670022,385714762230.0388,10478617
Belgium,BEL,2006,2.26471638352143,1.7912077007046,408259840868.8229,10547958
Belgium,BEL,2007,1.9316781494056,1.82305630026808,470922156309.4525,10625700
Belgium,BEL,2008,1.90886955920959,4.48944420508401,517328087920.078,10709973
Belgium,BEL,2009,0.781821008464917,-0.0531456741253769,483254171097.8122,10796493
Belgium,BEL,2010,1.70310453341449,2.18929920422457,481420882905.0009,10895586
Belgium,BEL,2011,2.29252176896657,3.53208210722742,523330354138.1333,11038264
Belgium,BEL,2012,2.20573636168733,2.83966343445899,496152879924.7267,11106932
Belgium,BEL,2013,1.41248972600334,1.1130959402754,521791015247.0603,11159407
Belgium,BEL,2014,0.840395739536802,0.340002833356922,535390200131.0177,11209057
Belgium,BEL,2015,1.12183847077587,0.561429152790065,462335574841.4841,11274196
Belgium,BEL,2016,1.89528922644591,1.97385264653181,476062757356.9273,11331422
Belgium,BEL,2017,1.98316339488014,2.12597086002607,502764720556.3538,11375158
Belgium,BEL,2018,1.71728226802716,2.05316499865186,543299066998.9016,11427054
Belgium,BEL,2019,1.85424074414335,1.43681956996429,535865804349.80304,11488980
Belgium,BEL,2020,1.59611666393067,0.740791812220344,526021513474.2427,11538604
Belgium,BEL,2021,2.7426355945688,2.44024851144084,600904461226.3469,11586195
Belgium,BEL,2022,6.84397975156924,9.597511728725,583613982019.263,11680210
Belgium,BEL,2023,4.508102848783,4.04901077613941,632216577075.1093,11779946
,BEL,2024,,3.14349136500041,,11858610
Benin,BEN,1980,10.1878198573196,,1405251846.5404758,3925251
Benin,BEN,1981,7.4689482651344,,1291120188.431039,4038307
Benin,BEN,1982,16.148284015281,,1267778670.359021,4156596
Benin,BEN,1983,4.74620974295648,,1095348199.4391124,4278978
Benin,BEN,1984,1.95358095750957,,1051134008.7897868,4405895
Benin,BEN,1985,-4.8769817363666,,1045712789.1488352,4538012
Benin,BEN,1986,-3.6041725823892,,1336102025.2776284,4675420
Benin,BEN,1987,3.02845985259779,,1562412227.9005773,4818486
Benin,BEN,1988,-0.610506907481181,,1620246083.7947805,4967341
Benin,BEN,1989,2.2249344566343,,1502294416.171286,5121657
Benin,BEN,1990,2.17659692554506,,1959965330.1476505,5281479
Benin,BEN,1991,0.756620150311463,,1986437796.5305347,5446932
Benin,BEN,1992,3.0251344649124,,1695315305.7030787,5617844
Benin,BEN,1993,2.37832182418319,0.440599214931768,2274558082.7613525,5872706
Benin,BEN,1994,35.0301127836754,38.5308661668538,1598075943.867737,6096506
Benin,BEN,1995,15.0994519080227,14.4625482180894,2169627137.920696,6226773
Benin,BEN,1996,6.90729366487193,4.914239726372,2361116449.393076,6391858
Benin,BEN,1997,3.66750917412438,3.46629590564778,2268301646.4670687,6583365
Benin,BEN,1998,5.23160474756106,5.75331458417063,2455092686.347117,6789489
Benin,BEN,1999,48.3425433908146,0.326722893396852,3677393998.7448583,7002818
Benin,BEN,2000,4.3410556635676,4.16540442290284,3519991440.479132,7221619
Benin,BEN,2001,1.97028558167254,3.98429547767891,3666222635.138748,7445596
Benin,BEN,2002,3.55421325456054,2.48916235491542,4194342686.2178025,7675426
Benin,BEN,2003,3.06170412441227,1.48724246145442,5349258094.482386,7913070
Benin,BEN,2004,0.769711003809874,0.873890830868488,6190270380.498556,8159094
Benin,BEN,2005,4.29366413526147,5.36452085832343,6567654954.38903,8426144
Benin,BEN,2006,2.09431707279076,3.78217696540376,7034111314.888124,8693242
Benin,BEN,2007,0.390153238195737,1.2980681333415,8169048382.838754,8953969
Benin,BEN,2008,6.43415220578032,7.94729876067862,9787734526.23965,9228466
Benin,BEN,2009,2.53969206095486,0.896072355749111,9738626517.003197,9509423
Benin,BEN,2010,0.880885670477909,2.20783532536523,9535345015.78355,9797484
Benin,BEN,2011,3.73308304042652,2.7042390774728,10693321363.657408,10093623
Benin,BEN,2012,7.69890807691425,6.74468253340712,11141358115.899054,10397657
Benin,BEN,2013,1.39729839455183,0.428888888888792,12517845123.931498,10708834
Benin,BEN,2014,-0.247782653882282,-0.548757550948091,13284527846.908115,11030004
Benin,BEN,2015,0.85150426118021,0.218785923536154,11388160996.773785,11360681
Benin,BEN,2016,0.683591111274652,-0.793310145785534,11821065853.38379,11697842
Benin,BEN,2017,-0.367897725119164,0.0432648555103608,12701655836.9467,12039780
Benin,BEN,2018,0.670447614217636,0.919170717886054,14262408089.926104,12383347
Benin,BEN,2019,-0.39755379308734,0.732849371240975,14390708751.02496,12726755
Benin,BEN,2020,2.87803228859791,3.02272119663769,15686741883.93395,13070169
Benin,BEN,2021,1.61872506665755,1.73353962694036,17687623530.335533,13413417
Benin,BEN,2022,4.13878000011482,1.35077863583527,17425418044.290585,13759501
Benin,BEN,2023,3.38546435195668,2.73102465280233,19673284686.00226,14111034
,BEN,2024,,,,14462724
Burkina Faso,BFA,1980,8.69436852095804,12.2026364968298,1928719888.2068832,6947900
Burkina Faso,BFA,1981,13.584619381945,7.55570560440939,1775842333.5704167,7140271
Burkina Faso,BFA,1982,9.0465164203043,12.0597652081337,1754450096.2372131,7340197
Burkina Faso,BFA,1983,5.40931696202939,8.15376277420429,1600278605.2546546,7551129
Burkina Faso,BFA,1984,6.50108528918713,4.84695768186083,1459880132.1410668,7772256
Burkina Faso,BFA,1985,0.757066710315698,6.90605782140467,1552493196.2842438,7999935
Burkina Faso,BFA,1986,-6.34567686458379,-2.61174292476783,2036303357.6811328,8228847
Burkina Faso,BFA,1987,1.23732316838962,-2.68178423511596,2369834949.732339,8457109
Burkina Faso,BFA,1988,3.40855660018133,4.25561601785942,2616040478.9930944,8687435
Burkina Faso,BFA,1989,4.83162041216929,-0.481798715203334,2615587733.973027,8921175
Burkina Faso,BFA,1990,1.81001541960049,-0.504303388918912,3101300778.564138,9159356
Burkina Faso,BFA,1991,-3.96778074755804,2.16260052713421,3135045584.08387,9394632
Burkina Faso,BFA,1992,0.227059619996879,-1.99113580736892,3356692505.18266,9629275
Burkina Faso,BFA,1993,-1.44183978328999,0.553455723541917,3199536465.233282,9871713
Burkina Faso,BFA,1994,14.6389618841227,25.1778762249963,1895290637.095044,10123798
Burkina Faso,BFA,1995,6.76956903796038,7.45884497828324,2379517975.280564,10386722
Burkina Faso,BFA,1996,0.348705151128442,6.09780439121741,2586550595.4101324,10655942
Burkina Faso,BFA,1997,1.55619984983713,2.31869062176685,2447669101.9517813,10934223
Burkina Faso,BFA,1998,7.94031603070835,5.08433344145323,2804902367.146874,11240664
Burkina Faso,BFA,1999,17.3908245064623,-1.07261362759534,3389566712.6603723,11574928
Burkina Faso,BFA,2000,-0.819773185220825,-0.304212168486803,2968370087.597594,11925546
Burkina Faso,BFA,2001,3.96155291715017,5.00743290822373,3190371080.947684,12295001
Burkina Faso,BFA,2002,3.05698609068348,2.17569480664608,3622350062.9605274,12680897
Burkina Faso,BFA,2003,1.48472881492427,2.03456574053815,4740768142.674943,13082532
Burkina Faso,BFA,2004,0.0906485898375564,-0.400228702115452,5451688537.609592,13500533
Burkina Faso,BFA,2005,3.73938539728054,6.41504018369684,6146353173.349286,13932123
Burkina Faso,BFA,2006,-0.662826822466556,2.3331085637222,6547419820.381131,14373707
Burkina Faso,BFA,2007,2.49234918341701,-0.230627306273038,7625722836.768471,14816307
Burkina Faso,BFA,2008,9.15980043749074,10.6597978997424,9451435490.114674,15258093
Burkina Faso,BFA,2009,2.40550487042772,2.60817666368315,9450696873.343262,15710066
Burkina Faso,BFA,2010,3.77961872815705,-0.764230734676758,10109619740.69942,16176498
Burkina Faso,BFA,2011,6.73800480732596,2.75976724854523,12080295977.563232,16661908
Burkina Faso,BFA,2012,5.82399948795916,3.818152402524,12561015156.568283,17172287
Burkina Faso,BFA,2013,-2.12917117768745,0.533738507090536,13444300485.841228,17695409
Burkina Faso,BFA,2014,-0.620386925840478,-0.258089517535384,13943016076.743608,18229461
Burkina Faso,BFA,2015,-2.22395417919314,0.724838981070517,11832159315.62978,18777487
Burkina Faso,BFA,2016,2.60429919226561,0.441041448058902,12833363045.336657,19334856
Burkina Faso,BFA,2017,1.41629727998107,1.48299897161325,14106955615.344175,19894407
Burkina Faso,BFA,2018,1.07396688968345,1.95594302672523,15890066221.288244,20438288
Burkina Faso,BFA,2019,0.51290051556127,-3.2333893398333,16032813501.663946,20961952
Burkina Faso,BFA,2020,6.46559578788029,1.88443993781991,17725010530.7894,21478690
Burkina Faso,BFA,2021,0.112863112943955,3.65353287214209,19643166853.66414,21995243
Burkina Faso,BFA,2022,5.88896511236759,14.2902354303358,18820219331.22608,22509038
Burkina Faso,BFA,2023,1.99804752407688,0.742910428668841,20324617838.967648,23025776
,BFA,2024,,4.19113446375394,,23548781
Bangladesh,BGD,1980,17.55506709007,,18138049095.607235,88016432
Bangladesh,BGD,1981,9.89469031190922,,20249694002.44798,90303105
Bangladesh,BGD,1982,9.85581246334655,,18525399201.59681,92814507
Bangladesh,BGD,1983,8.48775587837945,,17609048821.54882,95335155
Bangladesh,BGD,1984,7.87556634908888,,18920840000.0,97814966
Bangladesh,BGD,1985,18.4951156996356,,22278423076.92308,100253825
Bangladesh,BGD,1986,8.25440489427334,,21774033333.33333,102635572
Bangladesh,BGD,1987,11.1196311686194,9.87469609126633,24298032258.06452,104959291
Bangladesh,BGD,1988,7.49583529710168,7.41276595744666,26579005558.365208,107216008
Bangladesh,BGD,1989,8.337973249846,6.04547975596244,28781715188.891914,109433799
Bangladesh,BGD,1990,6.53273529225868,6.12671846981458,31598340778.21637,111633717
Bangladesh,BGD,1991,2.72953199538708,6.35736412278234,30957483949.57983,113787109
Bangladesh,BGD,1992,2.58216189991052,3.63407691798491,31708874594.16445,115952192
Bangladesh,BGD,1993,0.155518172723973,3.01481859989799,33166519417.98942,118132360
Bangladesh,BGD,1994,3.96621631555998,5.31374007936498,33768660882.79301,120343179
Bangladesh,BGD,1995,7.14493870340395,10.2978117947206,37939748768.65672,122600370
Bangladesh,BGD,1996,19.1432131128285,2.37712902953223,46438484107.57946,124862179
Bangladesh,BGD,1997,3.80023220091314,5.30560105668802,48244309133.489456,127198069
Bangladesh,BGD,1998,4.73621256184072,8.40223795613228,49984559471.36564,129622332
Bangladesh,BGD,1999,3.78103773665002,6.10669589841958,51270569883.52746,132108065
Bangladesh,BGD,2000,3.44665934914798,2.20825620937535,53369787318.62453,134544304
Bangladesh,BGD,2001,3.26116013222439,2.0071737421384,53991289844.32913,136805810
Bangladesh,BGD,2002,3.8928674350377,3.33256493271913,54724081490.510185,138933658
Bangladesh,BGD,2003,5.81581664789621,5.66870773441476,60158929188.255615,140970351
Bangladesh,BGD,2004,4.5621363796936,7.5875363850469,65108544250.04247,142902856
Bangladesh,BGD,2005,4.58636070641845,7.04661816222039,69476001429.86258,144715786
Bangladesh,BGD,2006,5.87593581109938,6.76526117054757,71795735672.01486,146405973
Bangladesh,BGD,2007,6.47126010502515,9.10698496905383,79611644984.35574,147989278
Bangladesh,BGD,2008,7.86096609394262,8.90194489465154,91636997445.24236,149474264
Bangladesh,BGD,2009,6.76435468091874,5.42347236174679,102475158462.5109,150873714
Bangladesh,BGD,2010,7.14466302810841,8.12667639169917,115275540861.35988,152201981
Bangladesh,BGD,2011,7.85945085272492,11.3951651552399,128607482927.46776,153591076
Bangladesh,BGD,2012,8.16457367624635,6.21750422069284,133310747047.52785,155070101
Bangladesh,BGD,2013,7.17495343232414,7.53040640913172,149998957327.0292,156532141
Bangladesh,BGD,2014,5.66878852513904,6.99163889220849,172886611131.25522,157964929
Bangladesh,BGD,2015,5.87277704102323,6.19428022984984,195146607942.29083,159383179
Bangladesh,BGD,2016,27.8507377248339,5.51352572692995,265224514652.99173,160811932
Bangladesh,BGD,2017,5.04759758203714,5.70207015717239,293732447017.3276,162186147
Bangladesh,BGD,2018,5.80553876704575,5.54362139486476,321362751137.57434,163523103
Bangladesh,BGD,2019,3.65813755162172,5.59199639930629,351231655150.82745,164913055
Bangladesh,BGD,2020,3.84106338588026,5.69107474746211,373979442653.34265,166298024
Bangladesh,BGD,2021,4.1211747067957,5.54565430773473,416271647002.4352,167658854
Bangladesh,BGD,2022,5.04902187883131,7.69695437176898,460131688909.3012,169384897
Bangladesh,BGD,2023,6.89712404003441,9.8835030377921,437415331040.9943,171466990
,BGD,2024,,10.4657482763412,,173562364
,BGR,1980,,,19839230769.23077,8861535
Bulgaria,BGR,1981,2.82093836829875,,19870000000.0,8891117
Bulgaria,BGR,1982,1.9164728045925,,19342000000.0,8917457
Bulgaria,BGR,1983,-0.645271729639816,,16563666666.666668,8939738
Bulgaria,BGR,1984,2.73674849638195,,17594944444.444447,8960679
Bulgaria,BGR,1985,0.229177128441023,,17155421052.631578,8960547
Bulgaria,BGR,1986,1.34548961532425,2.69999999999986,20249294117.64706,8958171
Bulgaria,BGR,1987,0.0638388002034702,2.72638753651409,28101000000.0,8971359
Bulgaria,BGR,1988,-5.38974383656908,2.36966824644552,22555941176.47059,8981446
Bulgaria,BGR,1989,6.72968413426919,6.38888888888878,21988444444.444447,8876972
Bulgaria,BGR,1990,26.188000659147,23.8000000000003,20632090909.090908,8718289
Bulgaria,BGR,1991,226.537859856257,338.449111470112,10943548387.096775,8632367
Bulgaria,BGR,1992,59.5786493866892,91.2979327269303,10350515463.917526,8540164
Bulgaria,BGR,1993,51.0910538964772,72.8787913866333,10832064941.653982,8472313
Bulgaria,BGR,1994,72.7049682379487,96.0573382686505,9697416974.169744,8443591
Bulgaria,BGR,1995,135.955619033174,62.0548336837992,18991484420.359978,8406067
Bulgaria,BGR,1996,62.9662451838659,121.60754244925,12294964837.623465,8362826
Bulgaria,BGR,1997,913.213096376198,1058.37355921973,11316127378.96127,8312068
Bulgaria,BGR,1998,33.9510300748266,18.672204442064,15031055046.757534,8256786
Bulgaria,BGR,1999,3.31913809004136,2.57304281890206,13627325461.174295,8210624
Bulgaria,BGR,2000,7.38083885101,10.316262128999,13245990274.45809,8170172
Bulgaria,BGR,2001,6.11773237385735,7.36093927231844,14183446025.738909,8009142
Bulgaria,BGR,2002,3.84837869171173,5.81014365721825,16403043849.82968,7837161
Bulgaria,BGR,2003,2.18941082692299,2.34864169582755,21144957990.468067,7775327
Bulgaria,BGR,2004,5.58155791993171,6.14713074246273,26157743368.871613,7716860
Bulgaria,BGR,2005,6.59425897441935,5.03883807111902,29868657858.008183,7658972
Bulgaria,BGR,2006,6.75647490079174,7.26159462769944,34380536495.67393,7601022
Bulgaria,BGR,2007,11.0514316831737,8.40253419005901,44432811756.47305,7545338
Bulgaria,BGR,2008,8.10345619465454,12.3487195994021,54480684188.44424,7492561
Bulgaria,BGR,2009,3.9380183620588,2.75320223914816,52023801230.120026,7444443
Bulgaria,BGR,2010,0.764129878916592,2.43899060504113,50760929302.51474,7395599
Bulgaria,BGR,2011,6.11283035981589,4.21990346601873,57737040780.015656,7348328
Bulgaria,BGR,2012,1.11217885256747,2.95456829831022,54288135058.79262,7305888
Bulgaria,BGR,2013,0.0719518095394278,0.890093540913002,55852123989.95043,7160005
Bulgaria,BGR,2014,1.34078287386647,-1.4181838026484,57157782909.93072,7073572
Bulgaria,BGR,2015,2.94774648723617,-0.104633261008385,50811995688.67711,6984225
Bulgaria,BGR,2016,3.32355920411145,-0.79864988645371,53964253211.83995,6894139
Bulgaria,BGR,2017,4.81312131224342,2.06159619443141,59309748166.11794,6803468
Bulgaria,BGR,2018,4.25525729817191,2.81454473824829,66370132238.3914,6710798
Bulgaria,BGR,2019,5.23548704810747,3.10372944796781,68881010245.54976,6616726
Bulgaria,BGR,2020,4.34103862385629,1.67244096855756,70368758395.14104,6550696
Bulgaria,BGR,2021,6.96662433933332,3.29774435299515,84041493015.66185,6507301
Bulgaria,BGR,2022,15.9183596891222,15.3252589264366,90346169914.93486,6465097
Bulgaria,BGR,2023,7.98419924336682,9.44284140088564,101584384672.78587,6446596
,BGR,2024,,2.44651943006079,,6441421
Bahrain,BHR,1980,24.1580815878628,3.86952505941503,3493834466.8394265,358978
Bahrain,BHR,1981,18.9117650195847,11.3445968083975,3943109531.7956114,373524
Bahrain,BHR,1982,13.723994141722,8.88571308471459,4145421079.979628,386983
Bahrain,BHR,1983,-3.68996713845982,2.97239915075073,4247030467.408351,400707
Bahrain,BHR,1984,-0.418480086865131,0.322399250235326,4440874566.639973,415154
Bahrain,BHR,1985,-1.82499453259432,-2.6359693029697,4152376484.476224,430358
Bahrain,BHR,1986,-17.3926503148808,-2.2960932141956,3470746843.808431,446286
Bahrain,BHR,1987,0.659048458704106,-1.7450017537706,3856922695.406995,462854
Bahrain,BHR,1988,2.00942771420604,0.303435966086578,4209834173.796064,479929
Bahrain,BHR,1989,3.97466040979498,1.48589732182571,4393093961.837181,497327
Bahrain,BHR,1990,4.82669555236323,0.929335437489093,4809511004.960319,514797
Bahrain,BHR,1991,-1.88252400246994,0.764419735927609,5248911170.212766,503052
Bahrain,BHR,1992,-3.53265287221519,-0.172413793103312,5402232446.808511,516458
Bahrain,BHR,1993,-3.02581476787157,2.53886010362695,5913001063.829787,530225
Bahrain,BHR,1994,7.33118744403285,0.816910897759778,6330627925.531915,544366
Bahrain,BHR,1995,1.09067017528857,2.70403475064704,6651180851.063829,558879
Bahrain,BHR,1996,0.196720000526128,-0.452227382530348,6938166755.319149,573792
Bahrain,BHR,1997,0.931716358623348,2.43155133955926,7219407712.765958,589115
Bahrain,BHR,1998,-7.05741107773432,-0.366533864541774,7031309042.553191,604842
Bahrain,BHR,1999,2.65643643982591,-1.2875879718491,7528469148.936171,620989
Bahrain,BHR,2000,14.3225233904652,-0.70485295309079,9062898936.170212,637582
Bahrain,BHR,2001,-3.36382791997714,-1.20757180156659,8976196808.51064,661316
Bahrain,BHR,2002,3.41434955563101,-0.495540138751154,9593510638.297873,710553
Bahrain,BHR,2003,8.60258061783617,1.59362549800787,11074813829.787231,764517
Bahrain,BHR,2004,10.9910846225111,2.35294117647062,13150159574.468084,823741
Bahrain,BHR,2005,13.7349678263372,2.58620689655173,15968723404.25532,888822
Bahrain,BHR,2006,8.84243671557729,2.00746965452849,18504760638.29787,960424
Bahrain,BHR,2007,8.43563269466976,3.25666666666703,21730000000.0,1039295
Bahrain,BHR,2008,11.3650919229748,3.52600316363721,25710904255.31915,1103496
Bahrain,BHR,2009,-12.9939412103814,2.79551283550412,22938218085.106384,1178415
Bahrain,BHR,2010,12.0069506981357,1.96188468334623,25713271276.595745,1228543
Bahrain,BHR,2011,9.48596325068939,-0.40004069748808,28776595744.68085,1195020
Bahrain,BHR,2012,2.93394725551211,2.75739669962979,30749308510.638294,1208964
Bahrain,BHR,2013,0.499828956383851,3.30001156888442,32539468085.106384,1253191
Bahrain,BHR,2014,-1.44043683471969,2.64755321246189,33387712765.957447,1314562
Bahrain,BHR,2015,-8.75667340246945,1.84862742374977,31125851063.82979,1370322
Bahrain,BHR,2016,0.35724777804711,2.78679347602044,32250132978.723404,1423726
Bahrain,BHR,2017,4.61583421430929,1.38671830576406,35423643617.02128,1501116
Bahrain,BHR,2018,4.21271352571605,2.08766938046978,37802005319.14893,1503091
Bahrain,BHR,2019,0.164802199458762,1.00582004702137,38653318085.106384,1483756
Bahrain,BHR,2020,-5.8288484641256,-2.31770629331379,34621807712.76596,1472204
Bahrain,BHR,2021,9.20840263580602,-0.60631938514085,39288670212.76596,1504365
Bahrain,BHR,2022,7.84929462083215,3.62574104304482,44383297872.34042,1524693
Bahrain,BHR,2023,-4.14375165818939,0.0746206782192256,43205000000.0,1577059
,BHR,2024,,0.919635459817651,,1588670
"Bahamas, The",BHS,1980,10.0068656202029,12.0978372310682,1335300000.0,232526
"Bahamas, The",BHS,1981,17.68832770698,11.1144984973891,1426500000.0,236614
"Bahamas, The",BHS,1982,3.6950075490398,6.01262101667498,1578300000.0,240614
"Bahamas, The",BHS,1983,5.97696702414777,3.99999999999994,1732800000.0,244698
"Bahamas, The",BHS,1984,3.17143545923837,3.96634615384615,2041100000.0,248863
"Bahamas, The",BHS,1985,8.46072715196375,4.60500963391135,2320699900.0,253154
"Bahamas, The",BHS,1986,4.66038702363605,5.43378154356233,2472500000.0,257536
"Bahamas, The",BHS,1987,6.58634765784333,5.75646401118136,2713999900.0,261935
"Bahamas, The",BHS,1988,1.48431064242516,4.40241182786764,2817900000.0,266448
"Bahamas, The",BHS,1989,1.81317132899601,5.38765822784807,3062000000.0,271178
"Bahamas, The",BHS,1990,5.07371104738799,4.66931912018676,3166000000.0,275945
"Bahamas, The",BHS,1991,2.556539887887,7.11468120203628,3111160000.0,280731
"Bahamas, The",BHS,1992,3.90556543657969,5.73819886173447,3109000000.0,285927
"Bahamas, The",BHS,1993,-0.851983747862761,2.72289766970591,3092000000.0,291339
"Bahamas, The",BHS,1994,2.18336657794642,1.39933423745548,3259000000.0,296509
"Bahamas, The",BHS,1995,0.802435337290049,2.06699495410042,3429000000.0,301461
"Bahamas, The",BHS,1996,0.984243640773144,1.37913741223666,3609000000.0,306268
"Bahamas, The",BHS,1997,73.2294702373079,0.544150383378688,6332360000.0,310904
"Bahamas, The",BHS,1998,3.04892132747692,1.33661336613371,6833220000.0,315368
"Bahamas, The",BHS,1999,4.95093892443033,1.2542482602363,7683870000.0,319614
"Bahamas, The",BHS,2000,0.92270742527738,1.60632941740579,8076470000.0,323835
"Bahamas, The",BHS,2001,0.353150704560917,2.04498977505121,8317830000.0,327836
"Bahamas, The",BHS,2002,3.96047432502201,2.17357792508093,8881160000.0,331614
"Bahamas, The",BHS,2003,1.15487905427804,3.02504526252236,8870090000.0,335618
"Bahamas, The",BHS,2004,1.19499759116476,0.981914036757662,9055290000.0,339782
"Bahamas, The",BHS,2005,5.05600839849254,1.59160618079802,9836200000.0,343894
"Bahamas, The",BHS,2006,0.828194507426659,2.38982627439254,10167250000.0,348375
"Bahamas, The",BHS,2007,2.94796581175521,2.49257794939396,10618340000.0,353334
"Bahamas, The",BHS,2008,1.48861068805519,4.4895599537506,10526000000.0,358120
"Bahamas, The",BHS,2009,-1.03638031397996,2.06273473452682,9981960000.0,362810
"Bahamas, The",BHS,2010,-0.392565565624793,1.34402738392836,10095760000.0,367478
"Bahamas, The",BHS,2011,-0.858605322784499,3.1987814166032,10070450000.0,371729
"Bahamas, The",BHS,2012,3.35553252540916,1.97336755976254,10720500000.0,375469
"Bahamas, The",BHS,2013,-0.169413674488652,0.722414784530551,10395800000.0,378953
"Bahamas, The",BHS,2014,3.64817136334401,1.51375643050831,10974100000.0,382298
"Bahamas, The",BHS,2015,5.30893214629577,1.86148302863371,11671900000.0,385346
"Bahamas, The",BHS,2016,1.60448975573296,-0.346376929989397,11745100000.0,388055
"Bahamas, The",BHS,2017,1.34831042029538,1.51820700736147,12236700000.0,390485
"Bahamas, The",BHS,2018,0.456170832413122,2.26586346678736,12615800000.0,392717
"Bahamas, The",BHS,2019,4.59340787218045,2.49123527368046,13016200000.0,394675
"Bahamas, The",BHS,2020,-2.6348030197491,0.0385210980054558,9958200000.0,395863
"Bahamas, The",BHS,2021,-1.07183744667745,2.90491262928478,11368900000.0,396373
"Bahamas, The",BHS,2022,4.30104615816353,5.60540633583044,13136400000.0,397538
"Bahamas, The",BHS,2023,6.34442014479342,3.05291578969743,14338500000.0,399440
,BHS,2024,,,,401283
,BIH,1980,,,,4148426
,BIH,1981,,,,4184217
,BIH,1982,,,,4221100
,BIH,1983,,,,4258728
,BIH,1984,,,,4295536
,BIH,1985,,,,4330364
,BIH,1986,,,,4362115
,BIH,1987,,,,4390246
,BIH,1988,,,,4414404
,BIH,1989,,,,4433983
,BIH,1990,,,7753478260.869566,4448652
Bosnia and Herzegovina,BIH,1991,48.4724077601571,,6122959183.67347,4458343
Bosnia and Herzegovina,BIH,1992,1362.0287835516,,4735044707.239689,4234616
Bosnia and Herzegovina,BIH,1993,7544.81368150569,,3630668949.832459,3904482
Bosnia and Herzegovina,BIH,1994,49.1182675614766,,1255802469.1358025,3725412
Bosnia and Herzegovina,BIH,1995,13.3824463507885,,1866572953.7366548,3715564
Bosnia and Herzegovina,BIH,1996,1.63963391457347,,2786045321.637427,3875246
Bosnia and Herzegovina,BIH,1997,11.1492939468364,,3671909673.044008,4018227
Bosnia and Herzegovina,BIH,1998,-2.4396946739963,,4116774300.606705,4089356
Bosnia and Herzegovina,BIH,1999,8.43332373993806,,4686256363.047072,4130305
Bosnia and Herzegovina,BIH,2000,30.3325930267657,,5567772768.811885,4159771
Bosnia and Herzegovina,BIH,2001,4.72611761621648,,5800615466.266482,4179438
Bosnia and Herzegovina,BIH,2002,5.00786637251515,,6728220886.645462,4188002
Bosnia and Herzegovina,BIH,2003,1.41086147967751,,8498894359.386289,4178523
Bosnia and Herzegovina,BIH,2004,2.16197157775764,,10156541538.39903,4140987
Bosnia and Herzegovina,BIH,2005,6.18901576798206,,11222796336.542631,4096493
Bosnia and Herzegovina,BIH,2006,7.80012735973601,6.12556615620285,12864841905.954311,4063272
Bosnia and Herzegovina,BIH,2007,6.19756939107606,1.50077710611542,15778734264.37873,4013424
Bosnia and Herzegovina,BIH,2008,7.33535128597794,7.42704310332953,19112796623.117504,3947544
Bosnia and Herzegovina,BIH,2009,0.18546652937485,-0.381464282453057,17613949091.229362,3879794
Bosnia and Herzegovina,BIH,2010,1.40629396620604,1.99621236745887,17176315803.729836,3811472
Bosnia and Herzegovina,BIH,2011,2.43252790824482,3.67125,18644233537.109337,3741798
Bosnia and Herzegovina,BIH,2012,0.795773347301477,2.05267452001717,17226735995.690475,3670113
Bosnia and Herzegovina,BIH,2013,-0.224122003175367,-0.0930456838317588,18179108530.526096,3610859
Bosnia and Herzegovina,BIH,2014,1.00033721930362,-0.897194054194333,18558733564.4692,3564829
Bosnia and Herzegovina,BIH,2015,1.36573070914964,-1.03602303425474,16404348871.443705,3518541
Bosnia and Herzegovina,BIH,2016,1.33330596746471,-1.58410000000002,17116926327.624697,3473003
Bosnia and Herzegovina,BIH,2017,1.77870702677497,0.810133321953039,18326373366.110527,3428682
Bosnia and Herzegovina,BIH,2018,2.79162490401892,1.41710814018034,20484053868.92458,3387000
Bosnia and Herzegovina,BIH,2019,2.47150468459363,0.56278215406123,20482608755.37896,3345533
Bosnia and Herzegovina,BIH,2020,0.0621425496305932,-1.0512960076349,20226036564.412888,3299349
Bosnia and Herzegovina,BIH,2021,4.96460441570017,1.98163900587622,23672712242.214893,3244907
Bosnia and Herzegovina,BIH,2022,11.8088401064015,14.0208440826771,24534663636.17784,3204802
Bosnia and Herzegovina,BIH,2023,6.76270435629395,6.1059011284828,27054889362.885204,3185073
,BIH,2024,,1.69212733599724,,3164253
,BLR,1980,,,,9643000
,BLR,1981,,,,9710000
,BLR,1982,,,,9776000
,BLR,1983,,,,9843000
,BLR,1984,,,,9910000
,BLR,1985,,,,9975000
,BLR,1986,,,,10043000
,BLR,1987,,,,10111000
,BLR,1988,,,,10140000
,BLR,1989,,,,10170000
,BLR,1990,,,,10189348
Belarus,BLR,1991,110.376705259785,,,10194050
Belarus,BLR,1992,1030.7768106265,,9200000000.0,10216470
Belarus,BLR,1993,1058.7144977475,1190.22923349187,16416666666.666666,10239050
Belarus,BLR,1994,1945.7486042475,2221.01656992039,14952100840.336134,10226955
Belarus,BLR,1995,661.504077120537,709.346032118606,13970425776.75489,10193831
Belarus,BLR,1996,53.7143273468705,52.7120767531954,14756846153.846155,10159569
Belarus,BLR,1997,71.6495747331926,63.9373663357479,14130585516.178738,10117433
Belarus,BLR,1998,76.5804464542025,72.8697170535354,15221352698.894428,10071963
Belarus,BLR,1999,316.793434825199,293.678750889773,12138243080.625751,10026738
Belarus,BLR,2000,185.290760909447,168.620235850933,12736780455.15395,9979610
Belarus,BLR,2001,79.5345724468495,61.1349331618477,12354820143.884892,9928549
Belarus,BLR,2002,44.8937388361962,42.5375481348794,14594900944.765818,9865548
Belarus,BLR,2003,30.6853215603655,28.3978399133474,17825444724.487755,9796749
Belarus,BLR,2004,22.675122504115,18.1082424937646,23141566292.94622,9730146
Belarus,BLR,2005,18.9721605296381,10.3388794457932,30210091836.82945,9663915
Belarus,BLR,2006,10.7486157350723,6.99712903535589,36961894281.34442,9604924
Belarus,BLR,2007,12.8727022297205,8.4267527350531,45275711995.82495,9560953
Belarus,BLR,2008,21.2135361351524,14.8378764828254,60752106347.12601,9527985
Belarus,BLR,2009,9.25866190363965,12.9456563410402,50873167326.04142,9504583
Belarus,BLR,2010,11.3403098820796,7.73574804312508,57231904542.87547,9483836
Belarus,BLR,2011,70.7612909673781,53.2286983118173,61762382327.93193,9461643
Belarus,BLR,2012,75.2416666493216,59.2197360232517,65685890438.89215,9446836
Belarus,BLR,2013,21.263000253545,18.3122610377874,75527558966.44727,9443211
Belarus,BLR,2014,18.1922024446735,18.1195543526734,78812805039.07434,9448515
Belarus,BLR,2015,16.0231277230064,13.5344897649735,56454889146.60878,9461076
Belarus,BLR,2016,8.34168809944582,11.8365807653497,47723545321.25899,9469379
Belarus,BLR,2017,8.62294196692545,6.03183725177793,54725302249.808784,9458989
Belarus,BLR,2018,12.1397170957777,4.87230220550684,60031173807.71964,9438785
Belarus,BLR,2019,8.57664221529303,5.59815595039854,64410122847.3508,9419758
Belarus,BLR,2020,11.8776975676281,5.54814357456511,61371755326.2351,9379952
Belarus,BLR,2021,15.3264196397445,9.46028389623103,69673747131.86996,9302585
Belarus,BLR,2022,14.8848623664839,15.209675274081,73775179924.60303,9228071
Belarus,BLR,2023,7.36823053571227,5.0005990309131,71857382745.6066,9178298
,BLR,2024,,5.78531910428,,9132629
Belize,BLZ,1980,51.2506539571552,,197938222.43,145062
Belize,BLZ,1981,0.166294336518447,11.2244897960225,196089854.655,148786
Belize,BLZ,1982,-4.57697224475748,6.83903252716288,182206326.985,152548
Belize,BLZ,1983,7.78637947458508,4.99609679980487,192103185.955,156297
Belize,BLZ,1984,8.61083463584158,3.38289962863707,214381949.02,160044
Belize,BLZ,1985,-2.03638565504288,6.2371661180555,212643742.665,163796
Belize,BLZ,1986,3.70728475414255,0.799771493858953,231638320.535,167554
Belize,BLZ,1987,7.59188821865718,2.01190138849529,281082558.58500004,171338
Belize,BLZ,1988,3.44233798532821,3.13888888888894,320093360.27,175180
Belize,BLZ,1989,3.11070679813454,2.12765957446807,369133890.705,179107
Belize,BLZ,1990,-0.0299159891442002,3.05907172995786,545686365.523175,183076
Belize,BLZ,1991,-2.3721033117321,0.76195150080688,594975697.04556,187040
Belize,BLZ,1992,3.43668966895795,2.39670073025188,693625168.24559,190983
Belize,BLZ,1993,1.87610848225768,1.4725969469368,750018765.3277149,194902
Belize,BLZ,1994,2.60383658195195,2.56934304644295,769649509.4810951,199097
Belize,BLZ,1995,5.28170880963582,2.88961584372151,816491620.228815,204146
Belize,BLZ,1996,2.74603158310431,5.96502097537242,848205276.869645,210310
Belize,BLZ,1997,-1.52046077562431,1.1490375676054,870861115.17749,217446
Belize,BLZ,1998,2.43785985479757,2.1952625003759,926550756.039735,225173
Belize,BLZ,1999,-1.65702215463904,2.62139524582746,996906468.694785,233059
Belize,BLZ,2000,1.44428759552335,3.06743966930585,1134756760.6207051,240799
Belize,BLZ,2001,-1.9214546052185,3.65141786561502,1168127973.9434898,248379
Belize,BLZ,2002,0.691897818951915,4.24026660688645,1240059540.093475,256009
Belize,BLZ,2003,-4.10750365836,2.31808274663101,1303381860.756735,263780
Belize,BLZ,2004,2.14174873146229,6.39443099742399,1394273990.600035,271688
Belize,BLZ,2005,3.00344412152837,-1.1043104441191,1468145956.19917,279731
Belize,BLZ,2006,3.22145168702571,-7.11376771265014,1584207353.220495,287878
Belize,BLZ,2007,3.80629927037283,2.31808274642021,1699214298.9143949,296100
Belize,BLZ,2008,3.60557468225117,6.39443100250034,1731921564.0667,304361
Belize,BLZ,2009,-2.51886906561739,-1.10431044864355,1681473348.434685,312614
Belize,BLZ,2010,2.2485368571529,0.917977378808888,1739070295.44027,320245
Belize,BLZ,2011,4.91658876106118,1.602056156402,1818831938.17757,327298
Belize,BLZ,2012,0.741764529847956,1.30058074547858,1899503249.864295,334414
Belize,BLZ,2013,1.92028288137456,0.50974776898322,2021757434.18064,341627
Belize,BLZ,2014,1.11425408928791,1.20139964481058,2125125606.2572303,348923
Belize,BLZ,2015,-0.304580065916582,-0.861584009427748,2194709309.242045,356333
Belize,BLZ,2016,2.09427966302344,0.663427167917601,2240593542.975695,364705
Belize,BLZ,2017,3.03291030935591,1.14765339305816,2266664817.08822,373202
Belize,BLZ,2018,0.0777284726732006,0.269982622646335,2292787335.624515,380226
Belize,BLZ,2019,-0.11783540640397,0.187069385181424,2386792476.106365,385829
Belize,BLZ,2020,-0.652000223707887,0.121434644614894,2047727810.06777,390812
Belize,BLZ,2021,0.630768469073601,3.23563659237071,2424575179.378305,395346
Belize,BLZ,2022,7.25244797063618,6.27689319447544,2830507575.6840954,402733
Belize,BLZ,2023,6.50970161380764,4.38984017487675,3281500000.0,411106
,BLZ,2024,,3.28955985952768,,417072
Bermuda,BMU,1980,9.85408705621815,,613299968.0,53673
Bermuda,BMU,1981,17.7093913080706,,739100032.0,53997
Bermuda,BMU,1982,12.2085919697942,,785500032.0,54387
Bermuda,BMU,1983,10.9973810679425,,889400000.0,54777
Bermuda,BMU,1984,10.2965524860844,,985699968.0,55169
Bermuda,BMU,1985,7.61408817849274,,1039500032.0,55547
Bermuda,BMU,1986,5.83513671152525,,1173500032.0,55889
Bermuda,BMU,1987,6.48815418331381,,1296499968.0,56265
Bermuda,BMU,1988,4.89301397274433,,1415100032.0,56699
Bermuda,BMU,1989,5.63671313382395,,1501500032.0,57129
Bermuda,BMU,1990,6.03357232192793,,1592400000.0,57559
Bermuda,BMU,1991,6.43059116205715,,1634900000.0,57984
Bermuda,BMU,1992,2.81388110098526,,1679900000.0,58407
Bermuda,BMU,1993,5.19630458908094,,1820359900.0,58816
Bermuda,BMU,1994,1.95956796770183,,1867160100.0,59194
Bermuda,BMU,1995,4.17846351515574,,2030750000.0,59526
Bermuda,BMU,1996,29.3646976052491,,2695390000.0,59813
Bermuda,BMU,1997,4.02390310161174,,2932827000.0,60177
Bermuda,BMU,1998,2.74155110645576,,3130748000.0,60639
Bermuda,BMU,1999,2.7121512028961,,3324433000.0,61124
Bermuda,BMU,2000,-4.23635614734731,,3480219000.0,61550
Bermuda,BMU,2001,-1.36919574128204,,3680483000.0,61867
Bermuda,BMU,2002,8.58044229104615,,3937228000.0,62142
Bermuda,BMU,2003,2.82473952065922,,4186525000.0,62386
Bermuda,BMU,2004,4.6921425981385,,4484703000.0,62555
Bermuda,BMU,2005,6.7623747376536,,4868136000.0,62711
Bermuda,BMU,2006,19.5791618081038,,6144000000.0,62834
Bermuda,BMU,2007,6.57489483173077,,6767000000.0,63010
Bermuda,BMU,2008,5.10891410236363,,6980000000.0,63300
Bermuda,BMU,2009,1.04358316995928,,6656000000.0,63565
Bermuda,BMU,2010,2.23622200255707,,6634526000.0,63725
Bermuda,BMU,2011,-1.15125598094265,,6312691000.0,63733
Bermuda,BMU,2012,6.69820369155734,,6378188000.0,63646
Bermuda,BMU,2013,1.65727319420499,,6465756000.0,63574
Bermuda,BMU,2014,3.01189087721518,,6413988000.0,63529
Bermuda,BMU,2015,2.95202006984243,,6654541000.0,63464
Bermuda,BMU,2016,4.37320384221451,,6899911000.0,63449
Bermuda,BMU,2017,-0.094833735989738,,7142316000.0,63578
Bermuda,BMU,2018,1.6111169764896,,7225977000.0,63831
Bermuda,BMU,2019,2.41935194490377,,7423465000.0,64107
Bermuda,BMU,2020,-0.409804359592485,,6887147000.0,64382
Bermuda,BMU,2021,0.361400030497762,,7286607000.0,64648
Bermuda,BMU,2022,0.938226826481198,,7827980000.0,64749
Bermuda,BMU,2023,4.10639245421443,,,64698
,BMU,2024,,,,64636
Bolivia,BOL,1980,25.0487177686459,47.2416501018426,4450368036.69452,5758900
Bolivia,BOL,1981,29.4860941190977,32.1336011133424,5778487836.53844,5888109
Bolivia,BOL,1982,158.283333281687,123.535718565329,5600385567.807593,6018088
Bolivia,BOL,1983,265.197668097752,275.586283560362,5414008064.034612,6149060
Bolivia,BOL,1984,1443.39713629255,1281.34994174486,6169304491.537309,6281868
Bolivia,BOL,1985,12338.6601412904,11749.6396321438,5377276656.904499,6416185
Bolivia,BOL,1986,230.105222297583,276.335967563202,3959383519.78036,6552479
Bolivia,BOL,1987,14.5841938205856,14.5786984489191,4347956337.833374,6692162
Bolivia,BOL,1988,17.5233370983455,16.0020910549391,4597611710.021265,6835508
Bolivia,BOL,1989,13.1864212723539,15.1734681125732,4715973437.393705,6981766
Bolivia,BOL,1990,16.2679419830218,17.1187746048239,4867582597.52327,7130142
Bolivia,BOL,1991,17.6894402203167,21.4470698171141,5343262457.102258,7280289
Bolivia,BOL,1992,13.1992044095149,12.060323601829,5643868748.681265,7430336
Bolivia,BOL,1993,6.5571581914609,8.52787695688003,5734699488.849339,7579195
Bolivia,BOL,1994,7.95220772509668,7.87404421467434,5981222858.82727,7727322
Bolivia,BOL,1995,11.4272817104485,10.1932067630745,6715161732.22658,7874676
Bolivia,BOL,1996,11.5802068693934,12.4254866180049,7396949126.356853,8021736
Bolivia,BOL,1997,5.70504335822339,4.70844436028193,7925736821.450335,8167900
Bolivia,BOL,1998,7.05112676533632,7.67322895675083,8497494652.125457,8313394
Bolivia,BOL,1999,2.41156588906529,2.15951626835598,8285064434.568255,8459806
Bolivia,BOL,2000,5.19540520801752,4.60822998872598,8397855484.769085,8606326
Bolivia,BOL,2001,1.87009365776751,1.58965377879568,8141516928.394893,8752736
Bolivia,BOL,2002,2.82075739734616,0.92825885161107,7905485146.443515,8900355
Bolivia,BOL,2003,6.32999229252485,3.33727499671534,8082399639.543047,9050700
Bolivia,BOL,2004,7.96770950924268,4.43738080101725,8773451751.512096,9204287
Bolivia,BOL,2005,5.94079763021928,5.39323106890663,9549122905.328524,9360754
Bolivia,BOL,2006,13.6636795403543,4.28239604802561,11451844902.221363,9521689
Bolivia,BOL,2007,7.37335386111839,8.70560923578869,13120108008.34772,9685960
Bolivia,BOL,2008,10.381181762675,14.0068107702519,16674276285.895582,9850858
Bolivia,BOL,2009,-2.41989432827502,3.34645420142014,17339992193.732193,10016275
Bolivia,BOL,2010,8.77750811554523,2.50327605844241,19649723722.103382,10182345
Bolivia,BOL,2011,14.6023542400665,9.88446419823883,23963164696.591965,10348929
Bolivia,BOL,2012,7.10027550115058,4.51560291399376,27084497481.910275,10515807
Bolivia,BOL,2013,5.99538836854924,5.73640023719607,30659338885.67293,10682608
Bolivia,BOL,2014,2.04949764468354,5.76660074579144,32996188017.36613,10848888
Bolivia,BOL,2015,-4.62060229480602,4.05961041135645,33000198248.914616,11014705
Bolivia,BOL,2016,-1.3548705355405,3.62321431764138,33941126193.92185,11180020
Bolivia,BOL,2017,6.06139996076533,2.8227580554717,37508642170.767006,11344587
Bolivia,BOL,2018,3.05626590816588,2.27205987230155,40287647930.53545,11508368
Bolivia,BOL,2019,-0.693003422953112,1.83954504969026,40895322850.94067,11671386
Bolivia,BOL,2020,-1.85438658655737,0.940742153381849,36629843806.07815,11816299
Bolivia,BOL,2021,3.95611963961919,0.737383721452275,40406111693.198265,11937360
Bolivia,BOL,2022,5.12446446625671,1.74632872945969,44008282879.884224,12077154
Bolivia,BOL,2023,-0.505250428968196,2.57688800489192,45849832906.413895,12244159
,BOL,2024,,5.09976568317427,,12413315
Brazil,BRA,1980,92.1419446109039,,,121207461
Brazil,BRA,1981,100.528877121889,101.725072957927,,124063109
Brazil,BRA,1982,101.034394745721,100.54335919485,,126923155
Brazil,BRA,1983,131.484045057202,135.027682230473,,129790077
Brazil,BRA,1984,201.740282133397,192.121733132051,,132658864
Brazil,BRA,1985,248.543659125921,225.989665211895,,135515595
Brazil,BRA,1986,149.179318289698,147.142826237604,,138336370
Brazil,BRA,1987,206.208708657138,228.336162575513,,141104944
Brazil,BRA,1988,627.951470204274,629.114509120897,,143826357
Brazil,BRA,1989,1304.42420943485,1430.7237251472,425595310393.455,146502972
Brazil,BRA,1990,2736.97067768831,2947.732772483,384959818181.8167,149143223
Brazil,BRA,1991,416.678093932004,432.786661926461,342534090909.09094,151724256
Brazil,BRA,1992,969.012962839962,951.962053052818,328191909882.2324,154275079
Brazil,BRA,1993,1996.15024717719,1927.38079016026,368292034380.95984,156794577
Brazil,BRA,1994,2240.16886623198,2075.88839757325,525369467295.7375,159265006
Brazil,BRA,1995,93.9780430551367,66.0070335542481,769333050986.9048,161735073
Brazil,BRA,1996,18.4562437687673,15.7576656002606,850426432991.7421,164202549
Brazil,BRA,1997,7.72902341184411,6.92671251629154,883206179730.4618,166661659
Brazil,BRA,1998,4.92436158488788,3.19507629280052,863710759256.4348,169159655
Brazil,BRA,1999,8.0105008831072,4.85844749902667,599642024319.5311,171641543
Brazil,BRA,2000,5.60606514085735,7.04414105947266,655448231983.5271,174018282
Brazil,BRA,2001,8.22509432125631,6.84035902487523,559983634798.9812,176301203
Brazil,BRA,2002,9.79811223755975,8.45016437708331,509795273806.7151,178503484
Brazil,BRA,2003,14.0910215230394,14.7149197228147,558233745651.8737,180622688
Brazil,BRA,2004,7.75206076321267,6.59718509985963,669289424806.307,182675143
Brazil,BRA,2005,7.43122475252851,6.86953720898964,891633839853.1047,184688101
Brazil,BRA,2006,6.77427411913297,4.18356812896909,1107626541710.7407,186653106
Brazil,BRA,2007,6.43903808702757,3.64127299102652,1397114486471.384,188552320
Brazil,BRA,2008,8.7785527236756,5.67859390284168,1695855083552.0544,190367302
Brazil,BRA,2009,7.31348274592885,4.88803479876799,1666996438681.463,192079951
Brazil,BRA,2010,8.42333833667878,5.03872690108075,2208837745214.2334,193701929
Brazil,BRA,2011,8.3185922188201,6.6364496221309,2616156223977.466,195284734
Brazil,BRA,2012,7.9431269413538,5.40349914036997,2465227803011.568,196876111
Brazil,BRA,2013,7.50456453292993,6.20431066640101,2472819535742.7266,198478299
Brazil,BRA,2014,7.84670974352809,6.32904015516139,2456043727198.8545,200085127
Brazil,BRA,2015,7.56617501207116,9.02990102416136,1802212206904.6775,201675532
Brazil,BRA,2016,8.10360435870246,8.73914352329393,1795693482652.5151,203218114
Brazil,BRA,2017,3.67138451275035,3.44637335032669,2063514977334.3208,204703445
Brazil,BRA,2018,4.49353433137021,3.66485028376729,1916933898038.3567,206107261
Brazil,BRA,2019,4.22425886899158,3.73297621216894,1873288205186.4492,207455459
Brazil,BRA,2020,6.47249960755747,3.21176803803376,1476107231194.106,208660842
Brazil,BRA,2021,13.047270877833,8.30165975585673,1670647399034.6658,209550294
Brazil,BRA,2022,8.5702819532232,9.28010608956873,1951923942083.32,210306415
Brazil,BRA,2023,4.65899475870381,4.59356282283204,2173665655937.2737,211140729
,BRA,2024,,4.36746407652337,,211998573
Barbados,BRB,1980,44.6781020487812,14.4305197203943,1012280614.5279174,251524
Barbados,BRB,1981,12.2002890324817,14.5675632146886,1114204743.2009149,252270
Barbados,BRB,1982,9.8457670839303,10.3324664370561,1163923830.3584747,253095
Barbados,BRB,1983,5.66428865895905,5.23029878288839,1236016506.7369363,253992
Barbados,BRB,1984,5.18324310134047,4.68579731185602,1346890071.0982947,254920
Barbados,BRB,1985,3.51432724252501,3.91510525082794,1409536120.91682,255820
Barbados,BRB,1986,4.47349515734052,1.33006845161916,1547755183.2148364,256618
Barbados,BRB,1987,7.33777019238275,3.31173110743255,1704370307.7611496,257279
Barbados,BRB,1988,2.75735511474133,4.85885917814048,1812757917.76463,257763
Barbados,BRB,1989,6.82357775062113,6.19011406844121,2006165166.8075376,258109
Barbados,BRB,1990,3.72830835473779,3.07457271078017,2012131457.2664447,258582
Barbados,BRB,1991,4.49528291877914,6.25752663270021,2020583702.0832295,259373
Barbados,BRB,1992,2.1223935897718,6.09389302994638,1957000000.0,260267
Barbados,BRB,1993,5.19536641314413,1.11343933604485,2063342117.0387316,261027
Barbados,BRB,1994,2.20984265586837,0.0772043884602494,2151344901.307612,261620
Barbados,BRB,1995,1.01614920853137,1.87886279357229,2216974096.355592,262039
Barbados,BRB,1996,2.53841641959511,2.38615222842325,2363645403.470392,262284
Barbados,BRB,1997,0.916898497893698,7.71053878969885,2498384129.6673794,262392
Barbados,BRB,1998,8.70325615354062,-1.26888660701212,2817083478.3473377,262436
Barbados,BRB,1999,4.43342351579936,1.56006240249605,2951822204.544325,262517
Barbados,BRB,2000,-1.32283915072432,2.43581303489137,3059500000.0,262063
Barbados,BRB,2001,2.2553892518755,2.57783490431289,3054500000.0,262425
Barbados,BRB,2002,0.907856236699956,0.12524945805599,3106500000.0,264148
Barbados,BRB,2003,1.11587216720588,1.61943319838055,3209500000.0,265776
Barbados,BRB,2004,5.82814413602402,1.39442231075691,3444500000.0,267298
Barbados,BRB,2005,6.66772455718578,6.08218729535043,3819500000.0,268706
Barbados,BRB,2006,4.09637073569277,7.30766262828939,4217323400.0,270002
Barbados,BRB,2007,8.61226108302537,4.03422982885071,4675767950.0,271288
Barbados,BRB,2008,1.80693487399488,8.10810810810782,4790410400.0,272714
Barbados,BRB,2009,-1.82970441549448,3.64386189258334,4466809600.0,274123
Barbados,BRB,2010,18.8527284822355,5.82421853311866,4534772750.0,275243
Barbados,BRB,2011,3.66694041932899,9.43220240177221,4662343500.0,276139
Barbados,BRB,2012,-1.01754183582014,4.53334753888766,4622687600.0,276938
Barbados,BRB,2013,2.74359414985743,1.81410436049105,4693452700.0,277665
Barbados,BRB,2014,0.007463538444739,1.76950322089729,4711838650.0,278348
Barbados,BRB,2015,-0.611165126966512,-1.11278992510967,4738650450.0,278990
Barbados,BRB,2016,-0.967050709686362,1.28192813061895,4848210350.0,279598
Barbados,BRB,2017,3.36727197112887,4.66018463955996,5000457800.0,280171
Barbados,BRB,2018,3.25265217777908,3.67381410406801,5128345200.0,280711
Barbados,BRB,2019,2.14644727501501,4.10028964518461,5367139250.0,281207
Barbados,BRB,2020,5.1139219922773,,4779756550.0,281698
Barbados,BRB,2021,2.32921875143295,,4945276000.0,282147
Barbados,BRB,2022,0.664976976473824,,5840673700.0,282318
Barbados,BRB,2023,3.18212980720116,9.79207077126447,6393564189.61345,282336
,BRB,2024,,,,282467
Brunei Darussalam,BRN,1980,94.7724665478483,,4928806542.84871,186111
Brunei Darussalam,BRN,1981,10.3065506616772,9.13705583756339,4366230382.848044,191977
Brunei Darussalam,BRN,1982,-5.58342929839709,6.35658914728688,4264202520.998586,198165
Brunei Darussalam,BRN,1983,-12.7143643318788,1.16618075801749,3844632166.773148,204741
Brunei Darussalam,BRN,1984,-0.439743751162723,3.07396733909727,3782553233.98105,211661
Brunei Darussalam,BRN,1985,-3.02513075616653,2.35321528424928,3523532486.4213805,218919
Brunei Darussalam,BRN,1986,-37.0798606330313,1.78124288641065,2358574402.606391,226495
Brunei Darussalam,BRN,1987,11.1997682582331,1.24685490634579,2754485672.486435,233860
Brunei Darussalam,BRN,1988,-10.5074011684662,1.19284294234596,2690684124.874219,240913
Brunei Darussalam,BRN,1989,9.47928387762059,1.30430037109823,2985532273.1659093,248064
Brunei Darussalam,BRN,1990,9.73556985962955,2.13866293163795,3520487626.983895,255292
Brunei Darussalam,BRN,1991,-3.63340548298319,1.6,3701774188.880206,262596
Brunei Darussalam,BRN,1992,-1.99597149195178,1.27952755905515,4183632940.384919,269839
Brunei Darussalam,BRN,1993,-2.14230707000969,4.25170068027212,4105729020.646853,276971
Brunei Darussalam,BRN,1994,-2.4067437987094,2.4625184494679,4087220218.8754544,284091
Brunei Darussalam,BRN,1995,9.00608865153572,5.96664139499613,4734103536.46706,291195
Brunei Darussalam,BRN,1996,-0.965394903565368,1.99613650998078,5115454089.632854,298276
Brunei Darussalam,BRN,1997,0.695854302302251,1.71156004489335,5197311972.069078,305341
Brunei Darussalam,BRN,1998,-13.9889900220022,-0.4413793103449,4051142386.30212,312385
Brunei Darussalam,BRN,1999,10.4058180464333,-0.415627597672454,4600116699.1257,319411
Brunei Darussalam,BRN,2000,2.37672035245946,1.55815247634946,6001282104.08228,326424
Brunei Darussalam,BRN,2001,-4.97305267701049,0.59589041095899,5601018684.249742,333345
Brunei Darussalam,BRN,2002,-0.135384149567656,-2.31497242459321,5843368267.853911,340099
Brunei Darussalam,BRN,2003,6.30997052770057,0.299999999999967,6557397070.22741,346637
Brunei Darussalam,BRN,2004,16.5419530801955,0.814223994682613,7872202803.408771,352911
Brunei Darussalam,BRN,2005,20.5036158493576,1.24443711883965,9531420027.79385,358916
Brunei Darussalam,BRN,2006,9.94435222859258,0.159888078345121,11470464771.013,364663
Brunei Darussalam,BRN,2007,4.69688854570667,0.967774119525101,12247677993.924765,370873
Brunei Darussalam,BRN,2008,16.0207669612963,2.08498023715415,14393434224.759678,377793
Brunei Darussalam,BRN,2009,-21.7392663171489,1.03571774271613,10732595016.118176,384952
Brunei Darussalam,BRN,2010,4.98008956509719,0.356869132017561,13707280259.97628,392332
Brunei Darussalam,BRN,2011,20.1807686846284,0.13791156316954,18525128526.376625,399389
Brunei Darussalam,BRN,2012,1.22025197904199,0.111766261400307,19048443340.773243,405557
Brunei Darussalam,BRN,2013,-2.82348952713912,0.389205053123632,18094321616.795853,411202
Brunei Darussalam,BRN,2014,-1.84601542355594,-0.207108731719822,17097802752.87284,416750
Brunei Darussalam,BRN,2015,-17.6127432412634,-0.488347420743522,12930291487.95813,422212
Brunei Darussalam,BRN,2016,-9.16949513646259,-0.278693265753083,11400466356.389812,427564
Brunei Darussalam,BRN,2017,4.95526868232284,-1.2605056462896,12128183904.450096,432772
Brunei Darussalam,BRN,2018,9.21562481534343,1.02505179290212,13566937673.796574,437810
Brunei Darussalam,BRN,2019,-3.33372764830381,-0.390522069165529,13469235364.703176,442680
Brunei Darussalam,BRN,2020,-10.8637594994,1.94031996607184,12005799653.983503,447404
Brunei Darussalam,BRN,2021,15.4659284363945,1.73341388450593,14006496617.445808,451721
Brunei Darussalam,BRN,2022,24.2367266802876,3.68225030604216,16681536466.7183,455370
Brunei Darussalam,BRN,2023,-12.8961956287324,0.35706431153689,15128292953.509842,458949
,BRN,2024,,-0.388674165036461,,462721
Bhutan,BTN,1980,12.5171777751875,,128669200.89101475,433404
Bhutan,BTN,1981,3.46255527068837,9.97237569060774,139174178.05554134,447836
Bhutan,BTN,1982,7.28714919176407,9.84677216779704,141439317.4098468,462485
Bhutan,BTN,1983,7.15835942749703,18.0577787941154,156704289.9037103,477460
Bhutan,BTN,1984,10.1636889932223,7.03770661157025,160423493.96259633,492784
Bhutan,BTN,1985,6.5086147454451,1.88201230546507,163288815.32086912,508392
Bhutan,BTN,1986,7.18543787496726,9.96447602131439,191218115.4884852,524324
Bhutan,BTN,1987,1.1011726823489,6.33177192699079,242742766.35420284,540557
Bhutan,BTN,1988,14.9648718330335,10.0967137576586,272298066.541674,556986
Bhutan,BTN,1989,5.60791537601837,8.77983718898041,264798626.1625219,573586
Bhutan,BTN,1990,6.20535307251815,10.0118383223406,287765007.10715,589287
Bhutan,BTN,1991,8.94128430964388,12.2751729438893,240294286.0159245,599784
Bhutan,BTN,1992,8.92328955866431,15.975217361539,240233531.16046432,577774
Bhutan,BTN,1993,8.51345075725479,11.1980165874679,225973692.83710003,554673
Bhutan,BTN,1994,12.3412550618465,7.00995355009951,258954708.04853308,554497
Bhutan,BTN,1995,8.28438262087263,9.48754836789369,290490983.81577843,547989
Bhutan,BTN,1996,8.11263278407877,8.79001381935162,303408345.62007755,548784
Bhutan,BTN,1997,12.9068747964519,6.50548718269086,352229076.70762706,558697
Bhutan,BTN,1998,10.6962671056476,10.5855899892463,363458380.90334153,569435
Bhutan,BTN,1999,6.17025915764653,6.77699393553632,399311199.5077601,582579
Bhutan,BTN,2000,16.5271465766662,4.01212081070342,460733418.3992761,596863
Bhutan,BTN,2001,5.33733054010742,3.41478946111594,496110225.7103072,610794
Bhutan,BTN,2002,5.16519301584195,2.45535714285714,559345263.7083086,624409
Bhutan,BTN,2003,3.62430623598658,2.57230861693339,651935430.314445,637663
Bhutan,BTN,2004,4.34588162820633,4.10593698272958,735348490.4284352,650544
Bhutan,BTN,2005,6.4792024025566,5.3126310463775,860391000.2216555,661865
Bhutan,BTN,2006,6.57512374147177,5.00045438022541,942879878.5388786,670799
Bhutan,BTN,2007,4.68817791946599,5.15611138758463,1255767964.004914,678641
Bhutan,BTN,2008,5.60618091108023,8.32716049382713,1317517834.5991557,686351
Bhutan,BTN,2009,4.4240994174459,4.36112219119805,1331343797.773081,693988
Bhutan,BTN,2010,8.32696239631917,7.03638316073019,1673464261.2798216,701632
Bhutan,BTN,2011,8.88020593346201,8.848985699468,1938441288.7919035,709377
Bhutan,BTN,2012,8.63679344825027,10.919656944683,1939730676.1747935,717279
Bhutan,BTN,2013,6.16413159831512,8.77638345268213,1913162477.220792,725273
Bhutan,BTN,2014,5.72222883359687,8.27106093949328,2057330872.731512,733139
Bhutan,BTN,2015,3.20977724189126,4.54814395082205,2154921010.655577,740618
Bhutan,BTN,2016,4.0489129986434,3.21988689395718,2322730512.468928,747866
Bhutan,BTN,2017,4.34963395991817,4.95508366985129,2591358115.158436,754335
Bhutan,BTN,2018,1.15086273454624,2.72396386183713,2583335723.321254,759759
Bhutan,BTN,2019,3.10800839980718,2.72643037388832,2735683408.576508,764824
Bhutan,BTN,2020,5.28737431504244,5.62936522632508,2457604042.409587,770006
Bhutan,BTN,2021,7.62801338690346,7.3468144053353,2768802803.1814117,775442
Bhutan,BTN,2022,5.7948551929732,5.6391667139637,2898227713.223154,780914
,BTN,2023,,4.22934419929251,,786385
,BTN,2024,,2.76131569624098,,791524
Botswana,BWA,1980,10.1902825295163,13.6324251470895,1060889703.7537392,937485
Botswana,BWA,1981,-0.0883228377325622,16.4280267725712,1073812830.3005242,969996
Botswana,BWA,1982,3.69541837346672,11.1372064274689,1014945695.7192708,1009269
Botswana,BWA,1983,8.74548539674289,10.4771438105237,1172230396.5809908,1046137
Botswana,BWA,1984,15.4269850656216,8.57746904251906,1240822167.435706,1083660
Botswana,BWA,1985,22.8936594340284,8.09457579975941,1114783342.7153945,1121945
Botswana,BWA,1986,14.0612498754001,10.0017155606022,1392602163.538292,1160650
Botswana,BWA,1987,12.6940698241788,9.80193387398675,1965226890.0455704,1199167
Botswana,BWA,1988,22.6970595672875,8.35167956821219,2644554158.7279363,1235476
Botswana,BWA,1989,13.648777260206,11.5750147473285,3083822112.020233,1270274
Botswana,BWA,1990,6.30001828340927,11.3963461199556,3790636324.447746,1305696
Botswana,BWA,1991,5.17770993695599,11.7650160839535,3942876703.451844,1341756
Botswana,BWA,1992,6.63928085355347,16.1676123963339,4146464586.616739,1380033
Botswana,BWA,1993,13.0647004889209,14.3308033365888,4160129174.705695,1420115
Botswana,BWA,1994,9.46380470158942,10.5429209938218,4259259604.156229,1460023
Botswana,BWA,1995,7.15529485253452,10.512546081579,4730599121.927042,1498836
Botswana,BWA,1996,16.1121954488091,10.0828580652108,4847757217.758154,1535914
Botswana,BWA,1997,4.99060848779871,8.71993127147747,5020265626.664892,1571691
Botswana,BWA,1998,9.96727081881656,6.66139865665752,4790481509.176786,1606899
Botswana,BWA,1999,14.2352084945169,7.74929619202848,5484263346.881052,1641997
Botswana,BWA,2000,14.1709669143697,8.60148514851491,5788329609.157553,1677382
Botswana,BWA,2001,8.31282499951298,6.55903767014862,5489608299.664453,1712254
Botswana,BWA,2002,1.18737069613121,8.03279662527486,5438863982.886922,1744763
Botswana,BWA,2003,3.25908437200664,9.18990265632739,7511582173.377239,1775736
Botswana,BWA,2004,10.0787886535731,6.94570363654675,8957467706.535404,1807146
Botswana,BWA,2005,15.4717065693105,8.6102252854644,9918907108.097015,1839877
Botswana,BWA,2006,5.1543983602337,11.5552187914379,9919158482.410852,1874516
Botswana,BWA,2007,6.02919765064402,7.08099847172693,10567270655.502705,1911201
Botswana,BWA,2008,9.37273025563468,12.7021883920076,10730829116.410507,1949970
Botswana,BWA,2009,15.1089337480839,8.02729703109582,10118459242.31832,1990673
Botswana,BWA,2010,7.6830614533247,6.94887658743103,12637273429.133932,2033111
Botswana,BWA,2011,12.6533215833519,8.45987233408583,15110643612.17291,2073535
Botswana,BWA,2012,3.01184160842378,7.53690261091916,13907464500.148876,2108617
Botswana,BWA,2013,1.5321209980109,5.88460707056817,14271738933.204172,2140682
Botswana,BWA,2014,9.60400220258751,4.40225309243427,15470088500.74136,2172044
Botswana,BWA,2015,3.73031737555105,3.06203169580558,13530748844.50496,2203273
Botswana,BWA,2016,11.9049111318198,2.81495791361944,15082637184.04962,2234776
Botswana,BWA,2017,-2.64991927643297,3.30828076768219,16105155856.770824,2266747
Botswana,BWA,2018,0.0571969585408283,3.23801558947715,17031943186.13526,2299141
Botswana,BWA,2019,0.507585435653098,2.77286442863321,16725908148.548136,2332083
Botswana,BWA,2020,4.37899382741232,1.8903591682421,14960291105.931597,2365894
Botswana,BWA,2021,8.38144972399829,7.24097765588442,18750946600.142254,2401441
Botswana,BWA,2022,14.6175509748138,11.665567478802,20321958850.03632,2439892
Botswana,BWA,2023,2.12467971961613,5.0676154934383,19395765126.312748,2480244
,BWA,2024,,2.81835131676251,,2521139
Central African Republic,CAF,1980,18.2653791713287,,797048198.5348748,2450535
Central African Republic,CAF,1981,13.8727460514407,-0.0333333333334091,694803622.8989656,2478402
Central African Republic,CAF,1982,20.9142340489744,13.2960986995663,748312390.7566056,2507375
Central African Republic,CAF,1983,11.1028813560158,14.6126112868811,658679332.6813309,2537399
Central African Republic,CAF,1984,1.41940106495943,2.54220966810047,637820670.2996036,2568610
Central African Republic,CAF,1985,34.1451753514768,10.4238402303886,864849836.286193,2600932
Central African Republic,CAF,1986,-3.42903722815151,2.24515251162269,1122265013.4200428,2634258
Central African Republic,CAF,1987,-2.30335118277361,-6.98680270599974,1200991977.8080113,2669155
Central African Republic,CAF,1988,2.62405594015438,-3.96446882079366,1264899287.512611,2713965
Central African Republic,CAF,1989,2.45620480015998,0.689055807312738,1233930280.917237,2783970
Central African Republic,CAF,1990,1.83664510564687,-0.0123304562272102,1440711459.1696668,2871910
Central African Republic,CAF,1991,-0.389815607540783,-2.76236280675762,1377374986.5870886,2963191
Central African Republic,CAF,1992,2.78264702243938,-1.03360811667777,1411917553.1243598,3058831
Central African Republic,CAF,1993,-3.43302031766279,-2.91535849298335,1278781261.5592823,3157839
Central African Republic,CAF,1994,24.4125696821529,24.5710137275605,851174356.7817373,3257954
Central African Republic,CAF,1995,9.89797585830159,19.1894039735098,1115389673.6919692,3348052
Central African Republic,CAF,1996,-3.54304573295389,3.72494110325802,1007791127.0991324,3435965
Central African Republic,CAF,1997,0.823381000647387,1.61131347760911,937741513.0153517,3531700
Central African Republic,CAF,1998,-0.414154094982351,-1.8852009615791,967338389.6505778,3628827
Central African Republic,CAF,1999,4.08471548975844,-1.41420220082551,999477510.6866324,3729450
Central African Republic,CAF,2000,8.5066010783456,3.20340091563112,916777282.6916586,3833416
Central African Republic,CAF,2001,0.425938675009292,3.83486060237362,932648604.751954,3919487
Central African Republic,CAF,2002,-2.37188170574854,2.33181703516235,996068144.8848892,4006077
Central African Republic,CAF,2003,1.33641863140784,4.13470905150996,1142315522.538636,4103086
Central African Republic,CAF,2004,-4.43978593836373,-2.06640601136303,1272360517.3237343,4192826
Central African Republic,CAF,2005,4.18843708159385,2.88352073359022,1337894378.737431,4288810
Central African Republic,CAF,2006,3.33404593869069,6.69526465773354,1461859762.334591,4377579
Central African Republic,CAF,2007,1.83823165042337,0.95991761945711,1699811294.9493458,4462770
Central African Republic,CAF,2008,7.07707072361423,9.25895099417076,1993407888.4983776,4558984
Central African Republic,CAF,2009,0.711628390754186,3.52126227238643,2067381665.2545447,4529047
Central African Republic,CAF,2010,4.21130931097511,1.49102370047802,2142591540.4006848,4492995
Central African Republic,CAF,2011,4.00911505710052,1.1944757244985,2437982705.120927,4565021
Central African Republic,CAF,2012,6.18103617692616,5.47829594346117,2510126512.228313,4610848
Central African Republic,CAF,2013,2.48748677760067,6.98879341970198,1691544110.1854331,4642419
Central African Republic,CAF,2014,11.8938033016777,14.898684179755,1894813389.403252,4623182
Central African Republic,CAF,2015,2.70826310785282,1.40297017136816,1695825714.1928203,4629320
Central African Republic,CAF,2016,2.98011408445534,4.94543276106518,1825018144.6559527,4713663
Central African Republic,CAF,2017,6.44370628779525,4.18072331871267,2072349972.6817956,4793511
Central African Republic,CAF,2018,-1.22411715845705,1.61215686991555,2220979146.1124053,4878657
Central African Republic,CAF,2019,2.32783705140642,2.68537355266787,2221301351.439182,4944703
Central African Republic,CAF,2020,1.98216055627785,1.71015659523153,2326720900.380474,5026628
Central African Republic,CAF,2021,3.18576646900353,4.25936417542868,2516498412.463837,5112100
Central African Republic,CAF,2022,5.9679244498741,5.58316735183247,2382618615.016939,5098039
Central African Republic,CAF,2023,3.39995299007134,2.97913852618937,2555492085.2483063,5152421
,CAF,2024,,,,5330690
Canada,CAN,1980,10.0558897409454,10.1292205085453,274776566028.05338,24515667
Canada,CAN,1981,10.8709573442936,12.4716124148372,307246642755.8595,24819915
Canada,CAN,1982,8.8270784009845,10.7689718997139,314647807408.6083,25116942
Canada,CAN,1983,5.82447504958721,5.86358802977368,341866277182.7329,25366451
Canada,CAN,1984,3.54539026295097,4.30477830391737,356718400123.5426,25607053
Canada,CAN,1985,3.33838918991506,3.96203054065205,366186012449.65216,25842116
Canada,CAN,1986,3.13237904093367,4.19478629085621,379006836991.7236,26100278
Canada,CAN,1987,4.79160141366921,4.3561087122174,433134238310.70886,26446601
Canada,CAN,1988,4.53999817633812,4.02823414871611,509380027626.554,26791747
Canada,CAN,1989,4.68125324002972,4.98362189985958,567211993243.2433,27276781
Canada,CAN,1990,3.35230172492575,4.78047693336304,596075591360.9873,27691138
Canada,CAN,1991,3.05676989607522,5.62586408593005,612527712315.615,28037420
Canada,CAN,1992,1.47085083373742,1.49013290374545,594387358318.8549,28371264
Canada,CAN,1993,1.28904288219367,1.86507936507939,579053561739.4,28684764
Canada,CAN,1994,1.45563096077591,0.165562913907291,579944346807.2643,29000663
Canada,CAN,1995,2.26332573160717,2.14876033057849,605961090061.2067,29302311
Canada,CAN,1996,1.67527501989628,1.57053112507138,630607994132.7466,29610218
Canada,CAN,1997,1.14412830670354,1.62121638084531,654986999855.554,29905948
Canada,CAN,1998,-0.176225256269674,0.99594245665802,634000000000.0,30155173
Canada,CAN,1999,1.92385564173627,1.73484295105918,678412196271.118,30401286
Canada,CAN,2000,4.37419903079417,2.71943995691976,744773415931.587,30685730
Canada,CAN,2001,1.5736767667921,2.52512013979906,738981792355.372,31020855
Canada,CAN,2002,1.25752345524339,2.25839440940855,760649334098.0055,31359199
Canada,CAN,2003,3.24973700697623,2.75856321360112,895540646634.787,31642461
Canada,CAN,2004,3.26087389828982,1.85725871857256,1026690238278.2476,31938807
Canada,CAN,2005,3.11663850487676,2.21355203439767,1173108598778.6765,32242732
Canada,CAN,2006,2.57017267466084,2.00202539534161,1319264809590.9731,32571193
Canada,CAN,2007,3.30054564423155,2.13838399266837,1468820407783.2605,32888886
Canada,CAN,2008,3.99631645542576,2.37027067444299,1552989690721.6497,33247298
Canada,CAN,2009,-2.32492207227941,0.299466803009299,1374625142157.2915,33630069
Canada,CAN,2010,2.84863776634425,1.77687154092627,1617343367486.2583,34005902
Canada,CAN,2011,3.24445517550211,2.91213508872351,1793326630174.5186,34339221
Canada,CAN,2012,1.21844370738719,1.51567823124517,1828366481521.5952,34713395
Canada,CAN,2013,1.74073790573416,0.938291897815317,1846597421834.9836,35080992
Canada,CAN,2014,1.94119897748668,1.90663590717861,1805749878439.941,35434066
Canada,CAN,2015,-0.867651312323389,1.12524136094277,1556508816217.14,35704498
Canada,CAN,2016,0.716978140660657,1.42875954701085,1527994741907.425,36110803
Canada,CAN,2017,2.57101465425282,1.59688412852977,1649265644244.095,36545075
Canada,CAN,2018,1.6511181981862,2.26822567248103,1725329192783.024,37072620
Canada,CAN,2019,1.54607075438069,1.94926902411593,1743725183672.5212,37618495
Canada,CAN,2020,1.07081026807496,0.716999632307827,1655684730000.1936,38028638
Canada,CAN,2021,7.66486542253131,3.39519318527528,2007472181464.152,38239864
Canada,CAN,2022,7.65381992676227,6.80280115341613,2161483369422.0144,38935934
Canada,CAN,2023,1.5347101132531,3.87900159788426,2140085567791.4517,40083484
,CAN,2024,,2.38158383281173,,41288599
,CEB,1980,,,,106541316
,CEB,1981,,,,107129392
,CEB,1982,,,,107730380
,CEB,1983,,,,108297837
,CEB,1984,,,,108838073
,CEB,1985,,,,109338285
,CEB,1986,,,,109824166
,CEB,1987,,,,110296425
,CEB,1988,,,,110686740
,CEB,1989,,,,110801640
,CEB,1990,,,271637123369.4262,110743128
Central Europe and the Baltics,CEB,1991,99.2954217924989,118.527578905984,249770190038.70465,110469467
Central Europe and the Baltics,CEB,1992,199.858895609549,150.615831956876,256444334950.33383,110111454
Central Europe and the Baltics,CEB,1993,51.0910538964772,72.8787913866333,269826665737.78308,110041924
Central Europe and the Baltics,CEB,1994,37.234034809391,35.9247053929642,308020664820.8831,110021594
Central Europe and the Baltics,CEB,1995,27.4436170381266,27.951388563304,393418186688.9645,109864246
Central Europe and the Baltics,CEB,1996,17.9812076556664,19.7949669196707,416195415189.1887,109626194
Central Europe and the Baltics,CEB,1997,9.92247771949688,8.88104848465892,410169356215.5445,109422013
Central Europe and the Baltics,CEB,1998,8.17944424818104,8.20833333333298,448894516191.06384,109238340
Central Europe and the Baltics,CEB,1999,6.17757158989451,4.01913875598086,435065687984.2278,109060951
Central Europe and the Baltics,CEB,2000,5.53606478204385,8.91174418658769,428597564395.9415,108447824
Central Europe and the Baltics,CEB,2001,5.37523124435772,5.74827981651373,468614167274.2405,107660041
Central Europe and the Baltics,CEB,2002,3.84837869171173,3.12714222984608,528074378315.02216,106959751
Central Europe and the Baltics,CEB,2003,3.88938600534479,2.34864169582755,634393988542.2975,106624167
Central Europe and the Baltics,CEB,2004,4.9331164049614,3.59297594249509,763090451335.7031,106331716
Central Europe and the Baltics,CEB,2005,3.11436952510556,3.31717824448045,886072339096.3014,106041911
Central Europe and the Baltics,CEB,2006,3.88062372679858,3.93032603841001,1001637213773.6056,105772481
Central Europe and the Baltics,CEB,2007,5.44367721666583,4.83732928313989,1265565727257.357,105378748
Central Europe and the Baltics,CEB,2008,5.52922978301194,6.35866380152373,1530718934020.8186,105001883
Central Europe and the Baltics,CEB,2009,2.73284071725568,2.75320223914816,1289853592526.9795,104800475
Central Europe and the Baltics,CEB,2010,0.920113149429753,1.80117022137134,1316548010141.423,104421447
Central Europe and the Baltics,CEB,2011,3.06571454649757,4.13027562645085,1454732403908.4631,104174038
Central Europe and the Baltics,CEB,2012,2.18343357394524,3.33492267693442,1359052936743.2288,103929494
Central Europe and the Baltics,CEB,2013,1.1327980246691,1.4382978723404,1417557275930.6997,103570062
Central Europe and the Baltics,CEB,2014,1.34078287386647,0.0538213132399802,1463823020682.8547,103280478
Central Europe and the Baltics,CEB,2015,1.23453645747557,-0.464499004644911,1293623329358.516,102973167
Central Europe and the Baltics,CEB,2016,0.987474343866324,-0.054999541670474,1316821592128.1628,102647939
Central Europe and the Baltics,CEB,2017,2.7092393048564,2.0759355367385,1461567745963.704,102337501
Central Europe and the Baltics,CEB,2018,3.5930097078956,2.53445424186598,1649014249607.3076,102074201
Central Europe and the Baltics,CEB,2019,3.82267611749334,2.66456133425431,1674815945871.774,101864274
Central Europe and the Baltics,CEB,2020,2.40777968361606,1.67244096855756,1665817489087.9575,101215763
Central Europe and the Baltics,CEB,2021,5.34023602800748,3.83984491500146,1908203520080.4956,100205732
Central Europe and the Baltics,CEB,2022,10.689577427514,14.6081439492433,1943576044705.412,100071871
Central Europe and the Baltics,CEB,2023,9.54718862520608,9.44284140088564,2252970882003.431,100183707
,CEB,2024,,,,100061963
Switzerland,CHE,1980,2.70668273781347,4.02250084839003,122557843886.13716,6319408
Switzerland,CHE,1981,5.66110770362236,6.49030964005719,112244805518.78629,6354074
Switzerland,CHE,1982,7.34804061217811,5.65510182392343,115043365512.48584,6391309
Switzerland,CHE,1983,2.3668842526853,2.94979443545723,114634358534.61008,6418773
Switzerland,CHE,1984,3.75963798821918,2.93145669136625,109455312167.51076,6441865
Switzerland,CHE,1985,2.27073072584507,3.43539935298269,110980314191.52658,6470365
Switzerland,CHE,1986,3.03459397604009,0.750309839410783,159089921062.87177,6504124
Switzerland,CHE,1987,2.19348208822963,1.44032188041722,199236370037.55365,6545106
Switzerland,CHE,1988,2.79023880959011,1.87246859731873,215540625298.98172,6593386
Switzerland,CHE,1989,3.45846016176607,3.15526979710908,208105846934.4092,6646912
Switzerland,CHE,1990,4.60362132287064,5.4039590921894,265763573999.42413,6715519
Switzerland,CHE,1991,5.40910475702043,5.8595966346867,268901693863.3194,6799978
Switzerland,CHE,1992,2.12463504318221,4.03703020778739,279921425828.47394,6875364
Switzerland,CHE,1993,2.32202399254446,3.29262180313611,272237527070.9258,6938265
Switzerland,CHE,1994,1.18438713620428,0.8521169951207,301375055202.16425,6993795
Switzerland,CHE,1995,0.737757710726214,1.79982776867144,352835806342.4947,7040687
Switzerland,CHE,1996,0.280022460607341,0.811634064628211,340103959546.9256,7071850
Switzerland,CHE,1997,-0.476483336948348,0.520225422736652,294788198856.1979,7088906
Switzerland,CHE,1998,-0.189259059141946,0.0179384378439098,303459014346.80646,7110001
Switzerland,CHE,1999,0.0437705570972611,0.806444380959449,297873643323.1261,7143991
Switzerland,CHE,2000,1.36728550428708,1.5585291967901,279216033870.2037,7184250
Switzerland,CHE,2001,0.974383320001323,0.989020329832546,286582672434.22614,7229854
Switzerland,CHE,2002,-0.249463899497144,0.642711506543278,309301422430.3862,7284753
Switzerland,CHE,2003,1.17975924142517,0.638272930887201,362075086507.7597,7339001
Switzerland,CHE,2004,0.296627279296985,0.802908730955227,403912891033.3736,7389625
Switzerland,CHE,2005,0.924638291551645,1.17195420333703,418284865884.9984,7437115
Switzerland,CHE,2006,2.15025798459116,1.05950928324802,441634672196.5226,7483934
Switzerland,CHE,2007,2.37706132688891,0.732350603122248,490740715594.80176,7551117
Switzerland,CHE,2008,1.44992801006573,2.42604117060158,567267767519.158,7647675
Switzerland,CHE,2009,0.457543979622471,-0.480481936423275,554212916092.2709,7743831
Switzerland,CHE,2010,0.312736574258764,0.688238707220026,598851028906.5803,7824909
Switzerland,CHE,2011,-0.0204529167059491,0.2313492076509,715888126682.3959,7912398
Switzerland,CHE,2012,0.0637202631572649,-0.692552018105253,686420221557.9899,7996861
Switzerland,CHE,2013,-0.0868426404352363,-0.217323155115693,706234937370.9675,8089346
Switzerland,CHE,2014,-0.653123803620176,-0.0132025387514939,726537808338.0005,8188649
Switzerland,CHE,2015,-1.2650568747671,-1.14390867228183,694118186379.6278,8282396
Switzerland,CHE,2016,-0.583291591583972,-0.434618664285835,687895460902.7133,8373338
Switzerland,CHE,2017,-0.367869216813958,0.533787839825897,695200833086.4989,8451840
Switzerland,CHE,2018,0.764289197175742,0.936335464113563,725568717468.0009,8514329
Switzerland,CHE,2019,-0.103895158007788,0.362886179940614,721369112726.7239,8575280
Switzerland,CHE,2020,-0.699187622738137,-0.725874933313384,741999406005.6272,8638167
Switzerland,CHE,2021,1.24619196669597,0.581814168489856,813408787222.4987,8704546
Switzerland,CHE,2022,2.4971595038279,2.83502798644463,818426550206.4498,8777088
Switzerland,CHE,2023,1.02331402592833,2.13540088016377,884940402230.4088,8888822
,CHE,2024,,1.06234041976595,,9005582
,CHI,1980,,,,130462
,CHI,1981,,,,131078
,CHI,1982,,,,132172
,CHI,1983,,,,133413
,CHI,1984,,,,134727
,CHI,1985,,,,136075
,CHI,1986,,,,137413
,CHI,1987,,,,138743
,CHI,1988,,,,140089
,CHI,1989,,,,141501
,CHI,1990,,,,143087
,CHI,1991,,,,144269
,CHI,1992,,,,144733
,CHI,1993,,,,144984
,CHI,1994,,,,145163
,CHI,1995,,,,145247
,CHI,1996,,,,145565
,CHI,1997,,,,146214
,CHI,1998,,,5945677376.614773,146906
,CHI,1999,,,6262740656.851643,147554
,CHI,2000,,,6439703434.710243,148110
,CHI,2001,,,6232906290.485102,148850
,CHI,2002,,,6663669064.748201,149881
,CHI,2003,,,7332244897.959183,150960
,CHI,2004,,,8553643354.082753,152039
,CHI,2005,,,8827272727.272726,153126
,CHI,2006,,,9676172953.081877,154214
,CHI,2007,,,11514605842.336937,155309
,CHI,2008,,,,156408
,CHI,2009,,,,157511
Channel Islands,CHI,2010,2.31458585810039,,,158621
Channel Islands,CHI,2011,3.36234799786833,,,159706
Channel Islands,CHI,2012,5.45465670838978,,,160767
Channel Islands,CHI,2013,2.03816645010104,,,161777
Channel Islands,CHI,2014,1.7787742558955,,,162726
Channel Islands,CHI,2015,3.03415108880192,,,163454
Channel Islands,CHI,2016,1.39650492613288,,9072059721.021658,163883
Channel Islands,CHI,2017,3.06230710188164,,9070980826.69076,164319
Channel Islands,CHI,2018,4.30931162934687,,9940766574.08511,164949
Channel Islands,CHI,2019,2.95476691310121,,9921386549.998049,165639
Channel Islands,CHI,2020,2.83334988896617,,9301349237.210602,166235
Channel Islands,CHI,2021,0.21684009581287,,11138490591.65705,166741
Channel Islands,CHI,2022,7.35832205919618,,11228317318.765242,167215
Channel Islands,CHI,2023,5.75258334988345,,,167691
,CHI,2024,,,,168126
Chile,CHL,1980,29.1176599025163,35.1383405330485,29036709871.794872,11508550
Chile,CHL,1981,11.5688525347473,19.6868327084319,34509878043.589745,11678717
Chile,CHL,1982,7.6563472551216,9.94102693041832,19529291464.72743,11850214
Chile,CHL,1983,30.963672486807,27.2571946726204,20362016672.277973,12026138
Chile,CHL,1984,15.7375320928942,19.8602056602626,19671768024.458138,12207733
Chile,CHL,1985,41.6819057285687,30.7034989096151,17717662227.80357,12395274
Chile,CHL,1986,21.4548966568031,19.4768379232582,18897110625.524246,12588914
Chile,CHL,1987,25.8484189824583,19.8808457201905,22250729666.793674,12790150
Chile,CHL,1988,21.7178811867143,14.684351250082,26042571615.59869,12999424
Chile,CHL,1989,13.7560317686944,17.0279367308962,29936735491.442677,13215005
Chile,CHL,1990,22.4709370974075,26.0364811362364,33137824762.017254,13437176
Chile,CHL,1991,21.3909823000852,21.7844124277757,37846188228.27016,13662491
Chile,CHL,1992,13.4643770215386,15.4258064688928,45949608551.80856,13884577
Chile,CHL,1993,12.1644196722728,12.7277669490964,49287378599.16116,14102276
Chile,CHL,1994,14.4639849515997,11.4431196444973,56998601183.54916,14316256
Chile,CHL,1995,11.6807181078817,8.23263034116114,73444831671.01689,14527381
Chile,CHL,1996,4.07977619624471,7.35911781788767,78584098982.90967,14734046
Chile,CHL,1997,3.33058050494175,6.13386464357927,85741415285.4035,14932434
Chile,CHL,1998,0.778990205960753,5.11024954517559,81990010703.84299,15127799
Chile,CHL,1999,2.18776787056487,3.33687917526023,75578685735.52188,15319313
Chile,CHL,2000,4.56004348689325,3.84327295706565,78339750721.73518,15503635
Chile,CHL,2001,4.27714698160932,3.56910053001467,71574739561.43288,15683849
Chile,CHL,2002,3.34066036755067,2.48939816650705,70264045939.13216,15857925
Chile,CHL,2003,4.30030088589093,2.8101787574361,76492579644.06053,16024752
Chile,CHL,2004,7.02476170687822,1.05473871403517,99075985773.176,16187322
Chile,CHL,2005,7.12031535651923,3.05257621387849,122294145162.83488,16348778
Chile,CHL,2006,12.3498959180141,3.39201733699405,153843518171.4301,16509195
Chile,CHL,2007,5.08875706456591,4.40779938398044,172491076033.86267,16671581
Chile,CHL,2008,0.31113250293626,8.71626873039607,179894594475.97992,16838988
Chile,CHL,2009,3.57779503707295,0.353045178360937,171777900623.17734,17009731
Chile,CHL,2010,8.85744149583176,1.41071107954321,217051209240.29752,17181464
Chile,CHL,2011,3.26051486014924,3.34121694259302,251382573885.5944,17351816
Chile,CHL,2012,0.76346667921203,3.00744840213047,267024782480.2805,17519119
Chile,CHL,2013,2.26077061226466,1.7895555398459,277395018837.366,17687006
Chile,CHL,2014,5.85289162817273,4.71867527854672,259560978231.5518,17864195
Chile,CHL,2015,4.95436552710441,4.34877353217044,242450355827.82703,18047625
Chile,CHL,2016,4.56065604390805,3.78619355893118,249344863933.46103,18267221
Chile,CHL,2017,4.82819188168904,2.18271846868519,276154259987.10345,18558868
Chile,CHL,2018,1.59019973757384,2.43488981353057,295857562991.70905,18893191
Chile,CHL,2019,2.56778721379496,2.55754475703327,278285058719.4661,19197744
Chile,CHL,2020,9.66572269693961,3.04549084804326,254042159309.31052,19370624
Chile,CHL,2021,6.9147558846894,4.52456838259144,315515014838.5395,19456334
Chile,CHL,2022,7.91378346570282,11.643866711056,302116539409.02985,19553036
Chile,CHL,2023,6.59951204566833,7.58168251407962,335533331669.2191,19658835
,CHL,2024,,4.29763891572524,,19764771
China,CHN,1980,3.75177705669101,,191149211575.0,981235000
China,CHN,1981,2.35787142114833,,195866382432.53967,993885000
China,CHN,1982,-0.140355089605009,,205089699858.7786,1008630000
China,CHN,1983,1.15679526219108,,230686747153.2567,1023310000
China,CHN,1984,4.94416271276128,,259946510957.14288,1036825000
China,CHN,1985,10.2093990441261,,309488028132.6531,1051040000
China,CHN,1986,4.66902079731935,,300758100107.24634,1066790000
China,CHN,1987,5.08251646766406,7.23383553065609,272972974764.574,1084035000
China,CHN,1988,12.1076614989562,18.8118179448753,312353631207.8189,1101630000
China,CHN,1989,8.60246513371632,18.2456383621648,347768051311.74084,1118650000
China,CHN,1990,5.71122416868202,3.05229012075233,360857912565.9656,1135185000
China,CHN,1991,6.71453695848909,3.55668565220452,383373318083.62366,1150780000
China,CHN,1992,8.19032302163217,6.35398134024869,426915712715.8556,1164970000
China,CHN,1993,15.1858645089504,14.6100786356602,444731282435.5154,1178440000
China,CHN,1994,20.6169888119177,24.2569897243361,564321854521.0131,1191835000
China,CHN,1995,13.6656964001969,16.7912251650916,734484834573.582,1204855000
China,CHN,1996,6.50673063542777,8.31316028893909,863749314718.5378,1217550000
China,CHN,1997,1.61656874206059,2.78646505531882,961601980984.6226,1230075000
China,CHN,1998,-0.900251628944076,-0.773186011549318,1029060747620.6548,1241935000
China,CHN,1999,-1.26305893875535,-1.40147268276465,1094003874937.3358,1252735000
China,CHN,2000,2.06279261346987,0.347811226864587,1211331651866.086,1262645000
China,CHN,2001,2.04704945728633,0.719125609120114,1339400897105.11,1271850000
China,CHN,2002,0.602099078250106,-0.731970902350244,1470557654799.9463,1280400000
China,CHN,2003,2.60317771902103,1.12760348729637,1660280543846.7896,1288400000
China,CHN,2004,6.95199268086466,3.82463743108159,1955346768721.3936,1296075000
China,CHN,2005,3.90374426907985,1.77641407667571,2285961149879.8496,1303720000
China,CHN,2006,3.92654939643413,1.6494309945586,2752118657184.015,1311020000
China,CHN,2007,7.74968649303898,4.81676767378834,3550327802998.397,1317885000
China,CHN,2008,7.79534603698191,5.92525137041092,4594336785737.672,1324655000
China,CHN,2009,-0.209533361180647,-0.728165250932898,5101691124285.214,1331260000
China,CHN,2010,6.88138025334055,3.17532475269199,6087191746679.489,1337705000
China,CHN,2011,8.07568446704094,5.55389892257493,7551545703440.755,1345035000
China,CHN,2012,2.33121757581199,2.61952432645541,8532185381680.593,1354190000
China,CHN,2013,2.16337002665455,2.62105001748115,9570471111831.676,1363240000
China,CHN,2014,1.03106368780396,1.92164162788521,10475624944355.225,1371860000
China,CHN,2015,-0.0029440936495177,1.43702380935655,11061572618578.691,1379860000
China,CHN,2016,1.40734602732051,2.00000182191943,11233313730348.72,1387790000
China,CHN,2017,4.2326819752236,1.59313600071436,12310491333980.889,1396215000
China,CHN,2018,3.49974763567195,2.07479039965576,13894907857880.576,1402760000
China,CHN,2019,1.28670040766232,2.89923416358227,14279968506271.729,1407745000
China,CHN,2020,0.49249391805742,2.41942189457782,14687744162801.031,1411100000
China,CHN,2021,4.55232657897571,0.981015135544882,17820459508852.184,1412360000
China,CHN,2022,1.82367710735865,1.97357555739051,17881783387000.867,1412175000
China,CHN,2023,-0.582393794026771,0.234836828893051,17794781986104.457,1410710000
,CHN,2024,,0.218128938439177,,1408975000
Cote d'Ivoire,CIV,1980,24.1436771091168,14.7009812997866,10175617609.096155,8220714
Cote d'Ivoire,CIV,1981,2.97699115837639,8.79921083308773,8432589942.39434,8556596
Cote d'Ivoire,CIV,1982,8.301317589562,7.5831258964215,7567110848.922282,8907936
Cote d'Ivoire,CIV,1983,9.0467819094663,5.64042843342129,6838184772.520635,9272744
Cote d'Ivoire,CIV,1984,17.9098958917756,4.28476110361871,6841639246.8996,9650516
Cote d'Ivoire,CIV,1985,0.343657064772017,1.86380327150625,6977650643.9948845,10040483
Cote d'Ivoire,CIV,1986,-2.0204048360965,9.68295473116515,9158302099.579569,10440917
Cote d'Ivoire,CIV,1987,-4.07520680060972,6.94330626536571,10087654464.81683,10851475
Cote d'Ivoire,CIV,1988,-0.380926014955392,6.93068617206518,10255169805.799646,11275189
Cote d'Ivoire,CIV,1989,-1.01240652384017,1.04951823790384,9757410644.667898,11719771
Cote d'Ivoire,CIV,1990,-4.52327354283084,-0.805879698278037,10795850582.778996,12189778
Cote d'Ivoire,CIV,1991,0.663489267146474,1.68334849863477,10492628580.748444,12683870
Cote d'Ivoire,CIV,1992,-0.0238371372650903,4.2313838286997,11152971273.938326,13200310
Cote d'Ivoire,CIV,1993,6.15419429089883,2.16471453976754,11045760288.120558,13735951
Cote d'Ivoire,CIV,1994,46.386069435419,26.0815719947161,8313557510.147572,14287201
Cote d'Ivoire,CIV,1995,11.0437898513941,14.2950690851945,11000146266.51352,14855565
Cote d'Ivoire,CIV,1996,56.2837762738966,2.48080669187551,18071152830.61015,15442312
Cote d'Ivoire,CIV,1997,3.9214742013522,4.02083333333304,18047558037.70358,16047170
Cote d'Ivoire,CIV,1998,5.38736139065696,4.61144759515383,19619654755.67897,16663948
Cote d'Ivoire,CIV,1999,-0.775911929443382,0.70237580595596,18870992455.567986,17215935
Cote d'Ivoire,CIV,2000,1.60101728726917,2.53077516737987,16577533891.878548,17699004
Cote d'Ivoire,CIV,2001,6.87596879742645,4.36152914007262,16810537043.840742,18178913
Cote d'Ivoire,CIV,2002,4.58213735216555,3.0772648515743,18054383320.847363,18654771
Cote d'Ivoire,CIV,2003,3.27812069285412,3.29680746974211,21251754340.430546,19125542
Cote d'Ivoire,CIV,2004,-2.50335752004385,1.45798835600739,23510575681.368645,19595000
Cote d'Ivoire,CIV,2005,1.21513493970562,3.88583039886476,24036918703.174747,20068458
Cote d'Ivoire,CIV,2006,1.3595382596009,2.46719148596918,25281413263.371223,20546802
Cote d'Ivoire,CIV,2007,3.08854944572292,1.89200629349597,28760090953.30806,21030558
Cote d'Ivoire,CIV,2008,5.37293348500339,6.30852769152581,34078240293.255936,21514439
Cote d'Ivoire,CIV,2009,1.20777929723688,1.01950457731133,33886813250.203587,21997940
Cote d'Ivoire,CIV,2010,1.5162179241976,1.22645612135479,34936307980.063034,22488065
Cote d'Ivoire,CIV,2011,5.70932050005679,4.9124339505246,36693710801.39765,22982000
Cote d'Ivoire,CIV,2012,-0.404098360740875,1.30451119915597,36302302877.29775,23467078
Cote d'Ivoire,CIV,2013,2.87673042852516,2.58117037252936,42760235484.609314,23939775
Cote d'Ivoire,CIV,2014,4.40733235572075,0.448682076766141,48843005613.70906,24527395
Cote d'Ivoire,CIV,2015,4.77568237270827,1.25149954781477,45815005169.26511,25246342
Cote d'Ivoire,CIV,2016,-1.17983243565696,0.723178457513217,48407761036.82379,25989405
Cote d'Ivoire,CIV,2017,-1.04167724817084,0.685881065304603,52512343996.68996,26733372
Cote d'Ivoire,CIV,2018,1.68197647173226,0.359409031380677,58522477786.68885,27464173
Cote d'Ivoire,CIV,2019,1.98335249260808,-1.10686343994188,60382894697.35568,28193009
Cote d'Ivoire,CIV,2020,1.82838309372076,2.42500656821815,63027852805.42045,28915449
Cote d'Ivoire,CIV,2021,3.93013137544369,4.09195189692863,72794636653.77934,29639736
Cote d'Ivoire,CIV,2022,2.08589858906348,5.27616724262846,70173140101.43147,30395002
Cote d'Ivoire,CIV,2023,2.92244000008407,4.38711707003279,78788828906.86345,31165654
,CIV,2024,,3.46637314660165,,31934230
Cameroon,CMR,1980,14.2458946461921,9.55175427642866,6674569046.683197,8512219
Cameroon,CMR,1981,8.80019382633151,10.7275000000004,6610938616.664299,8816377
Cameroon,CMR,1982,12.4819514530964,13.2570198610704,6611255963.835844,9028678
Cameroon,CMR,1983,12.76307193047,16.6312264100787,6870200009.900646,9215397
Cameroon,CMR,1984,13.5521917921707,11.3733220902937,7311938026.367127,9475078
Cameroon,CMR,1985,11.1871278834318,8.50837434391595,8544810497.988902,9761730
Cameroon,CMR,1986,0.179235683877991,7.77002498703532,11857056199.076525,10060342
Cameroon,CMR,1987,-2.39230914632165,13.140499844701,13049659981.137337,10370749
Cameroon,CMR,1988,0.813898665359304,1.6823326077121,12236057362.491734,10684968
Cameroon,CMR,1989,-1.81908316337979,-1.66552589550544,11012566195.02554,11002745
Cameroon,CMR,1990,1.64309843091495,1.09938128383608,12314482627.84536,11331821
Cameroon,CMR,1991,3.56871352957361,0.0600513305003455,11840192296.38931,11667180
Cameroon,CMR,1992,-1.27767102935427,-0.0160550458717418,12071775335.04334,12006353
Cameroon,CMR,1993,55.7553793703876,-3.20655456915868,16181814712.529512,12353131
Cameroon,CMR,1994,5.88247234703603,35.0944618459464,8902446252.183718,12704903
Cameroon,CMR,1995,6.63451403710884,9.06969071921509,10864772470.904276,13058516
Cameroon,CMR,1996,0.410559080515867,3.92406372749798,11093538846.448252,13414757
Cameroon,CMR,1997,6.16381105450779,4.78623881860376,10789458432.641554,13775214
Cameroon,CMR,1998,1.0658698782603,3.17075185386907,11298144990.410444,14144860
Cameroon,CMR,1999,2.18778850065175,1.87174500672008,11565826458.893816,14525140
Cameroon,CMR,2000,1.53156295867964,1.22719012976132,10566579294.51588,14912631
Cameroon,CMR,2001,2.46935891471448,4.41977245881146,10953485345.222004,15309490
Cameroon,CMR,2002,2.77449284953897,2.83442260128067,12417251341.602757,15725528
Cameroon,CMR,2003,1.95291444913342,0.623163557374316,15970315030.239712,16160340
Cameroon,CMR,2004,0.139487834807241,0.233647380067584,18826214125.23168,16610487
Cameroon,CMR,2005,1.35714195904053,2.01353950175986,19509852219.89974,17074594
Cameroon,CMR,2006,2.29967497786163,5.11757816019469,20910512979.12774,17550407
Cameroon,CMR,2007,0.490708034705946,0.921402245650095,23928250409.221237,18049896
Cameroon,CMR,2008,4.94053681167803,5.33780627627498,27715142006.01808,18574056
Cameroon,CMR,2009,3.60351518418189,3.04361847939999,27932970296.85164,19113974
Cameroon,CMR,2010,0.688187082777645,1.27538046242338,27507501808.637745,19668066
Cameroon,CMR,2011,2.58904424747894,2.93969946305091,30630910513.488373,20232304
Cameroon,CMR,2012,1.94228536388823,2.73529677529539,30155062302.44968,20809529
Cameroon,CMR,2013,3.05345916925037,2.05034718001741,33728621190.416397,21402376
Cameroon,CMR,2014,2.01421263022257,1.85489850366777,36386544715.27016,22059893
Cameroon,CMR,2015,0.309791677780538,2.676235314199,32210233021.404896,22763414
Cameroon,CMR,2016,0.661808977155886,0.874190383288856,33814337040.781666,23454161
Cameroon,CMR,2017,1.02514116066253,0.64040914988195,36098547058.785095,24128601
Cameroon,CMR,2018,1.89699162266248,1.0688581131292,39955552189.79499,24806383
Cameroon,CMR,2019,1.16977181911541,2.45280214062732,39667757527.65778,25506095
Cameroon,CMR,2020,0.705572037621721,2.43760882182236,40773241177.05051,26210558
Cameroon,CMR,2021,2.92103933375591,2.27185762503637,44993521774.06597,26915758
Cameroon,CMR,2022,6.83105473248673,6.24767713343861,43644068310.85101,27632771
Cameroon,CMR,2023,4.65972285962381,7.38281384280984,47945510090.05286,28372687
,CMR,2024,,,,29123744
"Congo, Dem. Rep.",COD,1980,51.4075541678595,46.6259068303308,,26711099
"Congo, Dem. Rep.",COD,1981,33.2302221107946,35.4082648744294,,27500515
"Congo, Dem. Rep.",COD,1982,43.4852835595133,36.6996975740914,,28338190
"Congo, Dem. Rep.",COD,1983,78.2154728988511,76.5266976662658,,29250963
"Congo, Dem. Rep.",COD,1984,89.6032215574207,52.2270113573208,,30245081
"Congo, Dem. Rep.",COD,1985,25.8109093935625,23.820784521335,,31264816
"Congo, Dem. Rep.",COD,1986,28.4532565060463,44.4,,32265196
"Congo, Dem. Rep.",COD,1987,73.7673978894286,78.6703601108033,,33298904
"Congo, Dem. Rep.",COD,1988,91.5861854921035,71.0917312661503,,34382752
"Congo, Dem. Rep.",COD,1989,110.262247988577,104.06522942826,,35486866
"Congo, Dem. Rep.",COD,1990,108.955307114497,81.295404814004,,36684063
"Congo, Dem. Rep.",COD,1991,2202.28988424517,2154.43682711341,,37925817
"Congo, Dem. Rep.",COD,1992,4078.47627846295,4129.16985661558,8850000000.0,39228910
"Congo, Dem. Rep.",COD,1993,1662.41668242335,1986.90476190476,10768000000.0,40656336
"Congo, Dem. Rep.",COD,1994,26762.0183304515,23773.1317741016,5820475672.054267,42626876
"Congo, Dem. Rep.",COD,1995,466.407255740428,541.908883239027,5643416613.282084,44433704
"Congo, Dem. Rep.",COD,1996,638.188824345878,492.441850235414,5771456952.190799,45296124
"Congo, Dem. Rep.",COD,1997,192.642834535714,198.516707416463,6090838693.271451,46029902
"Congo, Dem. Rep.",COD,1998,26.9353763603477,29.1488069236652,6217805820.771041,47297600
"Congo, Dem. Rep.",COD,1999,441.902491875352,284.894975914087,4711259427.272727,48912971
"Congo, Dem. Rep.",COD,2000,2630.1226744224,513.906843747535,19088046305.7971,50507442
"Congo, Dem. Rep.",COD,2001,73.059711361527,359.936614264586,7438189100.333333,52132646
"Congo, Dem. Rep.",COD,2002,31.7194612289405,31.5225826025495,8728038525.140335,53750524
"Congo, Dem. Rep.",COD,2003,13.4154535204973,12.8739657187405,8937567059.877542,55343867
"Congo, Dem. Rep.",COD,2004,6.36545826266112,3.99438400815971,10297483481.223013,56997741
"Congo, Dem. Rep.",COD,2005,29.8695466222574,21.3168167229341,11964484465.9388,58775724
"Congo, Dem. Rep.",COD,2006,13.3252253838394,13.0526949745101,14451901696.38783,60615908
"Congo, Dem. Rep.",COD,2007,20.2714649760467,16.945100654195,16737071816.379992,62477752
"Congo, Dem. Rep.",COD,2008,20.4653166179567,17.3013845700157,19788515590.128376,64390664
"Congo, Dem. Rep.",COD,2009,32.6579291552673,2.79999999999982,18648372553.09207,66412044
"Congo, Dem. Rep.",COD,2010,20.7863251488693,7.10000000000037,21565721044.846207,68563038
"Congo, Dem. Rep.",COD,2011,13.791660106755,15.316515913949,25839749199.367085,70849311
"Congo, Dem. Rep.",COD,2012,5.93999221193936,9.72182806273364,29306235285.259663,73254618
"Congo, Dem. Rep.",COD,2013,2.7712914145543,0.808223101487111,32679745048.44273,75789395
"Congo, Dem. Rep.",COD,2014,0.99363066697174,1.24303889760803,35909040925.93747,78403242
"Congo, Dem. Rep.",COD,2015,-1.15587859287012,0.74419899478147,37917706497.17928,81035531
"Congo, Dem. Rep.",COD,2016,4.34922894475879,2.88585107289988,37134801555.33219,83956415
"Congo, Dem. Rep.",COD,2017,43.0686597641677,,38019264794.82634,87083398
"Congo, Dem. Rep.",COD,2018,30.998612148703,,47568210009.81716,90047644
"Congo, Dem. Rep.",COD,2019,5.89540537440325,,51775829877.20882,92947442
"Congo, Dem. Rep.",COD,2020,3.90154957064527,,48716961860.13249,95989998
"Congo, Dem. Rep.",COD,2021,14.9754345531209,,55328482783.53935,99148932
"Congo, Dem. Rep.",COD,2022,10.1064172353471,,65801547619.59741,102396968
"Congo, Dem. Rep.",COD,2023,13.1719312219148,,66383287002.996895,105789731
,COD,2024,,,,109276265
"Congo, Rep.",COG,1980,20.1440085365646,,1705796852.8947349,1828985
"Congo, Rep.",COG,1981,27.789126916474,,1993512322.623911,1869759
"Congo, Rep.",COG,1982,6.04473816531285,,2160640564.560407,1910430
"Congo, Rep.",COG,1983,6.3383715278553,,2097274289.7506616,1950321
"Congo, Rep.",COG,1984,12.1113946169474,,2193581365.342988,1999528
"Congo, Rep.",COG,1985,2.4985401529201,,2160872540.0317497,2059311
"Congo, Rep.",COG,1986,-29.1726624817288,4.15811088295678,1849268212.302843,2120602
"Congo, Rep.",COG,1987,7.62652157852142,0.443568260226844,2297753652.3492937,2183473
"Congo, Rep.",COG,1988,-6.22635298391708,1.0304219823355,2212536311.9931903,2247653
"Congo, Rep.",COG,1989,12.744060178845,-1.79698882952885,2389593025.603387,2313558
"Congo, Rep.",COG,1990,-1.02906827090958,2.88905374216947,2798746050.1135387,2380560
"Congo, Rep.",COG,1991,-1.48063569515986,-1.67834968956537,2724853505.8033624,2449229
"Congo, Rep.",COG,1992,-1.56926841264638,-3.93546810070881,2933222703.0334044,2519465
"Congo, Rep.",COG,1993,-1.13082861109129,4.92366412213743,2684323623.1437206,2595124
"Congo, Rep.",COG,1994,36.752825653822,42.4396750333452,1769365437.7880118,2673144
"Congo, Rep.",COG,1995,3.39592951039056,9.41800743452228,2116003867.75536,2749461
"Congo, Rep.",COG,1996,17.9919240267205,10.0311203319503,2540697539.0577264,2826785
"Congo, Rep.",COG,1997,4.96451768202839,,2322719102.6908984,2887862
"Congo, Rep.",COG,1998,-18.2220896614549,,1949481379.2195132,2952061
"Congo, Rep.",COG,1999,29.3553419281933,4.14267137284048,2354772960.282964,3032874
"Congo, Rep.",COG,2000,47.0400830761822,-0.881991517025431,3227927697.579212,3151345
"Congo, Rep.",COG,2001,-13.9252081683231,0.0559899218140583,2796704604.038123,3272537
"Congo, Rep.",COG,2002,-1.7389275602747,4.37875971780873,3034250923.977265,3350771
"Congo, Rep.",COG,2003,-4.2515369203041,-0.631844987363156,3503723087.744832,3445753
"Congo, Rep.",COG,2004,16.807238305785,2.42976607961799,4656974940.127209,3565554
"Congo, Rep.",COG,2005,32.4987395105464,3.09449011456182,6650001680.485436,3696393
"Congo, Rep.",COG,2006,11.3803017625706,6.53784395299604,8072305029.065143,3837409
"Congo, Rep.",COG,2007,6.74011713181295,2.65464645060703,8782703436.701883,3980430
"Congo, Rep.",COG,2008,16.2692034276536,4.95875092023152,11649857673.443577,4113517
"Congo, Rep.",COG,2009,-21.1652331128962,4.41500374795223,9723299915.25312,4281219
"Congo, Rep.",COG,2010,29.4176837966296,0.391525011227612,13148396211.595518,4462290
"Congo, Rep.",COG,2011,10.953325511462,1.75958704273803,15655383576.651531,4609724
"Congo, Rep.",COG,2012,11.3640902368718,5.01018773134471,17692911296.304386,4740450
"Congo, Rep.",COG,2013,-1.10456218926858,4.63161619729461,17958720699.086823,4857099
"Congo, Rep.",COG,2014,-6.46456331292119,0.912139545450097,17919321082.553932,4975880
"Congo, Rep.",COG,2015,-17.2539875449458,3.16909796750829,12434793867.722769,5097581
"Congo, Rep.",COG,2016,-3.50248728902629,3.19056179723773,10931328149.685734,5222536
"Congo, Rep.",COG,2017,12.3656768528042,0.450063823285546,11834473047.763563,5351011
"Congo, Rep.",COG,2018,22.2344412921584,1.15277896375523,14773900277.922075,5483118
"Congo, Rep.",COG,2019,-1.31736650195613,2.20607305781525,13976637328.847437,5616661
"Congo, Rep.",COG,2020,-13.9995678950009,1.79537147083108,11468688140.722488,5752791
"Congo, Rep.",COG,2021,23.2907180099124,1.7156427545126,14825690210.030796,5892183
"Congo, Rep.",COG,2022,18.2608987808466,3.04344334698478,15817030156.945892,6035104
"Congo, Rep.",COG,2023,-7.56770228699291,4.30174563591016,15321055818.326311,6182885
,COG,2024,,,,6332961
Colombia,COL,1980,27.6159360336757,26.5526531495356,33400735644.048115,26104498
Colombia,COL,1981,22.7658772988937,27.4537624347993,36388366869.03093,26713267
Colombia,COL,1982,24.7664573136336,24.7209882528585,38968039721.74803,27338331
Colombia,COL,1983,20.4025756995262,19.5973170624765,38729822781.59973,27988173
Colombia,COL,1984,22.1802266995958,16.1616171361426,38253120737.96712,28642690
Colombia,COL,1985,24.8835080388417,24.090174368125,34894419443.488075,29268470
Colombia,COL,1986,29.1689263673813,18.8424631612406,34942489683.97124,29879112
Colombia,COL,1987,23.3769365166645,23.302028364018,36373307085.088745,30499467
Colombia,COL,1988,27.7500562450254,28.1083969771704,39212550050.42228,31130524
Colombia,COL,1989,24.6858161399076,25.8675480831988,39540080200.39381,31776279
Colombia,COL,1990,52.3361031682038,29.1520245976215,47844090709.990845,32440069
Colombia,COL,1991,27.0057740412053,30.3878204854436,49637993948.8402,33098372
Colombia,COL,1992,22.6643849525912,27.0106266231361,58394443377.54163,33760571
Colombia,COL,1993,24.8415782780257,22.4424828533275,66474101301.17586,34441473
Colombia,COL,1994,22.0963782592104,22.8462417553045,81705497616.57028,35127410
Colombia,COL,1995,18.8509572575761,20.8917930194849,92495970511.39508,35804662
Colombia,COL,1996,16.8683787889766,20.7975755127402,97153389010.9466,36462745
Colombia,COL,1997,16.8398529341085,18.4700217119089,106656492293.614,37121149
Colombia,COL,1998,14.7730454103545,18.6769799276672,98486358581.1639,37792165
Colombia,COL,1999,12.6229408327015,10.8736870857471,86278947636.96202,38454863
Colombia,COL,2000,33.6753705095567,9.22534818585366,99875074951.0278,39089934
Colombia,COL,2001,6.51844829184243,7.96556090304834,98200641203.38924,39709262
Colombia,COL,2002,5.96819057183866,6.35150728778872,97945812802.88815,40324680
Colombia,COL,2003,6.82901484222947,7.1297886294186,94644969157.0987,40937429
Colombia,COL,2004,7.28303340681478,5.90402005546502,117092416666.24509,41543171
Colombia,COL,2005,4.75319610754772,5.05101962689696,145600529605.80283,42128977
Colombia,COL,2006,5.80766087330477,4.29342363628927,161792958904.86404,42691084
Colombia,COL,2007,5.20203381220654,5.54438485815156,206229540926.31125,43235374
Colombia,COL,2008,7.67738291518263,6.99688495554511,242504150472.9308,43758808
Colombia,COL,2009,4.06422546745482,4.20251661216482,232468663109.59415,44271541
Colombia,COL,2010,3.80486029146383,2.27200227892008,286498534094.9628,44777319
Colombia,COL,2011,6.38680337285258,3.4150334477625,334966134804.887,45259614
Colombia,COL,2012,3.61665506268449,3.16930188840055,370691143018.0386,45715810
Colombia,COL,2013,1.90767643221162,2.01699224310383,382093697077.68494,46151584
Colombia,COL,2014,2.2356323764315,2.89883787761738,381240864422.4061,46565429
Colombia,COL,2015,2.44932842052003,4.9898311584953,293492370193.1657,46969940
Colombia,COL,2016,5.14833430514589,7.51346024627675,282720100286.22784,47437512
Colombia,COL,2017,5.13373589963346,4.31431325695011,311866875156.87885,48131078
Colombia,COL,2018,4.63057967327826,3.24056932930569,334198218098.2756,49024465
Colombia,COL,2019,4.00262054293638,3.52301932741447,323031701192.84,49907985
Colombia,COL,2020,1.48172462037553,2.52663500084706,270348342541.46512,50629997
Colombia,COL,2021,7.80211309545884,3.49505757399448,318524633225.39514,51188173
Colombia,COL,2022,14.8665745551143,10.1772313546166,345329875078.5117,51737944
Colombia,COL,2023,6.33605731984103,11.7359044948689,363540156234.8684,52321152
,COL,2024,,6.60908593728228,,52886363
,COM,1980,,,212218261.58564296,337721
Comoros,COM,1981,14.5675192620638,,196349931.5402856,347382
Comoros,COM,1982,6.52970585465911,,184009013.5628149,357139
Comoros,COM,1983,15.2074662235769,,191621954.85533172,367233
Comoros,COM,1984,6.15966369910024,,184697225.63707617,377637
Comoros,COM,1985,7.07135475892422,,196726096.3291308,388352
Comoros,COM,1986,7.39227630448525,,279197721.8075771,399318
Comoros,COM,1987,3.2232204203781,,337525852.64757514,410439
Comoros,COM,1988,1.93730618696644,,356500032.67631584,421687
Comoros,COM,1989,5.9606552478372,,341476768.3260327,433103
Comoros,COM,1990,2.17591230027585,,429622177.72488457,444596
Comoros,COM,1991,8.11890514430118,,424108769.5022311,455556
Comoros,COM,1992,-6.76452931008099,,457388651.5009406,465113
Comoros,COM,1993,2.83282370712936,,452881475.0718127,473682
Comoros,COM,1994,9.41691926921528,,319189184.2556394,482142
Comoros,COM,1995,8.32097449521858,,398461797.0094131,490586
Comoros,COM,1996,3.19870033913645,,396053805.8917543,499107
Comoros,COM,1997,0.924366549607996,,364445600.5254924,507777
Comoros,COM,1998,1.34665437141399,,370106745.9301457,516597
Comoros,COM,1999,5.81136042283326,,382454989.94531095,525886
Comoros,COM,2000,-4.46002451335903,,351136579.6486322,536080
Comoros,COM,2001,8.62998398922237,5.5545939481681,378512024.07755625,547220
Comoros,COM,2002,4.17065591684414,3.53304214308079,425964681.04437846,558923
Comoros,COM,2003,5.11182917627502,3.79908136671903,546885222.7130651,569798
Comoros,COM,2004,3.38836173249462,4.47499289078105,633706110.7956145,580704
Comoros,COM,2005,0.315881658228534,3.0133239505812,653845169.1685765,592677
Comoros,COM,2006,3.11076370928964,3.37436360121207,698431793.8727758,604753
Comoros,COM,2007,3.5449226957637,4.46616710098134,795673152.8670766,616927
Comoros,COM,2008,3.14428979865365,1.70078176284526,915659107.9658228,629307
Comoros,COM,2009,0.986041110949643,4.36234829325718,905341172.7058296,641947
Comoros,COM,2010,1.6751524700268,3.35475770328922,907978730.8878444,654836
Comoros,COM,2011,3.04568880149402,1.8426630075621,1023086273.5333632,668056
Comoros,COM,2012,4.27048256936031,6.31474450315196,1015843490.823738,681630
Comoros,COM,2013,1.75215703553242,-4.29487331536736,1116224106.8372765,696192
Comoros,COM,2014,0.835044861947765,,1149587661.0069263,711503
Comoros,COM,2015,-0.522859922969374,,966029600.8622274,726682
Comoros,COM,2016,1.71498680821954,,1012835493.193246,741741
Comoros,COM,2017,0.40249413511539,,1077439756.594511,756669
Comoros,COM,2018,1.8356679398124,,1188797449.3858447,771590
Comoros,COM,2019,4.20910596809098,,1195019531.9010963,786578
Comoros,COM,2020,0.669668394306555,,1225039196.6109135,802163
Comoros,COM,2021,0.169479511384438,,1296089479.9197786,818174
Comoros,COM,2022,4.94193319951842,,1242519407.7760253,834188
Comoros,COM,2023,2.91808886046567,,1352380972.1566217,850387
,COM,2024,,,,866628
,CPV,1980,,,142246815.34500742,323301
Cabo Verde,CPV,1981,9.57797518422004,,139468209.11620566,327846
Cabo Verde,CPV,1982,17.3933487025089,,140630678.98347828,332724
Cabo Verde,CPV,1983,10.5638181117774,,138476175.62036282,337654
Cabo Verde,CPV,1984,8.76659389135874,11.2499999999997,132019038.59162804,342505
Cabo Verde,CPV,1985,3.66665785677527,5.39325842696639,137728204.81373543,347365
Cabo Verde,CPV,1986,17.6933959256778,10.8742004264391,190651167.5593849,352312
Cabo Verde,CPV,1987,6.96238514614849,3.84615384615409,235253064.70981985,357302
Cabo Verde,CPV,1988,5.41160787226222,4.07407407407384,264308140.28514937,362329
Cabo Verde,CPV,1989,3.58485904126292,4.55516014234884,267448571.41461143,367803
Cabo Verde,CPV,1990,2.34531032190625,10.6535057862491,306890962.64953285,375428
Cabo Verde,CPV,1991,4.79241883776579,9.55090741310361,319827058.5928748,384586
Cabo Verde,CPV,1992,-4.11584470732596,3.11666432682861,357160985.3274133,393415
Cabo Verde,CPV,1993,49.3540866011071,5.78839590443697,490417389.68256927,401965
Cabo Verde,CPV,1994,-29.1724621557525,3.45205833010708,406580652.3305368,410228
Cabo Verde,CPV,1995,-1.54689929900537,8.35152497972927,487148993.5331087,418104
Cabo Verde,CPV,1996,-0.546135979433259,5.96361961777576,501979269.8439417,425581
Cabo Verde,CPV,1997,-0.835291448659234,8.55606258148634,490608657.9249761,432798
Cabo Verde,CPV,1998,-0.335990589768613,4.39423509983477,521910560.5248681,439784
Cabo Verde,CPV,1999,7.61207827777595,4.35643374510453,592416703.0588781,446519
Cabo Verde,CPV,2000,-7.90110347163402,-2.47745668519835,539227277.6264108,453317
Cabo Verde,CPV,2001,5.15533499557392,3.34996472317894,563090490.3773685,460293
Cabo Verde,CPV,2002,-0.363208871086854,1.88453410076765,620507387.4661741,467046
Cabo Verde,CPV,2003,4.92109973715145,1.18817038620528,813260468.8738337,473383
Cabo Verde,CPV,2004,-6.3325469946369,-1.8908217230618,924940011.8368964,479370
Cabo Verde,CPV,2005,-1.79488316970148,0.41889161285517,972241676.907662,485115
Cabo Verde,CPV,2006,4.63977091870937,5.36907687065549,1107571457.90614,490728
Cabo Verde,CPV,2007,18.5684167934982,4.41099704193489,1649621738.636892,496190
Cabo Verde,CPV,2008,3.712743703679,6.77443546371143,1959620648.3157773,501355
Cabo Verde,CPV,2009,1.95455824513613,0.991103480568085,1852334575.1752052,506141
Cabo Verde,CPV,2010,0.654415406092099,2.07866470906424,1824751467.9295683,509784
Cabo Verde,CPV,2011,2.74704089816066,4.47388342165023,2046817987.2010856,511447
Cabo Verde,CPV,2012,0.677607456621359,2.54039644167109,1913081210.4141111,511955
Cabo Verde,CPV,2013,1.42476019715654,1.50654285701407,2028910915.1644647,512225
Cabo Verde,CPV,2014,-0.100319979407018,-0.238778144990624,2041930125.4297917,512326
Cabo Verde,CPV,2015,1.62040755881043,0.131187999024545,1749857620.3532877,512394
Cabo Verde,CPV,2016,1.67992479299215,-1.40781637091706,1849789985.9957223,512554
Cabo Verde,CPV,2017,1.2969136763507,0.784415251101334,1996741539.9508772,512893
Cabo Verde,CPV,2018,1.70417119144814,1.25699566690509,2205099506.9999404,513415
Cabo Verde,CPV,2019,0.694871191088424,1.10666674296063,2252177124.324024,514104
Cabo Verde,CPV,2020,0.366160426431094,0.605795808395385,1821565613.6861308,514679
Cabo Verde,CPV,2021,1.34990112558344,1.86215297494647,2051842609.645578,516649
Cabo Verde,CPV,2022,6.34319040438669,7.93092925430087,2303738020.1514816,519741
Cabo Verde,CPV,2023,3.79259432080659,3.72437517668748,2587252076.305599,522331
,CPV,2024,,,,524877
Costa Rica,CRI,1980,18.8295804083122,18.135170796071,4831447001.166861,2390633
Costa Rica,CRI,1981,41.1021486140467,37.0563415239514,2623803095.785007,2456637
Costa Rica,CRI,1982,84.1718893960475,90.1213328504166,2606623554.565821,2524806
Costa Rica,CRI,1983,28.9315076925816,32.6237081487831,3146772630.772635,2595153
Costa Rica,CRI,1984,16.6945063131047,11.9474270118864,3660477856.229772,2667595
Costa Rica,CRI,1985,20.5452146631639,15.0574196445756,3919203960.39604,2741894
Costa Rica,CRI,1986,18.0499235187227,11.8350618936099,4418983870.967742,2817216
Costa Rica,CRI,1987,10.1443832689497,16.8424201630394,4532952047.156284,2892699
Costa Rica,CRI,1988,18.8392734281974,20.8325332309203,4614629898.403483,2968103
Costa Rica,CRI,1989,15.2483194530395,16.509808768739,5251025767.476267,3043827
Costa Rica,CRI,1990,18.547900299178,19.0397526635649,5711687786.759886,3121706
Costa Rica,CRI,1991,64.7746866644664,28.7092913706618,7196276092.460998,3202176
Costa Rica,CRI,1992,19.7288531389566,21.791168790061,8564041916.15275,3284258
Costa Rica,CRI,1993,10.4355721620947,9.77860078293777,9582868487.432167,3367434
Costa Rica,CRI,1994,15.6704773415581,13.5344687273427,10486787008.092558,3451122
Costa Rica,CRI,1995,21.2362437915176,23.1864981102567,11578594259.867506,3535176
Costa Rica,CRI,1996,15.0750668844792,17.5114524814591,11678424507.245678,3619013
Costa Rica,CRI,1997,14.6798929235783,13.2480440791191,12614602382.201204,3701711
Costa Rica,CRI,1998,11.938194929376,11.6592997742233,13684255946.576462,3782838
Costa Rica,CRI,1999,11.0294713789058,10.0452817292494,14254866281.153738,3862101
Costa Rica,CRI,2000,9.38971354763002,10.9615496593622,15013629658.65213,3937739
Costa Rica,CRI,2001,9.72093785734141,11.2556157091172,15976174336.972055,4008947
Costa Rica,CRI,2002,9.78688628299894,9.16752048509119,16578820687.28809,4075705
Costa Rica,CRI,2003,10.6482369879288,9.44758091616984,17271760506.948277,4138784
Costa Rica,CRI,2004,13.3503494314835,12.3148150178852,18610594846.208298,4200078
Costa Rica,CRI,2005,13.0133254440442,13.7982949108987,20040642476.98167,4261240
Costa Rica,CRI,2006,12.9843104872931,11.4705968149052,22715540324.694378,4321340
Costa Rica,CRI,2007,10.5167859473878,9.35724456417157,26884700344.840603,4380248
Costa Rica,CRI,2008,11.4237857850437,13.4244635507284,30801744881.95021,4440056
Costa Rica,CRI,2009,9.70133091776152,7.84270167700654,30745714312.99053,4499791
Costa Rica,CRI,2010,6.6288448617527,5.66275708420021,37658614803.848015,4555962
Costa Rica,CRI,2011,4.5932251410207,4.87799830970702,42762613699.95236,4609833
Costa Rica,CRI,2012,4.73363297222332,4.49545314354605,47231655431.13892,4663934
Costa Rica,CRI,2013,4.59021167481144,5.23133614174428,50949668840.86923,4716147
Costa Rica,CRI,2014,6.20692042008149,4.51920098516954,52016408951.822464,4767119
Costa Rica,CRI,2015,3.95521539698855,0.801982005099623,56441920821.08063,4818038
Costa Rica,CRI,2016,1.95876480203574,-0.0174788505908217,58847019609.6549,4866998
Costa Rica,CRI,2017,2.8588837280198,1.62590692991732,60516044657.22544,4913177
Costa Rica,CRI,2018,2.19247842793764,2.22111461526581,62420164991.537445,4957818
Costa Rica,CRI,2019,2.56679211746589,2.09604635327807,64417670521.18424,4999553
Costa Rica,CRI,2020,0.772593247062218,0.724911478131376,62395610760.39118,5034320
Costa Rica,CRI,2021,2.37413082580539,1.72647755109241,64960725734.19655,5059988
Costa Rica,CRI,2022,6.28038513680281,8.27477490232654,69243626028.59358,5081765
Costa Rica,CRI,2023,-0.087922596921004,0.525193508693455,86497941439.01744,5105525
,CRI,2024,,-0.41345934225229,,5129910
Caribbean small states,CSS,1980,11.7581557473054,17.2074750037358,4581034657.328288,3399087
Caribbean small states,CSS,1981,7.35599943990151,12.7356566462516,4920708665.369143,3425354
Caribbean small states,CSS,1982,4.7148727121992,6.83903252716288,5085934008.824956,3450895
Caribbean small states,CSS,1983,5.41509007725438,4.41180807455269,5355236378.617863,3476621
Caribbean small states,CSS,1984,5.18324310134047,3.38289962863707,5855996772.41849,3502418
Caribbean small states,CSS,1985,4.45086843820029,3.7399799806424,6344026525.304474,3530570
Caribbean small states,CSS,1986,4.58356265672802,1.33006845161916,6899365003.284719,3559870
Caribbean small states,CSS,1987,7.33777019238275,3.31173110743255,7446648029.210851,3586018
Caribbean small states,CSS,1988,4.49885935044931,3.13888888888894,8147437984.701295,3610609
Caribbean small states,CSS,1989,5.68893659993266,5.16996495562573,8161221667.959161,3634409
Caribbean small states,CSS,1990,5.07371104738799,4.01098407755617,8504276626.8215,3654949
Caribbean small states,CSS,1991,4.82665635209587,5.55706153429132,8637254827.274288,3677765
Caribbean small states,CSS,1992,3.90556543657969,5.13889779944828,8801288383.806475,3706523
Caribbean small states,CSS,1993,1.99085029890244,1.79486146433782,9144076192.9595,3735156
Caribbean small states,CSS,1994,3.19076291832734,1.44226958804943,9839199623.043892,3763806
Caribbean small states,CSS,1995,3.0463687910141,2.47830539891096,10400848111.348568,3795917
Caribbean small states,CSS,1996,2.74603158310431,2.05946278648451,11180259450.935703,3829184
Caribbean small states,CSS,1997,1.49369976851179,1.84041249234508,14335075432.75442,3861673
Caribbean small states,CSS,1998,2.80018158531561,2.1688344865299,15597595841.554714,3893594
Caribbean small states,CSS,1999,2.53638991143232,1.56006240249605,16582093658.359903,3925229
Caribbean small states,CSS,2000,1.44428759552335,2.18181818181821,17467367619.11133,3956229
Caribbean small states,CSS,2001,2.08478316538981,2.57783490431289,17638376240.548378,3987087
Caribbean small states,CSS,2002,0.907856236699956,2.04109102620208,18687788779.52685,4018796
Caribbean small states,CSS,2003,1.11587216720588,2.15492809908679,19248879362.73341,4050990
Caribbean small states,CSS,2004,3.74722621391517,2.31455462238093,20281937834.11507,4080569
Caribbean small states,CSS,2005,4.67677680492626,3.475806937554,22208371015.041622,4049468
Caribbean small states,CSS,2006,4.09637073569277,2.74067516070673,25923714993.90588,4072929
Caribbean small states,CSS,2007,4.37354365910269,3.85882922469653,28067234199.50139,4098855
Caribbean small states,CSS,2008,2.53277352430888,6.39443100250034,29396279802.381817,4124966
Caribbean small states,CSS,2009,0.318436532246153,0.0062635710706685,28708191270.567104,4146899
Caribbean small states,CSS,2010,2.2485368571529,3.25034409180129,29715534449.174686,4173335
Caribbean small states,CSS,2011,1.6853218819098,3.1987814166032,30344564229.33823,4201107
Caribbean small states,CSS,2012,1.09274185566588,2.41077704021862,32052386052.294266,4228445
Caribbean small states,CSS,2013,1.92028288137456,1.05949782356169,32390809157.29226,4257682
Caribbean small states,CSS,2014,1.11425408928791,1.08944157435355,33462282320.52385,4286546
Caribbean small states,CSS,2015,2.78817037438111,-0.861584009427748,34538256117.68588,4314191
Caribbean small states,CSS,2016,1.20132522527356,0.141816225732312,33451252507.26625,4341333
Caribbean small states,CSS,2017,2.17154353020716,1.51820700736147,34921587493.33965,4366140
Caribbean small states,CSS,2018,0.456170832413122,1.24500040905268,36225416548.20062,4407658
Caribbean small states,CSS,2019,2.38707108730274,1.17221285357721,37621010338.36159,4443134
Caribbean small states,CSS,2020,-0.866950860241658,-0.294805105674599,31378030000.78202,4459302
Caribbean small states,CSS,2021,2.79031777299367,2.23684975359863,36706592898.69248,4479167
Caribbean small states,CSS,2022,4.22003570092014,6.19597434778739,48138054138.98492,4497310
Caribbean small states,CSS,2023,4.03314414454677,4.22769324983409,53252637669.89535,4519904
,CSS,2024,,,,4539060
Cuba,CUB,1980,5.39532857189846,,19912889861.11111,9804796
Cuba,CUB,1981,-2.53694771408306,,20150254096.385544,9849320
Cuba,CUB,1982,-2.22754954724425,,20953510235.29412,9912681
Cuba,CUB,1983,1.59660388711069,,22204940512.223515,9991026
Cuba,CUB,1984,2.58438977543176,,24039383608.42345,10073299
Cuba,CUB,1985,-2.15753517247596,,22920490774.10197,10157228
Cuba,CUB,1986,-3.91406104200459,,24226574634.02928,10244247
Cuba,CUB,1987,0.610485387429534,,25213935012.0819,10335342
Cuba,CUB,1988,1.23322040459593,,27458999472.295517,10432585
Cuba,CUB,1989,0.62484395052293,,27023468665.89773,10533243
Cuba,CUB,1990,5.26127457206044,,28645436569.148937,10631799
Cuba,CUB,1991,-7.3878434552455,,24316556025.658524,10717640
Cuba,CUB,1992,3.74572134364692,,22085858243.243244,10785801
Cuba,CUB,1993,18.9754918350441,,22367254864.864864,10841031
Cuba,CUB,1994,26.2820317225224,,28448326756.75676,10886021
Cuba,CUB,1995,10.5086672297491,,30429803651.2192,10925362
Cuba,CUB,1996,-2.6716168630164,,25017368700.0,10962010
Cuba,CUB,1997,-1.35258710918154,,25365908100.0,10997934
Cuba,CUB,1998,1.29910517540051,,25736331200.0,11034712
Cuba,CUB,1999,3.78909596676355,,28364615200.0,11072230
Cuba,CUB,2000,1.74116359273691,,30565400000.0,11109109
Cuba,CUB,2001,0.454939112139584,,31682400000.0,11144132
Cuba,CUB,2002,4.53317575927858,,33590500000.0,11177418
Cuba,CUB,2003,2.97351054323785,,35901200000.0,11209383
Cuba,CUB,2004,0.605978559202299,,38203000000.0,11238756
Cuba,CUB,2005,0.380080729225,,42643836100.0,11262554
Cuba,CUB,2006,10.3655612005023,,48835925925.92593,11278550
Cuba,CUB,2007,3.58977546191458,,54262870370.37037,11287272
Cuba,CUB,2008,-0.344532566813086,,56302129629.62962,11291762
Cuba,CUB,2009,0.634175020657153,,57481481481.48148,11294719
Cuba,CUB,2010,1.20204852948169,,59562962962.96296,11297409
Cuba,CUB,2011,4.32376713223725,,68990000000.0,11301571
Cuba,CUB,2012,2.91405780485152,,73141000000.0,11303175
Cuba,CUB,2013,2.65783023966264,,77148000000.0,11298167
Cuba,CUB,2014,3.46337574129474,,80656100000.0,11285775
Cuba,CUB,2015,3.43904876302352,,87132800000.0,11275065
Cuba,CUB,2016,4.32834924313742,,91370407863.7,11265612
Cuba,CUB,2017,4.11359090116284,,96850649691.7406,11247829
Cuba,CUB,2018,1.03226933491902,,100050036096.123,11227118
Cuba,CUB,2019,3.54474299448344,,103427600000.0,11202846
Cuba,CUB,2020,16.5559626167225,,107351800000.0,11176354
Cuba,CUB,2021,401.591191263656,,,11122168
Cuba,CUB,2022,14.1554019623172,,,11059820
,CUB,2023,,,,11019931
,CUB,2024,,,,10979783
,CUW,1980,,,,148041
,CUW,1981,,,,148629
,CUW,1982,,,,150101
,CUW,1983,,,,151159
,CUW,1984,,,,151940
,CUW,1985,,,,152711
,CUW,1986,,,,152662
,CUW,1987,,,,151456
,CUW,1988,,,,149254
,CUW,1989,,,,146937
,CUW,1990,,,,145400
,CUW,1991,,,,144403
,CUW,1992,,,,143912
,CUW,1993,,,,144299
,CUW,1994,,,,144630
,CUW,1995,,,,145139
,CUW,1996,,,,146306
,CUW,1997,,,,146956
,CUW,1998,,,,144472
,CUW,1999,,,,139428
,CUW,2000,,,,133860
Curacao,CUW,2001,1.78999857118836,1.79282868525896,,129047
Curacao,CUW,2002,0.410001233829732,0.391389432485324,,129205
Curacao,CUW,2003,1.61999985788088,1.63371391441571,,131897
Curacao,CUW,2004,1.38000006901808,1.37912138094799,,134192
Curacao,CUW,2005,4.1000007530757,4.11711711711708,,137658
Curacao,CUW,2006,3.13000095849051,3.1149952409795,,141239
Curacao,CUW,2007,2.99999676544999,2.99572039942908,,144056
Curacao,CUW,2008,6.900002850503,6.8763239367776,,145880
Curacao,CUW,2009,1.79999792995866,1.75331605427595,,146833
Curacao,CUW,2010,2.77999992864359,2.77944261312587,,148703
Curacao,CUW,2011,-1.22227291824896,2.3325315256217,2930092234.636872,150831
Curacao,CUW,2012,3.18400059113418,3.18398746349455,3012836256.98324,152088
Curacao,CUW,2013,1.3323001564294,1.33232086152117,3033568603.3519554,153822
Curacao,CUW,2014,1.49869869811268,1.4987396961643,3059406983.2402234,155909
Curacao,CUW,2015,-0.476487692925147,-0.476542049801405,3058779217.8770947,157980
Curacao,CUW,2016,-0.0472619991623873,-0.0472079848940293,3024690167.597765,159664
Curacao,CUW,2017,1.58549917027221,1.58558801700345,3033433240.2234635,160175
Curacao,CUW,2018,2.58479965749217,2.58368756641814,3046364804.4692736,159336
Curacao,CUW,2019,2.62590163550418,2.62220783425059,3026124134.0782123,157441
Curacao,CUW,2020,2.68113286971705,,2534327597.765363,155482
Curacao,CUW,2021,3.75902232115968,,2739608133.1843576,153948
Curacao,CUW,2022,4.99778285828292,,3073840325.4328494,153321
Curacao,CUW,2023,2.40355185282874,,,154654
,CUW,2024,,,,155967
,CYM,1980,,,,17079
,CYM,1981,,,,17905
,CYM,1982,,,,18750
,CYM,1983,,,,19598
,CYM,1984,,,,20454
,CYM,1985,,,,21324
,CYM,1986,,,,22197
,CYM,1987,,,,23073
,CYM,1988,,,,23951
,CYM,1989,,,,24874
,CYM,1990,,,,25999
,CYM,1991,,,,27294
,CYM,1992,,,,28621
,CYM,1993,,,,29976
,CYM,1994,,,,31352
,CYM,1995,,,,32743
,CYM,1996,,,,34143
,CYM,1997,,,,35543
,CYM,1998,,,,36922
,CYM,1999,,,,38284
,CYM,2000,,,,39674
,CYM,2001,,,,41089
,CYM,2002,,,,42514
,CYM,2003,,,,43934
,CYM,2004,,,,45352
,CYM,2005,,,,46788
,CYM,2006,,,4200288282.1015687,48232
Cayman Islands,CYM,2007,3.07284853429965,,4466278030.591674,49687
Cayman Islands,CYM,2008,3.04772749497712,,4585948969.332233,51151
Cayman Islands,CYM,2009,0.610375781069393,,4281714618.032376,52618
Cayman Islands,CYM,2010,-0.20640583789077,0.276140861750108,4156841163.777627,54099
Cayman Islands,CYM,2011,-0.46045298844831,1.32543575779664,4186073160.182533,55606
Cayman Islands,CYM,2012,1.26141317100767,1.18894845245608,4291004485.568034,57136
Cayman Islands,CYM,2013,1.37820331588176,2.16061146813391,4405796081.159841,58655
Cayman Islands,CYM,2014,0.886728378363429,1.27397911533388,4562853582.324625,60160
Cayman Islands,CYM,2015,0.341900567720671,-2.34752770165615,4708167255.287269,61642
Cayman Islands,CYM,2016,1.00009233254727,-0.62525835861814,4909322200.002124,63100
Cayman Islands,CYM,2017,1.98679824630499,,5166281293.187153,64535
Cayman Islands,CYM,2018,2.66279949920632,,5530178498.907827,65941
Cayman Islands,CYM,2019,3.39631203940991,,5941896599.573326,67327
Cayman Islands,CYM,2020,0.139369732138746,,5655357984.242185,68684
Cayman Islands,CYM,2021,2.1453321619356,,6060026509.585386,70108
Cayman Islands,CYM,2022,3.58324759973381,,6600844001.537206,71591
Cayman Islands,CYM,2023,3.64092096854627,,,73038
,CYM,2024,,,,74457
Cyprus,CYP,1980,14.1533434547891,13.5175605772583,2154311276.9485903,683076
Cyprus,CYP,1981,12.3888522901212,10.7446936083977,2087496373.7796376,688893
Cyprus,CYP,1982,10.3526003680226,6.43279726693689,2159242416.76942,696497
Cyprus,CYP,1983,5.0446041127362,5.04971424100878,2160364071.190212,707225
Cyprus,CYP,1984,8.18191973105762,5.99195111048444,2278248953.1405787,719334
Cyprus,CYP,1985,5.66770863777633,5.03445366364796,2430411900.1919384,731277
Cyprus,CYP,1986,4.15066893813056,1.21836925967665,3090734463.276836,743105
Cyprus,CYP,1987,3.86184870380228,2.79166666666697,3704813885.505481,754785
Cyprus,CYP,1988,3.19369265322369,3.42926631536285,4278792597.239648,766235
Cyprus,CYP,1989,4.75174393056031,3.7654804828339,4563482603.550296,777420
Cyprus,CYP,1990,5.43312494588983,4.50205462895843,5591130217.669654,788351
Cyprus,CYP,1991,3.88800616570617,5.03527438848105,5770197348.484848,798944
Cyprus,CYP,1992,6.04138227637534,6.51021953065818,6912150456.323338,810341
Cyprus,CYP,1993,4.80313298735663,4.85416666666693,6590291048.292109,826034
Cyprus,CYP,1994,5.27098234276015,4.6985893105498,7425703928.571429,844667
Cyprus,CYP,1995,13.5978512264089,2.61581787956337,9933133247.089262,862695
Cyprus,CYP,1996,2.64093242995085,2.97892486481265,10011918444.16562,880290
Cyprus,CYP,1997,2.23692137479574,3.60534444364628,9547818700.114023,897568
Cyprus,CYP,1998,1.96571532051797,2.22770732654316,10248617647.058825,914548
Cyprus,CYP,1999,2.30197021492987,1.62999999999999,10497908306.364616,931234
Cyprus,CYP,2000,2.74344564026107,4.14165764702061,9985844486.333649,947667
Cyprus,CYP,2001,3.66029355253119,1.97304191729914,10397897085.6102,964127
Cyprus,CYP,2002,0.296396056514055,2.80115505180747,11420227884.615383,981440
Cyprus,CYP,2003,5.38769793007168,4.13906538686858,14547325028.31257,999590
Cyprus,CYP,2004,2.70922879204608,2.28621706801675,17320552500.0,1017875
Cyprus,CYP,2005,2.01950935851605,2.56016132330234,18433411267.255318,1036151
Cyprus,CYP,2006,3.086062010182,2.30468732978555,20072786350.52064,1054418
Cyprus,CYP,2007,4.138210620417,2.37265183669719,23968764029.56474,1072714
Cyprus,CYP,2008,4.73480325951397,4.66900841902485,27844698989.307163,1091026
Cyprus,CYP,2009,0.263083463505069,0.326276652249794,26048249356.83584,1109371
Cyprus,CYP,2010,1.88051148001726,2.43004084102254,25799940416.22122,1127816
Cyprus,CYP,2011,1.61624900011381,3.28944939564211,27641551807.299408,1146493
Cyprus,CYP,2012,1.67877921551435,2.38905410042317,25047433100.13009,1165397
Cyprus,CYP,2013,-0.937739537664939,-0.399357676464426,23959708956.356323,1183895
Cyprus,CYP,2014,-1.33826258326664,-1.35498885446315,23225912184.50475,1201801
Cyprus,CYP,2015,-0.754233926922836,-2.0969976905311,19909269064.12042,1219502
Cyprus,CYP,2016,-0.574742676988038,-1.42916666666665,21046452116.38089,1237112
Cyprus,CYP,2017,1.02039367253803,0.531766496174467,22946583374.75689,1254275
Cyprus,CYP,2018,1.02575008362142,1.43549119531759,25597301190.92315,1270737
Cyprus,CYP,2019,1.35009084401798,0.250370996758493,25947020102.43321,1286671
Cyprus,CYP,2020,-1.20792011655351,-0.638422797978959,25227189744.908283,1302247
Cyprus,CYP,2021,3.04391069697645,2.44608867175474,29482912835.364185,1317309
Cyprus,CYP,2022,6.68855378219979,8.39548297993334,29250532020.074577,1331370
Cyprus,CYP,2023,3.82970232014782,3.54134188751663,32229622669.195114,1344976
,CYP,2024,,1.80023018624815,,1358282
,CZE,1980,,,,10304193
,CZE,1981,,,,10300591
,CZE,1982,,,,10314826
,CZE,1983,,,,10323856
,CZE,1984,,,,10330213
,CZE,1985,,,,10337118
,CZE,1986,,,,10342227
,CZE,1987,,,,10347318
,CZE,1988,,,,10355276
,CZE,1989,,,,10361068
,CZE,1990,,,40728950704.617615,10333355
Czechia,CZE,1991,36.1923885740291,,29859921158.869625,10308578
Czechia,CZE,1992,12.3572626074462,11.086500072223,34805013229.57198,10319123
Czechia,CZE,1993,21.0088029382592,20.8130295438428,40866748705.10754,10329855
Czechia,CZE,1994,12.3419665591383,10.039429835143,47850203856.175095,10333587
Czechia,CZE,1995,9.10736666718851,8.99052361478445,60147174076.86511,10327253
Czechia,CZE,1996,9.90987340832051,8.75877472878111,67387788632.98116,10315241
Czechia,CZE,1997,8.35344537181983,8.59615666715563,62180159376.12387,10304131
Czechia,CZE,1998,9.8375386098984,10.6983655274889,66807429711.41098,10294373
Czechia,CZE,1999,3.11518146986791,2.13544844417331,65173130995.221176,10283860
Czechia,CZE,2000,1.75947549977866,3.77538829151734,61828166496.0941,10255063
Czechia,CZE,2001,4.93457746461048,4.66267556988253,67808032979.54291,10216605
Czechia,CZE,2002,2.80027663544087,1.90298097019032,82196001050.74744,10196916
Czechia,CZE,2003,1.41248099534141,0.118739205526791,100090467581.2684,10193998
Czechia,CZE,2004,4.05711059265661,2.76010781671157,119814434353.57474,10197101
Czechia,CZE,2005,0.117801171537195,1.8570978910922,137143471328.27435,10211216
Czechia,CZE,2006,0.683240174112825,2.53399258343635,156264095664.64267,10238905
Czechia,CZE,2007,3.5608713781301,2.85312437211175,190183800884.0182,10298828
Czechia,CZE,2008,2.02633116957389,6.35866380152373,236816485762.98788,10384603
Czechia,CZE,2009,2.64518583028629,1.01937735329232,207434296805.3297,10443936
Czechia,CZE,2010,-0.485125312858614,1.47272727272722,209069940963.17725,10474410
Czechia,CZE,2011,-0.221133399885247,1.9172191363555,229562733398.9475,10496088
Czechia,CZE,2012,1.3433900864304,3.28762306610411,208857719320.6487,10510785
Czechia,CZE,2013,1.27158777843077,1.4382978723404,211685616592.9311,10514272
Czechia,CZE,2014,2.70671595220047,0.343988589646794,209358834156.32904,10525347
Czechia,CZE,2015,1.23453645747557,0.309364548494975,188033050459.8811,10546059
Czechia,CZE,2016,1.49123390258281,0.683504209385703,196272068576.3383,10566332
Czechia,CZE,2017,1.68362051457846,2.4505339846014,218628940951.67508,10594438
Czechia,CZE,2018,2.81335978857678,2.14949494949493,249000540729.17868,10629928
Czechia,CZE,2019,3.84131790816744,2.8478759591805,252548179964.8966,10671870
Czechia,CZE,2020,4.51623222399486,3.16129528497801,245974558654.0429,10697858
Czechia,CZE,2021,4.03442638918558,3.83984491500146,281791218507.0996,10505772
Czechia,CZE,2022,8.67110088094911,15.1001651468371,290565654835.8094,10672118
Czechia,CZE,2023,8.15889263966358,10.6612601372426,330858339871.6861,10864042
,CZE,2024,,2.43531202435314,,10905028
Germany,DEU,1980,5.45118939817411,5.44105754460347,950290856466.5376,78288576
Germany,DEU,1981,4.17523874995271,6.34424277746325,800472055387.2782,78407907
Germany,DEU,1982,4.58105864804061,5.24104507228422,776576439106.9558,78333366
Germany,DEU,1983,2.8079385591948,3.29341474302854,770684323247.7977,78128282
Germany,DEU,1984,1.98914628247739,2.4057933993196,725111123634.1145,77858685
Germany,DEU,1985,2.12472568090982,2.0662330121658,732534887058.1982,77684873
Germany,DEU,1986,2.99954314388904,-0.129413360854742,1046259374943.7087,77720436
Germany,DEU,1987,1.27966357283455,0.24990610870503,1298176105549.5105,77839920
Germany,DEU,1988,1.69046133500461,1.27411894006923,1401233225303.4858,78144619
Germany,DEU,1989,2.87906670267614,2.78056955569751,1398967436804.3274,78751283
Germany,DEU,1990,3.39664349818692,2.69646824292392,1771671206875.681,79433029
Germany,DEU,1991,3.08507977220826,4.04703259753466,1868945197407.189,80013896
Germany,DEU,1992,5.3103247833801,5.05697796731731,2131571696931.747,80624598
Germany,DEU,1993,3.78517727389251,4.47457650752808,2071323790370.2827,81156363
Germany,DEU,1994,1.94297425372478,2.69305639854954,2205074123177.052,81438348
Germany,DEU,1995,1.83526453967376,1.70616041317076,2585792275146.718,81678051
Germany,DEU,1996,0.463925542062341,1.44972701963239,2497244606186.639,81914831
Germany,DEU,1997,0.145023203053299,1.93937198922729,2211989623279.946,82034771
Germany,DEU,1998,0.691825651484692,0.911183535014403,2238990774702.6787,82047195
Germany,DEU,1999,0.573860203168849,0.585433064230783,2194945278872.592,82100243
Germany,DEU,2000,-0.343812757492771,1.44026838719741,1947981991011.7688,82211508
Germany,DEU,2001,1.4329895045,1.98385731334471,1945790973803.152,82349925
Germany,DEU,2002,1.49930880788536,1.42080615551526,2078484517474.5132,82488495
Germany,DEU,2003,1.32178165560011,1.03422218628562,2501640388482.348,82534176
Germany,DEU,2004,1.15505926547247,1.66573696655992,2814353869359.0806,82516260
Germany,DEU,2005,0.534316525502064,1.54691114751328,2846864211175.096,82469422
Germany,DEU,2006,0.446999819733776,1.57742642840563,2994703642023.5254,82376451
Germany,DEU,2007,1.83955502364017,2.29834400700951,3425578382921.58,82266372
Germany,DEU,2008,0.947839900359398,2.62837981637219,3745264093617.1865,82110097
Germany,DEU,2009,1.9947040666511,0.312739007368447,3411261212652.3413,81902307
Germany,DEU,2010,0.682498555076293,1.1038103778926,3399667820000.0063,81776930
Germany,DEU,2011,1.23193488042945,2.07517283735874,3749314991050.591,80274983
Germany,DEU,2012,1.43207641485445,2.00848884782956,3527143188785.157,80425823
Germany,DEU,2013,1.99503161955657,1.50472330251876,3733804649549.0303,80645605
Germany,DEU,2014,1.90082487333854,0.906794000434246,3889093051023.516,80982500
Germany,DEU,2015,1.68539778304084,0.514426137125456,3357585719351.5605,81686611
Germany,DEU,2016,1.25625862371237,0.491747008445174,3469853463945.5337,82348669
Germany,DEU,2017,1.46798919402306,1.50949485109628,3690849152517.653,82657002
Germany,DEU,2018,1.86533423127291,1.73216879766942,3974443355019.605,82905782
Germany,DEU,2019,2.01597612377067,1.44565976888253,3889177589254.896,83092962
Germany,DEU,2020,1.75504597095741,0.144877925813982,3887727161914.408,83160871
Germany,DEU,2021,2.80292938819132,3.06666666666673,4278503934689.8535,83196078
Germany,DEU,2022,6.09185662231558,6.87257438551097,4082469490797.681,83177813
Germany,DEU,2023,6.14291653024772,5.94643667725823,4456081016705.961,83287273
,DEU,2024,,2.2564981433876,,83516593
,DJI,1980,,12.0580235721856,,325815
,DJI,1981,,5.71736785374118,,343047
,DJI,1982,,-2.41071428572345,,356880
,DJI,1983,,0.901842896356874,,369553
,DJI,1984,,1.88471502578427,,384053
,DJI,1985,,2.12890298848072,340989527.96799475,402687
,DJI,1986,,18.147633450986,,426341
,DJI,1987,,4.08911644641214,373371738.2864152,454399
,DJI,1988,,,395794538.6307752,484523
,DJI,1989,,,409220087.1028184,523355
,DJI,1990,,,452328087.282876,579538
,DJI,1991,,,462421998.5257792,631092
,DJI,1992,,,478058304.8711182,626010
,DJI,1993,,,466048469.2298603,614245
,DJI,1994,,,491689220.7448754,626710
,DJI,1995,,,497723960.58991337,633074
,DJI,1996,,,494004647.7343702,648348
,DJI,1997,,,502675542.0012266,671817
,DJI,1998,,,514267869.30075794,699352
,DJI,1999,,,536080148.09729856,724218
,DJI,2000,,,551230861.8565054,747318
,DJI,2001,,1.74665224985434,572417440.8201619,771313
,DJI,2002,,0.63761955366632,591122039.6013976,795574
,DJI,2003,,1.98196734627545,622044665.5150489,813519
,DJI,2004,,3.12226204699354,666072101.7775052,826124
,DJI,2005,,3.10496640148298,708633194.7265658,839167
,DJI,2006,,3.48340699677866,768873684.032838,855764
,DJI,2007,,4.96597654553301,847918929.1079838,874528
,DJI,2008,,11.9586206896552,999105339.2677286,892734
,DJI,2009,,1.67549587285964,1049110684.724934,911527
,DJI,2010,,3.95007875923885,1128611700.361803,930251
,DJI,2011,,5.0687139477799,1239144501.7752545,948558
,DJI,2012,,3.73120950756887,1353632941.520698,966747
,DJI,2013,,2.70603242872182,2042817162.8563871,984824
Djibouti,DJI,2014,1.26230441351029,1.34186494340157,2214679081.256576,1002717
Djibouti,DJI,2015,1.80710082094966,-0.847389733971996,2424391785.4389744,1020313
Djibouti,DJI,2016,0.302782333572253,2.73841208738755,2604955228.701166,1037653
Djibouti,DJI,2017,0.562231530282162,0.568112117084804,2762581334.2261186,1054841
Djibouti,DJI,2018,0.656016212542539,0.14797084987711,2913466732.1250725,1071882
Djibouti,DJI,2019,0.449797430981619,3.31925372703827,3088853638.568318,1088709
Djibouti,DJI,2020,1.77780976577868,1.7774078380617,3185150981.032067,1105188
Djibouti,DJI,2021,1.70103136920272,1.18191775339802,3385825228.8699703,1121248
Djibouti,DJI,2022,4.61922015773493,5.17980847967061,3674298479.076755,1137096
Djibouti,DJI,2023,4.56452579428684,1.49506816515088,4098530513.557768,1152944
,DJI,2024,,,,1168722
Dominica,DMA,1980,16.7098742344591,,72804653.33333333,73083
Dominica,DMA,1981,1.75796252431778,13.2666874934914,82107391.1111111,72986
Dominica,DMA,1982,4.7148727121992,4.39459409763738,89527576.66666666,72688
Dominica,DMA,1983,7.45947488558427,4.14795244385732,98665191.48148146,72365
Dominica,DMA,1984,6.17790852596886,2.2179942499574,109157070.74074072,72056
Dominica,DMA,1985,7.93420864188209,3.7399799806424,119491932.96296296,71744
Dominica,DMA,1986,5.64147885246393,2.77423367675706,135161958.5185185,71406
Dominica,DMA,1987,5.69387014072844,4.02458043341635,151868754.44444445,71023
Dominica,DMA,1988,4.49885935044931,2.92459163123741,171106184.07407406,70608
Dominica,DMA,1989,8.4074116275235,6.21852149777859,185137242.96296296,70153
Dominica,DMA,1990,3.20835538066659,3.19092323226821,201429629.6296296,69627
Dominica,DMA,1991,7.65072819464874,5.55706153429132,219762962.96296296,69296
Dominica,DMA,1992,4.38687659058799,5.47182559344178,234059259.25925925,69325
Dominica,DMA,1993,2.67971049935618,1.56902604224498,245525925.9259259,69433
Dominica,DMA,1994,7.63952702514015,0.0151367351744227,264374074.0740741,69477
Dominica,DMA,1995,0.783933916986541,1.3175374577497,274522222.2222222,69469
Dominica,DMA,1996,3.26494808236369,1.67716450485913,292285185.1851852,69410
Dominica,DMA,1997,1.44486820365744,2.43629715479674,302988888.8888889,69299
Dominica,DMA,1998,2.54011293205791,0.999147457910748,322411111.1111111,69124
Dominica,DMA,1999,2.53638991143232,1.17947787394175,331759259.2592592,68870
Dominica,DMA,2000,-1.78273060588339,0.856946805358483,333470370.3703703,68511
Dominica,DMA,2001,2.08434537110425,1.3038940346596,340203703.7037037,68288
Dominica,DMA,2002,0.790588617204534,0.170055330197681,333196296.2962963,68367
Dominica,DMA,2003,-3.11927298068933,1.45336800437251,343311111.1111111,68531
Dominica,DMA,2004,3.79200651376708,2.39410982050298,367200000.0,68649
Dominica,DMA,2005,-1.4482278443829,1.68190079877553,364255555.5555555,68734
Dominica,DMA,2006,2.36708049903913,2.2023913263167,390251851.8518519,68806
Dominica,DMA,2007,1.52504863379201,3.63222129317821,421374074.074074,68847
Dominica,DMA,2008,1.50837811577367,6.35992183336295,458188888.8888888,68854
Dominica,DMA,2009,8.00391387466848,0.0062635710706685,489074074.074074,68864
Dominica,DMA,2010,0.296969744927253,2.99936630549,493825925.9259259,68859
Dominica,DMA,2011,1.6853218819098,1.1312313652648,501025925.9259259,69053
Dominica,DMA,2012,-1.96154334602758,1.3567714780886,485996296.2962962,69118
Dominica,DMA,2013,3.56648686732856,-0.0464116468805992,498296296.2962962,69715
Dominica,DMA,2014,-0.297826834035376,0.799250372687492,520429629.6296296,70373
Dominica,DMA,2015,6.81983377311113,-0.84382698463833,540737037.037037,70410
Dominica,DMA,2016,3.69789870271713,0.141816225732312,576229629.6296296,69606
Dominica,DMA,2017,-3.07331479794894,0.296252889279487,521551851.8518518,68496
Dominica,DMA,2018,2.72491582561258,0.98919111918989,554770370.3703704,68174
Dominica,DMA,2019,4.48328635371882,1.50462353858141,611537037.037037,67880
Dominica,DMA,2020,-1.13372148579388,-0.727116412668203,504214814.8148148,67573
Dominica,DMA,2021,3.02596515876192,1.4831944499819,555266666.6666666,67202
Dominica,DMA,2022,3.56303629768684,7.7806152516404,607159259.2592592,66826
Dominica,DMA,2023,2.86621599756806,4.22769324983409,653992592.5925926,66510
,DMA,2024,,,,66205
Denmark,DNK,1980,8.57842770007463,12.3053240760182,71127528699.94144,5123027
Denmark,DNK,1981,10.5207307811006,11.7673874344181,61877813965.24132,5121572
Denmark,DNK,1982,10.0698689673917,10.1208256779823,60412844678.604,5117810
Denmark,DNK,1983,7.35334859502841,6.90822881158842,60644782176.05249,5114297
Denmark,DNK,1984,5.90819816061936,6.29077936023771,59105236853.79372,5111619
Denmark,DNK,1985,4.21552712211732,4.6787514518325,62658568287.34287,5113691
Denmark,DNK,1986,2.43538831271243,3.67818411863452,88078760103.81906,5120534
Denmark,DNK,1987,4.70878671138813,4.01999345683163,109414423928.77504,5127024
Denmark,DNK,1988,3.85542367163568,4.5351330101572,115552846616.65306,5129516
Denmark,DNK,1989,4.83202881347719,4.77272342435522,112409222182.7036,5132594
Denmark,DNK,1990,2.48227487321037,2.64160306382,138247285815.85495,5140939
Denmark,DNK,1991,2.58350897833941,2.39515331724415,139224688814.19528,5154298
Denmark,DNK,1992,1.6563781273335,2.09604442933217,152915654478.88538,5171370
Denmark,DNK,1993,0.577377853300163,1.25785667953259,143195627014.6054,5188628
Denmark,DNK,1994,1.56774667749839,1.99201463809526,156162386724.52286,5206180
Denmark,DNK,1995,1.27912066510858,2.08360842382846,185006881515.06497,5233373
Denmark,DNK,1996,2.02364334202318,2.12629802275584,187632346387.9835,5263074
Denmark,DNK,1997,2.01316864193851,2.18216677907116,173537647058.82355,5284991
Denmark,DNK,1998,1.23236516365954,1.84565122007889,176991934992.83667,5304219
Denmark,DNK,1999,1.68744510052814,2.4977954440453,177965188354.69165,5321799
Denmark,DNK,2000,3.01337860060458,2.90328203236453,164158739097.62344,5339616
Denmark,DNK,2001,2.51734647587271,2.33787000255262,164791442543.37482,5358783
Denmark,DNK,2002,2.38932906577161,2.42443661219697,178635163717.43066,5375931
Denmark,DNK,2003,1.49453569209793,2.07507820646507,218096033517.00897,5390574
Denmark,DNK,2004,2.08488936896001,1.15435693124932,251373002954.38232,5404523
Denmark,DNK,2005,2.89794820154816,1.81781458291254,264467336457.16956,5419432
Denmark,DNK,2006,2.0885516235807,1.92422138464594,282884947702.9663,5437272
Denmark,DNK,2007,2.42481356608116,1.69326586220315,319423424509.06555,5461438
Denmark,DNK,2008,4.2542588202313,3.41626794258373,353361038818.38336,5493621
Denmark,DNK,2009,0.571749193755537,1.30470991024337,321241303699.00574,5523095
Denmark,DNK,2010,3.18685980343099,2.31092436974789,321995279401.5016,5547683
Denmark,DNK,2011,0.646380325027508,2.7586822605125,344003137611.2712,5570572
Denmark,DNK,2012,2.4078426280274,2.3979148566464,327148943812.1366,5591572
Denmark,DNK,2013,0.846911221576292,0.789071780078062,343584391647.92706,5614932
Denmark,DNK,2014,1.01870652494551,0.56402054044954,352993631617.708,5643475
Denmark,DNK,2015,0.409102896444253,0.452034153691575,302673070846.85724,5683483
Denmark,DNK,2016,0.4265129525064,0.250000000000031,313115929314.33856,5728010
Denmark,DNK,2017,1.10061874339993,1.14713216957602,332121063806.39056,5764980
Denmark,DNK,2018,0.593022200778364,0.813609467455631,356841216410.0677,5793636
Denmark,DNK,2019,0.950878601964675,0.75813157251162,346498737961.6352,5814422
Denmark,DNK,2020,2.82692165384543,0.420711974110115,354762748338.6615,5831404
Denmark,DNK,2021,2.76891919858527,1.8530454398968,405687998852.6912,5856733
Denmark,DNK,2022,9.09696553405558,7.6965669988926,400167196948.7074,5903037
Denmark,DNK,2023,-3.78891798596015,3.30517811237606,404198757537.9742,5946952
,DNK,2024,,1.37220049768918,,5976992
Dominican Republic,DOM,1980,13.8844044227522,16.7531356897102,6761300000.0,5729037
Dominican Republic,DOM,1981,7.24221926680188,7.51463890696157,7561300000.0,5868453
Dominican Republic,DOM,1982,7.5120252384536,7.64624306606148,8267400000.0,6007114
Dominican Republic,DOM,1983,6.59639825173402,5.62862329448988,9220600000.0,6147248
Dominican Republic,DOM,1984,24.1842904668865,20.1516781053536,11594000000.0,6289040
Dominican Republic,DOM,1985,38.3672891395716,45.3361755532178,5044579979.232849,6430404
Dominican Republic,DOM,1986,9.38727107753954,7.6389726657993,6122128557.572428,6571208
Dominican Republic,DOM,1987,14.4229487541989,13.5507237827822,5827050753.259373,6712515
Dominican Republic,DOM,1988,43.5358714924251,43.8638323515053,5374299981.496984,6855734
Dominican Republic,DOM,1989,23.6088104242026,40.6579161175005,6686593059.936909,7002295
Dominican Republic,DOM,1990,50.4592630804603,50.4624792378524,7073675544.790213,7151166
Dominican Republic,DOM,1991,102.961441237933,47.079157410536,9824483339.945175,7299853
Dominican Republic,DOM,1992,5.56829005918074,4.25902638893392,11605382504.0,7447474
Dominican Republic,DOM,1993,4.98376306166659,5.25033880690971,13081042400.0,7594572
Dominican Republic,DOM,1994,10.1358756655482,8.26076798575834,14644734599.47784,7741694
Dominican Republic,DOM,1995,9.65238600151766,12.5359594558963,16637370839.16084,7888115
Dominican Republic,DOM,1996,3.66973684319389,5.39929385038922,18241622547.590797,8032894
Dominican Republic,DOM,1997,9.45133281239818,8.29656754792046,20017450041.30753,8174078
Dominican Republic,DOM,1998,6.50470125160993,4.83166558591895,21672215546.764217,8310362
Dominican Republic,DOM,1999,3.83415440241939,6.47054186846928,22136579396.92177,8446208
Dominican Republic,DOM,2000,7.20776279717097,7.72413566181616,24305780628.6677,8584190
Dominican Republic,DOM,2001,6.04073883566554,8.88306848812961,25601823687.57415,8720283
Dominican Republic,DOM,2002,6.92066884933828,5.22336769759447,27137440786.256207,8852235
Dominican Republic,DOM,2003,33.4615406633308,27.4497127394395,21403167848.144363,8980620
Dominican Republic,DOM,2004,45.166310045594,51.4608598338065,22322387382.494022,9104892
Dominican Republic,DOM,2005,5.78125184255489,4.19020260472056,35777560683.93658,9225034
Dominican Republic,DOM,2006,6.64124477285613,7.57280523853074,37879830084.26267,9341183
Dominican Republic,DOM,2007,7.63662743651099,6.14356655248047,43965458508.50559,9455658
Dominican Republic,DOM,2008,10.3916875139185,10.6446210953712,48122601530.3324,9573130
Dominican Republic,DOM,2009,3.49814656597557,1.44215131834353,48261078913.72663,9695265
Dominican Republic,DOM,2010,5.44341331542486,6.32993220146146,53860187257.959335,9820175
Dominican Republic,DOM,2011,8.06075517514766,5.79676809206533,58029773599.45505,9945621
Dominican Republic,DOM,2012,5.09818154500647,3.69449707884777,60681535652.53735,10070411
Dominican Republic,DOM,2013,4.69281914231266,4.830950967408,62682159338.03544,10193833
Dominican Republic,DOM,2014,4.32128893767675,2.99864226125219,67179955677.27914,10315528
Dominican Republic,DOM,2015,2.47188597709767,0.836746346724557,71164826836.5281,10434829
Dominican Republic,DOM,2016,1.99367846452935,1.61416607245223,75704647877.65591,10551430
Dominican Republic,DOM,2017,4.18137503365021,3.27955694678546,79998046305.79002,10666843
Dominican Republic,DOM,2018,4.12148968696981,3.56443426013508,85555390139.11797,10782053
Dominican Republic,DOM,2019,2.52561865647056,1.81060377042959,88941372558.23965,10894043
Dominican Republic,DOM,2020,4.72350401957794,3.78103179915517,78844656298.17764,11008300
Dominican Republic,DOM,2021,7.77715811136834,8.24300347981809,94243425938.36469,11123476
Dominican Republic,DOM,2022,10.7141556508469,8.81109209279587,113537368176.1303,11230734
Dominican Republic,DOM,2023,6.42391980187598,4.78561281021135,121444279313.9308,11331265
,DOM,2024,,3.30223338951227,,11427557
Algeria,DZA,1980,25.8620387631097,9.51782449754963,42345829079.206245,18607174
Algeria,DZA,1981,14.3539994913129,14.6548426360634,44348590460.92876,19220704
Algeria,DZA,1982,1.93979420753327,6.54250963007673,45207167470.34967,19872348
Algeria,DZA,1983,6.80479588677552,5.9671639303272,48801369800.36752,20558115
Algeria,DZA,1984,8.43350556203121,8.116397955171,53698548293.07447,21271969
Algeria,DZA,1985,4.972526402282,10.4822870444467,57937868670.193726,22008544
Algeria,DZA,1986,2.40534325293109,12.3716091651299,63692007897.38336,22745499
Algeria,DZA,1987,8.84202042232948,7.44126091287247,66745818375.492966,23443624
Algeria,DZA,1988,9.06096347700196,5.91154496373489,59089396860.43423,24109536
Algeria,DZA,1989,16.0113735157292,9.30436125843166,55634721572.73428,24754485
Algeria,DZA,1990,30.2595985375162,16.6525343885432,62048507531.33572,25375810
Algeria,DZA,1991,53.7886041732611,25.8863869348513,45715676428.2766,25987928
Algeria,DZA,1992,21.9261145250848,31.6696619117149,48003133346.995735,26628568
Algeria,DZA,1993,13.6244246595528,20.5403261235827,49945584452.65057,27277048
Algeria,DZA,1994,29.0776473235513,29.0476561173071,42543176828.923744,27887279
Algeria,DZA,1995,28.5770375307282,29.7796264864999,41764291671.77111,28470191
Algeria,DZA,1996,24.0219040663611,18.6790758601749,46941554225.35815,29033044
Algeria,DZA,1997,7.0019630481718,5.73352275357187,48177612042.15065,29579301
Algeria,DZA,1998,-3.13108869741967,4.95016163793114,48187781984.48805,30054133
Algeria,DZA,1999,10.8563363102205,2.64551113392799,48640671734.97112,30474354
Algeria,DZA,2000,22.6780091898695,0.339163189071768,54790398570.328224,30903893
Algeria,DZA,2001,8.01436296032362,4.22598834854673,59413400923.63635,31331221
Algeria,DZA,2002,1.37285594197843,1.41830192345051,61516103406.16878,31750835
Algeria,DZA,2003,8.94246223966068,4.268953958395,73482264190.92455,32175818
Algeria,DZA,2004,11.4465037894298,3.96180030257187,91913680985.17082,32628286
Algeria,DZA,2005,12.3615933409306,1.38244656662118,107046618669.707,33109249
Algeria,DZA,2006,10.7811837491585,2.31149918514424,123084258693.00974,33623506
Algeria,DZA,2007,7.09551578753664,3.67899574741699,142482739809.84927,34189416
Algeria,DZA,2008,15.1178821648641,4.85859062814939,180383848331.13455,34816961
Algeria,DZA,2009,-7.37374817582526,5.73706036145628,150317292079.35913,35490445
Algeria,DZA,2010,15.5569181228695,3.91106195534028,177785053939.53052,36188236
Algeria,DZA,2011,16.908708362389,4.5242115050527,218331946925.3036,36903376
Algeria,DZA,2012,8.0024465381386,8.89145091062317,227143746075.934,37646166
Algeria,DZA,2013,0.892752993665269,3.25423910998847,229701430292.1566,38414171
Algeria,DZA,2014,1.45036466088149,2.91692692067458,238942664192.59,39205031
Algeria,DZA,2015,-4.98674479527003,4.78444700693889,187493855609.34464,40019529
Algeria,DZA,2016,0.85668822422295,6.39769480268757,180763839522.1508,40850721
Algeria,DZA,2017,4.93800729466362,5.59111590961664,189880896903.0733,41689299
Algeria,DZA,2018,6.16467836481588,4.26999020467084,194554483655.5277,42505035
Algeria,DZA,2019,0.882992828066392,1.95176821052892,193459662090.6768,43294546
Algeria,DZA,2020,-4.71138391622452,2.41513094083414,164873415325.20148,44042091
Algeria,DZA,2021,15.9325995891296,7.22606307415477,186265418570.69662,44761099
Algeria,DZA,2022,22.9512626061838,9.26551551551553,225560256621.7572,45477389
Algeria,DZA,2023,0.854841037372282,9.32217375928322,239899491127.7424,46164219
,DZA,2024,,4.04611455313434,,46814308
East Asia & Pacific (excluding high income),EAP,1980,12.6684664265555,14.4928744064522,377675119002.89325,1356226475
East Asia & Pacific (excluding high income),EAP,1981,7.25655290872727,12.6629930710215,403202261318.04,1377473854
East Asia & Pacific (excluding high income),EAP,1982,7.4408475782832,7.03155689389481,423460780802.99615,1401081634
East Asia & Pacific (excluding high income),EAP,1983,6.88343792478542,6.70418399801423,443396661438.4028,1424971585
East Asia & Pacific (excluding high income),EAP,1984,4.87981945493995,5.5164001084304,480418794432.828,1447871073
East Asia & Pacific (excluding high income),EAP,1985,3.66019517535659,4.72453615680211,526023137328.0824,1471340337
East Asia & Pacific (excluding high income),EAP,1986,2.97161708354063,5.45375218150084,524630078253.09534,1496124294
East Asia & Pacific (excluding high income),EAP,1987,7.58192030213397,5.17488127323863,518550542708.1882,1522374575
East Asia & Pacific (excluding high income),EAP,1988,8.49671037009577,9.34212688547206,575590947068.5774,1549038591
East Asia & Pacific (excluding high income),EAP,1989,6.62688138994744,6.46256171146444,622223091638.7767,1575101307
East Asia & Pacific (excluding high income),EAP,1990,7.84295439890477,8.19137132040974,666707196460.8566,1600739173
East Asia & Pacific (excluding high income),EAP,1991,7.24567434406092,6.96568127760753,723516406265.3142,1625498444
East Asia & Pacific (excluding high income),EAP,1992,7.44750453397867,7.52351717022748,811406235976.499,1648872786
East Asia & Pacific (excluding high income),EAP,1993,6.4906547671219,5.73690583357397,890618178363.8732,1671604370
East Asia & Pacific (excluding high income),EAP,1994,7.70059550868136,7.65824302019538,1071871019106.174,1694244506
East Asia & Pacific (excluding high income),EAP,1995,5.74023614562722,5.81818181818192,1322031214501.2236,1716602413
East Asia & Pacific (excluding high income),EAP,1996,6.50673063542777,7.31348259330353,1518329383758.9785,1738632397
East Asia & Pacific (excluding high income),EAP,1997,5.95130751582053,5.60802843389853,1570608551401.3108,1760512371
East Asia & Pacific (excluding high income),EAP,1998,7.44795342675249,8.61483153647291,1433203272257.9175,1781546477
East Asia & Pacific (excluding high income),EAP,1999,6.12145266042883,4.29072851723813,1577918119910.2034,1800932833
East Asia & Pacific (excluding high income),EAP,2000,2.63973272434666,2.15851810619419,1736143014172.3374,1819011507
East Asia & Pacific (excluding high income),EAP,2001,4.02071928409904,4.27267024465105,1847119549328.771,1836260943
East Asia & Pacific (excluding high income),EAP,2002,4.23109181372058,2.72277227722765,2044360327928.2737,1852659155
East Asia & Pacific (excluding high income),EAP,2003,5.48742913790147,3.70369797528482,2313862647600.908,1868409996
East Asia & Pacific (excluding high income),EAP,2004,5.000584125964,4.42677525782239,2682937085437.4097,1883675167
East Asia & Pacific (excluding high income),EAP,2005,6.64518598144788,5.52861156446484,3107694833176.919,1898853723
East Asia & Pacific (excluding high income),EAP,2006,5.27411064845734,4.86632048837464,3742774301714.1553,1914002124
East Asia & Pacific (excluding high income),EAP,2007,7.31471517255495,4.81676767378834,4731773141261.086,1929185103
East Asia & Pacific (excluding high income),EAP,2008,7.79534603698191,10.2266645473148,5987096399585.56,1944305887
East Asia & Pacific (excluding high income),EAP,2009,1.76512587619911,4.21903052064628,6491258516157.218,1959017463
East Asia & Pacific (excluding high income),EAP,2010,6.26499886932319,3.68901229670766,7900541542589.843,1973602166
East Asia & Pacific (excluding high income),EAP,2011,5.41240809007968,5.29573185230292,9650693739294.805,1989106668
East Asia & Pacific (excluding high income),EAP,2012,3.57651352093811,3.02696391124796,10759908112897.982,2006566431
East Asia & Pacific (excluding high income),EAP,2013,2.8690452471251,2.91354193604001,11870059931822.137,2023850158
East Asia & Pacific (excluding high income),EAP,2014,3.29936912050763,3.14299050879095,12800187429285.771,2040383789
East Asia & Pacific (excluding high income),EAP,2015,2.53089897431484,1.22393195511119,13323235973753.027,2056050896
East Asia & Pacific (excluding high income),EAP,2016,2.24475651909437,1.91731090233378,13614572556661.455,2071486140
East Asia & Pacific (excluding high income),EAP,2017,2.97917098640468,2.91263557371478,14881098135429.484,2087238522
East Asia & Pacific (excluding high income),EAP,2018,3.74065383086987,3.1983464156241,16640354816152.096,2100698838
East Asia & Pacific (excluding high income),EAP,2019,1.49948619479095,1.94257500833107,17213215781553.242,2112289891
East Asia & Pacific (excluding high income),EAP,2020,1.22360923994052,2.40629214387011,17487334631867.334,2121866294
East Asia & Pacific (excluding high income),EAP,2021,3.71344836687553,2.69891859529198,20840018387172.934,2128553744
East Asia & Pacific (excluding high income),EAP,2022,5.63837728809762,5.46343652028003,21113809331055.496,2133560408
East Asia & Pacific (excluding high income),EAP,2023,3.88899446253055,5.88585897042164,21150247849983.09,2137527754
,EAP,2024,,,,2141122258
Early-demographic dividend,EAR,1980,14.8820201167283,14.6845027763768,1355426060056.14,1591961664
Early-demographic dividend,EAR,1981,9.97891438858039,12.413261372398,1506870589235.812,1634107159
Early-demographic dividend,EAR,1982,7.50330463052104,10.2217271376892,1425568298567.414,1677532811
Early-demographic dividend,EAR,1983,8.25705979675153,10.2436633526545,1421935166486.9094,1721104015
Early-demographic dividend,EAR,1984,10.1636889932223,8.4973714128198,1438397582849.1045,1765269111
Early-demographic dividend,EAR,1985,6.85120009498726,9.3533308127415,1436209736449.2207,1810019176
Early-demographic dividend,EAR,1986,7.18543787496726,10.0017155606022,1443301513949.36,1855391159
Early-demographic dividend,EAR,1987,11.0120447485885,9.75300310170998,1465139232814.856,1901405537
Early-demographic dividend,EAR,1988,9.79605539362043,8.98300338208989,1548914841300.1511,1947928955
Early-demographic dividend,EAR,1989,8.99639076532455,9.07562408537859,1578344500045.577,1994666990
Early-demographic dividend,EAR,1990,12.2477473848168,11.9060546010382,1840493287531.6077,2044241467
Early-demographic dividend,EAR,1991,13.622117597302,15.050130775937,1953004021178.3423,2092102478
Early-demographic dividend,EAR,1992,10.2347484772893,10.5274440119592,2145890831865.8667,2138854231
Early-demographic dividend,EAR,1993,10.9994307883572,9.97366476029209,2382383522279.44,2184656122
Early-demographic dividend,EAR,1994,10.5531512046485,9.59324963960295,2502116964681.001,2228719169
Early-demographic dividend,EAR,1995,9.58688164580195,10.0221733553239,2551503564999.765,2273692181
Early-demographic dividend,EAR,1996,8.90000450953323,8.51995195925336,2767912528836.24,2321284245
Early-demographic dividend,EAR,1997,7.2790929776352,7.01828599869913,2956209292115.6064,2369042441
Early-demographic dividend,EAR,1998,6.85155067205206,6.420732429713,2921452243665.118,2416119734
Early-demographic dividend,EAR,1999,7.03140253670993,5.02321078556241,3090569978611.824,2462704115
Early-demographic dividend,EAR,2000,7.20776279717097,3.89952980284712,3377700768682.0024,2509431470
Early-demographic dividend,EAR,2001,6.04073883566554,3.7508205747202,3351139229137.5283,2556335424
Early-demographic dividend,EAR,2002,4.77470676867063,4.24026660688645,3254999167379.127,2601917557
Early-demographic dividend,EAR,2003,5.75974076655675,5.45293224327203,3622987599508.7534,2647109296
Early-demographic dividend,EAR,2004,7.61152431608578,4.43526108410782,4210079741319.676,2693184997
Early-demographic dividend,EAR,2005,7.02679084259007,4.8217005071285,4895873888500.769,2738846905
Early-demographic dividend,EAR,2006,8.40093821740371,5.68713772607966,5596741342074.53,2784726644
Early-demographic dividend,EAR,2007,7.31471517255495,6.17781214809388,6624825302691.111,2830531957
Early-demographic dividend,EAR,2008,11.3650919229748,10.4469875128222,7460093874185.932,2875943965
Early-demographic dividend,EAR,2009,4.87312691925838,4.37376887067268,7172729962646.637,2921563644
Early-demographic dividend,EAR,2010,7.00928360259741,4.3974138315007,8708208712873.159,2967104472
Early-demographic dividend,EAR,2011,8.06075517514766,5.81149209022697,9813800566552.756,3013476947
Early-demographic dividend,EAR,2012,5.00323590794862,5.01827254237431,10261753916720.645,3058869436
Early-demographic dividend,EAR,2013,4.03979089350075,4.82778705505168,10406754465041.848,3103677284
Early-demographic dividend,EAR,2014,4.04671089085367,4.07392957476225,10766609704140.02,3146800078
Early-demographic dividend,EAR,2015,3.13924707851245,3.12900274473925,10237020101449.324,3190318707
Early-demographic dividend,EAR,2016,2.51784593601241,3.52317317628473,10537028724316.62,3233033717
Early-demographic dividend,EAR,2017,4.34963395991817,3.60247741348943,11393447781978.363,3274060446
Early-demographic dividend,EAR,2018,3.81832356943335,3.95721831216162,11524427704062.713,3314245247
Early-demographic dividend,EAR,2019,3.06187945458328,2.75980873474443,11767656585558.123,3355014793
Early-demographic dividend,EAR,2020,3.21740233241114,2.95192253170018,10981013167791.66,3396051187
Early-demographic dividend,EAR,2021,6.00397322136207,4.03843012730298,12771307369960.527,3432026092
Early-demographic dividend,EAR,2022,8.24119195323605,7.11924444078175,14131148776107.225,3470644834
Early-demographic dividend,EAR,2023,4.41698784584244,5.88289680163219,14847823837515.207,3511607650
,EAR,2024,,,,3552278604
East Asia & Pacific,EAS,1980,12.5988724107745,,1840088028690.59,1555055871
East Asia & Pacific,EAS,1981,9.31765798772193,,2028262842507.6245,1578588756
East Asia & Pacific,EAS,1982,7.68423546982886,,1986883138004.2368,1604460320
East Asia & Pacific,EAS,1983,6.95012050149641,,2115593849127.749,1630462798
East Asia & Pacific,EAS,1984,4.94416271276128,,2263578142661.034,1655263328
East Asia & Pacific,EAS,1985,3.83560638346384,,2388076785530.7983,1680467718
East Asia & Pacific,EAS,1986,4.66902079731935,,3123743377430.4287,1706848439
East Asia & Pacific,EAS,1987,7.49712585351415,4.68598778792504,3667481813464.116,1734703629
East Asia & Pacific,EAS,1988,7.32801562142799,7.8873239436618,4409114816279.756,1762936165
East Asia & Pacific,EAS,1989,6.44866188713229,6.41553963494971,4590725407020.228,1790597018
East Asia & Pacific,EAS,1990,6.67946936480652,7.81919144730547,4790950086067.816,1817735909
East Asia & Pacific,EAS,1991,6.41295535019266,6.49734555984545,5412827586676.352,1844189975
East Asia & Pacific,EAS,1992,6.79776411793763,6.21328146355184,5917237193181.676,1869074614
East Asia & Pacific,EAS,1993,4.3717230648643,4.887555452635,6619443693296.337,1893258583
East Asia & Pacific,EAS,1994,3.8038349944364,5.64990893945513,7404385947977.821,1917389243
East Asia & Pacific,EAS,1995,3.40484893119679,4.62776659959759,8407601716571.459,1941185229
East Asia & Pacific,EAS,1996,3.35620268881483,5.52480986015136,8101501479612.455,1964830092
East Asia & Pacific,EAS,1997,3.23574473343956,3.72765760183632,7743809425337.108,1988067577
East Asia & Pacific,EAS,1998,3.64520979181331,5.49101180380943,6931723210321.334,2010443502
East Asia & Pacific,EAS,1999,2.87366048690364,1.98382427234186,7743402600342.685,2030912462
East Asia & Pacific,EAS,2000,2.59524900352988,1.59196917460972,8377363424939.487,2050149617
East Asia & Pacific,EAS,2001,3.36684864796393,3.57755452095074,7789513198046.97,2068682053
East Asia & Pacific,EAS,2002,3.12888319863409,1.88572000240366,7912759253773.602,2086144389
East Asia & Pacific,EAS,2003,3.13919902823034,2.28915662650607,8702214026618.329,2102761941
East Asia & Pacific,EAS,2004,3.40077939399152,3.23751394003321,9758440010726.342,2118747885
East Asia & Pacific,EAS,2005,4.01448119786032,3.03702332617012,10411320781531.826,2134573057
East Asia & Pacific,EAS,2006,3.95374053497327,3.93616259929866,11034810130882.088,2150688938
East Asia & Pacific,EAS,2007,4.55181814081514,3.76400259181595,12331150790689.783,2167046538
East Asia & Pacific,EAS,2008,7.1718933790194,8.34208634920956,14220148735114.5,2183472438
East Asia & Pacific,EAS,2009,1.83440603874207,1.6217301400345,14630641103929.129,2199148703
East Asia & Pacific,EAS,2010,2.9485448087142,3.05730563962442,17078057240005.152,2214613815
East Asia & Pacific,EAS,2011,3.908337110026,5.0214601462073,19796933123174.48,2230826576
East Asia & Pacific,EAS,2012,2.88426651899299,2.97460779814473,21174178691967.797,2249081393
East Asia & Pacific,EAS,2013,2.1268984974193,2.58268766141795,21411284057214.53,2267072102
East Asia & Pacific,EAS,2014,2.27264477705273,2.51087633253706,22089701789223.84,2284385542
East Asia & Pacific,EAS,2015,2.52668356967288,0.795279630579839,21995274219766.668,2300844269
East Asia & Pacific,EAS,2016,1.76808353719983,1.27699094497324,22776012762509.477,2317076058
East Asia & Pacific,EAS,2017,2.72863624113932,1.8003422246862,24329094912610.03,2333475520
East Asia & Pacific,EAS,2018,3.49974763567195,2.368549058067,26487859556590.77,2347576325
East Asia & Pacific,EAS,2019,1.49948619479095,1.70397863236265,27032494942206.605,2359762190
East Asia & Pacific,EAS,2020,1.27492101558921,0.846905537459305,27156482410418.383,2369420882
East Asia & Pacific,EAS,2021,3.25017571972322,2.47710241465447,31148240510250.83,2375117716
East Asia & Pacific,EAS,2022,5.46517905025054,5.40874375479067,30663750183419.105,2379617118
East Asia & Pacific,EAS,2023,3.8410061487137,4.24579935926737,30775659199419.902,2384441485
,EAS,2024,,,,2388319494
,ECA,1980,,,,181309432
,ECA,1981,,,,183746315
,ECA,1982,,,,186272610
,ECA,1983,,,,188979984
,ECA,1984,,,,191755370
,ECA,1985,,,,194525195
,ECA,1986,,,,197344981
,ECA,1987,,,231719774992.0475,200194022
,ECA,1988,,,255834060621.47043,202990335
,ECA,1989,,,289097626779.4978,205733205
,ECA,1990,,,346940936294.6886,208212866
Europe & Central Asia (excluding high income),ECA,1991,93.9213213804937,,333725379317.1366,210169114
Europe & Central Asia (excluding high income),ECA,1992,1030.7768106265,,323228048625.08167,212032319
Europe & Central Asia (excluding high income),ECA,1993,1078.88285465085,,342532323683.7235,213395945
Europe & Central Asia (excluding high income),ECA,1994,952.307149668942,891.187748133705,273360968932.8171,214329901
Europe & Central Asia (excluding high income),ECA,1995,161.163917579159,162.717152150377,306497135631.63214,215114964
Europe & Central Asia (excluding high income),ECA,1996,40.9649508237348,35.5649400436339,324891746056.1261,216002100
Europe & Central Asia (excluding high income),ECA,1997,17.817642816389,16.6743202378393,344755415289.8801,216672059
Europe & Central Asia (excluding high income),ECA,1998,9.46173017171613,9.56493445426184,419693866241.01794,217104725
Europe & Central Asia (excluding high income),ECA,1999,23.0053043870684,20.938173814012,382648784206.4728,217579952
Europe & Central Asia (excluding high income),ECA,2000,27.1617380473374,15.9408124351878,390254644017.59686,218486598
Europe & Central Asia (excluding high income),ECA,2001,10.200915874305,8.35413777161338,334433492950.2106,219435056
Europe & Central Asia (excluding high income),ECA,2002,5.80322409676619,5.58783730000794,389028550190.813,220400259
Europe & Central Asia (excluding high income),ECA,2003,8.32077420436579,4.95061559256827,495996118252.84045,221399692
Europe & Central Asia (excluding high income),ECA,2004,8.4336944783275,6.92165787428848,639128690749.53,222413290
Europe & Central Asia (excluding high income),ECA,2005,7.93510297063291,7.87957982963885,796047189589.7754,223360135
Europe & Central Asia (excluding high income),ECA,2006,10.7486157350723,7.663026931994,925984007321.0376,224417513
Europe & Central Asia (excluding high income),ECA,2007,12.8727022297205,8.59146682238974,1165481350733.462,225016072
Europe & Central Asia (excluding high income),ECA,2008,12.046153593928,11.4275575758332,1395064178011.7087,226524480
Europe & Central Asia (excluding high income),ECA,2009,3.26627847024425,3.43674527945797,1163141205236.0854,228250911
Europe & Central Asia (excluding high income),ECA,2010,8.90130951132168,6.77774669133379,1377629393492.266,230106440
Europe & Central Asia (excluding high income),ECA,2011,10.0870132354684,7.8583333333334,1566799086233.3994,231988438
Europe & Central Asia (excluding high income),ECA,2012,5.69492443855372,3.31605566687647,1652506728905.0164,233875199
Europe & Central Asia (excluding high income),ECA,2013,3.49991704639481,4.59787897363118,1802285899175.5,235905150
Europe & Central Asia (excluding high income),ECA,2014,3.74965558187807,3.06881210379543,1729714204725.0544,237999321
Europe & Central Asia (excluding high income),ECA,2015,2.19434690627374,4.02768573742726,1507646946545.9275,240083379
Europe & Central Asia (excluding high income),ECA,2016,3.50806334370899,2.13492713939121,1447395306947.5278,242224182
Europe & Central Asia (excluding high income),ECA,2017,6.28980617702843,4.60357355778866,1485108260761.974,244308649
Europe & Central Asia (excluding high income),ECA,2018,3.33677576027664,2.56572880132719,1459981302399.6614,246400484
Europe & Central Asia (excluding high income),ECA,2019,3.82718214785177,2.64328192719554,1488770219744.964,248576676
Europe & Central Asia (excluding high income),ECA,2020,2.22797604954881,2.74615078213777,1428327223229.5327,250351240
Europe & Central Asia (excluding high income),ECA,2021,8.47251160639347,6.91756771076075,1659440839146.6958,251867727
Europe & Central Asia (excluding high income),ECA,2022,12.082081128641,13.8875841659221,1803038234535.201,250514347
Europe & Central Asia (excluding high income),ECA,2023,7.56734869529775,9.07365149809048,2098349713814.253,248721385
,ECA,2024,,,,250281521
,ECS,1980,,,4611623534358.833,795362835
,ECS,1981,,,4108150871076.715,800542417
,ECS,1982,,,3960025757324.445,805247476
,ECS,1983,,,3840328209015.849,809947364
,ECS,1984,,,3691045688253.733,814856984
Europe & Central Asia,ECS,1985,5.32211606479522,,3819244965644.856,819874109
Europe & Central Asia,ECS,1986,4.14012803869635,,5207726640026.545,825034695
Europe & Central Asia,ECS,1987,4.45654851168594,,6431399546947.681,830294805
Europe & Central Asia,ECS,1988,3.1863614661543,,7159610197781.093,835601587
Europe & Central Asia,ECS,1989,5.56701587016347,,7254765277401.909,840881506
Europe & Central Asia,ECS,1990,5.43312494588983,,8868968946763.85,845290251
Europe & Central Asia,ECS,1991,35.5142469575829,,9137898920510.602,849169385
Europe & Central Asia,ECS,1992,14.7988129465447,5.9245312622849,9788830737692.738,852664501
Europe & Central Asia,ECS,1993,21.0088029382592,14.4112644439348,9000999813897.168,855554222
Europe & Central Asia,ECS,1994,13.4484860475762,12.1447980115689,9411954540738.09,857724587
Europe & Central Asia,ECS,1995,11.489003169982,8.96251888719981,10868921758424.832,859504754
Europe & Central Asia,ECS,1996,4.52656413674243,8.19455217632728,11093788613775.72,861073426
Europe & Central Asia,ECS,1997,6.16217272968797,5.5360026677348,10521843390122.396,862335057
Europe & Central Asia,ECS,1998,4.24714234650209,4.64421422660787,10794474235063.81,863317613
Europe & Central Asia,ECS,1999,3.3448329309099,2.36481836111807,10676207695862.748,864306932
Europe & Central Asia,ECS,2000,4.47967881735316,3.77538829151734,10065925069173.893,865392479
Europe & Central Asia,ECS,2001,4.09514138773128,4.26287228873703,10168292808350.965,866590696
Europe & Central Asia,ECS,2002,3.28200527560323,2.78615988589508,11134331409101.707,868234843
Europe & Central Asia,ECS,2003,3.49287081530224,2.34864169582755,13534598831552.178,870529446
Europe & Central Asia,ECS,2004,3.49115483978527,2.82947796214664,15775505005718.842,873069464
Europe & Central Asia,ECS,2005,3.25778740662618,2.60932308197748,16780903793743.838,875563919
Europe & Central Asia,ECS,2006,3.60897403829189,3.19288637808747,18167737736908.117,878166933
Europe & Central Asia,ECS,2007,4.28207267323516,2.91598261872856,21227702064340.84,880656346
Europe & Central Asia,ECS,2008,5.14866635179049,6.05974046339707,23363341474912.223,884224673
Europe & Central Asia,ECS,2009,1.8361578215539,1.53607650014279,20545109873740.81,887741128
Europe & Central Asia,ECS,2010,1.95405819967772,2.42447361791627,21016513112950.816,890990371
Europe & Central Asia,ECS,2011,2.74248694353884,3.8561124468282,23305973325589.785,893009595
Europe & Central Asia,ECS,2012,2.30678949485736,2.77333854051586,22453705241187.86,896514510
Europe & Central Asia,ECS,2013,1.46435077472427,1.73403963519162,23454990403618.12,899907172
Europe & Central Asia,ECS,2014,1.39387536573275,0.620490636732421,23784373303750.188,903561071
Europe & Central Asia,ECS,2015,1.3432208131948,0.36804684232536,20481460301210.54,907527486
Europe & Central Asia,ECS,2016,1.32688898114866,0.356684500891695,20408605606979.32,911579016
Europe & Central Asia,ECS,2017,1.91914020037598,1.91558846458258,21652842504644.61,915065824
Europe & Central Asia,ECS,2018,2.33659148986059,2.01321972250337,23188735732226.203,918689254
Europe & Central Asia,ECS,2019,2.3432096640605,1.76373586528842,22908223277507.38,921932163
Europe & Central Asia,ECS,2020,1.80012779437816,1.19998396936028,22156549343244.92,923664467
Europe & Central Asia,ECS,2021,3.73941259915679,3.19017771027093,25331394418403.785,924381062
Europe & Central Asia,ECS,2022,8.19886147930275,10.7805806758686,25389267749915.992,924234471
Europe & Central Asia,ECS,2023,6.4069165256975,7.44687717385838,27240628835585.28,924773523
,ECS,2024,,,,928263208
Ecuador,ECU,1980,21.6356921906425,11.9092893836134,17881508242.44813,8165877
Ecuador,ECU,1981,15.4914458583991,14.0479686718868,21810759353.73044,8386910
Ecuador,ECU,1982,-9.18217401574644,16.2844880461285,19929846396.423885,8611298
Ecuador,ECU,1983,-13.6448252646202,48.4182220804492,17152477036.500484,8840417
Ecuador,ECU,1984,-3.92135491695417,31.2195815120372,16912509091.855,9074782
Ecuador,ECU,1985,-2.44013964040163,27.9936107429224,17149088413.349997,9311154
Ecuador,ECU,1986,-13.690424394948,23.0302261142618,15314138472.328243,9545998
Ecuador,ECU,1987,-8.70101398455468,29.5039972488395,13945426859.465685,9779290
Ecuador,ECU,1988,-11.613801200505,58.2162865413938,13051881851.406824,10010808
Ecuador,ECU,1989,5.36797841489755,75.6481901026386,13890823704.554482,10241852
Ecuador,ECU,1990,5.81362920224475,48.5191129963729,15239272611.580948,10473673
Ecuador,ECU,1991,6.88932031520689,48.718080675219,16988535267.633818,10702380
Ecuador,ECU,1992,4.30322945424375,54.6078215093597,18094238119.05953,10930128
Ecuador,ECU,1993,2.64177083130433,44.9550537592163,18938717358.67934,11154274
Ecuador,ECU,1994,15.0087193927155,27.3108817940495,22708673336.66833,11372197
Ecuador,ECU,1995,5.2225533539193,22.9341344145802,24432884442.221107,11590514
Ecuador,ECU,1996,1.49015470317768,24.4114592150674,25226393196.598297,11810950
Ecuador,ECU,1997,7.00617304884344,30.6575675722173,28162053026.513256,12031127
Ecuador,ECU,1998,-3.78267918134335,36.0984331623886,27981896948.47424,12251184
Ecuador,ECU,1999,-26.2999927835161,52.2420051858225,19645272636.31816,12470795
Ecuador,ECU,2000,-11.6834509266758,96.0963756926096,17539454727.36368,12689206
Ecuador,ECU,2001,26.5982167835475,37.6767454518094,23127055000.0,12910740
Ecuador,ECU,2002,11.4865624240994,12.4835980082095,27054197000.0,13138472
Ecuador,ECU,2003,11.2472798399136,7.92936487461556,30965208000.0,13372306
Ecuador,ECU,2004,6.39061997126917,2.74323198926704,35194947000.0,13608701
Ecuador,ECU,2005,8.5829912693266,2.1682770118372,40278849000.0,13846163
Ecuador,ECU,2006,8.71658582881744,3.29874846258215,45690762000.0,14086131
Ecuador,ECU,2007,7.06342171694234,2.27618478002121,49848725000.0,14328773
Ecuador,ECU,2008,15.0941160082403,8.40009593987462,61139438000.0,14575202
Ecuador,ECU,2009,-2.76912594900325,5.15996829181047,60094978000.0,14825954
Ecuador,ECU,2010,9.01371738601253,3.55437734567843,68151329000.0,15076695
Ecuador,ECU,2011,6.83751222954146,4.4745326579584,78986648000.0,15326227
Ecuador,ECU,2012,5.00323590794862,5.10172180958666,87735048000.0,15572194
Ecuador,ECU,2013,2.66686728017176,2.72177577710371,96570334000.0,15807128
Ecuador,ECU,2014,2.05296051570632,3.58922016616663,102717794000.0,16035124
Ecuador,ECU,2015,-5.47563265671535,3.96664623255358,97209558000.0,16266225
Ecuador,ECU,2016,1.17114450392724,1.72826463324533,97671433000.0,16505139
Ecuador,ECU,2017,0.932031656124835,0.417335588666825,104467486000.0,16759519
Ecuador,ECU,2018,1.81939670683758,-0.224103246005552,107478962000.0,17049547
Ecuador,ECU,2019,-0.0565751872692744,0.266012515466155,107595829000.0,17340021
Ecuador,ECU,2020,-1.82595644256135,-0.338872392562139,95865472000.0,17546065
Ecuador,ECU,2021,2.04901082789537,0.133251386096389,107435101000.0,17682454
Ecuador,ECU,2022,2.19571108300103,3.46616972213077,116586079000.0,17823897
Ecuador,ECU,2023,-0.408196858042402,2.21568764237058,118844826000.0,17980083
,ECU,2024,,1.54732515615369,,18135478
"Egypt, Arab Rep.",EGY,1980,12.4308665172017,20.8192249324218,21669908176.38889,43950413
"Egypt, Arab Rep.",EGY,1981,-2.19823538128443,10.3172842245396,22136081081.08108,45147224
"Egypt, Arab Rep.",EGY,1982,24.7308589706012,14.8230088495577,27655172413.793102,46407611
"Egypt, Arab Rep.",EGY,1983,12.7118644063102,16.079873883342,30966239813.736904,47786402
"Egypt, Arab Rep.",EGY,1984,8.24745260850462,17.0363663799608,33971188991.614704,49247334
"Egypt, Arab Rep.",EGY,1985,11.576041762999,12.1067560598247,39053502251.07319,50734968
"Egypt, Arab Rep.",EGY,1986,12.8751716472274,23.8642898217366,41253507951.35641,52206295
"Egypt, Arab Rep.",EGY,1987,12.4693725365398,19.693593314763,40455616653.57424,53674435
"Egypt, Arab Rep.",EGY,1988,13.4175543445101,17.66348615313,34980124929.01761,55187681
"Egypt, Arab Rep.",EGY,1989,19.1374048492684,21.2618670886078,39756299049.97935,56710642
"Egypt, Arab Rep.",EGY,1990,17.7430513642449,16.7563747077691,42978914311.35038,58396618
"Egypt, Arab Rep.",EGY,1991,16.1252711751501,19.7485448195578,37387836490.52842,60028997
"Egypt, Arab Rep.",EGY,1992,18.350780681308,13.6374241717218,41855986519.42346,61480660
"Egypt, Arab Rep.",EGY,1993,8.42910538832268,12.0897922868977,46578631452.58103,62915681
"Egypt, Arab Rep.",EGY,1994,8.44887156388798,8.15423128587096,51897983392.64532,64285589
"Egypt, Arab Rep.",EGY,1995,11.399741499736,15.7422305021596,60159245060.45414,65652622
"Egypt, Arab Rep.",EGY,1996,7.10766744856119,7.18710369719992,67629716981.13208,67028048
"Egypt, Arab Rep.",EGY,1997,9.87627742790933,4.62560578826438,78436578171.09145,68431740
"Egypt, Arab Rep.",EGY,1998,2.37768148920179,3.8725754642749,84828807556.08029,69943294
"Egypt, Arab Rep.",EGY,1999,0.919435418300225,3.07949912638332,90710704806.84164,71520954
"Egypt, Arab Rep.",EGY,2000,3.9444069943829,2.68380535348546,99838543960.07632,73083284
"Egypt, Arab Rep.",EGY,2001,1.86769984238948,2.26975720475956,96684636118.5984,74652029
"Egypt, Arab Rep.",EGY,2002,3.16557906750616,2.73723855000334,85146067415.73033,76239137
"Egypt, Arab Rep.",EGY,2003,6.77749360613839,4.50777636319304,80288461538.46153,77853548
"Egypt, Arab Rep.",EGY,2004,11.6699083405668,11.270619332052,78782467532.46753,79477443
"Egypt, Arab Rep.",EGY,2005,6.21272950618375,4.86939696871988,89600665557.40433,81101004
"Egypt, Arab Rep.",EGY,2006,7.35997773059287,7.64452644526434,107426086956.52174,82700403
"Egypt, Arab Rep.",EGY,2007,12.5957398238768,9.3189690579923,130437828371.27846,84276225
"Egypt, Arab Rep.",EGY,2008,12.2039844630996,18.3168316831684,162818181818.18182,85864789
"Egypt, Arab Rep.",EGY,2009,11.1855422672375,11.7634954386443,189147005444.6461,87501636
"Egypt, Arab Rep.",EGY,2010,10.1068646295721,11.2651882653185,218983666061.706,89196072
"Egypt, Arab Rep.",EGY,2011,11.6629763507332,10.0649259874818,235989672977.6248,91093059
"Egypt, Arab Rep.",EGY,2012,19.4828774694148,7.11172943343083,279116666666.6667,93161001
"Egypt, Arab Rep.",EGY,2013,8.71267457488472,9.46971981064921,288434108527.1318,95333553
"Egypt, Arab Rep.",EGY,2014,11.2476245037869,10.0702154687481,305595408895.26544,97528654
"Egypt, Arab Rep.",EGY,2015,9.93088973035982,10.370490343517,329366576819.407,99597342
"Egypt, Arab Rep.",EGY,2016,6.24566313377426,13.813606214829,332441717791.411,101644589
"Egypt, Arab Rep.",EGY,2017,29.5184798346035,29.5066083940039,248362771739.13043,103696057
"Egypt, Arab Rep.",EGY,2018,21.1748208164536,14.4014657807422,262588632526.73044,105682094
"Egypt, Arab Rep.",EGY,2019,13.6180959109963,9.15279959324804,318678815489.74945,107553158
"Egypt, Arab Rep.",EGY,2020,6.17693409847963,5.04493288977539,383817841547.0992,109315124
"Egypt, Arab Rep.",EGY,2021,4.84715643244118,5.21404940513043,424671765455.7043,110957008
"Egypt, Arab Rep.",EGY,2022,10.4257892435745,13.8956609775178,476747720364.7416,112618250
"Egypt, Arab Rep.",EGY,2023,24.8250653743744,33.8847763115546,395926075163.0058,114535772
,EGY,2024,,,,116538258
Euro area,EMU,1980,11.9693278481543,13.5400697127799,2976836154321.7363,306894340
Euro area,EMU,1981,11.5581160860631,11.5097558377123,2587111663021.848,308127421
Euro area,EMU,1982,10.5819866490627,9.58492764677445,2504826677675.291,308901125
Euro area,EMU,1983,7.50701492568504,8.66927159808522,2443641157282.629,309543455
Euro area,EMU,1984,6.72627308242782,7.06765638328172,2343942476961.566,310046458
Euro area,EMU,1985,5.20560060395994,5.19562195429435,2408039726596.137,310617659
Euro area,EMU,1986,4.45447826560775,2.73605256111872,3379544973186.511,311372728
Euro area,EMU,1987,2.76087623751948,3.22415428117574,4180009789415.674,312223048
Euro area,EMU,1988,3.1863614661543,3.06504079522199,4597153410901.026,313272522
Euro area,EMU,1989,4.77460087807924,3.92726718218467,4695807002305.462,314634075
Euro area,EMU,1990,3.27384666806891,3.97518340428825,5909782092743.88,316087007
Euro area,EMU,1991,5.41157282613904,4.17862274798465,6130268732320.047,317407910
Euro area,EMU,1992,5.67585352987772,5.2705899859293,6751656853901.455,318742973
Euro area,EMU,1993,4.98944297526866,4.59790321006555,6180929627354.025,320053176
Euro area,EMU,1994,3.72079294931189,4.4142555634662,6528765017707.341,321024031
Euro area,EMU,1995,4.92918716139263,4.08646004554944,7538490214319.51,321808185
Euro area,EMU,1996,3.08709485738322,3.02395109495527,7628743159352.412,322568383
Euro area,EMU,1997,2.65571731556199,2.223054305268,6976433292194.283,323306275
Euro area,EMU,1998,2.86938731026294,2.30647934035989,7175152570560.736,323976358
Euro area,EMU,1999,1.88963572921737,1.8991144190705,7139949534351.677,324781951
Euro area,EMU,2000,3.00678969554613,2.94756559977476,6517629739562.016,325789631
Euro area,EMU,2001,3.56549051791027,2.85732893518829,6619382603491.188,326861195
Euro area,EMU,2002,3.10632960896287,2.32690683615857,7226691597174.83,328469678
Euro area,EMU,2003,3.29720896814655,2.09523529072289,8897545940283.213,330286340
Euro area,EMU,2004,2.6694946269314,2.21620788926273,10202235327777.074,332140117
Euro area,EMU,2005,2.30808610474062,2.52392898747161,10568560016101.418,333897752
Euro area,EMU,2006,2.99080079182585,2.72004750529271,11233646616679.615,335499702
Euro area,EMU,2007,2.61057158958665,2.48231546689542,12938432027569.564,337282985
Euro area,EMU,2008,3.01147459583804,4.11407022033816,14226784155767.783,338978475
Euro area,EMU,2009,0.826254455991474,0.437175412792701,13000703039470.14,340136844
Euro area,EMU,2010,0.836737164066626,1.5205755786839,12700582110966.242,341002804
Euro area,EMU,2011,1.64455786724509,3.28801427219796,13700831614329.535,340367367
Euro area,EMU,2012,1.69057953121213,2.54154474108009,12695678622498.623,341100659
Euro area,EMU,2013,1.24217063840594,1.31023355618666,13255654454944.72,341639530
Euro area,EMU,2014,0.678004883700446,0.220195628198753,13570070381398.836,342228563
Euro area,EMU,2015,1.00513571955375,-0.0852072296963749,11727106023830.516,343180482
Euro area,EMU,2016,0.586737235633514,0.166009884375616,12025904489799.793,344132977
Euro area,EMU,2017,1.36347794376776,1.37503641525339,12736901061169.951,344810179
Euro area,EMU,2018,1.85885334644831,1.6892396580413,13761117139592.867,345864630
Euro area,EMU,2019,1.92131128850029,1.44123966942341,13481146122147.145,346496601
Euro area,EMU,2020,1.69673105025914,0.186938139702131,13155164142399.123,346986142
Euro area,EMU,2021,2.49536237654851,2.4865043812082,14754625131073.305,347207191
Euro area,EMU,2022,6.32569953527321,8.47117645590892,14224347000135.576,348200155
Euro area,EMU,2023,6.1890982846439,5.78431554960862,15544858680873.797,349762722
,EMU,2024,,,,351161936
,ERI,1980,,,,1605797
,ERI,1981,,,,1649939
,ERI,1982,,,,1695461
,ERI,1983,,,,1736160
,ERI,1984,,,,1771730
,ERI,1985,,,,1807816
,ERI,1986,,,,1845164
,ERI,1987,,,,1888669
,ERI,1988,,,,1938255
,ERI,1989,,,,1987017
,ERI,1990,,,,2032737
,ERI,1991,,,,1919571
,ERI,1992,,,477101651.6483756,1798748
Eritrea,ERI,1993,-1.38317062735574,,467872714.7556032,1856006
Eritrea,ERI,1994,10.4321476871899,,531688311.6883117,1913915
Eritrea,ERI,1995,9.81004035440252,,578015625.0,2025267
Eritrea,ERI,1996,9.07483488878513,,693535954.1900672,2128464
Eritrea,ERI,1997,3.89715179110848,,686490090.1401408,2152135
Eritrea,ERI,1998,9.10917293901807,,745523116.9000521,2180419
Eritrea,ERI,1999,2.31856149221601,,688918537.1155552,2212780
Eritrea,ERI,2000,24.9775947531466,,706370815.5844156,2247031
Eritrea,ERI,2001,15.0772695786828,,752371688.7431858,2312079
Eritrea,ERI,2002,16.1486673617657,,729321680.1543237,2392978
Eritrea,ERI,2003,21.8728417590652,,870248267.550163,2493903
Eritrea,ERI,2004,24.7992856783348,,1109054005.43971,2598284
Eritrea,ERI,2005,7.62368935878268,,1098424685.6616938,2661215
Eritrea,ERI,2006,11.3940039534664,,1211161879.6747968,2703502
Eritrea,ERI,2007,7.28820826067988,,1317974491.0569105,2743222
Eritrea,ERI,2008,16.0762200958727,,1380188800.0,2816327
Eritrea,ERI,2009,29.5045071421789,,1856695551.219512,2887885
Eritrea,ERI,2010,-16.2281996990874,,1589515447.1544716,2945186
Eritrea,ERI,2011,19.5382281454081,,2065001626.01626,2998485
,ERI,2012,,,,3036988
,ERI,2013,,,,3074360
,ERI,2014,,,,3095173
,ERI,2015,,,,3105546
,ERI,2016,,,,3124698
,ERI,2017,,,,3150347
,ERI,2018,,,,3192760
,ERI,2019,,,,3240194
,ERI,2020,,,,3291271
,ERI,2021,,,,3350183
,ERI,2022,,,,3409447
,ERI,2023,,,,3470390
,ERI,2024,,,,3535603
Spain,ESP,1980,13.3548264100054,15.5619020957245,232766822928.75372,37491165
Spain,ESP,1981,12.3511920477782,14.5493457170322,202807891511.98416,37758631
Spain,ESP,1982,13.5823236009317,14.4150020548327,195996754505.5278,37986012
Spain,ESP,1983,11.884245558144,12.1740727351699,170951185614.84918,38171525
Spain,ESP,1984,10.8647338915609,11.2802765604038,172102910370.5237,38330364
Spain,ESP,1985,8.59547954121986,8.81445506678387,180793463796.47748,38469512
Spain,ESP,1986,10.8788163947755,8.79493932290321,251321075204.9424,38584624
Spain,ESP,1987,5.94419833756325,5.24801863489594,318747935588.1957,38684815
Spain,ESP,1988,5.93612599441241,4.83727066490361,376160409941.43695,38766939
Spain,ESP,1989,6.89619419836968,6.79143584025099,414757056921.9958,38827764
Spain,ESP,1990,7.32625128071922,6.72181952228657,536558591250.4081,38867322
Spain,ESP,1991,6.93513948657191,5.93421344335924,577166174539.6317,38966376
Spain,ESP,1992,6.71077131655223,5.9245312622849,630916018202.5029,39157685
Spain,ESP,1993,4.53724116884975,4.56907173681813,525075636030.8537,39361262
Spain,ESP,1994,3.87984182917371,4.71841373967329,530562634455.3471,39549108
Spain,ESP,1995,4.93312981829399,4.67380337624704,614609020549.7732,39724050
Spain,ESP,1996,3.53325728481559,3.55884559338558,642588992512.807,39889852
Spain,ESP,1997,2.46503206860238,1.97107395582926,590077272727.2727,40057389
Spain,ESP,1998,2.63477987904869,1.8343299990841,619214834614.0995,40223509
Spain,ESP,1999,2.61858050951042,2.31034813987067,634907542858.3025,40386875
Spain,ESP,2000,3.41275215199308,3.43351563418767,598363313494.9032,40567864
Spain,ESP,2001,4.16231329368432,3.58983413338112,627830029412.2054,40850412
Spain,ESP,2002,4.09170223216766,3.06565685902219,708756677088.6287,41431558
Spain,ESP,2003,4.00396565634753,3.03888839396655,907491523174.1156,42187645
Spain,ESP,2004,3.91166579007734,3.03924881090925,1069055675273.748,42921895
Spain,ESP,2005,4.21292347607995,3.36881409750383,1153715822717.5093,43653155
Spain,ESP,2006,4.07248877016583,3.51557576832128,1260398977831.763,44397319
Spain,ESP,2007,3.56123410802316,2.78679745804946,1474002579820.0046,45226803
Spain,ESP,2008,2.45204362701759,4.07534335957339,1631863493552.3433,45954106
Spain,ESP,2009,0.231283094273067,-0.28781308353524,1491472923706.6396,46362946
Spain,ESP,2010,0.292837726232122,1.79986457728769,1422108199783.3362,46576897
Spain,ESP,2011,-0.145958716781735,3.1961018883379,1480710495710.1196,46742697
Spain,ESP,2012,-0.202955006065054,2.44612782366809,1324750738725.0002,46773055
Spain,ESP,2013,0.438174975884493,1.40858109183019,1355579535912.5527,46604197
Spain,ESP,2014,-0.220686783271887,-0.151114837527235,1371820537888.6226,46460733
Spain,ESP,2015,0.55244184266985,-0.500365709903242,1196156971279.6868,46422303
Spain,ESP,2016,0.372182498532794,-0.202598000426452,1233554967011.6765,46458139
Spain,ESP,2017,1.25794431599297,1.95607633363963,1313245330197.6494,46571232
Spain,ESP,2018,1.18735474303686,1.6749813686379,1421702715218.038,46782011
Spain,ESP,2019,1.42867121354817,0.699518994458739,1394320055129.4094,47118501
Spain,ESP,2020,1.133914569064,-0.322753017299739,1278128867875.49,47359424
Spain,ESP,2021,2.55611238398019,3.0931351197642,1445651653604.628,47443821
Spain,ESP,2022,4.71187418437,8.39057634118627,1417800466262.6514,47786102
Spain,ESP,2023,6.23528003904008,3.53236133492433,1580694712515.714,48352528
,ESP,2024,,2.77417826534772,,48848840
,EST,1980,,,,1477219
,EST,1981,,,,1487666
,EST,1982,,,,1498414
,EST,1983,,,,1508745
,EST,1984,,,,1518617
,EST,1985,,,,1528781
,EST,1986,,,,1540190
,EST,1987,,,,1552221
,EST,1988,,,,1561900
,EST,1989,,,,1568131
,EST,1990,,,,1569174
Estonia,EST,1991,132.570428952057,,,1561314
Estonia,EST,1992,873.642867607682,,,1533091
Estonia,EST,1993,84.8055269927093,89.8119490277275,4013091682.2914,1494128
Estonia,EST,1994,39.6690078143541,47.6546906187628,4123011419.741738,1462514
Estonia,EST,1995,31.4085715427654,28.7766137208514,4502970889.063729,1436634
Estonia,EST,1996,22.5394806026753,23.050343349517,4786018988.16491,1415594
Estonia,EST,1997,9.92247771949688,10.5818789322146,5154420649.233543,1399535
Estonia,EST,1998,6.89449237617879,8.20833333333298,5674080542.885749,1386156
Estonia,EST,1999,6.46102085897536,3.29611089718909,5756912265.758092,1390244
Estonia,EST,2000,3.68470593171919,4.01848952508763,5686579747.535244,1396985
Estonia,EST,2001,6.84871455238316,5.74827981651373,6254649538.984872,1388115
Estonia,EST,2002,4.80387872898523,3.57191270164027,7367975887.727229,1379350
Estonia,EST,2003,3.88938600534479,1.33499116549955,9874013098.464315,1370720
Estonia,EST,2004,4.68946479782957,3.04811107523416,12145911801.242235,1362550
Estonia,EST,2005,5.92389032127517,4.07971423199849,14106790200.223852,1354775
Estonia,EST,2006,8.97863858720744,4.43762042389213,17022870405.218918,1346810
Estonia,EST,2007,12.3541662792359,6.60132603055637,22449129482.617023,1340680
Estonia,EST,2008,6.79511028249959,10.3623580313683,24341678628.973194,1337090
Estonia,EST,2009,-0.3876296370875,-0.0784083112809768,19633031397.610447,1334515
Estonia,EST,2010,1.81654195519067,2.97204512015694,19523477325.623463,1331475
Estonia,EST,2011,5.5391726685742,4.9819013145361,23213994093.463085,1327439
Estonia,EST,2012,4.2055273670252,3.93339987296985,23019150071.18673,1322696
Estonia,EST,2013,4.12395305572544,2.78056658954988,25115753366.111443,1317997
Estonia,EST,2014,2.8565454191879,-0.10617514652171,26634083965.09873,1314545
Estonia,EST,2015,1.3064346804756,-0.49232600654737,22890762090.15077,1315407
Estonia,EST,2016,2.43852995890495,0.148684907627373,24072829276.77438,1315790
Estonia,EST,2017,3.74109667289247,3.41723549488054,26924385103.06593,1317384
Estonia,EST,2018,4.84907777388747,3.43632688420446,30624720196.229,1321977
Estonia,EST,2019,3.82267611749334,2.27725931243522,31290453293.545048,1326898
Estonia,EST,2020,0.753341077907294,-0.44453109767983,31330419851.148724,1329522
Estonia,EST,2021,5.37232915617214,4.65316673847473,36864792511.63506,1330932
Estonia,EST,2022,15.7824225083313,19.3982634080616,37921480881.54295,1348840
Estonia,EST,2023,8.05478314709862,9.15922507983982,40744848827.95366,1370286
,EST,2024,,3.52056053296586,,1372341
Ethiopia,ETH,1980,0.0490553737813855,4.48253780600435,7012585454.122029,34428514
Ethiopia,ETH,1981,2.56587809392698,6.13596718680434,7507663566.429711,35304012
Ethiopia,ETH,1982,4.27053150514401,5.89006107723961,7899988840.677295,36701290
Ethiopia,ETH,1983,2.70287832316373,-0.675378064854718,8781664426.870241,37740817
Ethiopia,ETH,1984,-2.73397994496814,8.41727378312053,8298309580.509033,38735722
Ethiopia,ETH,1985,31.7877631815803,19.0646851444406,9717392686.732803,39842136
Ethiopia,ETH,1986,-5.27315545606365,-9.80876507050661,10094328897.858795,41037656
Ethiopia,ETH,1987,-6.11949199614268,-2.42867248283368,10790001557.867151,42460039
Ethiopia,ETH,1988,3.10550371429636,7.08071532141089,11181119717.64575,44150825
Ethiopia,ETH,1989,5.58473189935049,7.81730118223048,11762932007.237007,45879690
Ethiopia,ETH,1990,3.27137461018934,5.15248124174767,12478943894.931547,47609755
Ethiopia,ETH,1991,19.0842902283411,35.7225982298715,13799799323.6715,49717198
Ethiopia,ETH,1992,15.5322258683715,10.5274440119592,10754799036.574486,51853747
Ethiopia,ETH,1993,13.3768642296366,3.54306596166032,9051043870.121964,53708891
Ethiopia,ETH,1994,2.93108171424225,7.59387600185337,7100806753.929418,55611508
Ethiopia,ETH,1995,12.706369018741,10.0221733553239,7855205206.934051,57537335
Ethiopia,ETH,1996,0.239138038731895,-8.48424868948825,8761215548.486143,59467635
Ethiopia,ETH,1997,0.20665555091621,2.39520958083829,8803539988.332483,61404539
Ethiopia,ETH,1998,-0.150146937642802,0.894801693964107,8013274131.697146,63363524
Ethiopia,ETH,1999,2.22272309261969,7.94144864137325,7892973531.800449,65374561
Ethiopia,ETH,2000,6.79999995365581,0.662458109266482,8242349617.863803,67411494
Ethiopia,ETH,2001,-5.7553353403771,-8.23784453391137,8231326016.47494,69487762
Ethiopia,ETH,2002,-3.62143421303298,0.675089102170801,7850809498.168027,71635517
Ethiopia,ETH,2003,12.7679783276093,13.6740452028272,8623691300.040789,73832663
Ethiopia,ETH,2004,3.91136245621962,3.32737047894847,10131187261.442078,76077206
Ethiopia,ETH,2005,9.87551191119556,9.96997123512892,12401139453.973831,78367470
Ethiopia,ETH,2006,11.5523498044968,12.2994763114825,15280861834.602404,80703490
Ethiopia,ETH,2007,17.2205794805554,17.2404008340898,19707616772.79964,83103217
Ethiopia,ETH,2008,30.3116730814218,44.3566858766952,27066912635.222847,85543668
Ethiopia,ETH,2009,24.1464152909465,8.48364404530282,32437389116.03801,88007636
Ethiopia,ETH,2010,1.44457231740674,8.14926402965082,29933790334.34179,90538514
Ethiopia,ETH,2011,20.061875081957,33.2499598823344,31952763089.330025,93149970
Ethiopia,ETH,2012,33.5414050179965,23.600417677317,43310721414.08288,95798767
Ethiopia,ETH,2013,4.90197929907841,7.46402192944517,47648276605.01232,98438751
Ethiopia,ETH,2014,10.9817882908686,6.89001951597192,55612228233.51786,101115610
Ethiopia,ETH,2015,10.8365427789744,9.56889955968623,64589328550.5953,103867135
Ethiopia,ETH,2016,10.3979255406466,6.62813337230924,74296745207.87209,106718162
Ethiopia,ETH,2017,6.67685508319342,10.6871150284238,81770886825.60477,109666481
Ethiopia,ETH,2018,12.3822948123876,13.8330356586661,84269196625.8784,112664152
Ethiopia,ETH,2019,12.8603968185939,15.8096321719344,95912607722.3032,115737383
Ethiopia,ETH,2020,18.2545902876571,20.3563468559061,107657734392.44585,118917671
Ethiopia,ETH,2021,21.7632640675501,26.8395221557722,111261882958.4261,122138588
Ethiopia,ETH,2022,34.6673530169267,33.8898797100898,126772703047.70145,125384287
Ethiopia,ETH,2023,33.0206928816945,30.2188278135278,163697927593.98236,128691692
,ETH,2024,,,,132059767
European Union,EUU,1980,11.5460875957997,12.9114423266382,3314876480855.165,407986180
European Union,EUU,1981,9.64403651441641,11.7673874344181,2893850859545.1084,409724709
European Union,EUU,1982,9.56671693933312,9.58492764677445,2792072843193.838,410988238
European Union,EUU,1983,7.08601825197655,8.66927159808522,2714737320293.103,412072128
European Union,EUU,1984,6.35544784394037,7.67380262247321,2615737658425.7446,412998350
European Union,EUU,1985,5.20560060395994,5.39548620170352,2690005731428.4644,413962998
European Union,EUU,1986,3.94646516339655,3.67818411863452,3755825284547.248,415087013
European Union,EUU,1987,3.45665930097816,4.01999345683163,4642293245437.36,416296769
European Union,EUU,1988,3.2200032633781,4.5351330101572,5096307310101.018,417653885
European Union,EUU,1989,5.1768962805462,6.25983137956977,5205659077752.17,419102379
European Union,EUU,1990,4.29693432150139,6.1495653117985,6509870874516.407,420525030
European Union,EUU,1991,8.24678886435936,5.48474391592014,6733632573117.18,421741276
European Union,EUU,1992,6.71077131655223,6.21737539647154,7392186357757.624,422968989
European Union,EUU,1993,5.97276445786341,4.85416666666693,6751222891775.616,424344744
European Union,EUU,1994,5.27098234276015,4.71841373967329,7155503335744.4,425404352
European Union,EUU,1995,8.67596696980783,4.42664550286654,8296091250458.225,426210050
European Union,EUU,1996,3.78355783251419,3.55884559338558,8431591142243.404,426905134
European Union,EUU,1997,3.8852081927907,3.11207791953272,7733843716226.577,427547651
European Union,EUU,1998,3.31320622186908,2.40768094534715,7969880727935.9795,428120105
European Union,EUU,1999,2.61858050951042,2.15717918055059,7925844560641.681,428825949
European Union,EUU,2000,3.27013375083118,3.15076707022592,7276390686987.554,429339162
European Union,EUU,2001,3.66029355253119,3.37396832213867,7393611976746.923,429909307
European Union,EUU,2002,2.95365633626594,2.42443661219697,8083519738170.341,430924112
European Union,EUU,2003,2.28608674769211,2.09199838997655,9932134719712.14,432512916
European Union,EUU,2004,2.96881074959956,2.28621706801675,11418900282600.477,434193248
European Union,EUU,2005,2.62309460808356,2.48769665164088,11910069053861.59,435789139
European Union,EUU,2006,2.8955395734697,2.66631494577069,12712635655986.71,437263803
European Union,EUU,2007,2.9663454228881,2.5106656524034,14727520908988.871,438796003
European Union,EUU,2008,3.37328382552511,4.16497193524764,16295391110313.398,440270719
European Union,EUU,2009,1.73939285831332,0.839262246793887,14762842568792.768,441388573
European Union,EUU,2010,0.920113149429753,1.53112270420926,14556122142376.72,442088310
European Union,EUU,2011,1.66934505042573,3.28944939564211,15765158666571.166,441414078
European Union,EUU,2012,1.70237984690991,2.66284165508021,14641634844097.45,442069839
European Union,EUU,2013,1.1449273315191,1.21999342274306,15294853937310.535,442425741
European Union,EUU,2014,0.902550731497669,0.19934382657075,15651372745918.604,442920819
European Union,EUU,2015,1.23453645747557,-0.0616446800641672,13553897260141.035,443793218
European Union,EUU,2016,0.885483330309867,0.18333486112386,13888833465037.94,444676652
European Union,EUU,2017,1.4999372190243,1.42910743319306,14765880176508.232,445321060
European Union,EUU,2018,1.98705887836203,1.7386086198818,15981445869808.93,446329890
European Union,EUU,2019,2.33858818675805,1.63052260754344,15694050310523.12,446910453
European Union,EUU,2020,2.03874603854945,0.476498852725066,15381418584246.09,446870959
European Union,EUU,2021,2.7426355945688,2.55450699642041,17315127119106.46,446227358
European Union,EUU,2022,6.68855378219979,8.83369886749452,16761496590765.22,447202673
European Union,EUU,2023,6.4069165256975,6.29942487419125,18349388450765.61,448897545
,EUU,2024,,,,450228188
Fragile and conflict affected situations,FCS,1980,14.5016530267492,,382755054625.3309,385675261
Fragile and conflict affected situations,FCS,1981,10.0478587441753,,512808130778.4705,393958598
Fragile and conflict affected situations,FCS,1982,7.50330463052104,,487187691901.7528,402886924
Fragile and conflict affected situations,FCS,1983,7.79998461098248,,421776651429.2117,412313057
Fragile and conflict affected situations,FCS,1984,10.9223174690125,,382295044281.8084,422123181
Fragile and conflict affected situations,FCS,1985,3.68577732067554,,389797449491.5676,432271865
Fragile and conflict affected situations,FCS,1986,2.45388100758986,,357218736728.34863,442386405
Fragile and conflict affected situations,FCS,1987,7.18936131433018,,359768873805.4594,452678880
Fragile and conflict affected situations,FCS,1988,7.11941171823315,,389154194377.4249,463045466
Fragile and conflict affected situations,FCS,1989,5.9606552478372,,382426616750.5502,473853393
Fragile and conflict affected situations,FCS,1990,7.60211265142119,,550431826024.048,486723712
Fragile and conflict affected situations,FCS,1991,7.84519753162868,11.8960953011251,386525300417.9943,497970454
Fragile and conflict affected situations,FCS,1992,13.1643989740148,10.5274440119592,345171861552.7484,510691966
Fragile and conflict affected situations,FCS,1993,7.74264567579905,10.3764499263591,351215280928.5724,524592905
Fragile and conflict affected situations,FCS,1994,22.0801504946047,30.1361690354713,353240292006.1537,539513196
Fragile and conflict affected situations,FCS,1995,10.288490712873,18.2351683274844,431762560996.372,554041514
Fragile and conflict affected situations,FCS,1996,10.8147673197391,11.4775285982865,466440871846.8599,566796346
Fragile and conflict affected situations,FCS,1997,6.5777461890281,7.08700591205709,522326775784.8459,579354582
Fragile and conflict affected situations,FCS,1998,5.82596786650716,5.9765085214186,536100031620.824,592889780
Fragile and conflict affected situations,FCS,1999,7.78968740549679,4.84353158826397,400171162201.28033,607064140
Fragile and conflict affected situations,FCS,2000,9.77706144512396,3.82260088086307,468035986782.2404,621080692
Fragile and conflict affected situations,FCS,2001,6.55411843600844,5.37080293380438,458017480633.7693,635481068
Fragile and conflict affected situations,FCS,2002,5.25374127819229,4.70579123746034,446928936249.04126,651226758
Fragile and conflict affected situations,FCS,2003,6.80044175915803,5.48825363407078,470617921462.8467,667644273
Fragile and conflict affected situations,FCS,2004,5.79426460544603,3.28244220949084,596965322028.1152,684007365
Fragile and conflict affected situations,FCS,2005,10.072132103637,7.28550640490917,755160909781.5892,700820603
Fragile and conflict affected situations,FCS,2006,7.46134453965777,6.73993060387505,945955284127.61,717975893
Fragile and conflict affected situations,FCS,2007,7.03666107458216,4.61743772241997,1159333496786.8708,735110300
Fragile and conflict affected situations,FCS,2008,9.50278364771555,11.5810751748252,1481946186150.486,753058095
Fragile and conflict affected situations,FCS,2009,1.86213189302369,4.07548080120172,1342728724357.1533,772015937
Fragile and conflict affected situations,FCS,2010,6.39240138953099,3.48050763735842,1593981100293.4824,791371804
Fragile and conflict affected situations,FCS,2011,8.58039895814788,5.44202470487835,1664321553843.8586,810972272
Fragile and conflict affected situations,FCS,2012,5.89315892251292,5.91200602491155,1861813804786.7688,831065598
Fragile and conflict affected situations,FCS,2013,2.93476376578086,4.26135250941963,1935544489353.464,851404936
Fragile and conflict affected situations,FCS,2014,2.01421263022257,2.33445774751952,2053788945066.257,871345375
Fragile and conflict affected situations,FCS,2015,2.87358724902536,2.676235314199,1617323277101.4702,890869511
Fragile and conflict affected situations,FCS,2016,2.35601152773487,3.19056179723773,1490633651211.6812,910836458
Fragile and conflict affected situations,FCS,2017,4.97709135296878,4.18072331871267,1549712150984.0945,931222867
Fragile and conflict affected situations,FCS,2018,4.99499373120171,2.96760366004456,1735183810120.2507,951851595
Fragile and conflict affected situations,FCS,2019,4.1352478990478,2.45280214062732,1842154935322.1772,973035228
Fragile and conflict affected situations,FCS,2020,2.69628145077427,2.8981937602627,1690930063237.8928,994901090
Fragile and conflict affected situations,FCS,2021,8.86671534219447,4.25936417542868,1796274437015.5234,1016906998
Fragile and conflict affected situations,FCS,2022,10.6137918253156,9.39383877456591,1950006457159.664,1036390026
Fragile and conflict affected situations,FCS,2023,4.65972285962381,5.88585897042164,1906801170087.862,1057033168
,FCS,2024,,,,1081767572
Finland,FIN,1980,9.63558475499855,11.5946192492107,53645202422.696846,4779535
Finland,FIN,1981,11.6354561628355,11.3057566509548,52448332874.06999,4799964
Finland,FIN,1982,9.06356491127451,9.58492764677445,52797582336.25263,4826933
Finland,FIN,1983,8.1953419424454,8.3662926064564,50973526900.0854,4855787
Finland,FIN,1984,8.45394099682667,7.06765638328172,52888800949.74278,4881803
Finland,FIN,1985,5.22487167918457,5.19562195429435,55875863392.17191,4902206
Finland,FIN,1986,4.75828759308494,2.93357920442327,73531550551.25499,4918154
Finland,FIN,1987,4.29236891626992,4.11302886205058,91594751792.2359,4932123
Finland,FIN,1988,7.6841988693039,5.08592861394881,109058990760.48328,4946481
Finland,FIN,1989,6.53423246129152,6.59290980189131,119012054870.44478,4964371
Finland,FIN,1990,5.19722514481586,6.1495653117985,141438345513.91696,4986431
Finland,FIN,1991,1.51635684828581,4.31021289843465,127773856785.76678,5013740
Finland,FIN,1992,0.893691971646305,2.91932319285011,112532519246.08444,5041992
Finland,FIN,1993,1.76544118292692,2.19065319556437,89214114708.0254,5066447
Finland,FIN,1994,1.84497601650619,1.08855677589405,103299943084.80363,5088333
Finland,FIN,1995,4.20145575362174,0.791239406938498,134189814814.8148,5107790
Finland,FIN,1996,-0.0813569405569581,0.629194238120966,132129174216.92986,5124573
Finland,FIN,1997,2.0855227646978,1.19255883425839,126912152101.70656,5139835
Finland,FIN,1998,3.10399474147719,1.3994737857984,134038718291.05472,5153498
Finland,FIN,1999,0.931413214333105,1.16223155669444,135264083658.68756,5165474
Finland,FIN,2000,1.6373922792211,3.04210080667795,126019543413.3336,5176209
Finland,FIN,2001,3.30463098190734,2.57844080098896,129533107311.8112,5188008
Finland,FIN,2002,0.943133381955889,1.5712201278938,140404460203.1375,5200598
Finland,FIN,2003,0.189983210669325,0.877440386254785,171652458349.4114,5213014
Finland,FIN,2004,0.602239824535914,0.187120559084418,197479443979.1511,5228172
Finland,FIN,2005,0.929374203846905,0.623874450025191,204885494686.38123,5246096
Finland,FIN,2006,0.920180249520939,1.56666380704386,217089269791.7644,5266268
Finland,FIN,2007,2.75439823049277,2.5106656524034,256378067752.15768,5288720
Finland,FIN,2008,3.03758643288272,4.06595355358379,285716311136.7187,5313399
Finland,FIN,2009,1.77522532415489,-9.17360384430342e-07,253497520828.51544,5338871
Finland,FIN,2010,0.348873130171754,1.18413523154646,249424310816.66714,5363352
Finland,FIN,2011,2.60092822778056,3.41680754255211,275604356167.31573,5388272
Finland,FIN,2012,2.9453461844269,2.80833622561574,258290060227.73444,5413971
Finland,FIN,2013,2.56139416275289,1.4782861568881,271362405890.589,5438972
Finland,FIN,2014,1.64467040761917,1.04119621178439,274862826772.15588,5461512
Finland,FIN,2015,1.63270263049233,-0.207928839905268,234534382384.7655,5479531
Finland,FIN,2016,0.055195317210746,0.356684500891695,240771351298.83328,5495303
Finland,FIN,2017,0.836045810858835,0.754015047084346,255647979916.47104,5508214
Finland,FIN,2018,1.98705887836203,1.08382098409305,275708001767.84296,5515525
Finland,FIN,2019,1.48185905545748,1.02409392963431,268514916972.54855,5521606
Finland,FIN,2020,1.63841612956087,0.290554555653239,271886077382.10196,5529543
Finland,FIN,2021,2.43461236911682,2.19457432340007,296470417085.26654,5541017
Finland,FIN,2022,5.44943422380896,7.12350773301402,281887430795.72095,5556106
Finland,FIN,2023,3.91351734729513,6.25064322154763,300187202696.08374,5583911
,FIN,2024,,1.56568906231616,,5619911
Fiji,FJI,1980,17.3117044849994,14.4928744064522,1202618816.2085173,641975
Fiji,FJI,1981,0.959090008847639,11.1806667637621,1235626770.5092397,657471
Fiji,FJI,1982,12.1398728842098,7.03155689389481,1194059943.224777,673414
Fiji,FJI,1983,6.81675534807442,6.70418399801423,1123085190.065092,689835
Fiji,FJI,1984,3.00749629592522,5.29121761072427,1178000677.9992924,706716
Fiji,FJI,1985,8.21525467770266,4.42097239621915,1141168943.976615,723761
Fiji,FJI,1986,3.05129777894703,1.79884248433802,1290267339.650056,739306
Fiji,FJI,1987,7.3400103804891,5.66377475855222,1177947965.1214206,750540
Fiji,FJI,1988,7.32801562142799,11.7583268783888,1110009522.7574325,758697
Fiji,FJI,1989,2.84829647736035,6.18935403382355,1182660265.766352,766321
Fiji,FJI,1990,6.67946936480652,8.19137132040974,1337017559.4972816,773316
Fiji,FJI,1991,5.9931316401638,6.49734555984545,1383883249.5910022,779656
Fiji,FJI,1992,6.30667197803403,4.88302271568611,1532411039.0547917,785346
Fiji,FJI,1993,7.23734503815423,5.20658925195765,1636101246.9394045,790369
Fiji,FJI,1994,0.828038046046402,0.816666666667029,1825732092.5467432,794771
Fiji,FJI,1995,1.1304145642476,2.16564721441535,1970301486.205614,798746
Fiji,FJI,1996,2.86844229991495,3.05016181229799,2128696643.6257396,803789
Fiji,FJI,1997,3.2900559949147,3.36814006437941,2090221137.0287635,812139
Fiji,FJI,1998,7.44795342675249,5.7116816041312,1653146716.5823526,822258
Fiji,FJI,1999,6.73182094422087,1.96867366000919,1936459986.0379517,831828
Fiji,FJI,2000,-4.71987387917059,1.09216459977388,1678219507.898291,840909
Fiji,FJI,2001,3.24539621003876,4.27267024465105,1652462023.4621494,849596
Fiji,FJI,2002,3.2664474825379,0.762032085561193,1833279985.367415,858049
Fiji,FJI,2003,7.70277935731754,4.17274777763036,2300492465.322761,866286
Fiji,FJI,2004,2.19400859215372,2.827485193912,2708078476.630121,874366
Fiji,FJI,2005,6.64518598144788,2.36576453830435,2980403844.72096,882379
Fiji,FJI,2006,3.74675881881485,2.49083638787079,3076305452.8650646,890365
Fiji,FJI,2007,3.02445641038638,4.80370641306989,3378314599.764019,897832
Fiji,FJI,2008,2.15811881653597,7.73227857918417,3523185919.558261,903399
Fiji,FJI,2009,1.39069502079087,3.13103559015965,2870624635.68032,907239
Fiji,FJI,2010,4.22978499907929,3.68901229670766,3140166712.796239,910419
Fiji,FJI,2011,9.39134051859072,7.27811782708494,3779411899.374834,912989
Fiji,FJI,2012,3.57651352093811,3.4233752340198,3972028104.473284,914918
Fiji,FJI,2013,3.62129654202479,2.91354193604001,4189967998.514236,916352
Fiji,FJI,2014,12.505405677962,0.519306474579194,4857104768.868437,917585
Fiji,FJI,2015,2.53089897431484,1.37488542621438,4682479893.975582,918578
Fiji,FJI,2016,2.6333258273187,3.86322538221269,4930213644.366533,919166
Fiji,FJI,2017,1.69845734775171,3.3475783475784,5353469174.478379,918759
Fiji,FJI,2018,1.42571827219933,4.08147637644526,5581425327.443973,917180
Fiji,FJI,2019,1.54802217867768,1.77310182460282,5444407198.134784,914899
Fiji,FJI,2020,-1.48397938044806,-2.5952432588738,4432466219.876845,914963
Fiji,FJI,2021,-2.51306312524909,0.155855722131516,4305031649.741891,916711
Fiji,FJI,2022,2.44798502613514,4.52019266394958,4979979531.272499,919422
Fiji,FJI,2023,4.09957635834306,2.14817440623896,5494797540.733647,924145
,FJI,2024,,,,928784
France,FRA,1980,11.5460875957997,13.5625788483016,701288419745.4207,55274184
France,FRA,1981,11.4807760092908,13.3144055680071,615552202776.1013,55603353
France,FRA,1982,12.0327133814844,11.9784719523806,584877732308.6136,55806789
France,FRA,1983,9.61253714180559,9.45954847235318,559869179791.7205,56108330
France,FRA,1984,7.07327478256023,7.67380262247321,530683779929.4453,56383085
France,FRA,1985,5.50414182296473,5.83109973854516,553138414367.0609,56665619
France,FRA,1986,5.23941496295419,2.53852591781417,771470783218.1078,56956002
France,FRA,1987,2.47028257688491,3.28889821400133,934173305685.9108,57266167
France,FRA,1988,3.1790302790849,2.70081527508113,1018847043277.172,57598186
France,FRA,1989,3.18399405782006,3.49830220700749,1025211803413.5308,57943062
France,FRA,1990,2.66599579433542,3.19428338029475,1269179616913.625,58261012
France,FRA,1991,2.45511569925027,3.21340732409687,1269276828275.782,58554242
France,FRA,1992,2.02035040415917,2.36376046269353,1401465923172.243,58846584
France,FRA,1993,1.55772422547776,2.10446277124644,1322815612694.0005,59103094
France,FRA,1994,0.952852903500798,1.65551532926993,1393982750472.5898,59324863
France,FRA,1995,1.15064620338234,1.79648142095595,1601094756209.7517,59541294
France,FRA,1996,1.31735745569613,1.98288365089738,1605675086549.5576,59754504
France,FRA,1997,0.874762049430444,1.20394294026962,1452884917959.0918,59968066
France,FRA,1998,0.908513581248286,0.651126867833049,1503108739159.4397,60190684
France,FRA,1999,0.220167706517472,0.537141639134645,1493151737698.459,60501986
France,FRA,2000,1.41757330609269,1.67595988720927,1365639660792.1597,60918661
France,FRA,2001,1.90239798365953,1.63478079549601,1377657339291.3403,61364377
France,FRA,2002,2.06427794390869,1.9234122872706,1501409382971.3752,61812142
France,FRA,2003,1.80137945300186,2.09847219146923,1844544792036.859,62249855
France,FRA,2004,1.63363926345291,2.14208964640241,2119633181634.3684,62707588
France,FRA,2005,1.96210340238625,1.74586936380482,2196945232435.7969,63180854
France,FRA,2006,1.99737950119192,1.67512449608723,2320536221304.7026,63622342
France,FRA,2007,2.38503022478749,1.4879980595386,2660591246211.7734,64016890
France,FRA,2008,2.30079919814972,2.81286194914787,2930303780828.1245,64375116
France,FRA,2009,0.10596110398285,0.0876204781574552,2700887366932.0293,64706436
France,FRA,2010,1.0894464568955,1.53112270420926,2645187882116.672,65026211
France,FRA,2011,0.851478332211457,2.11159795174994,2865157541994.169,65340830
France,FRA,2012,1.08204689479506,1.9541953161351,2683671716967.188,65657659
France,FRA,2013,0.747875807739717,0.863715497861805,2811876903329.028,65997932
France,FRA,2014,0.570795063645548,0.50775882293799,2855964488590.186,66312067
France,FRA,2015,1.13444010309355,0.0375143805125182,2439188643162.4985,66548272
France,FRA,2016,0.517258225639353,0.18333486112386,2472964344587.165,66724104
France,FRA,2017,0.586343167177745,1.03228275064662,2595151045197.6514,66918020
France,FRA,2018,1.11459330798793,1.85081508315502,2790956878746.665,67158348
France,FRA,2019,1.21052307126166,1.10825492288294,2728870246705.878,67382061
France,FRA,2020,2.9779787161909,0.476498852725066,2647418691598.4507,67601110
France,FRA,2021,1.22181611014376,1.64233141038385,2959355819170.495,67842811
France,FRA,2022,3.22063217116909,5.22236748369735,2779092236505.847,68184457
France,FRA,2023,5.30357175264875,4.87835726508441,3030904089607.8965,68372286
,FRA,2024,,1.99904942291463,,68551653
,FRO,1980,,,493014300.0052165,43072
,FRO,1981,,,456244919.0109115,43626
,FRO,1982,,,444047495.3200994,44171
,FRO,1983,,,486605127.7026814,44670
,FRO,1984,,,426008864.6921691,45141
,FRO,1985,,,459307281.1953352,45707
,FRO,1986,,,688914288.8782983,46131
,FRO,1987,,,886508622.3343158,46701
,FRO,1988,,,968576956.9302646,47355
,FRO,1989,,,871935350.3849087,47958
,FRO,1990,,,960805408.9498718,47740
,FRO,1991,,,909253214.8260804,47447
,FRO,1992,,,912670413.3258826,47287
,FRO,1993,,,760957189.7576457,46474
,FRO,1994,,,758739178.6121707,44695
,FRO,1995,,,901404709.830684,43611
,FRO,1996,,,989536914.6590806,43581
,FRO,1997,,,933763083.395627,44132
,FRO,1998,,,1104744235.3011053,44674
,FRO,1999,,,1127684827.356857,45146
,FRO,2000,,,1067109530.6479754,45754
,FRO,2001,,,1160268212.0729074,46635
,FRO,2002,,,1275093689.2710743,47335
,FRO,2003,,,1501941580.8890333,48032
,FRO,2004,,,1724770770.833928,48384
,FRO,2005,,,1759739599.2269354,48359
,FRO,2006,,,2017680834.8991675,48335
,FRO,2007,,,2339015313.295128,48378
,FRO,2008,,,2489873249.628148,48547
Faroe Islands,FRO,2009,1.59447437718794,,2296065170.055516,48791
Faroe Islands,FRO,2010,6.94863066561592,,2331796784.3600945,48657
Faroe Islands,FRO,2011,-0.952002297174914,,2505740669.270395,48543
Faroe Islands,FRO,2012,-2.40012352793522,,2427200388.918314,48291
Faroe Islands,FRO,2013,1.51621182344519,,2690110520.925476,48246
Faroe Islands,FRO,2014,2.67172494481022,,2914012679.272769,48428
Faroe Islands,FRO,2015,4.87854955309814,,2573905971.054594,48899
Faroe Islands,FRO,2016,7.86638738548197,,2813278868.782085,49464
Faroe Islands,FRO,2017,0.375894775177869,,2980057377.879666,50180
Faroe Islands,FRO,2018,-0.425379106897282,,3188600927.4668827,50996
Faroe Islands,FRO,2019,3.49989705671146,,3266432734.22819,51792
Faroe Islands,FRO,2020,-0.111554948657087,,3262045883.372933,52565
Faroe Islands,FRO,2021,2.02544410571137,,3655063937.931448,53296
Faroe Islands,FRO,2022,5.77914288280571,,3555929833.050505,53912
Faroe Islands,FRO,2023,4.0731868743961,,,54414
,FRO,2024,,,,54681
"Micronesia, Fed. Sts.",FSM,1980,14.7553918999087,,64186644.25352939,77407
"Micronesia, Fed. Sts.",FSM,1981,8.58260113330904,,76472529.4117647,79794
"Micronesia, Fed. Sts.",FSM,1982,7.50330463052104,,80055705.882353,82219
"Micronesia, Fed. Sts.",FSM,1983,3.07542948670661,,84110352.9411765,84680
"Micronesia, Fed. Sts.",FSM,1984,4.81547619711861,,84676117.6470588,87176
"Micronesia, Fed. Sts.",FSM,1985,3.28435878881075,,101931941.176471,89707
"Micronesia, Fed. Sts.",FSM,1986,1.94843660947157,,112210000.0,92266
"Micronesia, Fed. Sts.",FSM,1987,2.76845107987515,,116700000.0,94844
"Micronesia, Fed. Sts.",FSM,1988,4.19924612786107,,124700000.0,97097
"Micronesia, Fed. Sts.",FSM,1989,4.72750458162685,,135200000.0,99003
"Micronesia, Fed. Sts.",FSM,1990,4.94965000222929,,147200000.0,100888
"Micronesia, Fed. Sts.",FSM,1991,5.10137122070229,,166200000.0,102754
"Micronesia, Fed. Sts.",FSM,1992,3.0305665110865,,178100000.0,104806
"Micronesia, Fed. Sts.",FSM,1993,3.01222130656562,,198400000.0,107066
"Micronesia, Fed. Sts.",FSM,1994,2.61503131184722,,202500000.0,109075
"Micronesia, Fed. Sts.",FSM,1995,2.247767526139,,221575300.0,110230
"Micronesia, Fed. Sts.",FSM,1996,1.86960440830831,,218534700.0,110710
"Micronesia, Fed. Sts.",FSM,1997,0.651203193092726,,206626300.0,111071
"Micronesia, Fed. Sts.",FSM,1998,2.9912468251144,,218873100.0,111377
"Micronesia, Fed. Sts.",FSM,1999,-0.784597582283723,,220140500.0,111680
"Micronesia, Fed. Sts.",FSM,2000,1.07890621048246,2.15851810619419,233271800.0,112044
"Micronesia, Fed. Sts.",FSM,2001,1.10884683902268,0.502497351294027,240970900.0,112365
"Micronesia, Fed. Sts.",FSM,2002,0.0941828893132595,-0.111442426432945,242517200.0,112448
"Micronesia, Fed. Sts.",FSM,2003,-0.364125356444902,0.126643348208903,245432900.0,112285
"Micronesia, Fed. Sts.",FSM,2004,0.99330611340207,2.27669698247304,240236000.0,111925
"Micronesia, Fed. Sts.",FSM,2005,2.0969946720524,4.25769978210942,250281900.0,111412
"Micronesia, Fed. Sts.",FSM,2006,1.38470893905473,4.63737008585635,253541900.0,110729
"Micronesia, Fed. Sts.",FSM,2007,3.17445993547543,3.30634278002699,256787200.0,109880
"Micronesia, Fed. Sts.",FSM,2008,5.00497828605305,8.42372566246186,263145100.0,108936
"Micronesia, Fed. Sts.",FSM,2009,5.36161961358638,6.39360257735201,280284600.0,107957
"Micronesia, Fed. Sts.",FSM,2010,3.60298457333592,3.31370963136217,296944100.0,107540
"Micronesia, Fed. Sts.",FSM,2011,1.59563243436212,5.08259403890371,311301600.0,107698
"Micronesia, Fed. Sts.",FSM,2012,7.12250101573797,5.01850353045616,327248700.0,107890
"Micronesia, Fed. Sts.",FSM,2013,0.636944648983501,1.75232737350762,317214400.0,108121
"Micronesia, Fed. Sts.",FSM,2014,3.02389423731965,0.650284891767944,319271200.0,108396
"Micronesia, Fed. Sts.",FSM,2015,-5.25035878326008,-0.2981158373807,316489900.0,108716
"Micronesia, Fed. Sts.",FSM,2016,2.19417711945734,-1.03746806405349,325000000.0,109075
"Micronesia, Fed. Sts.",FSM,2017,9.55981161695448,0.58225373525489,359000000.0,109481
"Micronesia, Fed. Sts.",FSM,2018,9.19220055710306,1.49840023593737,392000000.0,109909
"Micronesia, Fed. Sts.",FSM,2019,-3.4313725490196,1.92385170787923,394000000.0,110282
"Micronesia, Fed. Sts.",FSM,2020,-3.69543147208122,0.554594630853174,372000000.0,110916
"Micronesia, Fed. Sts.",FSM,2021,1.98318062005774,3.19128406597466,390000000.0,111624
"Micronesia, Fed. Sts.",FSM,2022,11.1211664152841,5.40874375479067,430000000.0,112114
"Micronesia, Fed. Sts.",FSM,2023,6.1442403402407,,460000000.0,112630
,FSM,2024,,,,113160
Gabon,GAB,1980,36.7811019659279,12.3403592565602,4279637942.251441,748389
Gabon,GAB,1981,10.4420666998509,8.70650214893005,3862269120.534972,768385
Gabon,GAB,1982,16.9036292452086,16.6857968797492,3618007841.1350255,789286
Gabon,GAB,1983,2.92484211564717,10.6719367588934,3391275731.5375123,811005
Gabon,GAB,1984,12.0102171085344,5.85714285714295,3561451560.507833,833501
Gabon,GAB,1985,-1.27605176980616,7.3549257759783,3339914757.2287188,856726
Gabon,GAB,1986,-20.8098140654884,6.28535512256451,3403638189.200494,880705
Gabon,GAB,1987,0.993283233261138,-0.946185688941441,3281797043.049957,905479
Gabon,GAB,1988,2.61513440157093,-8.77611940298511,3834503376.029924,931020
Gabon,GAB,1989,7.72802479114524,6.74083769633498,4186411463.8597536,957138
Gabon,GAB,1990,15.3581413902885,7.72532188841208,5952293764.84777,983734
Gabon,GAB,1991,-11.3661025319168,-11.6861126920888,5402919784.570041,1010818
Gabon,GAB,1992,0.213866958889213,-9.54291330336575,5592390827.398541,1038380
Gabon,GAB,1993,-0.509480779167674,0.533746556474191,4378645081.017691,1066405
Gabon,GAB,1994,46.5514429443013,36.1162456962985,4190819344.222549,1094720
Gabon,GAB,1995,1.33911548793357,9.64653104079616,4958845648.047782,1123213
Gabon,GAB,1996,13.5626767433953,0.689693377281638,5694040002.898627,1152015
Gabon,GAB,1997,0.946536838356195,3.973450075453,5326817114.535865,1181439
Gabon,GAB,1998,-17.7864014784402,1.44873854294598,4483417309.830112,1211736
Gabon,GAB,1999,19.191335888387,-1.93660397603626,4662992036.207296,1243016
Gabon,GAB,2000,28.0893435970034,0.504920025834859,5080483628.530126,1275572
Gabon,GAB,2001,-0.168658932431669,2.13762052701465,5023265413.2623,1309589
Gabon,GAB,2002,0.855807814236272,0.0366828893971394,5335451099.882229,1345135
Gabon,GAB,2003,-0.217120395730603,2.23535313551536,6511903365.475535,1382350
Gabon,GAB,2004,7.7652785346058,0.40820530743925,7770219008.212934,1421609
Gabon,GAB,2005,20.0944728946612,3.70833333333304,9582783990.853456,1463495
Gabon,GAB,2006,9.86813727770777,-1.4094013660098,10327598306.4575,1508337
Gabon,GAB,2007,4.23136164247251,5.03031883679951,12455409587.337095,1556237
Gabon,GAB,2008,20.4789590409741,5.26430145575285,15571348344.337933,1607175
Gabon,GAB,2009,-18.0745351045978,1.88570754577918,12113699068.251694,1661556
Gabon,GAB,2010,16.5643202141089,1.46154402720469,14372593020.288502,1719879
Gabon,GAB,2011,12.68122777311,1.26331707837421,18210307743.581623,1781985
Gabon,GAB,2012,-2.9419027036061,2.65241828695626,17170464016.059284,1846889
Gabon,GAB,2013,-6.15792493444491,0.505441058915615,17595744798.339832,1913059
Gabon,GAB,2014,-0.851390333321461,4.69045751826284,18203966895.84335,1978399
Gabon,GAB,2015,-8.92717245327955,-0.338795188753406,14383107762.695185,2040989
Gabon,GAB,2016,-4.26975397974572,2.10670712784054,14023890265.366455,2100306
Gabon,GAB,2017,3.82030214446843,2.65192583143902,14929487485.162275,2156900
Gabon,GAB,2018,7.17665749439934,4.74906652083221,16867326389.870382,2212318
Gabon,GAB,2019,1.54748519798422,2.46456756151187,16874405460.195469,2267706
Gabon,GAB,2020,-9.00986856172324,1.35276110675333,15314577167.821096,2322539
Gabon,GAB,2021,20.3384091824716,1.0869074651941,20217946921.20645,2376722
Gabon,GAB,2022,14.7583426834649,4.23124798274579,21071739227.94216,2430747
Gabon,GAB,2023,-9.96401107833999,3.62901534185376,20516134388.66078,2484789
,GAB,2024,,1.17311998381218,,2538952
United Kingdom,GBR,1980,19.703794651774,17.9659242656857,564947710899.3726,56314216
United Kingdom,GBR,1981,11.5692627872042,11.8766265142296,540765675241.1576,56333829
United Kingdom,GBR,1982,7.41877494736352,8.59886383332186,515048916841.3696,56313641
United Kingdom,GBR,1983,5.12280951460693,4.60930327269779,489618008185.5389,56332848
United Kingdom,GBR,1984,5.03004753284901,4.96071097821927,461487097632.349,56422072
United Kingdom,GBR,1985,5.51169792685467,6.07139434015119,489285164271.0472,56550268
United Kingdom,GBR,1986,4.33535601201969,3.42760940369314,601452653180.8854,56681396
United Kingdom,GBR,1987,5.44054902900768,4.14892232052945,745162608269.3251,56802050
United Kingdom,GBR,1988,6.13317335216676,4.15535171583102,910122732123.7992,56928327
United Kingdom,GBR,1989,7.9358621675329,5.76024909185262,926884816753.9268,57076711
United Kingdom,GBR,1990,7.88621808648455,8.06346090938833,1093169389204.5454,57247586
United Kingdom,GBR,1991,6.41908643098334,7.46178295746934,1142797178130.5117,57424897
United Kingdom,GBR,1992,3.32097926980548,4.59154929577461,1179659529659.5298,57580402
United Kingdom,GBR,1993,2.73304428192074,2.55857796929705,1061388722255.549,57718614
United Kingdom,GBR,1994,1.3936236157555,2.21901260504205,1140489745944.2915,57865745
United Kingdom,GBR,1995,11.489003169982,2.69749518304432,1344240176739.7822,58019030
United Kingdom,GBR,1996,4.13730557618139,2.85178236397749,1419645865834.6333,58166950
United Kingdom,GBR,1997,-0.146831248576987,2.20114313510882,1560911918795.023,58316954
United Kingdom,GBR,1998,1.2836573899996,1.82056163731557,1653694932096.7207,58487141
United Kingdom,GBR,1999,1.38086312770589,1.7529508005142,1687830448147.549,58682466
United Kingdom,GBR,2000,1.12168277632433,1.18295624210408,1665534876683.3103,58892514
United Kingdom,GBR,2001,1.51124724360405,1.53234960272418,1649827263567.007,59119673
United Kingdom,GBR,2002,2.11905123960993,1.52040245947455,1785729916067.1462,59370479
United Kingdom,GBR,2003,2.38704464690977,1.37650038542013,2054422857142.857,59647577
United Kingdom,GBR,2004,2.58863879949745,1.39039756680422,2421525082387.404,59987905
United Kingdom,GBR,2005,2.94152197734185,2.0891364902507,2543180000000.0,60401206
United Kingdom,GBR,2006,2.79243712895396,2.4556616643929,2708441582336.7065,60846820
United Kingdom,GBR,2007,2.24798308671129,2.38656150773327,3090510204081.6323,61322463
United Kingdom,GBR,2008,3.4271950462041,3.52140856342539,2929411764705.8823,61806995
United Kingdom,GBR,2009,1.89709031895291,1.96173173560109,2412840006231.5,62276270
United Kingdom,GBR,2010,1.58908069179591,2.49265472467065,2485482596184.709,62766365
United Kingdom,GBR,2011,2.19599393425145,3.8561124468282,2663805834828.0723,63258810
United Kingdom,GBR,2012,1.54274315899465,2.5732347965453,2707089726614.636,63711000
United Kingdom,GBR,2013,2.10944102288553,2.29166666666659,2784853502534.292,64139000
United Kingdom,GBR,2014,1.31890253888587,1.45112016293279,3064708247921.428,64620000
United Kingdom,GBR,2015,0.658400581149991,0.36804684232536,2927911140916.7314,65088000
United Kingdom,GBR,2016,1.96415133662747,1.0084173681141,2689106566899.611,65607000
United Kingdom,GBR,2017,1.85511700587182,2.55775577557747,2680148052335.299,65966000
United Kingdom,GBR,2018,1.92064708685382,2.29283990345938,2871340347581.7856,66289000
United Kingdom,GBR,2019,2.13295141520851,1.73810460086513,2851407164907.808,66631000
United Kingdom,GBR,2020,4.96982052549251,0.989486703772491,2697806592293.8604,66744000
United Kingdom,GBR,2021,0.0665566228650079,2.51837109614213,3141506156618.7026,66984000
United Kingdom,GBR,2022,5.44390479781602,7.92204883147902,3088839763445.0234,67604000
United Kingdom,GBR,2023,7.29825479586994,6.79396706793963,3340032380668.036,68492000
,GBR,2024,,3.2715729463592,,69226000
Georgia,GEO,1980,0.998971120970253,,,4467700
Georgia,GEO,1981,3.62531411893355,,,4504500
Georgia,GEO,1982,3.50550160200538,,,4542800
Georgia,GEO,1983,-2.81720237856229,,,4582900
Georgia,GEO,1984,1.28015120287648,,,4622200
Georgia,GEO,1985,-4.53224449576,,,4662900
Georgia,GEO,1986,6.10346627987684,,,4704500
Georgia,GEO,1987,2.33372501305425,,11502.632644795463,4743500
Georgia,GEO,1988,-2.23111156230848,,13825.757575757576,4790700
Georgia,GEO,1989,5.41600480029352,,14047.410008779632,4803300
Georgia,GEO,1990,22.3590344933704,,7500000000.0,4802000
Georgia,GEO,1991,62.1416131246432,,6400000000.0,4835900
Georgia,GEO,1992,1314.28649638573,,3730000000.0,4873500
Georgia,GEO,1993,15444.4204230537,,2701301482.701812,4911100
Georgia,GEO,1994,6041.47404707409,,2514070771.8027306,4836076
Georgia,GEO,1995,162.73388551076,162.717152150377,2693768412.891793,4657722
Georgia,GEO,1996,43.0302705009227,39.3574999987146,3095047603.808305,4491699
Georgia,GEO,1997,6.53497517117418,7.08761762948726,3510520231.2138724,4349913
Georgia,GEO,1998,6.94032134027844,3.56680781278783,3613497316.5531855,4243607
Georgia,GEO,1999,9.72884175944706,19.1926758218895,2800025882.716717,4157192
Georgia,GEO,2000,4.67821081510431,4.06396201382596,3057475335.1884646,4077131
Georgia,GEO,2001,5.37434640155622,4.64604442058634,3219462262.007499,4014373
Georgia,GEO,2002,5.91907467017472,5.58783730000794,3395766677.673153,3978515
Georgia,GEO,2003,3.42601021010252,0.837734531536568,3991377904.131616,3951736
Georgia,GEO,2004,8.4336944783275,5.65632636191132,5125365191.986644,3927340
Georgia,GEO,2005,7.93510297063291,8.24709043114158,6410912049.871047,3902469
Georgia,GEO,2006,8.44730526034763,9.16096508394497,7745250733.950674,3880347
Georgia,GEO,2007,9.46750810327333,9.24489745592404,10172931088.565523,3860158
Georgia,GEO,2008,9.5923273865413,9.99948761552747,12795145130.910282,3848449
Georgia,GEO,2009,-2.13576824299331,1.7275146113791,10766920065.825115,3814419
Georgia,GEO,2010,15.9058283591544,7.11017897486099,12426907967.157818,3786695
Georgia,GEO,2011,9.17171128297396,8.5429333333333,15475290469.286894,3756441
Georgia,GEO,2012,0.291166471422628,-0.943658853270964,16894392033.225578,3728874
Georgia,GEO,2013,-0.650965016455302,-0.512058410947092,17517660143.685932,3717668
Georgia,GEO,2014,4.58990448370156,3.06881210379543,17966015109.304302,3719414
Georgia,GEO,2015,5.37742167651898,4.00357820695097,15223796148.83962,3725276
Georgia,GEO,2016,2.27481842989697,2.13492713939121,15444548901.963682,3727505
Georgia,GEO,2017,7.54674499838114,6.03531725272117,16473125375.068438,3728004
Georgia,GEO,2018,3.48481628679124,2.6152447139767,17902544880.64707,3726549
Georgia,GEO,2019,3.99568034557234,4.85289821696723,17638337116.9126,3720161
Georgia,GEO,2020,6.84793338769904,5.2024648897534,16010869215.679968,3722716
Georgia,GEO,2021,10.229587650373,9.56691433824769,18853115588.81058,3708610
Georgia,GEO,2022,8.13545014384806,11.8981654203198,24984568959.604965,3712502
Georgia,GEO,2023,2.94809953621152,2.48776056578715,30535530479.022663,3715483
,GEO,2024,,1.10971758022096,,3699557
Ghana,GHA,1980,51.1261350102795,50.0701393436364,4445228215.767634,11941448
Ghana,GHA,1981,75.6335657777325,116.503603996541,4222441860.465117,12281712
Ghana,GHA,1982,27.8905790691127,22.2955664080893,4035994397.759104,12643819
Ghana,GHA,1983,123.0612136164,122.874514572592,4057275132.275132,13029836
Ghana,GHA,1984,35.312424343661,39.6653137947268,4412279843.444227,13370590
Ghana,GHA,1985,20.6484149868503,10.3054406698295,4504306722.689075,13661229
Ghana,GHA,1986,41.7057955236849,24.5654160765001,5735677433.826828,13965217
Ghana,GHA,1987,39.201496901411,39.8150678775363,5074829931.972789,14289108
Ghana,GHA,1988,33.4028541879545,31.3592676264768,5197765031.64557,14636568
Ghana,GHA,1989,28.2943110771731,25.2236920295825,5251858439.874004,15006813
Ghana,GHA,1990,31.1665867346186,37.2590664855671,5889106573.460878,15394648
Ghana,GHA,1991,20.041359240014,18.0314390089849,6603185267.796426,15787496
Ghana,GHA,1992,11.150082868787,10.0561167448841,6416103925.832665,16184855
Ghana,GHA,1993,31.7572123690249,24.9598424742497,5968922939.3719845,16589519
Ghana,GHA,1994,30.1289269685464,24.8702554369576,5446383726.770467,16993190
Ghana,GHA,1995,43.0453305777804,59.4615536991446,6464382807.678836,17399017
Ghana,GHA,1996,39.8377428094835,46.5610196762282,6932991739.377671,17810181
Ghana,GHA,1997,19.4581675889703,27.8852086407527,6891443192.249848,18238958
Ghana,GHA,1998,17.0484652451336,14.6241666666675,7482069162.420078,18688036
Ghana,GHA,1999,13.971165047912,4.86539785077528,7718109982.260925,19149864
Ghana,GHA,2000,27.230113843564,40.240933123914,4982850662.208511,19637087
Ghana,GHA,2001,34.8179440663303,41.509496287803,5314872854.440497,20167069
Ghana,GHA,2002,22.8185847230637,9.36093239560313,6166197847.850311,20729388
Ghana,GHA,2003,28.7044072059077,29.7729797160384,7632723555.66221,21296705
Ghana,GHA,2004,14.3501511250415,18.0427388232565,8881417906.714323,21868298
Ghana,GHA,2005,14.963718404163,15.4389920155908,10744568381.44561,22449438
Ghana,GHA,2006,84.6834718225876,11.6791839392492,20885037596.696342,23040702
Ghana,GHA,2007,16.1042405872748,10.7342665456292,24827339138.49064,23642279
Ghana,GHA,2008,19.4102710868683,16.494639613412,28679383241.07291,24249946
Ghana,GHA,2009,15.6665686221496,19.2469482220857,26048720005.52326,24862664
Ghana,GHA,2010,16.5956447322347,10.7333898354915,32197655566.534702,25474995
Ghana,GHA,2011,13.9148221759821,8.7284593709302,39336668080.55898,26095088
Ghana,GHA,2012,15.2052787396605,11.1863409441067,41271701060.95403,26734268
Ghana,GHA,2013,54.0129117583926,11.6661923071729,62824629066.04083,27386193
Ghana,GHA,2014,23.9399587593999,15.4896160333318,54783319817.370514,28041592
Ghana,GHA,2015,13.2529666807363,17.1499695007878,49406010054.266335,28696068
Ghana,GHA,2016,15.7486203078991,17.4546347070868,56164929304.8754,29356742
Ghana,GHA,2017,10.6773082339139,12.3719215507048,60405924078.72783,30008354
Ghana,GHA,2018,10.5684824952629,7.80876516610703,67298914624.37232,30637585
Ghana,GHA,2019,8.48107029698721,7.14364003330857,68337969247.70674,31258945
Ghana,GHA,2020,9.36557496583738,9.88728956269944,70043095503.6675,31887809
Ghana,GHA,2021,12.1061016311773,9.9710886750444,79524421861.27426,32518665
Ghana,GHA,2022,28.1682478691229,31.2558951049016,74263364041.87419,33149152
Ghana,GHA,2023,33.0798250532954,38.1069656296501,76370394412.41626,33787914
,GHA,2024,,22.8483281157842,,34427414
,GIB,1980,,,,28675
,GIB,1981,,,,28740
,GIB,1982,,,,28765
,GIB,1983,,,,28733
,GIB,1984,,,,28643
,GIB,1985,,,,28512
,GIB,1986,,,,28328
,GIB,1987,,,,28096
,GIB,1988,,,,27839
,GIB,1989,,,,27544
,GIB,1990,,,,27200
,GIB,1991,,,,26898
,GIB,1992,,,,26878
,GIB,1993,,,,27070
,GIB,1994,,,,27239
,GIB,1995,,,,27377
,GIB,1996,,,,27487
,GIB,1997,,,,27582
,GIB,1998,,,,27650
,GIB,1999,,,,27692
,GIB,2000,,,,27709
,GIB,2001,,,,27657
,GIB,2002,,,,27831
,GIB,2003,,,,28274
,GIB,2004,,,,28715
,GIB,2005,,,,29163
,GIB,2006,,,,29594
,GIB,2007,,,,30006
,GIB,2008,,,,30413
,GIB,2009,,,,30823
,GIB,2010,,,,31248
,GIB,2011,,,,31660
,GIB,2012,,,,32029
,GIB,2013,,,,32407
,GIB,2014,,,,32813
,GIB,2015,,,,33193
,GIB,2016,,,,33658
,GIB,2017,,,,34245
,GIB,2018,,,,34854
,GIB,2019,,,,35494
,GIB,2020,,,,36173
,GIB,2021,,,,36858
,GIB,2022,,,,37609
,GIB,2023,,,,38471
,GIB,2024,,,,39329
Guinea,GIN,1980,6.23678176955913,,9746524915.093832,5047419
Guinea,GIN,1981,8.63763178724368,,9646440666.520529,5143288
Guinea,GIN,1982,29.6656631157964,,11926032493.436766,5247672
Guinea,GIN,1983,29.3191781682752,,15129893722.344105,5359814
Guinea,GIN,1984,25.2464475436293,,18421497251.17501,5480096
Guinea,GIN,1985,19.0000467262398,,22787644565.90326,5610373
Guinea,GIN,1986,69.6611853545174,,2909130355.23937,5750668
Guinea,GIN,1987,27.259990113432,,2976714019.069613,5900198
Guinea,GIN,1988,21.6536391309608,,3476480303.12292,6056574
Guinea,GIN,1989,22.3155734208137,,3546079262.9506097,6215811
Guinea,GIN,1990,17.2791811684954,,3888320665.5228014,6434374
Guinea,GIN,1991,25.8186705671299,,4396178694.153499,6697166
Guinea,GIN,1992,26.220213626085,,4789220416.706413,6914366
Guinea,GIN,1993,0.673757277386372,,4781166116.517895,7128177
Guinea,GIN,1994,1.42800163986341,,4932800406.929736,7345107
Guinea,GIN,1995,5.95133830053159,,5385704166.4334135,7553249
Guinea,GIN,1996,1.54596823705317,,5641243099.76661,7770035
Guinea,GIN,1997,1.43412666636782,,5516916163.094898,7931370
Guinea,GIN,1998,3.32464044488574,,5232118046.371303,8081990
Guinea,GIN,1999,4.2276753067021,,5046806782.547613,8265123
Guinea,GIN,2000,6.30012395836252,,4367458866.715374,8428832
Guinea,GIN,2001,1.75242631853581,,4125527603.22908,8539960
Guinea,GIN,2002,0.43277237665886,,4301608752.513958,8674066
Guinea,GIN,2003,15.9106965575684,,5025167975.263627,8870781
Guinea,GIN,2004,16.5215833233368,,5300767960.515724,9062726
Guinea,GIN,2005,27.3908453723395,31.3733025877534,4282468636.905009,9245844
Guinea,GIN,2006,37.584061466216,34.6952705997072,4220019242.7288175,9441171
Guinea,GIN,2007,13.6188701451883,18.1755656108597,6281917649.940332,9662281
Guinea,GIN,2008,16.7051270193255,23.065612938798,6964179187.855786,9898870
Guinea,GIN,2009,1.77103008648227,4.68438868976504,6716904516.979529,10143534
Guinea,GIN,2010,16.1026033748146,15.0502688559001,6853467832.494075,10396086
Guinea,GIN,2011,8.99929064251756,21.3169268542577,6785137215.557362,10656810
Guinea,GIN,2012,11.5159611123425,15.2262941038638,7638045226.044156,10921581
Guinea,GIN,2013,4.32935646096067,11.8875884481828,8376613880.84932,11191873
Guinea,GIN,2014,2.6158977058997,6.1505055670642,8778473643.318516,11472924
Guinea,GIN,2015,2.9722848994975,11.7800825029834,8794202394.290764,11767070
Guinea,GIN,2016,5.66895163278967,8.17268112275132,8595955600.36601,12073030
Guinea,GIN,2017,10.3565072127234,8.91435947913097,10324668271.10322,12385659
Guinea,GIN,2018,7.05908442039132,9.82761701259191,11857030367.24408,12704774
Guinea,GIN,2019,9.40290766328131,9.47001039253012,13442861496.412752,13034346
Guinea,GIN,2020,4.24998016732003,10.6016203387167,14177835841.392267,13371183
Guinea,GIN,2021,11.9862978624966,12.5972882566934,16091817842.13176,13710513
Guinea,GIN,2022,2.80558292389495,10.4930409984424,20999229260.49945,14055137
Guinea,GIN,2023,3.92197888518862,7.80497591927973,23612295818.096096,14405468
,GIN,2024,,8.12313914948596,,14754785
"Gambia, The",GMB,1980,-0.177584651213067,6.82461565247797,241083090.303623,713913
"Gambia, The",GMB,1981,1.56352687341406,5.94422700614445,218767743.4591015,739125
"Gambia, The",GMB,1982,14.487418403339,10.8558454553089,216050552.30158415,765753
"Gambia, The",GMB,1983,2.68309207939261,10.6363036761385,213448584.93694517,794525
"Gambia, The",GMB,1984,9.00160635068991,22.0984594145327,177340880.08620396,825631
"Gambia, The",GMB,1985,39.419110439818,18.319884874273,225726358.8909143,858874
"Gambia, The",GMB,1986,40.5167890980445,56.560172013504,185646986.8249268,894019
"Gambia, The",GMB,1987,18.4980118983013,23.5291669556941,220626484.2248106,931091
"Gambia, The",GMB,1988,9.70614941350554,11.6905868876763,266672211.93416095,970160
"Gambia, The",GMB,1989,13.7365724207038,8.27501608751592,284120329.4010232,1011357
"Gambia, The",GMB,1990,11.9645333920464,12.1677841130696,317083695.47779715,1054696
"Gambia, The",GMB,1991,134.035872371748,8.64234325973438,690311080.5150175,1099959
"Gambia, The",GMB,1992,1.95003083677199,9.48654250617163,714254256.1221893,1145582
"Gambia, The",GMB,1993,5.14232248435012,6.46380422753847,755040974.0873225,1188365
"Gambia, The",GMB,1994,3.77739655145763,1.71020632305637,746493951.9009587,1227226
"Gambia, The",GMB,1995,3.9632505001165,6.98097441830556,785999864.8402995,1264313
"Gambia, The",GMB,1996,8.36856956528243,1.09948870771018,848239446.2157602,1301410
"Gambia, The",GMB,1997,-5.96911945125618,2.78122790023229,803633342.4737065,1338889
"Gambia, The",GMB,1998,5.41182120304006,1.11418841174713,840285264.6315453,1376987
"Gambia, The",GMB,1999,-2.43549436370589,3.8123720536602,814724032.065735,1415779
"Gambia, The",GMB,2000,2.2169826127346,0.8449695667737,782913871.8096597,1455084
"Gambia, The",GMB,2001,1.80543765163377,4.49259609239754,687410645.0639434,1495011
"Gambia, The",GMB,2002,10.3913445898093,8.60912474386327,578235309.3271981,1535691
"Gambia, The",GMB,2003,12.8939411821531,17.0328665431988,487038685.0454959,1577611
"Gambia, The",GMB,2004,94.1901141376152,14.2067432845569,961900651.4234408,1621312
"Gambia, The",GMB,2005,4.11380528257159,4.83862177543157,1027701067.5568764,1667037
"Gambia, The",GMB,2006,1.30320399765218,2.0565034236599,1054112487.7408298,1715275
"Gambia, The",GMB,2007,4.41482490193262,5.36913473801957,1279703047.0220978,1765774
"Gambia, The",GMB,2008,2.47584586803727,4.4436549094501,1561766955.7302403,1817852
"Gambia, The",GMB,2009,4.51330535299645,4.56150687670983,1450142508.5780816,1871422
"Gambia, The",GMB,2010,5.64433086097335,5.04968075857402,1543294926.873006,1926630
"Gambia, The",GMB,2011,4.57212350369147,4.7958826618311,1409693596.9359355,1983784
"Gambia, The",GMB,2012,3.84516021372072,4.25432199813899,1415004738.2662053,2043094
"Gambia, The",GMB,2013,5.93313138058191,5.69912989637382,1375609453.4374623,2103820
"Gambia, The",GMB,2014,5.21172310682789,5.94799935696626,1229461721.4086075,2164528
"Gambia, The",GMB,2015,9.72036242675256,6.8084549457961,1378176608.9320412,2224529
"Gambia, The",GMB,2016,7.82062274860979,7.22879272057922,1484578885.9713223,2283769
"Gambia, The",GMB,2017,3.92171862000133,8.03418974545911,1504909462.6952114,2342189
"Gambia, The",GMB,2018,6.95176403794258,6.52096823946573,1670671327.8165145,2399632
"Gambia, The",GMB,2019,6.25220639943007,7.11567625631192,1813609692.4999352,2456844
"Gambia, The",GMB,2020,2.18875895856547,5.93127636562441,1812170891.190692,2515733
"Gambia, The",GMB,2021,7.3821228563862,7.37034758876618,2014158842.653937,2576010
"Gambia, The",GMB,2022,8.81707580376896,11.5131198380505,2175099789.9782925,2636470
"Gambia, The",GMB,2023,15.6019043854862,16.9742129632327,2339904156.792144,2697845
,GMB,2024,,,,2759988
Guinea-Bissau,GNB,1980,11.5368356573418,,287648258.5682272,829303
Guinea-Bissau,GNB,1981,1.81704016918334,,402230865.3886424,842432
Guinea-Bissau,GNB,1982,16.5422954314501,,430284021.9094592,855891
Guinea-Bissau,GNB,1983,23.3070672577759,,425225176.9640839,869592
Guinea-Bissau,GNB,1984,59.4018208817612,,359980490.4939113,883519
Guinea-Bissau,GNB,1985,32.3135050589575,,373959151.0969037,897697
Guinea-Bissau,GNB,1986,112.894815383795,,338524232.50821286,912126
Guinea-Bissau,GNB,1987,94.2634571902545,,451893374.9247,926862
Guinea-Bissau,GNB,1988,79.5448390329376,60.2817826333536,427514321.5534461,942061
Guinea-Bissau,GNB,1989,99.2533223283567,80.7881406436234,554072302.8306955,957789
Guinea-Bissau,GNB,1990,30.2460376903082,33.0019778318026,634187269.226507,973669
Guinea-Bissau,GNB,1991,67.8943671135919,57.5952847505663,668470890.0147798,994639
Guinea-Bissau,GNB,1992,64.9811893213623,69.5836363993793,588309271.2291723,1024356
Guinea-Bissau,GNB,1993,49.0588852863271,48.1081660687068,615779519.0962882,1058745
Guinea-Bissau,GNB,1994,23.2494808479149,15.1763474313441,612502084.6428467,1092031
Guinea-Bissau,GNB,1995,44.7300381994029,45.3653083621856,660195401.9464025,1119949
Guinea-Bissau,GNB,1996,39.2337134878286,50.7340549612119,702965147.4518874,1143535
Guinea-Bissau,GNB,1997,34.138194798626,49.1009235769531,698107222.4970064,1165545
Guinea-Bissau,GNB,1998,10.340339607126,8.01375518965603,591034143.3442657,1187473
Guinea-Bissau,GNB,1999,-12.4222901600091,-2.08630513223527,579365780.1577654,1210206
Guinea-Bissau,GNB,2000,-22.9323193799366,8.63632094930278,391345597.4678907,1234741
Guinea-Bissau,GNB,2001,3.76203746852637,3.34812265527109,412610871.4915655,1261273
Guinea-Bissau,GNB,2002,3.37438322483159,3.30012175283749,466773711.2340745,1289307
Guinea-Bissau,GNB,2003,-0.570313376444105,-3.5025855110342,553614800.1371366,1318806
Guinea-Bissau,GNB,2004,-5.48079611953119,0.883302696930943,582169841.2752979,1349563
Guinea-Bissau,GNB,2005,3.1144126331738,3.32919922802856,639776040.6241124,1381585
Guinea-Bissau,GNB,2006,-4.24338612900782,1.95473717628916,634781901.2834066,1415303
Guinea-Bissau,GNB,2007,5.99026579629418,4.61743772241997,753162998.0601367,1450986
Guinea-Bissau,GNB,2008,12.7627326964103,10.4600731354706,952667543.9646742,1488054
Guinea-Bissau,GNB,2009,-3.82520779013052,-1.65139733620775,890167833.3658751,1526377
Guinea-Bissau,GNB,2010,5.21501552229329,2.51785140171697,940112538.9641788,1566347
Guinea-Bissau,GNB,2011,8.45292200371514,5.04610226320204,1157074319.1117527,1608076
Guinea-Bissau,GNB,2012,-0.0272211604902992,2.13054580274493,1049412177.0757296,1651417
Guinea-Bissau,GNB,2013,-0.932275244837825,1.20712555668414,1109682824.1367562,1695973
Guinea-Bissau,GNB,2014,1.2975573716642,-1.50924460570503,1135250721.0248425,1741122
Guinea-Bissau,GNB,2015,14.5196628984565,1.47672048910494,1152384166.796375,1786457
Guinea-Bissau,GNB,2016,2.84072773699329,1.50312055861088,1245074264.1039608,1831893
Guinea-Bissau,GNB,2017,10.3961209224862,1.69111461822289,1469978606.1214306,1877072
Guinea-Bissau,GNB,2018,-2.53156124592356,0.381324702791081,1554133593.9169855,1922168
Guinea-Bissau,GNB,2019,2.15654088111805,0.24660026814783,1486476582.0675912,1967696
Guinea-Bissau,GNB,2020,0.309718603527614,1.14000939393213,1520479984.5680752,2013255
Guinea-Bissau,GNB,2021,2.16173928550757,2.24248879577659,1724555634.365944,2058841
Guinea-Bissau,GNB,2022,4.2142843930848,9.39383877456591,1714166526.4457347,2105529
Guinea-Bissau,GNB,2023,5.39039286757867,,1966461400.3583264,2153339
,GNB,2024,,,,2201352
,GNQ,1980,,,50642880.77375034,288644
Equatorial Guinea,GNQ,1981,14.4428282122201,,36731422.84569138,303252
Equatorial Guinea,GNQ,1982,40.4180066354334,,44294647.73347897,322216
Equatorial Guinea,GNQ,1983,24.7497739074644,,44442456.947639965,343421
Equatorial Guinea,GNQ,1984,25.6371717808781,,50320914.4065688,364899
Equatorial Guinea,GNQ,1985,52.7747865897616,,62118569.96544805,385547
Equatorial Guinea,GNQ,1986,-2.92340971604136,-17.6404240920371,76407395.87275417,404728
Equatorial Guinea,GNQ,1987,1.518170653754,-13.1744727471927,93345859.52973002,422522
Equatorial Guinea,GNQ,1988,3.97698450326642,2.52365930599391,100534656.8817321,439651
Equatorial Guinea,GNQ,1989,-4.7958613417904,6.16615384615363,88265974.86104898,456808
Equatorial Guinea,GNQ,1990,10.3525268440096,0.857871551124735,112119411.48996468,474274
Equatorial Guinea,GNQ,1991,3.55211254107566,-3.42528735632201,110906028.53686224,492217
Equatorial Guinea,GNQ,1992,-15.4237004844106,-4.27874315639129,134707183.84662017,510770
Equatorial Guinea,GNQ,1993,-2.6931154191177,5.4522847373328,136047906.24540824,530023
Equatorial Guinea,GNQ,1994,24.5263467390672,31.8410168416385,100807002.54019465,550138
Equatorial Guinea,GNQ,1995,7.68083409226116,19.8724349483472,141853360.86785537,571264
Equatorial Guinea,GNQ,1996,0.821196361917359,4.54072771540235,232463022.8029608,593492
Equatorial Guinea,GNQ,1997,-13.1471736691146,3.01650540694366,442337870.6943698,616893
Equatorial Guinea,GNQ,1998,-31.5659149794624,7.93571069814148,370687634.42571217,641474
Equatorial Guinea,GNQ,1999,39.1576256709104,0.372266170311928,621117885.6685027,667214
Equatorial Guinea,GNQ,2000,64.7350222970558,4.80228886901398,1045998496.4387156,703279
Equatorial Guinea,GNQ,2001,-11.9715274350058,8.82538925854966,1461139022.0295386,749836
Equatorial Guinea,GNQ,2002,-1.58289027139674,7.5924784983324,1806742742.273112,797957
Equatorial Guinea,GNQ,2003,0.635621901563525,7.32354399351809,2484745935.093289,847862
Equatorial Guinea,GNQ,2004,16.9227635071874,4.21968787094834,4410764338.667325,899917
Equatorial Guinea,GNQ,2005,59.3290506697722,5.63163351357613,8217369092.652238,947367
Equatorial Guinea,GNQ,2006,12.9763712005288,4.41589984169561,10086528698.86043,990343
Equatorial Guinea,GNQ,2007,3.0376538593557,2.80373831775704,13071718758.737305,1036044
Equatorial Guinea,GNQ,2008,19.8400389323386,6.55176691184535,19749893536.32036,1084530
Equatorial Guinea,GNQ,2009,-20.8302309584088,4.69106567747375,15027795173.218706,1135673
Equatorial Guinea,GNQ,2010,24.9065341802403,7.78916547991184,16314443436.290297,1189085
Equatorial Guinea,GNQ,2011,17.045106569847,4.805389221557,21357343668.944725,1241835
Equatorial Guinea,GNQ,2012,4.85478204392102,3.65662048278806,22388344143.913067,1293483
Equatorial Guinea,GNQ,2013,-1.07267375706822,2.94887694639662,21948834283.785564,1346218
Equatorial Guinea,GNQ,2014,-1.27384264682834,4.30999866149107,21765453081.9826,1399828
Equatorial Guinea,GNQ,2015,-20.1927503678985,1.67663085315988,13185496881.0174,1453923
Equatorial Guinea,GNQ,2016,-6.2854221112699,1.41193915479015,11240808847.887815,1508186
Equatorial Guinea,GNQ,2017,12.7423831594725,0.74435474661241,12200913878.98272,1562396
Equatorial Guinea,GNQ,2018,9.51383429692252,1.06007410662171,13097012133.615946,1616422
Equatorial Guinea,GNQ,2019,-3.16368983363937,1.53027528964189,11364133549.747766,1670177
Equatorial Guinea,GNQ,2020,-10.1685457458373,4.76669523944228,9893816007.7398,1716468
Equatorial Guinea,GNQ,2021,17.9386307222713,-0.0971007664640198,12215878032.716583,1758786
Equatorial Guinea,GNQ,2022,22.1004087260455,4.78671704710803,13486788878.97569,1803545
Equatorial Guinea,GNQ,2023,-7.64752019845845,,12116922539.411173,1847549
,GNQ,2024,,,,1892516
Greece,GRC,1980,19.239454098989,24.6758939736232,56829664268.58514,9642505
Greece,GRC,1981,21.6120398537158,24.5060675977966,52346506765.06765,9729350
Greece,GRC,1982,27.2127480527797,20.9910886220016,54617989795.918365,9789513
Greece,GRC,1983,20.6121988364879,20.1794812892138,49428873839.009285,9846627
Greece,GRC,1984,21.9184596864504,18.4568132050187,48020024183.79686,9895801
Greece,GRC,1985,19.0259504087307,19.3146929406642,47820851221.31754,9934300
Greece,GRC,1986,18.881998428083,23.0154508205013,56379593476.14411,9967213
Greece,GRC,1987,15.2526826830931,16.3968631635363,65652750377.45345,10000595
Greece,GRC,1988,16.679869597385,13.5288583215049,76261277924.57362,10036983
Greece,GRC,1989,14.4989733265254,13.6555638723612,79169043222.82837,10089498
Greece,GRC,1990,20.6905968705984,20.433499109463,97891092003.43938,10196792
Greece,GRC,1991,19.7877433376389,19.4558456445745,105143232379.88408,10319927
Greece,GRC,1992,14.7988129465447,15.8770737923919,116224672863.78262,10399061
Greece,GRC,1993,14.4287488467901,14.4112644439348,108809059155.76695,10460415
Greece,GRC,1994,11.1818884385377,10.8740756809132,116601801966.29214,10512922
Greece,GRC,1995,9.79183557466847,8.93451415961517,136878365936.1671,10562153
Greece,GRC,1996,8.19685719069116,8.19455217632728,145861612400.906,10608800
Greece,GRC,1997,6.61834403298099,5.5360026677348,143157600149.75665,10661259
Greece,GRC,1998,5.27870907662016,4.76622572397641,144428172489.33472,10720509
Greece,GRC,1999,3.5094395588016,2.6366330602198,142588875293.74857,10761698
Greece,GRC,2000,1.61880041041648,3.1511816249383,130457756628.43636,10805808
Greece,GRC,2001,3.47068748328935,3.37396832213867,136309295225.33954,10862132
Greece,GRC,2002,2.95365633626594,3.62935871878874,154564203586.954,10902022
Greece,GRC,2003,3.55858801200597,3.53065027765552,202370140236.26508,10928070
Greece,GRC,2004,2.96881074959956,2.8988481075817,240963562236.1273,10955141
Greece,GRC,2005,1.90041814391672,3.54507273335078,247875422204.41388,10987314
Greece,GRC,2006,3.36453588627148,3.19594684144545,273546728473.07257,11020362
Greece,GRC,2007,3.36710337451804,2.89500321516578,318902829550.73315,11048473
Greece,GRC,2008,4.06288931120949,4.15279708110293,355908689477.44525,11077841
Greece,GRC,2009,2.36843421286838,1.21007269197809,331308500253.2744,11107017
Greece,GRC,2010,1.180920638269,4.71298907760388,297124961971.50055,11121341
Greece,GRC,2011,0.976658122998671,3.3298532335065,282995942006.557,11104899
Greece,GRC,2012,-0.334570200125881,1.50152696177758,242029307133.40787,11045011
Greece,GRC,2013,-1.96032167877375,-0.921269454256994,238907690051.1301,10965211
Greece,GRC,2014,-1.92347453577474,-1.31226096405506,235458133124.6078,10892413
Greece,GRC,2015,-0.17475366575222,-1.73588804765284,195683527003.3745,10820883
Greece,GRC,2016,-0.489960701596374,-0.825653978390973,193148146586.9328,10775971
Greece,GRC,2017,0.203613276800695,1.12125452031419,199844406013.5309,10754679
Greece,GRC,2018,-0.234800895538129,0.62562141345364,212049447242.1112,10732882
Greece,GRC,2019,0.245015797961827,0.253007522038157,205252760889.3644,10721582
Greece,GRC,2020,-0.3639597319481,-1.24798355581405,188480337285.6052,10698599
Greece,GRC,2021,1.39275645318513,1.22382501019854,214667807441.202,10569207
Greece,GRC,2022,6.4958241447423,9.64525981280632,217581324512.0592,10436882
Greece,GRC,2023,5.87456266805546,3.46480128513405,238206312632.5277,10407351
,GRC,2024,,2.74149045788606,,10405134
Grenada,GRD,1980,9.04926319601825,21.821433894768,110900457.03703704,94538
Grenada,GRD,1981,2.70869455121156,18.7874709409026,115651918.88888888,94052
Grenada,GRD,1982,4.16360439310404,7.81274141216489,125435590.0,94383
Grenada,GRD,1983,1.3934847006406,6.09534728193344,131803552.2222222,94948
Grenada,GRD,1984,6.61240813915163,5.65961278703288,145533310.74074072,95498
Grenada,GRD,1985,8.74808516645101,2.50138492350979,167728455.18518516,96111
Grenada,GRD,1986,4.33505390638366,0.557079903550532,187589522.59259257,96790
Grenada,GRD,1987,5.05935040117993,-0.872333388457509,215009569.6296296,97526
Grenada,GRD,1988,6.76144923509206,4.00000000000013,236357523.7037037,98308
Grenada,GRD,1989,8.99639076532455,5.59294871794896,267327642.2222222,99121
Grenada,GRD,1990,0.0159320996657328,2.72423736530525,278098762.9629629,99957
Grenada,GRD,1991,6.66990965002674,2.64460367880678,300757888.8888889,100793
Grenada,GRD,1992,4.01158053146258,3.77833753148618,310160444.4444444,101602
Grenada,GRD,1993,1.88342481748877,2.80859916782245,309812185.1851852,102382
Grenada,GRD,1994,3.19076291832734,3.77065767284965,325111814.8148148,103138
Grenada,GRD,1995,3.05315063185311,1.86882475298978,342172518.5185185,103869
Grenada,GRD,1996,2.6730845108079,2.03235172127782,366911444.4444444,104584
Grenada,GRD,1997,1.78470722159389,1.24452782989343,392190592.5925926,105293
Grenada,GRD,1998,1.73787306807156,1.37769330389496,445903592.5925925,106009
Grenada,GRD,1999,1.12148933209397,0.577427638677119,482009370.3703703,106727
Grenada,GRD,2000,2.86302977239589,2.18181818181821,520044370.3703703,107451
Grenada,GRD,2001,2.14417694306613,3.14099305202543,520444185.18518513,107987
Grenada,GRD,2002,0.372146666086891,1.06721547992874,540336925.9259259,108404
Grenada,GRD,2003,-0.0770720974060168,2.15492809908679,591018407.4074074,108884
Grenada,GRD,2004,2.0311480128201,2.3129167822611,599118592.5925926,109323
Grenada,GRD,2005,2.48974192114287,3.475806937554,695555555.5555555,109734
Grenada,GRD,2006,4.6325878594249,4.25195321977967,698700666.6666666,110135
Grenada,GRD,2007,2.3194437271099,3.85882922469653,758683592.5925926,110522
Grenada,GRD,2008,7.84772902644215,8.0332732765034,825976037.037037,110896
Grenada,GRD,2009,-0.0098997984490267,-0.308654779585642,771275555.5555555,111254
Grenada,GRD,2010,0.479792195397422,3.43650905943351,771014814.8148147,111586
Grenada,GRD,2011,0.224507391716472,3.0334728033474,778655555.5555555,112079
Grenada,GRD,2012,3.92615000865237,2.41077704021862,799881481.4814814,112775
Grenada,GRD,2013,2.92309825170382,-0.0439997864828058,842618518.5185184,113487
Grenada,GRD,2014,0.775212924728535,-0.98360305555498,911496296.2962962,114132
Grenada,GRD,2015,2.75839206279986,-0.515448031435329,997007407.4074072,114676
Grenada,GRD,2016,2.64424525750435,1.65038994431573,1061640740.7407408,115130
Grenada,GRD,2017,1.5261735013888,0.908458255874249,1125685185.1851852,115438
Grenada,GRD,2018,-0.703659389914975,0.804102313277033,1166514814.8148148,115691
Grenada,GRD,2019,3.32753294754764,0.598149764736022,1213485185.1851852,115981
Grenada,GRD,2020,-0.299985587376284,-0.740732597045498,1043411111.111111,116341
Grenada,GRD,2021,2.79031777299367,1.21951193916838,1122800000.0,116688
Grenada,GRD,2022,1.62494161129776,2.5805392590792,1224577777.7777777,116913
Grenada,GRD,2023,3.823033409956,2.69612269814564,1320334235.588974,117081
,GRD,2024,,,,117207
Greenland,GRL,1980,11.5592506948923,,476051740.7737695,50200
Greenland,GRL,1981,14.9268056740014,,435748993.4184214,51000
Greenland,GRL,1982,13.0168695446477,,402403041.0292685,51500
Greenland,GRL,1983,9.71713038153248,,416184071.0194169,52100
Greenland,GRL,1984,8.87082971666764,,379371901.4903745,52700
Greenland,GRL,1985,7.42366301609702,,412876382.8291744,53200
Greenland,GRL,1986,4.12958713926213,,603016292.6869783,53500
Greenland,GRL,1987,4.62072810710197,,787390408.9532692,54100
Greenland,GRL,1988,6.35023844436813,,898607670.6244127,54800
Greenland,GRL,1989,5.34985898218569,,929799902.191124,55300
Greenland,GRL,1990,5.09258496640497,,1018977280.3292788,55600
Greenland,GRL,1991,3.22527510688253,,1016500069.2570796,55500
Greenland,GRL,1992,1.54567816586948,,1037916162.5497648,55300
Greenland,GRL,1993,1.04201645406883,,927214151.76793,55200
Greenland,GRL,1994,0.468374320351145,,1005887539.3204868,55500
Greenland,GRL,1995,2.0558722906533,,1208953287.0659847,55800
Greenland,GRL,1996,0.98010119241836,,1197515569.0820243,55900
Greenland,GRL,1997,0.496703674994151,,1072154433.8453764,56000
Greenland,GRL,1998,0.978426732690068,,1149858069.7576582,56100
Greenland,GRL,1999,1.06045632023837,,1131555107.0490694,56100
Greenland,GRL,2000,2.11009321468467,,1068025016.0086224,56185
Greenland,GRL,2001,3.40225682840818,,1086170703.9815965,56379
Greenland,GRL,2002,3.10308366667165,,1169136716.0355651,56595
Greenland,GRL,2003,6.53297806665232,,1558759823.081686,56751
Greenland,GRL,2004,-0.538444084879913,,1822499769.239385,56898
Greenland,GRL,2005,-3.22917708259992,,1849802648.363908,56935
Greenland,GRL,2006,2.23838314534038,,2013106929.500311,56775
Greenland,GRL,2007,-0.0475153423214891,,2249811295.6608014,56555
Greenland,GRL,2008,-2.01334418011534,,2499092314.4187546,56328
Greenland,GRL,2009,5.53863543152578,,2529963903.226848,56323
Greenland,GRL,2010,2.02760491933817,,2503167187.4930544,56534
Greenland,GRL,2011,2.88404565929712,,2684461375.465847,56890
Greenland,GRL,2012,3.44533181192106,,2609678486.367488,56810
Greenland,GRL,2013,1.06737253143181,,2684946990.12448,56483
Greenland,GRL,2014,0.990273554004744,,2842065708.359621,56295
Greenland,GRL,2015,8.14438057205848,,2499113022.8167543,56114
Greenland,GRL,2016,3.53778245812826,,2707139544.4669547,56186
Greenland,GRL,2017,3.2664996424492,,2851613679.0343266,56172
Greenland,GRL,2018,1.84672035174569,,3055782146.15957,56023
Greenland,GRL,2019,0.744863000194002,,2997309971.8762293,56225
Greenland,GRL,2020,0.703000441093323,,3082884653.245599,56367
Greenland,GRL,2021,-0.416168295320645,,3235809504.298714,56653
,GRL,2022,,,,56661
,GRL,2023,,,,56865
,GRL,2024,,,,56836
Guatemala,GTM,1980,10.0048853297543,10.8238432335411,7878700000.0,6900212
Guatemala,GTM,1981,8.54810804647244,11.4330679503505,8607500300.0,7075648
Guatemala,GTM,1982,4.97795460699444,0.307385561437016,8716999700.0,7240241
Guatemala,GTM,1983,6.56097549698811,4.53867815133257,9050000400.0,7419642
Guatemala,GTM,1984,4.12370037811434,3.4067501183779,9470000100.0,7630682
Guatemala,GTM,1985,18.7797351038113,18.6867912971238,9721652086.956522,7849693
Guatemala,GTM,1986,41.4625927752496,36.9311212965017,7231963515.981735,8070818
Guatemala,GTM,1987,7.99853485175031,12.3232132755045,7084399840.0,8296485
Guatemala,GTM,1988,11.6552979490679,10.8327037689913,7841602824.427481,8532099
Guatemala,GTM,1989,10.9088968745446,11.3871321997957,8410724360.795455,8775546
Guatemala,GTM,1990,40.5312590935109,41.2218671380974,7650196845.215458,9024773
Guatemala,GTM,1991,32.9750520555911,33.1664219167534,9406135143.411654,9272584
Guatemala,GTM,1992,8.86138482809405,10.0459179984089,10440781587.543491,9522266
Guatemala,GTM,1993,14.5043516282533,11.8196901746257,11400017301.458664,9779761
Guatemala,GTM,1994,11.7222782032805,10.8553211494391,12983233310.746746,10043718
Guatemala,GTM,1995,8.66781823897942,8.41141312270564,14655404433.277117,10312996
Guatemala,GTM,1996,8.90000450953323,11.0569165321987,15674835615.313896,10583526
Guatemala,GTM,1997,8.25733951685741,9.23290294884938,17790026221.613865,10857754
Guatemala,GTM,1998,9.50243518490798,6.61346070518056,19395491992.99387,11139145
Guatemala,GTM,1999,5.04155798311092,5.2136105860112,18318412251.3642,11422965
Guatemala,GTM,2000,6.83011466821127,5.9775773473714,19288929030.05078,11697592
Guatemala,GTM,2001,-5.61014528351383,7.28587366610134,18405220247.44124,11969422
Guatemala,GTM,2002,6.4691750654456,8.13263054281055,20444205991.02497,12246915
Guatemala,GTM,2003,4.47123467160999,5.60347675434469,21576351798.91448,12525842
Guatemala,GTM,2004,6.02385881441585,7.5786224730973,23577298094.657063,12807402
Guatemala,GTM,2005,5.66843562624204,9.10864985719221,26783389293.92199,13087629
Guatemala,GTM,2006,4.98133297071131,6.56085282795383,29744246827.183907,13367459
Guatemala,GTM,2007,7.11535054335639,6.82161753590318,33567850824.10393,13652040
Guatemala,GTM,2008,9.4074918223814,11.3557611263151,38503720224.31663,13935174
Guatemala,GTM,2009,3.60017527305328,1.85910254733021,37126148264.6383,14215611
Guatemala,GTM,2010,5.13757298846622,3.85950909833175,40676578423.48709,14500112
Guatemala,GTM,2011,6.89464340316468,6.21412393067091,46876006272.23869,14792126
Guatemala,GTM,2012,3.37775084412593,3.78180754679678,49593929487.1263,15089647
Guatemala,GTM,2013,3.35844634594847,4.34337131279521,52996446269.44204,15387337
Guatemala,GTM,2014,2.86031160659735,3.4183616966296,57852153058.50199,15681725
Guatemala,GTM,2015,2.23162145989066,2.38872032839551,62186064718.74239,15971743
Guatemala,GTM,2016,2.70719129663175,4.44844199942827,66053403469.00244,16268760
Guatemala,GTM,2017,1.7479141087134,4.42453655182538,71653754066.27628,16567357
Guatemala,GTM,2018,1.27161217513023,3.75186186704516,73328365862.43286,16845685
Guatemala,GTM,2019,3.56578287211866,3.69998398008598,77172317258.6478,17103803
Guatemala,GTM,2020,2.87232203437225,3.21444062197352,77715183063.2054,17357325
Guatemala,GTM,2021,3.16642125173291,4.26105127422813,86053083476.02939,17598650
Guatemala,GTM,2022,6.31527590909438,6.88512823344287,95003330315.87544,17847877
Guatemala,GTM,2023,6.64227801635242,6.20657592272126,102050473863.63635,18124838
,GTM,2024,,2.86919482222022,,18406359
,GUM,1980,,,,110141
,GUM,1981,,,,112902
,GUM,1982,,,,115711
,GUM,1983,,,,118508
,GUM,1984,,,,121302
,GUM,1985,,,,124117
,GUM,1986,,,,126965
,GUM,1987,,,,129858
,GUM,1988,,,,132799
,GUM,1989,,,,135799
,GUM,1990,,,,138610
,GUM,1991,,,,141073
,GUM,1992,,,,143393
,GUM,1993,,,,145654
,GUM,1994,,,,147868
,GUM,1995,,,,150054
,GUM,1996,,,,152169
,GUM,1997,,,,154215
,GUM,1998,,,,156237
,GUM,1999,,,,158289
,GUM,2000,,,,160065
,GUM,2001,,,,161329
,GUM,2002,,,3394000000.0,162315
Guam,GUM,2003,4.23956469911589,,3569000000.0,163137
Guam,GUM,2004,1.79534074166956,,3869000000.0,163810
Guam,GUM,2005,5.0644082344359,,4213000000.0,164365
Guam,GUM,2006,4.40688073216,,4238000000.0,164839
Guam,GUM,2007,3.01294733451209,,4397000000.0,165267
Guam,GUM,2008,3.82348519599265,,4658000000.0,165693
Guam,GUM,2009,3.19692668414319,,4828000000.0,166173
Guam,GUM,2010,0.237584677615857,,4949000000.0,166522
Guam,GUM,2011,0.62907025079673,,4984000000.0,166543
Guam,GUM,2012,3.43097913322632,,5265000000.0,166331
Guam,GUM,2013,0.84049308927905,,5399000000.0,165966
Guam,GUM,2014,2.07782277044168,,5610000000.0,165486
Guam,GUM,2015,2.52246816503092,,5799000000.0,164905
Guam,GUM,2016,1.57407577083902,,5901000000.0,164233
Guam,GUM,2017,0.998991461381451,,6013000000.0,163490
Guam,GUM,2018,1.47239079307833,,6051000000.0,162679
Guam,GUM,2019,2.43881496389949,,6355000000.0,161808
Guam,GUM,2020,4.03539008928644,,5916000000.0,162158
Guam,GUM,2021,3.25017571972322,,6234000000.0,163730
Guam,GUM,2022,5.46517905025054,,6910000000.0,165180
,GUM,2023,,,,166506
,GUM,2024,,,,167777
Guyana,GUY,1980,11.7787932465481,,603200000.0,774367
Guyana,GUY,1981,4.34073954664045,,570357107.1428572,776453
Guyana,GUY,1982,4.30240455114837,,482000000.0,776712
Guyana,GUY,1983,8.91968461045738,,489333333.3333333,775891
Guyana,GUY,1984,19.2817521956953,,437631605.2631579,774111
Guyana,GUY,1985,14.5100988981018,,453488372.0930233,771477
Guyana,GUY,1986,12.2933626905493,,504651139.5348837,768098
Guyana,GUY,1987,58.7108211163734,,354591846.9387755,764120
Guyana,GUY,1988,23.6460377170686,,413799990.0,759663
Guyana,GUY,1989,162.546009714862,,379779389.7058824,754865
Guyana,GUY,1990,56.4446095646669,,396582263.2911393,749894
Guyana,GUY,1991,134.53764412728,,348533094.8121646,747861
Guyana,GUY,1992,11.3007436728124,,373573141.48681056,749911
Guyana,GUY,1993,16.9508888014222,,454101382.4884793,752965
Guyana,GUY,1994,16.5723972758262,,540874934.2010123,755822
Guyana,GUY,1995,12.3517087490984,12.2105263157895,621626785.915493,758388
Guyana,GUY,1996,3.9305797534646,7.09471197276045,705406001.4245014,760526
Guyana,GUY,1997,1.44325370621002,3.55567090578809,749138009.5645396,762245
Guyana,GUY,1998,2.97009281527207,4.5864661654135,717530683.1695666,763586
Guyana,GUY,1999,11.2105069504252,7.53821939851393,694754988.258295,764483
Guyana,GUY,2000,6.58604372567883,6.14854333024871,712667896.7275119,764832
Guyana,GUY,2001,0.321971564083512,2.62741314203332,712167450.1628977,764477
Guyana,GUY,2002,2.61875157240041,5.3410152137741,726131434.7153385,763652
Guyana,GUY,2003,4.71856672944857,5.98097814066473,743063950.317749,763101
Guyana,GUY,2004,6.77523783891412,4.66846622369882,787814379.1838433,762418
Guyana,GUY,2005,7.63242891934588,6.92554303890157,824880550.3439649,760914
Guyana,GUY,2006,174.857704742568,6.67715790410028,2379817990.691796,758966
Guyana,GUY,2007,8.21101038547327,12.2001544446648,2730971595.395737,756861
Guyana,GUY,2008,9.55474858618992,8.10202206969276,3025187433.336369,754606
Guyana,GUY,2009,1.15311395698279,2.95230096381001,3165663152.7335134,752094
Guyana,GUY,2010,3.97225241927488,3.73337757704246,3432912516.9242687,749256
Guyana,GUY,2011,2.40931982980719,4.9777356370697,3691384317.521781,746153
Guyana,GUY,2012,4.72761506665056,2.39193521312334,4063088535.7633057,746288
Guyana,GUY,2013,-0.53668052810572,1.90125181860582,4167800928.83553,750021
Guyana,GUY,2014,-2.10540388667033,0.852630497539914,4127660151.808702,754229
Guyana,GUY,2015,3.00430951684523,-1.00173432776374,4279840193.7046,758781
Guyana,GUY,2016,0.898175926516998,0.836008061506207,4482697336.561744,763548
Guyana,GUY,2017,2.10900787395214,1.90465615515584,4748174334.140436,768479
Guyana,GUY,2018,-2.88748792539391,1.28284288443528,4787636997.853427,791556
Guyana,GUY,2019,2.96118846307267,2.08723089162013,5173760191.846522,807665
Guyana,GUY,2020,-26.2960990745423,0.99333702283873,5471256594.72422,807481
Guyana,GUY,2021,22.4176933066434,5.03285574626702,8041362110.31175,815482
Guyana,GUY,2022,12.0604452530687,6.11505550109935,14718388489.208632,821637
Guyana,GUY,2023,-12.8675261337105,2.82110335099641,16786302158.273382,826353
,GUY,2024,,2.90395226446373,,831087
High income,HIC,1980,11.7581557473054,,9318973466251.5,1104005914
High income,HIC,1981,10.6161901066231,11.4271763230549,9463529620224.12,1112639701
High income,HIC,1982,8.8270784009845,8.88571308471459,9370788287370.254,1120660141
High income,HIC,1983,5.90072103686749,6.90822881158842,9680375566671.549,1128262810
High income,HIC,1984,5.3109801582431,5.99195111048444,10091350207473.389,1135690050
High income,HIC,1985,4.86704273009101,4.64188054287193,10589659647967.176,1143179465
High income,HIC,1986,4.15066893813056,2.84178008252842,12863823517433.56,1150810379
High income,HIC,1987,4.81135461136319,3.65380433784698,14914230823362.943,1158607400
High income,HIC,1988,4.29757873944813,4.27888177184933,16785555755731.36,1166527684
High income,HIC,1989,5.43581136490045,5.16996495562573,17481687412866.576,1174766407
High income,HIC,1990,5.76986990784422,5.4039590921894,19577046428304.496,1182189938
High income,HIC,1991,3.92482576997164,5.29541497201842,20659797917552.074,1190620652
High income,HIC,1992,3.71171269705057,4.02893900408648,22119166125282.914,1199265190
High income,HIC,1993,3.51794415236976,4.1982601110385,22272082420753.637,1207321942
High income,HIC,1994,3.03497912941238,2.87746700027128,23818722465725.477,1214865411
High income,HIC,1995,3.4022272661566,3.75494413677554,26430046395918.6,1222056186
High income,HIC,1996,2.6853480688176,2.93120419993441,26643709351548.742,1229173348
High income,HIC,1997,2.23254084072848,2.43155133955926,26208151153812.51,1236130405
High income,HIC,1998,2.06751622126389,1.95913632274251,26174130826663.06,1242897726
High income,HIC,1999,2.30197021492987,2.13510866611858,27403905274743.547,1249367360
High income,HIC,2000,2.88433930020895,2.68684736744012,28036716903140.23,1255696330
High income,HIC,2001,2.58976943892402,2.62661472298117,27811072270318.094,1262093741
High income,HIC,2002,2.80027663544087,2.07408613571643,29022750091985.18,1268559564
High income,HIC,2003,2.82473952065922,2.05566329753742,32574954634084.758,1275200577
High income,HIC,2004,3.04242399802695,2.1926413357709,36387608557612.22,1282168195
High income,HIC,2005,2.94152197734185,2.62234586860218,38623901277744.24,1289125857
High income,HIC,2006,2.8955395734697,2.66631494577069,40986059390577.016,1296891494
High income,HIC,2007,3.33382450937479,2.85267248150138,45098647855102.445,1305578110
High income,HIC,2008,4.02960288331762,4.63359409113757,48338201243505.67,1314671040
High income,HIC,2009,1.586850062683,1.58845890753654,44940316093124.67,1322754052
High income,HIC,2010,1.5047865386211,2.07814071860787,47340327876455.97,1328657754
High income,HIC,2011,1.99591508916262,3.41068341068342,51524951092552.39,1334557663
High income,HIC,2012,2.09166482584344,2.66284165508021,51710003724530.76,1342428400
High income,HIC,2013,1.3323001564294,1.49150472970343,52439877375602.58,1350149879
High income,HIC,2014,1.20095646597851,1.03317212108915,53310162826089.13,1357496263
High income,HIC,2015,1.32071091723995,0.31969585681802,49773105280474.15,1366013614
High income,HIC,2016,0.950322479212474,0.443258157565783,50737236574099.64,1374284415
High income,HIC,2017,1.98679824630499,1.58734107634072,53336788717601.59,1380319892
High income,HIC,2018,1.95385298260793,1.85081508315502,56684556889445.77,1385103279
High income,HIC,2019,1.84430430326128,1.61076787290379,57218295248360.38,1389770301
High income,HIC,2020,1.32125719950292,0.56813717711819,55791128824226.22,1393472875
High income,HIC,2021,2.80128464647184,2.52264559340189,62461025675219.59,1391814501
High income,HIC,2022,5.9368968854381,7.17222476016441,64444446480056.59,1398001706
High income,HIC,2023,4.75854916721366,4.84991227992453,67653743404264.14,1408190184
,HIC,2024,,,,1417841927
"Hong Kong SAR, China",HKG,1980,15.7452199399122,,28861857810.65147,5063100
"Hong Kong SAR, China",HKG,1981,10.6161901066231,,31055226088.694305,5183400
"Hong Kong SAR, China",HKG,1982,9.68499045625842,10.9704641350212,32291215843.64333,5264500
"Hong Kong SAR, China",HKG,1983,4.60275336849104,9.8859315589355,29907227184.17897,5345100
"Hong Kong SAR, China",HKG,1984,9.64210339352296,8.65051903114184,33511383985.674088,5397900
"Hong Kong SAR, China",HKG,1985,5.36129875734916,3.50318471337575,35699772165.709335,5456200
"Hong Kong SAR, China",HKG,1986,3.7707339021686,3.38461538461534,41075396884.89521,5524600
"Hong Kong SAR, China",HKG,1987,8.61123594526019,5.65476190476196,50622896162.60058,5580500
"Hong Kong SAR, China",HKG,1988,8.80201625562198,7.8873239436618,59707404560.59441,5627600
"Hong Kong SAR, China",HKG,1989,12.5595279396317,10.1827676240209,68790219177.97331,5686200
"Hong Kong SAR, China",HKG,1990,7.56488595878093,10.4265402843602,76928784620.81581,5704500
"Hong Kong SAR, China",HKG,1991,9.14039095119379,11.1587982832617,88959997899.92932,5752000
"Hong Kong SAR, China",HKG,1992,9.89935455503705,9.65250965250966,104272507639.28249,5800500
"Hong Kong SAR, China",HKG,1993,8.61299983520128,8.80281690140857,120354212475.00026,5901000
"Hong Kong SAR, China",HKG,1994,6.32133091880169,8.73786407766985,135811771026.33047,6035400
"Hong Kong SAR, China",HKG,1995,4.1396380834922,9.07738095238091,144652295363.66672,6156100
"Hong Kong SAR, China",HKG,1996,5.8836909215122,6.27557980900412,159718183550.73416,6435500
"Hong Kong SAR, China",HKG,1997,5.76017748052651,5.77663671373521,177353174849.7142,6489300
"Hong Kong SAR, China",HKG,1998,1.21987468723724,2.91262135922399,168885443660.07248,6543700
"Hong Kong SAR, China",HKG,1999,-4.09566771051828,-4.00943396226445,165768095391.55655,6606500
"Hong Kong SAR, China",HKG,2000,-3.39416371132833,-3.68550368550369,171668891194.3487,6665000
"Hong Kong SAR, China",HKG,2001,-1.77403160610798,-1.65816326530609,169404327616.60522,6714300
"Hong Kong SAR, China",HKG,2002,-3.40188923853884,-2.98313878080415,166348866131.0282,6744100
"Hong Kong SAR, China",HKG,2003,-6.00769960516233,-2.67379679144394,161385558801.8108,6730800
"Hong Kong SAR, China",HKG,2004,-3.59081194875468,-0.274725274725253,169099768875.1926,6783500
"Hong Kong SAR, China",HKG,2005,-0.150061899138137,0.826446280991827,181569311742.2129,6813200
"Hong Kong SAR, China",HKG,2006,-0.534803185177395,2.00025160397534,193535442896.36505,6857100
"Hong Kong SAR, China",HKG,2007,3.13741749094942,2.03502713369511,211596944503.79977,6916300
"Hong Kong SAR, China",HKG,2008,1.28148277791765,4.30315484104921,219278749139.7337,6957800
"Hong Kong SAR, China",HKG,2009,-0.375418129080259,0.579441418472608,214047795659.0447,6972800
"Hong Kong SAR, China",HKG,2010,0.270631981013935,2.29289088604673,228638668727.29083,7024200
"Hong Kong SAR, China",HKG,2011,3.89786843894694,5.3052489299392,248513617677.28677,7071600
"Hong Kong SAR, China",HKG,2012,3.54482583426005,4.05390950903844,262628865879.6968,7150100
"Hong Kong SAR, China",HKG,2013,1.81248196706605,4.33799342105267,275696879834.9665,7178900
"Hong Kong SAR, China",HKG,2014,2.85026459638024,4.42364532019699,291459995978.8927,7229500
"Hong Kong SAR, China",HKG,2015,3.6435717873687,2.99084819322581,309385622601.3481,7291300
"Hong Kong SAR, China",HKG,2016,1.6382712065802,2.40930743862224,320860317562.5624,7336600
"Hong Kong SAR, China",HKG,2017,2.88058680368654,1.49387243939522,341273289534.46594,7393200
"Hong Kong SAR, China",HKG,2018,3.65955345372002,2.40613432046534,361731070995.7263,7452600
"Hong Kong SAR, China",HKG,2019,2.04491647121345,2.88320853773996,363074545072.3891,7507900
"Hong Kong SAR, China",HKG,2020,0.638293116434753,0.2509620210808,344943149590.0583,7481000
"Hong Kong SAR, China",HKG,2021,0.683636960252912,1.56875834445922,368954169748.81805,7413100
"Hong Kong SAR, China",HKG,2022,1.68885829817785,1.88136707196853,358696261481.1598,7346100
"Hong Kong SAR, China",HKG,2023,2.77774905222925,2.09660511249089,382054574298.52905,7536100
,HKG,2024,,1.72972119105914,,7524100
Honduras,HND,1980,11.2924547533385,18.0615430355956,3968160046.0,3727173
Honduras,HND,1981,3.16932827722172,9.40569126142496,4043894878.6,3841778
Honduras,HND,1982,7.74004861288542,8.98262170616892,4266503525.6,3958728
Honduras,HND,1983,3.98481813114276,8.2528116584826,4476697184.849999,4078174
Honduras,HND,1984,3.26391570947062,4.72636815920389,4915311846.5,4199850
Honduras,HND,1985,1.66148350126687,3.36267523608605,5278120712.5,4323342
Honduras,HND,1986,2.12867790570674,4.35272383207559,5677828959.0,4448899
Honduras,HND,1987,2.24250267912511,2.48715402223898,6190521241.5,4576910
Honduras,HND,1988,9.17751045764341,4.49125763640182,5902717091.416308,4707677
Honduras,HND,1989,11.5036925338541,9.85040925769098,5432344901.724138,4841838
Honduras,HND,1990,25.0086874853778,23.3225664366467,4923009551.55642,4980488
Honduras,HND,1991,26.2836710300963,33.9722602535864,4648668478.567533,5123792
Honduras,HND,1992,3.67417388031402,8.75988625255494,4943700431.073683,5271431
Honduras,HND,1993,10.9086143487444,10.748646716372,4926728932.950691,5423249
Honduras,HND,1994,21.3388006751817,21.729346883819,4642280682.142518,5579242
Honduras,HND,1995,23.7139686839353,29.4645292281585,5347445005.213764,5739637
Honduras,HND,1996,18.1935778444514,23.8378353073358,5215028986.486486,5903954
Honduras,HND,1997,16.8116051387563,20.1998667554962,5737099650.190114,6071454
Honduras,HND,1998,10.2989949131436,13.6681077485869,6366340265.878878,6234431
Honduras,HND,1999,7.57572728281066,11.66374097913,6414520529.616725,6400463
Honduras,HND,2000,7.99344674107078,11.0480349344976,7186638029.058749,6577773
Honduras,HND,2001,8.08434938014908,9.67415556865377,7651162302.345604,6757993
Honduras,HND,2002,5.13193992154596,7.69050972034271,7858255412.860379,6938859
Honduras,HND,2003,5.75974076655675,7.67416639397937,8230391346.672281,7119213
Honduras,HND,2004,6.45198385160759,8.1137909709338,8869299234.337696,7298994
Honduras,HND,2005,7.27916415839877,8.80906074819819,9757012696.562117,7478355
Honduras,HND,2006,5.34866346521486,5.57775207654298,10917477066.142908,7656832
Honduras,HND,2007,6.62550716828601,6.93621470895774,12361257680.562689,7834798
Honduras,HND,2008,7.79051363926141,11.4034270813932,13881731875.746613,8012587
Honduras,HND,2009,7.65373242322937,5.49634273772208,14587496229.18111,8189899
Honduras,HND,2010,4.67604329499009,4.69889064976226,15839344591.984163,8365878
Honduras,HND,2011,7.8072052366428,6.7622795731476,17710275685.407448,8540583
Honduras,HND,2012,3.57978742613756,5.19618615531848,18528554397.56951,8715076
Honduras,HND,2013,1.37403051856492,5.16189898581494,18499729214.904022,8889278
Honduras,HND,2014,6.84935672480186,6.12924930313022,19756533971.869846,9063122
Honduras,HND,2015,6.9327703694637,3.15783117980923,20979791685.41604,9237305
Honduras,HND,2016,3.67806814426042,2.72461223295289,21717604952.183525,9412380
Honduras,HND,2017,4.5128429763521,3.93436084442044,23136247990.597725,9588137
Honduras,HND,2018,1.94721691531043,4.34734937777528,24067750760.49897,9765210
Honduras,HND,2019,3.35874088466439,4.36587159819267,24882225741.811867,9943633
Honduras,HND,2020,3.40198228348704,3.46841177951184,23352232483.75501,10119640
Honduras,HND,2021,4.60572808888793,4.48087963413445,28144331506.614887,10289877
Honduras,HND,2022,9.31239503002736,9.08963911525025,31426041806.798485,10463872
Honduras,HND,2023,6.1785877403702,6.66325180347457,34400509852.04365,10644851
,HND,2024,,4.60621098127107,,10825703
Heavily indebted poor countries (HIPC),HPC,1980,12.9883197516404,,118158955500.9016,277128014
Heavily indebted poor countries (HIPC),HPC,1981,10.8085073501478,11.3365154415104,120573695619.68076,283255371
Heavily indebted poor countries (HIPC),HPC,1982,10.0000183961739,12.3124508707735,121466070068.64696,290471550
Heavily indebted poor countries (HIPC),HPC,1983,10.9096938505005,11.126644122143,123124522167.9432,298600262
Heavily indebted poor countries (HIPC),HPC,1984,14.5698880888814,11.3733220902937,129205222177.45314,306943902
Heavily indebted poor countries (HIPC),HPC,1985,10.4054880577224,10.4238402303886,137540014545.0776,315429759
Heavily indebted poor countries (HIPC),HPC,1986,9.84281949751727,6.80905593895127,124423789697.54613,324025001
Heavily indebted poor countries (HIPC),HPC,1987,12.5231608485536,7.02827195245954,132904929286.28668,333016950
Heavily indebted poor countries (HIPC),HPC,1988,9.53403991183907,6.93068617206518,140121552753.84973,342381086
Heavily indebted poor countries (HIPC),HPC,1989,12.1238763563495,8.0461586348732,144827895670.96292,352065913
Heavily indebted poor countries (HIPC),HPC,1990,11.9801417375466,6.8011976076257,167698097617.1251,361657937
Heavily indebted poor countries (HIPC),HPC,1991,16.3341883224958,8.81964099733884,182522872477.5752,371411648
Heavily indebted poor countries (HIPC),HPC,1992,11.150082868787,9.5234771910899,137478391074.75812,382507617
Heavily indebted poor countries (HIPC),HPC,1993,11.4107495542043,8.52787695688003,142227536704.23697,394851493
Heavily indebted poor countries (HIPC),HPC,1994,25.616962532322,32.2936668569551,121486215558.2822,406935718
Heavily indebted poor countries (HIPC),HPC,1995,13.0495263965768,14.378808651642,141409774172.6868,418830100
Heavily indebted poor countries (HIPC),HPC,1996,10.4490028967539,7.41137173526642,154144082762.93637,431006940
Heavily indebted poor countries (HIPC),HPC,1997,5.64262059409572,5.57225711125331,161383997622.49945,443196153
Heavily indebted poor countries (HIPC),HPC,1998,7.49572139802233,5.75331458417063,166850582010.55502,455939263
Heavily indebted poor countries (HIPC),HPC,1999,7.38243511492881,3.59889816353238,167809406850.79425,469076891
Heavily indebted poor countries (HIPC),HPC,2000,8.0972754941041,4.16540442290284,181381059271.1327,481984327
Heavily indebted poor countries (HIPC),HPC,2001,5.82661895863355,4.60374621964682,174623068211.6252,495197350
Heavily indebted poor countries (HIPC),HPC,2002,3.55421325456054,3.8957052575849,189453215972.2768,509679981
Heavily indebted poor countries (HIPC),HPC,2003,6.27947337751162,5.30238773219936,214945631968.98584,524773987
Heavily indebted poor countries (HIPC),HPC,2004,9.05090240497574,4.47499289078105,247743498935.08423,539803501
Heavily indebted poor countries (HIPC),HPC,2005,8.58488444144687,8.16954604881262,283838004106.17816,555358929
Heavily indebted poor countries (HIPC),HPC,2006,7.46134453965777,6.73993060387505,332982475731.4968,571454590
Heavily indebted poor countries (HIPC),HPC,2007,7.28820826067988,7.25410841304887,397470489216.47504,587432384
Heavily indebted poor countries (HIPC),HPC,2008,9.55474858618992,10.6597978997424,472367096833.1147,604007702
Heavily indebted poor countries (HIPC),HPC,2009,3.60351518418189,4.36234829325718,468776321860.3896,621337653
Heavily indebted poor countries (HIPC),HPC,2010,5.64433086097335,4.69889064976226,509061582442.26056,638796398
Heavily indebted poor countries (HIPC),HPC,2011,8.99929064251756,6.4293968107234,564065134052.8373,656783491
Heavily indebted poor countries (HIPC),HPC,2012,5.82399948795916,6.31474450315196,583888328733.1459,675397557
Heavily indebted poor countries (HIPC),HPC,2013,3.58690582613154,5.16189898581494,655856029913.9088,694622934
Heavily indebted poor countries (HIPC),HPC,2014,2.04949764468354,3.96986045166308,694344337474.5431,714769441
Heavily indebted poor countries (HIPC),HPC,2015,3.00430951684523,3.77406982025571,667302120360.8035,735429414
Heavily indebted poor countries (HIPC),HPC,2016,4.08186837702725,4.66466235810216,674512464051.6886,756895035
Heavily indebted poor countries (HIPC),HPC,2017,4.12270412733761,4.97595150553833,724757996634.9285,779389964
Heavily indebted poor countries (HIPC),HPC,2018,3.04136223867999,3.06735996058356,774607047567.8475,802020674
Heavily indebted poor countries (HIPC),HPC,2019,3.00001181631713,2.80270307928111,803355942387.0563,824649053
Heavily indebted poor countries (HIPC),HPC,2020,3.40198228348704,3.48393567493204,811360288084.9884,847743308
Heavily indebted poor countries (HIPC),HPC,2021,5.16433588592962,4.48087963413445,902263213997.8196,870930036
Heavily indebted poor countries (HIPC),HPC,2022,8.66620854081535,9.62147608489072,981675388899.4772,893906294
Heavily indebted poor countries (HIPC),HPC,2023,4.65972285962381,7.12697482131851,1130472157492.994,917304254
,HPC,2024,,,,941413026
,HRV,1980,,,,4599782
,HRV,1981,,,,4611509
,HRV,1982,,,,4634234
,HRV,1983,,,,4658254
,HRV,1984,,,,4680285
,HRV,1985,,,,4701417
,HRV,1986,,50.0,,4721446
,HRV,1987,,133.333263744315,,4739745
,HRV,1988,,185.714285714285,,4755207
,HRV,1989,,1400.0,,4767260
,HRV,1990,,500.000000000001,25650213158.616703,4777368
Croatia,HRV,1991,99.2954217924989,122.222222222221,18760386774.797256,4689022
Croatia,HRV,1992,594.846712426455,625.000000000001,10621169290.99859,4575818
Croatia,HRV,1993,1466.78950777082,1500.0,11259647874.498642,4600463
Croatia,HRV,1994,111.758749841778,107.327586206896,15062911616.82216,4652024
Croatia,HRV,1995,23.4978305937769,3.95010395010402,22778296980.753155,4620030
Croatia,HRV,1996,3.8344167423008,4.29999999999995,24147533317.061264,4557097
Croatia,HRV,1997,6.89048752665468,4.17066155321188,24172615137.042423,4534920
Croatia,HRV,1998,8.17944424818104,6.39668660837554,25885224248.950043,4532135
Croatia,HRV,1999,3.5134182816406,4.01913875598086,23770693686.838005,4512597
Croatia,HRV,2000,4.35088461209688,4.61131554737801,22128414548.544407,4468302
Croatia,HRV,2001,4.22808559680259,3.77670246665889,23062561236.644363,4299642
Croatia,HRV,2002,3.84070455117511,1.67178437393383,26757989560.57984,4302174
Croatia,HRV,2003,4.30049516603847,1.76733780760629,35256066455.73558,4303399
Croatia,HRV,2004,3.62413483551181,2.05539679050328,41855195584.65176,4304600
Croatia,HRV,2005,3.11436952510556,3.31717824448045,45025679589.54658,4310145
Croatia,HRV,2006,3.88062372679858,3.18982591472949,49601653625.16825,4311159
Croatia,HRV,2007,4.28626980768851,2.89928275583388,59320099744.95005,4310217
Croatia,HRV,2008,5.52922978301194,6.07696838798354,68526332324.3644,4309705
Croatia,HRV,2009,2.98499874568037,2.37852845904674,62093280554.12589,4305181
Croatia,HRV,2010,0.920113149429753,1.03055505333574,58836405998.53112,4295427
Croatia,HRV,2011,1.66934505042573,2.2727272727273,62772620898.64712,4280622
Croatia,HRV,2012,1.41145606381943,3.41207349081358,57411354937.68076,4260368
Croatia,HRV,2013,0.73288886582057,2.21658206429779,59589170667.56977,4233922
Croatia,HRV,2014,0.126544520072585,-0.215196159576268,59489433514.58493,4201598
Croatia,HRV,2015,0.12437215819854,-0.464499004644911,51011170111.84869,4151725
Croatia,HRV,2016,0.0151130697192627,-1.12500000000002,52740059263.42448,4106867
Croatia,HRV,2017,1.23163897621677,1.12937210282347,56322449844.15793,4041407
Croatia,HRV,2018,2.02559756591751,1.50012501041756,61861145806.268745,3988775
Croatia,HRV,2019,1.98838183285723,0.771820346498019,61867157679.32149,3949390
Croatia,HRV,2020,0.803359807884533,0.154811374562106,58221300897.88384,3914206
Croatia,HRV,2021,2.08111752959877,2.55450699642041,69602166351.47713,3878981
Croatia,HRV,2022,8.01280669780672,10.7805806758686,71997070660.48346,3855641
Croatia,HRV,2023,11.7403306343319,7.9412817758683,82688842717.3926,3859686
,HRV,2024,,,,3866200
Haiti,HTI,1980,19.2631974142908,17.7783052456577,1383800000.0,5614493
Haiti,HTI,1981,10.0478587441753,10.8583333329997,1479400000.0,5723725
Haiti,HTI,1982,3.33095824071361,7.35924227605051,1474200000.0,5835937
Haiti,HTI,1983,9.14309279925085,10.2436633526545,1623600000.0,5951096
Haiti,HTI,1984,11.5269242012741,6.40203239106075,1816200000.0,6069230
Haiti,HTI,1985,9.97375895388627,10.6488390138928,2009400000.0,6190862
Haiti,HTI,1986,15.9345984327886,3.27992663366622,2318000000.0,6316122
Haiti,HTI,1987,-10.9759466585695,-11.4494646121705,2047200000.0,6445123
Haiti,HTI,1988,27.427621559444,4.10546805875063,2613926800.0,6578145
Haiti,HTI,1989,7.82070964861587,6.92390503711238,2736243800.0,6714730
Haiti,HTI,1990,11.9957500830468,21.2760320067832,3096289800.0,6854441
Haiti,HTI,1991,14.6102588137357,15.4199073669492,3473562627.794227,6995450
Haiti,HTI,1992,20.9081659658449,19.358494654122,2257129791.615749,7136571
Haiti,HTI,1993,18.3366424469186,29.7059715065172,1878253767.3130488,7278181
Haiti,HTI,1994,56.7078918049329,39.3316195372753,2167569046.1183734,7419771
Haiti,HTI,1995,15.963377388462,27.6081851727601,2813313278.81082,7562546
Haiti,HTI,1996,9.97659004101597,20.5835962145112,2907517603.767188,7707557
Haiti,HTI,1997,12.7269915008058,20.5590073395833,3338949151.599272,7854298
Haiti,HTI,1998,14.1574176285167,5.26903547042201,3723903723.637718,8002143
Haiti,HTI,1999,7.03140253670993,3.00439421550734,4153725883.840823,8151296
Haiti,HTI,2000,91.3806637936128,9.33322197565603,6813566098.867498,8303151
Haiti,HTI,2001,13.2483298704949,13.31672224251,6331970324.310222,8455918
Haiti,HTI,2002,10.2209698640329,7.03287406224601,6205847213.635101,8607641
Haiti,HTI,2003,17.9855214217412,28.6995777887374,5071947798.272632,8759912
Haiti,HTI,2004,19.3029246947154,21.0318339277222,6087360684.2969,8910263
Haiti,HTI,2005,10.072132103637,13.973008326384,7030149730.336923,9061273
Haiti,HTI,2006,13.5183157532254,11.3452152244299,7638739122.672419,9216562
Haiti,HTI,2007,4.11225632167309,6.55722772638066,9228637767.69009,9373296
Haiti,HTI,2008,12.6749391714258,15.2817744823772,10432962634.874826,9530774
Haiti,HTI,2009,11.6014672379655,0.393886040173341,11597002834.778614,9689581
Haiti,HTI,2010,7.39382346704139,4.82734190074673,11859312725.144836,9803294
Haiti,HTI,2011,4.32073061328364,6.33279483849042,13008746038.8867,9914904
Haiti,HTI,2012,8.20779379091175,5.01804155429246,13708925477.130407,10069771
Haiti,HTI,2013,8.07714884191483,4.76502404779142,14902488604.242088,10222362
Haiti,HTI,2014,2.21898603934831,3.43816659958601,15146883497.633093,10373235
Haiti,HTI,2015,5.20596329822199,6.73184069658997,14849629308.602478,10523242
Haiti,HTI,2016,15.7032145295515,11.5029073942666,14069277526.227812,10671457
Haiti,HTI,2017,13.7798773975934,10.6800887242584,15093357161.149849,10817754
Haiti,HTI,2018,6.5357588755091,12.4814111170435,16403864617.84576,10962362
Haiti,HTI,2019,19.8003879006213,18.7037825672506,15016090929.512514,11105163
Haiti,HTI,2020,18.6851861283427,22.7963113642528,14508222518.301786,11243848
Haiti,HTI,2021,18.9602364056386,16.8415240198785,20877414952.63745,11374586
Haiti,HTI,2022,30.2012918564443,33.98393194707,20253551920.551617,11503606
Haiti,HTI,2023,31.5119631448975,36.8135162780854,19850829757.747147,11637398
,HTI,2024,,,,11772557
Hungary,HUN,1980,5.68664848448492,9.28585743921337,23041569234.97921,10711122
Hungary,HUN,1981,5.15179155003371,4.66141394394755,23628554956.605247,10711848
Hungary,HUN,1982,5.7103501343877,6.8358050825954,24062916721.31206,10705535
Hungary,HUN,1983,4.96090458128913,7.27989573279491,21838893330.60519,10689463
Hungary,HUN,1984,6.33162430558534,8.46785487646018,21173432184.871105,10668095
Hungary,HUN,1985,5.90976432501374,6.94234501879147,21440475719.858223,10648713
Hungary,HUN,1986,3.74226138866254,5.29166170071091,24697337084.10124,10630564
Hungary,HUN,1987,8.24957421262904,8.67431417733243,27143185296.5443,10612741
Hungary,HUN,1988,17.5260765685418,15.7235490703556,29702631093.881485,10596487
Hungary,HUN,1989,18.7365456340886,17.149151997396,30323270274.405884,10481719
Hungary,HUN,1990,25.666049673664,28.3695996532777,34365891768.68776,10373988
Hungary,HUN,1991,35.71544123657,34.8175429072704,34753569692.91496,10373400
Hungary,HUN,1992,21.5091796494696,23.6557207806552,38730585922.218864,10369341
Hungary,HUN,1993,21.2784550856639,22.4642346133809,40124916940.59447,10357523
Hungary,HUN,1994,19.4910605451918,18.8680749869283,43166678735.21832,10343355
Hungary,HUN,1995,26.7327889444513,28.3054683706654,46425677734.14352,10328965
Hungary,HUN,1996,21.930280736456,23.4690301919185,46658755151.6017,10311238
Hungary,HUN,1997,20.2607985778717,18.3050744143799,47296952928.75605,10290486
Hungary,HUN,1998,13.7672389258277,14.153789654534,48706787306.25736,10266570
Hungary,HUN,1999,8.12026432054157,9.99774409303368,49073380173.71591,10237530
Hungary,HUN,2000,9.58348091637275,9.80361016908125,47218405892.42581,10210971
Hungary,HUN,2001,11.0465639891595,9.11680911680911,53749989092.01972,10187576
Hungary,HUN,2002,8.09150583095244,5.26544821583985,67608919144.36836,10158608
Hungary,HUN,2003,5.43344610640528,4.66101694915254,85285062818.00766,10129552
Hungary,HUN,2004,5.09107072516386,6.74434679569469,104120820258.66872,10107146
Hungary,HUN,2005,2.62703094651735,3.56151711378352,113211158292.9365,10087065
Hungary,HUN,2006,3.65668643970305,3.93032603841001,115715618613.05196,10071370
Hungary,HUN,2007,5.44367721666583,7.9587451654491,140186716681.42496,10055780
Hungary,HUN,2008,4.80613866757824,6.0425125388106,158325614580.628,10038188
Hungary,HUN,2009,4.1990645514699,4.21171171171171,131069255620.5666,10022650
Hungary,HUN,2010,2.53257045300049,4.85555795691956,132175349953.71332,10000023
Hungary,HUN,2011,1.92872070289376,3.9299209893507,141942264554.47513,9971727
Hungary,HUN,2012,2.89276167816158,5.65214517088646,128814279315.1317,9920362
Hungary,HUN,2013,2.82053189026186,1.73319984983101,135684315697.7134,9872734
Hungary,HUN,2014,3.6927260947232,-0.227566270988219,141033843265.66858,9833038
Hungary,HUN,2015,2.7757419080134,-0.0616446800641672,125174166987.37167,9797755
Hungary,HUN,2016,1.3204719948326,0.394769306686392,128609822750.03862,9759755
Hungary,HUN,2017,4.02970505144422,2.34824281150154,143112196040.32568,9726756
Hungary,HUN,2018,4.847425391946,2.85024792594646,160565642983.58676,9706964
Hungary,HUN,2019,4.78502518079389,3.33858635382008,164020460331.65897,9694824
Hungary,HUN,2020,6.38947660567723,3.32674385766738,157288955508.17633,9670419
Hungary,HUN,2021,6.43924810515087,5.11096534382855,182109999477.69077,9630932
Hungary,HUN,2022,14.2313411581322,14.6081439492433,177006128624.62692,9605074
Hungary,HUN,2023,14.7490051351556,17.1249659678737,212388906458.72397,9592186
,HUN,2024,,3.70370370370369,,9562065
IBRD only,IBD,1980,22.1184902235648,17.4703042795772,2495337530229.9053,2869277824
IBRD only,IBD,1981,10.4420666998509,14.1899276364131,2679716239809.967,2923255528
IBRD only,IBD,1982,8.02318350006618,10.8325068623836,2598534706334.6484,2980033813
IBRD only,IBD,1983,8.49478154054747,11.8339109100955,2671753233490.0737,3037252917
IBRD only,IBD,1984,8.12372570854757,12.4475693291853,2773573376450.62,3094477559
IBRD only,IBD,1985,8.09976323534119,11.5212607368495,2856094151218.432,3152581662
IBRD only,IBD,1986,7.49074948646498,10.9183887271061,2906164344615.229,3212177926
IBRD only,IBD,1987,9.32789330598244,9.80193387398675,2962762817058.3257,3273388723
IBRD only,IBD,1988,9.06096347700196,10.8327037689913,3156451762787.7754,3334875641
IBRD only,IBD,1989,9.29248554309839,14.3295390328572,3174083997481.793,3395765359
IBRD only,IBD,1990,15.4454404639221,16.1921375615233,3560303900038.582,3455533853
IBRD only,IBD,1991,25.6171132056872,19.505001673093,3448774162440.417,3513390696
IBRD only,IBD,1992,18.350780681308,13.6374241717218,3624577197344.4175,3568890021
IBRD only,IBD,1993,14.5043516282533,14.3308033365888,3934211426064.52,3622924380
IBRD only,IBD,1994,16.9523160277603,22.705647224337,4339185750582.6406,3675872938
IBRD only,IBD,1995,11.4272817104485,14.5838224334002,4916948102663.379,3728290191
IBRD only,IBD,1996,9.29387323537401,10.0828580652108,5368909819962.314,3780446473
IBRD only,IBD,1997,7.93322816521219,7.71053878969885,5694529340364.156,3832391543
IBRD only,IBD,1998,8.01016752456401,7.2661980440096,5541398163455.25,3884078902
IBRD only,IBD,1999,6.33463973024264,5.01996827507182,5397562849862.584,3934521819
IBRD only,IBD,2000,7.38083885101,4.68757013735526,5873248460100.093,3983328255
IBRD only,IBD,2001,5.37434640155622,5.39883985897829,5954917913637.387,4031080605
IBRD only,IBD,2002,4.92118791987299,4.1500586166472,6043651266693.341,4077229003
IBRD only,IBD,2003,5.62319259054456,4.09500376698849,6788178855352.027,4122775918
IBRD only,IBD,2004,7.7652785346058,4.69938972474511,8085419494002.896,4168676771
IBRD only,IBD,2005,6.66772455718578,4.90328350926887,9657998889452.797,4214082145
IBRD only,IBD,2006,8.44730526034763,5.64087772156342,11453342785003.834,4258827055
IBRD only,IBD,2007,7.11535054335639,5.43249256550149,14221824723609.965,4302067550
IBRD only,IBD,2008,9.5923273865413,9.41346312169846,17060926940839.877,4346234014
IBRD only,IBD,2009,3.16159648072517,3.73014786563162,16541826277696.309,4391389527
IBRD only,IBD,2010,7.00928360259741,4.11211139315219,20111983284711.48,4436714947
IBRD only,IBD,2011,6.83751222954146,5.55389892257493,23807285173177.44,4483152627
IBRD only,IBD,2012,4.73363297222332,4.27949999641975,25304734948065.89,4532100585
IBRD only,IBD,2013,2.83972412637765,3.89555152647667,26693510662628.867,4581958556
IBRD only,IBD,2014,2.86031160659735,3.50379093139812,27592783808400.59,4630607878
IBRD only,IBD,2015,2.1694364984367,3.26150906442242,25838353087075.664,4676773551
IBRD only,IBD,2016,2.62804309696658,2.12081713361587,26027770587219.1,4721566970
IBRD only,IBD,2017,4.20702850443691,3.32389447576097,28745223958869.04,4765773411
IBRD only,IBD,2018,3.61211059645764,3.21605383144587,30579316565085.14,4806981820
IBRD only,IBD,2019,2.37667415121405,2.55754475703327,31246593993598.37,4845075024
IBRD only,IBD,2020,2.38848095642257,2.40414666699827,30103859045527.81,4878296727
IBRD only,IBD,2021,6.19285088635113,4.26635754479805,35740404315658.11,4905212516
IBRD only,IBD,2022,9.56630364653237,8.81109209279587,37733201523901.375,4928196300
IBRD only,IBD,2023,5.25924289518227,5.97802515541409,38733043068564.85,4952212190
,IBD,2024,,,,4979421568
IDA & IBRD total,IBT,1980,13.9126652281184,15.48791145902,2791782941444.556,3536954994
IDA & IBRD total,IBT,1981,9.57797518422004,13.0286479969935,3154989805210.844,3609089669
IDA & IBRD total,IBT,1982,8.11308684183778,10.816585254705,3046965333072.1987,3685043956
IDA & IBRD total,IBT,1983,8.52030774031029,10.620753648024,3040184802522.8804,3762109361
IDA & IBRD total,IBT,1984,9.68701265304514,10.284098213138,3114447962164.7944,3839296592
IDA & IBRD total,IBT,1985,7.85084492490826,8.50837434391595,3210382959422.716,3918002286
IDA & IBRD total,IBT,1986,6.55450968975859,8.35304133136604,3213192269731.733,3998725110
IDA & IBRD total,IBT,1987,8.84202042232948,8.18907449481081,3281409649813.81,4081589183
IDA & IBRD total,IBT,1988,9.06096347700196,8.91047020013381,3493680607335.671,4165012459
IDA & IBRD total,IBT,1989,8.51092844314571,8.92994142894026,3516679380808.702,4248240134
IDA & IBRD total,IBT,1990,10.7158851532271,10.8589657782787,3938241140458.3735,4330689753
IDA & IBRD total,IBT,1991,14.6102588137357,12.4452441633871,3855769843542.668,4411587746
IDA & IBRD total,IBT,1992,12.9000344835068,10.0561167448841,3988433395055.7295,4491324220
IDA & IBRD total,IBT,1993,11.2979738583905,10.6332425818307,4316120552669.1807,4570777029
IDA & IBRD total,IBT,1994,16.9523160277603,20.5661948376355,4734478573420.383,4649243135
IDA & IBRD total,IBT,1995,11.076427188031,11.1287029707089,5396987083280.384,4727566480
IDA & IBRD total,IBT,1996,8.94219391896976,8.82705061756342,5921564677285.115,4806199043
IDA & IBRD total,IBT,1997,6.99682218586011,7.12532722513057,6273240704996.343,4884731621
IDA & IBRD total,IBT,1998,6.94032134027844,6.81079323797192,6143311465263.654,4963254080
IDA & IBRD total,IBT,1999,6.72821877248472,4.46435467675891,5848508466521.356,5040645749
IDA & IBRD total,IBT,2000,6.83011466821127,4.18234633956544,6390526414219.346,5116723507
IDA & IBRD total,IBT,2001,5.69636400289016,5.00743290822373,6465885572313.396,5192348770
IDA & IBRD total,IBT,2002,4.19252107522244,3.8957052575849,6593953285638.37,5267145775
IDA & IBRD total,IBT,2003,5.61833211850035,4.52733824219011,7408766752494.036,5341840046
IDA & IBRD total,IBT,2004,7.09980032947256,4.46346840736575,8811152019657.498,5417128229
IDA & IBRD total,IBT,2005,7.05610348587702,6.08218729535043,10499926993564.469,5492481030
IDA & IBRD total,IBT,2006,7.55679942246153,6.12556615620285,12458305114561.057,5568236362
IDA & IBRD total,IBT,2007,7.20177940201813,6.14356655248047,15401421654907.7,5643505923
IDA & IBRD total,IBT,2008,9.39011103900804,10.2783937621135,18465834149693.49,5720065907
IDA & IBRD total,IBT,2009,3.13941322099926,3.99895451849944,17913122960002.152,5797994405
IDA & IBRD total,IBT,2010,6.32809696031494,4.06749555950263,21693456395830.336,5876645582
IDA & IBRD total,IBT,2011,7.83332804468386,5.79911173145917,25594615218755.266,5956718993
IDA & IBRD total,IBT,2012,4.92959071322825,5.00686319367273,27188545719649.605,6038958543
IDA & IBRD total,IBT,2013,3.36263549409656,4.3411548980431,28743704005346.543,6120456890
IDA & IBRD total,IBT,2014,2.99107712093694,3.51695551369241,29800896836060.047,6201607778
IDA & IBRD total,IBT,2015,2.96001569336683,3.16346457365876,27987288576613.15,6280961830
IDA & IBRD total,IBT,2016,2.77395951681252,2.81833288054802,28169507573194.125,6360153661
IDA & IBRD total,IBT,2017,4.15203958049391,3.44637335032669,30960119365364.016,6440011821
IDA & IBRD total,IBT,2018,3.57593206720305,3.13285318810383,32964096579686.016,6518058354
IDA & IBRD total,IBT,2019,2.82429576528958,2.6806827895334,33722356189565.85,6594216452
IDA & IBRD total,IBT,2020,2.82883193883481,2.8981937602627,32528587315534.145,6666470352
IDA & IBRD total,IBT,2021,5.8428798374009,4.25936417542868,38378968351134.22,6732651035
IDA & IBRD total,IBT,2022,8.61824524701927,8.48730869535043,40566997900554.3,6794724390
IDA & IBRD total,IBT,2023,5.14466745732078,6.09852132676211,41559721641424.8,6858521511
,IBT,2024,,,,6926222113
IDA total,IDA,1980,12.5171777751875,,293400954626.97705,667677170
IDA total,IDA,1981,8.74925303712048,12.0236539706611,426223819976.0848,685834141
IDA total,IDA,1982,8.301317589562,10.816585254705,404486564860.62445,705010143
IDA total,IDA,1983,8.70372024441841,8.80413836917205,349645458108.88873,724856444
IDA total,IDA,1984,10.1772044843492,7.89251666092376,331449107693.95746,744819033
IDA total,IDA,1985,6.92776915568827,7.17070132449548,343779195534.5611,765420624
IDA total,IDA,1986,5.92778510415164,6.80905593895127,309190328533.65027,786547184
IDA total,IDA,1987,7.6890065862942,7.02175303902781,319495458117.7952,808200460
IDA total,IDA,1988,9.01356781083626,8.50786801086301,338669681386.6566,830136818
IDA total,IDA,1989,7.89841724708602,7.54616477272771,343828929532.5688,852474775
IDA total,IDA,1990,7.99401392581226,8.2397003745321,378856660652.6743,875155900
IDA total,IDA,1991,10.4459358533896,9.27545370655182,409092280613.0308,898197050
IDA total,IDA,1992,8.92328955866431,9.49779198403657,364758759974.7688,922434199
IDA total,IDA,1993,9.9371554171951,7.50539419087105,382908861851.4712,947852649
IDA total,IDA,1994,16.7944060315402,15.1763474313441,395889357665.3764,973370197
IDA total,IDA,1995,9.85400810635205,10.0221733553239,481341765046.5578,999276289
IDA total,IDA,1996,8.67899666150048,7.19164660433344,554633517949.8015,1025752570
IDA total,IDA,1997,5.31777188051445,6.68365536789982,580664386042.9703,1052340078
IDA total,IDA,1998,6.18421616396624,6.0922623040259,604570449948.6671,1079175178
IDA total,IDA,1999,7.10830184452789,4.14267137284048,450872755018.96246,1106123930
IDA total,IDA,2000,6.468815226824,3.8610653418551,517721477276.1516,1133395252
IDA total,IDA,2001,6.01279243381738,4.41977245881146,511239299618.944,1161268165
IDA total,IDA,2002,3.92137857065688,3.82293995768478,550995965118.9045,1189916772
IDA total,IDA,2003,5.53933744651502,5.30297697364859,621400206928.4497,1219064128
IDA total,IDA,2004,6.79561761190055,4.37623907077313,726522702342.7588,1248451458
IDA total,IDA,2005,7.27916415839877,6.83633265892875,842542900340.948,1278398885
IDA total,IDA,2006,6.79728556994954,6.2410332814282,1005777469306.554,1309409307
IDA total,IDA,2007,7.28820826067988,6.55722772638066,1179708743319.3362,1341438373
IDA total,IDA,2008,9.11982488742804,10.7156661309681,1404907208853.6165,1373831893
IDA total,IDA,2009,3.11722996127335,4.32909396037581,1371296682305.8477,1406604878
IDA total,IDA,2010,5.64433086097335,3.99639528107218,1581473111118.858,1439930635
IDA total,IDA,2011,8.58039895814788,6.33279483849042,1787330045577.8386,1473566366
IDA total,IDA,2012,5.82399948795916,5.59607014268585,1883810771583.7256,1506857958
IDA total,IDA,2013,3.58693538896726,4.88516387595471,2050193342717.6787,1538498334
IDA total,IDA,2014,3.48482234984576,3.51695551369241,2208113027659.462,1570999900
IDA total,IDA,2015,3.69597694948588,3.16346457365876,2147696040031.451,1604188279
IDA total,IDA,2016,2.97683473353541,3.37153003512095,2140704517319.637,1638586691
IDA total,IDA,2017,4.10173894336428,3.89251625363385,2215171469680.7456,1674238410
IDA total,IDA,2018,3.52803102290719,2.96760366004456,2384804805111.073,1711076534
IDA total,IDA,2019,3.34313691610601,2.72643037388832,2475420920253.66,1749141428
IDA total,IDA,2020,3.13798391090493,3.48393567493204,2424027549200.2925,1788173625
IDA total,IDA,2021,5.56666402809906,4.1862150652352,2639992963139.394,1827438519
IDA total,IDA,2022,8.07767918224402,8.16059031991844,2835003428054.01,1866528090
IDA total,IDA,2023,4.65972285962381,6.66325180347457,2828041013610.3545,1906309321
,IDA,2024,,,,1946800545
IDA blend,IDB,1980,12.5802985849553,14.1097064496918,128870008364.99786,219552133
IDA blend,IDB,1981,6.97754029593261,11.8799135925283,247323986825.6221,227625217
IDA blend,IDB,1982,7.04805369547054,7.22825662243943,226070570770.67215,235282858
IDA blend,IDB,1983,6.57756343796486,6.362033499853,171776289431.1871,242589635
IDA blend,IDB,1984,8.02456377201574,5.87338976138502,147488279551.9643,249868265
IDA blend,IDB,1985,4.49290561266191,5.50404882244931,148005975332.56854,257661913
IDA blend,IDB,1986,4.40928402828408,3.50641424758205,133626158570.52504,265801351
IDA blend,IDB,1987,7.07587323023934,4.68121854620213,136898130940.9204,274161638
IDA blend,IDB,1988,6.45562427885882,4.07407407407384,144303058843.68182,282708012
IDA blend,IDB,1989,3.94092336088616,4.55516014234884,141950721937.23193,291381564
IDA blend,IDB,1990,4.13823158649787,7.36440030557692,147829716954.31564,300366368
IDA blend,IDB,1991,6.33152064509527,6.49734555984545,158966792466.51212,309491517
IDA blend,IDB,1992,4.19922856102529,4.88302271568611,153779820642.0538,318337815
IDA blend,IDB,1993,5.99690992883194,4.97411430311646,163763454842.52646,327140314
IDA blend,IDB,1994,6.56778041472919,3.77065767284965,182058585829.45767,336096421
IDA blend,IDB,1995,5.17342643454008,8.35152497972927,255612158933.52692,345327214
IDA blend,IDB,1996,5.62381194728181,5.96361961777576,309556012790.4569,354861820
IDA blend,IDB,1997,3.08187889020277,4.37530843544392,325059724110.23376,364489851
IDA blend,IDB,1998,3.54389041654935,5.05295835198299,340153751445.01654,374262946
IDA blend,IDB,1999,6.29705356401369,4.14263718082171,183774429526.0243,384018319
IDA blend,IDB,2000,4.53937220050526,3.06743966930585,226799197386.94348,394129957
IDA blend,IDB,2001,4.20036560280634,4.27267024465105,226318400272.64963,404662385
IDA blend,IDB,2002,2.74372157214314,2.83442260128067,248462838455.2748,414935066
IDA blend,IDB,2003,5.38192737520464,2.6161087236129,280423881008.6594,425311302
IDA blend,IDB,2004,3.76961636384112,2.89376233055243,340143118674.0807,436147454
IDA blend,IDB,2005,5.34634143735731,3.28514852605791,402541987923.4158,447132945
IDA blend,IDB,2006,4.63617938906714,4.68476568998718,498778333888.9592,458394453
IDA blend,IDB,2007,5.71974957140439,4.60735172750239,578188309214.9082,470476526
IDA blend,IDB,2008,7.55224645311535,8.54875474799641,677188107675.7102,482975881
IDA blend,IDB,2009,1.85984206066762,2.01736097998404,631412536974.8903,495610570
IDA blend,IDB,2010,4.82630221569335,3.43650905943351,741312007016.759,508422508
IDA blend,IDB,2011,7.08705667975752,4.45735871596997,847544916121.7972,520984443
IDA blend,IDB,2012,4.39104776358013,4.35742047634744,941695867218.5646,532980174
IDA blend,IDB,2013,3.57671112814791,2.48194455802871,1023665425289.172,544442648
IDA blend,IDB,2014,1.7989498941914,1.52814907423918,1110564323061.4287,555868551
IDA blend,IDB,2015,2.81102859289464,1.95210679937833,1054056007822.38,567234056
IDA blend,IDB,2016,2.30606279951792,2.42047587077673,984095717018.7716,578463670
IDA blend,IDB,2017,3.74337042170357,1.65049494073163,967437544352.2806,590024074
IDA blend,IDB,2018,3.11334381483177,2.63647201015892,1056914447272.3888,601951913
IDA blend,IDB,2019,2.93799665764543,2.20607305781525,1077750148722.683,614017319
IDA blend,IDB,2020,0.535866232026407,1.79537147083108,1009467966729.6482,626440308
IDA blend,IDB,2021,7.23089062265045,3.23563659237071,1104603036389.796,639196319
IDA blend,IDB,2022,8.50917325062476,7.00530945399787,1183656384165.711,651895919
IDA blend,IDB,2023,4.06636025144491,4.47720868651284,1044015231915.957,664395892
,IDB,2024,,,,676957651
Indonesia,IDN,1980,29.1454997737451,18.0354301616893,72482337397.44394,148950540
Indonesia,IDN,1981,10.1507146481633,12.2659085141911,85518233419.04785,152485035
Indonesia,IDN,1982,7.9505038995089,9.44542395353452,90158449294.99203,156052152
Indonesia,IDN,1983,18.6127003508106,11.7997405215176,81052283383.71552,159651381
Indonesia,IDN,1984,10.4218296841676,10.45503482319,84853700027.65103,163251124
Indonesia,IDN,1985,6.19136369122812,4.72453615680211,85289488375.44347,166776185
Indonesia,IDN,1986,2.25377148401233,5.822666961752,79954072544.52792,170175065
Indonesia,IDN,1987,16.0038157135078,9.27865613161588,75929617557.75212,173511154
Indonesia,IDN,1988,7.62910933335303,8.04536715123099,84300174485.79732,176855065
Indonesia,IDN,1989,9.4850296359315,6.41553963494971,94451427876.6628,180201630
Indonesia,IDN,1990,9.09394969768371,7.81919144730547,106140727333.63564,183501098
Indonesia,IDN,1991,8.76703888583599,9.41905827724146,116621996217.1334,186778238
Indonesia,IDN,1992,7.28885625784123,7.52351717022748,128026966579.96376,190043744
Indonesia,IDN,1993,19.1525782553043,9.67189338180118,158006700301.5332,193305168
Indonesia,IDN,1994,7.77657280267769,8.53200525418847,176892143931.50528,196591828
Indonesia,IDN,1995,9.88204513093129,9.42032321644615,202132028723.11533,199888057
Indonesia,IDN,1996,8.6765097553662,7.97328085611417,227369679374.9733,203204348
Indonesia,IDN,1997,12.5713762956895,6.22614163387588,215748998609.635,206536095
Indonesia,IDN,1998,75.2711687734718,58.4510444723947,95445547872.71504,209826788
Indonesia,IDN,1999,14.1611959857791,20.47783111264,140001351215.46185,213004668
Indonesia,IDN,2000,20.4474568521459,3.68861915958352,165021012077.80963,216077790
Indonesia,IDN,2001,14.2957154362836,11.5001148791768,160446947784.90857,219097902
Indonesia,IDN,2002,5.89605169318483,11.9001175663778,195660611165.18344,222088495
Indonesia,IDN,2003,5.48742913790147,6.75731719362853,234772463823.80835,225048008
Indonesia,IDN,2004,8.55072703186366,6.06405988526521,256836875295.4519,227926649
Indonesia,IDN,2005,14.3317870842712,10.4531984193865,285868619196.0848,230871650
Indonesia,IDN,2006,14.087424416793,13.1086720985296,364570515618.3569,233951652
Indonesia,IDN,2007,11.2585785308968,6.40656281325701,432216737774.8605,237062337
Indonesia,IDN,2008,18.1497512494668,10.2266645473148,510228634990.5983,240157903
Indonesia,IDN,2009,8.27475243172917,4.38641555014731,539580085616.492,243220028
Indonesia,IDN,2010,15.2642936576449,5.13420400767928,755094157621.9355,246305322
Indonesia,IDN,2011,7.46594303367513,5.3560477898215,892969104563.1713,249470032
Indonesia,IDN,2012,3.75387875323653,4.27949999641975,917869913332.6486,252698525
Indonesia,IDN,2013,4.96599029131677,6.41251330156418,912524136718.0182,255852467
Indonesia,IDN,2014,5.44317454935612,6.39492540819922,890814755533.5369,258877399
Indonesia,IDN,2015,3.98024266013961,6.36312113115612,860854232686.2139,261799249
Indonesia,IDN,2016,2.43892408688207,3.5258051568793,931877364037.6976,264627418
Indonesia,IDN,2017,4.29267812199525,3.80879806953157,1015618744159.734,267346658
Indonesia,IDN,2018,3.81832356943335,3.1983464156241,1042271532988.6316,269951846
Indonesia,IDN,2019,1.59848849984144,3.03058664969487,1119099871350.1992,272489381
Indonesia,IDN,2020,-0.401651435218994,1.9209680056685,1059054842698.482,274814866
Indonesia,IDN,2021,6.00397322136207,1.56012990525673,1186509691086.7307,276758053
Indonesia,IDN,2022,9.56668684525337,4.20946383402165,1319076267310.162,278830529
Indonesia,IDN,2023,1.5330736733459,3.67013142377007,1371171152331.155,281190067
,IDN,2024,,,,283487931
IDA only,IDX,1980,12.5171777751875,,163265145364.36432,448125037
IDA only,IDX,1981,9.50260832065329,,170754419012.08243,458208924
IDA only,IDX,1982,9.0465164203043,,171592411137.81265,469727285
IDA only,IDX,1983,9.10715260219285,,174451138973.80054,482266809
IDA only,IDX,1984,11.3967204922577,8.82339598893774,182330874019.79776,494950768
IDA only,IDX,1985,8.93083000559061,9.32936112984318,194539320065.9348,507758711
IDA only,IDX,1986,7.2228447686637,9.68295473116515,174407396608.2547,520745833
IDA only,IDX,1987,11.306944056869,7.9347540718007,181510608388.10736,534038822
IDA only,IDX,1988,9.79605539362043,9.45351339009695,193390531239.4092,547428806
IDA only,IDX,1989,8.337973249846,8.81336205065297,201851599985.29355,561093211
IDA only,IDX,1990,11.8587057699314,9.86085108398358,232816355943.8044,574789532
IDA only,IDX,1991,12.7581993007494,12.2751729438893,252129992740.6574,588705533
IDA only,IDX,1992,11.150082868787,10.141817562151,211672027107.27893,604096384
IDA only,IDX,1993,10.8417618101674,9.52484537019695,219777744615.82025,620712335
IDA only,IDX,1994,22.147259018823,22.4530690181237,213964030903.19003,637273776
IDA only,IDX,1995,11.0640001040792,11.3869074924854,224492421427.7612,653949075
IDA only,IDX,1996,10.0738348648313,8.51995195925336,243038325367.7629,670890750
IDA only,IDX,1997,6.49837857785635,7.21732911191735,253429945077.79956,687850227
IDA only,IDX,1998,7.34486242985634,6.20904159059565,262082551568.0948,704912232
IDA only,IDX,1999,7.31566985986627,4.57803015362165,268212792940.09537,722105611
IDA only,IDX,2000,6.69302183966732,4.01212081070342,291557552376.7759,739265295
IDA only,IDX,2001,6.55411843600844,4.60374621964682,285482351627.00745,756605780
IDA only,IDX,2002,4.17065591684414,4.1786723990479,303011338636.68097,774981706
IDA only,IDX,2003,5.75974076655675,5.68785852658107,341509684072.07446,793752826
IDA only,IDX,2004,7.0727591038912,4.60133998249787,386660282055.1653,812304004
IDA only,IDX,2005,7.63242891934588,7.16541759946639,440100803249.34784,831265940
IDA only,IDX,2006,7.46134453965777,6.69526465773354,506608850466.3347,851014854
IDA only,IDX,2007,7.43627840440044,7.02551436974771,601253783985.3998,870961847
IDA only,IDX,2008,9.21371767444133,11.4034270813932,727719101177.9065,890856012
IDA only,IDX,2009,4.03530386157287,4.44626244229259,739884145330.9576,910994308
IDA only,IDX,2010,6.26499886932319,4.76311627525449,840161104102.0992,931508127
IDA only,IDX,2011,8.58039895814788,6.7167684358854,939785129456.0404,952581923
IDA only,IDX,2012,5.89315892251292,5.98172132315561,942114904365.1608,973877784
IDA only,IDX,2013,3.63300945054496,5.08577271963222,1026527917428.5072,994055686
IDA only,IDX,2014,3.79025038594511,4.12924306873771,1097548704598.0332,1015131349
IDA only,IDX,2015,4.23801100733569,3.40274327737188,1093640032209.0708,1036954223
IDA only,IDX,2016,3.64687311981158,3.74103082110772,1156608800300.8652,1060123021
IDA only,IDX,2017,4.23616904362789,4.31421134623784,1247733925328.4648,1084214336
IDA only,IDX,2018,3.80584978003358,3.01748181031406,1327890357838.6838,1109124621
IDA only,IDX,2019,3.46709767699252,2.83514555687506,1397670771530.9763,1135124109
IDA only,IDX,2020,3.30969230794909,3.94180326908065,1414559582470.6448,1161733317
IDA only,IDX,2021,5.56666402809906,4.37012190478156,1535389926749.5986,1188242200
IDA only,IDX,2022,8.07767918224402,9.45955253039717,1651361994353.6184,1214632171
IDA only,IDX,2023,5.39039286757867,7.11475951738199,1786070910237.1333,1241913429
,IDX,2024,,,,1269842894
,IMN,1980,,,,64076
,IMN,1981,,,,64596
,IMN,1982,,,,64686
,IMN,1983,,,,64630
,IMN,1984,,,,64528
Isle of Man,IMN,1985,5.32211606479522,,,64401
Isle of Man,IMN,1986,2.17153669267903,,,64695
Isle of Man,IMN,1987,5.37077589225051,,,65597
Isle of Man,IMN,1988,4.43718609712469,,,66680
Isle of Man,IMN,1989,7.47887278135218,,,67790
Isle of Man,IMN,1990,9.0493596759454,,,68916
Isle of Man,IMN,1991,6.89045247166862,,,69808
Isle of Man,IMN,1992,3.74245550165119,,,70353
Isle of Man,IMN,1993,2.15636686258742,,,70772
Isle of Man,IMN,1994,2.54138760337173,,,71168
Isle of Man,IMN,1995,2.92003206566251,,914762873.6891532,71513
Isle of Man,IMN,1996,2.56971675250178,,1023005862.7792743,72047
Isle of Man,IMN,1997,2.64422861089284,,1180968165.4085984,72909
Isle of Man,IMN,1998,2.38711477002045,,1382605389.3205488,73861
Isle of Man,IMN,1999,2.29396839491729,,1567402513.6964228,74790
Isle of Man,IMN,2000,3.30467642451447,,1563667799.6157825,75659
Isle of Man,IMN,2001,3.94179410350442,,1659131243.7383714,76476
Isle of Man,IMN,2002,2.48308532818655,,1947332921.747183,77275
Isle of Man,IMN,2003,3.16682314898067,,2328658227.848101,78049
Isle of Man,IMN,2004,5.4488670166636,,2822358473.169832,78792
Isle of Man,IMN,2005,2.89669891422825,,3032411026.949189,79516
Isle of Man,IMN,2006,3.56126163688073,,3422733202.450104,80294
Isle of Man,IMN,2007,11.6230960809632,,4466350655.89909,81147
Isle of Man,IMN,2008,37.7329037032917,,5928791505.351438,82029
Isle of Man,IMN,2009,6.96588300576593,,5486921247.073229,82939
Isle of Man,IMN,2010,5.20678784279833,,5920369789.501823,83873
Isle of Man,IMN,2011,4.85475952954853,,6565667052.797365,84382
Isle of Man,IMN,2012,-3.68368421655127,,6690228371.669086,84335
Isle of Man,IMN,2013,1.53566217535929,,7001175622.712655,84141
Isle of Man,IMN,2014,-0.522056397610342,,7708454412.321261,83892
Isle of Man,IMN,2015,-0.627042047072379,,7084800892.222841,83593
Isle of Man,IMN,2016,2.2367860662342,,6846377563.006829,83466
Isle of Man,IMN,2017,3.99999709759626,,6979788333.502793,83609
Isle of Man,IMN,2018,1.29998718635152,,7491649455.927165,83805
Isle of Man,IMN,2019,1.80000342483409,,7314967866.282892,83957
Isle of Man,IMN,2020,-0.205802426208734,,6684225641.0256405,84064
Isle of Man,IMN,2021,6.5149168978037,,7931193222.064053,84106
,IMN,2022,,,,84132
,IMN,2023,,,,84165
,IMN,2024,,,,84160
India,IND,1980,11.508320807462,11.3460734795095,186328579302.06827,687354025
India,IND,1981,10.8275819794853,13.112546897642,193491368445.5725,703696250
India,IND,1982,8.09586310062346,7.89074279377487,200715624830.9017,720313473
India,IND,1983,8.55285960224113,11.8680812986734,218262146413.1575,737372681
India,IND,1984,7.92323284822739,8.3189071186008,212157645177.6516,754875449
India,IND,1985,7.19378544452942,5.55642423236554,232511554840.37195,772647793
India,IND,1986,6.78940045356175,8.72972072702581,248985994040.5897,790689978
India,IND,1987,9.32789330598244,8.80112581251833,279033584092.22345,808931270
India,IND,1988,8.23251536870477,9.38347186185335,296589670895.932,827342990
India,IND,1989,8.43680886909797,7.07428002942301,296042052944.6598,846039529
India,IND,1990,10.6683038500875,8.9712325027325,320979026420.0351,864972221
India,IND,1991,13.7518189408817,13.8702461773683,270105341879.2264,883927600
India,IND,1992,8.96515236173758,11.7878170418134,288208070278.0129,902957070
India,IND,1993,9.8617828547541,6.32689048779867,279295648982.52924,922118387
India,IND,1994,9.98004476893246,10.2479355556119,327274843459.429,941163767
India,IND,1995,9.06270222432151,10.2248861637544,360281909643.48914,960301044
India,IND,1996,7.57501828948823,8.97715233826453,392896866204.5158,979678458
India,IND,1997,6.4762712593954,7.16425211462724,415867563592.829,999133762
India,IND,1998,8.01016752456401,13.2308389767977,421351317224.9413,1018665080
India,IND,1999,3.06839552293496,4.66982038037594,458821052615.7898,1038225823
India,IND,2000,3.64497015989629,4.0094359104519,468395521654.4579,1057922733
India,IND,2001,3.21561601727176,3.77929312235637,485440139204.1705,1077898575
India,IND,2002,3.71568377761413,4.29715203929563,514939140318.7556,1097600380
India,IND,2003,3.8677980853483,3.80585899528851,607700687237.3179,1116803006
India,IND,2004,5.72541322793228,3.76725173477515,709152728830.7745,1135991513
India,IND,2005,5.6219032632798,4.24634362031922,820383763511.4454,1154676322
India,IND,2006,8.40093821740371,5.79652337561634,940259888787.7214,1172878890
India,IND,2007,6.9444182524999,6.37288135593231,1216736438834.955,1190676021
India,IND,2008,9.19396962637209,8.34926704907581,1198895139005.919,1207930964
India,IND,2009,7.04036543564477,10.8823529411764,1341888016994.8982,1225524753
India,IND,2010,10.5260308551661,11.9893899204244,1675615519484.959,1243481564
India,IND,2011,8.73357890618065,8.91179336483371,1823051829895.1328,1261224954
India,IND,2012,7.9343874779296,9.47899691419801,1827637590410.953,1278674502
India,IND,2013,6.18650400083453,10.0178784746102,1856721507621.4607,1295829511
India,IND,2014,3.33175691706154,6.66565671867899,2039126479155.269,1312277191
India,IND,2015,2.27958810849833,4.90697344127256,2103588360044.3892,1328024498
India,IND,2016,3.23797495080767,4.94821634062141,2294796885663.67,1343944296
India,IND,2017,3.96925793352338,3.32817337461298,2651474262755.592,1359657400
India,IND,2018,3.88424027196663,3.9388264669163,2702929641648.14,1374659064
India,IND,2019,2.40551716106513,3.72950573539129,2835606256558.844,1389030312
India,IND,2020,4.81485791893405,6.62343677628535,2674851578586.8647,1402617695
India,IND,2021,8.35490771481598,5.13140747176369,3167270623260.5225,1414203896
India,IND,2022,6.74751308321969,6.69903414079852,3353470496885.948,1425423212
India,IND,2023,1.33405065563208,5.64914318907925,3549918918777.532,1438069596
,IND,2024,,4.95303550973656,,1450935791
Ireland,IRL,1980,14.7047953275889,18.1544622557972,21747855640.07121,3412800
Ireland,IRL,1981,17.4425505628307,20.3735110701934,20670190138.16707,3453000
Ireland,IRL,1982,15.1821596864189,17.1471262037092,21474752962.21775,3485800
Ireland,IRL,1983,10.7088743022632,10.4476255348594,20766047763.53137,3510600
Ireland,IRL,1984,6.3792713822954,8.65111053796386,20106648454.840363,3532423
Ireland,IRL,1985,5.1863295287353,5.39548620170352,21270013325.56009,3538082
Ireland,IRL,1986,6.54969692643084,3.82704166542659,28714571852.479862,3539690
Ireland,IRL,1987,2.19740891185252,3.15941034835014,33920518492.50936,3540057
Ireland,IRL,1988,3.24631387353251,2.13456989107103,37772896220.75585,3524949
Ireland,IRL,1989,5.52176374761521,4.08905388153544,39238392677.75421,3511009
Ireland,IRL,1990,-0.729184582594556,3.31732886680118,49305632408.4929,3513974
Ireland,IRL,1991,1.80139764380618,3.21081037142378,49787501584.484726,3534235
Ireland,IRL,1992,2.81221870481201,3.06999853835904,55918538121.3989,3558430
Ireland,IRL,1993,5.17575296318068,1.46941522411422,52417477613.67601,3576261
Ireland,IRL,1994,1.69453043614732,2.30920192610951,57097656065.95995,3590386
Ireland,IRL,1995,3.03399542755764,2.52486446780802,69139823232.32323,3608841
Ireland,IRL,1996,2.29225380025899,1.75574469607419,75790786290.32259,3637510
Ireland,IRL,1997,3.92926382303858,1.5418020226137,82856648758.35721,3674171
Ireland,IRL,1998,6.55277671633789,2.40768094534715,90199410115.50967,3712696
Ireland,IRL,1999,4.37619462487442,1.62988605221407,98893958262.64384,3754786
Ireland,IRL,2000,6.87495036290895,5.57763269940387,100207610429.90924,3805174
Ireland,IRL,2001,6.85968606420811,4.85280279607477,109346669229.6954,3866243
Ireland,IRL,2002,5.18690228016905,4.62820512820515,128596035288.40102,3931947
Ireland,IRL,2003,3.91173002963818,3.49221909079765,164670771259.60202,3996521
Ireland,IRL,2004,0.515337991145543,2.17854605730523,194372115041.06497,4070262
Ireland,IRL,2005,3.07321051112383,2.45654692931639,211876989655.9065,4159914
Ireland,IRL,2006,3.41989682157653,3.93576114001354,232180617162.2785,4273591
Ireland,IRL,2007,1.19848938400241,4.88574537540802,270079279419.5005,4398942
Ireland,IRL,2008,-0.504526540606662,4.03568834941391,275447471451.06323,4489544
Ireland,IRL,2009,-4.62459909075902,-4.44754686876746,236443115853.6948,4535375
Ireland,IRL,2010,-2.85830318555095,-0.918388645376774,221913560882.3671,4560155
Ireland,IRL,2011,1.8645376125239,2.5489783020855,239170638711.3137,4580084
Ireland,IRL,2012,2.43515097679379,1.69474116680366,225118718207.1563,4599533
Ireland,IRL,2013,1.33941394529278,0.515099484900573,238112475390.7956,4623816
Ireland,IRL,2014,0.260925717324383,0.190916398713745,259681883575.70572,4657740
Ireland,IRL,2015,8.90845059884661,-0.330959783371788,292364226871.7561,4701957
Ireland,IRL,2016,0.119373685791231,0.0201247735963237,298559265006.39764,4762722
Ireland,IRL,2017,1.4999372190243,0.362173038229378,337241811320.8959,4827445
Ireland,IRL,2018,0.92433709655964,0.471130713712916,386693357874.0562,4898022
Ireland,IRL,2019,3.39169553046668,0.937842961189274,398933010007.3562,4976456
Ireland,IRL,2020,-1.92433938965517,-0.326183651280033,428608687830.2393,5039747
Ireland,IRL,2021,1.09810305153333,2.34034113447044,513391778882.86,5110585
Ireland,IRL,2022,6.76287565719737,7.82945736434105,533140011838.2764,5212836
Ireland,IRL,2023,3.62187153658782,6.29942487419125,545629450403.7351,5311538
,IRL,2024,,2.11344999577317,,5395790
"Iran, Islamic Rep.",IRN,1980,35.2313134939615,20.6439144373798,94362275580.0229,39842324
"Iran, Islamic Rep.",IRN,1981,26.2738370953389,24.2035897624486,100499312749.92252,41989312
"Iran, Islamic Rep.",IRN,1982,7.37294405365276,18.6897259269564,125948756439.48515,44272141
"Iran, Islamic Rep.",IRN,1983,15.4329899143157,19.7401891778611,156365156618.24072,46029535
"Iran, Islamic Rep.",IRN,1984,17.7486479901708,12.5402194538868,162276728619.51862,47793998
"Iran, Islamic Rep.",IRN,1985,4.05448814800522,4.38934095741541,180183629599.68427,49582289
"Iran, Islamic Rep.",IRN,1986,12.2355433967148,18.4290030211474,209094561833.48007,51446045
"Iran, Islamic Rep.",IRN,1987,21.5334190145801,28.5714285714292,134009995923.16888,53323493
"Iran, Islamic Rep.",IRN,1988,20.080299327401,28.6706349206345,123057861333.90796,55072694
"Iran, Islamic Rep.",IRN,1989,17.1600078824801,22.3496530454896,120496362916.27124,56704914
"Iran, Islamic Rep.",IRN,1990,22.7971969560292,7.62767493763934,124813263926.225,58380092
"Iran, Islamic Rep.",IRN,1991,25.6171132056872,17.1285679434012,,59986931
"Iran, Islamic Rep.",IRN,1992,29.3415325636948,25.8077226162332,,61184983
"Iran, Islamic Rep.",IRN,1993,49.8968148656193,21.2026307547761,63743623231.23123,61403543
"Iran, Islamic Rep.",IRN,1994,33.9314865991286,31.4470284237728,71841461172.2365,61520598
"Iran, Islamic Rep.",IRN,1995,37.9374945080193,49.6559858462746,96419225744.99268,62205567
"Iran, Islamic Rep.",IRN,1996,28.8336457238958,28.9373440168137,120403931883.34818,62881300
"Iran, Islamic Rep.",IRN,1997,15.5280864957216,17.3492257538708,113919163421.47868,63639638
"Iran, Islamic Rep.",IRN,1998,9.38151715778559,17.8661342130398,110276913362.44542,64519859
"Iran, Islamic Rep.",IRN,1999,31.7078471448764,20.0707078146866,113848450088.68648,65445391
"Iran, Islamic Rep.",IRN,2000,24.9292605173053,14.4767513188567,109591707801.43082,66418659
"Iran, Islamic Rep.",IRN,2001,14.8054189526999,11.2742471332117,126878750295.58344,67452005
"Iran, Islamic Rep.",IRN,2002,28.2796940893818,14.3359337378404,128626917504.39809,68011317
"Iran, Islamic Rep.",IRN,2003,13.1363946157608,16.4680116244792,153544751396.21115,68769340
"Iran, Islamic Rep.",IRN,2004,24.7082423900547,14.7615086970672,190043433963.8662,70256316
"Iran, Islamic Rep.",IRN,2005,20.1661916084688,13.433118008508,226452138295.7256,71828455
"Iran, Islamic Rep.",IRN,2006,14.5825930244323,10.0158982511924,266298911663.7069,73392747
"Iran, Islamic Rep.",IRN,2007,22.9390613586981,17.3410404624277,349881601462.4392,74602648
"Iran, Islamic Rep.",IRN,2008,19.4219808649055,25.4105090311987,412336172443.79486,75514204
"Iran, Islamic Rep.",IRN,2009,4.59851691322106,13.5515548281506,416397025729.8983,76457825
"Iran, Islamic Rep.",IRN,2010,15.882625978134,10.0893629287979,486807616876.6958,77420842
"Iran, Islamic Rep.",IRN,2011,33.4095331541239,26.2933856738608,626133112195.9261,78383598
"Iran, Islamic Rep.",IRN,2012,18.9538841448282,27.2568127242908,644035512181.4827,79370580
"Iran, Islamic Rep.",IRN,2013,36.775631886208,36.6030355191029,492775566425.88055,80414686
"Iran, Islamic Rep.",IRN,2014,9.75876873256327,16.6065532357449,460382791480.42816,81502045
"Iran, Islamic Rep.",IRN,2015,0.197001678736839,12.4846815611533,408212917874.9643,82619362
"Iran, Islamic Rep.",IRN,2016,9.39978461338336,7.24542548952979,457954614593.74615,83812228
"Iran, Islamic Rep.",IRN,2017,13.0353311671579,8.04492437660278,486630147094.4858,85026754
"Iran, Islamic Rep.",IRN,2018,31.6411842965085,18.0141183371874,329691934142.938,86117998
"Iran, Islamic Rep.",IRN,2019,30.5348662272656,39.9073455697784,283649531542.74054,87051648
"Iran, Islamic Rep.",IRN,2020,44.2649836337424,30.5941390387295,239735486745.38528,87723443
"Iran, Islamic Rep.",IRN,2021,56.3196546439665,43.3890162681514,359096907772.2729,88455488
"Iran, Islamic Rep.",IRN,2022,50.585248062505,43.4884641742179,413394567603.5518,89524246
"Iran, Islamic Rep.",IRN,2023,30.4931401221187,44.5791857572797,401504514718.7182,90608707
,IRN,2024,,,,91567738
Iraq,IRQ,1980,13.2017518235783,,52568999999.99967,13591992
Iraq,IRQ,1981,-27.5225895161954,,37822999999.999664,14006381
Iraq,IRQ,1982,8.33422038348918,,42382333333.33301,14406083
Iraq,IRQ,1983,14.1916947086977,,40712903225.80613,14840555
Iraq,IRQ,1984,17.0293500697688,,46938387096.773865,15310733
Iraq,IRQ,1985,1.68904839225117,,48425161290.32226,15683430
Iraq,IRQ,1986,-6.73151836015177,,47264516129.03194,16074145
Iraq,IRQ,1987,9.89415935932439,,56774193548.38678,16521049
Iraq,IRQ,1988,10.4312500000001,,62684516129.03193,16908819
Iraq,IRQ,1989,8.40158927452173,,65831935483.87065,17364542
Iraq,IRQ,1990,73.645391038802,,180408064516.1284,17581206
Iraq,IRQ,1991,111.126418152206,180.952380952381,407796349.66378486,17767253
Iraq,IRQ,1992,104.500766711271,83.615819209039,553671957.6719576,18300845
Iraq,IRQ,1993,114.467671710136,207.692307692309,1031944881.131894,19201195
Iraq,IRQ,1994,396.438017397365,448.499999999999,3991349282.7572927,20139807
Iraq,IRQ,1995,295.367667143229,387.310847766638,12894029888.112158,20825860
Iraq,IRQ,1996,-12.544137451324,-16.1173257510572,10433698621.342705,21501321
Iraq,IRQ,1997,91.4987978380229,23.0631996788727,20764857056.379494,22176593
Iraq,IRQ,1998,-15.9504339359416,14.7687735575528,20617405044.242462,22884399
Iraq,IRQ,1999,71.151095297895,12.5777623393436,36881601583.81936,23636527
Iraq,IRQ,2000,24.7463688646904,4.97896213183735,48364250943.90507,24424056
Iraq,IRQ,2001,-19.1508057512295,16.3740814963262,36176430128.805725,25197840
Iraq,IRQ,2002,8.16786888651433,19.316694601979,32928454672.42459,26006559
Iraq,IRQ,2003,13.8561168354067,33.6162105992383,21921569478.81626,26802659
Iraq,IRQ,2004,17.3093408876534,26.9619068193272,36633669269.3981,27577878
Iraq,IRQ,2005,35.8533892833561,36.9594809201871,50065104667.8159,28407448
Iraq,IRQ,2006,23.0540605913159,53.230962911428,65147051918.02187,28616515
Iraq,IRQ,2007,14.4390436314681,-10.0674925768978,88837057319.51791,28391607
Iraq,IRQ,2008,30.17540867057,12.6628528269228,131614434153.50533,28971036
Iraq,IRQ,2009,-19.521200513663,6.8736154721255,111657580326.31512,30058206
Iraq,IRQ,2010,16.5867407502258,2.8777472527476,138516722649.57266,31045366
Iraq,IRQ,2011,24.6894374235643,5.801455370853,185749664444.4445,32161424
Iraq,IRQ,2012,2.66976938276827,6.08909641595043,218002476129.47165,33654842
Iraq,IRQ,2013,-0.0113328650677573,1.87949800749469,234637675128.64493,35281989
Iraq,IRQ,2014,-4.80663703991596,2.23597407904679,228415656174.95712,36550059
Iraq,IRQ,2015,-28.7601353853759,1.39333028780309,166774104959.10168,37560535
Iraq,IRQ,2016,-11.1041709203303,0.556521397155511,166743557747.67148,38469627
Iraq,IRQ,2017,14.6503597888451,0.18405889884769,187217660050.6757,39337353
Iraq,IRQ,2018,18.2039920993937,0.367441488936849,227367469034.03085,40265624
Iraq,IRQ,2019,-2.6744400357903,-0.198965380023928,233636097800.33844,41192171
Iraq,IRQ,2020,-11.2201963874445,0.574162679425795,180898797936.27884,42116605
Iraq,IRQ,2021,38.8998331529519,6.04186489058044,209691945713.10345,43071211
Iraq,IRQ,2022,26.9938337592464,4.99476596381044,286640340965.5172,44070551
Iraq,IRQ,2023,-18.1894127218862,4.35835351089586,250842782139.46417,45074049
,IRQ,2024,,,,46042015
Iceland,ISL,1980,52.4757997107137,58.5284260893646,3381419251.2923126,228138
Iceland,ISL,1981,49.1854060622537,51.7932416010108,3492997010.049556,230755
Iceland,ISL,1982,53.6463829356984,50.2432263896761,3206626644.537101,233860
Iceland,ISL,1983,77.3050671475892,83.9500461937034,2765950335.7109504,236977
Iceland,ISL,1984,26.8807599397568,30.8523970770909,2864441387.405068,239511
Iceland,ISL,1985,32.0845439785882,31.9946290240703,2984052356.550712,241405
Iceland,ISL,1986,24.5862251250752,22.1284011876646,3989622739.282117,243180
Iceland,ISL,1987,19.9464890827253,18.2977682232304,5520318404.641495,245859
Iceland,ISL,1988,23.1352927533174,25.7255090852842,6106635816.2458725,249740
Iceland,ISL,1989,22.8684132849288,20.7581950334485,5672569449.070682,252852
Iceland,ISL,1990,15.1715522321592,15.510721994253,6468736355.556776,254826
Iceland,ISL,1991,8.36534209630861,6.80877887943634,6909730288.170614,257797
Iceland,ISL,1992,3.44928953098689,3.94771176824031,7080981738.056056,261057
Iceland,ISL,1993,1.83184754250638,4.04285291076947,6218581531.643473,263725
Iceland,ISL,1994,2.60337704602247,1.55265627495777,6389460342.786556,266021
Iceland,ISL,1995,2.99756956463735,1.65123150116658,7123633418.197389,267468
Iceland,ISL,1996,2.47929131349356,2.26041898267297,7426082270.676692,268916
Iceland,ISL,1997,2.75410052366642,1.81543080282242,7569672925.337391,271128
Iceland,ISL,1998,4.71460493246096,1.65924170953427,8503693098.622713,274047
Iceland,ISL,1999,3.4988933721487,3.23183260906467,8982047589.489502,277381
Iceland,ISL,2000,4.02479334126352,5.13647123245151,9025660361.75842,281205
Iceland,ISL,2001,8.70374978605457,6.40508550386868,8234846804.605819,284968
Iceland,ISL,2002,5.87213784679803,5.19702230216628,9318395054.859337,287523
Iceland,ISL,2003,0.491863235904162,2.05566329753742,11429333037.84432,289521
Iceland,ISL,2004,2.6750133342794,3.15819324298464,13825302535.7699,292074
Iceland,ISL,2005,3.06586110573276,3.98704782806593,16852963067.049637,296734
Iceland,ISL,2006,8.61668451093136,6.68707906136661,17465318552.294098,303782
Iceland,ISL,2007,4.33314563453666,5.05155736492146,21652505596.75279,311566
Iceland,ISL,2008,12.1352814872696,12.6943942775878,18074622987.01845,317414
Iceland,ISL,2009,10.8047085143171,12.0031298461743,13154414219.206978,318499
Iceland,ISL,2010,6.36885446534224,5.39673113167477,13751161917.739773,318041
Iceland,ISL,2011,3.09666958205543,4.0010266434312,15221622925.931889,319014
Iceland,ISL,2012,3.44088030034162,5.18589988750698,14751508133.544275,320716
Iceland,ISL,2013,2.12454183861854,3.87227923748249,16125060515.31174,323764
Iceland,ISL,2014,4.14165194460018,2.04461481539333,17867662177.89113,327386
Iceland,ISL,2015,6.0545203480569,1.63305558181326,17517210519.091156,330815
Iceland,ISL,2016,2.260860866933,1.69692761997751,20793168030.952427,335439
Iceland,ISL,2017,0.936992856331969,1.76041559180596,24728285177.46032,343400
Iceland,ISL,2018,2.63161215080015,2.68291768267392,26260850582.06868,352721
Iceland,ISL,2019,4.4567758015221,3.01397179156053,24681343649.29519,360563
Iceland,ISL,2020,4.01588811980919,2.84792401518665,21629953194.065945,366463
Iceland,ISL,2021,6.37202614559868,4.44423970189739,25797870984.2963,372520
Iceland,ISL,2022,8.88519456670855,8.3087551155892,28701830401.683697,382003
Iceland,ISL,2023,5.69949212718926,8.73630299937298,31020032583.197216,385663
,ISL,2024,,5.85683849970066,,386506
Israel,ISR,1980,125.366828287196,131.024995515683,25249789919.856667,3878000
Israel,ISR,1981,124.622033667382,116.800034437445,26727967129.92553,3956000
Israel,ISR,1982,127.243902674219,120.364351369544,29087663989.13959,4031000
Israel,ISR,1983,149.921100804494,145.951539223485,32488543974.06726,4105000
Israel,ISR,1984,384.770447334312,373.215653131363,30470017330.501568,4159000
Israel,ISR,1985,264.536699286956,309.931699181469,28740117286.324795,4233000
Israel,ISR,1986,50.159930858711,47.8885135135135,35628837312.24015,4299000
Israel,ISR,1987,20.1788723781878,19.0748143917761,42802884824.60686,4369000
Israel,ISR,1988,19.1652277793368,16.4028776978417,52349277417.07393,4442000
Israel,ISR,1989,18.7028664597274,20.3543469303667,52142996978.29931,4518000
Israel,ISR,1990,15.9320665348553,17.1858952413557,61661395508.95943,4660000
Israel,ISR,1991,20.1297692526475,19.1352614665498,70591957101.76035,4949000
Israel,ISR,1992,12.0581280453927,12.0156939676313,79002421132.56517,5123000
Israel,ISR,1993,11.09024722797,10.9238178633975,79398331244.7804,5261000
Israel,ISR,1994,12.5379299057478,12.2755081902506,90220195074.09152,5399000
Israel,ISR,1995,9.06923905216939,9.93144665143266,104892955202.0722,5545000
Israel,ISR,1996,9.20335402128943,11.4166933162775,114505860826.51878,5692000
Israel,ISR,1997,8.13472675459697,8.96957520091852,118859377862.81673,5836000
Israel,ISR,1998,6.85155067205206,5.49190043461083,120056692192.31071,5971000
Israel,ISR,1999,6.14104986390853,5.18102372034954,120922937410.9235,6125000
Israel,ISR,2000,1.93992992965086,1.03264094955491,136035771711.67194,6289000
Israel,ISR,2001,1.76189715486676,1.1513157894737,134635822098.58047,6439000
Israel,ISR,2002,4.77470676867063,5.77235772357722,125060622862.93216,6570000
Israel,ISR,2003,-0.523467068815407,0.70275612166467,131299915899.95828,6689700
Israel,ISR,2004,0.163590346310571,-0.381637771235433,139973148371.26282,6809000
Israel,ISR,2005,1.02444525792463,1.31348511383542,147083996033.60297,6930100
Israel,ISR,2006,1.46892302709307,2.06352636127917,158670456932.53735,7053700
Israel,ISR,2007,0.845336075657514,0.455170953741894,184052121662.0822,7180100
Israel,ISR,2008,1.32168903097873,4.55216016859853,220531065217.3913,7308800
Israel,ISR,2009,4.41430871491701,3.35617818988106,211970040942.9596,7485600
Israel,ISR,2010,1.22335517674681,2.69137006338376,238364092298.0229,7623600
Israel,ISR,2011,1.46699975880868,3.48494919760703,266791854430.8972,7765800
Israel,ISR,2012,3.32947036626514,1.67920719398061,262282344091.8492,7910500
Israel,ISR,2013,1.70388527748064,1.5702553921126,297732778479.1286,8059500
Israel,ISR,2014,0.658477266941688,0.479786761439324,314330061977.26337,8215700
Israel,ISR,2015,2.33451238274172,-0.601291007162392,303414276832.04004,8380100
Israel,ISR,2016,0.378235722738012,-0.551552352993558,322102790386.835,8546000
Israel,ISR,2017,0.0402732589144676,0.25941497450575,358245427458.5409,8713300
Israel,ISR,2018,0.653516850568892,0.794075660242718,376691526553.2764,8882800
Israel,ISR,2019,1.90166538221106,0.84978312826417,402470513619.148,9054000
Israel,ISR,2020,0.971284967965317,-0.61441235846577,413267669231.52216,9215100
Israel,ISR,2021,2.07020211665778,1.51020047690539,488526545878.89136,9371400
Israel,ISR,2022,4.72579800556809,4.39359665912654,525002447652.77344,9557500
Israel,ISR,2023,4.26608944082265,4.22535211267609,509901495702.1033,9849000
,ISR,2024,,3.07052614744924,,9974400
Italy,ITA,1980,20.8157943877915,21.0641682770745,477256775943.92944,56433883
Italy,ITA,1981,18.7872261420774,17.9692987519672,430702851303.0148,56501675
Italy,ITA,1982,17.5409500759917,16.4804146202214,427272645669.2913,56543548
Italy,ITA,1983,15.0967393712732,14.646576674877,443042373788.8832,56564074
Italy,ITA,1984,10.7618450370307,10.7944960076811,437887689001.5429,56576718
Italy,ITA,1985,9.17464256146215,9.20599144253118,452217492140.7565,56593071
Italy,ITA,1986,7.48841786337925,5.82354691862017,640386352773.0874,56596155
Italy,ITA,1987,6.00928292855897,4.74728490389789,805713128174.4846,56601931
Italy,ITA,1988,6.6504024702075,5.05824747667119,891608957155.6084,56629288
Italy,ITA,1989,6.19738799959993,6.25983137956977,928661332204.3466,56671781
Italy,ITA,1990,8.91406329130466,6.456609061464,1181222653522.9475,56719240
Italy,ITA,1991,7.58132868886494,6.24999929790291,1246220156079.288,56758521
Italy,ITA,1992,4.36811561346255,5.2705899859293,1320161644933.2288,56797087
Italy,ITA,1993,3.88595180871008,4.62673468331298,1064958075550.6335,56831821
Italy,ITA,1994,3.54247356426008,4.05184218065716,1099216688280.4996,56843400
Italy,ITA,1995,4.92524450449126,5.23542258044301,1174662070605.016,56844303
Italy,ITA,1996,4.37278843162272,4.0069766898104,1312426527795.2063,56860281
Italy,ITA,1997,2.54415050750461,2.04310779750136,1241879604365.6206,56890372
Italy,ITA,1998,2.36853682972524,1.95508557719381,1270052525928.404,56906744
Italy,ITA,1999,1.47730124350487,1.66345995007714,1252446659833.7866,56916317
Italy,ITA,2000,1.75602880972008,2.53768532095002,1146676894209.728,56942108
Italy,ITA,2001,3.063979740947,2.78516542713554,1168023426056.3794,56976981
Italy,ITA,2002,3.30500766954664,2.46532319171165,1276769338449.2964,57089824
Italy,ITA,2003,3.16726431769459,2.6725555277285,1577621707050.5066,57399184
Italy,ITA,2004,2.62976046181673,2.20673661423657,1806542968545.5645,57828179
Italy,ITA,2005,2.08420448729447,1.9852929852798,1858217147203.7344,58166682
Italy,ITA,2006,2.21589144511496,2.09084391012754,1949551719389.6443,58399861
Italy,ITA,2007,2.46674494868053,1.82974112202403,2213102482751.458,58756247
Italy,ITA,2008,2.40459493235909,3.34783258401022,2408655348718.5933,59211181
Italy,ITA,2009,1.7725353756538,0.774768131387381,2199928804118.632,59555454
Italy,ITA,2010,0.597839678325897,1.52551602118248,2136099955236.671,59819407
Italy,ITA,2011,1.72878373434861,2.78063272879323,2294994296589.4985,60026841
Italy,ITA,2012,1.70237984690991,3.04136333226775,2086957656821.602,60191247
Italy,ITA,2013,1.12578398838561,1.21999342274306,2141924094298.5552,60311613
Italy,ITA,2014,0.902550731497669,0.241047429826756,2162009615996.5413,60320707
Italy,ITA,2015,0.782776474937791,0.0387903996579733,1836637711060.546,60229605
Italy,ITA,2016,1.24817181951231,-0.09401665691575,1877071687633.7788,60115223
Italy,ITA,2017,0.709821721481291,1.22653316645812,1961796197354.3564,60002252
Italy,ITA,2018,1.07058153142322,1.13748763600391,2091932426266.979,60148658
Italy,ITA,2019,1.04700690370913,0.611246943765304,2011302198827.448,59729081
Italy,ITA,2020,1.57740277527265,-0.13770757391651,1897461635591.912,59438851
Italy,ITA,2021,1.28332191197099,1.87378325762481,2154875493744.9265,59133173
Italy,ITA,2022,3.56016140243167,8.20128991161718,2066972096553.7048,59013667
Italy,ITA,2023,5.81875394007432,5.62219442195901,2254851212731.8047,58984216
,ITA,2024,,0.982373023061417,,58952704
Jamaica,JAM,1980,18.2880107849128,27.3081589882307,2679379371.5126133,2145658
Jamaica,JAM,1981,8.3243428784801,12.7397181145091,2979027966.453728,2173818
Jamaica,JAM,1982,8.31478842761319,6.54540796720066,3293496311.930932,2203889
Jamaica,JAM,1983,16.9605968125082,11.5821110844253,3619262277.477116,2234832
Jamaica,JAM,1984,35.9191957218216,27.8147693237453,2373564549.493203,2264562
Jamaica,JAM,1985,28.5288463899539,25.6731012391772,2100239018.8246665,2290656
Jamaica,JAM,1986,26.861122180827,15.1053754209796,2754549581.924093,2312125
Jamaica,JAM,1987,10.8225945755829,6.65244804962684,3287007321.566992,2329813
Jamaica,JAM,1988,12.0555766552987,8.26676574400908,3828342820.349404,2345777
Jamaica,JAM,1989,12.3692212815603,14.3295390328572,4404937853.39452,2361916
Jamaica,JAM,1990,25.1171058836009,21.9601751165083,4592208086.6923485,2379877
Jamaica,JAM,1991,43.8422876390486,51.0710977304313,4106207649.055474,2400869
Jamaica,JAM,1992,60.0357338849959,77.2965929559651,3535460089.807189,2424701
Jamaica,JAM,1993,52.806399666526,22.0699494185292,5440075675.740674,2449916
Jamaica,JAM,1994,31.1072465288465,35.0633942484772,5452558947.03045,2475220
Jamaica,JAM,1995,25.1868524028902,19.9087488364168,6577520642.822969,2500151
Jamaica,JAM,1996,18.8721078285238,26.4066566074043,7393891920.803583,2524463
Jamaica,JAM,1997,9.6086992002076,9.65755261268595,8400041723.548614,2547848
Jamaica,JAM,1998,10.5750724482558,8.63189613012144,8787195622.43502,2569736
Jamaica,JAM,1999,6.91606081241565,5.95423949113006,8887057997.362276,2589795
Jamaica,JAM,2000,10.5870802513251,8.17108356120225,9005064474.930035,2607826
Jamaica,JAM,2001,7.80736940095173,6.8019093078759,9194727831.073183,2624403
Jamaica,JAM,2002,9.08384842898865,7.07635009310985,9719009494.847792,2640572
Jamaica,JAM,2003,11.6240551108509,10.0869565217391,9430234810.785856,2656623
Jamaica,JAM,2004,12.8585995341944,13.5545023696682,10174664853.947563,2672225
Jamaica,JAM,2005,11.4687438682087,15.0528658875905,11243865777.713053,2687066
Jamaica,JAM,2006,8.84819293265961,8.56106408706157,11930179089.885475,2700968
Jamaica,JAM,2007,11.3208103797352,9.24482067275562,12799600047.184536,2713800
Jamaica,JAM,2008,13.54680952549,22.0228384991843,13709401520.032597,2725635
Jamaica,JAM,2009,11.6565049802064,9.59224598930482,12120458114.8318,2736995
Jamaica,JAM,2010,9.81023516820396,12.6105519975603,13220549908.249386,2748568
Jamaica,JAM,2011,5.79618847204975,7.555856465809,14444661522.146338,2760494
Jamaica,JAM,2012,6.57190361388207,6.87397708674309,14807086555.528316,2772430
Jamaica,JAM,2013,8.41581565660749,9.34150076569673,14264205152.61263,2783687
Jamaica,JAM,2014,6.92994589148002,8.27407886231419,13899217679.92193,2793749
Jamaica,JAM,2015,6.65540782392959,3.69154228855725,14188936918.003582,2802534
Jamaica,JAM,2016,4.66411175576692,2.35102197485846,14077096676.621284,2809915
Jamaica,JAM,2017,6.54982735214614,4.37839864991561,14808985132.772173,2815764
Jamaica,JAM,2018,4.99324114976486,3.73663882152163,15730792876.265558,2820097
Jamaica,JAM,2019,3.18250309465809,3.90510000865872,15830766531.147352,2823271
Jamaica,JAM,2020,3.46419204267427,5.2267777929352,13812421835.736937,2830739
Jamaica,JAM,2021,7.42596071258264,5.86278242801063,14657586159.431623,2837682
Jamaica,JAM,2022,12.7978003859778,10.3495688391272,17097760686.777462,2839144
Jamaica,JAM,2023,11.6865531940529,6.47413734662063,19423355367.23718,2839786
,JAM,2024,,5.41194447981659,,2839175
Jordan,JOR,1980,6.63763027888631,11.1111111111113,3910044474.28044,2234186
Jordan,JOR,1981,6.12338530533319,7.69999999999975,4383944702.859582,2325517
Jordan,JOR,1982,6.43212145274833,7.42804085422491,4681240992.703381,2426927
Jordan,JOR,1983,10.7301456603332,5.02016709831461,4920692190.955688,2537307
Jordan,JOR,1984,2.49156453400215,3.84747273837611,4967162160.404718,2654688
Jordan,JOR,1985,6.05996991063435,2.98507462714756,4993601520.430789,2778810
Jordan,JOR,1986,7.76430529168408,0.0,6402050484.904248,2909887
Jordan,JOR,1987,-0.255303258488595,-0.199999999999908,6756209762.482309,3047634
Jordan,JOR,1988,1.26995012150029,6.61322645290578,6277451829.053252,3193039
Jordan,JOR,1989,15.6373185566697,25.7127192982454,4221373673.804684,3349627
Jordan,JOR,1990,14.1512702228617,16.1921375615233,4160087507.834724,3621908
Jordan,JOR,1991,5.43525695025883,8.15549597855212,4344467193.250948,3915149
Jordan,JOR,1992,6.7386811523716,3.9958356055719,5310833193.590049,4127693
Jordan,JOR,1993,2.96897921969565,3.31666666666706,5606400221.692687,4348020
Jordan,JOR,1994,6.8617322590588,3.51669624132886,6236295978.245313,4561406
Jordan,JOR,1995,1.88459153084248,2.35312451301273,6727597031.96347,4752096
Jordan,JOR,1996,2.04656660644706,6.50121802679586,6927503526.093089,4912516
Jordan,JOR,1997,1.24555949988834,3.0378842030025,7245839210.1551485,5046285
Jordan,JOR,1998,6.00440267503002,3.09166666666703,7912270803.949224,5164284
Jordan,JOR,1999,-0.373208627520512,0.606256567779427,8149929478.138224,5276444
Jordan,JOR,2000,-0.413869577569187,0.66688092559796,8460789844.851905,5386945
Jordan,JOR,2001,0.773909402226451,1.77220437351017,8975814652.819601,5498894
Jordan,JOR,2002,0.924509731059914,1.83299389002049,9582510578.279266,5616066
Jordan,JOR,2003,2.14726310376403,1.62999999999998,10195627644.569817,5741828
Jordan,JOR,2004,3.09507950152911,3.36186821476601,11411706629.055008,5882061
Jordan,JOR,2005,2.00647430326822,3.49368534619531,12588998589.562763,6029587
Jordan,JOR,2006,10.6494515467628,6.25172466656443,15056981664.31594,6427371
Jordan,JOR,2007,5.04891837327762,4.74390639021648,17110437235.543018,6827227
Jordan,JOR,2008,23.6246844255135,13.9712310012729,22658715989.330204,6989866
Jordan,JOR,2009,3.16159648072517,-0.739069743144777,24537876056.338028,7141753
Jordan,JOR,2010,8.07745609713074,4.84551875852116,27133804225.35212,7297043
Jordan,JOR,2011,5.91051095801734,4.1624416292779,29524149154.92958,7480424
Jordan,JOR,2012,4.60681522593885,4.5152295667099,31634561690.140846,7587127
Jordan,JOR,2013,6.1436238894444,4.82462314269537,34454440140.84507,7991809
Jordan,JOR,2014,3.44532356315609,2.89947905006057,36847643521.12676,8791710
Jordan,JOR,2015,2.16975211695323,-0.876851359704049,38587017887.32394,9544729
Jordan,JOR,2016,1.36200664175068,-0.778430463054142,39892551126.76057,10006367
Jordan,JOR,2017,1.78355010971296,3.32389447576097,41608435915.49296,10234226
Jordan,JOR,2018,2.27304680591043,4.46231108475481,43370860704.22536,10462306
Jordan,JOR,2019,0.844355656854063,0.761514047265601,44502816901.408455,10671891
Jordan,JOR,2020,-0.708587970279524,0.333294350628378,43700383098.59155,10865228
Jordan,JOR,2021,2.20360600532175,1.34609377243118,46296100140.84507,11066356
Jordan,JOR,2022,2.61607218645355,4.22915568897117,48653381830.98592,11256263
Jordan,JOR,2023,1.79036458654697,2.08486986327134,50813642348.67464,11439213
,JOR,2024,,,,11552876
Japan,JPN,1980,5.43798389632954,7.77858176555718,1129377244854.036,116807000
Japan,JPN,1981,2.85766219221588,4.91216291820523,1245221410764.1482,117661000
Japan,JPN,1982,1.75952305495717,2.7410409556314,1158731426905.8486,118480000
Japan,JPN,1983,0.920750584420688,1.89971971348485,1270859919742.9011,119307000
Japan,JPN,1984,1.42960589072376,2.26161369193155,1345824500836.7627,120083000
Japan,JPN,1985,1.26062059864257,2.0322773460849,1427019759717.4094,120837000
Japan,JPN,1986,1.61202686008863,0.595586799453249,2120083812109.9124,121482000
Japan,JPN,1987,-0.163785679662894,0.126176841696583,2580748422781.091,122069000
Japan,JPN,1988,0.609789282975953,0.678557580457558,3125724434400.792,122578000
Japan,JPN,1989,2.06904024648344,2.27228962064317,3109455047823.931,123069000
Japan,JPN,1990,2.56440413901143,3.0785162869516,3185904656663.8467,123478000
Japan,JPN,1991,2.90457098674266,3.25143848753308,3648065760648.876,123964000
Japan,JPN,1992,1.67726959120064,1.7602830605927,3980702922117.6567,124425000
Japan,JPN,1993,0.528410642290368,1.24304589707924,4536940479038.254,124829000
Japan,JPN,1994,0.186808629280137,0.695458057869004,4998797547740.975,125178000
Japan,JPN,1995,-0.523458983689423,-0.127899045020446,5545563663889.704,125472000
Japan,JPN,1996,-0.445775393242101,0.136600358575909,4923391533851.632,125757000
Japan,JPN,1997,0.504460814273827,1.74780458692133,4492448605638.937,126057000
Japan,JPN,1998,-0.0266802470249985,0.661974191385911,4098362709531.2407,126400000
Japan,JPN,1999,-1.24105134726258,-0.341296928327554,4635982224063.884,126631000
Japan,JPN,2000,-1.33626008998714,-0.676578683595175,4968359075956.591,126843000
Japan,JPN,2001,-1.08487984815201,-0.740055504162738,4374711694090.871,127149000
Japan,JPN,2002,-1.39097861535799,-0.923494026942321,4182846045873.608,127445000
Japan,JPN,2003,-1.60770370751224,-0.256541816316025,4519561645253.529,127718000
Japan,JPN,2004,-1.12476639985243,-0.0085733882031027,4893116005656.559,127761000
Japan,JPN,2005,-1.19401768056427,-0.282946068764391,4831467035389.8,127773000
Japan,JPN,2006,-0.862018389228027,0.249355116079085,4601663122649.921,127854000
Japan,JPN,2007,-0.705243547499791,0.060039454498669,4579750920354.809,128001000
Japan,JPN,2008,-0.911530288285164,1.3800788616492,5106679115127.299,128063000
Japan,JPN,2009,-0.569564924624345,-1.35283672951719,5289493117993.89,128047000
Japan,JPN,2010,-1.88074194993916,-0.728243207517779,5759071769013.113,128070000
Japan,JPN,2011,-1.62208025009267,-0.27245561610124,6233147172341.349,127833000
Japan,JPN,2012,-0.75609311955516,-0.0440645104432602,6272362996105.034,127629000
Japan,JPN,2013,-0.354375054330276,0.335037912184741,5212328181166.185,127445000
Japan,JPN,2014,1.68629478626674,2.75922671353253,4896994405353.292,127276000
Japan,JPN,2015,2.111298993275,0.795279630579839,4444930651964.18,127141000
Japan,JPN,2016,0.419944376057273,-0.127258844489754,5003677627544.24,127076000
Japan,JPN,2017,-0.0743495037290671,0.484199796126385,4930837369151.422,126972000
Japan,JPN,2018,-0.0002375063876058,0.989094598021848,5040880939324.859,126811000
Japan,JPN,2019,0.63480316569607,0.46877615938395,5117993853016.508,126633000
Japan,JPN,2020,0.941449700794308,-0.024995834027731,5055587093501.588,126261000
Japan,JPN,2021,-0.19006062486126,-0.233352779398264,5034620784584.983,125681593
Japan,JPN,2022,0.333979877221765,2.49770278172255,4256410760723.75,125124989
Japan,JPN,2023,3.79301783489684,3.26813365933163,4212945159781.403,124516650
,JPN,2024,,2.73853681635241,,123975371
,KAZ,1980,,,,15152949
,KAZ,1981,,,,15323082
,KAZ,1982,,,,15492595
,KAZ,1983,,,,15665551
,KAZ,1984,,,,15844621
,KAZ,1985,,,,16031090
,KAZ,1986,,,,16262702
,KAZ,1987,,,,16527715
,KAZ,1988,,,,16781168
,KAZ,1989,,,,16997013
,KAZ,1990,,,26932016269.61069,17154054
Kazakhstan,KAZ,1991,96.3564961311478,,24923076923.076923,17278600
Kazakhstan,KAZ,1992,1472.2163557256,,24917355371.900826,17332625
Kazakhstan,KAZ,1993,1243.46165650541,,23409260879.94272,17274487
Kazakhstan,KAZ,1994,1546.72681598429,1877.37239517571,21250792886.105423,17043771
Kazakhstan,KAZ,1995,160.888673519863,176.15529894237,20374302652.38188,16730536
Kazakhstan,KAZ,1996,38.8996311465469,39.1825423654111,21035357936.879597,16416027
Kazakhstan,KAZ,1997,16.1357299796042,17.4080410607357,22165932062.96603,16043251
Kazakhstan,KAZ,1998,5.66284472304086,7.14632665452335,22135245507.36557,15647785
Kazakhstan,KAZ,1999,13.2801406207938,8.29602765342565,16870817181.779896,15455874
Kazakhstan,KAZ,2000,17.4264026783762,13.1808905865732,18291990662.035625,15501103
Kazakhstan,KAZ,2001,10.1564326382591,8.35413777161338,22152689179.881508,15575550
Kazakhstan,KAZ,2002,5.80322409676619,5.83692452105644,24636598527.44372,15656677
Kazakhstan,KAZ,2003,11.7385246474223,6.43821810118941,30833692900.109077,15747380
Kazakhstan,KAZ,2004,16.1316269947904,6.882054389819,43151647002.60963,15850159
Kazakhstan,KAZ,2005,17.8748272505452,7.57999929125768,57123671733.89525,15968117
Kazakhstan,KAZ,2006,21.5517089095579,8.72169386091733,81003864630.01804,16103716
Kazakhstan,KAZ,2007,15.5270972952622,10.8468362075557,104849915058.37578,16257214
Kazakhstan,KAZ,2008,20.9365382117877,17.139899777207,133441648851.9825,16426525
Kazakhstan,KAZ,2009,4.69108507403161,7.31607858288579,115308686941.38016,16619846
Kazakhstan,KAZ,2010,19.5422853937296,7.40046356341398,148047348240.64334,16836810
Kazakhstan,KAZ,2011,20.5429582655299,8.452904661768,192626464617.0712,17066002
Kazakhstan,KAZ,2012,4.78556981066754,5.19568369035072,207998568865.78925,17306106
Kazakhstan,KAZ,2013,9.49908144359215,5.94283871648418,236634603409.08856,17556502
Kazakhstan,KAZ,2014,5.77123952478276,6.84944977003349,221415613595.46927,17816285
Kazakhstan,KAZ,2015,1.82354987628641,6.67828585615244,184388404706.04175,18084169
Kazakhstan,KAZ,2016,13.6384336176426,14.3610942386247,137278320084.17114,18363600
Kazakhstan,KAZ,2017,11.211105653729,7.44266321306792,166805788827.23325,18651931
Kazakhstan,KAZ,2018,9.20560599766662,6.16366247577751,179339977690.48486,18932727
Kazakhstan,KAZ,2019,7.63328623733945,5.33356098916669,181667184854.5005,19209555
Kazakhstan,KAZ,2020,4.21085829258907,6.71815454861464,171082365861.4229,19482117
Kazakhstan,KAZ,2021,13.9300750551614,8.04147134028396,197112255360.61237,19743603
Kazakhstan,KAZ,2022,19.7690064802492,15.0278644440851,225496328925.4941,20034609
Kazakhstan,KAZ,2023,9.85761932391583,14.7249900200331,261421121085.57208,20330104
,KAZ,2024,,4.85655589318192,,20592571
Kenya,KEN,1980,9.55072003641222,13.8581814562484,7265315820.207766,16018459
Kenya,KEN,1981,10.8530772679157,11.6030534351142,6854491705.883771,16601507
Kenya,KEN,1982,11.5925537512913,20.6667146662827,6431579356.959255,17206175
Kenya,KEN,1983,11.8380374880106,11.3977827368523,5979198313.760933,17846374
Kenya,KEN,1984,10.1907199754761,10.284098213138,6191437070.184111,18514906
Kenya,KEN,1985,8.30578269594497,13.0065664218827,6135034213.789982,19201768
Kenya,KEN,1986,8.71172359110277,2.53427598892888,7239126568.140921,19901646
Kenya,KEN,1987,5.40195208383581,8.63767318980084,7970820369.294901,20616096
Kenya,KEN,1988,6.45562427885882,12.2649630481582,8355380879.129548,21356219
Kenya,KEN,1989,9.76900937253662,13.7893172763883,8283114514.170809,22118434
Kenya,KEN,1990,10.6371987367347,17.78181442992,8572359038.169579,22892651
Kenya,KEN,1991,12.5319618961838,20.0844955754632,8151488783.190641,23646514
Kenya,KEN,1992,18.8972340828787,27.3323644475784,8209120763.049552,24382460
Kenya,KEN,1993,25.698483612532,45.9788813036218,5751786642.558715,25117188
Kenya,KEN,1994,17.0164147872542,28.8143894306731,7148148564.042385,25857130
Kenya,KEN,1995,11.2210708426678,1.55432816055009,9046320255.405067,26601751
Kenya,KEN,1996,41.9887739085188,8.86408741577522,12045865396.132324,27344211
Kenya,KEN,1997,11.4352163318294,11.3618450505783,13115764358.284555,28101768
Kenya,KEN,1998,6.93140266888905,6.72243650753928,14093998843.733383,28888057
Kenya,KEN,1999,4.19393904906435,5.74200109520484,12896010459.371077,29733408
Kenya,KEN,2000,6.07984848923864,9.98002515350979,12705350097.80436,30642890
Kenya,KEN,2001,1.57312029702597,5.73859814341467,12986007425.878052,31619170
Kenya,KEN,2002,0.93320555589554,1.96130821739162,13147736898.517572,32629808
Kenya,KEN,2003,6.19731323900996,9.81569062979654,14904517649.847569,33652223
Kenya,KEN,2004,7.12684155505391,11.6240355442426,16095337093.836596,34713455
Kenya,KEN,2005,4.89964972058961,10.3127783574683,18737895512.737766,35796484
Kenya,KEN,2006,23.5301332510109,14.4537342081708,25825512284.28908,36904008
Kenya,KEN,2007,8.12948559613378,9.75888023027529,31958195182.240604,38036349
Kenya,KEN,2008,15.1511749642626,26.2398166445063,35895153327.849686,39206351
Kenya,KEN,2009,27.6968163767013,9.23412592394652,42347217912.91757,40408891
Kenya,KEN,2010,1.63919964802533,3.96138889115385,45405615063.75513,41598567
Kenya,KEN,2011,10.0650129672316,14.0224913014704,46869473150.60999,42758461
Kenya,KEN,2012,9.52297221154848,9.37777003547598,56396704671.57766,43888303
Kenya,KEN,2013,7.3375622336044,5.71749357037733,61671440407.83867,44986791
Kenya,KEN,2014,7.63503190149002,6.87815499275949,68285796514.28962,46051440
Kenya,KEN,2015,9.23865468396285,6.58215429284779,70120446896.8359,47088526
Kenya,KEN,2016,5.84962894648808,6.29724953814625,74815144163.89308,48139687
Kenya,KEN,2017,7.58193402820181,8.00564967709945,82036510877.25989,49197766
Kenya,KEN,2018,4.21502841459056,4.6898064677633,92202979985.2863,50207107
Kenya,KEN,2019,4.2752342393575,5.23963795764792,100378436207.37134,51202827
Kenya,KEN,2020,4.94885283291357,5.40516207933392,100657505750.545,52217334
Kenya,KEN,2021,4.3307475585662,6.10793603659176,109703658904.99371,53219166
Kenya,KEN,2022,6.95705445631218,7.65986268272224,113419826113.90314,54252461
Kenya,KEN,2023,6.10780209189015,7.67139634029402,107440575838.04752,55339003
,KEN,2024,,4.48978854243448,,56432944
,KGZ,1980,,,,3617400
,KGZ,1981,,,,3685800
,KGZ,1982,,,,3759300
,KGZ,1983,,,,3838300
,KGZ,1984,,,,3916400
,KGZ,1985,,,,3990300
,KGZ,1986,,,,4066500
,KGZ,1987,,,,4144600
Kyrgyz Republic,KGZ,1988,-1.87730647067559,,,4218400
Kyrgyz Republic,KGZ,1989,6.98603069124559,,,4307500
Kyrgyz Republic,KGZ,1990,7.97569881673905,,2675000000.0,4391236
Kyrgyz Republic,KGZ,1991,134.771573614477,,2569444444.4444447,4463634
Kyrgyz Republic,KGZ,1992,830.112923037667,,2316562500.0,4515400
Kyrgyz Republic,KGZ,1993,754.427956132085,,2028295454.5454545,4516777
Kyrgyz Republic,KGZ,1994,180.874929917678,,1681006993.0069928,4515069
Kyrgyz Republic,KGZ,1995,42.0310892328294,,1661018518.5185184,4560454
Kyrgyz Republic,KGZ,1996,35.3429079067887,31.9473377218567,1827570586.1678448,4628438
Kyrgyz Republic,KGZ,1997,19.3095484121193,23.4354278497005,1767864035.7194295,4696421
Kyrgyz Republic,KGZ,1998,9.07750628375146,10.4573825846721,1645963749.8314617,4769015
Kyrgyz Republic,KGZ,1999,37.574440469953,37.0309258369344,1249061487.0145676,4840422
Kyrgyz Republic,KGZ,2000,27.1617380473374,18.7007342838023,1369688498.0677826,4898362
Kyrgyz Republic,KGZ,2001,7.33297415426459,6.9196798942304,1525116370.279392,4945073
Kyrgyz Republic,KGZ,2002,2.02529559228444,2.13420986310243,1605643104.730212,4990704
Kyrgyz Republic,KGZ,2003,3.97456242996095,2.97461295184355,1919008090.4964125,5043308
Kyrgyz Republic,KGZ,2004,5.10869478075887,4.11065084723381,2211534585.003399,5104713
Kyrgyz Republic,KGZ,2005,7.12862226955437,4.3386739184431,2460246766.4140053,5162640
Kyrgyz Republic,KGZ,2006,9.39161779468316,5.55212333162542,2834168889.420192,5218373
Kyrgyz Republic,KGZ,2007,14.8765522207783,10.2301032660484,3802570552.561046,5268385
Kyrgyz Republic,KGZ,2008,22.2159884113739,24.5201024234102,5139958909.179356,5318729
Kyrgyz Republic,KGZ,2009,4.03530386157287,6.83656248105368,4690061380.602529,5389643
Kyrgyz Republic,KGZ,2010,10.0339035419669,7.96772225579684,4794361863.013527,5467059
Kyrgyz Republic,KGZ,2011,22.4818422448936,16.6363262731495,6197765984.284684,5546587
Kyrgyz Republic,KGZ,2012,8.65631680881187,2.76844236540957,6605142884.362147,5652076
Kyrgyz Republic,KGZ,2013,3.17518813604272,6.61375202358082,7335033800.590564,5777150
Kyrgyz Republic,KGZ,2014,8.41522543621389,7.5342472977589,7468102412.682374,5905848
Kyrgyz Republic,KGZ,2015,3.42728750288953,6.50331838993384,6678177511.663131,6040036
Kyrgyz Republic,KGZ,2016,6.05056427055605,0.388838296895799,6813095379.118702,6175338
Kyrgyz Republic,KGZ,2017,6.32714586262388,3.1753098637994,7702938379.42036,6306696
Kyrgyz Republic,KGZ,2018,3.44744511589256,1.54266145238436,8271106235.415524,6444079
Kyrgyz Republic,KGZ,2019,9.81131194747459,1.13362257718804,9371275264.367346,6590211
Kyrgyz Republic,KGZ,2020,5.34018553508729,6.32542296338078,8270468614.240511,6726596
Kyrgyz Republic,KGZ,2021,15.992797923604,11.9050398185147,9249133946.265314,6851224
Kyrgyz Republic,KGZ,2022,19.6572842421774,13.9229093174176,12134931017.946526,6975220
Kyrgyz Republic,KGZ,2023,13.4157414075184,10.7532770416742,13987627908.83814,7099750
,KGZ,2024,,,,7221868
Cambodia,KHM,1980,6.00902193380462,,744384129.733958,5199872
Cambodia,KHM,1981,1.21891122559123,,815153652.3897336,5284495
Cambodia,KHM,1982,-3.5269709510986,,865516039.8000126,5436432
Cambodia,KHM,1983,20.3112736726045,,939291262.1220036,5636203
Cambodia,KHM,1984,65.3370992033915,,1021176058.6378794,5845117
Cambodia,KHM,1985,-9.3394528114658,,1102669184.4622602,6043783
Cambodia,KHM,1986,157.290386336782,,1167630317.841059,6285693
Cambodia,KHM,1987,79.5916478780445,,1036974910.4474584,6557970
Cambodia,KHM,1988,76.621714711108,,1662877859.220189,6812014
Cambodia,KHM,1989,19.0183974050262,,1353137647.6838706,7073473
Cambodia,KHM,1990,145.629862256248,,1402541176.5120633,7374752
Cambodia,KHM,1991,107.440046569452,,2054974089.364303,7686850
Cambodia,KHM,1992,75.4217452006766,,2491486594.189168,8113083
Cambodia,KHM,1993,107.400000001692,,2533727592.0416512,8616381
Cambodia,KHM,1994,59.9652933950224,,2791435272.26653,9239162
Cambodia,KHM,1995,8.00418016102444,-0.798944337811878,3441205692.9165983,10018497
Cambodia,KHM,1996,3.03250199287608,7.15086140872796,3506695719.572588,10801270
Cambodia,KHM,1997,6.00507583216428,7.96021397777456,3443413388.6569595,11570982
Cambodia,KHM,1998,10.3577373382149,14.8065035437763,3120425502.662407,12058173
Cambodia,KHM,1999,1.26155228240599,4.00820702088782,3517242477.254799,12265731
Cambodia,KHM,2000,-3.23183761782212,-0.791992529473567,3654031716.398547,12462336
Cambodia,KHM,2001,6.39768180690317,-0.600648300123686,3984000517.074414,12658484
Cambodia,KHM,2002,1.99307788083713,0.211466568022607,4284028482.5121264,12855241
Cambodia,KHM,2003,3.27258919409623,0.94174611779921,4658246918.321186,13050968
Cambodia,KHM,2004,7.50279728095273,4.31933677434786,5337833248.014341,13244731
Cambodia,KHM,2005,8.0167045733216,6.61525912001587,6293046161.759316,13439202
Cambodia,KHM,2006,6.79728556994954,5.81068550464306,7274595706.574058,13639028
Cambodia,KHM,2007,8.60024943029427,8.70882770568049,8639235912.590769,13841770
Cambodia,KHM,2008,11.7884320279306,24.096851930605,10351914177.483912,14053479
Cambodia,KHM,2009,0.751138640296162,-1.24171754189637,10401851767.708317,14276810
Cambodia,KHM,2010,6.26499886932319,3.99639528107218,11242275287.581013,14500726
Cambodia,KHM,2011,4.95076723151411,5.4784474961745,12829541141.061968,14722584
Cambodia,KHM,2012,2.63843608534771,2.93431609293951,14054443213.488718,14945085
Cambodia,KHM,2013,2.8690452471251,2.94162509547349,15227991395.12074,15170208
Cambodia,KHM,2014,3.29936912050763,3.85568861424207,16702610842.35294,15396772
Cambodia,KHM,2015,3.06935934141643,1.22393195511119,18049954289.472065,15623251
Cambodia,KHM,2016,1.58007480575829,3.01913975139128,20016747857.636715,15852803
Cambodia,KHM,2017,2.07650709154852,2.91263557371478,22177200588.182632,16073372
Cambodia,KHM,2018,3.81658094506807,2.45908515380146,24571753583.393467,16274522
Cambodia,KHM,2019,2.79255741070172,1.94257500833107,27089390032.79797,16481304
Cambodia,KHM,2020,-0.824281402832511,2.9402951426397,25872797891.766376,16725474
Cambodia,KHM,2021,2.64573403501885,2.92073477592949,26961061151.73373,16974305
Cambodia,KHM,2022,3.51502483143302,5.34370264895437,29504829319.316875,17201724
Cambodia,KHM,2023,1.06309607242758,2.12746796594194,31772759998.85713,17423880
,KHM,2024,,,,17638801
Kiribati,KIR,1980,-4.52913974427868,,33020436.234121725,61148
Kiribati,KIR,1981,-0.689539821395897,,35623380.42897445,62121
Kiribati,KIR,1982,6.33851278203579,,32458871.06017773,63134
Kiribati,KIR,1983,18.1555789328943,,30630216.708783217,64169
Kiribati,KIR,1984,-0.0198072627327122,,34224966.85004813,65228
Kiribati,KIR,1985,10.0193375254948,,25839883.511011638,66496
Kiribati,KIR,1986,6.56853881719603,,26069971.804322805,68059
Kiribati,KIR,1987,7.16337570754011,,29408057.80783935,69733
Kiribati,KIR,1988,-4.89344770072843,,38284001.6626195,71427
Kiribati,KIR,1989,4.81195035186872,,37956756.18398589,73147
Kiribati,KIR,1990,5.01761740706553,,36688453.36312124,74855
Kiribati,KIR,1991,19.9128861716048,,41285104.02288286,76367
Kiribati,KIR,1992,27.5607909563087,,61689952.17559898,77641
Kiribati,KIR,1993,3.64922491610788,,59161135.89380916,78841
Kiribati,KIR,1994,3.67033547679696,,67263705.16270871,80021
Kiribati,KIR,1995,-1.80441473513395,,68938269.11572957,81234
Kiribati,KIR,1996,12.5418879742614,,81385876.26373093,82623
Kiribati,KIR,1997,2.61279760607339,,80155561.16314626,84147
Kiribati,KIR,1998,5.64259142940367,,74756820.46050201,85657
Kiribati,KIR,1999,4.60720539435981,,77421852.3178167,87126
Kiribati,KIR,2000,0.999410501910305,,74790109.38488324,88613
Kiribati,KIR,2001,0.323139353024771,,65168750.85986546,90335
Kiribati,KIR,2002,8.01171384518935,,74977058.64998916,92264
Kiribati,KIR,2003,9.44077098782279,,95984600.95699242,94175
Kiribati,KIR,2004,-3.90622574937444,,104430807.97086526,96085
Kiribati,KIR,2005,4.03382900497181,,113786233.08766197,98035
Kiribati,KIR,2006,-5.43651943832718,,112201076.37730588,100017
Kiribati,KIR,2007,7.31471517255495,3.59252131266417,138066995.12665346,102068
Kiribati,KIR,2008,9.50278364771555,13.6653995252441,146790160.52971956,104222
Kiribati,KIR,2009,1.9984618347907,9.81643884508657,140384919.85190952,106467
Kiribati,KIR,2010,-0.858149904545002,-3.89955040651649,165113529.31086195,108704
Kiribati,KIR,2011,1.99862599481449,1.4974097987597,195984787.454498,110647
Kiribati,KIR,2012,-0.542030495756194,-3.04586292775571,207081997.2230304,112284
Kiribati,KIR,2013,-2.97924613794956,-1.488059084681,201768028.5525895,113838
Kiribati,KIR,2014,5.00430936891283,2.10398520925043,200114840.67884,115326
Kiribati,KIR,2015,3.13924707851245,0.572015743634256,191572320.429122,116815
Kiribati,KIR,2016,1.71663114660052,1.91731090233378,206658568.82250705,118478
Kiribati,KIR,2017,0.91703742395508,0.355520888546828,223029864.5419304,120275
Kiribati,KIR,2018,3.86213659037344,0.564030491493476,233859230.19219792,122084
Kiribati,KIR,2019,-3.28622635523891,-1.81307995302947,216891541.02135065,123921
Kiribati,KIR,2020,4.45803262864328,2.5532455441463,222973879.71109745,126099
Kiribati,KIR,2021,9.47162129039607,2.05361676773907,289207526.3066171,128377
Kiribati,KIR,2022,-2.43745796327806,5.34595440908904,270520731.5990411,130469
Kiribati,KIR,2023,3.36844589533216,9.28307374517721,279034355.10842144,132530
,KIR,2024,,,,134518
St. Kitts and Nevis,KNA,1980,7.29119208424707,17.7366548046812,68459259.25925925,42850
St. Kitts and Nevis,KNA,1981,16.3563233341415,10.476363196689,80888888.88888888,42698
St. Kitts and Nevis,KNA,1982,5.76682868672047,5.92722298201993,86022222.22222222,42532
St. Kitts and Nevis,KNA,1983,-0.194146962278353,2.29153537034707,86874074.07407407,42334
St. Kitts and Nevis,KNA,1984,4.25851652009244,2.71490470548818,98603703.7037037,42113
St. Kitts and Nevis,KNA,1985,3.71190961041509,2.61954629955699,111007407.4074074,41874
St. Kitts and Nevis,KNA,1986,6.19676818536649,-0.0066855337242675,130685185.18518518,41618
St. Kitts and Nevis,KNA,1987,6.10621614011968,0.96301264865157,147748148.14814815,41348
St. Kitts and Nevis,KNA,1988,7.01092521196738,0.232525033997813,172692592.59259257,41062
St. Kitts and Nevis,KNA,1989,5.68893659993266,5.16996495562573,192518518.51851848,40758
St. Kitts and Nevis,KNA,1990,7.60302634203465,4.01098407755617,217259259.25925925,40432
St. Kitts and Nevis,KNA,1991,3.43921877652862,4.3237394435542,220540740.74074072,40358
St. Kitts and Nevis,KNA,1992,5.29731458386074,2.85844672514458,242137037.037037,40715
St. Kitts and Nevis,KNA,1993,1.99085029890244,1.79486146433782,263755555.55555555,41242
St. Kitts and Nevis,KNA,1994,6.27211761970925,1.44226958804943,295159259.2592592,41776
St. Kitts and Nevis,KNA,1995,0.783506444546504,2.9568002509262,313485185.1851852,42326
St. Kitts and Nevis,KNA,1996,0.645815916917087,2.08657385169121,333944444.4444444,42877
St. Kitts and Nevis,KNA,1997,4.91515472666765,8.90518339116016,374641307.9746413,43428
St. Kitts and Nevis,KNA,1998,2.80018158531561,3.44635865955273,383257331.4054796,43998
St. Kitts and Nevis,KNA,1999,2.7800211954283,3.36303630363045,406595484.37326217,44601
St. Kitts and Nevis,KNA,2000,-5.75137393409402,2.14885532743696,421695769.843918,45248
St. Kitts and Nevis,KNA,2001,3.3332218722913,2.30344748349255,458643829.0141994,45761
St. Kitts and Nevis,KNA,2002,3.47602085514819,2.04109102620208,481077373.6699663,46020
St. Kitts and Nevis,KNA,2003,1.66939097961971,2.23543664374553,469869869.8698699,46176
St. Kitts and Nevis,KNA,2004,3.83914963846918,2.31455462238093,506900000.0,46315
St. Kitts and Nevis,KNA,2005,-1.62376578076149,3.37781903988238,547203703.7037036,46437
St. Kitts and Nevis,KNA,2006,14.1683305695624,8.48748575845879,644414814.8148148,46569
St. Kitts and Nevis,KNA,2007,6.32437713169216,4.48088608614726,689285185.1851852,46706
St. Kitts and Nevis,KNA,2008,1.35551501481876,5.30029675072584,777691333.3333333,46835
St. Kitts and Nevis,KNA,2009,3.06968292788258,2.05793709041836,774273111.1111112,46916
St. Kitts and Nevis,KNA,2010,0.628549213284927,0.850878649795844,778718518.5185184,46846
St. Kitts and Nevis,KNA,2011,5.65965351498537,5.8351651957086,836092592.5925926,46886
St. Kitts and Nevis,KNA,2012,-0.643441223095877,0.816089281562459,825381481.4814814,47033
St. Kitts and Nevis,KNA,2013,0.313904254767678,1.10698554000129,874896296.2962962,47069
St. Kitts and Nevis,KNA,2014,1.20095646597851,0.247865392364942,952111111.111111,47089
St. Kitts and Nevis,KNA,2015,-0.156232298668698,-2.30187563045616,957222222.2222222,47087
St. Kitts and Nevis,KNA,2016,1.20132522527356,-0.687037123294039,1006818518.5185184,47075
St. Kitts and Nevis,KNA,2017,4.75051936491064,0.694916711613604,1056977777.7777776,47050
St. Kitts and Nevis,KNA,2018,-0.14899986700226,-1.03712214131572,1076548148.148148,47008
St. Kitts and Nevis,KNA,2019,0.0747452453393862,-0.329562063663977,1107855555.5555556,46952
St. Kitts and Nevis,KNA,2020,-5.74014001963613,-1.16724501769353,883922222.2222222,46870
St. Kitts and Nevis,KNA,2021,-3.32596719351518,1.195688870384,858622222.2222222,46763
St. Kitts and Nevis,KNA,2022,3.42010359088465,2.66817533111249,981429629.6296296,46709
St. Kitts and Nevis,KNA,2023,5.14466745732078,3.55711230848243,1077033111.111111,46758
,KNA,2024,,,,46843
"Korea, Rep.",KOR,1980,24.6509963131763,28.6976086362017,65398377597.51083,38123775
"Korea, Rep.",KOR,1981,16.585783368217,21.351640254,72933533011.77058,38723248
"Korea, Rep.",KOR,1982,6.45829566849075,7.1908466400687,78358416171.48886,39326352
"Korea, Rep.",KOR,1983,4.82028558506012,3.42061419498921,87760553261.92787,39910403
"Korea, Rep.",KOR,1984,4.42130022868379,2.27395640001863,97510744119.11624,40405956
"Korea, Rep.",KOR,1985,3.98543544625214,2.45910879215274,101296177099.37704,40805744
"Korea, Rep.",KOR,1986,4.96718010956681,2.74998096063357,116836246284.83247,41213674
"Korea, Rep.",KOR,1987,4.83110780905717,3.04966077087423,147948709376.43414,41621690
"Korea, Rep.",KOR,1988,7.12330844241802,7.14609773721605,199591287824.77652,42031247
"Korea, Rep.",KOR,1989,6.06512584651017,5.70016544561401,246928837311.40607,42449038
"Korea, Rep.",KOR,1990,10.0874657380898,8.57327225728677,283365844161.0921,42869283
"Korea, Rep.",KOR,1991,9.14103327577023,9.33279048161495,330647042837.3337,43295704
"Korea, Rep.",KOR,1992,7.77796412307066,6.21328146355184,355524903068.05554,43747962
"Korea, Rep.",KOR,1993,6.25452282376592,4.80099660215354,392665710525.41095,44194628
"Korea, Rep.",KOR,1994,8.15895865164057,6.26585950039679,463619823515.1643,44641540
"Korea, Rep.",KOR,1995,7.02456165565981,4.48074108557248,566581003128.2037,45092991
"Korea, Rep.",KOR,1996,4.11067476454059,4.92454354292754,610167053824.007,45524681
"Korea, Rep.",KOR,1997,4.00328576264543,4.4389318457463,569755022973.0349,45953580
"Korea, Rep.",KOR,1998,4.47592317611709,7.51358008079307,383331833681.821,46286503
"Korea, Rep.",KOR,1999,-1.22983539023988,0.81295725444637,497514040642.26215,46616677
"Korea, Rep.",KOR,2000,1.02176500548737,2.25916580080157,576179387819.613,47008111
"Korea, Rep.",KOR,2001,3.47849914716076,4.06657587897792,547656279894.58673,47370164
"Korea, Rep.",KOR,2002,3.03313964628073,2.76226210296599,627246933729.6177,47644736
"Korea, Rep.",KOR,2003,3.44999346268816,3.51487451459939,702714855193.9042,47892330
"Korea, Rep.",KOR,2004,3.12788028772735,3.59066298882578,793175561887.0269,48082519
"Korea, Rep.",KOR,2005,1.041401491649,2.75379162735039,934901071332.9838,48184561
"Korea, Rep.",KOR,2006,-0.223195612442552,2.24234028518921,1053216909887.5618,48438292
"Korea, Rep.",KOR,2007,2.41919594427836,2.53457382137932,1172614086539.8635,48683638
"Korea, Rep.",KOR,2008,2.8263023010858,4.67389655533408,1047339010225.2472,49054708
"Korea, Rep.",KOR,2009,3.60864412572843,2.7564965449393,943941876218.7432,49307835
"Korea, Rep.",KOR,2010,2.73749683726491,2.93928652655686,1143672241149.7156,49554112
"Korea, Rep.",KOR,2011,1.2818638059201,4.0259650043609,1253289537500.8132,49936638
"Korea, Rep.",KOR,2012,1.2518081696316,2.18707104433314,1278046536287.0134,50199853
"Korea, Rep.",KOR,2013,1.01854380505277,1.30134754547413,1370632955321.2036,50428893
"Korea, Rep.",KOR,2014,0.906896750615815,1.27477446401322,1484488526271.7983,50746659
"Korea, Rep.",KOR,2015,3.18559596664953,0.70633177245575,1466038936206.4275,51014947
"Korea, Rep.",KOR,2016,1.98603850545349,0.971685739912168,1499679823909.6116,51217803
"Korea, Rep.",KOR,2017,2.22278138152841,1.94433230786366,1623074183501.9038,51361911
"Korea, Rep.",KOR,2018,0.482948983102617,1.47583935002645,1725373496825.426,51585058
"Korea, Rep.",KOR,2019,-0.839325308149668,0.383000303608136,1651422932447.768,51764822
"Korea, Rep.",KOR,2020,1.56374685675343,0.537288023411737,1644312831906.1692,51836239
"Korea, Rep.",KOR,2021,2.76293194144772,2.49833333333339,1818432106880.0369,51769539
"Korea, Rep.",KOR,2022,1.27552257409207,5.08951365062842,1673916511799.7087,51672569
"Korea, Rep.",KOR,2023,2.06407396162432,3.5974562502901,1712792854202.369,51712619
,KOR,2024,,2.32174328643542,,51751065
Kuwait,KWT,1980,40.4353848635587,6.92822668563188,28638868355.9196,1504782
Kuwait,KWT,1981,11.3091033468676,7.37478159583807,25058020338.25349,1583426
Kuwait,KWT,1982,0.766718699068207,7.77679842690853,21577153356.41917,1662480
Kuwait,KWT,1983,-9.27633997463528,4.71816809275156,20871081080.15384,1744295
Kuwait,KWT,1984,0.347685207436726,1.17746005046669,21700082752.93689,1820688
Kuwait,KWT,1985,4.86704273009101,1.49032181427877,21445970613.759464,1894242
Kuwait,KWT,1986,-25.7012348871573,0.953606740192038,17903989745.177998,1972520
Kuwait,KWT,1987,10.7824858787997,0.654844691701656,22368704133.666832,2052994
Kuwait,KWT,1988,2.96934017410395,1.46813288041913,20690322152.8945,2134707
Kuwait,KWT,1989,-1.72186716472906,3.34203359055792,24313855653.399323,2217468
Kuwait,KWT,1990,0.717414522228538,9.83363531543402,18427777777.77778,1684819
Kuwait,KWT,1991,-0.0330465775887347,9.05818836232758,11009993703.147371,1351399
Kuwait,KWT,1992,1.83400662216739,-0.54547121378821,19858555214.723927,1634961
Kuwait,KWT,1993,-7.38642077946965,0.382541365165916,23941391390.72848,1672151
Kuwait,KWT,1994,-5.87047602737918,2.53443526170792,24848483838.38384,1664361
Kuwait,KWT,1995,4.85050595520289,2.68672756582484,27186980646.544792,1681513
Kuwait,KWT,1996,15.5102373952987,3.55398569684287,31492373308.75157,1730246
Kuwait,KWT,1997,-4.71535484673295,0.682191434707604,30350190704.436146,1787683
Kuwait,KWT,1998,-17.1561124601976,0.129658287674027,25943705784.29957,1844302
Kuwait,KWT,1999,18.0893573873241,2.99081035923166,30122365849.251846,1900030
Kuwait,KWT,2000,20.521710179026,1.81294613887089,37718743480.0751,1954709
Kuwait,KWT,2001,-7.71871077505772,1.29999999999999,34889559869.8326,2008121
Kuwait,KWT,2002,5.14828982462735,0.888450148074907,38135788413.82759,2059974
Kuwait,KWT,2003,4.92065019374949,0.961350293542112,47874582231.58799,2109881
Kuwait,KWT,2004,11.3712679311342,1.24856443679889,59439090600.61079,2157320
Kuwait,KWT,2005,21.7710117887694,4.14297583631023,80798630136.98631,2236788
Kuwait,KWT,2006,16.1763628454097,3.05701339166722,101557330723.42303,2364733
Kuwait,KWT,2007,4.30736220673592,5.48494983277596,114634043361.69225,2507887
Kuwait,KWT,2008,18.6629427337913,10.5827097865144,147379737229.75284,2651421
Kuwait,KWT,2009,-17.1665374455073,4.60959548447787,105968691905.4155,2795484
Kuwait,KWT,2010,11.1033505813839,4.49640287769787,115416245238.47812,2943372
Kuwait,KWT,2011,17.2275372444238,4.8394034987095,154039231299.1275,3132814
Kuwait,KWT,2012,7.4872520591001,3.25514600287211,174047695598.6865,3337109
Kuwait,KWT,2013,0.223023775634857,2.68229684085039,174168116687.21497,3507844
Kuwait,KWT,2014,-6.75796305451594,2.90892672858625,162650450784.68552,3665876
Kuwait,KWT,2015,-25.9583314682208,3.27170166092133,114585555830.9162,3834574
Kuwait,KWT,2016,-6.83784137377464,3.19839776658374,109406674087.94688,4004096
Kuwait,KWT,2017,16.2308738354507,2.17183298510006,120687539675.51738,4154812
Kuwait,KWT,2018,11.2991701085752,0.543133148199567,138202535962.40082,4323515
Kuwait,KWT,2019,-0.110446099385726,1.09184802655856,138696321087.86374,4442316
Kuwait,KWT,2020,-16.4586799927762,2.101729548274,107512998447.02074,4400267
Kuwait,KWT,2021,28.7770836845713,3.42362947609188,141777271268.69412,4360865
Kuwait,KWT,2022,18.8292916806594,3.98064961990313,182809482400.9244,4589643
Kuwait,KWT,2023,-7.35671016267938,3.64216403030709,161772221950.94162,4853420
,KWT,2024,,2.89855072463762,,4897263
Latin America & Caribbean (excluding high income),LAC,1980,19.0463889113015,18.135170796071,,319588567
Latin America & Caribbean (excluding high income),LAC,1981,10.0478587441753,13.6573280826891,,326710408
Latin America & Caribbean (excluding high income),LAC,1982,7.43698791306828,7.72949223911318,,333866128
Latin America & Caribbean (excluding high income),LAC,1983,7.78637947458508,10.9128872185399,,341148229
Latin America & Caribbean (excluding high income),LAC,1984,16.6945063131047,11.7272982588087,,348504110
Latin America & Caribbean (excluding high income),LAC,1985,18.7797351038113,20.5075831762827,,355849792
Latin America & Caribbean (excluding high income),LAC,1986,15.9345984327886,16.8966680544701,,363159117
Latin America & Caribbean (excluding high income),LAC,1987,10.1443832689497,14.0647111158506,,370452304
Latin America & Caribbean (excluding high income),LAC,1988,12.0555766552987,13.4173974119652,,377766659
Latin America & Caribbean (excluding high income),LAC,1989,12.1294932421936,14.7515035727152,876402463262.6858,385080987
Latin America & Caribbean (excluding high income),LAC,1990,25.0086874853778,22.6413707765775,957593725702.958,392413347
Latin America & Caribbean (excluding high income),LAC,1991,23.7132575125834,25.0964073093493,1031036432080.744,399683088
Latin America & Caribbean (excluding high income),LAC,1992,13.1992044095149,13.6265336830005,1119017965058.758,406898894
Latin America & Caribbean (excluding high income),LAC,1993,10.9086143487444,11.2841684454988,1348397983096.4402,414075451
Latin America & Caribbean (excluding high income),LAC,1994,12.5733704419943,12.1948949383909,1592910332496.8948,421179547
Latin America & Caribbean (excluding high income),LAC,1995,11.076427188031,12.9806869102685,1697838269009.4563,428268339
Latin America & Caribbean (excluding high income),LAC,1996,9.60681288753851,11.2974294718582,1853063931965.103,435299542
Latin America & Caribbean (excluding high income),LAC,1997,7.00617304884344,7.72083957837988,2021893648691.252,442282724
Latin America & Caribbean (excluding high income),LAC,1998,6.50470125160993,6.93064122865762,2038842311934.926,449283157
Latin America & Caribbean (excluding high income),LAC,1999,3.83415440241939,5.03602904251894,1810327579938.6975,456223550
Latin America & Caribbean (excluding high income),LAC,2000,6.83011466821127,7.06991352252517,2001496152611.1223,462953688
Latin America & Caribbean (excluding high income),LAC,2001,6.119229850114,6.8019093078759,1951435655114.4248,469463143
Latin America & Caribbean (excluding high income),LAC,2002,5.5023241130699,5.22336769759447,1757081641119.6235,475799008
Latin America & Caribbean (excluding high income),LAC,2003,5.75974076655675,5.60347675434469,1793945251035.7202,481977727
Latin America & Caribbean (excluding high income),LAC,2004,7.28303340681478,5.90402005546502,2043684160277.3213,488032486
Latin America & Caribbean (excluding high income),LAC,2005,5.94079763021928,5.05101962689696,2470502060472.195,494006571
Latin America & Caribbean (excluding high income),LAC,2006,6.77427411913297,4.28239604802561,2881093926514.893,499910627
Latin America & Caribbean (excluding high income),LAC,2007,6.43903808702757,6.14356655248047,3401597415158.732,505793340
Latin America & Caribbean (excluding high income),LAC,2008,8.7785527236756,10.0662418245849,3931407891415.4766,511659365
Latin America & Caribbean (excluding high income),LAC,2009,3.64796491881232,2.59194673430567,3643244830292.974,517459947
Latin America & Caribbean (excluding high income),LAC,2010,5.44341331542486,3.85950909833175,4556436688834.758,523147480
Latin America & Caribbean (excluding high income),LAC,2011,5.95334315490372,5.1289237668161,5320445093655.743,528822706
Latin America & Caribbean (excluding high income),LAC,2012,4.54221493776905,4.11150981070289,5297857656983.352,534503260
Latin America & Caribbean (excluding high income),LAC,2013,3.35844634594847,2.76789666082002,5436631031505.861,540118712
Latin America & Caribbean (excluding high income),LAC,2014,2.85700648471038,3.43816659958601,5457289044548.768,545661592
Latin America & Caribbean (excluding high income),LAC,2015,3.22542892692515,3.12900274473925,4634564315170.454,551075145
Latin America & Caribbean (excluding high income),LAC,2016,3.67806814426042,2.72461223295289,4496975505130.537,556440282
Latin America & Caribbean (excluding high income),LAC,2017,3.67138451275035,3.27955694678546,5012883307321.984,561957179
Latin America & Caribbean (excluding high income),LAC,2018,2.27741531762133,2.78235709149245,4870399271215.6045,567711159
Latin America & Caribbean (excluding high income),LAC,2019,3.32753294754764,2.17408413342917,4804547155275.126,573311679
Latin America & Caribbean (excluding high income),LAC,2020,2.87232203437225,2.00241205759292,4046822646872.3726,578091505
Latin America & Caribbean (excluding high income),LAC,2021,4.60572808888793,4.26105127422813,4690738841614.132,581884231
Latin America & Caribbean (excluding high income),LAC,2022,7.25244797063618,8.27477490232654,5389510951677.686,585648822
Latin America & Caribbean (excluding high income),LAC,2023,5.41879124953701,4.63202285403356,6050580948759.951,589889543
,LAC,2024,,,,594158638
,LAO,1980,,,,3292573
,LAO,1981,,,,3366631
,LAO,1982,,,,3450026
,LAO,1983,,,,3541001
,LAO,1984,,,1757142855.9183671,3637843
Lao PDR,LAO,1985,64.8146877854015,,2366666615.555556,3739985
Lao PDR,LAO,1986,51.1154587374666,,1776842097.1634347,3846715
Lao PDR,LAO,1987,14.4277167046219,,1087273103.696386,3957612
Lao PDR,LAO,1988,25.8491486658893,,598961269.2978786,4072601
Lao PDR,LAO,1989,55.2665211235225,61.3325965106187,714046821.093797,4190974
Lao PDR,LAO,1990,37.907380761807,35.642982971227,865559879.4004065,4311955
Lao PDR,LAO,1991,12.9717603920705,13.4415584415586,1028087972.3108478,4435118
Lao PDR,LAO,1992,5.99384147677743,9.86452966991032,1127806944.6151268,4559646
Lao PDR,LAO,1993,11.1825793452992,6.26722241519029,1327748689.8809426,4685060
Lao PDR,LAO,1994,7.70059550868136,6.7844807862023,1543606345.1168363,4809220
Lao PDR,LAO,1995,19.6853644196947,19.5939189878584,1763536304.5396364,4929409
Lao PDR,LAO,1996,13.7252122556336,13.0244156963462,1873671550.3463552,5045678
Lao PDR,LAO,1997,19.3528167277303,27.5088624491449,1747011857.3310688,5152011
Lao PDR,LAO,1998,84.5044589007367,90.9807345622878,1280177838.7190535,5248266
Lao PDR,LAO,1999,127.97396639694,125.27212839928,1454430642.449592,5340784
Lao PDR,LAO,2000,24.7977766095657,25.0846414281315,1731198022.467631,5431212
Lao PDR,LAO,2001,8.86807380365211,7.81180794783471,1768619058.3464744,5521482
Lao PDR,LAO,2002,6.31846474098954,10.6313446323333,1758176653.0774584,5610889
Lao PDR,LAO,2003,13.450089840918,15.4893529233525,2023324407.2841384,5697945
Lao PDR,LAO,2004,10.6904285437007,10.4622667314208,2366398119.863208,5781626
Lao PDR,LAO,2005,8.64032248095118,7.16541759946639,2735558734.737903,5869523
Lao PDR,LAO,2006,10.8051012263872,6.54559439052787,3455030060.978498,5963200
Lao PDR,LAO,2007,7.43828600469452,4.66197269469701,4223152739.040517,6056236
Lao PDR,LAO,2008,8.86345063797221,7.62880887577516,5446433157.401138,6148969
Lao PDR,LAO,2009,-2.93207353184403,0.141187674980385,5836137329.633054,6241642
Lao PDR,LAO,2010,9.19657111138675,5.98254521550082,7131771014.704564,6334194
Lao PDR,LAO,2011,10.4687175993928,7.5689885610998,8750104617.173029,6426590
Lao PDR,LAO,2012,7.52885930495688,4.2551267783209,10192846339.40287,6518978
Lao PDR,LAO,2013,6.47397208343337,6.37142717782947,11983252626.545183,6611385
Lao PDR,LAO,2014,5.72655918174564,4.12924306873771,13279245886.385435,6703172
Lao PDR,LAO,2015,2.34849600685918,1.27735427102992,14426380125.648829,6801645
Lao PDR,LAO,2016,3.02230644256338,1.59691227583204,15912501722.614256,6908802
Lao PDR,LAO,2017,1.85209676121123,0.825478607568026,17071155481.49936,7018147
Lao PDR,LAO,2018,1.91988919391754,2.04039266890201,18141641089.79633,7128045
Lao PDR,LAO,2019,1.19742392109292,3.32255881256925,18740561512.555496,7237636
Lao PDR,LAO,2020,5.03450412544517,5.10407262959919,18981805250.2424,7346533
Lao PDR,LAO,2021,3.71344836687553,3.75562036658877,18827148530.934723,7453194
Lao PDR,LAO,2022,15.7739459226011,22.9562225132056,15468785203.753174,7559007
Lao PDR,LAO,2023,24.4217202066692,31.2301341732646,15843155731.25518,7664993
,LAO,2024,,23.1305695942588,,7769819
,LBN,1980,,,,2944763
,LBN,1981,,,,3008981
,LBN,1982,,,,3054931
,LBN,1983,,,,3094996
,LBN,1984,,,,3152744
,LBN,1985,,,,3217376
,LBN,1986,,,,3300365
,LBN,1987,,,,3385555
,LBN,1988,,,3313540067.9324584,3454649
Lebanon,LBN,1989,72.9964555217472,,2717998687.710016,3525285
Lebanon,LBN,1990,15.5018483856034,,2838485353.9618664,3595175
Lebanon,LBN,1991,47.6556598595665,,4690415092.536633,3668912
Lebanon,LBN,1992,97.4338199086854,,5843579160.901219,3747371
Lebanon,LBN,1993,24.7430178138061,,7941744492.235954,3820647
Lebanon,LBN,1994,7.87371706042556,,9599127050.175585,3889799
Lebanon,LBN,1995,10.6790055674445,,11718795528.555569,3960735
Lebanon,LBN,1996,1.73810973618646,,13690217333.587885,4034781
Lebanon,LBN,1997,11.5467672117432,,15751867489.444624,4108405
Lebanon,LBN,1998,4.01791826450849,,17247179005.521946,4181281
Lebanon,LBN,1999,0.812850465455782,,17391056369.226524,4255277
Lebanon,LBN,2000,-2.08798314732812,,17260364842.454395,4329340
Lebanon,LBN,2001,-1.52515154552069,,17649751243.781094,4401918
Lebanon,LBN,2002,4.92118791987299,,19152238805.97015,4463504
Lebanon,LBN,2003,1.58125248896708,,20082918739.63516,4525508
Lebanon,LBN,2004,-1.2346616322255,,21159827992.039803,4599279
Lebanon,LBN,2005,-1.06220705635945,,21497336498.839134,4671102
Lebanon,LBN,2006,0.880737586375261,,22022709851.40962,4751136
Lebanon,LBN,2007,3.13292372272159,,24827355014.925373,4844118
Lebanon,LBN,2008,7.53328390625055,,29118916105.47264,4925354
Lebanon,LBN,2009,10.2845410020847,1.19509671165543,35399582928.68988,4992287
Lebanon,LBN,2010,0.578606723263135,3.98347941855833,38443907042.12272,5041288
Lebanon,LBN,2011,2.96508062083976,4.97148571692384,39927125961.5257,5096020
Lebanon,LBN,2012,7.48605187549234,6.58147447683677,44016799515.75456,5235742
Lebanon,LBN,2013,2.57845109226618,4.82101956297399,46880103080.597015,5743436
Lebanon,LBN,2014,0.105278623259466,1.8546042134091,48095213746.600334,6346990
Lebanon,LBN,2015,3.33578444902192,-3.74914524799629,49929337836.81592,6472469
Lebanon,LBN,2016,0.87129520217637,-0.783359624361508,51147308774.12936,6323060
Lebanon,LBN,2017,2.7485363221939,4.32135218303191,53027680685.90382,6160128
Lebanon,LBN,2018,5.52248710107466,6.07698907889607,54901519155.55556,5984119
Lebanon,LBN,2019,4.09482315573024,3.00538949390383,51605959131.27413,5794594
Lebanon,LBN,2020,85.5420423400206,84.8643330472041,31712128253.796097,5702398
Lebanon,LBN,2021,150.000716803737,154.756096023393,23131941556.784348,5718122
Lebanon,LBN,2022,112.149478998819,171.205491336641,20992421948.808086,5744489
,LBN,2023,,221.341644023365,,5773493
,LBN,2024,,,,5805962
Liberia,LBR,1980,9.47952427977854,,854711499.999998,1929253
Liberia,LBR,1981,1.20342730356739,,846514499.999998,1986867
Liberia,LBR,1982,4.60261250257095,,863933199.999998,2045073
Liberia,LBR,1983,-2.8518532860636,,823374899.999998,2107113
Liberia,LBR,1984,5.26715327312898,,848478299.999998,2173312
Liberia,LBR,1985,1.18541540464065,,851296099.999998,2240539
Liberia,LBR,1986,0.472892541338069,,840964399.999998,2308511
Liberia,LBR,1987,16.8470569176321,,972799999.999998,2377229
Liberia,LBR,1988,8.95795186633018,,1038300000.0,2446941
Liberia,LBR,1989,3.27008939773434,,786299999.999998,2517858
Liberia,LBR,1990,-0.167333709077994,,384399999.999999,2223667
Liberia,LBR,1991,5.54464950008735,,348000000.0,1956518
Liberia,LBR,1992,-1.06322322403601,,223500000.0,2072461
Liberia,LBR,1993,7.07610747991372,,160400000.0,2155126
Liberia,LBR,1994,5.34435624144021,,132200000.0,2149928
Liberia,LBR,1995,6.51068108696143,,134800000.0,2169162
Liberia,LBR,1996,5.46556253380952,,159400000.0,2232289
Liberia,LBR,1997,-10.008826322699,,295900000.0,2412989
Liberia,LBR,1998,-6.66669927646055,,359600000.0,2670124
Liberia,LBR,1999,0.917752457711245,,441800000.0,2821684
Liberia,LBR,2000,53.8122567933531,,874000000.0,2928117
Liberia,LBR,2001,0.720025735561336,,906000000.0,3015338
Liberia,LBR,2002,-1.39272821423994,14.1596470116325,927000000.0,3094782
Liberia,LBR,2003,15.5114915940543,10.3302881236823,748000000.0,3119532
Liberia,LBR,2004,16.8582781254993,7.82908704883235,897000000.0,3156892
Liberia,LBR,2005,0.490010500603105,10.8343588481414,949000000.0,3301015
Liberia,LBR,2006,9.13488162981633,7.34144608278558,1119000000.0,3490787
Liberia,LBR,2007,12.0176471387966,11.3918966807102,1373000000.0,3669050
Liberia,LBR,2008,17.3263455514491,17.489448642993,1726000000.0,3821003
Liberia,LBR,2009,-2.72284314110513,7.42764305914919,1768000000.0,3943028
Liberia,LBR,2010,6.51200368905668,7.28992796890218,1998000000.0,4058890
Liberia,LBR,2011,10.9234453589782,8.488167518494,2398000000.0,4221178
Liberia,LBR,2012,7.79715716365929,6.83178703418548,2791614000.0,4373043
Liberia,LBR,2013,4.71530813283255,7.577306817414,3177198100.0,4470239
Liberia,LBR,2014,0.817921326764434,9.86111285574904,3225652000.0,4564293
Liberia,LBR,2015,0.062713425558087,7.74869687621322,3227075700.0,4659431
Liberia,LBR,2016,6.97295697153928,8.83424868336488,3398419600.0,4755608
Liberia,LBR,2017,-2.61793415299387,12.4196323907138,3390703400.0,4848925
Liberia,LBR,2018,-0.209872797387817,23.5635148953742,3422754800.0,4944726
Liberia,LBR,2019,-0.560426634044902,26.9662760197878,3319596500.0,5043721
Liberia,LBR,2020,-1.38060188980627,16.9557241496255,3176126340.0,5149463
Liberia,LBR,2021,5.35427604467455,7.81559385858648,3513049520.0,5259323
Liberia,LBR,2022,8.66620854081535,7.59298486560313,4001047000.0,5373294
Liberia,LBR,2023,1.23085463416679,10.0944535665552,4332000000.0,5493031
,LBR,2024,,,,5612817
Libya,LBY,1980,33.2021670219916,9.73428879471392,40953924948.99798,3424378
Libya,LBY,1981,9.90997003298553,11.1997226074894,36374353879.63297,3621486
Libya,LBY,1982,-9.71994677382469,10.2588088556284,33760146991.755836,3724765
Libya,LBY,1983,0.835220576199063,10.6052036199096,33200520139.8656,3718961
Libya,LBY,1984,-6.50406915528214,12.4776272053182,29476109151.85227,3773633
Libya,LBY,1985,-1.25257319060262,9.13844055467156,31530566323.50788,3898745
Libya,LBY,1986,-7.83798100876484,3.29098104561558,24180400960.62138,4017403
Libya,LBY,1987,20.9059497421778,4.35571687840289,26697659335.91487,4129739
Libya,LBY,1988,-17.7752665638337,6.08695652173909,24308959591.723656,4237755
Libya,LBY,1989,1.05785830194884,1.51183970856093,25156707900.18164,4342920
Libya,LBY,1990,4.70251390471344,8.45146240803882,28904183602.48184,4445239
Libya,LBY,1991,-5.12733390102106,11.8960953011251,31991821264.711758,4544400
Libya,LBY,1992,9.19711074483953,9.35975158953135,33887047909.27463,4640352
Libya,LBY,1993,1.63414250962724,11.0735532720389,30660051910.503662,4733045
Libya,LBY,1994,4.7773256999434,5.11259890444314,28610549763.468517,4822037
Libya,LBY,1995,9.58688164580195,7.23798494499129,25541379186.645782,4906843
Libya,LBY,1996,11.6619404433266,4.02807775377963,27884615384.615383,4987393
Libya,LBY,1997,10.4105090393626,3.55029585798821,30700897874.870358,5064639
Libya,LBY,1998,-6.62734026445655,3.70927318295739,27251301398.28134,5140704
Libya,LBY,1999,29.9783598620093,2.64862252295818,35975860857.11637,5218038
Libya,LBY,2000,13.3068623002662,-2.90000000000024,38270954138.11281,5305021
Libya,LBY,2001,7.1848746565278,-8.81393752145546,34112093927.25397,5403639
Libya,LBY,2002,27.247302775382,-9.79764705882357,20481889763.77953,5508410
Libya,LBY,2003,14.3625652729747,-2.19115191986644,26265625000.0,5619398
Libya,LBY,2004,22.6053424951582,-2.197567740559,33122307692.30769,5736693
Libya,LBY,2005,28.5685039972063,2.65020576131657,47334691241.49238,5858798
Libya,LBY,2006,19.6795130437458,1.45926876202724,60094231606.64205,5980211
Libya,LBY,2007,2.43938616827511,6.25098782993553,68032978390.600685,6104380
Libya,LBY,2008,23.7093714962272,10.3607288954998,86710767415.13712,6235430
Libya,LBY,2009,-24.8472677473776,2.45990025609948,60808562033.41912,6366686
Libya,LBY,2010,19.278545342939,2.79989500109268,75380825062.4216,6497839
Libya,LBY,2011,24.3427533511905,15.5184815317561,48169263294.10074,6343203
Libya,LBY,2012,5.98193050372183,6.05980392156864,92540938129.13144,6179328
Libya,LBY,2013,0.0853923422682783,2.60581802719517,75351107029.06049,6304628
Libya,LBY,2014,-1.00660401665242,2.43294141599225,57372355592.02202,6427252
Libya,LBY,2015,-7.04070727195378,10.4022933588151,48717501321.30524,6531819
Libya,LBY,2016,4.69231431810404,25.8538742124461,49912073701.298,6632126
Libya,LBY,2017,1.80666382178316,25.8036184788338,67157452181.77383,6738770
Libya,LBY,2018,3.59757389264269,13.1702038536721,76686029772.14833,6849055
Libya,LBY,2019,4.17567264236536,-2.16217883470595,72081962263.17938,6951033
Libya,LBY,2020,-4.75412381683802,1.44703656998741,65688454971.56625,7045399
Libya,LBY,2021,90.405606412238,2.86833027751019,47786789103.81721,7135175
Libya,LBY,2022,42.6971019985904,4.51030149235703,55938727098.01743,7223805
Libya,LBY,2023,-5.34146995735976,2.37317531435169,50491722445.7773,7305659
,LBY,2024,,2.12615766885025,,7381023
,LCA,1980,,19.4777291132912,170370370.37037036,119290
St. Lucia,LCA,1981,7.35599943990151,15.1248443770346,194444444.4444444,121166
St. Lucia,LCA,1982,-7.64120612037067,4.61406749873088,183333333.3333333,123087
St. Lucia,LCA,1983,2.39065813359022,1.47305853462301,197037037.037037,125044
St. Lucia,LCA,1984,18.9865253150556,1.20548410365588,251481481.48148143,127067
St. Lucia,LCA,1985,4.45086843820029,1.42319898238732,284444444.4444444,129159
St. Lucia,LCA,1986,4.48351415018449,2.19025825433132,340000000.0,131239
St. Lucia,LCA,1987,6.28709619300014,7.02175303902781,375555555.5555555,133227
St. Lucia,LCA,1988,0.437892653099041,0.829472425646376,429629629.6296296,135000
St. Lucia,LCA,1989,3.94092336088616,4.37263766397329,486666666.6666666,136512
St. Lucia,LCA,1990,8.38221709722349,4.26755662855972,579629629.6296296,137857
St. Lucia,LCA,1991,5.48232034078922,6.14955053119049,613703703.7037036,139520
St. Lucia,LCA,1992,1.74518377711135,5.13889779944828,674074074.074074,141617
St. Lucia,LCA,1993,1.00434947149506,0.848181596289603,684814814.8148148,143726
St. Lucia,LCA,1994,2.57871402738749,2.81591665153968,713703703.7037036,145890
St. Lucia,LCA,1995,5.06514405944434,5.62965921512378,762962962.9629629,148208
St. Lucia,LCA,1996,0.461968849055452,0.924842609615973,788888888.8888888,150436
St. Lucia,LCA,1997,2.87370178549085,-0.0055202870547238,805925925.9259259,152569
St. Lucia,LCA,1998,2.43023787455614,3.20194341679091,877407407.4074074,154677
St. Lucia,LCA,1999,2.33253225134298,3.50379784108942,921851851.8518518,156702
St. Lucia,LCA,2000,1.11583405037081,3.7107860871361,932592592.5925924,158616
St. Lucia,LCA,2001,-0.912140725343306,5.30722081028547,892592592.5925925,160237
St. Lucia,LCA,2002,0.41171045540753,-0.255536626916508,900000000.0,161641
St. Lucia,LCA,2003,5.22451730389426,1.03425372426221,987407407.4074072,162976
St. Lucia,LCA,2004,0.708134828409769,1.46036814425245,1066666666.6666666,164239
St. Lucia,LCA,2005,6.89693651611844,3.89827370759476,1135555555.5555556,165450
St. Lucia,LCA,2006,5.17561350784197,2.39562082529168,1268319185.1851852,166639
St. Lucia,LCA,2007,3.59090008384686,2.82310373736929,1336088814.8148148,167758
St. Lucia,LCA,2008,2.53277352430888,5.54954769383937,1437731111.111111,168808
St. Lucia,LCA,2009,0.318436532246153,-0.156936087168669,1401507888.8888888,169869
St. Lucia,LCA,2010,5.42281943230741,3.25034409180129,1482385185.1851852,170906
St. Lucia,LCA,2011,1.41240495830502,2.76940794144093,1568370370.3703704,171801
St. Lucia,LCA,2012,2.01336870760498,4.17763587102515,1598207407.4074073,172587
St. Lucia,LCA,2013,6.00571366566349,1.46856511035428,1660222222.222222,173369
St. Lucia,LCA,2014,3.78013189217974,3.51695551369241,1749185185.185185,174138
St. Lucia,LCA,2015,3.23704301796657,-0.983600952696996,1807640740.7407403,174905
St. Lucia,LCA,2016,-0.0557002574800691,-3.07821765676927,1868544444.4444444,175646
St. Lucia,LCA,2017,3.45699485015136,0.104262078958441,1998503703.703704,176342
St. Lucia,LCA,2018,0.23165307635287,1.93561893150602,2060955555.5555556,177017
St. Lucia,LCA,2019,2.38707108730274,0.539087559191757,2092081549.0244443,177661
St. Lucia,LCA,2020,-5.4020373519996,-1.75580833517594,1497825994.2322073,178250
St. Lucia,LCA,2021,11.593212114006,2.41070312174393,1834796401.6326072,178522
St. Lucia,LCA,2022,4.22003570092014,6.37814695133351,2343703788.173233,178781
St. Lucia,LCA,2023,1.48963461512095,4.07060821926204,2519925938.5244665,179285
,LCA,2024,,,,179744
Latin America & Caribbean,LCN,1980,18.8295804083122,17.9199241406267,,359713036
Latin America & Caribbean,LCN,1981,10.8083556394613,14.0479686718868,,367619244
Latin America & Caribbean,LCN,1982,7.08276256204344,7.81274141216489,,375568417
Latin America & Caribbean,LCN,1983,7.02793656865914,10.2436633526545,,383657148
Latin America & Caribbean,LCN,1984,10.0688794185579,11.5071695057309,,391832861
Latin America & Caribbean,LCN,1985,9.36092206016864,12.9616863143474,,400012327
Latin America & Caribbean,LCN,1986,7.26304117277021,9.76436924342062,,408172564
Latin America & Caribbean,LCN,1987,8.68422935247909,11.5375361337893,,416332693
Latin America & Caribbean,LCN,1988,11.6552979490679,8.01262890572412,,424525590
Latin America & Caribbean,LCN,1989,10.9088968745446,11.4096320065762,1007476718921.5654,432726590
Latin America & Caribbean,LCN,1990,16.2679419830218,21.5079881732679,1102119409745.3826,440958144
Latin America & Caribbean,LCN,1991,14.6102588137357,21.6157411224449,1189975815419.2734,449128999
Latin America & Caribbean,LCN,1992,5.56829005918074,10.6301996893038,1298654841940.8435,457245250
Latin America & Caribbean,LCN,1993,8.81178502260418,10.2636237496549,1536673815797.37,465325731
Latin America & Caribbean,LCN,1994,11.7222782032805,9.70025033516308,1794992207468.049,473328616
Latin America & Caribbean,LCN,1995,10.5086672297491,10.1932067630745,1941685792038.176,481309028
Latin America & Caribbean,LCN,1996,3.9305797534646,7.35911781788767,2101023530809.9412,489235073
Latin America & Caribbean,LCN,1997,3.70423775271973,6.94956608534118,2303337106936.646,497097004
Latin America & Caribbean,LCN,1998,5.37109035742958,5.11024954517559,2331650072097.7466,504952583
Latin America & Caribbean,LCN,1999,3.83415440241939,3.45439793587507,2107238195958.908,512730984
Latin America & Caribbean,LCN,2000,4.56004348689325,4.60822998872598,2326171956618.827,520272118
Latin America & Caribbean,LCN,2001,3.32342676371552,4.05508061344645,2281659001901.305,527572583
Latin America & Caribbean,LCN,2002,3.7182475900851,3.95011663721593,2051651216847.5156,534691591
Latin America & Caribbean,LCN,2003,4.71856672944857,3.73373566167644,2090649676533.063,541643365
Latin America & Caribbean,LCN,2004,6.45198385160759,4.38032286534608,2404140329731.789,548455563
Latin America & Caribbean,LCN,2005,5.94079763021928,4.44057565687912,2901840928620.712,555120780
Latin America & Caribbean,LCN,2006,6.1071543478173,4.25195321977967,3395773013103.3794,561751999
Latin America & Caribbean,LCN,2007,6.22608464333572,4.57808572377153,3997430459125.194,568345245
Latin America & Caribbean,LCN,2008,7.57692782562298,8.10810810810782,4642685980825.886,574908733
Latin America & Caribbean,LCN,2009,3.53797080152426,2.50049988756384,4355865396934.769,581388129
Latin America & Caribbean,LCN,2010,4.67604329499009,3.491288726188,5395521584867.198,587752505
Latin America & Caribbean,LCN,2011,5.48770339491702,4.9777356370697,6137298312571.182,594086829
Latin America & Caribbean,LCN,2012,3.59822124441102,3.78180754679678,6209024743500.111,600420316
Latin America & Caribbean,LCN,2013,2.52167569370495,2.5286478853837,6362333301077.531,606683307
Latin America & Caribbean,LCN,2014,2.50461004026867,3.38341272749477,6483202078515.132,612849401
Latin America & Caribbean,LCN,2015,3.00430951684523,1.86148302863371,5418289197382.295,618868462
Latin America & Caribbean,LCN,2016,2.18440361611209,1.65038994431573,5283310849435.272,624737786
Latin America & Caribbean,LCN,2017,3.03291030935591,2.19201010962985,5866482345855.606,630414986
Latin America & Caribbean,LCN,2018,2.19247842793764,2.32414485367921,5742638741431.275,635778081
Latin America & Caribbean,LCN,2019,2.62590163550418,2.25212191358027,5659965575492.011,640962372
Latin America & Caribbean,LCN,2020,1.48172462037553,0.99333702283873,4804924789054.883,645498186
Latin America & Caribbean,LCN,2021,4.48797277024499,3.49505757399448,5578001135446.182,649236072
Latin America & Caribbean,LCN,2022,6.31527590909438,7.7806152516404,6341680448313.757,653108120
Latin America & Caribbean,LCN,2023,4.45991367594138,4.63066263911662,7094329636592.513,657616517
,LCN,2024,,,,662186388
Least developed countries: UN classification,LDC,1980,10.1878198573196,,124275806288.40771,403007563
Least developed countries: UN classification,LDC,1981,8.69831224790944,,130944751635.4153,412046787
Least developed countries: UN classification,LDC,1982,9.66325843162483,,131526119023.5398,422560922
Least developed countries: UN classification,LDC,1983,10.9601408150368,,132942322285.83388,434142125
Least developed countries: UN classification,LDC,1984,10.3165387696737,,139143974827.19647,445947594
Least developed countries: UN classification,LDC,1985,10.2449257882707,,152679351682.86774,457866946
Least developed countries: UN classification,LDC,1986,7.39227630448525,9.32546190007652,129919742514.94466,469843634
Least developed countries: UN classification,LDC,1987,11.4942569451185,9.01351931463752,138575407039.5359,482075790
Least developed countries: UN classification,LDC,1988,9.70614941350554,10.2196875039765,151408311246.3332,494400159
Least developed countries: UN classification,LDC,1989,9.89266494319662,8.92994142894026,162003196598.6238,506991476
Least developed countries: UN classification,LDC,1990,11.9645333920464,8.48864649650696,188377840875.2057,519693837
Least developed countries: UN classification,LDC,1991,12.9717603920705,14.2458446087478,206285815475.59863,532595517
Least developed countries: UN classification,LDC,1992,13.6077075898356,10.6393021897439,162423362071.82953,546905231
Least developed countries: UN classification,LDC,1993,11.1825793452992,9.37034415971461,170645186609.5282,562489881
Least developed countries: UN classification,LDC,1994,22.2143675430414,25.1778762249963,167418947426.8737,578028937
Least developed countries: UN classification,LDC,1995,12.706369018741,15.4480258352528,171656467729.8137,593609643
Least developed countries: UN classification,LDC,1996,10.9214157524918,9.33031458531928,179828980354.19138,609407699
Least developed countries: UN classification,LDC,1997,6.00507583216428,8.0221076663175,188878580088.1532,625267815
Least developed countries: UN classification,LDC,1998,7.94031603070835,7.11191114210706,191440642053.5476,641401023
Least developed countries: UN classification,LDC,1999,7.18914294704696,4.92577256142325,197386815443.76105,657616923
Least developed countries: UN classification,LDC,2000,6.35158672796916,3.89952980284712,224220841301.6215,673630102
Least developed countries: UN classification,LDC,2001,6.69630850135437,4.7148963468961,215386170078.7669,689878805
Least developed countries: UN classification,LDC,2002,5.2099466383829,4.46426400734842,235506872334.1742,707266809
Least developed countries: UN classification,LDC,2003,8.11271175819826,6.48943208673338,266569126690.00363,725111768
Least developed countries: UN classification,LDC,2004,7.19421020570365,4.53421374129692,306201111423.0941,742717957
Least developed countries: UN classification,LDC,2005,8.30079450738424,7.56408061709869,360878706648.537,760741611
Least developed countries: UN classification,LDC,2006,7.27989528597466,6.85246617854621,417524553902.59216,779230030
Least developed countries: UN classification,LDC,2007,7.31798124511916,7.78556896236768,501270268255.7736,797516000
Least developed countries: UN classification,LDC,2008,9.18675905596604,11.010388006835,614414977114.4393,816268129
Least developed countries: UN classification,LDC,2009,2.40550487042772,4.56150687670983,608426703148.3109,835687108
Least developed countries: UN classification,LDC,2010,6.3911950513067,5.04968075857402,687433128591.7863,855348118
Least developed countries: UN classification,LDC,2011,9.39165549203732,6.61038986512481,783931296546.4978,875685078
Least developed countries: UN classification,LDC,2012,5.82399948795916,6.31474450315196,819266433465.4807,896684951
Least developed countries: UN classification,LDC,2013,4.37807084310651,5.52412877994266,892428919239.911,918269633
Least developed countries: UN classification,LDC,2014,3.43012694628284,4.26729770529532,959618110350.5364,940284138
Least developed countries: UN classification,LDC,2015,3.74723484932397,3.55075967356746,920864864683.3088,962508256
Least developed countries: UN classification,LDC,2016,3.84877323619499,5.51352572692995,936561647193.3788,985414939
Least developed countries: UN classification,LDC,2017,3.45044480320301,4.77424402935677,1025062467402.3052,1008993468
Least developed countries: UN classification,LDC,2018,4.39962186985303,3.47796666914955,1090417461003.2312,1033110314
Least developed countries: UN classification,LDC,2019,3.93362175985635,3.32090626980376,1150500716964.0056,1058013514
Least developed countries: UN classification,LDC,2020,3.87130647826277,4.4641443723286,1162019936698.8362,1083636132
Least developed countries: UN classification,LDC,2021,6.27372553968799,4.1862150652352,1266743958589.0854,1109175268
Least developed countries: UN classification,LDC,2022,7.42356642322508,9.39383877456591,1424615962242.8284,1134585604
Least developed countries: UN classification,LDC,2023,4.93690356074202,7.12697482131851,1504251159792.0146,1160824674
,LDC,2024,,,,1187777591
Low income,LIC,1980,13.0192443420455,,77122651920.4901,192424417
Low income,LIC,1981,11.4999913527617,12.1673943487938,82418257129.42076,196030673
Low income,LIC,1982,10.0000183961739,12.0597652081337,81995485614.89304,200239487
Low income,LIC,1983,10.9601408150368,9.3554650798615,83287284892.70743,205645993
Low income,LIC,1984,12.2447741133382,9.54306957454692,85877398913.04704,211255335
Low income,LIC,1985,9.7484401663824,10.4714081120526,83637573681.02122,216877271
Low income,LIC,1986,9.55204206562716,3.18488388764978,87036099939.58536,222444478
Low income,LIC,1987,16.0923496029511,5.62312627382231,92958586119.6511,228079094
Low income,LIC,1988,9.53403991183907,11.6905868876763,98924794835.559,233656588
Low income,LIC,1989,11.3766803966195,8.0461586348732,107335669383.7681,239520711
Low income,LIC,1990,11.9116195809889,6.07732540412944,134347494494.30344,245338485
Low income,LIC,1991,10.6923141622086,8.99693873494331,150993763705.44113,250935723
Low income,LIC,1992,10.2275142531787,9.56041187600816,103352914778.29485,257817106
Low income,LIC,1993,9.98991652376216,9.67934658067928,110352175466.11037,265888248
Low income,LIC,1994,23.2494808479149,25.1778762249963,103210150492.258,273508544
Low income,LIC,1995,15.8089838973553,16.4335034524163,95755547189.2036,281169146
Low income,LIC,1996,10.9214157524918,7.83063091721076,92529748881.59048,289332496
Low income,LIC,1997,4.49197342415518,5.02931986431365,98821120247.74542,297416997
Low income,LIC,1998,6.74940882900434,4.81617460932022,99814560375.6219,305718387
Low income,LIC,1999,7.44219677268558,1.66610532426106,100732241436.72588,314325970
Low income,LIC,2000,9.8531369204179,3.60731123299653,123908609247.70714,322668237
Low income,LIC,2001,4.84544150767007,4.24905518796216,116417867734.74731,331269527
Low income,LIC,2002,3.44363247387027,3.30012175283749,128027966515.98409,341035328
Low income,LIC,2003,8.80333248847226,6.48943208673338,142978584361.76297,351244442
Low income,LIC,2004,10.7106399206208,3.99438400815971,167196877615.7172,361305645
Low income,LIC,2005,9.45315922975922,8.44872642299532,199723321087.3299,371788197
Low income,LIC,2006,7.33054791629083,7.31067613561864,232208542309.01968,383041001
Low income,LIC,2007,7.30472778918162,7.9286638492638,282893624749.081,394448347
Low income,LIC,2008,9.18675905596604,11.6779827154953,340460080321.201,405862712
Low income,LIC,2009,3.11722996127335,5.00627361534043,338898157425.0691,417577386
Low income,LIC,2010,5.64433086097335,4.3974138315007,372940632041.9117,429515596
Low income,LIC,2011,10.3861871358875,7.6228226284852,404514516429.2772,441658754
Low income,LIC,2012,5.82399948795916,6.83178703418548,381701640886.4106,453652889
Low income,LIC,2013,4.71530813283255,5.69912989637382,394195409295.52527,465087882
Low income,LIC,2014,1.79536377351708,4.40535234185293,422083905892.0215,476470767
Low income,LIC,2015,6.5037166915161,4.96090778162717,416120726145.3175,488308267
Low income,LIC,2016,4.34922894475879,5.87106681385445,383741508244.75934,501149314
Low income,LIC,2017,6.44370628779525,8.27953672260832,401921089084.3765,514890519
Low income,LIC,2018,4.44338527166425,2.96760366004456,418228093932.97217,529522043
Low income,LIC,2019,4.67764534705535,2.867588034469,445278364305.2016,544980983
Low income,LIC,2020,3.90154957064527,5.03301614357542,439782467036.0461,560643073
Low income,LIC,2021,6.64074341609775,5.47272729806339,466420564539.2052,576076618
Low income,LIC,2022,9.15161419934587,9.95043894711641,530578689814.7639,591481496
Low income,LIC,2023,6.0692040169944,8.50065078588369,646797730009.0897,607774703
,LIC,2024,,,,624608098
Liechtenstein,LIE,1980,2.230427607572,,534699362.8961609,25512
Liechtenstein,LIE,1981,7.01270900324123,,511647750.1244755,25673
Liechtenstein,LIE,1982,7.17686350251816,,522096760.2910935,26255
Liechtenstein,LIE,1983,3.21765465492794,,524023624.8905505,26446
Liechtenstein,LIE,1984,2.95143691854962,,502620991.85294354,26596
Liechtenstein,LIE,1985,2.85520121349667,,529073612.4535789,26878
Liechtenstein,LIE,1986,3.69822480831714,,779357802.5000597,27238
Liechtenstein,LIE,1987,2.51954068651507,,1052848995.9710084,27557
Liechtenstein,LIE,1988,2.50531223225421,,1161757671.017563,27948
Liechtenstein,LIE,1989,3.14382399738243,,1119983801.2133808,28317
Liechtenstein,LIE,1990,5.40244440000993,,1421509216.3742354,28742
Liechtenstein,LIE,1991,5.87012986174227,,1484160302.149524,29209
Liechtenstein,LIE,1992,4.02355414884856,,1631177029.4506257,29627
Liechtenstein,LIE,1993,3.30188453106945,,1673085244.6878996,30089
Liechtenstein,LIE,1994,0.852360816018248,,1948129622.7513213,30470
Liechtenstein,LIE,1995,1.79595371006631,,2428525060.699265,30776
Liechtenstein,LIE,1996,0.815420354165212,,2504012993.422384,31033
Liechtenstein,LIE,1997,0.514706284993991,,2298389802.888832,31232
Liechtenstein,LIE,1998,0.0146296875332581,,2479699106.022639,31668
Liechtenstein,LIE,1999,0.819192785901677,,2664105901.188626,32221
Liechtenstein,LIE,2000,1.55252192703072,,2483889858.323124,32645
Liechtenstein,LIE,2001,0.985855937188077,,2491800558.776736,33194
Liechtenstein,LIE,2002,0.650821388246285,,2688618747.381476,33694
Liechtenstein,LIE,2003,0.632556289875552,,3070803051.421637,34079
Liechtenstein,LIE,2004,0.810168671611081,,3454373797.744424,34447
Liechtenstein,LIE,2005,1.19056787026008,,3659319116.880572,34753
Liechtenstein,LIE,2006,1.31488166385525,,4000102086.1463513,35037
Liechtenstein,LIE,2007,6.58173780950284,,4601429897.214683,35262
Liechtenstein,LIE,2008,-2.11669284164925,,5081479840.087157,35473
Liechtenstein,LIE,2009,-9.90066262743474,,4504375348.070381,35742
,LIE,2010,,,5082337238.447185,36022
,LIE,2011,,,5739706004.896165,36312
,LIE,2012,,,5456102482.286143,36657
,LIE,2013,,,6391708310.677266,36984
,LIE,2014,,,6657526979.722775,37248
,LIE,2015,,,6268515276.174405,37494
,LIE,2016,,,6237302033.50132,37716
,LIE,2017,,,6474308717.852892,37962
,LIE,2018,,,6692620691.841458,38246
,LIE,2019,,,6436467007.119318,38563
,LIE,2020,,,6405870210.32293,38901
,LIE,2021,,,7710380085.922573,39182
,LIE,2022,,,7364654515.139836,39493
,LIE,2023,,,,39846
,LIE,2024,,,,40450
Sri Lanka,LKA,1980,19.9775120060433,26.1454101014465,4024621899.576527,14847974
Sri Lanka,LKA,1981,20.8853013323643,17.9689954960101,4415844155.844156,15099414
Sri Lanka,LKA,1982,12.1010603605335,10.8257491675687,4768765016.818837,15286567
Sri Lanka,LKA,1983,16.9068302725532,13.9643880065001,5167913302.167445,15388794
Sri Lanka,LKA,1984,20.3005158881179,16.6382537479217,6043474842.767295,15441860
Sri Lanka,LKA,1985,0.583905559480783,1.48118012235429,5978460972.0176735,15544154
Sri Lanka,LKA,1986,5.91728493274381,7.97636193570627,6405210563.882941,15731256
Sri Lanka,LKA,1987,7.75149159406698,7.71716560559269,6682167119.565217,15916576
Sri Lanka,LKA,1988,10.1170340331887,13.9915489002075,6978371581.263754,16078621
Sri Lanka,LKA,1989,10.9231572567662,11.5675360890558,6987267683.772539,16248557
Sri Lanka,LKA,1990,20.0632752884754,21.495252052759,8032551173.240139,16352458
Sri Lanka,LKA,1991,10.6240231643767,12.1856307214389,9000362581.580856,16475354
Sri Lanka,LKA,1992,9.40370611580596,11.3834370512206,9703011635.865849,16739284
Sri Lanka,LKA,1993,9.88439431062804,11.7467370174946,10338679635.76159,17025918
Sri Lanka,LKA,1994,9.77058482007504,8.44871248698348,11717604208.822338,17275773
Sri Lanka,LKA,1995,9.3034396278523,7.67484873449805,13029697560.975609,17564068
Sri Lanka,LKA,1996,10.8174557970975,15.9358310447214,13897738375.248775,17905018
Sri Lanka,LKA,1997,8.92446881960332,9.57369626405162,15091913883.709105,18248200
Sri Lanka,LKA,1998,9.21416012598122,9.36424300683229,15794972847.168346,18596003
Sri Lanka,LKA,1999,4.16270115884763,4.69170563048438,15656327859.569649,18944731
Sri Lanka,LKA,2000,7.27743020932476,6.17627591012045,16330814179.976624,19293054
Sri Lanka,LKA,2001,13.6648001624429,14.15845579912,15749753804.834375,19600362
Sri Lanka,LKA,2002,8.11157025730627,9.55103167007251,16536535647.083422,19805752
Sri Lanka,LKA,2003,8.74866439756123,6.31463787051174,18881765437.215084,19951521
Sri Lanka,LKA,2004,8.80149246131563,7.57592582995856,20662525941.29855,20087605
Sri Lanka,LKA,2005,10.4187267516516,11.6396860971118,24405791044.77612,20216524
Sri Lanka,LKA,2006,11.2770294472601,10.0201836057035,28279802405.913803,20352411
Sri Lanka,LKA,2007,14.0284428247112,15.8421114924843,32350238760.423862,20492545
Sri Lanka,LKA,2008,16.3270160248281,22.5644955300126,40713826215.00925,20629378
Sri Lanka,LKA,2009,5.87988263586622,3.46496322106074,42066224093.00646,20756435
Sri Lanka,LKA,2010,26.9348761761573,6.2176488930462,58636161081.71195,20879089
Sri Lanka,LKA,2011,3.97992934293185,6.7167684358854,67753284043.92818,21009048
Sri Lanka,LKA,2012,10.4634471767858,7.54291373239437,70447216891.33658,21169458
Sri Lanka,LKA,2013,6.25288525916727,6.90845034828452,77000578167.35295,20585000
Sri Lanka,LKA,2014,1.92062881101653,3.1790022823606,82528535713.92601,20778000
Sri Lanka,LKA,2015,3.01438079835941,3.76836783062096,85140955388.85092,20970000
Sri Lanka,LKA,2016,5.44322171526078,3.9588884659307,88012282205.83571,21209000
Sri Lanka,LKA,2017,5.47284529470402,7.70413767850602,94376237797.23674,21453000
Sri Lanka,LKA,2018,4.29530620201848,2.135037737132,94493871200.78688,21670000
Sri Lanka,LKA,2019,3.8705276117724,3.52839358231811,89014978344.1404,21803000
Sri Lanka,LKA,2020,3.1043067536519,6.15394508391738,84304298770.53287,21919000
Sri Lanka,LKA,2021,8.02109017405199,7.01478071238195,88609332762.47295,22156000
Sri Lanka,LKA,2022,47.4637415221157,49.7211021114327,74144875098.05867,22181000
Sri Lanka,LKA,2023,17.5191628455588,16.5411742279832,84356860421.12996,22037000
,LKA,2024,,-0.42936004906973,,21916000
Lower middle income,LMC,1980,12.6290563516766,14.2713421163126,513382469665.04095,1332297507
Lower middle income,LMC,1981,9.73633274806463,11.8799135925283,639660890994.898,1367489973
Lower middle income,LMC,1982,8.99545887412767,10.5278072972983,635625327940.0312,1403093561
Lower middle income,LMC,1983,10.6469818860553,11.5675243834069,601271756417.1189,1439288342
Lower middle income,LMC,1984,9.90862172279605,10.9838625715774,576353494488.9666,1476095233
Lower middle income,LMC,1985,7.19378544452942,7.7286389008592,615172490135.2793,1513694513
Lower middle income,LMC,1986,7.26025166236013,8.35304133136604,618320700863.6659,1551923872
Lower middle income,LMC,1987,7.75149159406698,8.2258064516129,672772469674.5753,1590598381
Lower middle income,LMC,1988,9.61756064978023,8.91047020013381,696573677133.5255,1629655073
Lower middle income,LMC,1989,8.70716566224924,8.84688691232552,683580725600.272,1669138722
Lower middle income,LMC,1990,10.6527512934111,10.6535057862491,733709873217.5557,1711634869
Lower middle income,LMC,1991,13.4924162537224,12.641073023816,702239992887.2863,1752379727
Lower middle income,LMC,1992,11.150082868787,9.96032320739721,735562027814.6439,1792821112
Lower middle income,LMC,1993,10.7749092715904,8.52787695688003,747221959277.4996,1833665328
Lower middle income,LMC,1994,11.0926013773151,12.0803818909762,839697566445.0511,1874637283
Lower middle income,LMC,1995,10.108912422964,9.91121323211838,997448004604.6936,1915943684
Lower middle income,LMC,1996,8.26685042367154,8.92061987701987,1135329336524.526,1957535877
Lower middle income,LMC,1997,8.44979201209553,7.10616656859383,1192059711359.326,1999429097
Lower middle income,LMC,1998,7.46565744418,8.25610179593546,1217725094952.8542,2041752501
Lower middle income,LMC,1999,6.01627267072652,4.69170563048438,1122826692042.7188,2083995762
Lower middle income,LMC,2000,5.6879986769014,4.01077836057766,1185525202868.8542,2126559759
Lower middle income,LMC,2001,5.91970569622546,4.36152914007262,1197955232304.742,2169474338
Lower middle income,LMC,2002,4.20087386528236,3.75017465778466,1264000378395.073,2211549617
Lower middle income,LMC,2003,5.43520732201227,4.45540429025096,1433893499316.569,2253206148
Lower middle income,LMC,2004,6.17137119283856,4.50460331603898,1649437905989.3745,2295275996
Lower middle income,LMC,2005,6.16605995706006,5.36452085832343,1900255691229.4956,2336911352
Lower middle income,LMC,2006,7.36000850480916,6.07271879734293,2225374816704.3906,2378783316
Lower middle income,LMC,2007,7.20722308299256,6.7467212176692,2723528151247.7573,2421545203
Lower middle income,LMC,2008,10.4033789256351,11.4846669599236,3012634293754.0366,2464036877
Lower middle income,LMC,2009,3.81940952287738,4.36234829325718,3141137667805.053,2506795582
Lower middle income,LMC,2010,7.73563978208606,4.76311627525449,3780034647966.0913,2550264612
Lower middle income,LMC,2011,8.78337356520268,6.33279483849042,4217834186882.1807,2593815085
Lower middle income,LMC,2012,7.04625137507636,5.83116601031462,4456528170120.237,2637101332
Lower middle income,LMC,2013,4.36412567990576,5.31623531326689,4712914034204.832,2679816109
Lower middle income,LMC,2014,3.67222811544951,4.78942509009216,5090396351864.472,2723061855
Lower middle income,LMC,2015,3.20977724189126,3.23658600886781,5083698600746.065,2765011526
Lower middle income,LMC,2016,2.24475651909437,3.20522434559745,5297558624291.54,2806590212
Lower middle income,LMC,2017,4.34963395991817,3.52025688811617,5693069209502.067,2847931114
Lower middle income,LMC,2018,3.81658094506807,4.0611633875107,5979736767522.211,2888561818
Lower middle income,LMC,2019,3.57545446932066,3.31925372703827,6278114868365.952,2928617292
Lower middle income,LMC,2020,3.84106338588026,4.87167398565555,6081790240107.944,2968398856
Lower middle income,LMC,2021,4.60572808888793,4.14968003360264,6894335373844.589,3006243027
Lower middle income,LMC,2022,6.83105473248673,7.69695437176898,7341102945343.325,3043358377
Lower middle income,LMC,2023,4.65972285962381,7.38281384280984,7384750127842.017,3082002881
,LMC,2024,,,,3120980912
Low & middle income,LMY,1980,13.8985348254353,,2120140554041.037,3283910246
Low & middle income,LMY,1981,9.57797518422004,12.8572077921642,2395447207576.501,3353295180
Low & middle income,LMY,1982,8.11308684183778,10.8318097738171,2328098940942.154,3426055936
Low & middle income,LMY,1983,8.8961336531046,10.620753648024,2332808607645.408,3500358704
Low & middle income,LMY,1984,10.1772044843492,10.284098213138,2404502554839.8955,3574605687
Low & middle income,LMY,1985,7.93420864188209,9.09050118887493,2481198229475.388,3650257753
Low & middle income,LMY,1986,6.55450968975859,8.73163995704628,2482659495793.373,3727939991
Low & middle income,LMY,1987,8.84202042232948,8.18907449481081,2538704908833.594,3807567876
Low & middle income,LMY,1988,9.06918375534235,9.07115875780024,2700670440287.3755,3887617477
Low & middle income,LMY,1989,8.71587422051068,8.92994142894026,2796054379188.1904,3967659848
Low & middle income,LMY,1990,10.6645946835037,10.3326720542949,3194207232338.2344,4049620054
Low & middle income,LMY,1991,13.7518189408817,12.2751729438893,3099577605029.121,4127853483
Low & middle income,LMY,1992,11.9156332507612,10.0510173716465,3275746556657.195,4205224081
Low & middle income,LMY,1993,11.2979738583905,9.99101298215304,3621878198949.937,4282493268
Low & middle income,LMY,1994,17.1913029061585,20.5661948376355,4056216007769.831,4358651071
Low & middle income,LMY,1995,10.9864119611362,11.7086471154257,4627182611255.594,4434718175
Low & middle income,LMY,1996,9.07483488878513,8.97715233826453,5138106425452.639,4511311531
Low & middle income,LMY,1997,7.00617304884344,7.08761762948726,5453626933451.324,4587799929
Low & middle income,LMY,1998,6.84040574894669,6.88054521037351,5426864974673.005,4664177477
Low & middle income,LMY,1999,6.90244745682154,4.68076300543016,5223485813254.015,4739595823
Low & middle income,LMY,2000,7.87758076554194,4.06396201382596,5680267093251.765,4814250279
Low & middle income,LMY,2001,6.01279243381738,5.07745045522496,5687811932590.818,4888551481
Low & middle income,LMY,2002,4.58213735216555,4.24026660688645,5796547790161.355,4961926647
Low & middle income,LMY,2003,5.75974076655675,5.14044825095998,6487373546291.206,5034824498
Low & middle income,LMY,2004,7.25134298416322,4.50460331603898,7609727994130.641,5108183576
Low & middle income,LMY,2005,7.08541612916396,6.42755278070087,8985212394211.484,5181562375
Low & middle income,LMY,2006,7.80012735973601,6.07271879734293,10575560319816.438,5255157355
Low & middle income,LMY,2007,7.09973099343016,6.25098782993553,12982509324893.04,5328158709
Low & middle income,LMY,2008,9.49838537981331,10.3607288954998,15416273265910.094,5402245137
Low & middle income,LMY,2009,3.02304497058495,4.21903052064628,15446634909614.828,5477389130
Low & middle income,LMY,2010,6.6288448617527,4.27707052915122,18779543105771.965,5553257507
Low & middle income,LMY,2011,8.19079859862242,6.16077553828671,22115543075986.547,5630227189
Low & middle income,LMY,2012,5.00323590794862,5.01804155429246,23512181553245.637,5709148191
Low & middle income,LMY,2013,3.58690582613154,4.76502404779142,24940261486687.688,5787391504
Low & middle income,LMY,2014,3.31556301878459,3.56179436381993,26101787332747.258,5865202078
Low & middle income,LMY,2015,2.99333284892845,3.21844513655931,25326526306958.89,5941222744
Low & middle income,LMY,2016,2.97683473353541,3.01913975139128,25586586836480.04,6017111688
Low & middle income,LMY,2017,4.11814751425023,3.66699702675908,27933259327710.605,6093971714
Low & middle income,LMY,2018,3.68365056557123,3.23929245939142,29703722066967.89,6169658713
Low & middle income,LMY,2019,3.08494392719523,2.74176382475803,30424528245038.4,6243562839
Low & middle income,LMY,2020,2.82883193883481,2.99313555869917,29491920680088.1,6313913801
Low & middle income,LMY,2021,6.05975657609514,4.22278962033194,34734957850217.367,6378323939
Low & middle income,LMY,2022,8.69703734830544,8.32008377271927,36438640513559.945,6437946207
Low & middle income,LMY,2023,4.73199714247384,6.09114152504141,37425214512640.016,6498875200
,LMY,2024,,,,6563501708
Lesotho,LSO,1980,41.4595008992247,16.2748416182533,431542536.663782,1406521
Lesotho,LSO,1981,12.5771157360152,12.413261372398,434188034.18803424,1448069
Lesotho,LSO,1982,-4.85264394342288,12.1399176954734,348741683.6738453,1490732
Lesotho,LSO,1983,11.5568417169857,17.4923547400614,386699308.8591688,1534413
Lesotho,LSO,1984,8.1029499817689,10.9838625715774,333163670.28022534,1578986
Lesotho,LSO,1985,18.7077794745272,13.3208255159471,268629925.8528049,1624379
Lesotho,LSO,1986,16.2532723595929,18.0049668874172,318858422.9892623,1666138
Lesotho,LSO,1987,11.735783503833,11.750263065591,402768324.48197055,1703390
Lesotho,LSO,1988,20.0811009269777,11.4563716258632,470395800.6006682,1739841
Lesotho,LSO,1989,14.8392839136103,14.7282455646297,495409232.6275786,1775436
Lesotho,LSO,1990,11.9939039075081,11.6347569955818,596410263.7438493,1809696
Lesotho,LSO,1991,17.8272220387083,17.6781002638523,704325366.7183932,1842379
Lesotho,LSO,1992,13.9389902100661,17.2085201793721,831029861.7047461,1873274
Lesotho,LSO,1993,11.2979738583905,13.1356607683724,835582062.4761685,1901793
Lesotho,LSO,1994,7.76663619434275,8.21473862195302,878250945.2804694,1927707
Lesotho,LSO,1995,12.8165188933691,9.27083333333323,1001894000.2784604,1951437
Lesotho,LSO,1996,6.0020440622212,9.33031458531928,946112492.844847,1972418
Lesotho,LSO,1997,9.01894091385059,,998004258.7156752,1988130
Lesotho,LSO,1998,9.92223369840188,,928460893.1089648,1998049
Lesotho,LSO,1999,8.13125258324258,,912773681.050642,2003234
Lesotho,LSO,2000,6.30021825194582,6.13197538722696,887291687.9207957,2003913
Lesotho,LSO,2001,11.4730549205663,-9.61615353858472,825706961.2386893,2000853
Lesotho,LSO,2002,14.2069324429006,33.812578338126,775777238.5581402,1994679
Lesotho,LSO,2003,2.43881282672922,6.62916357146762,1157825434.789707,1985059
Lesotho,LSO,2004,9.60039256006742,5.02342068616285,1511236655.5204656,1971129
Lesotho,LSO,2005,5.92284320097511,3.43788423057443,1682343527.492213,1953076
Lesotho,LSO,2006,9.31098848080705,6.07271879734293,1800092563.754615,1945063
Lesotho,LSO,2007,-6.68245430736991,8.01243669043409,1682131784.5136485,1953268
Lesotho,LSO,2008,16.7198204134298,10.7156661309681,1766902709.1993525,1966541
Lesotho,LSO,2009,2.34503086791631,-16.8596910540644,1740894964.8051126,1980883
Lesotho,LSO,2010,5.33711013720971,-2.40524254598706,2234754241.919178,1996251
Lesotho,LSO,2011,9.42640700324388,5.0366305210156,2579409619.967217,2014009
Lesotho,LSO,2012,2.18204801752952,6.05143662139967,2477702216.268875,2034354
Lesotho,LSO,2013,10.2798956437383,4.86511899496385,2367112931.642001,2056504
Lesotho,LSO,2014,14.0351521545479,5.37028961008587,2441063054.057919,2080089
Lesotho,LSO,2015,10.2030391854904,3.21844513655931,2359686724.538286,2104611
Lesotho,LSO,2016,-0.292451232749613,6.59650490696543,2114426453.7069676,2130422
Lesotho,LSO,2017,2.01891023820184,4.447699373763,2306741674.0550013,2157110
Lesotho,LSO,2018,11.7230687269439,4.7518030162474,2556247291.9978547,2183603
Lesotho,LSO,2019,3.57545446932066,5.18708359197982,2390702295.827774,2209405
Lesotho,LSO,2020,6.54820559883913,4.97809676252309,2053338465.244617,2235727
Lesotho,LSO,2021,3.12378106466741,6.04774591950676,2406780518.528112,2261542
Lesotho,LSO,2022,5.53005469308407,8.27180389943028,2289355249.401483,2286110
Lesotho,LSO,2023,-0.368097835928623,6.34221743124953,2046039024.45854,2311472
,LSO,2024,,6.10544624245032,,2337423
Late-demographic dividend,LTE,1980,18.2880107849128,,1372119747166.9578,1592439385
Late-demographic dividend,LTE,1981,10.3065506616772,,1415544964401.367,1615106897
Late-demographic dividend,LTE,1982,6.69382834444571,,1400418314722.288,1639793804
Late-demographic dividend,LTE,1983,6.15081990188678,,1461396318226.1274,1664394629
Late-demographic dividend,LTE,1984,6.10593028959641,,1552335173187.2617,1688121991
Late-demographic dividend,LTE,1985,5.02668612941316,,1660675505162.1038,1712585483
Late-demographic dividend,LTE,1986,4.66038702363605,,1684896070685.4746,1738504785
Late-demographic dividend,LTE,1987,6.96317901916622,5.75646401118136,1746603588097.057,1765799733
Late-demographic dividend,LTE,1988,3.92875254794336,7.19696969696955,1907970208476.7783,1793220326
Late-demographic dividend,LTE,1989,5.81925341734425,6.18935403382355,1913194180510.283,1819952808
Late-demographic dividend,LTE,1990,9.70274861328167,7.60609957743892,1966143155409.277,1844718134
Late-demographic dividend,LTE,1991,10.6240231643767,6.9048963274276,1983419918605.2493,1868272190
Late-demographic dividend,LTE,1992,9.40370611580596,5.82434514637906,2022186054608.0432,1890820460
Late-demographic dividend,LTE,1993,10.4355721620947,10.6765371840707,2105333938710.2495,1912010271
Late-demographic dividend,LTE,1994,13.2678024515459,11.4431196444973,2442945412790.5786,1932650915
Late-demographic dividend,LTE,1995,9.9706626786687,8.01292443952666,3018292160017.546,1952702058
Late-demographic dividend,LTE,1996,6.58214408316431,7.22691489532406,3329594709957.7246,1972254664
Late-demographic dividend,LTE,1997,4.92504737273674,5.87983105743515,3486500370030.624,1991505992
Late-demographic dividend,LTE,1998,6.36014257640234,5.44152554019984,3361066467991.76,2010169496
Late-demographic dividend,LTE,1999,5.73470282940465,3.3880075420401,3106274396328.617,2027628907
Late-demographic dividend,LTE,2000,5.96172044816086,4.10280983042328,3410313487927.403,2043581322
Late-demographic dividend,LTE,2001,4.15255823169378,4.64604442058634,3525091029820.1104,2058600486
Late-demographic dividend,LTE,2002,4.00335524246969,2.80115505180747,3736796107267.6753,2072599555
Late-demographic dividend,LTE,2003,5.21157630348554,3.23464817293927,4257947205698.707,2086139068
Late-demographic dividend,LTE,2004,6.81034379963114,3.85730391367399,5117293242644.111,2099412663
Late-demographic dividend,LTE,2005,6.77106124878316,4.14297583631023,6172905218377.231,2112603351
Late-demographic dividend,LTE,2006,7.09433662444179,4.3655220300907,7448573743924.262,2126122277
Late-demographic dividend,LTE,2007,6.88272507590736,5.43875883876557,9382447414660.309,2139958608
Late-demographic dividend,LTE,2008,8.28694938032876,8.95598705177784,11663554908011.691,2153941306
Late-demographic dividend,LTE,2009,1.76499206607248,3.04166827698483,11269360521229.5,2167303374
Late-demographic dividend,LTE,2010,5.50170840316412,3.29777961339846,13564267760890.17,2179525352
Late-demographic dividend,LTE,2011,4.58216960070549,4.3707355993922,16530365963615.514,2193171336
Late-demographic dividend,LTE,2012,3.50869691063986,3.31605566687647,17680657970635.266,2209319631
Late-demographic dividend,LTE,2013,2.07869893633868,2.68229684085039,19042359863611.24,2225005187
Late-demographic dividend,LTE,2014,1.99922579072911,2.04461481539333,19776331354297.383,2241122152
Late-demographic dividend,LTE,2015,2.08627086285129,1.5579071134626,18550881244485.992,2256126712
Late-demographic dividend,LTE,2016,1.73889794711164,0.977675134719049,18593573738109.33,2270841806
Late-demographic dividend,LTE,2017,3.56418968145086,2.17727572689263,20631078375844.24,2285870134
Late-demographic dividend,LTE,2018,3.22610640466073,2.47446347118434,22623622462864.816,2298394042
Late-demographic dividend,LTE,2019,2.42322694229267,2.16176258133054,23050208314364.02,2308878047
Late-demographic dividend,LTE,2020,1.46747814810814,1.93694126694223,22531183291578.277,2316152451
Late-demographic dividend,LTE,2021,5.61025509902417,3.49505757399448,26872794398412.047,2320127638
Late-demographic dividend,LTE,2022,8.87368732523663,8.51819703483594,28062557325965.145,2323799591
Late-demographic dividend,LTE,2023,5.69949212718926,5.9801225620013,28341396914858.266,2326296729
,LTE,2024,,,,2328628339
,LTU,1980,,,,3413202
,LTU,1981,,,,3432947
,LTU,1982,,,,3457179
,LTU,1983,,,,3485192
,LTU,1984,,,,3514205
,LTU,1985,,,,3544543
,LTU,1986,,,,3578914
,LTU,1987,,,,3616367
,LTU,1988,,,,3655049
,LTU,1989,,,,3684255
,LTU,1990,,,,3697838
Lithuania,LTU,1991,228.336781766384,,,3704134
Lithuania,LTU,1992,942.306569115405,1020.62056524354,,3700114
Lithuania,LTU,1993,306.194445078922,410.451858561316,,3682613
Lithuania,LTU,1994,61.635254009529,72.2546816164428,,3657144
Lithuania,LTU,1995,38.0457423260523,39.6476290328289,7867140395.3370495,3629102
Lithuania,LTU,1996,18.9994424090562,24.62519538645,8382519637.462235,3601613
Lithuania,LTU,1997,11.372487970942,8.88104848465892,10118631851.532152,3575137
Lithuania,LTU,1998,3.31320622186908,5.06755385841968,11239547690.979712,3549331
Lithuania,LTU,1999,-1.28275457003294,0.727550626557424,10971583944.75615,3524238
Lithuania,LTU,2000,1.33167621912604,0.981615478857598,11524776866.637894,3499536
Lithuania,LTU,2001,-0.316236551517079,1.36712030817819,12237388001.72637,3470818
Lithuania,LTU,2002,0.315155103323477,0.281506610345575,14259781159.011929,3443067
Lithuania,LTU,2003,-0.812342276678237,-1.13430854990247,18781721376.198536,3415213
Lithuania,LTU,2004,3.12114478204633,1.16410252104671,22627507451.564827,3377075
Lithuania,LTU,2005,6.37315253722043,2.65848484065262,26097677571.837296,3322528
Lithuania,LTU,2006,6.48506988948763,3.73912004060664,30183575103.52616,3269909
Lithuania,LTU,2007,8.91210452796503,5.73717382799842,39697891351.94308,3231294
Lithuania,LTU,2008,9.71608112190816,10.9258856241655,47797551587.88233,3198231
Lithuania,LTU,2009,-3.08953351557271,4.45304456518535,37388122046.14957,3162916
Lithuania,LTU,2010,2.12172204937997,1.31921362055463,37128694028.24299,3097282
Lithuania,LTU,2011,5.62227829514424,4.13027562645085,43535051482.386894,3028115
Lithuania,LTU,2012,2.50518117512286,3.08998277055417,42927454291.478,2989139
Lithuania,LTU,2013,0.833826421712175,1.04747937065344,46523420074.437225,2961250
Lithuania,LTU,2014,0.609193063395622,0.103758009433708,48533659592.17279,2937253
Lithuania,LTU,2015,-0.0022548670453801,-0.884097405500596,41435533340.38826,2911109
Lithuania,LTU,2016,0.987474343866324,0.905525075460342,43047309305.73629,2877325
Lithuania,LTU,2017,4.09579148864047,3.72288862303707,47758736931.78008,2842639
Lithuania,LTU,2018,3.5930097078956,2.69792779208394,53751411409.44466,2819200
Lithuania,LTU,2019,2.3758604116648,2.33450937988027,54808531641.41168,2811089
Lithuania,LTU,2020,2.03874603854945,1.19989444983569,56964942999.365135,2810369
Lithuania,LTU,2021,5.99976586948216,4.68354420903453,66798933785.77024,2808380
Lithuania,LTU,2022,16.0665436484411,19.7050461518394,71013953448.20845,2831639
Lithuania,LTU,2023,9.02175581692678,9.11731962390475,77836396962.77196,2871585
,LTU,2024,,0.715735835228723,,2888278
Luxembourg,LUX,1980,7.92135284789185,6.29990006244593,6019805490.412471,364150
Luxembourg,LUX,1981,7.18202430149813,8.07294375934595,5053665797.479357,365225
Luxembourg,LUX,1982,10.8113729301027,9.35705099427382,4602316793.219142,365525
Luxembourg,LUX,1983,6.81868790892469,8.66927159808522,4524217751.47929,365622
Luxembourg,LUX,1984,4.40749200116784,6.43585780786993,4438435492.879085,365998
Luxembourg,LUX,1985,3.09248753290503,4.09358778530093,4577211767.103744,366706
Luxembourg,LUX,1986,-0.0837771552214548,0.294563408545436,6685595087.59256,368355
Luxembourg,LUX,1987,0.0630386263660938,-0.0566629093891044,8320902215.0189085,370750
Luxembourg,LUX,1988,2.77642630547237,1.43659056634904,9418167855.183764,373450
Luxembourg,LUX,1989,4.02098262746891,3.37095887290443,10037674037.674038,377100
Luxembourg,LUX,1990,2.51339456630137,3.25376659083639,12778792853.693869,381850
Luxembourg,LUX,1991,1.82284159066207,3.11835659874851,13834219728.29297,387000
Luxembourg,LUX,1992,3.72907157121564,3.15417375961789,15518702634.880802,392175
Luxembourg,LUX,1993,5.97276445786341,3.58809818535164,15925521222.014923,397475
Luxembourg,LUX,1994,3.54237732722473,2.1947646868907,17701798890.76441,402925
Luxembourg,LUX,1995,2.3320697783624,1.86769424969105,20853093869.7318,408625
Luxembourg,LUX,1996,3.78355783251419,1.18385968843571,20895314657.980457,414225
Luxembourg,LUX,1997,2.61954368325136,1.36751261207943,19563836265.223274,419450
Luxembourg,LUX,1998,-2.03254645964208,0.958570110494674,20150053345.187817,424700
Luxembourg,LUX,1999,4.76461985998604,1.02519676474932,21899317598.84136,430475
Luxembourg,LUX,2000,4.60847302260945,3.15076707022592,21230182989.303574,436300
Luxembourg,LUX,2001,0.790074314583535,2.66382110579103,21387533703.232704,441525
Luxembourg,LUX,2002,1.46441111905192,2.07408613571643,23649833332.16553,446175
Luxembourg,LUX,2003,2.1859765845399,2.04984030563518,29667268248.130527,451630
Luxembourg,LUX,2004,3.11732659571314,2.22567916428889,35064843792.89932,458095
Luxembourg,LUX,2005,4.8173272087173,2.48769665164088,37672280120.47936,465158
Luxembourg,LUX,2006,6.45467522017813,2.66631494577069,42910146296.06464,472637
Luxembourg,LUX,2007,1.89248054012752,2.31245861786127,51587401415.78722,479993
Luxembourg,LUX,2008,6.60996540521124,3.40187963025571,58844277701.52576,488650
Luxembourg,LUX,2009,0.870687903518032,0.368041997888887,54467289897.55817,497783
Luxembourg,LUX,2010,4.64841846238745,2.2736791162154,56213985987.41678,506953
Luxembourg,LUX,2011,3.44946167967612,3.41068341068342,61696281326.245255,518347
Luxembourg,LUX,2012,3.26597731840673,2.66284165508021,59776383527.36017,530946
Luxembourg,LUX,2013,2.27602449452651,1.73403963519162,65203276466.976265,543360
Luxembourg,LUX,2014,2.79670220085781,0.628543985440717,68804811897.64447,556319
Luxembourg,LUX,2015,2.21918065733098,0.474743161437779,60071584216.13747,569604
Luxembourg,LUX,2016,-1.1076169264046,0.290833333333317,62216885435.94879,582014
Luxembourg,LUX,2017,2.14290399690169,1.73079959118887,65712180342.98364,596336
Luxembourg,LUX,2018,2.11133910459871,1.5281952430738,71000359760.46112,607950
Luxembourg,LUX,2019,0.900736076793322,1.74332075653848,69890505323.5842,620001
Luxembourg,LUX,2020,4.3010148081047,0.819957302127036,73699366700.21344,630419
Luxembourg,LUX,2021,4.64389231812459,2.52692009066166,85584105993.87459,640064
Luxembourg,LUX,2022,5.68354663317177,6.33600807777919,81641807865.75908,653103
Luxembourg,LUX,2023,3.43002456230172,3.74140361983136,85755006123.5976,666430
,LUX,2024,,2.05113269954859,,677012
,LVA,1980,,,,2511701
,LVA,1981,,,,2519421
,LVA,1982,,,,2531080
,LVA,1983,,,,2546011
,LVA,1984,,,,2562047
,LVA,1985,,,,2578873
,LVA,1986,,,,2599892
,LVA,1987,,,,2626583
,LVA,1988,,,,2653434
,LVA,1989,,,,2666955
,LVA,1990,,,,2663151
Latvia,LVA,1991,162.584739635361,,,2650581
Latvia,LVA,1992,932.494627906884,951.696194870801,,2614338
Latvia,LVA,1993,53.6936062320558,108.989540624323,,2563290
Latvia,LVA,1994,36.2517852107678,35.9247053929642,,2520742
Latvia,LVA,1995,29.3227114561007,24.9759355316751,5789128636.622932,2485056
Latvia,LVA,1996,12.9642070965245,17.6104698431032,5975248851.454824,2457222
Latvia,LVA,1997,5.78937028820177,8.44738342092952,6527926445.681104,2432851
Latvia,LVA,1998,4.66925175057951,4.64421422660787,7166275467.651614,2410019
Latvia,LVA,1999,1.32558668162675,2.36481836111807,7533788133.55753,2390482
Latvia,LVA,2000,3.77491290115435,2.65425477796048,7958852838.933951,2367550
Latvia,LVA,2001,2.62320135848017,2.48704003555457,8362398701.589434,2337170
Latvia,LVA,2002,3.25900288165981,1.93887573855896,9557031605.275124,2310173
Latvia,LVA,2003,3.64549482865991,2.94264752948473,11771975156.80728,2287955
Latvia,LVA,2004,6.92499299785744,6.1923854719744,14435700533.368025,2263122
Latvia,LVA,2005,10.445339749165,6.74845027893112,17003459863.098942,2238799
Latvia,LVA,2006,10.226384829924,6.53619908765877,21570076498.62052,2218357
Latvia,LVA,2007,19.55048559966,10.0929775849168,31054350977.97839,2200325
Latvia,LVA,2008,12.3743974846733,15.4023191064986,35854274228.9139,2177322
Latvia,LVA,2009,-5.7316246222066,3.53410672858944,26410909090.90909,2141669
Latvia,LVA,2010,-0.483860816729177,-1.08463595015162,23956163076.55748,2097555
Latvia,LVA,2011,4.7081060032657,4.3707355993922,27474380566.26504,2059709
Latvia,LVA,2012,2.87856740673018,2.25778924374595,28169902669.378365,2034319
Latvia,LVA,2013,1.90052883350897,-0.0294547782579216,30204783461.84881,2012647
Latvia,LVA,2014,1.66994936442666,0.620490636732421,31386896487.040672,1993782
Latvia,LVA,2015,0.386889189160144,0.174242243625186,27263090547.061707,1977527
Latvia,LVA,2016,0.607930746358676,0.140633334505327,28083597512.48412,1959537
Latvia,LVA,2017,2.7092393048564,2.93036312374665,30483806017.831818,1942248
Latvia,LVA,2018,3.74028070418355,2.53445424186598,34429023435.02115,1927174
Latvia,LVA,2019,4.31637930930459,2.81140920075615,34225547537.07445,1913822
Latvia,LVA,2020,2.39332868457409,0.219064904842156,34390910338.9604,1900449
Latvia,LVA,2021,3.29767842276085,3.27582937431156,39443126174.43347,1884490
Latvia,LVA,2022,9.83594135273617,17.3102830198815,40422521943.44179,1879383
Latvia,LVA,2023,6.4069165256975,8.93804623316637,43627078481.28705,1883710
,LVA,2024,,1.26579885828729,,1866124
,MAC,1980,,,,239650
,MAC,1981,,,,244800
,MAC,1982,,,1142497718.779158,254650
"Macao SAR, China",MAC,1983,8.06502681876616,,1133013235.1004472,269300
"Macao SAR, China",MAC,1984,14.2656855868583,,1304361353.2702372,282850
"Macao SAR, China",MAC,1985,3.19425680553171,,1362072159.945152,289700
"Macao SAR, China",MAC,1986,5.61433104262514,,1532105070.1858118,296050
"Macao SAR, China",MAC,1987,11.7537855943564,,1957724829.3592055,306850
"Macao SAR, China",MAC,1988,8.85490953076588,,2288761822.512572,316000
"Macao SAR, China",MAC,1989,12.4663038703686,8.77094554159179,2705665492.01675,325100
"Macao SAR, China",MAC,1990,10.941874529126,7.96969384363224,3246481233.243968,334950
"Macao SAR, China",MAC,1991,11.6521364395168,9.56887765934839,3765249711.0909824,351650
"Macao SAR, China",MAC,1992,14.739444766652,7.71392168356611,4914365189.049843,370900
"Macao SAR, China",MAC,1993,9.53598153345618,6.70588552770045,5665606114.80317,384000
"Macao SAR, China",MAC,1994,6.75348861804524,6.2520689021027,6311207779.924407,396800
"Macao SAR, China",MAC,1995,8.18428751894358,8.55866604308446,7046147736.916709,409300
"Macao SAR, China",MAC,1996,2.26671829119907,4.82248676783488,7176892950.3916445,415100
"Macao SAR, China",MAC,1997,1.66028703662863,3.49093715138855,7267570892.702111,417300
"Macao SAR, China",MAC,1998,-1.94056771810325,0.172630384568575,6797792190.196806,422300
"Macao SAR, China",MAC,1999,-1.19161378063738,-3.20416248186588,6547670439.259995,427400
"Macao SAR, China",MAC,2000,-1.74553981476264,-1.60971883961895,6774193548.387096,430600
"Macao SAR, China",MAC,2001,-1.4794711288782,-1.98465008641652,6860272608.452106,433900
"Macao SAR, China",MAC,2002,-1.33710684864512,-2.63751699816194,7371692774.434043,438400
"Macao SAR, China",MAC,2003,0.0502595004943771,-1.56245203671305,8246479565.942477,443600
"Macao SAR, China",MAC,2004,1.93393682908227,0.980728452039424,10643253553.184044,454700
"Macao SAR, China",MAC,2005,5.56788512526749,4.39589284335676,12160056122.375738,473500
"Macao SAR, China",MAC,2006,7.74441590826855,5.14997337750697,14874098691.908169,498900
"Macao SAR, China",MAC,2007,8.76239078773118,5.57149689143953,18439981612.40859,520900
"Macao SAR, China",MAC,2008,10.072808806366,8.61101858636995,21027018332.66626,540700
"Macao SAR, China",MAC,2009,0.922510712536578,1.16906695453765,21587786905.849907,535000
"Macao SAR, China",MAC,2010,4.7905562312904,2.80947242060845,28241798491.593018,537000
"Macao SAR, China",MAC,2011,7.49060388153396,5.80624616691043,36845888757.18864,549600
"Macao SAR, China",MAC,2012,6.92096918438956,6.10738928336549,43189721376.98464,567900
"Macao SAR, China",MAC,2013,7.73261911978639,5.50057779178484,51536595089.27929,591900
"Macao SAR, China",MAC,2014,8.73070232803828,6.04823452094085,54902831793.50177,621700
"Macao SAR, China",MAC,2015,4.51399333539446,4.56056338028164,45048190598.32485,642900
"Macao SAR, China",MAC,2016,0.86178191435755,2.36895749705898,45070808688.96109,652500
"Macao SAR, China",MAC,2017,2.14882373928637,1.22812404052816,50383871120.87327,648400
"Macao SAR, China",MAC,2018,3.54276529954534,3.00446293166938,55190661339.77958,658900
"Macao SAR, China",MAC,2019,2.40354630876251,2.75193081051982,55082293844.10078,672000
"Macao SAR, China",MAC,2020,-0.257671744441836,0.811410511491651,25343525935.835773,685400
"Macao SAR, China",MAC,2021,-0.878982907915272,0.0264543647054126,30969334705.051456,682500
"Macao SAR, China",MAC,2022,1.16083024773521,1.04502802369954,24464719190.061607,677300
"Macao SAR, China",MAC,2023,4.63616686120965,0.476384495788075,47061843715.85648,678800
,MAC,2024,,,,687000
,MAF,1980,,,,8288
,MAF,1981,,,,8498
,MAF,1982,,,,9494
,MAF,1983,,,,11485
,MAF,1984,,,,13733
,MAF,1985,,,,16095
,MAF,1986,,,,18558
,MAF,1987,,,,21108
,MAF,1988,,,,23749
,MAF,1989,,,,26453
,MAF,1990,,,,28224
,MAF,1991,,,,28800
,MAF,1992,,,,29081
,MAF,1993,,,,29282
,MAF,1994,,,,29413
,MAF,1995,,,,29470
,MAF,1996,,,,29443
,MAF,1997,,,,29323
,MAF,1998,,,,29107
,MAF,1999,,,,29284
,MAF,2000,,,,29996
,MAF,2001,,,,30803
,MAF,2002,,,,31604
,MAF,2003,,,,32395
,MAF,2004,,,,33171
,MAF,2005,,,,33928
,MAF,2006,,,,34658
,MAF,2007,,,,35337
,MAF,2008,,,,35958
,MAF,2009,,,,36502
,MAF,2010,,,,36856
,MAF,2011,,,775875748.5238317,37069
,MAF,2012,,,,37276
,MAF,2013,,,,37419
,MAF,2014,,,772921958.5295087,37450
,MAF,2015,,,,37369
,MAF,2016,,,,37175
,MAF,2017,,,,36837
,MAF,2018,,,,36012
,MAF,2019,,,652206037.1038738,34267
,MAF,2020,,,,31786
,MAF,2021,,,649206262.8475188,29961
,MAF,2022,,,,28870
,MAF,2023,,,,27515
,MAF,2024,,,,26129
Morocco,MAR,1980,33.0231314376209,9.40837947437956,21728516153.09073,19459943
Morocco,MAR,1981,9.47047691422051,12.4925283921001,17788185478.943974,19985401
Morocco,MAR,1982,6.29835250305084,10.5278072972983,17692276734.170986,20520318
Morocco,MAR,1983,6.97019803473043,6.20793538870313,16251408127.57345,21060696
Morocco,MAR,1984,6.20115343816923,12.4475693291853,14824667954.36736,21593778
Morocco,MAR,1985,8.95364431973331,7.7286389008592,14991283215.740831,22113953
Morocco,MAR,1986,7.49074948646498,8.73355918706675,19462085540.22311,22600803
Morocco,MAR,1987,3.01480842258006,2.69873997713767,21765195948.188976,23054392
Morocco,MAR,1988,3.67059655165944,2.36905505487641,25705296183.503677,23500524
Morocco,MAR,1989,2.91997905557209,3.2599694922639,26314313191.182552,23939414
Morocco,MAR,1990,7.69435962226169,6.78259401511006,30179954774.98992,24375551
Morocco,MAR,1991,5.39631618672981,7.98616600790512,32285573573.918488,24799014
Morocco,MAR,1992,4.58787832075566,5.7402466286874,33711069430.78004,25212468
Morocco,MAR,1993,3.03498246332101,5.18311396030801,31655473663.834824,25614586
Morocco,MAR,1994,0.65534023011287,5.14167152953361,35604137422.5796,26000822
Morocco,MAR,1995,7.53840293949897,6.12358164775523,39030285468.38408,26399429
Morocco,MAR,1996,0.435488567247717,2.98680922773017,43161571527.63532,26808107
Morocco,MAR,1997,0.713391642504391,1.03819895051614,39147844526.08376,27213337
Morocco,MAR,1998,11.6571702137998,2.75311330764477,46497608724.9865,27621648
Morocco,MAR,1999,-0.120156156475602,0.684782608695643,46266428648.14326,28027179
Morocco,MAR,2000,-1.76759868448363,1.89463456763464,43017455401.844536,28423435
Morocco,MAR,2001,0.614522911755344,0.619801875297975,43831480207.64445,28814643
Morocco,MAR,2002,0.959559339434833,2.79561966936936,47077192187.64177,29198142
Morocco,MAR,2003,0.860408255313928,1.16773367477592,58029363354.27568,29571415
Morocco,MAR,2004,0.913545179131802,1.49344403381774,66114145451.00669,29953018
Morocco,MAR,2005,0.886221376375332,0.982641660015951,68852658068.66728,30358144
Morocco,MAR,2006,1.44536678457565,3.28476166954811,75883823300.85452,30771178
Morocco,MAR,2007,3.17154412342092,2.04208512673344,86947913286.72797,31186468
Morocco,MAR,2008,4.8303863930626,3.71484311494064,101822906949.06345,31606767
Morocco,MAR,2009,-0.452558780552764,0.971862998667636,101154952240.8807,32030778
Morocco,MAR,2010,0.647501047462967,0.993557401226392,100865329473.43983,32467016
Morocco,MAR,2011,-0.598844907171141,0.9069249096918,110080631332.37537,32912588
Morocco,MAR,2012,0.533172461926384,1.28712240079219,106937392311.12907,33355241
Morocco,MAR,2013,1.26026248256035,1.88065466724086,115739287305.0801,33787571
Morocco,MAR,2014,0.215437762428678,0.442310053557048,119130841411.6636,34204780
Morocco,MAR,2015,3.17293530967125,1.5579071134626,110413823841.59187,34607588
Morocco,MAR,2016,0.969883868049919,1.63531114327064,111572947004.91748,35023457
Morocco,MAR,2017,-0.0608910142931904,0.754663249323619,118540573367.84428,35446392
Morocco,MAR,2018,0.939181637531973,1.80391671141896,127341147581.81831,35839760
Morocco,MAR,2019,0.816805456485284,0.303386036590383,128920266409.4575,36210898
Morocco,MAR,2020,0.142417962079094,0.705968661338261,121353645057.14368,36584208
Morocco,MAR,2021,2.41520355664963,1.40195883962006,141817797083.46814,36954442
Morocco,MAR,2022,2.66186120617975,6.65704202759067,130912558829.8398,37329064
Morocco,MAR,2023,6.36094888191869,6.09114152504141,141109373209.41437,37712505
,MAR,2024,,0.985256592004507,,38081173
Monaco,MCO,1980,11.2634805473198,,1378175524.1118622,27122
Monaco,MCO,1981,11.4411158120726,,1205188647.9316258,27293
Monaco,MCO,1982,11.9880817872694,,1143216456.567955,27561
Monaco,MCO,1983,9.51721086261755,,1092560364.5195885,27960
Monaco,MCO,1984,7.27777707141712,,1037329604.3510796,28356
Monaco,MCO,1985,5.52682014282678,,1082867507.3314211,28731
Monaco,MCO,1986,5.2790251732862,,1515234743.4736657,29093
Monaco,MCO,1987,2.77798788412527,,1839081463.276756,29446
Monaco,MCO,1988,3.07508380638224,,2000704744.9153757,29781
Monaco,MCO,1989,3.30509046816645,,2010083833.1726036,30084
Monaco,MCO,1990,2.64193235512174,,2481307077.109889,30358
Monaco,MCO,1991,2.54193904724325,,2480540845.332419,30625
Monaco,MCO,1992,2.13345024311162,,2737049230.7044163,30887
Monaco,MCO,1993,1.55285693569343,,2574494355.7335696,31136
Monaco,MCO,1994,1.34480798288207,,2720332134.5362263,31375
Monaco,MCO,1995,1.30792493544602,,3130309995.3084774,31609
Monaco,MCO,1996,1.60444460738813,,3137886994.5220656,31837
Monaco,MCO,1997,1.01334196553269,,2840195190.36905,32063
Monaco,MCO,1998,0.900911823943943,,2934593467.685893,32267
Monaco,MCO,1999,0.0472736583660094,,2907118641.177555,32410
Monaco,MCO,2000,1.39857560337128,,2654462665.268933,32455
Monaco,MCO,2001,1.64884532198116,,2673723033.7123938,32447
Monaco,MCO,2002,2.37922080722839,,2919647981.8147264,32422
Monaco,MCO,2003,1.8812838497411,,3597089750.782763,32374
Monaco,MCO,2004,-0.241252074216831,,4043551488.8260303,32307
Monaco,MCO,2005,2.03440159856663,,4204652898.731028,32210
Monaco,MCO,2006,2.14692627628688,,4586826512.713562,32057
Monaco,MCO,2007,2.55669727394962,,5875790766.262101,31837
Monaco,MCO,2008,2.3632481088528,,6502942244.930676,31836
Monaco,MCO,2009,0.118994429817221,,5474379252.341142,32364
Monaco,MCO,2010,1.06946196046083,,5367561569.595484,33163
Monaco,MCO,2011,0.948018995559892,,6088689808.383467,33946
Monaco,MCO,2012,1.16156649694202,,5742749294.008515,34711
Monaco,MCO,2013,0.778354745078474,,6555591709.885848,35447
Monaco,MCO,2014,0.58684116777053,,7069353073.088819,36128
Monaco,MCO,2015,1.13341345923507,,6261649890.82388,36757
Monaco,MCO,2016,0.516331732930951,,6465645584.948767,37276
Monaco,MCO,2017,0.587452398663714,,6431271365.083382,37678
Monaco,MCO,2018,1.1147767446366,,7182444409.540691,38154
Monaco,MCO,2019,1.20921163106718,,7383944044.169999,38109
Monaco,MCO,2020,2.97930407095748,,6739645416.479156,38050
Monaco,MCO,2021,1.22173013647281,,8626081320.506119,38527
Monaco,MCO,2022,3.22095286767355,,8784002931.686646,38931
Monaco,MCO,2023,5.30290144286643,,,38956
,MCO,2024,,,,38631
,MDA,1980,,,,2708675
,MDA,1981,,,,2735987
,MDA,1982,,,,2763101
,MDA,1983,,,,2791207
,MDA,1984,,,,2820518
,MDA,1985,,,,2850787
,MDA,1986,,,,2883057
,MDA,1987,,,,2916306
,MDA,1988,,,,2948891
,MDA,1989,,,,2970039
,MDA,1990,,,3571250000.0,2977912
Moldova,MDA,1991,139.82680693032,,3083333333.333333,2981566
Moldova,MDA,1992,945.030521954821,1026.82626424702,2320435308.34341,2980965
Moldova,MDA,1993,860.457221291034,1613.60398876194,2371711383.172701,2975966
Moldova,MDA,1994,276.441127471841,486.42562379589,1702292855.6026738,2966745
Moldova,MDA,1995,38.7375203768224,29.8656104095719,1752979926.41489,2953200
Moldova,MDA,1996,27.8519773445647,23.5056772963369,1695122173.9130435,2947293
Moldova,MDA,1997,12.5029398170542,11.7728324494466,1930081168.831169,2936413
Moldova,MDA,1998,9.46173017171613,7.69576517517206,1698717504.6554935,2935227
Moldova,MDA,1999,39.7816660136116,39.2559806891746,1170782957.3744323,2930622
Moldova,MDA,2000,27.328751985976,31.2993015817783,1288429391.7995076,2924668
Moldova,MDA,2001,12.0892509733681,9.76466285757628,1480673594.0560205,2918135
Moldova,MDA,2002,9.82740206371066,5.30124390261593,1661818168.4226036,2911385
Moldova,MDA,2003,14.8659724616995,11.7460792058232,1980907434.768264,2903198
Moldova,MDA,2004,7.9870868570528,12.5242768428228,2598249555.89984,2896023
Moldova,MDA,2005,9.34414407593009,11.9591837222126,2988342907.0309634,2888985
Moldova,MDA,2006,13.4181412403617,12.777755783035,3408255450.5509,2880967
Moldova,MDA,2007,15.9087149618352,12.3671668414302,4401173151.937674,2874299
Moldova,MDA,2008,9.2442488257698,12.783047261882,6054824248.242213,2868833
Moldova,MDA,2009,2.16939170451238,-0.062718596710847,5439434271.7880745,2865213
Moldova,MDA,2010,33.3049320977984,7.4838508635085,6974982369.601547,2862354
Moldova,MDA,2011,8.19079859862242,7.6872510335619,8414352020.494416,2860699
Moldova,MDA,2012,7.42422201997522,4.54633427355292,8709138634.82921,2860324
Moldova,MDA,2013,3.92385122182326,4.59787897363118,9496717875.519316,2859558
Moldova,MDA,2014,5.14320721702923,5.08878554625879,9402090137.742302,2857815
Moldova,MDA,2015,11.5743149591168,9.67624033101868,7797667196.730872,2835978
Moldova,MDA,2016,3.5508738308871,6.35930898037931,7980917075.774796,2803186
Moldova,MDA,2017,6.25246649143298,6.57022997455604,9514404016.209494,2755189
Moldova,MDA,2018,3.21103213223728,3.04505397337058,11252353420.879784,2707203
Moldova,MDA,2019,5.35171200346649,4.83778351428722,11736797054.696486,2664224
Moldova,MDA,2020,5.57500940096507,3.76597122245358,11530746234.44918,2635130
Moldova,MDA,2021,6.38172855134019,5.10641129002836,13691869264.079351,2595809
Moldova,MDA,2022,19.2532036308322,28.7372976766236,14510490660.251604,2528654
Moldova,MDA,2023,8.70839048786753,13.41701043813,16539436547.294971,2457783
,MDA,2024,,4.67773516007048,,2402306
Madagascar,MDG,1980,47.7609079556026,18.2178658946756,5201818347.7988205,9006032
Madagascar,MDG,1981,30.4568527944805,30.5381774327711,4759333998.367463,9279011
Madagascar,MDG,1982,31.9066147853204,31.7897046510535,4784977325.958034,9557671
Madagascar,MDG,1983,19.469026551055,19.328338591095,4686457031.226905,9843044
Madagascar,MDG,1984,9.72047085372046,9.85662095433889,3905938480.861192,10134550
Madagascar,MDG,1985,10.5660503271742,10.5564839573619,3802557894.8719015,10433142
Madagascar,MDG,1986,14.4923243761961,14.4973321039129,4347989788.092567,10736857
Madagascar,MDG,1987,15.460832553855,14.9931351322502,3212900555.8090987,11047291
Madagascar,MDG,1988,26.3375571405737,26.8537971413812,3189456965.048204,11369462
Madagascar,MDG,1989,9.01678837253515,9.01299594555501,3175638332.6447086,11704998
Madagascar,MDG,1990,11.8587057699314,11.7844838321357,3931334875.013759,12055639
Madagascar,MDG,1991,8.54018289662375,8.59264760490192,3254713056.021707,12421412
Madagascar,MDG,1992,14.5672851392356,14.5123786075771,3714966678.33381,12800870
Madagascar,MDG,1993,9.98991652376216,10.008361204014,4063298919.2868047,13197345
Madagascar,MDG,1994,38.9921305701247,38.9417908989239,3522227092.2283926,13613850
Madagascar,MDG,1995,49.0361191268476,49.0802100590784,3838100903.7497377,14051275
Madagascar,MDG,1996,19.7608163868213,19.7563545439776,4931861038.707632,14510711
Madagascar,MDG,1997,4.49197342415518,4.48638261737399,4262965419.74998,14990814
Madagascar,MDG,1998,6.2099695419688,6.2080160866332,4401967632.737184,15489364
Madagascar,MDG,1999,7.18914294704696,9.92953399348781,4277903780.2913055,16000506
Madagascar,MDG,2000,11.5703529669413,11.859684500028,4629247203.84524,16516338
Madagascar,MDG,2001,7.9169448389373,7.91694484529586,5438332601.907981,17032939
Madagascar,MDG,2002,16.498525534897,16.4985255315846,5351701663.408074,17549913
Madagascar,MDG,2003,-1.70400479873007,-1.70400479616298,6372498889.665848,18071854
Madagascar,MDG,2004,13.9558018033899,13.9558018033211,5064732626.293891,18606608
Madagascar,MDG,2005,18.3638246481935,18.3638246468932,5859269752.61332,19159707
Madagascar,MDG,2006,10.7656371604386,10.7656371554865,6395712490.943041,19730909
Madagascar,MDG,2007,10.287966315995,10.2879663187671,8524620889.577468,20318583
Madagascar,MDG,2008,7.48630027641002,9.29650839381057,10725137723.654873,20923840
Madagascar,MDG,2009,6.929159085308,8.95421802392949,9616879409.437893,21547280
Madagascar,MDG,2010,10.2185410293303,9.24732173644116,9982711338.07029,22183340
Madagascar,MDG,2011,10.3861871358875,9.48254048582992,11551819617.874023,22822300
Madagascar,MDG,2012,5.46617486333369,5.71384434191053,11578975061.947945,23462438
Madagascar,MDG,2013,5.4523024549118,5.8264294445198,12423555455.38532,24109290
Madagascar,MDG,2014,6.7317708095171,6.08040811088302,12522957399.228104,24764348
Madagascar,MDG,2015,6.5037166915161,7.40419174202129,11323020701.301683,25426702
Madagascar,MDG,2016,8.96008072992041,6.03575858154679,11848613858.441998,26099952
Madagascar,MDG,2017,4.96153975601543,8.60905075422949,13176313593.550934,26788375
Madagascar,MDG,2018,8.29799331094843,8.59422958870476,13760033282.292513,27494926
Madagascar,MDG,2019,6.52209064077279,5.61051441492365,14104664678.506332,28219554
Madagascar,MDG,2020,4.31114513583488,4.20179312190557,13051441203.947355,28953556
Madagascar,MDG,2021,6.64074341609775,5.81225118787715,14554754116.542671,29691083
Madagascar,MDG,2022,6.93296643519818,8.16059031991844,15302510500.052752,30437261
Madagascar,MDG,2023,8.69367544716614,9.87432675044888,16031702914.91953,31195932
,MDG,2024,,,,31964956
Maldives,MDV,1980,-6.29296337282545,,42463576.1589404,164835
Maldives,MDV,1981,-5.64238106732829,,44781456.95364238,169532
Maldives,MDV,1982,4.81351976717966,,47911340.18347938,174333
Maldives,MDV,1983,2.03394994342932,,57829787.23404256,179128
Maldives,MDV,1984,49.1506509195042,,109503546.0992908,184198
Maldives,MDV,1985,1.32300635715686,,127190757.95998871,190169
Maldives,MDV,1986,2.76434691938796,9.72219327678563,141882254.2301776,196935
Maldives,MDV,1987,17.960774156012,9.7040723294332,141223029.38306406,203944
Maldives,MDV,1988,4.5323204783563,6.45636026801941,168514513.37507114,210885
Maldives,MDV,1989,5.86514984488163,7.16585889470777,189514434.24399957,217738
Maldives,MDV,1990,2.50712718211383,3.64991197717477,215043969.84924623,224762
Maldives,MDV,1991,20.2552482807193,14.7136770282735,244396761.92333952,231802
Maldives,MDV,1992,12.6430163629807,16.8559977535548,284875809.03963387,238543
Maldives,MDV,1993,11.153806148174,20.1273593149248,322417837.16197103,244884
Maldives,MDV,1994,8.36035028307822,3.38610098291493,356014932.1364607,250822
Maldives,MDV,1995,0.767657765082319,5.48886133171504,398988954.9702634,256649
Maldives,MDV,1996,4.65632948783248,6.24124591476026,450382327.9524214,262347
Maldives,MDV,1997,4.10041409895274,7.57283467072592,508223602.3789295,267707
Maldives,MDV,1998,-1.13798307782147,-1.40425233816792,540096397.6210705,272723
Maldives,MDV,1999,2.75330661293813,2.95370836069129,589239753.6108751,277412
Maldives,MDV,2000,2.03241260876266,-1.17475681175946,624337145.284622,282019
Maldives,MDV,2001,50.8928274402156,0.67257737006247,870031676.7987932,286767
Maldives,MDV,2002,0.497535125844891,4.1786723990479,897031250.0,291616
Maldives,MDV,2003,3.11136682753414,-1.26065113450354,1052121054.6875,296491
Maldives,MDV,2004,10.1959604079309,-1.68541212459466,1226829562.5,301413
Maldives,MDV,2005,6.81473142832525,1.30027500930997,1163362437.5,306429
Maldives,MDV,2006,9.54231878924602,2.73842131602099,1575200390.625,313851
Maldives,MDV,2007,10.7250137594501,6.79477353930168,1868383460.9375,324479
Maldives,MDV,2008,11.5651624727837,12.0414583505108,2271646187.5,336170
Maldives,MDV,2009,12.41242379451,4.53017659132801,2345294875.0,348275
Maldives,MDV,2010,3.29537815566177,6.14988536750173,2588176054.6875,360792
Maldives,MDV,2011,12.628798047821,11.2734146055937,2774350240.0491767,373674
Maldives,MDV,2012,6.9372127595247,10.884695658563,2886163997.205307,386818
Maldives,MDV,2013,6.74659962921251,3.8056300091943,3295009237.5010657,400070
Maldives,MDV,2014,4.18319658900101,2.12000175718134,3697353039.200426,413617
Maldives,MDV,2015,7.32344910852898,0.953206658777607,4129505319.129205,428154
Maldives,MDV,2016,0.218876276141572,0.502509413611612,4409942623.855379,443308
Maldives,MDV,2017,2.14358292337704,2.81747338234509,4816426256.529144,458287
Maldives,MDV,2018,3.28221513262272,-0.133373386117595,5404344162.698884,473099
Maldives,MDV,2019,-1.30973757371325,0.220029731065383,5726094799.377091,487731
Maldives,MDV,2020,-3.36532461650745,-1.36977425569811,3712604583.366653,502118
Maldives,MDV,2021,2.82866184194621,0.543149688737013,5254366312.276479,516154
Maldives,MDV,2022,3.41292623420735,2.33314337624567,6170638746.313763,524106
Maldives,MDV,2023,1.88425407158763,2.92746542425035,6600000000.0,525994
,MDV,2024,,1.39979779674928,,527799
Middle East & North Africa,MEA,1980,25.8620387631097,10.4226999529126,560256590116.5793,279347788
Middle East & North Africa,MEA,1981,9.90997003298553,11.2721597079434,573674761511.3251,288391729
Middle East & North Africa,MEA,1982,3.44169146691686,8.33125575581156,572709615901.0919,297671219
Middle East & North Africa,MEA,1983,4.13002926296977,5.4936655143209,581874653178.6099,307301861
Middle East & North Africa,MEA,1984,2.49156453400215,8.116397955171,586005805091.197,317366458
Middle East & North Africa,MEA,1985,1.68904839225117,4.38934095741541,597081174396.3612,327681501
Middle East & North Africa,MEA,1986,2.40534325293109,6.16438356164371,604167750053.7762,338209596
Middle East & North Africa,MEA,1987,8.84202042232948,4.08911644641214,560688646894.6907,348933449
Middle East & North Africa,MEA,1988,3.67059655165944,5.99925074273699,555522112035.5696,359728415
Middle East & North Africa,MEA,1989,7.99326059145494,5.54145981508564,572244999588.4694,370724431
Middle East & North Africa,MEA,1990,13.4487939705185,8.03956867283908,745103071421.5897,383279026
Middle East & North Africa,MEA,1991,5.43525695025883,9.02909418116381,549381622873.5562,394251647
Middle East & North Africa,MEA,1992,5.69154486496357,7.5920483679552,600384966653.6755,405847278
Middle East & North Africa,MEA,1993,3.03498246332101,8.05346591185275,610560135336.3665,417150344
Middle East & North Africa,MEA,1994,6.8617322590588,5.12713521698837,646604925436.2045,428117445
Middle East & North Africa,MEA,1995,7.77628827501962,6.74106761623137,713738122654.6461,438968860
Middle East & North Africa,MEA,1996,6.88261248973102,4.46630617999248,794179404667.9052,449859387
Middle East & North Africa,MEA,1997,2.33055643947434,3.55029585798821,832657219644.1719,460864078
Middle East & North Africa,MEA,1998,-3.69276700598913,3.12536579655862,814471742080.9604,472047033
Middle East & North Africa,MEA,1999,7.94278711644308,2.64862252295818,885972638010.798,483430509
Middle East & North Africa,MEA,2000,11.6843301569808,1.81294613887089,992555771865.102,494850317
Middle East & North Africa,MEA,2001,1.2679032785466,1.74665224985434,987483973174.614,506478256
Middle East & North Africa,MEA,2002,3.548888898987,1.83299389002049,979351629694.5852,518193093
Middle East & North Africa,MEA,2003,4.78193195205354,1.98196734627545,1090479523920.402,530338988
Middle East & North Africa,MEA,2004,10.6799608126398,3.12226204699354,1286313655244.4343,543086512
Middle East & North Africa,MEA,2005,13.0482805836339,3.10496640148298,1542092360435.5688,556210211
Middle East & North Africa,MEA,2006,9.87297893528463,3.48340699677866,1810948296494.2844,569898499
Middle East & North Africa,MEA,2007,7.57105088120657,4.16782330119979,2140272377688.6155,583743828
Middle East & North Africa,MEA,2008,17.3556030903553,11.2706652380848,2674260694118.665,597799097
Middle East & North Africa,MEA,2009,-5.07698560760964,2.92089711805367,2399657699929.6226,612128501
Middle East & North Africa,MEA,2010,11.5551506397598,3.74915727597096,2820272200083.828,624828664
Middle East & North Africa,MEA,2011,12.4150978636564,4.5242115050527,3396706596374.7183,639053870
Middle East & North Africa,MEA,2012,4.67076794931934,3.73120950756887,3660136638354.7,653273442
Middle East & North Africa,MEA,2013,1.48207388002049,3.22197756829293,3601732090293.314,667464006
Middle East & North Africa,MEA,2014,1.26230441351029,2.43294141599225,3627618410020.679,680716578
Middle East & North Africa,MEA,2015,0.197001678736839,1.6859921764201,3201010427587.39,694232973
Middle East & North Africa,MEA,2016,0.85668822422295,2.37271603075831,3234258578074.412,707023525
Middle East & North Africa,MEA,2017,4.93800729466362,1.7779598569332,3372000244857.3706,718887744
Middle East & North Africa,MEA,2018,7.92466367014788,1.94579304594437,3538057099135.2173,730362334
Middle East & North Africa,MEA,2019,0.882992828066392,1.04883403678997,3549945029851.937,742714463
Middle East & North Africa,MEA,2020,0.142417962079094,0.705968661338261,3199081953495.5312,756405281
Middle East & North Africa,MEA,2021,13.3007001530628,2.30446565742003,3780277127064.962,767578451
Middle East & North Africa,MEA,2022,16.9897185502658,4.99527553740761,4497116837259.169,782349366
Middle East & North Africa,MEA,2023,-0.0234347412947429,4.22535211267609,4287684126920.0137,797801454
,MEA,2024,,,,813146136
Mexico,MEX,1980,41.4051371566321,26.3516513562834,205577055465.9928,67300334
Mexico,MEX,1981,25.075547620241,27.9337625982399,263797827860.4936,68892108
Mexico,MEX,1982,61.0811184729891,58.9134198531048,184602611609.5174,70433260
Mexico,MEX,1983,88.859881167231,101.874938435992,156167000432.99414,71971240
Mexico,MEX,1984,59.2646312286776,65.4488071277602,184230754105.3936,73506846
Mexico,MEX,1985,59.1495162299007,57.7484484008702,195241069482.0767,75043414
Mexico,MEX,1986,70.8510172712463,86.2333169923538,134556034672.99146,76585637
Mexico,MEX,1987,142.025338723878,131.82738392309,147542558208.8881,78136651
Mexico,MEX,1988,100.575986321826,114.162258549066,181611150496.7874,79695531
Mexico,MEX,1989,27.3944004414714,20.0078767139978,221403098266.7696,81247182
Mexico,MEX,1990,28.105912393932,26.6516725646771,261253675692.83783,82820170
Mexico,MEX,1991,23.7132575125834,22.662359455061,313139656145.7446,84430572
Mexico,MEX,1992,14.8138855781018,15.5078962533573,363157832923.7344,86044809
Mexico,MEX,1993,42.8676233155078,9.75146045357553,530160763983.5064,87653807
Mexico,MEX,1994,8.36062722142472,6.96581237191123,553618247900.7395,89259205
Mexico,MEX,1995,38.8092293997712,34.9992712889592,380157469866.8494,90862455
Mexico,MEX,1996,26.6967739975906,34.3783832235168,432157945024.4281,92452702
Mexico,MEX,1997,17.733691153468,20.6256287259247,523449530464.25696,94021207
Mexico,MEX,1998,15.7160554430069,15.9283950119353,557461102630.6578,95575245
Mexico,MEX,1999,15.3190813355821,16.5856169707538,631249359702.389,97115707
Mexico,MEX,2000,10.6979645310047,9.49156149435403,742061329643.3695,98625552
Mexico,MEX,2001,6.47300917877192,6.36773806235037,796064590656.1759,100099099
Mexico,MEX,2002,5.5023241130699,5.03072733151295,810666116505.4778,101548624
Mexico,MEX,2003,4.27966722239654,4.54690012118718,765549967703.2732,102978515
Mexico,MEX,2004,8.11744317174407,4.68840884843143,819459227375.0225,104394131
Mexico,MEX,2005,5.88498274459207,3.98805714597437,917571853529.1044,105811504
Mexico,MEX,2006,6.1071543478173,3.62946762439132,1020265057882.007,107253666
Mexico,MEX,2007,6.12779215497929,3.96684905458235,1102355554971.9478,108774360
Mexico,MEX,2008,6.31038161981667,5.12498274575896,1161553459715.1033,110374288
Mexico,MEX,2009,5.24348244015189,5.29735584228856,943437415024.6328,111999721
Mexico,MEX,2010,4.37296440049234,4.15672722680174,1105424238731.0928,113623895
Mexico,MEX,2011,5.66963367375268,3.40737824605742,1229013703416.7583,115243504
Mexico,MEX,2012,4.54221493776905,4.11150981070289,1255110424817.7866,116818208
Mexico,MEX,2013,1.70388278647849,3.80639069747204,1327436290282.6748,118343573
Mexico,MEX,2014,4.36836891312464,4.01861608078679,1364507717614.1345,119784261
Mexico,MEX,2015,3.22542892692515,2.72064064964023,1213294467716.8804,121072306
Mexico,MEX,2016,6.07758782303863,2.8217078474766,1112233497452.6975,122251351
Mexico,MEX,2017,6.56759492961866,6.04145724018986,1190721475906.0,123400057
Mexico,MEX,2018,5.20449997011548,4.89935015356551,1256300182879.7263,124573711
Mexico,MEX,2019,4.31901022867262,3.63596142127046,1305211135822.6147,125762982
Mexico,MEX,2020,4.61979011759097,3.39683415570006,1120832412468.8489,126799054
Mexico,MEX,2021,4.48797277024499,5.68920847683753,1313069763986.597,127648148
Mexico,MEX,2022,6.49719200406193,7.8962761916855,1463323889036.5598,128613117
Mexico,MEX,2023,4.45991367594138,5.52796087314389,1788886821046.8132,129739759
,MEX,2024,,4.72225588452932,,130861007
Marshall Islands,MHL,1980,12.6684664265555,,26710652.8925137,30774
Marshall Islands,MHL,1981,9.11052632939737,,31020000.0,32017
Marshall Islands,MHL,1982,7.37839052604537,,34918000.0,33397
Marshall Islands,MHL,1983,3.51055516897469,,41749000.0,34811
Marshall Islands,MHL,1984,4.10712382476071,,45144000.0,36264
Marshall Islands,MHL,1985,3.68577732067554,,43879000.0,37761
Marshall Islands,MHL,1986,2.45388100758986,,55989000.0,39286
Marshall Islands,MHL,1987,2.86016652017345,,62983000.0,40828
Marshall Islands,MHL,1988,4.12325129887783,,70688000.0,42321
Marshall Islands,MHL,1989,4.7570268608403,,72798000.0,43586
Marshall Islands,MHL,1990,4.9898768786237,,78476000.0,44629
Marshall Islands,MHL,1991,5.04437403552917,,82507000.0,45568
Marshall Islands,MHL,1992,3.01392706066088,,91063000.0,46388
Marshall Islands,MHL,1993,3.03372401956675,,99461000.0,47093
Marshall Islands,MHL,1994,2.62469056467263,,108071000.0,47712
Marshall Islands,MHL,1995,2.80708815380007,,120230000.0,48266
Marshall Islands,MHL,1996,2.79596467885315,,110858000.0,48775
Marshall Islands,MHL,1997,5.95130751582053,,109884681.70166,49259
Marshall Islands,MHL,1998,2.680980274186,,112070114.135742,49717
Marshall Islands,MHL,1999,2.51217905582808,,113352058.410645,50202
Marshall Islands,MHL,2000,-1.1157329105915,,114838470.458984,50706
Marshall Islands,MHL,2001,-0.318215883012556,,122406127.929688,51123
Marshall Islands,MHL,2002,4.02302594572905,,131959976.196289,51425
Marshall Islands,MHL,2003,0.94633865335561,,131128479.003906,51639
Marshall Islands,MHL,2004,1.76653410329699,,132791854.858398,51791
Marshall Islands,MHL,2005,2.01041949385355,,137815414.428711,51906
Marshall Islands,MHL,2006,3.58585344330177,,142922515.86914098,51992
Marshall Islands,MHL,2007,1.35910967827411,,150104705.810547,52035
Marshall Islands,MHL,2008,5.38222215908284,,146208160.40039098,52030
Marshall Islands,MHL,2009,-0.508802549399022,,150886459.350586,52019
Marshall Islands,MHL,2010,0.955505038419616,,160629516.601563,52044
Marshall Islands,MHL,2011,7.49236624469398,,172044509.887695,51907
Marshall Islands,MHL,2012,6.2465252080586,,180302078.24707,51419
Marshall Islands,MHL,2013,-0.630564720016054,,185817016.601563,50681
Marshall Islands,MHL,2014,1.05832196696491,,185446395.87402305,49796
Marshall Islands,MHL,2015,-3.06451612903226,,183222930.908203,48800
Marshall Islands,MHL,2016,7.16941051513543,,200900711.05957,47709
Marshall Islands,MHL,2017,2.25841782928005,,212935714.72168,46529
Marshall Islands,MHL,2018,-2.40704270817953,,219430038.452148,45285
Marshall Islands,MHL,2019,-4.15426936619718,,231996704.101563,44007
Marshall Islands,MHL,2020,6.78233643895216,,240751144.40918,42706
Marshall Islands,MHL,2021,5.77905201152358,,257784881.591797,41367
Marshall Islands,MHL,2022,-1.01768275096303,,258774475.097656,40077
Marshall Islands,MHL,2023,6.51974948608529,,284000000.0,38827
,MHL,2024,,,,37548
Middle income,MIC,1980,13.8985348254353,16.7531356897102,2046090053815.5464,3091485829
Middle income,MIC,1981,9.29050162180894,12.9746974698193,2316123721215.222,3157264507
Middle income,MIC,1982,7.90783510432279,10.2588088556284,2249264646628.9697,3225816449
Middle income,MIC,1983,8.64917249949201,10.6719367588934,2252789513944.2607,3294712711
Middle income,MIC,1984,9.21007417186428,10.45503482319,2321998212571.3306,3363350352
Middle income,MIC,1985,7.19378544452942,8.50837434391595,2400309598881.9155,3433380482
Middle income,MIC,1986,6.55450968975859,9.02951054357164,2398887158157.9062,3505495513
Middle income,MIC,1987,8.68422935247909,8.43173982070687,2449690187383.698,3579488782
Middle income,MIC,1988,9.06096347700196,8.98300338208989,2605947790285.915,3653960889
Middle income,MIC,1989,8.59375657545488,9.57738525806132,2693997677976.966,3728139137
Middle income,MIC,1990,10.6104147199976,11.0249259531024,3069619982603.0195,3804281569
Middle income,MIC,1991,15.1323903679797,13.2242657726507,2962306114789.9565,3876917760
Middle income,MIC,1992,11.9156332507612,10.0561167448841,3176786976145.7427,3947406975
Middle income,MIC,1993,11.6054293090274,10.5178384472895,3516032465649.864,4016605020
Middle income,MIC,1994,15.3395983671368,13.3952506595033,3955758244455.773,4085142527
Middle income,MIC,1995,10.6790055674445,10.512546081579,4532077392613.595,4153549029
Middle income,MIC,1996,8.79838581348434,9.22046662376986,5044736122063.44,4221979035
Middle income,MIC,1997,7.28111205314566,7.12532722513057,5353982644746.822,4290382932
Middle income,MIC,1998,6.93140266888905,7.67322895675083,5326398707103.191,4358459090
Middle income,MIC,1999,6.78525613443288,4.86192267490097,5122654498526.614,4425269853
Middle income,MIC,2000,7.20776279717097,4.19928825622803,5557879880102.092,4491582042
Middle income,MIC,2001,6.04073883566554,5.25305303386298,5572267083031.901,4557281954
Middle income,MIC,2002,4.69892816201967,4.26870932309104,5670206841562.761,4620891319
Middle income,MIC,2003,5.53933744651502,4.7215533660534,6346256902458.924,4683580056
Middle income,MIC,2004,7.0727591038912,4.68840884843143,7444671186560.865,4746877931
Middle income,MIC,2005,6.55682311577613,5.0427948597843,8788211804677.96,4809774178
Middle income,MIC,2006,8.34372112602952,5.5649377040842,10346313007674.254,4872116354
Middle income,MIC,2007,7.09551578753664,6.17781214809388,12703066994715.035,4933710362
Middle income,MIC,2008,9.50278364771555,10.1547846489023,15080296673808.402,4996382425
Middle income,MIC,2009,2.88065176850439,3.9447591085764,15112134343474.09,5059811744
Middle income,MIC,2010,6.98730386353127,4.15672722680174,18410290632937.094,5123741911
Middle income,MIC,2011,7.64978574066839,5.801455370853,21713900541468.258,5188568435
Middle income,MIC,2012,4.79192284465955,4.54176967761132,23131481309284.89,5255495302
Middle income,MIC,2013,3.46665575478661,4.47062514321319,24546674700274.297,5322303622
Middle income,MIC,2014,3.33175691706154,3.53436856147324,25680744767168.285,5388731311
Middle income,MIC,2015,2.86366512298943,3.15783117980923,24911694910932.1,5452914477
Middle income,MIC,2016,2.64424525750435,2.72461223295289,25202592678135.547,5515962374
Middle income,MIC,2017,4.02974599325579,3.39697584895255,27530340426178.0,5579081195
Middle income,MIC,2018,3.59757389264269,3.24056932930569,29284043921765.36,5640136670
Middle income,MIC,2019,3.06187945458328,2.67599202639893,29978481798259.293,5698581856
Middle income,MIC,2020,2.6493593974983,2.65664643301124,29051739634677.75,5753270728
Middle income,MIC,2021,6.00397322136207,4.08852737513983,34266063721746.76,5802247321
Middle income,MIC,2022,8.26227281475744,8.27328940087841,35907869702102.16,5846464711
Middle income,MIC,2023,4.62773991030575,6.0752438457966,36786942112904.5,5891100497
,MIC,2024,,,,5938893610
,MKD,1980,,,,1933038
,MKD,1981,,,,1959065
,MKD,1982,,,,1978956
,MKD,1983,,,,1991901
,MKD,1984,,,,2003399
,MKD,1985,,,,2014331
,MKD,1986,,,,2024732
,MKD,1987,,,,2035157
,MKD,1988,,,,2045737
,MKD,1989,,,,2055649
,MKD,1990,,,4699646643.109541,2063689
North Macedonia,MKD,1991,93.9213213804937,,4938775510.204082,2055994
North Macedonia,MKD,1992,1271.66403962857,,2436849341.976036,2032523
North Macedonia,MKD,1993,442.129422476342,,2682456896.5517244,2006854
North Macedonia,MKD,1994,151.885706190481,126.583368336245,3559608639.983794,1992666
North Macedonia,MKD,1995,17.0916163109023,16.3735889723568,4707041315.242023,1998534
North Macedonia,MKD,1996,2.86482093164999,2.46660008582917,4642021256.3068905,2012553
North Macedonia,MKD,1997,3.92928882813115,1.29436487155045,3912986090.973632,1996869
North Macedonia,MKD,1998,1.3917089531508,0.544199652523074,3765745023.207396,2007523
North Macedonia,MKD,1999,2.73806691562446,-1.27928657572626,3863619284.779392,2017142
North Macedonia,MKD,2000,8.17838315960276,6.60742291038536,3772859034.205079,2026350
North Macedonia,MKD,2001,4.71896097213485,5.19888525744048,3709636030.665784,2034882
North Macedonia,MKD,2002,0.943966842274364,2.31459794083219,4018365747.009719,2020157
North Macedonia,MKD,2003,1.65164896737944,0.855562122724231,4946296599.08467,2022725
North Macedonia,MKD,2004,-0.16604205392737,-0.448650206552038,5682784471.697219,2016186
North Macedonia,MKD,2005,4.89589936820212,0.525515950714282,6258602872.678975,2005330
North Macedonia,MKD,2006,3.25262417820976,3.21362929606346,6861226971.556173,1994287
North Macedonia,MKD,2007,4.59255256903033,2.25175798305457,8336474973.729493,1982933
North Macedonia,MKD,2008,5.49119403600274,8.33189666968095,9909552434.511362,1971493
North Macedonia,MKD,2009,0.295077614209276,-0.739633963061153,9401736825.42688,1958782
North Macedonia,MKD,2010,2.04128302301487,1.50997522027621,9407170321.377522,1946298
North Macedonia,MKD,2011,3.72217234010574,3.9047542206973,10494626767.64451,1937398
North Macedonia,MKD,2012,1.00299826672435,3.31605566687647,9745261300.577885,1929821
North Macedonia,MKD,2013,4.48329315377931,2.78500056726118,10817702346.067411,1922716
North Macedonia,MKD,2014,1.44696785759902,-0.281705032928494,11362265252.777998,1917557
North Macedonia,MKD,2015,2.00342084578241,-0.299920475631552,10064519962.565548,1912430
North Macedonia,MKD,2016,3.46525285653088,-0.23929078768441,10672467073.287252,1906313
North Macedonia,MKD,2017,2.80702703539038,1.35161889677442,11307067069.66582,1898657
North Macedonia,MKD,2018,3.92615528936682,1.45831298507117,12683068114.23885,1889051
North Macedonia,MKD,2019,0.86816868476069,0.766439573459716,12606338448.546968,1876262
North Macedonia,MKD,2020,1.37428071825137,1.20007348888487,12361036913.840923,1856124
North Macedonia,MKD,2021,4.28552531461972,3.23074912132919,14000283827.01538,1837114
North Macedonia,MKD,2022,8.87368732523663,14.2047173195833,13711469681.153498,1831712
North Macedonia,MKD,2023,7.76646685488322,9.36187249769016,14761237042.205698,1827816
,MKD,2024,,3.48974086026947,,1824359
Mali,MLI,1980,14.5016530267492,,1759691186.3999336,7530515
Mali,MLI,1981,10.8085073501478,,1538972424.3663468,7692766
Mali,MLI,1982,13.1536996886952,,1333754224.999486,7860194
Mali,MLI,1983,10.8174002740579,,1297765325.9027262,8034400
Mali,MLI,1984,9.25199784980748,,1232932104.0727642,8208599
Mali,MLI,1985,-3.48249032863031,,1392196047.99695,8374663
Mali,MLI,1986,-0.138300097115064,,1852163453.153256,8531277
Mali,MLI,1987,-1.90653242237872,,2090629986.9764264,8681164
Mali,MLI,1988,-4.25293155479166,,2169040603.193938,8833996
Mali,MLI,1989,3.41537847560971,-0.076692997928865,2181821909.278918,8999938
Mali,MLI,1990,7.60211265142119,0.606339703737522,2681912148.6984205,9178830
Mali,MLI,1991,-5.81605729864165,1.80042722001854,2724131458.2621584,9362888
Mali,MLI,1992,0.738816824028547,-6.24250599520423,2830673378.1300616,9553540
Mali,MLI,1993,3.23509415515973,-0.263767884261804,2818281085.0864587,9754786
Mali,MLI,1994,39.5623519084172,23.1767911524285,2081846497.7464817,9967031
Mali,MLI,1995,15.8089838973553,13.4417696811974,2706425157.393965,10185365
Mali,MLI,1996,-1.65211919636276,6.80545996788235,2780422049.2120423,10407278
Mali,MLI,1997,5.58019782996804,-0.362999795946695,2697105823.466098,10646495
Mali,MLI,1998,1.73957502877444,4.03658945954986,2920358710.5064645,10919573
Mali,MLI,1999,16.2860455817107,-1.20190368637502,3440724709.592584,11227415
Mali,MLI,2000,-0.619727920385017,-0.677661659046769,2961484953.8644366,11559290
Mali,MLI,2001,4.67836208273651,5.18701191944066,3468337942.320635,11912158
Mali,MLI,2002,3.51288172290896,5.03282275711195,3908121307.019565,12288050
Mali,MLI,2003,-7.59428426979656,-1.34672619047621,4714071979.688353,12684955
Mali,MLI,2004,3.59862414352318,-3.09978128063956,5454249125.729661,13102409
Mali,MLI,2005,7.50171013084201,6.39788293897881,6247515888.145334,13538647
Mali,MLI,2006,4.64687336088652,1.54352596927584,6905934217.909009,13990139
Mali,MLI,2007,4.55504607669634,1.41200201714576,8156468826.126453,14457775
Mali,MLI,2008,7.27636764178463,9.17098813667678,9838403100.505545,14940782
Mali,MLI,2009,4.6359321620512,2.46375188572299,10231962390.211864,15435539
Mali,MLI,2010,4.36499973505229,1.10892690670187,10689168016.261272,15945198
Mali,MLI,2011,12.1828901287918,2.95564395229391,12995112690.2596,16469049
Mali,MLI,2012,4.60540762762535,5.32312847064058,12442035339.104927,16957033
Mali,MLI,2013,0.652631802447871,-0.606736356351471,13242690786.093817,17459615
Mali,MLI,2014,1.26864344003421,0.883814547137841,14364937124.072668,18020267
Mali,MLI,2015,2.88350937506129,1.45069057605961,13104764378.325953,18593022
Mali,MLI,2016,1.35112231370481,-1.79964707083386,14026048335.704683,19191289
Mali,MLI,2017,1.93427321118722,1.75985742927156,15365713048.199305,19813011
Mali,MLI,2018,1.4579639111606,0.299546507387934,17070867589.905487,20442030
Mali,MLI,2019,1.93054206895806,-1.65826694846365,17280250810.032135,21068405
Mali,MLI,2020,0.532340181509667,0.438088940320668,17465392764.370636,21713836
Mali,MLI,2021,3.3589739985495,3.92560283104276,19309463508.03768,22388630
Mali,MLI,2022,5.72783445978014,9.62147608489072,18780322203.7584,23072640
Mali,MLI,2023,2.22593321089587,2.05880228274214,20904898296.250145,23769127
,MLI,2024,,3.20639864099652,,24478595
Malta,MLT,1980,12.3925681005089,15.747254103486,1250242107.8796918,316645
Malta,MLT,1981,7.78033949277959,11.5097558377123,1243469360.5683837,318982
Malta,MLT,1982,3.44169146691686,5.81823397218665,1234518125.0,325898
Malta,MLT,1983,-0.305484132359055,-0.880997560317507,1165771369.0062542,330524
Malta,MLT,1984,-0.176647557112801,-0.442500000750075,1101828568.7680416,330593
Malta,MLT,1985,0.636513583747742,-0.235207459677474,1117835285.5051246,336452
Malta,MLT,1986,3.51770589922246,2.02788871414761,1435079200.349574,342121
Malta,MLT,1987,3.05146989815404,0.431725669422442,1751247763.4194832,344485
Malta,MLT,1988,1.85956131883165,0.938344387128515,2019474244.1935904,347325
Malta,MLT,1989,2.147038378765,0.847691359226212,2118574772.1113572,350722
Malta,MLT,1990,3.15104983795089,2.9834058606356,2547163582.331487,354170
Malta,MLT,1991,3.35087387479331,2.54219284786975,2750041434.262948,363845
Malta,MLT,1992,3.5544184241685,1.63321209889045,3021910216.718266,367618
Malta,MLT,1993,2.85450591841187,4.14481954180488,2709178326.7827063,371308
Malta,MLT,1994,3.56174406945007,4.12992181638259,2998570146.540952,374797
Malta,MLT,1995,8.67596696980783,4.42664550286654,3720400048.638132,377419
Malta,MLT,1996,1.37937210401419,2.05400000000009,3822882324.916627,379905
Malta,MLT,1997,0.786722013185013,3.11207791953272,3793418974.5300856,382791
Malta,MLT,1998,1.37689778778096,2.38525135417661,4010571333.849044,385287
Malta,MLT,1999,0.548202881977659,2.13476888806386,4121350624.192854,387578
Malta,MLT,2000,-9.89868939114623,2.36959287531806,4069515556.78692,390087
Malta,MLT,2001,4.37035851531975,2.92949244324104,4088368961.758361,393028
Malta,MLT,2002,2.63275750659184,2.18849048060549,4470446352.325691,395969
Malta,MLT,2003,2.03509003917979,1.30383777442602,5448415539.812484,398582
Malta,MLT,2004,2.51336426541555,2.79082848067754,6098092511.830045,401268
Malta,MLT,2005,1.9645666978254,3.00796652450313,6416184235.838403,403834
Malta,MLT,2006,2.27230830505974,2.77378006481472,6778324087.138176,405308
Malta,MLT,2007,2.24029422451576,1.24921923797629,7925371458.805269,406724
Malta,MLT,2008,3.37328382552511,4.25862171897073,9090406749.526705,409379
Malta,MLT,2009,2.24642456274884,2.08432746082343,8696366868.922756,412477
Malta,MLT,2010,2.76562816918006,1.51563513618532,9035824366.00804,414508
Malta,MLT,2011,1.48287290300655,2.9629852819288,9638728635.014296,416268
Malta,MLT,2012,2.1597395797348,2.37582057760386,9461776291.799128,420028
Malta,MLT,2013,2.2557454257814,1.1802843636655,10551030596.75582,424810
Malta,MLT,2014,2.27101339334533,0.310306472181665,11625848974.805067,433481
Malta,MLT,2015,4.20024274625111,1.10054826378929,11091483659.615578,444220
Malta,MLT,2016,2.12564827894555,0.642702771527304,11668015565.80819,454505
Malta,MLT,2017,2.13502600271886,1.36435448150708,13484541925.771402,467106
Malta,MLT,2018,1.79841678185963,1.15782362451517,15404393365.20732,483903
Malta,MLT,2019,2.50640359192941,1.6420600176894,16004563885.7539,503912
Malta,MLT,2020,1.83795253840574,0.638544956776712,15249999048.02971,515490
Malta,MLT,2021,2.42641153412831,1.49789217934724,18123718946.600567,518150
Malta,MLT,2022,5.06118591578404,6.15375621933037,18357069272.76817,531113
Malta,MLT,2023,5.30471876620035,5.09396758978883,20956999452.431664,552747
,MLT,2024,,,,568847
Myanmar,MMR,1980,1.23518373165039,0.608153083899614,1038225167.0588236,33227204
Myanmar,MMR,1981,4.42518376320311,0.318444733265915,1111000765.2898695,33858783
Myanmar,MMR,1982,3.37446842916435,5.30474040537993,1481165467.832137,34482965
Myanmar,MMR,1983,1.95733881574436,5.65008336345438,1381573615.2513,35162715
Myanmar,MMR,1984,2.51788884616499,4.84631154769053,1304063253.0413623,35899313
Myanmar,MMR,1985,1.56725083440215,6.80756655768333,1478908173.2679565,36622827
Myanmar,MMR,1986,6.55450968975859,9.32546190007652,1582873750.3206818,37314878
Myanmar,MMR,1987,21.2384215170958,24.7599999999999,1562448076.6568878,37971594
Myanmar,MMR,1988,25.1956211729866,16.0428021801856,1541088312.254534,38600927
Myanmar,MMR,1989,57.6844780877102,27.1985264490888,2013448228.729754,39214618
Myanmar,MMR,1990,18.5395953745517,17.6267750314504,2115193513.2955616,39817251
Myanmar,MMR,1991,23.7488447345831,32.2720382866416,2069832686.9806092,40394154
Myanmar,MMR,1992,21.7454653950544,21.9132104007913,2411552288.76212,40950342
Myanmar,MMR,1993,36.2494284375746,31.83160687276,3163020034.636372,41502429
Myanmar,MMR,1994,22.0801504946047,24.0987860757019,4432257173.649197,42055143
Myanmar,MMR,1995,19.6008436274624,25.1947123972847,5289174942.534038,42605338
Myanmar,MMR,1996,23.0374930881772,16.2753966377374,6123556716.81329,43154860
Myanmar,MMR,1997,33.7942244584017,29.6972325791529,4722288495.660847,43708798
Myanmar,MMR,1998,35.8252397603861,51.4875497504079,6459461639.302425,44257793
Myanmar,MMR,1999,22.6404900460789,18.4010433741609,8486832800.884982,44787724
Myanmar,MMR,2000,2.46177398804086,-0.109165514668565,8905066163.586428,45290841
Myanmar,MMR,2001,24.8444647782488,21.101305376923,6477790688.228438,45771139
Myanmar,MMR,2002,41.5089280021532,57.0745112621703,6777632512.078098,46232653
Myanmar,MMR,2003,20.4965394080297,36.5897175323924,10467109977.671677,46667192
Myanmar,MMR,2004,3.60112807911594,4.53421374129692,10567354056.404903,47068772
Myanmar,MMR,2005,19.1635299038814,9.36861814196704,11986972418.5103,47438365
Myanmar,MMR,2006,21.3004988066612,19.9964873359214,14502553709.830303,47785135
Myanmar,MMR,2007,23.6439081182201,35.0245970717698,20182477480.551235,48125043
Myanmar,MMR,2008,13.6186579473021,26.7995371934022,31862554101.937805,48390793
Myanmar,MMR,2009,4.87859924627352,1.47234311385647,36906181380.81268,48660459
Myanmar,MMR,2010,7.04321189366061,7.71838195873614,49540813342.4834,49024382
Myanmar,MMR,2011,10.2545766682247,5.0214601462073,59977326085.99077,49419820
Myanmar,MMR,2012,3.13009695263828,1.46758322674679,59937796648.21576,49837446
Myanmar,MMR,2013,4.37807084310651,5.64303883425501,60269732854.82703,50262658
Myanmar,MMR,2014,3.91022519270633,4.953299184844,65531374199.66632,50681634
Myanmar,MMR,2015,4.13669673908328,9.45417189526018,59607290407.61913,51089056
Myanmar,MMR,2016,3.61567809536274,6.92882525816076,63298361996.2153,51495696
Myanmar,MMR,2017,5.8734089465466,4.5725365531752,66053040483.001625,51894938
Myanmar,MMR,2018,5.34109463991011,6.87232865662935,67860515989.51704,52272247
Myanmar,MMR,2019,5.42293300468495,8.82506696804558,75065106227.6892,52640713
Myanmar,MMR,2020,5.34411000806585,,79006113643.19055,53016522
Myanmar,MMR,2021,19.5172093720929,,66345291160.16825,53387102
Myanmar,MMR,2022,6.1637164891327,,62253049891.64494,53756787
Myanmar,MMR,2023,10.7876664462616,,64815031669.095245,54133798
,MMR,2024,,,,54500091
Middle East & North Africa (excluding high income),MNA,1980,14.8820201167283,11.5845673416485,304410546301.9,264948525
Middle East & North Africa (excluding high income),MNA,1981,9.90997003298553,11.8461254997948,292160808820.65656,273288518
Middle East & North Africa (excluding high income),MNA,1982,6.43212145274833,10.3933080764634,327203301153.22546,281844787
Middle East & North Africa (excluding high income),MNA,1983,10.7301456603332,6.16761386479387,363200737973.8455,290721921
Middle East & North Africa (excluding high income),MNA,1984,8.24745260850462,9.22951819475496,378202585948.20166,300042126
Middle East & North Africa (excluding high income),MNA,1985,4.05448814800522,7.7286389008592,408729430738.2906,309566339
Middle East & North Africa (excluding high income),MNA,1986,7.49074948646498,12.3716091651299,440997031586.9405,319257806
Middle East & North Africa (excluding high income),MNA,1987,9.89415935932439,7.44126091287247,380589506756.0965,329101677
Middle East & North Africa (excluding high income),MNA,1988,9.06096347700196,6.90509807493766,362853528586.2793,339013669
Middle East & North Africa (excluding high income),MNA,1989,15.8243460361994,10.3517892397833,362861531928.5448,349120795
Middle East & North Africa (excluding high income),MNA,1990,16.6224498749241,12.3217999847811,504675545300.17865,361322200
Middle East & North Africa (excluding high income),MNA,1991,11.9935811151592,14.5123316222632,256748084020.3331,371610655
Middle East & North Africa (excluding high income),MNA,1992,13.1717453439967,12.3232992418242,280535150234.9394,381995940
Middle East & North Africa (excluding high income),MNA,1993,8.42910538832268,12.6564663913828,290355959192.11444,392371485
Middle East & North Africa (excluding high income),MNA,1994,8.44887156388798,11.7413492195778,307433748179.3977,402475400
Middle East & North Africa (excluding high income),MNA,1995,10.1329436066232,11.8610941540332,340259302406.65204,412447289
Middle East & North Africa (excluding high income),MNA,1996,5.73213134882067,6.84416086199789,380849300431.5171,422368926
Middle East & North Africa (excluding high income),MNA,1997,10.143393233636,3.65202620723071,400496877681.0845,432334916
Middle East & North Africa (excluding high income),MNA,1998,0.829984451193525,3.8725754642749,410727251056.2147,442475967
Middle East & North Africa (excluding high income),MNA,1999,5.40180786523592,2.6901248581158,449128387154.8823,452793419
Middle East & North Africa (excluding high income),MNA,2000,10.0712966059497,2.68380535348546,474549193839.2626,462980522
Middle East & North Africa (excluding high income),MNA,2001,2.54669480487287,2.12654526904647,480454322805.49664,473223662
Middle East & North Africa (excluding high income),MNA,2002,2.7251909500635,2.72913569925394,463162700952.3677,483540516
Middle East & North Africa (excluding high income),MNA,2003,4.73112493676878,4.33599308785194,509460205617.9616,494288606
Middle East & North Africa (excluding high income),MNA,2004,10.8864375146475,3.79704017606906,604588881725.0559,505618583
Middle East & North Africa (excluding high income),MNA,2005,9.08158923849454,3.80046802667731,707135263713.1755,517240777
Middle East & North Africa (excluding high income),MNA,2006,9.87297893528463,5.04703296140613,828322826165.2681,529158464
Middle East & North Africa (excluding high income),MNA,2007,6.07221708040713,4.32580794732628,1016252730742.8988,540838105
Middle East & North Africa (excluding high income),MNA,2008,16.479240691772,12.310736758289,1260101657447.262,552681993
Middle East & North Africa (excluding high income),MNA,2009,0.700087342965986,2.92089711805367,1221252441475.6765,565038251
Middle East & North Africa (excluding high income),MNA,2010,11.6515904388743,3.95007875923885,1413230709820.2507,577396038
Middle East & North Africa (excluding high income),MNA,2011,11.6185270831589,4.97148571692384,1654719982162.4668,589646039
Middle East & North Africa (excluding high income),MNA,2012,5.93754471311738,6.08909641595043,1782893176788.205,601566988
Middle East & North Africa (excluding high income),MNA,2013,5.11932081382749,4.82101956297399,1643993969590.373,613151287
Middle East & North Africa (excluding high income),MNA,2014,3.44532356315609,2.89947905006057,1625989413800.0613,624564062
Middle East & North Africa (excluding high income),MNA,2015,2.16975211695323,2.9976391933388,1460582775148.2903,635352686
Middle East & North Africa (excluding high income),MNA,2016,1.27802248372888,3.18390573061568,1496714718329.8464,645837915
Middle East & North Africa (excluding high income),MNA,2017,4.71388569389377,4.81510028934517,1496691802249.524,656767614
Middle East & North Africa (excluding high income),MNA,2018,6.16467836481588,4.36615064471282,1421482666869.7126,668447432
Middle East & North Africa (excluding high income),MNA,2019,4.09482315573024,2.47857885221637,1433133665481.5989,680490997
Middle East & North Africa (excluding high income),MNA,2020,2.22090183339058,1.7774078380617,1324364502715.092,692532027
Middle East & North Africa (excluding high income),MNA,2021,15.9325995891296,5.21404940513043,1535302141067.382,704458802
Middle East & North Africa (excluding high income),MNA,2022,22.9512626061838,6.65704202759067,1760103359907.5437,716508657
Middle East & North Africa (excluding high income),MNA,2023,3.1774451904169,6.09114152504141,1646554468701.6702,729077445
,MNA,2024,,,,741690916
,MNE,1980,,,,572608
,MNE,1981,,,,579445
,MNE,1982,,,,587001
,MNE,1983,,,,594506
,MNE,1984,,,,600884
,MNE,1985,,,,605398
,MNE,1986,,,,607711
,MNE,1987,,,,608144
,MNE,1988,,,,607413
,MNE,1989,,,,606571
,MNE,1990,,,,606372
,MNE,1991,,,,607105
,MNE,1992,,,,608516
,MNE,1993,,,,610170
,MNE,1994,,,,611389
,MNE,1995,,,,611712
,MNE,1996,,,,611003
,MNE,1997,,,,609520
Montenegro,MNE,1998,-1.82580331856843,,854261160.7142857,607662
Montenegro,MNE,1999,12.159348349107,,828950327.3532612,606001
Montenegro,MNE,2000,32.8964982204042,,984293043.8115648,604950
Montenegro,MNE,2001,20.2047517131957,,1159869245.92513,607389
Montenegro,MNE,2002,3.07515583540305,,1284685050.524129,609828
Montenegro,MNE,2003,8.32077420436579,,1707710053.1493838,612267
Montenegro,MNE,2004,5.8857266503671,,2073234417.6806557,613353
Montenegro,MNE,2005,4.33458318340642,,2257174480.785972,614261
Montenegro,MNE,2006,10.1069605308365,2.92451258123648,2721903148.914816,615025
Montenegro,MNE,2007,16.0415368886677,4.34712215656112,3680711743.772242,615875
Montenegro,MNE,2008,7.62912580438491,8.75872769588798,4545674527.610957,616969
Montenegro,MNE,2009,2.40791238505463,3.46672373207793,4159330369.547096,618294
Montenegro,MNE,2010,1.60420269843273,0.654946570148479,4142983843.491195,619428
Montenegro,MNE,2011,1.20270354887286,3.4501431124869,4544428421.495127,620345
Montenegro,MNE,2012,0.177016999632059,4.14524724981119,4087526241.812683,621418
Montenegro,MNE,2013,2.0669709044933,2.20589268141178,4465772400.37453,622587
Montenegro,MNE,2014,1.03622831974151,-0.710514051710227,4593853290.963004,623744
Montenegro,MNE,2015,2.21957293262733,1.54869158222486,4054730077.577178,624651
Montenegro,MNE,2016,5.10106883707128,-0.271385023385176,4376930578.323949,625353
Montenegro,MNE,2017,3.82497232809919,2.3802359905313,4856599480.79882,625982
Montenegro,MNE,2018,3.22610640466073,2.611223782638,5506942238.356679,626438
Montenegro,MNE,2019,2.02214868727721,0.361563704540767,5542054181.126162,626753
Montenegro,MNE,2020,-0.175605916816622,-0.255655699848551,4769996866.007579,626590
Montenegro,MNE,2021,4.72624261012977,2.41080198403165,5861427505.124932,625053
Montenegro,MNE,2022,12.3553221508805,13.0403036347004,6229801580.791574,623591
Montenegro,MNE,2023,10.5429703323513,8.58476910455403,7404541964.507791,623529
,MNE,2024,,3.33675009282281,,623525
,MNG,1980,,,,1701335
,MNG,1981,,,2310099100.0,1742857
Mongolia,MNG,1982,1.9814211995504,,2552401933.333333,1785364
Mongolia,MNG,1983,0.904250240767681,,2725736633.333333,1829092
Mongolia,MNG,1984,-3.08759376967963,,2098734600.0,1874349
Mongolia,MNG,1985,-1.44806090937669,,2186505475.0,1921514
Mongolia,MNG,1986,-9.17235995070065,,2896178866.6666665,1970965
Mongolia,MNG,1987,0.809788822239028,,3020611600.0,2022800
Mongolia,MNG,1988,0.93098771431508,,3204461566.6666665,2076322
Mongolia,MNG,1989,7.14773882778444,,3576966800.0,2124185
Mongolia,MNG,1990,23.2429253085626,,2560785660.0,2098710
Mongolia,MNG,1991,93.3199510815902,,2379018326.3157897,2165342
Mongolia,MNG,1992,173.690682516447,,1317611863.8497653,2167790
Mongolia,MNG,1993,318.897225339498,268.150488882784,768401634.1545731,2165130
Mongolia,MNG,1994,64.3193883238151,87.580009329808,925817092.217484,2189395
Mongolia,MNG,1995,60.2724254276052,0.0435161009571923,1452165005.238403,2224945
Mongolia,MNG,1996,10.8075727045923,46.8899521531103,1345719472.358831,2259507
Mongolia,MNG,1997,21.6721342337923,36.5561148948773,1180934202.8380103,2291750
Mongolia,MNG,1998,-1.93179698964558,9.35704217716551,1124440204.8473787,2323809
Mongolia,MNG,1999,10.8817569804571,7.56494150307371,1057408588.6826868,2356813
Mongolia,MNG,2000,11.999691388142,11.5955387593327,1136896123.6129804,2388299
Mongolia,MNG,2001,10.448544658193,6.27736020484006,1267997934.312504,2417751
Mongolia,MNG,2002,6.3696873506597,0.917074687184271,1396555719.9740863,2449027
Mongolia,MNG,2003,10.2365745343768,5.12899499422417,1595297355.7834878,2480374
Mongolia,MNG,2004,16.6914730128959,8.24115449417618,1992066808.0959773,2508412
Mongolia,MNG,2005,20.0984387764955,12.7165674066053,2523471601.104208,2536407
Mongolia,MNG,2006,21.9867715680913,5.09516661663163,3414055661.6159754,2567168
Mongolia,MNG,2007,11.6285676515166,9.63096309630969,4234999703.900587,2601850
Mongolia,MNG,2008,21.4487537609982,27.9556650246306,5623216608.042884,2643201
Mongolia,MNG,2009,1.82670368400657,7.61950593519404,4583850367.88972,2691115
Mongolia,MNG,2010,39.1781879703741,10.0462065881651,7189481998.900941,2738622
Mongolia,MNG,2011,15.1192654880847,8.411214953271,10409797377.857063,2786317
Mongolia,MNG,2012,12.7843788573595,14.3303348325837,12292770631.564993,2839705
Mongolia,MNG,2013,2.90784833783545,10.4906567588242,12582122604.257748,2899011
Mongolia,MNG,2014,7.44883659506563,12.253980812976,12226514668.062176,2963113
Mongolia,MNG,2015,0.609769217723354,5.7356828193832,11619892590.694118,3026864
Mongolia,MNG,2016,2.99312676057677,0.733272227314397,11181350649.357347,3088856
Mongolia,MNG,2017,10.8004464117482,4.30143105302342,11480847740.73598,3148917
Mongolia,MNG,2018,7.96061586470999,6.82424790145522,13178094720.498564,3208189
Mongolia,MNG,2019,9.97221325666415,7.30106953550723,14206359017.514322,3267673
Mongolia,MNG,2020,3.70672176955705,3.79604026111247,13312981429.08905,3327204
Mongolia,MNG,2021,14.4200654807454,7.35281243380219,15286441737.668615,3383741
Mongolia,MNG,2022,17.7147124177501,15.1479560897226,17146471713.748024,3433748
Mongolia,MNG,2023,21.7690280161027,10.3475831314339,19872180369.6275,3481145
,MNG,2024,,6.80284899332961,,3524788
,MNP,1980,,,,17625
,MNP,1981,,,,19826
,MNP,1982,,,,22350
,MNP,1983,,,,24936
,MNP,1984,,,,27575
,MNP,1985,,,,30258
,MNP,1986,,,,32980
,MNP,1987,,,,35736
,MNP,1988,,,,38519
,MNP,1989,,,,41303
,MNP,1990,,,,43342
,MNP,1991,,,,44393
,MNP,1992,,,,45181
,MNP,1993,,,,45952
,MNP,1994,,,,46730
,MNP,1995,,,,48176
,MNP,1996,,,,51706
,MNP,1997,,,,56596
,MNP,1998,,,,61337
,MNP,1999,,,,65916
,MNP,2000,,,,68356
,MNP,2001,,,,67984
,MNP,2002,,,1284000000.0,66778
Northern Mariana Islands,MNP,2003,-3.83468427579683,,1239000000.0,65421
Northern Mariana Islands,MNP,2004,0.760795209559006,,1210000000.0,63938
Northern Mariana Islands,MNP,2005,0.445425816925777,,1061000000.0,62354
Northern Mariana Islands,MNP,2006,0.192919415645605,,990000000.0,60682
Northern Mariana Islands,MNP,2007,1.53403805496828,,938000000.0,58941
Northern Mariana Islands,MNP,2008,12.5675790206172,,939000000.0,57150
Northern Mariana Islands,MNP,2009,2.71484406675209,,795000000.0,55325
Northern Mariana Islands,MNP,2010,-0.880503144654085,,799000000.0,54091
Northern Mariana Islands,MNP,2011,-1.48648648648648,,729000000.0,53608
Northern Mariana Islands,MNP,2012,1.50891632373114,,746000000.0,53234
Northern Mariana Islands,MNP,2013,0.783289817232372,,772000000.0,52758
Northern Mariana Islands,MNP,2014,3.450335683769,,832000000.0,52178
Northern Mariana Islands,MNP,2015,5.79545454545456,,910000000.0,51514
Northern Mariana Islands,MNP,2016,4.60693153000844,,1230000000.0,50773
Northern Mariana Islands,MNP,2017,2.97029702970298,,1560000000.0,49959
Northern Mariana Islands,MNP,2018,3.59586881110062,,1301000000.0,49077
Northern Mariana Islands,MNP,2019,2.33769881156505,,1181000000.0,48129
Northern Mariana Islands,MNP,2020,3.54088108157822,,858000000.0,47528
Northern Mariana Islands,MNP,2021,0.545723837893178,,,46979
Northern Mariana Islands,MNP,2022,2.80318995750133,,,46078
,MNP,2023,,,,45143
,MNP,2024,,,,44278
,MOZ,1980,,,,11336221
,MOZ,1981,,,,11568127
,MOZ,1982,,,,11824370
,MOZ,1983,,,,12073822
,MOZ,1984,,,,12315954
,MOZ,1985,,,,12548949
,MOZ,1986,,,,12770578
,MOZ,1987,,,,12822574
,MOZ,1988,,,,12800558
,MOZ,1989,,,,12906842
,MOZ,1990,,,,13094537
,MOZ,1991,,,3854856434.5806246,13352090
Mozambique,MOZ,1992,37.8101700138867,,2798696511.18156,13613316
Mozambique,MOZ,1993,42.9562967997304,,2883161897.4265127,14051192
Mozambique,MOZ,1994,50.2410537235225,,2958108170.3206115,15033853
Mozambique,MOZ,1995,51.459859010443,,3061646173.739377,15960530
Mozambique,MOZ,1996,48.8179614287008,,4030146134.5706015,16492480
Mozambique,MOZ,1997,10.5450486551459,,4873663774.930193,16949982
Mozambique,MOZ,1998,6.15846278596368,,5551118148.73836,17340464
Mozambique,MOZ,1999,8.93778901279192,,6285219691.224625,17734506
Mozambique,MOZ,2000,11.6155528700327,,5930685214.615951,18129653
Mozambique,MOZ,2001,14.7820710914586,,5650154067.103462,18537729
Mozambique,MOZ,2002,9.83187743515255,,5950769426.602135,18958338
Mozambique,MOZ,2003,3.640147317501,,6583526860.580616,19392475
Mozambique,MOZ,2004,5.79426460544603,,7937255565.357649,19840313
Mozambique,MOZ,2005,7.33104798268296,6.42755278070087,8868504899.946728,20304569
Mozambique,MOZ,2006,7.46134453965777,13.2450879070999,9509835536.93373,20787087
Mozambique,MOZ,2007,7.43627840440044,8.48948675497455,10811456005.94048,21287635
Mozambique,MOZ,2008,5.15280407509312,14.5028053002268,12920340964.65435,21819036
Mozambique,MOZ,2009,1.47137323196516,3.78861330914625,12263894790.012465,22391745
Mozambique,MOZ,2010,7.64522798725267,12.4255421735156,11411894723.864029,22999235
Mozambique,MOZ,2011,2.34836229044998,11.1666056127874,14619279988.71596,23649039
Mozambique,MOZ,2012,3.17523457430677,2.60245456956618,16688114144.074518,24337846
Mozambique,MOZ,2013,2.60123626905104,4.26135250941963,17198073057.198067,25051611
Mozambique,MOZ,2014,1.0858708962558,2.55974875844295,17978246586.066242,25788475
Mozambique,MOZ,2015,7.05995033545015,3.55075967356746,16208985769.614956,26547572
Mozambique,MOZ,2016,12.1608912915425,17.4180418197597,12069051237.171114,27337105
Mozambique,MOZ,2017,7.97801240165271,15.1132073899384,13264640645.77679,28166393
Mozambique,MOZ,2018,3.7951186149991,3.91133439990729,15017359042.446371,29018644
Mozambique,MOZ,2019,4.67764534705535,2.80270307928111,15512758964.577944,29884380
Mozambique,MOZ,2020,3.17166106815796,3.48393567493204,14235420174.181255,30783688
Mozambique,MOZ,2021,4.5505652081862,6.40847652975692,16168055475.085009,31707800
Mozambique,MOZ,2022,9.15161419934587,10.2794018093421,18406835494.94681,32656246
Mozambique,MOZ,2023,5.30134150828523,7.12697482131851,20624597846.549507,33635160
,MOZ,2024,,,,34631766
Mauritania,MRT,1980,6.54744900760826,,1047925105.5885252,1474043
Mauritania,MRT,1981,7.26510303934754,,1105494681.673345,1516877
Mauritania,MRT,1982,10.0859578526503,,1108776652.7838864,1561176
Mauritania,MRT,1983,7.25579876677926,,1165171263.3824146,1606746
Mauritania,MRT,1984,10.912606685627,,1074373230.2843754,1653693
Mauritania,MRT,1985,10.2449257882707,,1009723326.3151066,1702107
Mauritania,MRT,1986,7.26025166236013,7.4333333333332,1186628778.5142858,1751835
Mauritania,MRT,1987,10.4621278765215,8.15234253800871,1344664724.6628344,1803014
Mauritania,MRT,1988,5.3831948257876,1.31965861005482,1414951290.066825,1855859
Mauritania,MRT,1989,7.97612484555617,12.9326820981099,1450647019.1809852,1903048
Mauritania,MRT,1990,2.64247754881058,6.60022564874018,1506914407.8204668,1951878
Mauritania,MRT,1991,41.4131045603232,5.62866666666699,2133692696.748572,2009738
Mauritania,MRT,1992,5.74194265299242,10.141817562151,2164298425.4841185,2088135
Mauritania,MRT,1993,11.9128847596643,9.37034415971461,1847353211.347499,2174328
Mauritania,MRT,1994,11.0926013773151,4.12825861295442,1944876755.0070808,2249454
Mauritania,MRT,1995,2.84192009964859,6.54379068524171,2091726101.430141,2312017
Mauritania,MRT,1996,1.85706349141495,4.68130623916413,2132087009.2894216,2358188
Mauritania,MRT,1997,12.077063385097,4.62534695318394,2071996564.0529585,2411306
Mauritania,MRT,1998,18.4516129936591,8.03166665498858,2032347664.9499304,2474651
Mauritania,MRT,1999,4.77451931133439,4.07417613596754,1985922775.533512,2541698
Mauritania,MRT,2000,6.35158672796916,3.25406745833358,1779520886.4701493,2613441
Mauritania,MRT,2001,5.82661895863355,4.7148963468961,1746063557.6135542,2678760
Mauritania,MRT,2002,6.71479106629494,3.8957052575849,1777057481.2604308,2738655
Mauritania,MRT,2003,4.48547959411047,5.15190150769578,2051147606.736874,2802046
Mauritania,MRT,2004,10.9375405233887,10.3676233473073,2362501023.2424912,2868664
Mauritania,MRT,2005,14.5852590982142,12.1256487185541,2936019525.60241,2939059
Mauritania,MRT,2006,14.0910629218236,6.2410332814282,3919577285.927029,3013660
Mauritania,MRT,2007,8.8955856603022,7.25410841304887,4346212355.029747,3093059
Mauritania,MRT,2008,10.7163171449168,7.34663541249786,5206437193.804133,3183269
Mauritania,MRT,2009,-0.358928203898799,2.22092032381779,4714595547.751017,3284448
Mauritania,MRT,2010,22.3431687773344,6.28354087427704,5628878797.982574,3390965
Mauritania,MRT,2011,17.5477655809925,5.68631959575954,6764627745.903299,3502811
Mauritania,MRT,2012,0.455837161396261,4.90242727217997,6728208836.221428,3619034
Mauritania,MRT,2013,4.48796826973528,4.12910173783393,7223071096.85652,3734318
Mauritania,MRT,2014,-11.8763231173524,3.53436856147324,6592537781.815179,3848514
Mauritania,MRT,2015,-4.79390858192335,3.25472688117631,6166863896.686766,3965959
Mauritania,MRT,2016,11.2101297440599,1.47171045650004,6398747592.131846,4086657
Mauritania,MRT,2017,1.58393834945385,2.25427651934813,6800135898.288272,4210600
Mauritania,MRT,2018,4.55445732510799,3.06735996058356,7473550557.073785,4337685
Mauritania,MRT,2019,5.32804482625433,2.30009262117937,7894764885.823116,4467708
Mauritania,MRT,2020,6.4408732898183,2.3856948845632,8260752385.230893,4600131
Mauritania,MRT,2021,7.46487321650835,3.56516484650185,9222536364.012722,4734874
Mauritania,MRT,2022,-0.61236174643426,9.52526628622843,9744039514.556463,4875637
Mauritania,MRT,2023,3.37147741701096,4.95305034506872,10452577062.75806,5022441
,MRT,2024,,,,5169395
Mauritius,MUS,1980,26.5695701693281,41.9995143865698,1147027924.1166265,966039
Mauritius,MUS,1981,10.8638994703434,14.4615910742106,1157769443.6056924,980462
Mauritius,MUS,1982,8.86523770159884,11.4156931283652,1092923635.5440536,992521
Mauritius,MUS,1983,8.43670347885381,5.58949801843945,1104956573.1060035,1001691
Mauritius,MUS,1984,7.4636741879673,7.3891625616946,1054564759.039474,1012221
Mauritius,MUS,1985,8.19952459698254,6.69870394658498,1090611324.6556206,1020528
Mauritius,MUS,1986,8.02256089268182,1.63265306122486,1482601552.398748,1028360
Mauritius,MUS,1987,12.9149973356849,0.518741633199852,1906174437.990624,1036082
Mauritius,MUS,1988,10.8864576106707,9.15931413351059,2163252449.1287475,1043239
Mauritius,MUS,1989,11.0475580898559,12.670042091136,2211312823.204433,1051260
Mauritius,MUS,1990,10.5836307032606,13.4880887926371,2689212760.181847,1058775
Mauritius,MUS,1991,8.56427900364693,7.00101377541886,2895354736.183316,1070266
Mauritius,MUS,1992,5.35539928981525,4.64351929883709,3267677814.2398405,1084441
Mauritius,MUS,1993,9.22021795623043,10.5178384472895,3307302125.875275,1097374
Mauritius,MUS,1994,6.55543051122419,7.32347154412294,3606050873.0138974,1112846
Mauritius,MUS,1995,5.4032014639107,6.02933188484532,4094741652.3004847,1122457
Mauritius,MUS,1996,7.00204278057004,6.55097336065571,4481489761.54368,1133996
Mauritius,MUS,1997,5.12076924128428,6.83334334996105,4243755307.5523887,1148284
Mauritius,MUS,1998,6.96357951652327,6.81079323797192,4225813976.3635945,1160421
Mauritius,MUS,1999,6.5719123435539,6.90914624866778,4402193195.469448,1175267
Mauritius,MUS,2000,3.4099293453387,4.19928825622803,4726108622.476615,1186873
Mauritius,MUS,2001,6.23201251547312,5.3893442622951,4675755867.176569,1196287
Mauritius,MUS,2002,6.21928418894298,6.41933372221151,4906494249.382551,1204621
Mauritius,MUS,2003,5.62319259054456,3.92105357558198,5894873919.74797,1213370
Mauritius,MUS,2004,6.84544976034816,4.71037060105879,6667418752.073067,1221003
Mauritius,MUS,2005,3.94809969963141,4.93717004981786,6576108447.475309,1228254
Mauritius,MUS,2006,9.5678840106437,8.91350105650141,7028810680.890765,1233996
Mauritius,MUS,2007,8.30831527928659,8.82729272393298,8150150209.22501,1239630
Mauritius,MUS,2008,5.68669282209342,9.73228317146883,9990356673.734972,1244121
Mauritius,MUS,2009,-0.65420084184035,2.51609128145118,9128843109.155876,1247429
Mauritius,MUS,2010,1.12641892024499,2.93236301369854,10003670690.349655,1250400
Mauritius,MUS,2011,3.1614637980008,6.52249254869342,11518413429.968351,1252404
Mauritius,MUS,2012,2.46552355243207,3.85216033315983,11668696396.788656,1255882
Mauritius,MUS,2013,4.13433189504995,3.54329573934839,12292974141.40443,1258927
Mauritius,MUS,2014,2.16830404926014,3.21769191994684,13074129952.053152,1261208
Mauritius,MUS,2015,1.39953074265865,1.28654970760232,12007291045.648909,1262879
Mauritius,MUS,2016,2.38463204087334,0.977675134719049,12594155464.413631,1263747
Mauritius,MUS,2017,1.63650567594517,3.66699702675908,13713506130.608124,1264887
Mauritius,MUS,2018,1.67538916911592,3.21605383144587,14735695930.972702,1265577
Mauritius,MUS,2019,-0.46584287384826,0.405655190309553,14436346979.63554,1265985
Mauritius,MUS,2020,2.57304044505899,2.58080077182822,11408106446.31438,1266014
Mauritius,MUS,2021,3.15720035090573,4.02852888157383,11484348766.043385,1266334
Mauritius,MUS,2022,9.56592044781137,10.7737512242899,12927979286.045298,1262523
Mauritius,MUS,2023,8.507830178109,7.05298238454735,14397127281.382942,1248647
,MUS,2024,,4.10263226568006,,1245779
,MWI,1980,,,1801156774.708495,6265529
Malawi,MWI,1981,16.4057389895661,11.8146975500212,1801193909.523947,6516454
Malawi,MWI,1982,9.66325843162483,9.82116244432078,1717379494.5269628,6778879
Malawi,MWI,1983,11.2297767239743,13.5025105170179,1780148049.677765,7051709
Malawi,MWI,1984,12.7720548395078,20.0263032042325,1758028656.1238236,7332810
Malawi,MWI,1985,8.93083000559061,10.5189759937166,1646442272.939863,7620508
Malawi,MWI,1986,13.5092841941685,14.0468679587644,1722586299.3647482,7906480
Malawi,MWI,1987,16.7238666520472,25.1550954282911,1721711808.5076308,8293174
Malawi,MWI,1988,31.0918058115048,33.9121649354339,2008189508.2730968,8753262
Malawi,MWI,1989,22.509486097873,12.4463620502664,2314205129.4928546,9176220
Malawi,MWI,1990,10.66088551692,11.8235380454151,2737087861.608868,9545852
Malawi,MWI,1991,10.6923141622086,12.6153153828849,3206783830.4177947,9844227
Malawi,MWI,1992,13.2764249696051,23.7513530230399,2618837835.025081,10135079
Malawi,MWI,1993,28.1746601128257,22.7727102336625,3013392657.999109,10284024
Malawi,MWI,1994,26.171881312568,34.6496361508324,1719864761.306281,10164894
Malawi,MWI,1995,77.2196049745741,83.3257747543458,2033701497.9708505,10150117
Malawi,MWI,1996,52.3455881121029,37.6020450235016,3319573749.611898,10352228
Malawi,MWI,1997,20.8348496673146,9.13735243003495,3875785863.383234,10562035
Malawi,MWI,1998,19.5484798578104,29.7486512828264,2547609590.069837,10792876
Malawi,MWI,1999,39.6907697261086,44.8041642861674,2584478924.0608053,11047804
Malawi,MWI,2000,30.5339536772051,29.5814884631684,2537307580.328084,11315942
Malawi,MWI,2001,25.6224699733491,22.7,2498008664.669095,11593058
Malawi,MWI,2002,112.693649104072,14.7446346101603,5087328437.873696,11880440
Malawi,MWI,2003,10.3460966723309,9.57679786919214,4669789300.356621,12181574
Malawi,MWI,2004,14.8466261152179,11.4298060822124,5058726350.488958,12500737
Malawi,MWI,2005,10.7412368152624,15.4103446604296,5320409651.475436,12840031
Malawi,MWI,2006,19.9672595450599,13.9742943548388,5818279739.143541,13198701
Malawi,MWI,2007,4.09972486772637,7.9522099086403,6451210219.116831,13576343
Malawi,MWI,2008,11.9646675270329,8.71260186609043,7743617352.21427,13976417
Malawi,MWI,2009,7.89982295078846,8.42204427696655,9009887946.820396,14395788
Malawi,MWI,2010,12.1272220613228,7.41159092883827,10128323010.604923,14826463
Malawi,MWI,2011,13.9902377428521,7.6228226284852,11648142958.365149,15265022
Malawi,MWI,2012,17.639764474193,21.2712650013779,8773203178.16512,15709577
Malawi,MWI,2013,27.0462909961503,27.2833333333334,8031571927.620549,16161816
Malawi,MWI,2014,20.9692813073299,23.7920649469687,8801326169.14547,16621538
Malawi,MWI,2015,19.8146692597742,21.8673475542553,9219474379.315342,17085587
Malawi,MWI,2016,20.2926829287348,21.7111132136499,7909868618.46366,17557739
Malawi,MWI,2017,10.5769245154404,11.5433939188771,8943543677.188993,18039715
Malawi,MWI,2018,6.15234698561271,12.420178108921,9880675785.93057,18528081
Malawi,MWI,2019,7.72855642393151,9.3708360560567,11077305329.641691,19025752
Malawi,MWI,2020,6.21829711958308,8.62551469650552,12041250083.882849,19533888
Malawi,MWI,2021,8.15296842929594,9.33014410835212,12580922008.209608,20047258
Malawi,MWI,2022,17.1668303930955,20.953969729969,13129458325.73793,20568728
Malawi,MWI,2023,22.8067220172078,28.7897428247298,14084341062.367504,21104482
,MWI,2024,,32.1796504225025,,21655286
Malaysia,MYS,1980,6.87507873396989,6.6749195345051,24488224677.210487,12983363
Malaysia,MYS,1981,1.06001912903547,9.70000000000015,25004285791.78647,13399203
Malaysia,MYS,1982,2.55905573166896,5.8189000297783,26804493635.329742,13832798
Malaysia,MYS,1983,5.91038721446897,3.70423546319373,30347442110.93161,14285907
Malaysia,MYS,1984,4.79278401962098,3.89727260149768,33942897422.04654,14759009
Malaysia,MYS,1985,-1.60592219898089,0.346458791259884,31199633352.959797,15252258
Malaysia,MYS,1986,-8.71731986266188,0.737002855391939,27734111399.75254,15760419
Malaysia,MYS,1987,7.6667147507538,0.290007909438412,32181210157.967136,16276737
Malaysia,MYS,1988,3.62002625029952,2.55651945320742,35272109220.198845,16796605
Malaysia,MYS,1989,4.46170354335169,2.81320089714805,38847965292.91852,17314997
Malaysia,MYS,1990,3.80781497630849,2.61780104712051,44024585239.61366,17833171
Malaysia,MYS,1991,3.58469869494189,4.358333333333,49143148094.26826,18342464
Malaysia,MYS,1992,2.4142424724986,4.76722829992821,59167550162.95599,18834572
Malaysia,MYS,1993,3.98697131021895,3.53658536585389,66894966968.97357,19322664
Malaysia,MYS,1994,3.93733451207584,3.72497055359284,74478356957.78082,19820446
Malaysia,MYS,1995,3.63341955310123,3.45057509584895,88705342902.71132,20330599
Malaysia,MYS,1996,3.67990338475359,3.48855945858916,100855393910.48572,20850087
Malaysia,MYS,1997,3.48234958265934,2.66251459711946,100005323301.8667,21375218
Malaysia,MYS,1998,8.49871999834858,5.27034200348766,72167498980.8398,21906713
Malaysia,MYS,1999,0.045452820569551,2.74456130240604,79148421052.63158,22435531
Malaysia,MYS,2000,8.85521685144839,1.53474023697699,93789736842.10529,22967816
Malaysia,MYS,2001,-1.58187391181744,1.41678473206098,92783947368.42104,23526538
Malaysia,MYS,2002,3.12888319863409,1.80787246281536,100845526315.78947,24102477
Malaysia,MYS,2003,3.29893287687825,1.08967632577286,110202368421.05264,24679602
Malaysia,MYS,2004,6.00928261482106,1.42127115937402,124749473684.21053,25256772
Malaysia,MYS,2005,8.8625864706771,2.97507092684449,143534405818.50137,25836071
Malaysia,MYS,2006,3.98093167351242,3.60923564224389,162692258307.0555,26417909
Malaysia,MYS,2007,4.88132335727943,2.02735317779569,193549569477.73267,26998389
Malaysia,MYS,2008,10.3889003992836,5.44078221100769,230811614370.38364,27570059
Malaysia,MYS,2009,-5.99220155562196,0.583308405623702,202257453036.6409,28124778
Malaysia,MYS,2010,7.26684593389439,1.62285235577035,255017638455.5897,28655776
Malaysia,MYS,2011,5.41240809007968,3.1744709215131,297951668674.83466,29162039
Malaysia,MYS,2012,0.999932303470885,1.66357102479206,314443047642.11096,29662831
Malaysia,MYS,2013,0.17447448132144,2.10501231233612,323276235524.41534,30174265
Malaysia,MYS,2014,2.46746678366378,3.14299050879095,338066095097.2544,30696137
Malaysia,MYS,2015,1.21805573355338,2.10438980238359,301355266964.9473,31232798
Malaysia,MYS,2016,1.65825996642414,2.09056659525742,301256033870.3336,31789685
Malaysia,MYS,2017,3.77896094306453,3.87120115774237,319109094160.3431,32355644
Malaysia,MYS,2018,0.624674674586643,0.884709160571235,358788845712.5297,32910967
Malaysia,MYS,2019,0.0718269093121364,0.662891865764326,365177721021.5161,33440596
Malaysia,MYS,2020,-0.818007729183023,-1.1387021539305,337456163961.2112,33889558
Malaysia,MYS,2021,5.67593848764116,2.47710241465447,373832428055.4486,34282399
Malaysia,MYS,2022,6.40348511820096,3.37869862549928,407027451714.616,34695493
Malaysia,MYS,2023,-1.87225562537837,2.48886560125754,399648828546.5043,35126298
,MYS,2024,,1.834100204499,,35557673
North America,NAC,1980,9.85408705621815,11.8392112417568,3132696865996.053,251794340
North America,NAC,1981,10.8709573442936,11.4031638775571,3515026742787.8594,254339912
North America,NAC,1982,8.8270784009845,8.45019944999441,3659222307440.608,256835329
North America,NAC,1983,5.82447504958721,4.53801163146717,3976793677182.733,259213228
North America,NAC,1984,3.60787931289983,4.30265688957583,4395317100091.543,261487222
North America,NAC,1985,3.33838918991506,3.75383734637285,4706204512481.652,263821663
North America,NAC,1986,3.13237904093367,3.04641700659948,4959811337023.724,266289167
North America,NAC,1987,4.79160141366921,4.01033596486715,5289645738278.709,268791866
North America,NAC,1988,4.53999817633812,4.05298762808012,5747233127658.554,271347446
North America,NAC,1989,4.68125324002972,4.90531246497451,6210293493275.243,274152910
North America,NAC,1990,3.74332909937958,5.08921668663315,6560811991360.987,277371697
North America,NAC,1991,3.3818113361103,4.93041402523427,6772291612315.615,281076404
North America,NAC,1992,2.27885434592147,2.25947629094757,7116394258318.855,284943671
North America,NAC,1993,2.37032483639894,2.40836816573249,7439432921639.4,288662580
North America,NAC,1994,1.95956796770183,1.38650225303091,7869047506907.265,292185857
North America,NAC,1995,2.26332573160717,2.47709000955756,8247740840061.207,295639837
North America,NAC,1996,1.83076455933455,2.2508676625029,8706425384132.746,299064031
North America,NAC,1997,1.72444795356148,1.97945315907633,9235471826855.557,302623125
North America,NAC,1998,1.12386562495534,1.27411077770083,9699947748000.0,306069812
North America,NAC,1999,1.92385564173627,1.96143507401638,10312908629271.115,309502410
North America,NAC,2000,2.26519517669861,3.04814861420952,10999205634931.586,312909691
North America,NAC,2001,1.5736767667921,2.67564562932657,11324591275355.37,316051677
North America,NAC,2002,1.55399465961345,1.92221301795728,11693694562098.004,319046534
North America,NAC,2003,2.82473952065922,2.51432909348113,12356177171634.783,321812780
North America,NAC,2004,3.26087389828982,2.26724770583214,13248370941278.248,324806660
North America,NAC,2005,3.13545455674655,2.80314943994659,14217173734778.676,327822042
North America,NAC,2006,3.08383673352866,2.61398474802282,15140991809590.973,331013939
North America,NAC,2007,3.30054564423155,2.49552823708488,15949815407783.26,334183103
North America,NAC,2008,3.99631645542576,3.10468548554699,16329831690721.65,337404564
North America,NAC,2009,0.61678071512577,-0.028039731645224,15859348142157.293,340465163
North America,NAC,2010,2.23622200255707,1.70845749165809,16672948893486.26,343447854
North America,NAC,2011,2.06310947543149,3.03448832867276,17399371321174.52,346242415
North America,NAC,2012,1.8621649281277,1.79250774825292,18088714669521.598,349116140
North America,NAC,2013,1.70188036067233,1.20156227672124,18733746177834.984,351870848
North America,NAC,2014,1.94119897748668,1.76442944229339,19420301866439.94,354755155
North America,NAC,2015,0.928042794757729,0.621934248247611,19858182357217.14,357583083
North America,NAC,2016,0.950322479212474,1.34517137635811,20339807652907.426,360527592
North America,NAC,2017,1.79080328489228,1.86349706609469,21268509960244.094,363217262
North America,NAC,2018,1.6511181981862,2.3554044847046,22389071169783.023,365666028
North America,NAC,2019,1.65046566913496,1.88073954968807,23272543648672.52,367908829
North America,NAC,2020,1.07081026807496,0.975292014307058,22985521877000.195,369670740
North America,NAC,2021,4.56598550261971,4.04652602445635,25608789788464.152,370404272
North America,NAC,2022,7.12948085421044,7.40280048696867,27913419349422.01,373018004
North America,NAC,2023,3.59839135378053,3.99766999081457,29509296092073.555,376954413
,NAC,2024,,,,381464223
,NAM,1980,,,2421990337.992435,981434
Namibia,NAM,1981,3.66572616781025,,2249908577.803252,992500
Namibia,NAM,1982,16.9793077492652,,2118710248.2372704,1010308
Namibia,NAM,1983,13.3249019060428,,2297400687.550489,1037511
Namibia,NAM,1984,12.7347557716885,,1951260037.8098488,1065989
Namibia,NAM,1985,23.9358522602813,,1608237350.3987794,1096890
Namibia,NAM,1986,10.0829328723427,,1809048527.1541052,1131081
Namibia,NAM,1987,9.39994796598818,,2300068217.018093,1167889
Namibia,NAM,1988,20.1526012665392,,2495094746.4402404,1209696
Namibia,NAM,1989,15.072652937011,,2535135797.583919,1288947
Namibia,NAM,1990,6.38836083564102,,2789921853.3765235,1369303
Namibia,NAM,1991,5.98689912825148,,2996869281.4836407,1415684
Namibia,NAM,1992,10.2680891919767,,3429521699.4025974,1461322
Namibia,NAM,1993,10.3619466572142,,3251188833.145334,1508697
Namibia,NAM,1994,20.4590931293184,,3666503529.6291146,1556304
Namibia,NAM,1995,6.68150784291885,,3978514206.31168,1602170
Namibia,NAM,1996,15.1761803358905,,3989163196.5676665,1646103
Namibia,NAM,1997,7.11317082800731,,4154989950.003928,1689264
Namibia,NAM,1998,8.26955483499275,,3873109865.556834,1732745
Namibia,NAM,1999,6.78525613443288,,3868551730.3916335,1776368
Namibia,NAM,2000,11.2811266523565,,3922232164.831751,1818647
Namibia,NAM,2001,11.2037643562035,,3557341215.1515923,1857048
Namibia,NAM,2002,10.0036016879863,,3349169826.3889647,1889970
Namibia,NAM,2003,1.27110787199547,7.1361531145863,4926439383.514245,1917464
Namibia,NAM,2004,2.04025280317994,4.13663213144748,6609205994.774056,1942082
Namibia,NAM,2005,5.59808158452238,2.28194607024307,7248374837.720556,1966582
Namibia,NAM,2006,9.40658581294605,4.96116689298916,8001779551.063232,1991888
Namibia,NAM,2007,9.28643429422758,6.54788141101717,8839536475.999632,2018600
Namibia,NAM,2008,10.961412407556,9.0946430719281,8607431497.49471,2047056
Namibia,NAM,2009,6.9454042890454,9.45172651521705,8938847189.075916,2077394
Namibia,NAM,2010,3.72589849891101,4.8749198764395,11431412421.13161,2109811
Namibia,NAM,2011,3.81487636243496,5.005595180812,12523359440.549862,2146325
Namibia,NAM,2012,11.2603084734349,6.72199777334886,13042053591.685684,2194654
Namibia,NAM,2013,4.03979089350075,5.60092502290401,12043307277.123508,2252508
Namibia,NAM,2014,8.23489179866652,5.35016966859602,12435430969.630136,2312139
Namibia,NAM,2015,3.86457435077661,3.39401538410559,11335161083.506102,2374300
Namibia,NAM,2016,7.96867201225912,6.72858234593338,10722018732.093588,2439213
Namibia,NAM,2017,9.91903698902131,6.14579981111164,12895153160.46599,2506853
Namibia,NAM,2018,4.42848894081101,4.29159105337875,13682018827.04337,2577327
Namibia,NAM,2019,0.926315844160413,3.72239414422695,12541928102.765703,2650494
Namibia,NAM,2020,4.63153061468802,2.20938236933469,10583748541.525812,2728762
Namibia,NAM,2021,1.5343303300027,3.61690530108814,12402486183.639605,2810548
Namibia,NAM,2022,6.44785295155228,6.08128114112413,12567271004.676125,2889662
Namibia,NAM,2023,6.41362439275798,5.87993463284275,12351024843.746696,2963095
,NAM,2024,,4.23903922877036,,3030131
New Caledonia,NCL,1980,12.5988724107745,,1182463951.2181408,149817
New Caledonia,NCL,1981,13.7443497017528,,972564154.8151308,151441
New Caledonia,NCL,1982,9.84347140748601,,904599869.7258328,153001
New Caledonia,NCL,1983,7.7690659440059,,823857893.1631225,155003
New Caledonia,NCL,1984,8.8396721995661,,796066194.7385732,157583
New Caledonia,NCL,1985,5.65058435591426,,854820893.5771364,160234
New Caledonia,NCL,1986,9.42290066822056,,1201321513.7666707,162898
New Caledonia,NCL,1987,1.70288484767185,,1488093101.5027547,165650
New Caledonia,NCL,1988,2.55924022822714,,2072775508.1479635,168502
New Caledonia,NCL,1989,1.71843193952834,,2185082938.930778,172029
New Caledonia,NCL,1990,-4.63560393144327,,2529440424.166476,176456
New Caledonia,NCL,1991,3.6304090564724,,2653780672.0955467,181238
New Caledonia,NCL,1992,2.84171596705872,,2923883281.085792,186072
New Caledonia,NCL,1993,2.71528286934424,,2822243780.975425,190857
New Caledonia,NCL,1994,2.89169371447238,,3038728384.866342,195614
New Caledonia,NCL,1995,1.33153100869157,,3628440505.141931,200379
New Caledonia,NCL,1996,1.42227810664085,,3606968435.999168,205034
New Caledonia,NCL,1997,2.05845624685195,,3291131281.040994,209560
New Caledonia,NCL,1998,12.8312132358374,,3556304832.6810384,214047
New Caledonia,NCL,1999,6.11501690527531,,3647802049.809107,218527
New Caledonia,NCL,2000,5.96172044816086,,3420032041.073849,223098
,NCL,2001,,,3297734891.146612,227707
,NCL,2002,,,3740056747.719794,232236
,NCL,2003,,,4915353827.105759,236678
,NCL,2004,,,5895008977.953097,240852
,NCL,2005,,,6238629487.013308,244381
,NCL,2006,,,6979155387.867922,247547
,NCL,2007,,,8819917180.342648,250725
,NCL,2008,,,9067619760.070732,253825
,NCL,2009,,,8704438102.201416,257250
,NCL,2010,,,9364350076.912249,261582
,NCL,2011,,2.42899693753383,10351448004.767365,266543
,NCL,2012,,1.74967234600262,9659151917.404844,271633
,NCL,2013,,1.27761318992718,10151382933.159395,276822
,NCL,2014,,0.178851060785511,10635035594.752802,281224
,NCL,2015,,0.570508141048402,8738203074.395699,283168
,NCL,2016,,0.578317435520754,8724568954.897991,283423
,NCL,2017,,,9174048681.98577,283546
New Caledonia,NCL,2018,-0.77442780779991,,9896402283.685871,283541
New Caledonia,NCL,2019,2.43407708116916,,9475655324.594954,283606
New Caledonia,NCL,2020,0.430124980373847,,9454629467.914082,284176
New Caledonia,NCL,2021,4.82764312949604,,10071349663.848385,285214
New Caledonia,NCL,2022,3.84571494150525,,9623318718.314594,287123
,NCL,2023,,,,289870
,NCL,2024,,,,292639
Niger,NER,1980,21.0948215766415,10.3052757124046,2508524720.7189546,6135971
Niger,NER,1981,11.4999913527617,22.9134075641635,2170893414.388801,6322006
Niger,NER,1982,10.0000183961739,11.6418357416785,2017612215.9793472,6512732
Niger,NER,1983,7.79998461098248,-2.48960568671488,1803099561.2004635,6708644
Niger,NER,1984,11.7174933871685,8.36442411829965,1461243326.1288204,6909971
Niger,NER,1985,-5.90018028297776,-0.923399123994819,1440581652.3985307,7118457
Niger,NER,1986,-4.20027868322546,-3.20757134165687,1904096998.3000925,7335811
Niger,NER,1987,1.68456342698153,-6.71210892901195,2233006104.927759,7561150
Niger,NER,1988,-5.29999776973312,-1.39396304047091,2280356192.7627306,7793748
Niger,NER,1989,1.39998635545074,-2.84352517985618,2179567114.3339124,8034780
Niger,NER,1990,39.3599542768174,-0.775653010977504,3512356507.885992,8286059
Niger,NER,1991,-2.64074327848432,-7.79664179104467,3285796874.9712543,8546900
Niger,NER,1992,-5.20193713950451,-4.47561790247176,3386232579.225225,8817633
Niger,NER,1993,-3.86881350357649,-1.21503496503496,3052673849.251811,9100789
Niger,NER,1994,22.2143675430414,36.0410583134241,1938058175.2139933,9398258
Niger,NER,1995,4.24946132149574,10.5632886691814,2302537562.244061,9714529
Niger,NER,1996,6.96863494436168,5.28885751264882,2405686940.0464,10044852
Niger,NER,1997,6.99168132354842,2.93345253394422,2290318910.206582,10383969
Niger,NER,1998,6.07816268572259,4.5480157771872,2643363518.9927177,10741413
Niger,NER,1999,0.37974663716507,-2.30212503849648,2537789820.692951,11117411
Niger,NER,2000,3.17839370074471,2.90014973599108,2241753192.8115754,11509630
Niger,NER,2001,5.01252093260362,4.00551428352678,2448714703.966169,11920647
Niger,NER,2002,2.57230192526417,2.62886597938136,2782192878.6720395,12349144
Niger,NER,2003,-0.188481380924046,-1.61440769175596,3394084732.495433,12796984
Niger,NER,2004,0.386942028282064,0.262543757292838,3760443737.5379744,13265836
Niger,NER,2005,8.58488444144687,7.7974978178644,4383315964.587175,13756192
Niger,NER,2006,1.49619758117663,0.0404858299595074,4756361252.379227,14268581
Niger,NER,2007,7.03666107458216,0.0539592607581562,5731485051.790689,14803610
Niger,NER,2008,10.1291157206231,11.3051098827019,7297600226.005361,15361915
Niger,NER,2009,4.19005999795191,0.582906590801122,7352131309.733413,15943675
Niger,NER,2010,3.47504301438173,0.804073080882659,7851192502.309172,16548835
Niger,NER,2011,3.97160518256159,2.9423851401332,8772950777.791763,17176283
Niger,NER,2012,5.30833937178907,0.455089820359289,9426912647.591106,17836769
Niger,NER,2013,-0.369174082139452,2.29723114955317,10224897437.864824,18519898
Niger,NER,2014,-0.40567684540504,-0.930287259984466,10862943543.541924,19215909
Niger,NER,2015,2.249426436212,-0.576090369833189,9683867926.442823,19939498
Niger,NER,2016,1.79272146557585,1.65388922387806,10398861981.758308,20685753
Niger,NER,2017,0.368276728970102,2.79637318871284,11185104251.69431,21435446
Niger,NER,2018,2.40368624331715,2.96760366004456,12837307496.882084,22188069
Niger,NER,2019,-0.0243827627404585,-2.48979265070855,12889555561.22991,22947757
Niger,NER,2020,1.16297974177712,2.8981937602627,13744653103.057987,23717613
Niger,NER,2021,3.11864597184903,3.8378680284051,14915002436.069023,24502140
Niger,NER,2022,4.01899997944746,4.22621791916392,15433852712.296335,25311973
Niger,NER,2023,3.38791792310056,3.70097316425834,16819170420.565315,26159867
,NER,2024,,9.07151997725013,,27032412
Nigeria,NGA,1980,12.4196622417449,9.97226199001427,64201788122.60536,73764641
Nigeria,NGA,1981,219.002843997422,20.8128229121949,164475209515.9386,76068103
Nigeria,NGA,1982,14.802551915567,7.69774724714251,142769363314.17624,78378701
Nigeria,NGA,1983,19.5689498879398,23.2123315511559,97094911792.04892,80438260
Nigeria,NGA,1984,5.65366409471567,17.8205332860842,73484359521.4887,82526443
Nigeria,NGA,1985,6.92776915568827,7.4353448275863,73745821158.22536,84897973
Nigeria,NGA,1986,5.41545258428278,5.71715145436305,54805852580.91286,87235953
Nigeria,NGA,1987,19.6694755984806,11.2903225806452,52676041931.10873,89591716
Nigeria,NGA,1988,20.1771261186241,54.5112247797671,49648470440.459335,92020090
Nigeria,NGA,1989,28.9696733926063,50.4666881235916,44003061108.400505,94531014
Nigeria,NGA,1990,6.66894186986168,7.36440030557692,54035795387.80861,97120925
Nigeria,NGA,1991,18.8639068014772,13.0069731037427,59526833412.35814,99720162
Nigeria,NGA,1992,46.7523553581667,44.588842715023,52058181853.805466,102372770
Nigeria,NGA,1993,41.639058719839,57.1652528349217,56721051402.47319,105122069
Nigeria,NGA,1994,43.2964642936651,57.031708911966,80399613063.63637,107935714
Nigeria,NGA,1995,75.4016531897357,72.8355022972637,140919776986.36365,110819428
Nigeria,NGA,1996,26.4910898564523,29.2682926829271,185730236700.0,113754779
Nigeria,NGA,1997,5.05534593106086,8.52987421383639,200850397618.18185,116754792
Nigeria,NGA,1998,6.00934430361066,9.99637812386801,218416200672.7273,119846254
Nigeria,NGA,1999,13.4305716350796,6.61837339479756,59145077039.14369,123047320
Nigeria,NGA,2000,22.6737374008784,6.93329215565161,69171451627.24646,126382494
Nigeria,NGA,2001,10.0764772448642,18.8736462093862,73557840064.48904,129862595
Nigeria,NGA,2002,21.1090500029288,12.8765792031099,95054059302.69946,133471989
Nigeria,NGA,2003,9.80432377665896,14.0317836131437,104738954264.2257,137202644
Nigeria,NGA,2004,22.3683414748423,14.9980338183251,135764731645.61142,141057045
Nigeria,NGA,2005,19.8584947707524,17.8634933661605,175670569969.3456,145017253
Nigeria,NGA,2006,23.8643811265432,8.22522152017048,238454997161.47983,149077334
Nigeria,NGA,2007,7.09973099343016,5.3880079685863,278260846800.103,153267261
Nigeria,NGA,2008,7.9213872023645,11.5810751748252,339476276257.7929,157595014
Nigeria,NGA,2009,0.686098874594009,12.5378277304689,295008835380.9966,162049464
Nigeria,NGA,2010,16.342766325307,13.7400521363694,366990417129.0396,166642886
Nigeria,NGA,2011,9.77845809675884,10.8261371880017,414466676831.15967,171379598
Nigeria,NGA,2012,9.94763670635021,12.2242413020583,463971018239.2805,176200625
Nigeria,NGA,2013,4.96474571561274,8.49551838265678,520117180313.906,181049443
Nigeria,NGA,2014,4.66262291733076,8.04741087967907,574183763411.5076,185896915
Nigeria,NGA,2015,2.86366512298943,9.00943498007699,493026682800.6295,190671878
Nigeria,NGA,2016,9.54367006412473,15.6968126387972,404649125252.1596,195443700
Nigeria,NGA,2017,11.1189180817699,16.5022662139641,375745731053.4268,200254579
Nigeria,NGA,2018,10.2284850865888,12.0951065173432,421739251509.0796,204938755
Nigeria,NGA,2019,10.384779195217,11.3964223378115,474517490844.461,209485641
Nigeria,NGA,2020,7.84914204720589,13.2460234276597,432198898467.79486,213996181
Nigeria,NGA,2021,10.1310336867347,16.9528457221608,440838992188.478,218529286
Nigeria,NGA,2022,11.3113349413983,18.8471877843274,472624596925.9383,223150896
Nigeria,NGA,2023,12.6218692275514,24.6595502031139,362814951696.0728,227882945
,NGA,2024,,,,232679478
Nicaragua,NIC,1980,36.9786279956529,,,3252403
Nicaragua,NIC,1981,11.7211186604511,,,3345674
Nicaragua,NIC,1982,16.7457158915983,,,3438745
Nicaragua,NIC,1983,11.0019874269431,,,3530282
Nicaragua,NIC,1984,38.9619986631186,,,3619104
Nicaragua,NIC,1985,167.188970705237,,,3706479
Nicaragua,NIC,1986,281.46019588996,,,3794157
Nicaragua,NIC,1987,523.080952296512,,,3882164
Nicaragua,NIC,1988,13611.6348185375,,647249804.6899999,3972320
Nicaragua,NIC,1989,4711.1695519693,,987064516.1290324,4066476
Nicaragua,NIC,1990,5016.10794966853,,1110472675.656494,4162559
Nicaragua,NIC,1991,4523.63188320193,,1690713683.618994,4259637
Nicaragua,NIC,1992,23.6653119189304,,1792800000.0,4357026
Nicaragua,NIC,1993,20.3916252341633,,1912586292.7905488,4453732
Nicaragua,NIC,1994,133.704797447439,,3861518689.8511057,4549316
Nicaragua,NIC,1995,13.3926837744126,,4131909868.002544,4642931
Nicaragua,NIC,1996,9.60681288753851,,4308096532.511411,4729974
Nicaragua,NIC,1997,9.77799319077701,,4389965590.965379,4809573
Nicaragua,NIC,1998,14.0284877552653,,4635354832.307998,4883655
Nicaragua,NIC,1999,9.22623262288718,,4856005698.898326,4954018
Nicaragua,NIC,2000,8.56622835977541,7.06991352252517,5109583827.378512,5022633
Nicaragua,NIC,2001,7.24150933984416,5.98604186279518,5351768843.619829,5087825
Nicaragua,NIC,2002,3.2483787442209,3.75017465778466,5223736466.146948,5149909
Nicaragua,NIC,2003,5.33107719750952,5.30238773219936,5322243501.979529,5210963
Nicaragua,NIC,2004,9.05090240497574,8.47021063584077,5792949922.194613,5272912
Nicaragua,NIC,2005,9.8670941490748,9.59909986064425,6321335612.222335,5342105
Nicaragua,NIC,2006,7.86791204769719,9.1401996677772,6763688104.723961,5418855
Nicaragua,NIC,2007,9.67486185633058,11.1269347446118,7423421958.424805,5497243
Nicaragua,NIC,2008,16.1992534629853,19.8262031287429,8496946608.23151,5576593
Nicaragua,NIC,2009,6.03484299071889,3.68700160498797,8298679908.552324,5656601
Nicaragua,NIC,2010,6.13837855596503,5.45513425887423,8758592272.105785,5737450
Nicaragua,NIC,2011,10.2142805344967,8.082387980991,9774307336.23792,5819051
Nicaragua,NIC,2012,6.24324468031767,7.1935505333896,10531964139.348614,5901287
Nicaragua,NIC,2013,4.35018051670501,7.13546785289407,10982938825.699354,5983845
Nicaragua,NIC,2014,8.39196021308561,6.03596861798425,11880434070.78112,6066492
Nicaragua,NIC,2015,7.58928670486381,3.99737996694396,12756706583.31132,6149417
Nicaragua,NIC,2016,4.59008266954466,3.52317317628473,13286118584.256315,6232666
Nicaragua,NIC,2017,4.12270412733761,3.85067166284727,13785943183.066065,6316231
Nicaragua,NIC,2018,2.65847892308047,4.94723728039886,13025239912.27514,6400080
Nicaragua,NIC,2019,5.3954978400473,5.37628990844126,12699046244.607012,6483657
Nicaragua,NIC,2020,5.39260941499944,3.68181341625572,12681548303.685562,6565267
Nicaragua,NIC,2021,3.54283387393042,4.92841396948968,14144067555.656649,6644741
Nicaragua,NIC,2022,8.77765225788374,10.4674244465991,15649934214.927635,6730654
Nicaragua,NIC,2023,10.6686540407565,8.38765854872536,17829215283.799656,6823613
,NIC,2024,,4.62473841057141,,6916140
Netherlands,NLD,1980,6.2253721238593,6.51345545521797,195152092662.3809,14149800
Netherlands,NLD,1981,6.39009180782497,6.73892655204782,164134217080.27905,14247208
Netherlands,NLD,1982,4.62365582917046,5.91109658468384,158479527935.95773,14312690
Netherlands,NLD,1983,1.3890719517146,2.74084033162258,153445465987.18246,14367070
Netherlands,NLD,1984,2.30710875329765,3.30164075759304,143912664148.35165,14424211
Netherlands,NLD,1985,0.865883399038324,2.2585844298862,143845822717.62207,14491632
Netherlands,NLD,1986,0.211700333145743,0.0833467771085387,200862095700.6656,14572278
Netherlands,NLD,1987,-1.04763464390855,-0.691210481411519,245046310922.5413,14665037
Netherlands,NLD,1988,0.819637873624686,0.737950688332319,261910508417.88385,14760094
Netherlands,NLD,1989,1.34806864251394,1.08215810253299,258336705808.99927,14848907
Netherlands,NLD,1990,1.55975131522088,2.45409184818341,318330511920.6099,14951510
Netherlands,NLD,1991,3.11704982012309,3.15820041477122,327500327675.6247,15069798
Netherlands,NLD,1992,2.4957402786842,3.18358181761551,362962872180.4511,15184166
Netherlands,NLD,1993,1.59750899832183,2.58418448671799,353550169672.5202,15290368
Netherlands,NLD,1994,2.06273333126248,2.80152463293178,379130260322.0729,15382838
Netherlands,NLD,1995,2.06462364823628,1.92322003453525,452301674444.1394,15459006
Netherlands,NLD,1996,1.16576481634854,1.94936713166008,450490196078.43134,15530498
Netherlands,NLD,1997,2.69189094787261,2.10924562739483,416812740004.51776,15610650
Netherlands,NLD,1998,2.06751622126389,1.95913632274251,438008220395.46765,15707209
Netherlands,NLD,1999,1.29981286933396,2.15717918055059,447049523049.8079,15812088
Netherlands,NLD,2000,3.27013375083118,2.36052233801948,417479337444.7068,15925513
Netherlands,NLD,2001,4.37499191435413,4.15584127195613,431586852369.6856,16046180
Netherlands,NLD,2002,3.87769335501125,3.28753104712771,473861980070.98126,16148929
Netherlands,NLD,2003,2.28608674769211,2.09199838997655,580070360701.9596,16225302
Netherlands,NLD,2004,1.19744967134802,1.2636473918318,658380081545.1754,16281779
Netherlands,NLD,2005,1.97959024518013,1.68813017869623,685348181515.953,16319868
Netherlands,NLD,2006,2.57662102738342,1.10150106517702,733955269898.8225,16346101
Netherlands,NLD,2007,2.0494274704842,1.61385859802103,848558887541.1792,16381696
Netherlands,NLD,2008,2.41226622140465,2.48650198289454,951869997864.0624,16445593
Netherlands,NLD,2009,0.437660479367196,1.1897768702155,871518638049.2181,16530388
Netherlands,NLD,2010,0.710272896566892,1.27530569556683,847380859016.6683,16615394
Netherlands,NLD,2011,0.242655794971853,2.34107017751373,905270626332.6866,16693074
Netherlands,NLD,2012,1.32912975468633,2.45554765291604,838923319919.5315,16754962
Netherlands,NLD,2013,1.1449273315191,2.50689852657885,877172824534.5123,16804432
Netherlands,NLD,2014,0.344077998493205,0.976035079699679,892167986713.7224,16865008
Netherlands,NLD,2015,0.888432968331628,0.600248147278776,765572770634.3746,16939923
Netherlands,NLD,2016,0.565543724908352,0.316666666666743,784060430240.0797,17030314
Netherlands,NLD,2017,1.4393271596339,1.38145871407206,833869641687.0603,17131296
Netherlands,NLD,2018,2.53340287057884,1.7034979474447,914043438179.6072,17231624
Netherlands,NLD,2019,3.02788368438249,2.63369910249601,910194347568.626,17344874
Netherlands,NLD,2020,2.3557302816255,1.27246037789161,909793466661.4812,17441500
Netherlands,NLD,2021,2.74734323804928,2.67572008805385,1029678338329.4408,17533044
Netherlands,NLD,2022,6.15557492580412,10.0012078753473,1009398719033.078,17700982
Netherlands,NLD,2023,7.343742684744,3.83839354342808,1118124749886.2942,17877117
,NLD,2024,,3.34754304219953,,17993485
Norway,NOR,1980,13.1264999792218,10.878661087866,64439382896.01556,4085620
Norway,NOR,1981,12.879146874514,13.6429608127722,63596654760.86768,4099702
Norway,NOR,1982,10.5099726139037,11.3409961685824,62647195537.65107,4114787
Norway,NOR,1983,6.96215826330841,8.46524432209222,61627240831.09479,4128432
Norway,NOR,1984,6.21006186599382,6.21827411167512,62057955032.77583,4140099
Norway,NOR,1985,5.19792264477363,5.71485463958579,65416879914.39072,4152516
Norway,NOR,1986,-0.550799470861293,7.17649274816357,78693118044.00449,4167354
Norway,NOR,1987,7.2212546815901,8.71704745166956,94229907235.62152,4186905
Norway,NOR,1988,4.86846058528249,6.67636598771417,101900260856.22218,4209488
Norway,NOR,1989,5.61226799271172,4.54614335505379,102633934390.61482,4226901
Norway,NOR,1990,3.81157220338331,4.1310334831135,119791843059.57156,4241473
Norway,NOR,1991,2.21180066239859,3.43819599109134,121872464483.48734,4261732
Norway,NOR,1992,-0.639759770603149,2.32808504911857,130838040067.58388,4286401
Norway,NOR,1993,2.29292031803006,2.28826933193057,120579213712.8036,4311991
Norway,NOR,1994,-0.15599774778363,1.37567498071479,127131319428.70096,4336613
Norway,NOR,1995,3.06146949563878,2.46036778693724,152029612324.78848,4359184
Norway,NOR,1996,4.2614956184686,1.26253249164502,163520109150.67136,4381336
Norway,NOR,1997,2.7857106919765,2.56692335900259,161356631888.4836,4405157
Norway,NOR,1998,-0.692592276644049,2.25241329996423,154230295158.4472,4431464
Norway,NOR,1999,6.62302293772699,2.36596736596734,162383706021.13037,4461913
Norway,NOR,2000,15.3333099619942,3.08550609131276,171457201935.96765,4490967
Norway,NOR,2001,1.71264025643715,3.00419703998237,174239354070.97656,4513751
Norway,NOR,2002,-1.52020671606276,1.28672528415184,195914852576.46732,4538159
Norway,NOR,2003,2.86082328613723,2.48782553461783,229385469337.0244,4564855
Norway,NOR,2004,5.85020582146653,0.45449850222084,265268662473.2969,4591910
Norway,NOR,2005,8.76300414146252,1.53213367609254,309978579743.88824,4623291
Norway,NOR,2006,8.73218824235802,2.32934980757544,346915160681.7084,4660677
Norway,NOR,2007,3.07766200410229,0.712589073634201,402643260487.5719,4709153
Norway,NOR,2008,10.5663830343854,3.75393081761005,464917553191.4894,4768212
Norway,NOR,2009,-5.11594400838129,2.19738586853574,387976400617.0189,4828726
Norway,NOR,2010,5.95536133797087,2.41890639481001,431052143940.4382,4889252
Norway,NOR,2011,6.67279000191441,1.28495158809152,501360549669.4038,4953088
Norway,NOR,2012,3.35308930089886,0.696864111498362,512777309840.997,5018573
Norway,NOR,2013,2.5532389173337,2.12048620353112,526014468085.1064,5079623
Norway,NOR,2014,0.258332848947191,2.04170286707211,501736471832.84814,5137232
Norway,NOR,2015,-2.80446812171388,2.17113665389527,388159512245.53046,5188607
Norway,NOR,2016,-1.59809716352439,3.54999999999998,370956547619.0476,5234519
Norway,NOR,2017,4.08094934122931,1.87510059552554,401745275035.2608,5276968
Norway,NOR,2018,6.74295724699287,2.76483134528788,439788625883.7996,5311916
Norway,NOR,2019,-0.548467415755809,2.16773003305402,408742840909.0909,5347896
Norway,NOR,2020,-2.51726059053333,1.28658490708005,367633418886.62726,5379475
Norway,NOR,2021,20.2134754838135,3.48388055266678,503367986030.26776,5408320
Norway,NOR,2022,28.1618243830717,5.76412317852272,593726965415.6191,5457127
Norway,NOR,2023,-10.6191584030873,5.51784987104659,485513316503.6304,5519601
,NOR,2024,,3.14530134431073,,5572279
Nepal,NPL,1980,7.60954655227242,14.6845027763768,1945916583.3333333,15553105
Nepal,NPL,1981,7.93735640756323,11.1448567278443,2275583316.6666665,15922423
Nepal,NPL,1982,9.34740967374591,11.6985465924139,2395423741.797618,16297987
Nepal,NPL,1983,12.2886910970154,12.3772380782713,2447174803.377913,16689119
Nepal,NPL,1984,6.37794997349069,2.84578495716266,2581207387.7970943,17085242
Nepal,NPL,1985,11.4218327560807,8.05264126619629,2619913955.515564,17477692
Nepal,NPL,1986,14.3925700792006,18.9989495502395,2850782044.043058,17868124
Nepal,NPL,1987,12.6968018676643,10.750328044985,2957255379.543149,18250505
Nepal,NPL,1988,11.8153101962302,8.98300338208989,3487009748.356382,18638661
Nepal,NPL,1989,11.2583729111903,8.84688691232552,3525225786.5869083,19057807
Nepal,NPL,1990,10.7158851532271,8.2397003745321,3627560239.489972,19524573
Nepal,NPL,1991,12.5446382094284,15.5574529276948,3921476084.890719,20036500
Nepal,NPL,1992,18.4890946304574,17.149523624344,3401211581.2917595,20609707
Nepal,NPL,1993,10.7749092715904,7.50539419087105,3660041666.6666665,21180159
Nepal,NPL,1994,4.81598620107833,8.34928672883386,4066775510.2040815,21717479
Nepal,NPL,1995,6.30086155027618,7.62296950698163,4401104417.670683,22245439
Nepal,NPL,1996,7.82303556124735,9.22046662376986,4521580381.47139,22741862
Nepal,NPL,1997,7.2790929776352,4.00998860523183,4918691916.535157,23219463
Nepal,NPL,1998,4.10785067628581,11.2444677818614,4856255044.390637,23680357
Nepal,NPL,1999,8.88704742573556,7.4511126095755,5033642384.10596,24125199
Nepal,NPL,2000,4.47243371871953,2.47882020709132,5494252207.905025,24546509
Nepal,NPL,2001,11.0171482958921,2.68830373545629,6007055042.17687,24946748
Nepal,NPL,2002,3.93485789816799,3.02939948714896,6050875806.664032,25328981
Nepal,NPL,2003,3.07030496732148,5.70700931874737,6330473096.540709,25688758
Nepal,NPL,2004,4.16642715074835,2.84181131248978,7273938314.719876,26016656
Nepal,NPL,2005,6.11939040793636,6.83633265892875,8130258377.90964,26309458
Nepal,NPL,2006,7.36003927902544,6.92033580707587,9043715355.888098,26565425
Nepal,NPL,2007,7.60328894061151,2.26921924439073,10325618017.37897,26788492
Nepal,NPL,2008,5.61985452382142,9.90783005306479,12545438605.395878,26990037
Nepal,NPL,2009,15.9083302102455,11.0948237386987,12854985464.076431,27173035
Nepal,NPL,2010,15.1469324490072,9.32650410745394,16002656434.474615,27341952
Nepal,NPL,2011,26.3973066649675,9.22707546125951,21573872420.70081,27464494
Nepal,NPL,2012,7.7411500296797,9.45980980357135,21703100877.13089,27534915
Nepal,NPL,2013,7.08265099891379,9.04016311917636,22162204924.572582,27589996
Nepal,NPL,2014,8.03536619587905,8.36415469659563,22731612922.19064,27672370
Nepal,NPL,2015,4.40904543328786,7.86890895590899,24360801286.76381,27823629
Nepal,NPL,2016,7.15033478751282,8.79034332004633,24524109483.529343,27955462
Nepal,NPL,2017,8.26141254915089,3.62709610696607,28971588940.363995,28011258
Nepal,NPL,2018,4.3558584680418,4.0611633875107,33111525237.14897,28079689
Nepal,NPL,2019,4.69115593292496,5.56868547784929,34186180699.02548,28414064
Nepal,NPL,2020,3.21740233241114,5.05236655289212,33433659301.24655,28966574
Nepal,NPL,2021,6.76271216331268,4.14968003360264,36924841394.26049,29475010
Nepal,NPL,2022,8.24119195323605,7.6507917679853,41182939600.67002,29715436
Nepal,NPL,2023,5.41614518486134,7.11475951738199,40908073366.84552,29694614
,NPL,2024,,,,29651054
Nauru,NRU,1980,10.8490566568506,,46947124.24466262,7649
Nauru,NRU,1981,8.72340463880981,,51689636.0691117,7839
Nauru,NRU,1982,10.763208429166,,52877742.64916617,8040
Nauru,NRU,1983,11.1307419049495,,48439093.07734357,8216
Nauru,NRU,1984,3.97456363165102,,47363231.13471862,8377
Nauru,NRU,1985,6.57492344872388,,41548740.60826141,8551
Nauru,NRU,1986,8.46484893714745,,39939390.80049797,8742
Nauru,NRU,1987,9.25925908812432,,40118409.87365339,8946
Nauru,NRU,1988,7.1428566705312,,45931133.93425,9165
Nauru,NRU,1989,7.57062199462362,,53736786.06372136,9390
Nauru,NRU,1990,12.6000008436331,,55572375.46512728,9622
Nauru,NRU,1991,14.4164590892342,,52533788.556628205,9850
Nauru,NRU,1992,18.6239090610103,,51133123.1254326,10021
Nauru,NRU,1993,11.1110758730179,,43542088.25182687,10102
Nauru,NRU,1994,-3.5678536250408,,39742511.24178485,10137
Nauru,NRU,1995,1.76808993287383,,39969705.96970597,10165
Nauru,NRU,1996,4.05426285270553,,37458801.21396054,10183
Nauru,NRU,1997,6.12224108311705,,37331507.27813429,10197
Nauru,NRU,1998,3.93361232629911,,29664450.925863124,10198
Nauru,NRU,1999,6.72821877248472,,27328612.60809625,10187
Nauru,NRU,2000,5.56672031858585,,26930980.342900205,10168
Nauru,NRU,2001,5.38909552012883,,22613287.53890737,10130
Nauru,NRU,2002,5.88506050010447,,21017423.608204268,10082
Nauru,NRU,2003,5.61347164645613,,24778159.58066395,10059
Nauru,NRU,2004,5.6294038488258,,30587565.798833407,10060
Nauru,NRU,2005,-6.64472720910587,,30070666.065253343,10049
Nauru,NRU,2006,-9.99620112441151,,29200359.38903864,10034
Nauru,NRU,2007,-4.4409615202524,,22766972.18896587,10020
Nauru,NRU,2008,20.3077706451703,,37602264.73068721,10009
Nauru,NRU,2009,51.4150179185101,,44176245.549243264,10016
Nauru,NRU,2010,-9.85579007730527,,47562844.61042507,10043
Nauru,NRU,2011,7.45389470490414,0.3003003003003,65071879.77871618,10098
Nauru,NRU,2012,17.5446496245365,-0.124750499001971,101055722.95057964,10267
Nauru,NRU,2013,-9.19198932147347,,94385014.94258416,10517
Nauru,NRU,2014,0.427698869811181,,99149244.4001333,10742
Nauru,NRU,2015,-8.18935000109762,,84863440.58019969,10954
Nauru,NRU,2016,26.2510936824673,,97541943.03550526,11150
Nauru,NRU,2017,14.9235600448444,,109355638.86695492,11324
Nauru,NRU,2018,18.4724386773845,,130995566.30390972,11477
Nauru,NRU,2019,-4.72850619813472,,125160115.54781868,11587
Nauru,NRU,2020,4.33105392665381,,124685688.1610939,11643
Nauru,NRU,2021,18.0815764631453,,175390280.69161984,11709
Nauru,NRU,2022,-10.8014231608239,,153824609.47051683,11801
Nauru,NRU,2023,5.37381833304376,,154127798.19354144,11875
,NRU,2024,,,,11947
New Zealand,NZL,1980,14.9044106798456,17.1505454240954,23244547384.67477,3112900
New Zealand,NZL,1981,16.3473024112433,15.3701595831853,24417617184.24777,3124900
New Zealand,NZL,1982,12.0854104290169,16.1636941231018,24164603058.994904,3156100
New Zealand,NZL,1983,7.72549325901899,7.34107586057345,24309279705.57308,3199300
New Zealand,NZL,1984,7.79879139758481,6.17125347924442,21665975318.884163,3227100
New Zealand,NZL,1985,13.6342131903002,15.4176555719917,24679795396.41944,3247100
New Zealand,NZL,1986,16.9483353075472,13.2133980640021,30604668356.5695,3246300
New Zealand,NZL,1987,11.4701482050531,15.7443007888927,40376354069.94739,3274400
New Zealand,NZL,1988,7.90848888018445,6.37524944411053,45176811594.202896,3283400
New Zealand,NZL,1989,5.63955099509199,5.7159915513563,43920222524.70853,3299200
New Zealand,NZL,1990,2.42360298081108,6.09844414810204,45495129385.04751,3329800
New Zealand,NZL,1991,0.890259839383205,2.60239285999773,42745329732.16296,3495100
New Zealand,NZL,1992,2.00148548417039,1.01456027171236,41649829859.6342,3531700
New Zealand,NZL,1993,1.47921607543869,1.28820776574386,46775620817.43266,3572200
New Zealand,NZL,1994,1.90731494852355,1.74537790773743,55314732279.13792,3620000
New Zealand,NZL,1995,1.43061314529479,3.75494413677554,63918703506.90754,3673400
New Zealand,NZL,1996,1.39407013118394,2.28571305402195,70140835299.01485,3732000
New Zealand,NZL,1997,1.5619275338703,1.18714833105632,66075143415.49518,3781300
New Zealand,NZL,1998,1.05051916353243,1.26524409915406,56227169851.04479,3815000
New Zealand,NZL,1999,0.586374712045028,-0.114267129777524,58762260625.87576,3835100
New Zealand,NZL,2000,2.88433930020895,2.6152344624632,52623281956.70312,3857700
New Zealand,NZL,2001,3.860915720368,2.62581630392903,53872425916.62481,3880500
New Zealand,NZL,2002,0.2980563329034,2.67709257711605,66627729311.44955,3948500
New Zealand,NZL,2003,2.06841724107821,1.75357444759557,88250885550.26262,4027200
New Zealand,NZL,2004,2.75872189971244,2.29024902847571,103905210084.03362,4087500
New Zealand,NZL,2005,2.00026845094881,3.03702332617012,114720129550.09506,4133900
New Zealand,NZL,2006,2.70983434239326,3.36540196171993,111538810712.66457,4184600
New Zealand,NZL,2007,5.31623899608735,2.37614310290659,137188946865.5839,4223800
New Zealand,NZL,2008,2.73752516653451,3.9589493731206,133131369930.414,4259800
New Zealand,NZL,2009,2.64088765137211,2.1156511055456,121373602348.67886,4302600
New Zealand,NZL,2010,3.15959278016349,2.30202385958572,146517541181.254,4350700
New Zealand,NZL,2011,2.46773450113406,4.0279066739204,168295307149.46033,4384000
New Zealand,NZL,2012,-0.189641681425684,1.05991318445632,176210710655.20847,4408100
New Zealand,NZL,2013,4.1610248197395,1.13442266445817,190909855416.3399,4442100
New Zealand,NZL,2014,0.481109438978876,1.227507505974,201337554959.48956,4516500
New Zealand,NZL,2015,1.44403850036466,0.292704628136101,178104220784.8812,4609400
New Zealand,NZL,2016,2.41043257431994,0.646240284454524,188898209220.16672,4714100
New Zealand,NZL,2017,3.61693254394582,1.85078767452536,206566916732.2921,4813600
New Zealand,NZL,2018,1.7531271050093,1.59829703801696,211846555690.7363,4900600
New Zealand,NZL,2019,3.08556630950096,1.61963190184048,212846907683.439,4970300
New Zealand,NZL,2020,1.95515165378657,1.71456170007245,212697530897.5604,5072400
New Zealand,NZL,2021,4.57816245517681,3.94112060778728,253644079784.97665,5084600
New Zealand,NZL,2022,5.58708755877011,7.17222476016441,246733522841.35272,5081700
New Zealand,NZL,2023,4.75854916721366,5.73316283034957,253465703232.14597,5200000
,NZL,2024,,2.92279782301957,,5287500
OECD members,OED,1980,13.1264999792218,13.634450606601,8867251981131.773,1019332414
OECD members,OED,1981,11.5692627872042,13.6429608127722,9029391940522.535,1028615740
OECD members,OED,1982,10.5099726139037,11.3409961685824,8890351112548.28,1037419356
OECD members,OED,1983,8.1953419424454,8.87302152363213,9189657654205.748,1046094679
OECD members,OED,1984,7.07327478256023,7.67380262247321,9603970130336.12,1054395892
OECD members,OED,1985,5.50414182296473,6.734693877551,10110225431143.08,1062728299
OECD members,OED,1986,5.23941496295419,5.29166170071091,12251974311440.81,1071222636
OECD members,OED,1987,5.44054902900768,4.74728490389789,14189422749046.707,1079813087
OECD members,OED,1988,6.57120635454622,5.82489868439437,15997003356618.717,1088587717
OECD members,OED,1989,6.19738799959993,6.25983137956977,16735307588204.31,1097876374
OECD members,OED,1990,6.09458983592408,6.72181952228657,18846972458698.45,1107695519
OECD members,OED,1991,7.91405877661215,5.93421344335924,19953764768717.7,1118410105
OECD members,OED,1992,4.83922019842132,5.05697796731731,21464746290365.81,1129039882
OECD members,OED,1993,4.85649706601522,4.59790321006555,21795813349509.617,1139203498
OECD members,OED,1994,3.5424254457424,3.50262577413397,23297636224541.777,1148779736
OECD members,OED,1995,4.5633501290565,4.35177861328367,25681295886763.527,1158068699
OECD members,OED,1996,3.93166701437945,3.00009076251615,25899388210744.52,1167149370
OECD members,OED,1997,2.76990560782146,2.26900305912499,25507725145785.27,1176191803
OECD members,OED,1998,2.86938731026294,2.10577481135337,25774930648028.566,1184928348
OECD members,OED,1999,2.05581175615057,2.17260318876209,27071119634055.84,1193682861
OECD members,OED,2000,3.14175617571788,3.06380344899535,27669616112069.44,1202226474
OECD members,OED,2001,3.38765923259835,3.18908268106052,27415354309328.31,1211109104
OECD members,OED,2002,2.89700538920623,2.47736067910935,28601698343642.832,1220101353
OECD members,OED,2003,2.6239339665235,2.18428358241519,31985356194060.047,1229012217
OECD members,OED,2004,3.04306867265635,2.2579640963823,35608846779453.79,1237896576
OECD members,OED,2005,2.77225765626199,2.47212179047864,37648159767684.88,1246656490
OECD members,OED,2006,2.84398835121183,2.60015376460352,39718283258802.51,1255746646
OECD members,OED,2007,3.0220037134952,2.48470438812871,43483775703184.95,1264728255
OECD members,OED,2008,3.19958985453628,4.11407022033816,46172651254806.76,1274711058
OECD members,OED,2009,1.77388034990435,1.10457711175391,43184014259465.66,1283973216
OECD members,OED,2010,1.21932092930813,1.80735230566098,45297226688828.766,1292701737
OECD members,OED,2011,1.99591508916262,3.37429759432522,48721225418978.32,1299644689
OECD members,OED,2012,1.83393192513095,2.52945520915773,48676834813345.9,1307733583
OECD members,OED,2013,1.70288157357541,1.45156526398379,49360200440504.1,1315427979
OECD members,OED,2014,1.36214927755531,0.624517311086569,50386906873870.5,1323459714
OECD members,OED,2015,1.31357279885778,0.338705695410167,47536673280840.75,1331675197
OECD members,OED,2016,0.968898411539399,0.443258157565783,48460554255214.47,1340142055
OECD members,OED,2017,1.7805030671733,1.82264336059063,50610712929528.3,1348127258
OECD members,OED,2018,1.8948309379242,1.93246812286359,53525975116832.07,1356470975
OECD members,OED,2019,2.23576980098328,1.74071267870181,54053010452622.24,1364146219
OECD members,OED,2020,1.83958203863173,0.73285164517586,52852896615891.695,1369310195
OECD members,OED,2021,2.76592557001649,2.81528854435832,58899843230643.73,1371785073
OECD members,OED,2022,6.50717150976458,8.23803240697186,60170092967268.375,1378565677
OECD members,OED,2023,6.00873959915159,5.67767862615429,64098865773302.98,1387897706
,OED,2024,,,,1396877448
Oman,OMN,1980,51.1050335215514,,5981760277.938622,1001248
Oman,OMN,1981,3.67986010631085,,7259120150.550087,1057320
Oman,OMN,1982,-6.72021067534806,,7554719455.703532,1117678
Oman,OMN,1983,-9.9990244231446,,7932541690.793283,1181459
Oman,OMN,1984,-4.71829853458684,,8821443150.924877,1247716
Oman,OMN,1985,-0.512003458213925,,10005645420.460632,1325480
Oman,OMN,1986,-20.6347047658614,,7324167369.143049,1413419
Oman,OMN,1987,11.1778505668217,,7811183094.928478,1500996
Oman,OMN,1988,1.31896903735725,,8386215864.759428,1588568
Oman,OMN,1989,-2.74846726711075e-07,,9372171651.49545,1676228
Oman,OMN,1990,42.2045633705216,,11685045513.654097,1763954
Oman,OMN,1991,-8.50226815959489,,11341482444.73342,1851473
Oman,OMN,1992,1.27341918830371,,12452275682.704811,1938238
Oman,OMN,1993,-5.38734813546758,,12493107932.379711,2021675
Oman,OMN,1994,-0.451589791131724,,12918855656.697008,2081834
Oman,OMN,1995,1.75870855197356,,13802600780.23407,2120528
Oman,OMN,1996,7.41278125211353,,15277763328.9987,2156926
Oman,OMN,1997,-2.23414569391046,,15837451235.370611,2190720
Oman,OMN,1998,-11.0016868259248,,13996914694.40832,2222489
Oman,OMN,1999,10.8178845984051,,15593456176.853056,2252909
Oman,OMN,2000,17.5450242892462,,19507452535.760727,2282131
Oman,OMN,2001,-4.64092904518107,-0.816666666666656,19452000520.156048,2310217
Oman,OMN,2002,4.69302270866596,-0.279578822571373,20142756046.814045,2337140
Oman,OMN,2003,9.63837179762082,0.231328682267143,21633708192.457737,2363796
Oman,OMN,2004,12.496505503059,0.624969062631367,24763712873.86216,2404821
Oman,OMN,2005,21.7335605056957,1.90983553531865,31081991677.50325,2459802
Oman,OMN,2006,14.5637976064378,3.54498591605033,37215779713.91418,2514795
Oman,OMN,2007,8.05872640599689,5.8304841809271,42085379453.83615,2570174
Oman,OMN,2008,32.649751638965,12.3754091529912,60905452535.76073,2626529
Oman,OMN,2009,-25.042152466224,3.46881023754893,48388363589.07672,2684659
Oman,OMN,2010,14.3749912143336,3.25657959078624,64993498049.414825,2757446
Oman,OMN,2011,15.884491777402,4.0421886711639,77497529258.77763,3076763
Oman,OMN,2012,3.60643426874947,2.94773495257209,87408842652.79582,3547106
Oman,OMN,2013,-2.22041185302194,1.05354820265932,89936020806.24187,3833913
Oman,OMN,2014,1.75729954907395,1.01401483924156,92699089726.91808,4002439
Oman,OMN,2015,-19.1464725188166,0.0652901330286599,78710793237.97139,4184895
Oman,OMN,2016,-9.13627527605452,1.10920805807027,75128738621.58647,4390877
Oman,OMN,2017,7.29794329780007,1.58909413567799,80856697009.10272,4537396
Oman,OMN,2018,11.7322946084517,0.889312370970404,91505851755.52666,4597877
Oman,OMN,2019,-2.66623355343535,0.490815362820671,88060858257.47723,4591241
Oman,OMN,2020,-10.7835605977296,-0.40640291946585,75909397659.29779,4522497
Oman,OMN,2021,12.1410502759484,1.68221185876085,88191977373.21198,4500424
Oman,OMN,2022,16.9897185502658,2.5061425061425,114667360208.06242,4730226
Oman,OMN,2023,-4.05592540343423,0.950782997762827,108192457737.3212,5049269
,OMN,2024,,,,5281538
Other small states,OSS,1980,24.1580815878628,,21040631379.5509,7444817
Other small states,OSS,1981,10.3065506616772,11.0446452083976,21001566255.16247,7577614
Other small states,OSS,1982,7.28714919176407,7.65925517582574,20719390900.361557,7711694
Other small states,OSS,1983,4.73692143521384,5.31960612972411,19799540393.966717,7843045
Other small states,OSS,1984,8.18191973105762,5.99195111048444,20065158813.909,7975015
Other small states,OSS,1985,3.66665785677527,2.35321528424928,19711831130.747387,8118973
Other small states,OSS,1986,7.18543787496726,5.87504099546662,20748593857.325943,8271747
Other small states,OSS,1987,3.86184870380228,3.31891025641053,25513234796.1933,8429468
Other small states,OSS,1988,4.5323204783563,4.07407407407384,28124031927.91452,8592255
Other small states,OSS,1989,5.60791537601837,4.55516014234884,28730234881.225784,8765561
Other small states,OSS,1990,6.20535307251815,4.50205462895843,33890663890.84524,8949306
Other small states,OSS,1991,8.11890514430118,6.80877887943634,35877596793.74404,9131087
Other small states,OSS,1992,5.35539928981525,3.94771176824031,39303152779.74143,9201490
Other small states,OSS,1993,4.80313298735663,5.32128128555195,38476262969.30636,9249106
Other small states,OSS,1994,6.55543051122419,3.79099007324483,40639521816.49646,9328189
Other small states,OSS,1995,8.28438262087263,5.72775136335559,47227955200.39051,9389918
Other small states,OSS,1996,3.19870033913645,4.4712722412942,49170282331.82749,9493131
Other small states,OSS,1997,2.23692137479574,6.50548718269086,49548179500.22929,9618823
Other small states,OSS,1998,1.96571532051797,2.57985257985242,50593486748.822296,9746302
Other small states,OSS,1999,5.81136042283326,3.29611089718909,52839936531.27468,9758520
Other small states,OSS,2000,2.99889591177187,4.01848952508763,55909436459.47231,9788238
Other small states,OSS,2001,6.23201251547312,3.41478946111594,56104114431.85091,9961679
Other small states,OSS,2002,3.61316135426739,2.80115505180747,61196326388.68597,10136134
Other small states,OSS,2003,5.38769793007168,2.31398595723541,75225425145.74213,10269557
Other small states,OSS,2004,4.34588162820633,3.12226204699354,89281970467.41351,10371059
Other small states,OSS,2005,3.94809969963141,3.00796652450313,101041826683.49158,10479844
Other small states,OSS,2006,6.57512374147177,3.42888529899537,113035701751.59476,10601352
Other small states,OSS,2007,8.30831527928659,5.00876695522724,135646182748.02182,10730365
Other small states,OSS,2008,7.25676387978855,8.9114819576887,148958990447.7651,10862640
Other small states,OSS,2009,1.95455824513613,2.65580205847765,129389535768.02322,10989567
Other small states,OSS,2010,2.76562816918006,2.95220406692774,138174096381.8977,11112466
Other small states,OSS,2011,3.1614637980008,4.23745503254072,157064408558.8294,11226214
Other small states,OSS,2012,3.44088030034162,4.03932356139052,155912881125.31055,11346082
Other small states,OSS,2013,2.2557454257814,3.04028907921715,162812437315.90656,11466589
Other small states,OSS,2014,1.71530423138522,1.34186494340157,167893016317.08853,11591200
Other small states,OSS,2015,1.71375418988004,1.10054826378929,151721848514.72876,11722398
Other small states,OSS,2016,1.69745580060584,0.642702771527304,159200150156.2276,11851918
Other small states,OSS,2017,2.13930446304795,1.76041559180596,176977448024.0403,11989367
Other small states,OSS,2018,2.34795412661009,2.611223782638,193850030853.8867,12135267
Other small states,OSS,2019,1.6861197656476,1.10666674296063,195442320173.6637,12281907
Other small states,OSS,2020,0.711504736106924,0.622170382586049,178185121948.33084,12417333
Other small states,OSS,2021,3.10055552394109,2.4284453278932,208006924432.8395,12541889
Other small states,OSS,2022,7.26892420151597,6.57953283666412,223331355321.8637,12699005
Other small states,OSS,2023,3.82970232014782,4.66165589454067,234402049500.76453,12822134
,OSS,2024,,,,12931878
Pakistan,PAK,1980,9.00820936080011,11.9382309107087,23654444444.444443,82291010
Pakistan,PAK,1981,10.07733957615,11.8799135925283,28100606060.60606,85802049
Pakistan,PAK,1982,9.37164773700086,5.90352878435863,30725971563.98104,89089246
Pakistan,PAK,1983,5.27408362910936,6.362033499853,28691889763.77953,92227711
Pakistan,PAK,1984,9.65355445236982,6.08716673573716,31151825467.49777,95164936
Pakistan,PAK,1985,4.53494278712353,5.61483921793224,31144920844.32717,98229285
Pakistan,PAK,1986,3.29200083720301,3.50641424758205,31899070055.796654,101606764
Pakistan,PAK,1987,4.51820577774291,4.68121854620213,33351529274.686863,105130717
Pakistan,PAK,1988,9.61756064978023,8.83793701817773,38472742808.31672,108724739
Pakistan,PAK,1989,8.58504801719344,7.84426473740044,40171106279.0078,112336629
Pakistan,PAK,1990,6.45199916790979,9.05213155279776,40010423970.45763,116155576
Pakistan,PAK,1991,13.4924162537224,11.7912703351416,45625336680.20465,120060406
Pakistan,PAK,1992,10.2014077626019,9.5090414619015,48884671947.46571,123546848
Pakistan,PAK,1993,8.83855312769657,9.97366476029209,51809999353.16136,127020117
Pakistan,PAK,1994,13.0284160490462,12.3681943936948,52293470813.133606,130748083
Pakistan,PAK,1995,13.0064844675074,12.3435785170513,60636071684.1918,134582253
Pakistan,PAK,1996,8.37360999459469,10.3738085885002,63320170084.40756,138557092
Pakistan,PAK,1997,13.3835146386713,11.3754928865122,62433340468.02277,142531804
Pakistan,PAK,1998,7.52603689563375,6.22800415424543,62191955814.3478,146522356
Pakistan,PAK,1999,5.8622861838065,4.14263718082171,62973857068.51128,150565377
Pakistan,PAK,2000,68.0104449967103,4.36666451291681,99484802344.52766,154879127
Pakistan,PAK,2001,6.01279243381738,3.14826144590618,97145618479.9038,159270907
Pakistan,PAK,2002,3.92137857065688,3.29034472613153,97923302809.35368,163222549
Pakistan,PAK,2003,3.55265807996106,2.91413470059479,112371913740.82297,167110248
Pakistan,PAK,2004,7.25134298416322,7.44462469342739,132216048339.41289,171286000
Pakistan,PAK,2005,5.55608176808067,9.06332737030417,145208562960.76663,175453212
Pakistan,PAK,2006,5.99763817670407,7.92108440058789,161871385506.3602,179682690
Pakistan,PAK,2007,10.3313245916728,7.59868441050774,184140869997.46017,184493231
Pakistan,PAK,2008,10.9204672720775,20.2861210929554,202203748583.8536,189499113
Pakistan,PAK,2009,12.3746262931271,13.6477650639761,187337783856.46567,194376534
Pakistan,PAK,2010,10.5886442624245,12.9388705634889,196709621849.58615,199239047
Pakistan,PAK,2011,16.4109562675144,11.9160927116277,230586581059.6654,203746065
Pakistan,PAK,2012,9.91831543776397,9.68235186055684,250106966104.7036,207667125
Pakistan,PAK,2013,7.38310696738498,7.69215611899565,258657231672.41232,211073978
Pakistan,PAK,2014,7.20976543926079,7.18938402847028,271390474857.63217,214264647
Pakistan,PAK,2015,4.44198033438504,2.52932817254229,299963590534.7735,217290883
Pakistan,PAK,2016,0.922163326262009,3.7651191635658,313630000130.43536,220138869
Pakistan,PAK,2017,4.02974599325579,4.08537368032608,339205534861.1001,223273967
Pakistan,PAK,2018,3.84178663274797,5.07805725868917,356128166704.921,226928892
Pakistan,PAK,2019,9.03633484170507,10.5783618004555,320909472770.6687,230800899
Pakistan,PAK,2020,9.9444982105729,9.73999313898155,300425609817.9812,235001746
Pakistan,PAK,2021,10.2673420806694,9.49621056124947,348516647445.14844,239477801
Pakistan,PAK,2022,13.9370112392938,19.8738599646655,374787958882.3077,243700667
Pakistan,PAK,2023,25.9997683355601,30.7681280657005,338368455317.8758,247504495
,PAK,2024,,12.6325318530452,,251269164
Panama,PAN,1980,10.1405046858082,13.8079019078008,4614086400.0,1957534
Panama,PAN,1981,3.64216561534043,7.30232836526219,5222421500.0,2004418
Panama,PAN,1982,4.87168495435731,4.25057176328124,5769767900.0,2052271
Panama,PAN,1983,7.49695684357694,2.10284124368167,5923755900.0,2101106
Panama,PAN,1984,1.62926324014725,1.58264332858587,6183387100.0,2150782
Panama,PAN,1985,0.809565223752884,1.02661989275157,6541517100.0,2200915
Panama,PAN,1986,0.338449387940813,-0.0663841083593552,6797834200.0,2251325
Panama,PAN,1987,2.28930264704302,0.996423096679178,6827665300.0,2301970
Panama,PAN,1988,-0.191929164063993,0.35922084492817,5902783400.0,2352848
Panama,PAN,1989,-1.27655820026008,0.205867258317745,5918469800.0,2403820
Panama,PAN,1990,0.565205373991844,0.769485354956023,6433967000.0,2455583
Panama,PAN,1991,0.492796333797656,1.25626077674688,7074675500.0,2508265
Panama,PAN,1992,5.06105950933117,1.82452156989957,8042337700.0,2561336
Panama,PAN,1993,3.55470473077992,0.453930078840388,8782585400.0,2615099
Panama,PAN,1994,3.67974541012374,1.26843190106196,9365289800.0,2669546
Panama,PAN,1995,0.46670710183605,0.994206982933841,9573813700.0,2724557
Panama,PAN,1996,1.94661697632883,1.25571661111548,9870494000.0,2780227
Panama,PAN,1997,1.53748789041086,1.32435122100608,10677286100.0,2836695
Panama,PAN,1998,1.0733252297928,0.559081293442493,11575486400.0,2893914
Panama,PAN,1999,0.576570618266743,1.24718256949636,12130252200.0,2951822
Panama,PAN,2000,-1.5225069769965,1.49896111605777,12304115000.0,3010369
Panama,PAN,2001,1.42993519284018,0.307062436028722,12502013400.0,3069537
Panama,PAN,2002,1.91506960942129,1.00583090379039,12994310400.0,3129344
Panama,PAN,2003,1.11618169270888,0.391666666666657,13693981200.0,3189807
Panama,PAN,2004,2.61338497264867,0.474723078204336,15013381700.0,3251155
Panama,PAN,2005,1.67574346218669,2.85588324760959,16374393900.0,3313026
Panama,PAN,2006,2.17470348387079,2.45789346442096,18141666300.0,3375024
Panama,PAN,2007,2.85775121870825,4.16863300298887,21295984200.0,3437490
Panama,PAN,2008,7.47647273606333,8.75868317728784,25155888600.0,3500648
Panama,PAN,2009,6.3334085999842,2.409053040822,27116635600.0,3564381
Panama,PAN,2010,2.55070367962715,3.491288726188,29440287600.0,3628535
Panama,PAN,2011,5.48770339491702,5.8758024367877,34686224300.0,3693505
Panama,PAN,2012,6.31829463661421,5.69819959165992,40429700000.0,3759256
Panama,PAN,2013,6.15793630878711,4.0271599157106,45599900000.0,3825329
Panama,PAN,2014,4.69411939871949,2.62652699929151,49921400000.0,3892101
Panama,PAN,2015,3.01478936555419,0.137492058461504,54091800000.0,3960035
Panama,PAN,2016,2.47501533207914,0.739734025300033,57907700000.0,4029086
Panama,PAN,2017,1.7946937582834,0.875585918759878,62202700000.0,4098707
Panama,PAN,2018,0.700536904723975,0.761578359399944,67294169200.00001,4167860
Panama,PAN,2019,0.538350741190015,-0.355083821021245,69721787500.0,4234700
Panama,PAN,2020,-0.494685753745316,-1.5502754080376,57086836900.0,4293261
Panama,PAN,2021,1.41511725950885,1.63070337301898,67406738100.0,4345405
Panama,PAN,2022,2.17180785976841,2.85965128834711,76522511780.6222,4400773
Panama,PAN,2023,1.70673831397947,1.48641355277038,83382400000.0,4458759
,PAN,2024,,0.685197879812108,,4515577
Peru,PER,1980,37.9299731158551,59.1450712444914,,17360949
Peru,PER,1981,65.3305809360656,75.4332687576064,,17798805
Peru,PER,1982,66.6633331445568,64.4481585387929,15203143381.0,18246503
Peru,PER,1983,107.39685323913,111.150635209157,14124541992.500002,18705957
Peru,PER,1984,108.477533234604,110.208519562543,20339340469.33333,19174716
Peru,PER,1985,165.734972479311,163.399505243688,15044388198.181818,19648204
Peru,PER,1986,68.3635139565209,77.9210255473595,21777475654.285717,20117122
Peru,PER,1987,85.6496433040751,85.8223062381846,36533467759.41176,20582320
Peru,PER,1988,586.278731131526,667.019328585961,15439408447.2,21054702
Peru,PER,1989,2572.32592620979,3398.67901005332,22499558526.36816,21532589
Peru,PER,1990,6261.2395586103,7481.66361124526,26410386962.801933,22014771
Peru,PER,1991,378.040578709772,409.530166622023,34341465998.200283,22483775
Peru,PER,1992,69.2606176237553,73.5282942442641,35966302303.262955,22946340
Peru,PER,1993,46.384682865327,48.5799864468885,34832077220.85365,23413783
Peru,PER,1994,26.6882412349405,23.7369050565046,44882079766.89127,23881493
Peru,PER,1995,13.5787978771502,11.1287029707089,53312793687.38364,24348919
Peru,PER,1996,9.6877419612148,11.5379424115177,55252414130.30192,24811171
Peru,PER,1997,7.28313112865612,8.56218948953653,58147522522.52252,25274147
Peru,PER,1998,5.37109035742958,7.24782175213469,55501467877.38104,25738095
Peru,PER,1999,2.9345454117468,3.46965996293019,50187324567.883,26186504
Peru,PER,2000,3.5247200388048,3.75733833344474,51744749133.21299,26598331
Peru,PER,2001,0.455248302902049,1.97709878502053,52030158775.40549,26964601
Peru,PER,2002,0.109017023785512,0.193135003853722,54777553515.08088,27288217
Peru,PER,2003,1.80372466534129,2.25937753363072,58731030121.867096,27580490
Peru,PER,2004,6.27903857710506,3.66247320092233,66768703497.56869,27852190
Peru,PER,2005,3.50372240049859,1.61630193862544,76060606060.60606,28101180
Peru,PER,2006,7.65624807889682,2.00225801248819,88643193061.748,28324491
Peru,PER,2007,1.49067595453904,1.77998644680372,102170981144.13551,28530699
Peru,PER,2008,1.10327629202855,5.78587598206755,120550599815.4414,28719041
Peru,PER,2009,2.06369833440615,2.936231535967,120822986521.47932,28896811
Peru,PER,2010,5.71072859407522,1.52832059732901,147527631520.7292,29086019
Peru,PER,2011,6.7457871247569,3.36931095333853,171761737046.58508,29304086
Peru,PER,2012,1.20258494022738,3.61121294940163,192650021648.5832,29550366
Peru,PER,2013,1.05723435149577,2.76789666082002,201175543571.3918,29817919
Peru,PER,2014,2.43244108501779,3.41194579807465,200786250582.94272,30115826
Peru,PER,2015,2.69052090074331,3.39809194746308,189802976285.61893,30457600
Peru,PER,2016,3.08088269037734,3.55717663556279,191898104390.37863,30866494
Peru,PER,2017,3.61565826105974,2.99490045809443,211007984080.91055,31324637
Peru,PER,2018,2.27741531762133,1.50915423024742,222597009739.2353,31897584
Peru,PER,2019,1.87221626775495,2.25212191358027,228346006003.64825,32449303
Peru,PER,2020,3.71917119669504,2.00241205759292,201409694755.9344,32838579
Peru,PER,2021,10.0831018285055,4.27166381536798,226354278280.88464,33155882
Peru,PER,2022,4.76646193670118,8.33370630096231,246488757636.21063,33475438
Peru,PER,2023,6.56634363134418,6.45561348369586,267603248655.2527,33845617
,PER,2024,,2.00770739412712,,34217848
Philippines,PHL,1980,14.2345925132413,18.2005104938508,36848080898.81119,48043740
Philippines,PHL,1981,11.7647469937479,13.0825985241676,40499388869.12711,49311727
Philippines,PHL,1982,8.64350807450943,10.2217271376892,42206011275.17565,50695707
Philippines,PHL,1983,14.2482177757951,10.0293565620481,37759179894.52985,52194620
Philippines,PHL,1984,52.9594507195583,50.3389756374498,35730185633.52326,53726181
Philippines,PHL,1985,17.0610147409175,23.1031071803888,34961486348.23824,55213006
Philippines,PHL,1986,2.89193638813423,1.14813777653338,33987207294.943226,56645077
Philippines,PHL,1987,7.49712585351415,4.06976744186024,37791488666.07431,58157496
Philippines,PHL,1988,9.75995911860829,13.8600691673319,43152128958.6116,59739052
Philippines,PHL,1989,9.09994145026529,12.2429906542055,48513773720.67303,61265260
Philippines,PHL,1990,12.956838354491,12.1773522064946,50508286641.57462,62854666
Philippines,PHL,1991,16.3951196436515,19.2614585266282,51784144942.72696,64382249
Philippines,PHL,1992,7.88186381097083,8.65100357865265,60422328242.180336,65926125
Philippines,PHL,1993,6.80962198656768,6.71631104109973,62036529147.18309,67530621
Philippines,PHL,1994,10.0602305107947,10.3864734299517,73159336915.2718,69019291
Philippines,PHL,1995,7.64230385497558,6.83199610989534,84644328727.48247,70546246
Philippines,PHL,1996,7.68896547846228,7.4761037778791,94648084429.03406,72190242
Philippines,PHL,1997,6.25981575579399,5.59025939650601,94106317565.08456,73908810
Philippines,PHL,1998,10.4056703614173,9.23493432267121,74492416329.91425,75791024
Philippines,PHL,1999,6.33463973024264,5.93904901780808,85640171045.12543,77753257
Philippines,PHL,2000,5.81693355937276,3.9771250324928,83669788254.72792,79625397
Philippines,PHL,2001,5.61886226576264,5.34550195567142,78921234457.54874,81401488
Philippines,PHL,2002,4.23109181372058,2.72277227722765,84307345887.543,83068889
Philippines,PHL,2003,3.19213132949372,2.28915662650607,87039092974.22725,84731835
Philippines,PHL,2004,5.89075853406953,4.82921083627795,95001999685.33144,86394504
Philippines,PHL,2005,5.91089344785409,6.51685393258433,107419977318.16573,88015962
Philippines,PHL,2006,5.11158666295037,5.4852320675105,127652926368.06915,89508986
Philippines,PHL,2007,3.16428975494875,2.90000000000003,155980408673.40317,91075184
Philippines,PHL,2008,7.17921618315836,8.26044703595725,181624626327.36093,92699095
Philippines,PHL,2009,2.73825856642382,4.21903052064628,175974755881.37238,94384250
Philippines,PHL,2010,4.37088435978275,3.78983634797591,208368893151.14383,96337125
Philippines,PHL,2011,3.91880578110506,4.7184170471842,234216730295.9377,98248614
Philippines,PHL,2012,1.99417610100127,3.02696391124796,261920540972.1021,100175512
Philippines,PHL,2013,2.06106335042293,2.58268766141795,283902828581.6499,102076336
Philippines,PHL,2014,3.05305530800513,3.59782343864211,297483555344.8018,103767130
Philippines,PHL,2015,-0.719682789326697,0.674192536845408,306445871246.7178,105312992
Philippines,PHL,2016,1.2803117382459,1.25369880080982,318627003012.5201,106735719
Philippines,PHL,2017,2.32025994680146,2.85318772590947,328480736798.7918,108119693
Philippines,PHL,2018,3.74065383086987,5.30934661627707,346841896583.5147,109465287
Philippines,PHL,2019,0.697076301045342,2.39206534422404,376823402244.9279,110804683
Philippines,PHL,2020,1.6504901854719,2.3931623931624,361751145451.5968,112081264
Philippines,PHL,2021,2.2824784602486,3.92718022100332,394087359848.11,113100950
Philippines,PHL,2022,5.48864820202009,5.82115811213955,404353369604.6311,113964338
Philippines,PHL,2023,4.59648506190769,5.97802515541409,437146372729.9424,114891199
,PHL,2024,,3.21260487006347,,115843670
Palau,PLW,1980,10.5000011674144,,29728053.55,12271
Palau,PLW,1981,10.4999990927422,,32726593.75,12402
Palau,PLW,1982,10.4999995379367,,36027582.71,12694
Palau,PLW,1983,7.99999968992616,,39661530.18,13006
Palau,PLW,1984,7.99999880859052,,44814259.43,13337
Palau,PLW,1985,8.00000187369983,,51030636.67,13688
Palau,PLW,1986,7.99999895133836,,58109314.44,14024
Palau,PLW,1987,8.00000063332963,,66169904.91,14334
Palau,PLW,1988,8.00000001460832,,75348614.96000001,14645
Palau,PLW,1989,7.99999995004426,,85800542.78,14945
Palau,PLW,1990,8.00000012683635,,97702303.05,15259
Palau,PLW,1991,3.96164537423711,,106555300.0,15614
Palau,PLW,1992,5.0489094488744,,104771300.0,15989
Palau,PLW,1993,4.97507319933884,,96455700.0,16372
Palau,PLW,1994,2.55225115900619,,106138500.0,16770
Palau,PLW,1995,2.81281882646702,,121018500.0,17195
Palau,PLW,1996,2.91169579777252,,137494600.0,17654
Palau,PLW,1997,2.27775050392867,,143860800.0,18108
Palau,PLW,1998,1.59578917040714,,149079600.0,18524
Palau,PLW,1999,2.25285666679285,,144206500.0,18901
Palau,PLW,2000,6.46791743257593,,149535827.63671902,19178
Palau,PLW,2001,0.123871349178643,,159453506.46972698,19352
Palau,PLW,2002,-2.85840878834502,-1.30123617436562,162665542.602539,19503
Palau,PLW,2003,-1.81829238634811,0.922874093605824,154559875.48828098,19659
Palau,PLW,2004,3.57521516031211,4.96407576747217,166391555.78613302,19820
Palau,PLW,2005,11.0280736019423,3.9514623522091,191048400.878906,19819
Palau,PLW,2006,1.50287468168901,4.42981143370254,193679687.5,19593
Palau,PLW,2007,1.9417434622127,3.23875035826881,200903640.74707,19302
Palau,PLW,2008,5.95222491574863,11.9655746807329,201167343.139648,19009
Palau,PLW,2009,1.84210839347756,1.43813538308953,189997985.839844,18709
Palau,PLW,2010,-0.0645398446834378,1.44219017355169,188174270.62988305,18396
Palau,PLW,2011,0.540086169407502,4.6746987951807,198873916.62597695,18078
Palau,PLW,2012,7.14900851582783,3.61418047882138,215762390.13671905,17765
Palau,PLW,2013,7.71202544661706,3.35481004221287,224265167.236328,17648
Palau,PLW,2014,2.99107712093694,4.19174548581256,245731216.430664,17715
Palau,PLW,2015,5.97861846793357,0.949040643697081,287215972.90039104,17770
Palau,PLW,2016,7.46603050286012,-1.04230533415074,305404174.80468804,17797
Palau,PLW,2017,-1.03886801058309,1.4179881966692,292345764.160156,17812
Palau,PLW,2018,0.920598423666746,2.10970464135017,288160980.22460896,17814
Palau,PLW,2019,-2.48399540230776,0.26737967914444,281828704.833984,17798
Palau,PLW,2020,-2.27744753063782,0.218181818181833,261179138.183594,17792
Palau,PLW,2021,5.59286809408013,2.6124818577648,229858184.814453,17783
Palau,PLW,2022,9.86330040028969,12.3526638378124,242333709.716797,17759
Palau,PLW,2023,8.24167046557693,12.8199748216534,263020733.717011,17727
,PLW,2024,,2.23172772921704,,17695
Papua New Guinea,PNG,1980,7.09131507200217,12.0643431636459,2545808455.523991,3131512
Papua New Guinea,PNG,1981,-1.30360236083642,8.05422647614106,2498190847.396678,3197019
Papua New Guinea,PNG,1982,3.67880154616576,5.53505535055348,2368719683.4484835,3264291
Papua New Guinea,PNG,1983,18.6599603587854,7.90209790139863,2562351551.0449133,3333633
Papua New Guinea,PNG,1984,7.43829290818989,7.42060920354786,2552662617.188544,3405198
Papua New Guinea,PNG,1985,1.62013834123726,3.71040723981909,2423339171.5001493,3478936
Papua New Guinea,PNG,1986,1.35686908763664,5.45375218150084,2647995602.2869754,3554793
Papua New Guinea,PNG,1987,7.9715999600602,3.33747069369721,3143851794.087228,3632543
Papua New Guinea,PNG,1988,7.92423698484919,5.44508207660464,3656177880.7062554,3711880
Papua New Guinea,PNG,1989,-2.54065314746838,4.48044551322661,3546472565.693639,3796078
Papua New Guinea,PNG,1990,4.13823158649787,6.9533615990307,3219729083.0648656,3896481
Papua New Guinea,PNG,1991,6.9948548910578,6.96568127760753,3787394957.9831934,4021837
Papua New Guinea,PNG,1992,2.87598128685119,4.30961457009748,4377980510.055982,4166699
Papua New Guinea,PNG,1993,-2.4958024652146,4.97411430311646,4974550286.18152,4320872
Papua New Guinea,PNG,1994,7.25308848242234,2.85272217387134,5502786069.651742,4480208
Papua New Guinea,PNG,1995,15.8513307936034,17.280932681459,4636057476.425685,4644278
Papua New Guinea,PNG,1996,1.81187812495239,11.6241782908448,5155311077.389984,4813361
Papua New Guinea,PNG,1997,8.42636158197807,3.96437805228409,4936615298.793669,4987883
Papua New Guinea,PNG,1998,14.5438540145621,13.5741917656809,3789443014.6166177,5166390
Papua New Guinea,PNG,1999,11.0688942082222,14.9321817407701,3477038204.0173297,5349333
Papua New Guinea,PNG,2000,13.1024180405978,15.5958933107535,3521339699.074074,5537064
Papua New Guinea,PNG,2001,6.91391400596221,9.29817332783968,3081024212.4292445,5728435
Papua New Guinea,PNG,2002,12.2904314793296,11.7994470972606,2999511040.197643,5924003
Papua New Guinea,PNG,2003,5.53933744651502,14.7090779663557,3536411824.2958045,6123997
Papua New Guinea,PNG,2004,-1.99237190163089,2.15893131266946,3927157866.9646463,6328041
Papua New Guinea,PNG,2005,12.1823792582037,1.78080439925826,4865892972.275951,6535905
Papua New Guinea,PNG,2006,60.5142859522286,2.3684623841683,8354911040.701925,6747720
Papua New Guinea,PNG,2007,2.79525188570074,0.91135045567524,9545028944.345787,6963345
Papua New Guinea,PNG,2008,11.6654413222722,10.7614182326827,11670892800.530945,7183002
Papua New Guinea,PNG,2009,-4.87930996849984,6.91832532601224,11619456449.265974,7406438
Papua New Guinea,PNG,2010,9.9171611234198,6.01360893567856,14250786674.776615,7633523
Papua New Guinea,PNG,2011,8.83316822422471,4.44083401028971,17985138065.854904,7859346
Papua New Guinea,PNG,2012,-0.574719487183756,4.53720508166972,21295168665.724728,8081390
Papua New Guinea,PNG,2013,3.58693538896726,4.9603174603175,21261338064.878304,8302698
Papua New Guinea,PNG,2014,5.43739265412782,5.22211720226841,23210823987.30796,8523441
Papua New Guinea,PNG,2015,-1.23111841681596,5.99595778127107,21723437010.09821,8743246
Papua New Guinea,PNG,2016,2.51784593601241,6.6737288135593,20758876952.623165,8961718
Papua New Guinea,PNG,2017,7.69953503846061,5.42204568023834,22742699138.35601,9178714
Papua New Guinea,PNG,2018,9.79760566069545,4.37448921453162,24109780708.02678,9394513
Papua New Guinea,PNG,2019,1.06226146394965,3.92867290939597,24751066910.540928,9609010
Papua New Guinea,PNG,2020,1.63449664597253,4.87167398565555,23848445103.92275,9815746
Papua New Guinea,PNG,2021,11.595270333527,4.48359014042398,26113333240.233334,10012896
Papua New Guinea,PNG,2022,15.0288207468673,5.25323922215241,31603619036.633846,10203169
Papua New Guinea,PNG,2023,-3.62211156973066,2.29869991296791,30932496249.791653,10389635
,PNG,2024,,0.602403921107917,,10576502
,POL,1980,,9.68271334792129,,35574150
,POL,1981,,19.1271820448877,,35898587
,POL,1982,,103.55871886121,,36230481
,POL,1983,,25.534759358289,,36571808
,POL,1984,,15.4009994265582,,36904134
,POL,1985,,11.5212607368495,,37201885
,POL,1986,,16.5499681731383,,37456119
,POL,1987,,26.3790278536323,,37668045
,POL,1988,,58.7208297320654,,37824487
,POL,1989,,244.550932984827,,37961529
,POL,1990,,567.878800666191,65977748210.52632,38110782
Poland,POL,1991,55.2559947974759,76.7694992087347,85500935934.99008,38246193
Poland,POL,1992,38.6254669474972,46.0985621037431,94337050693.27267,38363667
Poland,POL,1993,30.6427963969414,36.9641666120718,96043157272.86205,38461408
Poland,POL,1994,37.234034809391,32.9912766093522,110803635287.62108,38542652
Poland,POL,1995,27.4436170381266,27.951388563304,142293781028.56802,38594998
Poland,POL,1996,17.9812076556664,19.7949669196707,160193242090.4269,38624370
Poland,POL,1997,13.705396610689,14.9131586149599,159358178533.6591,38649660
Poland,POL,1998,11.047610741545,11.5978554257235,174685791563.56104,38663481
Poland,POL,1999,6.17757158989451,7.15407291179862,170030662134.73392,38660271
Poland,POL,2000,6.05771219530757,9.90017538843064,172220451786.9572,38258629
Poland,POL,2001,3.20159779959089,5.40833545566148,190905493539.1681,38248076
Poland,POL,2002,1.81506961191238,1.90528215048055,199070448694.90024,38230364
Poland,POL,2003,0.774657560908707,0.682701375787681,217828661056.93512,38204570
Poland,POL,2004,4.9331164049614,3.38264681884691,255107252158.6312,38182222
Poland,POL,2005,2.62309460808356,2.18379872390258,306145944824.9303,38165445
Poland,POL,2006,1.75153451356896,1.28469394366408,344626667414.2921,38141267
Poland,POL,2007,3.79514149842248,2.45874312385402,429020755432.721,38120560
Poland,POL,2008,3.93429626496579,4.16497193524764,533599779515.7149,38125759
Poland,POL,2009,3.88764838548563,3.79539242483406,439731589139.2123,38151603
Poland,POL,2010,1.57921733174169,2.58069370250543,475696613935.5952,38042794
Poland,POL,2011,3.06571454649757,4.2394014962594,524374183218.3088,38063255
Poland,POL,2012,2.18343357394524,3.56037151702783,495230523665.9008,38063164
Poland,POL,2013,0.270975789944856,0.991982606332428,515761954074.1571,38040196
Poland,POL,2014,0.482272387523025,0.0538213132399802,539080475073.7191,38011735
Poland,POL,2015,1.32071091723995,-0.87412587412577,477111287969.2267,37986412
Poland,POL,2016,0.0828624483893066,-0.664767331433961,470024599375.6187,37970087
Poland,POL,2017,1.77020284945432,2.0759355367385,524641252834.8256,37974826
Poland,POL,2018,1.22699825174134,1.81295156542679,588779796423.6954,37974750
Poland,POL,2019,3.02644690867653,2.227478809383,596058473058.7661,37965475
Poland,POL,2020,4.23859434856777,3.37446972618589,599442732365.372,37515748
Poland,POL,2021,5.34023602800748,5.05502704719272,681346077608.6073,36981559
Poland,POL,2022,10.689577427514,14.4294507575758,689763329458.4408,36821749
Poland,POL,2023,9.54718862520608,11.5289127961105,811229100687.5663,36687353
,POL,2024,,3.7842600751287,,36559233
Pre-demographic dividend,PRE,1980,12.4196622417449,,236812267826.79272,322965422
Pre-demographic dividend,PRE,1981,10.8530772679157,,335076022810.975,330988678
Pre-demographic dividend,PRE,1982,11.5925537512913,,315591551981.4234,339575832
Pre-demographic dividend,PRE,1983,12.3005547092403,,260933454807.45132,349226289
Pre-demographic dividend,PRE,1984,12.4417247282276,,245862421024.7255,359259708
Pre-demographic dividend,PRE,1985,9.58787789693064,,254696133348.0378,369570962
Pre-demographic dividend,PRE,1986,5.56544143369459,6.18477854456934,218052503775.90277,379883689
Pre-demographic dividend,PRE,1987,9.85873535464535,8.15234253800871,235233458003.2039,390374024
Pre-demographic dividend,PRE,1988,7.7067880725945,9.31063652987074,244849796042.653,400820214
Pre-demographic dividend,PRE,1989,9.39289887253588,8.27501608751592,245877513167.59827,411682495
Pre-demographic dividend,PRE,1990,10.4948627903721,6.60022564874018,411261396125.1691,422471117
Pre-demographic dividend,PRE,1991,8.54018289662375,8.59264760490192,222301158525.5582,433111892
Pre-demographic dividend,PRE,1992,9.50918381129875,9.48654250617163,171870413347.9919,445411988
Pre-demographic dividend,PRE,1993,7.74264567579905,7.91707419362654,182134316693.28836,459529211
Pre-demographic dividend,PRE,1994,26.171881312568,34.6496361508324,189980294388.55087,475022693
Pre-demographic dividend,PRE,1995,11.0842103567644,16.4335034524163,279729999552.84045,490118620
Pre-demographic dividend,PRE,1996,9.07483488878513,7.19164660433344,337881522452.0264,503373634
Pre-demographic dividend,PRE,1997,4.96451768202839,6.87063927616147,371751569289.5069,516729805
Pre-demographic dividend,PRE,1998,6.2099695419688,6.46522629708624,393137103079.73047,531450214
Pre-demographic dividend,PRE,1999,7.18914294704696,3.8123720536602,244884670512.1051,546890075
Pre-demographic dividend,PRE,2000,8.5066010783456,4.16540442290284,282743056562.662,562428025
Pre-demographic dividend,PRE,2001,5.41956994561858,5.07745045522496,268398133177.29684,578587390
Pre-demographic dividend,PRE,2002,4.37639663450484,4.37875971780873,308709461199.595,596114535
Pre-demographic dividend,PRE,2003,6.23839330826079,5.2277338613968,336310592477.5337,614269146
Pre-demographic dividend,PRE,2004,10.3358985016276,4.10703593955402,419004384473.70935,632445407
Pre-demographic dividend,PRE,2005,8.10428690011478,7.7974978178644,521959796164.308,651320620
Pre-demographic dividend,PRE,2006,7.33054791629083,6.69526465773354,656227260844.8481,670229212
Pre-demographic dividend,PRE,2007,6.88838910319755,5.99590755876368,793488291778.382,688722596
Pre-demographic dividend,PRE,2008,9.11699967289589,10.2876847921194,989251021076.2988,708796270
Pre-demographic dividend,PRE,2009,1.86213189302369,4.56150687670983,896733060947.7655,730293963
Pre-demographic dividend,PRE,2010,6.51200368905668,3.97655288478168,1047586126685.7653,752046672
Pre-demographic dividend,PRE,2011,10.0650129672316,6.4293968107234,1213699206148.598,774567417
Pre-demographic dividend,PRE,2012,5.82399948795916,6.44121280934117,1319408228653.5835,798002725
Pre-demographic dividend,PRE,2013,3.05345916925037,4.63161619729461,1448620258000.1326,822138419
Pre-demographic dividend,PRE,2014,1.26864344003421,3.30503762552982,1535536224140.676,846420736
Pre-demographic dividend,PRE,2015,2.86366512298943,3.40274327737188,1305833014908.772,870587800
Pre-demographic dividend,PRE,2016,2.98011408445534,4.66466235810216,1163168926723.7832,895239872
Pre-demographic dividend,PRE,2017,4.64905081962502,4.97595150553833,1214614486271.2874,920568701
Pre-demographic dividend,PRE,2018,4.21502841459056,2.96760366004456,1353360006187.6426,946317177
Pre-demographic dividend,PRE,2019,3.00001181631713,2.45280214062732,1427162956056.1565,972302503
Pre-demographic dividend,PRE,2020,2.72148444149991,3.48393567493204,1309584194481.233,998624261
Pre-demographic dividend,PRE,2021,6.64074341609775,4.25936417542868,1435824208115.6304,1024960313
Pre-demographic dividend,PRE,2022,7.91416641125198,8.16059031991844,1639586866408.6606,1051201551
Pre-demographic dividend,PRE,2023,3.92197888518862,6.53322640452533,1562533897053.5369,1078224044
,PRE,2024,,,,1105951788
Puerto Rico,PRI,1980,8.6152627356435,,14436100000.0,3206000
Puerto Rico,PRI,1981,9.27200376979316,,15955700000.0,3242552
Puerto Rico,PRI,1982,6.7285372110186,,16764200000.0,3277453
Puerto Rico,PRI,1983,5.52795112993401,,17276600000.0,3311138
Puerto Rico,PRI,1984,4.70865202774749,,19162600000.0,3344190
Puerto Rico,PRI,1985,2.69814433019486,,20289200000.0,3377000
Puerto Rico,PRI,1986,3.33456826427405,,22009300000.0,3409554
Puerto Rico,PRI,1987,3.20796942386153,,24025800000.0,3441850
Puerto Rico,PRI,1988,3.71561202913409,,26385800000.0,3473898
Puerto Rico,PRI,1989,2.29421371079133,,28161200000.0,3505650
Puerto Rico,PRI,1990,11.851238620666,,30603919000.0,3537000
Puerto Rico,PRI,1991,3.12329748139963,,32287031000.0,3562110
Puerto Rico,PRI,1992,2.57638033365757,,34630430000.0,3585176
Puerto Rico,PRI,1993,1.88639080485686,,36922456000.0,3615497
Puerto Rico,PRI,1994,3.17826454435237,,39690630000.0,3649237
Puerto Rico,PRI,1995,2.77418243753762,,42647331000.0,3683103
Puerto Rico,PRI,1996,3.9115527761346,,45340835000.0,3724655
Puerto Rico,PRI,1997,1.33225023071017,,48187039000.0,3759430
Puerto Rico,PRI,1998,6.36014257640234,,54086400000.0,3781101
Puerto Rico,PRI,1999,1.47277776354353,,57841000000.0,3800081
Puerto Rico,PRI,2000,3.29507190726073,,61701800000.0,3810605
Puerto Rico,PRI,2001,5.50491102448856,,69208400000.0,3818774
Puerto Rico,PRI,2002,2.54977824252131,,71623500000.0,3823701
Puerto Rico,PRI,2003,4.41747288386816,,74827400000.0,3826095
Puerto Rico,PRI,2004,-1.29217804980364,,80322313000.0,3826878
Puerto Rico,PRI,2005,6.5901225334009,,83914521300.0,3821362
Puerto Rico,PRI,2006,5.49286384229941,,87276164400.0,3805214
Puerto Rico,PRI,2007,3.78248397653111,,89524131600.0,3782995
Puerto Rico,PRI,2008,6.56185783978739,,93639300000.0,3760866
Puerto Rico,PRI,2009,4.98255558535305,,96385600000.0,3740410
Puerto Rico,PRI,2010,2.49409859130991,,98381300000.0,3724465
Puerto Rico,PRI,2011,2.36982634915921,,100351700000.0,3693464
Puerto Rico,PRI,2012,1.17922814906284,,101564800000.0,3661045
Puerto Rico,PRI,2013,1.18201519575018,,102450000000.0,3631427
Puerto Rico,PRI,2014,1.20055485938157,,102445800000.0,3585017
Puerto Rico,PRI,2015,1.97754447018805,,103375500000.0,3535167
Puerto Rico,PRI,2016,2.22158248433406,,104336700000.0,3480432
Puerto Rico,PRI,2017,2.09140216242223,,103445500000.0,3410837
Puerto Rico,PRI,2018,2.04611568543814,,100958100000.0,3290690
Puerto Rico,PRI,2019,2.41285225696176,,105126400000.0,3302691
Puerto Rico,PRI,2020,2.38228345642378,,103130900000.0,3281590
Puerto Rico,PRI,2021,2.79963990475235,,106426600000.0,3262711
Puerto Rico,PRI,2022,3.03307902175796,,113567200000.0,3220137
Puerto Rico,PRI,2023,3.23545943820875,,117902300000.0,3203792
,PRI,2024,,,,3203295
,PRK,1980,,,,18236786
,PRK,1981,,,,18501295
,PRK,1982,,,,18776357
,PRK,1983,,,,19054034
,PRK,1984,,,,19335043
,PRK,1985,,,,19620388
,PRK,1986,,,,19910855
,PRK,1987,,,,20205483
,PRK,1988,,,,20503161
,PRK,1989,,,,20804367
,PRK,1990,,,,21112137
,PRK,1991,,,,21428638
,PRK,1992,,,,21750911
,PRK,1993,,,,22073352
,PRK,1994,,,,22393975
,PRK,1995,,,,22669304
,PRK,1996,,,,22895746
,PRK,1997,,,,23110830
,PRK,1998,,,,23311564
,PRK,1999,,,,23497599
,PRK,2000,,,,23665910
,PRK,2001,,,,23815358
,PRK,2002,,,,23943973
,PRK,2003,,,,24090380
,PRK,2004,,,,24254943
,PRK,2005,,,,24396433
,PRK,2006,,,,24524507
,PRK,2007,,,,24646383
,PRK,2008,,,,24764618
,PRK,2009,,,,24878332
,PRK,2010,,,,24987258
,PRK,2011,,,,25097874
,PRK,2012,,,,25211728
,PRK,2013,,,,25329451
,PRK,2014,,,,25451262
,PRK,2015,,,,25575350
,PRK,2016,,,,25698326
,PRK,2017,,,,25817709
,PRK,2018,,,,25931147
,PRK,2019,,,,26037632
,PRK,2020,,,,26136312
,PRK,2021,,,,26232534
,PRK,2022,,,,26328845
,PRK,2023,,,,26418204
,PRK,2024,,,,26498823
Portugal,PRT,1980,20.9030341682529,15.8674803836094,32896519823.788544,9766312
Portugal,PRT,1981,17.6089220223462,19.0404107466915,31977276872.96417,9851362
Portugal,PRT,1982,20.6903281263427,21.6792837277095,30527754793.138245,9911771
Portugal,PRT,1983,24.6052607933432,24.0027623802917,27239650741.94716,9957865
Portugal,PRT,1984,24.6757218145599,28.3846388897103,25217969049.57546,9996232
Portugal,PRT,1985,21.7345610398599,19.4614100078696,27115807742.087303,10023613
Portugal,PRT,1986,20.4511287500787,12.3313334897219,38745901353.70594,10032734
Portugal,PRT,1987,10.0967848790145,9.63483186245753,48182925857.40714,10030031
Portugal,PRT,1988,11.1653895509206,10.1016321152266,56347250696.37883,10019610
Portugal,PRT,1989,10.5138051020058,12.6863036456149,60594092182.32748,10005000
Portugal,PRT,1990,13.1446517935351,13.6305705693074,78713860216.56589,9983218
Portugal,PRT,1991,10.0861850339282,11.8494841773675,89233599278.47925,9960235
Portugal,PRT,1992,11.446031896365,9.55926033177508,107592098307.09831,9952494
Portugal,PRT,1993,7.37643091794273,6.78377994665407,95009751901.2592,9964675
Portugal,PRT,1994,7.27762696131205,5.42044019241626,99688641304.34782,9991525
Portugal,PRT,1995,3.42861704103863,4.22281614099486,118122007430.01192,10026176
Portugal,PRT,1996,2.39087516771916,3.06897732509789,122630089680.27034,10063945
Portugal,PRT,1997,3.8852081927907,2.33686298314116,117016535162.95026,10108977
Portugal,PRT,1998,3.82503294242467,2.5727522590913,123946327916.29564,10160196
Portugal,PRT,1999,3.37052777177843,2.34009490312169,127470385557.18369,10217828
Portugal,PRT,2000,3.42026922478691,2.85303039287157,118605192877.38847,10289898
Portugal,PRT,2001,3.71598296328852,4.36990330551793,121604107164.9966,10362722
Portugal,PRT,2002,4.18978080337165,3.60034658290914,134795565549.41943,10419631
Portugal,PRT,2003,3.42715361859851,3.21899090682895,165226175536.7926,10458821
Portugal,PRT,2004,2.3996146882501,2.36536204097302,189382122532.1688,10483861
Portugal,PRT,2005,3.33290369749524,2.27716394887834,197253876704.9213,10503330
Portugal,PRT,2006,3.18454219038284,3.1076654587105,208756449275.84796,10522288
Portugal,PRT,2007,2.9663454228881,2.45396528138743,240496147317.3808,10542964
Portugal,PRT,2008,1.73772506153611,2.58850657657959,263416394624.08356,10558177
Portugal,PRT,2009,1.09813450978061,-0.835530021504157,244667762835.5432,10568247
Portugal,PRT,2010,0.782135870239699,1.40257289895369,238113003233.28375,10573100
Portugal,PRT,2011,-0.260435343228338,3.65301100430724,245117990242.2476,10557560
Portugal,PRT,2012,-0.376402236465708,2.77333854051586,216224240577.95743,10514844
Portugal,PRT,2013,2.27438689186236,0.274416666666663,226433858005.714,10457295
Portugal,PRT,2014,0.724456717260622,-0.278153367467428,229901964221.88428,10401062
Portugal,PRT,2015,1.96244673853694,0.48793862390472,199394066525.4401,10358076
Portugal,PRT,2016,1.85408723431426,0.607397074641719,206426152308.93085,10325452
Portugal,PRT,2017,1.53220021015437,1.36861411643472,221357874718.92975,10300300
Portugal,PRT,2018,1.8523724616237,0.993715683468326,242313116577.9669,10283822
Portugal,PRT,2019,1.83436786237921,0.338178410046034,239986922638.9016,10286263
Portugal,PRT,2020,2.10314342298463,-0.0124383299575305,229031860520.77728,10297081
Portugal,PRT,2021,2.01977632737365,1.26565719069044,255534839405.899,10361831
Portugal,PRT,2022,5.32749894377305,7.83269124233323,255196659934.3784,10434332
Portugal,PRT,2023,6.90236590321598,4.31128191898672,287080013574.4972,10578174
,PRT,2024,,2.41613187791884,,10694681
Paraguay,PRY,1980,16.534944617499,22.4473301362177,4448087301.587317,3053235
Paraguay,PRY,1981,15.8261734027961,12.9746974698193,5624515873.015888,3137604
Paraguay,PRY,1982,5.47461734334969,5.12006543713188,5419411764.705896,3226189
Paraguay,PRY,1983,15.9078209005113,13.4337555631631,5673248726.164398,3318068
Paraguay,PRY,1984,28.8420858784008,20.3114625460255,4502462807.139926,3412936
Paraguay,PRY,1985,26.1313301184776,25.2107164358818,3282449235.761289,3510671
Paraguay,PRY,1986,26.896747649867,31.7425972672999,3723993942.790897,3611474
Paraguay,PRY,1987,27.9690683037033,21.8102740350983,3971044723.8024096,3714889
Paraguay,PRY,1988,27.2355212990878,22.5942571785268,4255683528.333345,3820546
Paraguay,PRY,1989,31.454919599939,26.4221267235586,4757732199.962137,3927802
Paraguay,PRY,1990,36.607531327035,37.2599561799201,5812114523.0118885,4035747
Paraguay,PRY,1991,25.1198370187067,24.2253521126763,6984367762.903712,4144364
Paraguay,PRY,1992,14.0829206349286,15.192743764172,7157424031.060454,4253600
Paraguay,PRY,1993,12.2200349582446,18.2086614173228,7249533620.30614,4362696
Paraguay,PRY,1994,12.5733704419943,20.5661948376355,7870982004.819505,4471417
Paraguay,PRY,1995,11.076427188031,13.4254143646407,9062131475.023178,4579806
Paraguay,PRY,1996,11.4214482360733,9.79968339016083,9788391780.52421,4687543
Paraguay,PRY,1997,3.41098924066357,6.94956608534118,9965225678.05093,4794412
Paraguay,PRY,1998,16.2585763328884,11.5532684355839,9260481572.42462,4900025
Paraguay,PRY,1999,10.6801279115958,6.75226586102725,8837070235.51892,5003135
Paraguay,PRY,2000,14.6645054427207,8.98215976750022,8855705139.558565,5100868
Paraguay,PRY,2001,13.9356046926921,7.26806028584825,8495806432.184669,5187689
Paraguay,PRY,2002,17.949384209928,10.5102420856612,7196260656.845559,5261328
Paraguay,PRY,2003,15.144324650951,14.2367970499143,7691367471.179918,5326436
Paraguay,PRY,2004,11.8350052238006,4.32326492967491,9624440836.293097,5388175
Paraguay,PRY,2005,12.9528241180261,6.80738203116377,10737500188.112309,5448097
Paraguay,PRY,2006,8.8558326538908,9.58934941129229,13429430050.260954,5505148
Paraguay,PRY,2007,12.6355056430918,8.13047417698577,17856393235.433792,5559386
Paraguay,PRY,2008,12.2247550551932,10.1547846489023,24615267663.54557,5613574
Paraguay,PRY,2009,3.64796491881232,2.59194673430567,22355151161.99399,5671236
Paraguay,PRY,2010,4.65570138250342,4.65116279069765,27260886405.226337,5737971
Paraguay,PRY,2011,5.09571053875749,8.2539682539683,33756238766.500004,5814626
Paraguay,PRY,2012,4.79827587865157,3.67591897974496,33271921136.314976,5897008
Paraguay,PRY,2013,4.33767609515789,2.68385738718582,38501122141.424126,5982445
Paraguay,PRY,2014,2.85700648471038,5.02882767456766,40377929295.64187,6069811
Paraguay,PRY,2015,1.60388801037963,3.12900274473925,36211447840.09714,6159103
Paraguay,PRY,2016,4.13475444403026,4.08682280577241,36089700222.946144,6249126
Paraguay,PRY,2017,2.15920929174615,3.60247741348943,38997129473.55579,6338660
Paraguay,PRY,2018,1.96024819846549,3.97561015740694,40225448340.63216,6427382
Paraguay,PRY,2019,3.06187945458328,2.75709727562775,37925338329.149445,6515058
Paraguay,PRY,2020,2.20392146778615,1.76751592356698,35432178068.18139,6603739
Paraguay,PRY,2021,8.44812602664209,4.787983101236,39950899938.74815,6684182
Paraguay,PRY,2022,8.05446050272607,9.76556667164402,41952910858.08456,6760464
Paraguay,PRY,2023,2.06875531020788,4.63202285403356,42956263543.948166,6844146
,PRY,2024,,3.83540271728533,,6929153
,PSE,1990,,,,1978248
,PSE,1991,,,,2068845
,PSE,1992,,,,2163591
,PSE,1993,,,,2262676
,PSE,1994,,,2843300000.0,2366298
West Bank and Gaza,PSE,1995,7.78537880697799,,3282800000.0,2474666
West Bank and Gaza,PSE,1996,2.61624355992755,,3409600000.0,2587997
West Bank and Gaza,PSE,1997,-3.83424632990953,7.08700591205709,3759800000.0,2706518
West Bank and Gaza,PSE,1998,-5.37213466791881,5.57964505838268,4067800000.0,2776568
West Bank and Gaza,PSE,1999,-3.02948623928063,5.54439180368747,4271200000.0,2848431
West Bank and Gaza,PSE,2000,10.4416072420693,2.79819892435758,4313600000.0,2922153
West Bank and Gaza,PSE,2001,2.34518915603925,1.22278475878898,4003700000.0,2997784
West Bank and Gaza,PSE,2002,1.48692291117247,5.70951585976626,3555800000.0,3075373
West Bank and Gaza,PSE,2003,-2.12542725606015,4.40303221730888,3968000000.0,3154969
West Bank and Gaza,PSE,2004,-4.85459644251063,3.00417498638593,4603100000.0,3236626
West Bank and Gaza,PSE,2005,0.0562197269976821,4.10725070715931,5125700000.0,3320396
West Bank and Gaza,PSE,2006,5.39312306887525,3.84234125624782,5348300000.0,3406334
West Bank and Gaza,PSE,2007,4.77023412941875,1.85974379351111,5815700000.0,3494496
West Bank and Gaza,PSE,2008,17.0083554064538,9.88999788691849,7310400000.0,3591977
West Bank and Gaza,PSE,2009,1.85273346648474,2.75393485083151,8085700000.0,3689099
West Bank and Gaza,PSE,2010,13.1963162481764,3.74915727597096,9681500000.0,3786161
West Bank and Gaza,PSE,2011,5.41982473738784,2.8772435849594,11186100000.0,3882986
West Bank and Gaza,PSE,2012,2.86773402643237,2.77908768282492,12208400000.0,3979998
West Bank and Gaza,PSE,2013,5.7383714378646,1.72439933626931,13515500000.0,4076708
West Bank and Gaza,PSE,2014,3.67222811544951,1.73298510037447,13989700000.0,4173398
West Bank and Gaza,PSE,2015,-3.70701301671946,1.43161145810476,13972400000.0,4270092
West Bank and Gaza,PSE,2016,1.27802248372888,-0.219106604907316,15405400000.0,4367088
West Bank and Gaza,PSE,2017,3.22541499220273,0.212570934228881,16128000000.0,4454805
West Bank and Gaza,PSE,2018,-0.301992725159963,-0.195107773730735,16276600000.0,4569087
West Bank and Gaza,PSE,2019,3.84946930147241,1.58018333639455,17133500000.0,4685306
West Bank and Gaza,PSE,2020,2.22090183339058,-0.735332001092191,15531700000.0,4803269
West Bank and Gaza,PSE,2021,8.95397174062261,1.23748102831369,18109000000.0,4922749
West Bank and Gaza,PSE,2022,1.68265652739991,3.74122391852077,19165500000.0,5043612
West Bank and Gaza,PSE,2023,-3.90362226607192,5.87110177678988,17396300000.0,5165775
,PSE,2024,,,,5289152
Pacific island small states,PSS,1980,12.6684664265555,,1890462575.4369931,1454476
Pacific island small states,PSS,1981,8.91696548410359,,1955896931.85932,1487561
Pacific island small states,PSS,1982,8.11308684183778,,1925210534.6244276,1521261
Pacific island small states,PSS,1983,7.99999968992616,,1843164674.020281,1555284
Pacific island small states,PSS,1984,4.81547619711861,,1938207509.2797887,1590058
Pacific island small states,PSS,1985,6.57492344872388,,1862274198.467383,1625654
Pacific island small states,PSS,1986,5.09796980804653,,2030422410.0298016,1660533
Pacific island small states,PSS,1987,7.3400103804891,,1986321622.5951943,1692234
Pacific island small states,PSS,1988,7.32801562142799,,2046491427.7919228,1721206
Pacific island small states,PSS,1989,4.81195035186872,,2132735951.5380208,1748900
Pacific island small states,PSS,1990,6.67946936480652,,2385286557.553559,1775607
Pacific island small states,PSS,1991,6.11137374189623,,2529764745.3474545,1801531
Pacific island small states,PSS,1992,7.34406692918725,,2777196194.832216,1827395
Pacific island small states,PSS,1993,3.03372401956675,,2916386566.9274325,1853148
Pacific island small states,PSS,1994,2.61503131184722,,3414847819.09534,1878007
Pacific island small states,PSS,1995,1.76808993287383,,3706469724.205885,1901782
Pacific island small states,PSS,1996,2.97475626535409,,3971732138.2281537,1926342
Pacific island small states,PSS,1997,3.17702279255163,,3981606456.547864,1954642
Pacific island small states,PSS,1998,3.41364075045701,,3432249336.1636286,1984859
Pacific island small states,PSS,1999,4.60720539435981,,3744358277.453839,2014289
Pacific island small states,PSS,2000,2.17897058141293,2.34810327420263,3448222600.924604,2042274
Pacific island small states,PSS,2001,3.36684864796393,4.05547744166415,3391891585.173828,2069097
Pacific island small states,PSS,2002,3.42591432642898,1.96356754199195,3556817548.4944625,2095273
Pacific island small states,PSS,2003,3.08626672696697,3.01624129930394,4239645994.428815,2120592
Pacific island small states,PSS,2004,3.57521516031211,4.96407576747217,4876721916.033783,2145505
Pacific island small states,PSS,2005,3.99513339074883,3.9514623522091,5412748919.654168,2170029
Pacific island small states,PSS,2006,3.74675881881485,4.42981143370254,5680719028.439601,2194265
Pacific island small states,PSS,2007,3.17445993547543,4.36959514201881,6259150036.439477,2218230
Pacific island small states,PSS,2008,5.95222491574863,11.0064471756381,6702842278.154128,2240739
Pacific island small states,PSS,2009,1.9984618347907,5.31100954595292,6042995506.231469,2262456
Pacific island small states,PSS,2010,1.47170880333948,2.10244243416258,6646636169.350476,2289399
Pacific island small states,PSS,2011,1.99862599481449,4.87864641704221,7754564667.391935,2320899
Pacific island small states,PSS,2012,4.28459194493769,2.0490188352116,8219726546.103479,2351924
Pacific island small states,PSS,2013,2.34629009874605,1.60563054554341,8544636536.179372,2382931
Pacific island small states,PSS,2014,2.99107712093694,1.45142452367373,9290027187.464344,2414338
Pacific island small states,PSS,2015,3.35777295956466,0.648242939254493,9082590662.612247,2445989
Pacific island small states,PSS,2016,2.6333258273187,1.07339388853343,9532201525.568129,2477794
Pacific island small states,PSS,2017,2.5766856785921,1.58394248575813,10290482444.21077,2509999
Pacific island small states,PSS,2018,3.86213659037344,2.89621932270297,10791457053.208267,2542009
Pacific island small states,PSS,2019,1.24130303241819,1.40719939417027,10729092905.364285,2568656
Pacific island small states,PSS,2020,1.22360923994052,0.386388224517503,9505064735.520332,2595522
Pacific island small states,PSS,2021,2.47456266775067,2.47788271992717,9493809706.88294,2625493
Pacific island small states,PSS,2022,2.44798502613514,6.09871755232029,10316299126.575956,2656049
Pacific island small states,PSS,2023,6.1442403402407,7.92164684826777,11232231820.248749,2689224
,PSS,2024,,,,2722467
Post-demographic dividend,PST,1980,11.1271090045314,11.9499716626145,8577409479957.712,909919829
Post-demographic dividend,PST,1981,9.49347686676925,11.7673874344181,8676801763704.062,916024683
Post-demographic dividend,PST,1982,8.45584187374484,9.47098932052413,8637494471012.608,921558505
Post-demographic dividend,PST,1983,5.6128505058284,7.31048579668418,8963210612397.846,926768139
Post-demographic dividend,PST,1984,5.18324310134047,6.19476379545977,9364088660743.951,931624894
Post-demographic dividend,PST,1985,4.21552712211732,4.77374272340097,9858837244241.072,936480384
Post-demographic dividend,PST,1986,3.74226138866254,3.1590972945193,12051302316497.309,941566838
Post-demographic dividend,PST,1987,4.72094917823456,4.0665111594411,13971558421011.951,946817118
Post-demographic dividend,PST,1988,4.7042293808103,4.6862018375304,15737315371947.783,952284317
Post-demographic dividend,PST,1989,5.36603954195069,5.7159915513563,16431788372617.123,958176572
Post-demographic dividend,PST,1990,4.65052231416761,6.09844414810204,18436214579431.547,964371624
Post-demographic dividend,PST,1991,4.95219383789978,5.62586408593005,19448540086487.93,971291914
Post-demographic dividend,PST,1992,3.64174499769207,4.03703020778739,20866668164008.004,978087877
Post-demographic dividend,PST,1993,3.93959174225874,4.14481954180488,21022428855462.0,984398082
Post-demographic dividend,PST,1994,3.5424254457424,2.95340936761079,22513635054195.8,990028770
Post-demographic dividend,PST,1995,3.92228355033605,3.75494413677554,24977031815726.297,995338472
Post-demographic dividend,PST,1996,2.46464579365713,2.61538461538461,25095363059514.88,1000836719
Post-demographic dividend,PST,1997,2.27527741665009,2.20114313510882,24601931858245.92,1006102041
Post-demographic dividend,PST,1998,1.33800148159074,1.8343299990841,24708127107997.992,1011086034
Post-demographic dividend,PST,1999,1.44619968030012,1.6117611762866,25945456942615.46,1015990094
Post-demographic dividend,PST,2000,1.88703376708934,2.57987611218614,26398822852316.21,1021150563
Post-demographic dividend,PST,2001,2.55355795739837,2.65691093929316,26143738576771.12,1026105872
Post-demographic dividend,PST,2002,2.09166459175931,1.99874921149352,27268490857927.395,1031302538
Post-demographic dividend,PST,2003,2.051753640129,2.02168542857986,30570527940011.02,1036498631
Post-demographic dividend,PST,2004,2.65942403251839,2.07924464636088,33970525840134.297,1041890752
Post-demographic dividend,PST,2005,2.57949933435206,2.3753195897788,35741585554610.07,1047140108
Post-demographic dividend,PST,2006,2.64322768488834,2.45792444195865,37604152308152.57,1052866351
Post-demographic dividend,PST,2007,3.21898156759048,2.32761128891476,41042492733642.28,1059147302
Post-demographic dividend,PST,2008,3.19958985453628,4.15279708110293,43475365266059.43,1065603711
Post-demographic dividend,PST,2009,1.42510896534982,0.839262246793887,40925526158278.73,1071118156
Post-demographic dividend,PST,2010,1.19148458387534,1.99621236745887,42685593909416.29,1076208648
Post-demographic dividend,PST,2011,1.87432911686035,3.3298532335065,45847684271547.93,1079468050
Post-demographic dividend,PST,2012,1.42176623933694,2.48567562177015,45779692961073.23,1084193277
Post-demographic dividend,PST,2013,1.34203875221706,1.40858109183019,46270713136341.41,1088424167
Post-demographic dividend,PST,2014,1.32984270637617,0.906794000434246,47207349839752.07,1093025476
Post-demographic dividend,PST,2015,1.40488460475715,0.36804684232536,44669765037594.52,1097890139
Post-demographic dividend,PST,2016,0.968898411539399,0.607397074641719,45693398993292.13,1102966925
Post-demographic dividend,PST,2017,1.91914020037598,1.73079959118887,47667106352008.09,1107161559
Post-demographic dividend,PST,2018,1.95385298260793,1.7386086198818,50504305917292.34,1111377470
Post-demographic dividend,PST,2019,2.00217897831395,1.61963190184048,51018795008395.88,1114898817
Post-demographic dividend,PST,2020,1.7743544290572,0.632267331911715,50004904334179.59,1117007476
Post-demographic dividend,PST,2021,2.7551375897485,2.50835221473776,55588775180110.445,1116582773
Post-demographic dividend,PST,2022,6.32569953527321,7.87737003690613,56564201304341.56,1117394729
Post-demographic dividend,PST,2023,5.81875394007432,5.09396758978883,59851800976561.17,1121315547
,PST,2024,,,,1128377826
French Polynesia,PYF,1980,7.41573142573885,,1320416024.955902,156471
French Polynesia,PYF,1981,17.1672183106717,,1234743073.0049667,161506
French Polynesia,PYF,1982,19.0219329089045,,1235897957.8926506,166646
French Polynesia,PYF,1983,17.6480229558757,,1284180701.0096884,171750
French Polynesia,PYF,1984,15.6285981882894,,1325515445.0819688,176469
French Polynesia,PYF,1985,13.669781865706,,1448281228.1585286,180988
French Polynesia,PYF,1986,3.68557738747803,,2212028299.560276,185669
French Polynesia,PYF,1987,3.74651809381791,,2677977163.2116284,190449
French Polynesia,PYF,1988,4.55250097556372,,2723496362.046453,195193
French Polynesia,PYF,1989,5.15711856377685,,2731683484.4562263,199643
French Polynesia,PYF,1990,3.59871263211701,,3320159522.365726,203776
French Polynesia,PYF,1991,2.66803918686558,,3410078967.898227,207744
French Polynesia,PYF,1992,3.6943538228855,,3713785765.4220495,211559
French Polynesia,PYF,1993,3.44736980312632,,3544608548.4173365,215219
French Polynesia,PYF,1994,3.39709960718058,,3676123788.032299,218738
French Polynesia,PYF,1995,2.79722250633534,,4186994249.088612,222118
French Polynesia,PYF,1996,2.65925391091335,,4166072829.600989,225489
French Polynesia,PYF,1997,3.18143347196443,,3762859093.261924,229121
French Polynesia,PYF,1998,3.0593771199779,,3903186592.824305,232891
French Polynesia,PYF,1999,2.66868197482361,,3911602004.142045,236595
French Polynesia,PYF,2000,2.85720915835998,,3599845480.3435864,240337
French Polynesia,PYF,2001,2.72943890799586,,3573808556.312676,244097
French Polynesia,PYF,2002,4.21491436348742,,3965405552.520302,247775
French Polynesia,PYF,2003,1.71726805884683,,4927780606.770702,251637
French Polynesia,PYF,2004,1.69146020964075,,5564109981.913795,255654
French Polynesia,PYF,2005,2.20077195397286,,5705052134.542532,259507
French Polynesia,PYF,2006,1.18694415765546,,5877997979.622657,263223
French Polynesia,PYF,2007,1.62404031539968,,6631156405.596368,266438
French Polynesia,PYF,2008,0.279672532219806,,7136741421.959083,268379
French Polynesia,PYF,2009,1.586850062683,,6584557973.937495,269481
French Polynesia,PYF,2010,-0.287103184096253,,6086644798.559816,270580
French Polynesia,PYF,2011,0.0398540381661689,,6203940036.919825,271727
French Polynesia,PYF,2012,0.346766937067926,,5692858099.002168,273084
French Polynesia,PYF,2013,2.09042696818406,,6031827122.606632,274728
French Polynesia,PYF,2014,1.36123772707739,,6151996560.842894,276387
French Polynesia,PYF,2015,1.9600633571178,,5325846361.811863,277866
French Polynesia,PYF,2016,1.06284877515266,,5497036476.8031,279178
French Polynesia,PYF,2017,-0.379454943329449,,5833352692.799503,280087
French Polynesia,PYF,2018,-1.20319688581242,,6135116253.334518,279815
French Polynesia,PYF,2019,0.822431269471167,,6022276196.13871,279034
French Polynesia,PYF,2020,1.65824532511503,,5792545870.806137,279209
French Polynesia,PYF,2021,0.198829632204649,,6150640646.383186,279792
French Polynesia,PYF,2022,1.79361104875255,,5814661208.905444,280378
,PYF,2023,,,,281118
,PYF,2024,,,,281807
Qatar,QAT,1980,36.0856215172146,6.79999999900022,7829165261.813985,275913
Qatar,QAT,1981,9.13166871821107,8.5205992510162,8661263763.73629,293553
Qatar,QAT,1982,-5.81640781984729,5.69999999999979,7596703214.285741,311537
Qatar,QAT,1983,-13.2805277340008,2.74361400094617,6467582307.692307,329709
Qatar,QAT,1984,-0.951856456959419,1.10497237570068,6704395824.175824,347878
Qatar,QAT,1985,-6.23192785212868,1.91256830693925,6153296456.043956,365940
Qatar,QAT,1986,-22.040794757189,0.757575757575709,5053021950.54945,382422
Qatar,QAT,1987,7.73710093039131,2.6852846401719,5446428681.318681,397005
Qatar,QAT,1988,4.68405404842642,4.60251046025085,6038187032.967032,411264
Qatar,QAT,1989,1.15399926267258,3.30000000000015,6487912087.912087,425646
Qatar,QAT,1990,9.70274861328167,3.0009680542111,7360439423.076922,440175
Qatar,QAT,1991,-4.89874032105338,4.41729323308255,6883516483.516483,454853
Qatar,QAT,1992,-0.225762951385576,3.06030603060311,7646153983.516483,469657
Qatar,QAT,1993,-5.14575248972847,-0.8733624454148,7156593653.846153,484545
Qatar,QAT,1994,1.60269933534711,1.32158590308376,7374450769.230769,499459
Qatar,QAT,1995,7.76719774306125,2.9565217391303,8137911978.021977,514325
Qatar,QAT,1996,6.65755753090085,4.90453460620532,9059340384.615383,529019
Qatar,QAT,1997,-4.0789743600633,4.83448981913322,11297802115.384617,550500
Qatar,QAT,1998,-18.3821714808751,2.9513888888889,10255495027.472528,580540
Qatar,QAT,1999,15.8794681531787,2.18170320404723,12393131868.131868,612500
Qatar,QAT,2000,32.654614947218,1.65033522434232,17759890109.89011,644989
Qatar,QAT,2001,-4.95194097117833,1.47133434804683,17538461538.461536,677925
Qatar,QAT,2002,3.00900517451197,0.239999999999952,19363736263.736263,711205
Qatar,QAT,2003,17.1764677384087,2.26456504389469,23533791208.791206,744682
Qatar,QAT,2004,13.1067848451559,6.79933665008279,31734065934.065933,773332
Qatar,QAT,2005,30.5426998130357,8.81439532334683,44530494505.49451,825408
Qatar,QAT,2006,8.3616135354893,11.8358096197431,60882142857.14285,972831
Qatar,QAT,2007,10.9698605953142,13.7581625759964,79712087912.0879,1208595
Qatar,QAT,2008,22.8995646881724,15.0501451570333,115270054945.05496,1426938
Qatar,QAT,2009,-24.2181008766069,-4.86327801622565,97798351648.35164,1608903
Qatar,QAT,2010,6.9793298939115,-2.42525675161714,125122306346.15384,1616832
Qatar,QAT,2011,18.2701713424367,1.13836623529202,167775268626.37363,1624761
Qatar,QAT,2012,6.32996223555197,2.31534853431661,186833502362.63736,1722438
Qatar,QAT,2013,0.767488571935985,3.22197756829293,198727642967.03296,1916426
Qatar,QAT,2014,-1.4827510630932,3.34972085659523,206224598571.42856,2151745
Qatar,QAT,2015,-25.1298074959928,1.8140772393776,161739955576.92307,2344557
Qatar,QAT,2016,-8.97669905751843,2.6765917009819,151732181868.13187,2477113
Qatar,QAT,2017,7.78756965604812,0.394878914083005,161099122225.27472,2545820
Qatar,QAT,2018,12.4144035260003,0.255815382724408,183334953818.6813,2580734
Qatar,QAT,2019,-4.45591421178636,-0.666641124861147,176371267692.30768,2638657
Qatar,QAT,2020,-15.100420309421,-2.5403150300476,144411363351.64835,2794148
Qatar,QAT,2021,22.4660221244491,2.30446565742003,179732009560.43954,2504910
Qatar,QAT,2022,25.8769173658359,4.99527553740761,235770403734.9,2657333
Qatar,QAT,2023,-10.6934814488438,3.02764899198902,,2656032
,QAT,2024,,1.26734310292375,,2857822
,ROU,1980,,,,22207282
,ROU,1981,,,,22353070
,ROU,1982,,,,22475741
,ROU,1983,,,,22560478
,ROU,1984,,,,22640547
,ROU,1985,,,,22732999
,ROU,1986,,,,22836841
,ROU,1987,,,38067567567.567566,22949430
,ROU,1988,,,40424528301.8868,23057662
,ROU,1989,,,41450777202.07254,23161458
,ROU,1990,,,38247882300.49041,23201835
Romania,ROU,1991,195.003978593043,230.622494900178,28850634899.856003,23001155
Romania,ROU,1992,199.858895609549,211.205587610082,25121666666.666668,22794284
Romania,ROU,1993,227.308735779621,255.166861826698,26361160449.970394,22763280
Romania,ROU,1994,139.023070589532,136.759392815441,30072805104.25415,22730211
Romania,ROU,1995,43.9334732007336,32.2424847257597,37430162102.612526,22684270
Romania,ROU,1996,44.0022839129307,38.8293013382852,36937074278.300354,22619004
Romania,ROU,1997,135.338399472194,154.763480436309,35575214078.24284,22553978
Romania,ROU,1998,48.1345197660485,59.0965827541167,41696091973.707634,22507344
Romania,ROU,1999,49.5224630026867,45.8037811326363,35953156753.73903,22472040
Romania,ROU,2000,43.1808548123815,45.6665940440238,37253739511.12733,22442971
Romania,ROU,2001,37.9562521393343,34.4770123493527,40395116581.48316,22131970
Romania,ROU,2002,22.7142690496692,22.5398862605386,46065502702.581696,21730496
Romania,ROU,2003,23.1532554708977,15.2734889936255,57806384143.16596,21574326
Romania,ROU,2004,15.4565958769332,11.8743635936399,74973656851.80765,21451748
Romania,ROU,2005,12.0069901176313,9.01491283343835,98454380120.07608,21319685
Romania,ROU,2006,10.6065793571017,6.55851412276983,122023735992.70624,21193760
Romania,ROU,2007,15.8162274724437,4.83732928313989,174588782938.583,20882982
Romania,ROU,2008,16.014892178546,7.85080255714482,214317202478.266,20537875
Romania,ROU,2009,4.0915777131025,5.58742004264393,174102268534.83966,20367487
Romania,ROU,2010,5.93211185989944,6.09141668601891,170029359010.66742,20246871
Romania,ROU,2011,3.98254945792303,5.7892532881588,192613579705.88544,20147528
Romania,ROU,2012,3.81023942192328,3.33492267693442,179132893143.41733,20058035
Romania,ROU,2013,1.39458661535372,3.9847123554813,189789258566.2443,19983693
Romania,ROU,2014,1.71417093292732,1.06830987684298,199713780259.3176,19908979
Romania,ROU,2015,3.26453494332559,-0.594156437495203,177883883008.74738,19815616
Romania,ROU,2016,2.61991857394388,-1.54479666813897,185287630540.43143,19702267
Romania,ROU,2017,4.65130664700149,1.3390212110439,210147163769.8483,19588715
Romania,ROU,2018,6.18674870152643,4.62548443137779,243316029944.056,19473970
Romania,ROU,2019,6.94651343516345,3.82785432599438,251017797625.017,19371648
Romania,ROU,2020,4.11051645013276,2.63107311184743,251362514349.69717,19265250
Romania,ROU,2021,5.61025509902417,5.05232876096582,285810244501.93335,19122059
Romania,ROU,2022,12.0919624576312,13.7954887432521,298891515898.0265,19048502
Romania,ROU,2023,12.7699377919606,10.3971874764996,351002579629.6701,19061062
,ROU,2024,,-4.5191101423114,,19051804
,RUS,1980,,,,139010000
,RUS,1981,,,,139941000
,RUS,1982,,,,140823000
,RUS,1983,,,,141668000
,RUS,1984,,,,142745000
,RUS,1985,,,,143858000
,RUS,1986,,,,144894000
,RUS,1987,,,,145908000
,RUS,1988,,,554828660436.137,146857000
,RUS,1989,,,506631299734.748,147721000
Russian Federation,RUS,1990,15.9029112575078,,517014446227.9294,147969406
Russian Federation,RUS,1991,128.629771683447,,517962962962.96295,148394216
Russian Federation,RUS,1992,1490.4184248448,,460290556900.7264,148538197
Russian Federation,RUS,1993,887.840736234023,874.245720380188,435083713850.8372,148458777
Russian Federation,RUS,1994,307.298056897061,307.722635553193,395077301248.4637,148407912
Russian Federation,RUS,1995,144.006867163195,197.414268084251,395537185734.8544,148375787
Russian Federation,RUS,1996,46.0363776683441,47.7520122009939,391724890744.49817,148160129
Russian Federation,RUS,1997,15.0585036426846,14.761329268806,404928954191.8756,147915361
Russian Federation,RUS,1998,18.5389673419024,27.6856798076742,270955486862.44205,147670784
Russian Federation,RUS,1999,72.3866054661464,85.7464940960636,195907128350.9342,147214776
Russian Federation,RUS,2000,37.6979282123097,20.7987606558704,259710142196.9428,146596869
Russian Federation,RUS,2001,16.4796193570037,21.4770072117159,306602070620.5005,145976482
Russian Federation,RUS,2002,15.6619063054593,15.7887307914463,345470494417.8628,145306497
Russian Federation,RUS,2003,13.6571368113275,13.6632930228666,430347420184.88513,144648618
Russian Federation,RUS,2004,20.2551495775111,10.8886157326216,591016690732.3846,144067316
Russian Federation,RUS,2005,19.279432134411,12.6853039507349,764015973481.1102,143518814
Russian Federation,RUS,2006,15.1204066316764,9.66865454789265,989932071352.5432,143049637
Russian Federation,RUS,2007,13.8412392398238,9.00729868861079,1299703478481.653,142805114
Russian Federation,RUS,2008,18.0135183350842,14.1107677840442,1660848058303.1138,142742366
Russian Federation,RUS,2009,1.97061260305912,11.6473295764118,1222645900055.6956,142785348
Russian Federation,RUS,2010,14.1911095688207,6.84939230255025,1524916715223.946,142849468
Russian Federation,RUS,2011,24.4600860621898,8.4404648593257,2045922753398.036,143018195
Russian Federation,RUS,2012,8.90786842087834,5.07474300799149,2208293553878.4243,143378447
Russian Federation,RUS,2013,5.32013887237915,6.75371026220942,2292470078346.224,143805638
Russian Federation,RUS,2014,7.49007111696609,7.82341183865513,2059241589895.015,144237223
Russian Federation,RUS,2015,7.24973590678889,15.5344050528403,1363482182197.705,144640716
Russian Federation,RUS,2016,2.84422269802643,7.04244762954799,1276786350881.137,145015460
Russian Federation,RUS,2017,5.34981508767618,3.68332944412233,1574199360089.0022,145293260
Russian Federation,RUS,2018,9.99797671148308,2.87829723647884,1657328773461.3062,145398106
Russian Federation,RUS,2019,3.26313281881684,4.47036660760173,1693115002708.3157,145453291
Russian Federation,RUS,2020,0.898246027195242,3.38165937237898,1493075894362.1426,145245148
Russian Federation,RUS,2021,19.4115890615904,6.69445891957612,1843392293734.3777,144746762
Russian Federation,RUS,2022,16.7152740606271,,2266029240645.338,144236933
Russian Federation,RUS,2023,7.07360156603734,,2021421476035.417,143826130
,RUS,2024,,,,143533851
Rwanda,RWA,1980,3.06477515341351,7.24939299325274,1254765641.5211585,5353259
Rwanda,RWA,1981,7.71070181640991,6.4506644718119,1407062526.9152057,5527230
Rwanda,RWA,1982,4.88318031489796,12.5651365334134,1407243139.254498,5711549
Rwanda,RWA,1983,2.44921264418285,6.59300214307078,1479687586.942922,5905311
Rwanda,RWA,1984,16.8566892652682,5.36957038827376,1587413083.9205956,6107627
Rwanda,RWA,1985,4.56412999956721,1.75933005651688,1715626330.5947237,6317228
Rwanda,RWA,1986,-7.02173255140643,-1.11706657280676,1944710683.8714795,6531881
Rwanda,RWA,1987,0.665276478889382,4.13301490809125,2157432667.6159835,6749493
Rwanda,RWA,1988,2.22537632565138,2.97864355658034,2395492686.781655,6968071
Rwanda,RWA,1989,5.29708676007769,1.01027824831114,2405022593.0516543,7184706
Rwanda,RWA,1990,13.461468914878,4.18576372649948,2550185679.0810885,7375307
Rwanda,RWA,1991,14.9789364246749,19.6371658148373,1911600236.6746128,7526966
Rwanda,RWA,1992,7.28328316236082,9.56041187600816,2029026961.558941,7683266
Rwanda,RWA,1993,13.8705025913749,12.3543887630448,1971525711.8351047,7981132
Rwanda,RWA,1994,17.1913029061585,,753636370.4545455,6792352
Rwanda,RWA,1995,51.2665830510824,,1293535193.4924753,5674118
Rwanda,RWA,1996,10.9214157524918,7.41137173526642,1382334879.408122,6708764
Rwanda,RWA,1997,15.6215024423157,12.0154225195686,1851558197.3108816,7755238
Rwanda,RWA,1998,2.22820064838287,6.2100670945581,1989343546.175944,8081681
Rwanda,RWA,1999,11.1069367074612,-2.40593209742259,2157108766.524956,8147912
Rwanda,RWA,2000,3.27539722143884,3.89952980284712,2068837212.166811,8213931
Rwanda,RWA,2001,-0.39258927986296,3.34285506749409,1966600292.2401063,8287094
Rwanda,RWA,2002,-5.22720896305826,1.99258542453993,1966004242.632822,8400180
Rwanda,RWA,2003,20.3613027187849,7.44970014007366,2138237345.5096672,8586875
Rwanda,RWA,2004,11.0949086013764,12.2507102894391,2376495586.6232343,8816844
Rwanda,RWA,2005,9.03080654832287,9.01408918092339,2933819820.136366,9054528
Rwanda,RWA,2006,2.46160327416591,8.88282654777923,3319783951.831242,9299246
Rwanda,RWA,2007,12.936041097788,9.08072205873158,4070508542.7503176,9549933
Rwanda,RWA,2008,14.4540325669763,15.4382138709255,5179853220.826894,9804269
Rwanda,RWA,2009,7.14765692022587,12.9443978401712,5674476707.222286,10060432
Rwanda,RWA,2010,3.18717431895028,-0.246128693436934,6124756894.206773,10317553
Rwanda,RWA,2011,7.19147737875907,3.0801706924026,6884912956.964483,10573733
Rwanda,RWA,2012,4.7228346580055,10.2710182318876,7654762344.677663,10829901
Rwanda,RWA,2013,2.68970175896683,5.92426867984854,7819963627.141081,11093340
Rwanda,RWA,2014,4.73237348815783,2.35449052820358,8238966247.180328,11364757
Rwanda,RWA,2015,0.485928791648902,2.52850284192421,8543759088.577828,11640022
Rwanda,RWA,2016,5.03012214050614,7.17434301982009,8695272095.385021,11919183
Rwanda,RWA,2017,8.16262594714252,8.27953672260832,9252834120.39358,12202060
Rwanda,RWA,2018,-0.603329019206939,-0.311210160390699,9637904552.51428,12487996
Rwanda,RWA,2019,2.47117029507604,3.34787655037648,10349299855.840408,12776103
Rwanda,RWA,2020,6.71183680148918,9.85039902274207,10174387614.255816,13065837
Rwanda,RWA,2021,2.85751132750647,-0.391346748300791,11069280277.00701,13355260
Rwanda,RWA,2022,15.9144975139225,17.6892095588153,13316160803.518717,13651030
Rwanda,RWA,2023,10.1301242308679,19.789546746467,14097768647.66952,13954471
,RWA,2024,,1.77029240198635,,14256567
South Asia,SAS,1980,11.508320807462,13.3113668435427,235543383601.4355,806369775
South Asia,SAS,1981,9.89469031190922,11.8799135925283,250076708191.8594,825638560
South Asia,SAS,1982,9.34740967374591,9.84677216779704,258727224080.5379,845349352
South Asia,SAS,1983,8.48775587837945,12.3772380782713,273881790993.83295,865442337
South Asia,SAS,1984,9.65355445236982,7.03770661157025,272607073140.9275,885894499
South Asia,SAS,1985,6.5086147454451,5.55642423236554,296435460430.0586,906622025
South Asia,SAS,1986,6.78940045356175,9.22595700190572,313955151400.1194,927646189
South Asia,SAS,1987,9.32789330598244,8.80112581251833,348601867655.982,948802143
South Asia,SAS,1988,9.61756064978023,8.98300338208989,374584211824.0092,970044151
South Asia,SAS,1989,8.43680886909797,7.84426473740044,378016943211.79095,991571016
South Asia,SAS,1990,6.53273529225868,8.9712325027325,406963354249.835,1013297018
South Asia,SAS,1991,12.5446382094284,12.2751729438893,362063214739.1859,1035058149
South Asia,SAS,1992,9.40370611580596,11.7878170418134,384521577066.9712,1057074570
South Asia,SAS,1993,9.8617828547541,9.97366476029209,380890164437.89343,1079256381
South Asia,SAS,1994,9.77058482007504,8.34928672883386,432085555561.0602,1101305517
South Asia,SAS,1995,8.28438262087263,9.48754836789369,479585498256.8355,1123515559
South Asia,SAS,1996,8.11263278407877,8.97715233826453,524681300053.1787,1145998648
South Asia,SAS,1997,7.2790929776352,7.16425211462724,550408821354.5118,1168625898
South Asia,SAS,1998,7.52603689563375,9.36424300683229,558117074309.6569,1191405930
South Asia,SAS,1999,4.16270115884763,4.69170563048438,597995276003.899,1214263809
South Asia,SAS,2000,4.47243371871953,4.0094359104519,647681666329.099,1237185482
South Asia,SAS,2001,5.6750614869624,3.14826144590618,662513570031.7963,1260149056
South Asia,SAS,2002,3.92811823441244,3.33256493271913,695456014025.0747,1282584796
South Asia,SAS,2003,3.74605216066744,3.80585899528851,811668772003.6998,1304347790
South Asia,SAS,2004,6.48837810604775,4.10593698272958,941600860447.8544,1325950587
South Asia,SAS,2005,6.29929640524648,6.94147541057457,1075831387301.1918,1346886384
South Asia,SAS,2006,7.27989528597466,6.77492886028206,1220740366279.3557,1367187349
South Asia,SAS,2007,8.96730676614216,7.19672897490471,1536036848206.9104,1386949456
South Asia,SAS,2008,8.52746786015736,10.9746442017878,1559693610925.0625,1406047164
South Asia,SAS,2009,6.90236005828176,4.9768244765374,1702714960275.787,1425370200
South Asia,SAS,2010,9.42649662574266,7.58152977621468,2082357808583.8928,1444967010
South Asia,SAS,2011,10.7545019906415,10.2502450334266,2294090940082.0503,1464372623
South Asia,SAS,2012,8.04948057708798,9.46940335888468,2327938845782.6187,1483553073
South Asia,SAS,2013,6.49974244418989,7.61128126406368,2389895068185.148,1501661991
South Asia,SAS,2014,4.92599255707002,6.82864780544374,2614915526247.902,1519839246
South Asia,SAS,2015,3.80941133758956,4.15825589072151,2733618963171.586,1537370078
South Asia,SAS,2016,3.64344397472554,4.17139021053493,3011037037667.8643,1555111864
South Asia,SAS,2017,4.18968997658698,4.52022867508868,3433921312241.1235,1572520427
South Asia,SAS,2018,3.8630134523573,3.33139516437672,3534066858502.004,1589164714
South Asia,SAS,2019,3.76433258169706,3.6289496588547,3658209766221.572,1605412986
South Asia,SAS,2020,4.32796065240716,5.6602199868936,3493120726807.8936,1621073417
South Asia,SAS,2021,7.19536277510807,5.33942885799218,4079882760410.172,1634785356
South Asia,SAS,2022,7.49435251822787,7.67387306987714,4327288984027.913,1648009565
South Asia,SAS,2023,4.89510360030242,6.38195135323062,4475567635413.059,1662580579
,SAS,2024,,,,1677384532
Saudi Arabia,SAU,1980,37.6250696389,4.16926655363289,164539660725.11786,6047997
Saudi Arabia,SAU,1981,10.583288187297,2.79898218829486,184291360138.69,6420551
Saudi Arabia,SAU,1982,0.456229389869733,1.02103960396038,153240313858.32272,6824486
Saudi Arabia,SAU,1983,-4.55397679146455,0.191424196019035,129171635311.14326,7252941
Saudi Arabia,SAU,1984,-1.59783392043423,-1.55903706534203,119624858115.77753,7697307
Saudi Arabia,SAU,1985,-3.7933792090726,-3.0587687291366,103897846493.64992,8151779
Saudi Arabia,SAU,1986,-15.282820155894,-3.20333146472299,86961922765.32541,8628639
Saudi Arabia,SAU,1987,2.88520101862272,-1.54711673699019,85695861148.1976,9130194
Saudi Arabia,SAU,1988,-3.38908495093885,0.907563025210514,88256074766.35513,9629165
Saudi Arabia,SAU,1989,7.58493190838816,1.03264490339738,95344459279.03873,10128394
Saudi Arabia,SAU,1990,12.7463177181753,2.07715133531159,117630173564.753,10640691
Saudi Arabia,SAU,1991,3.86721186974283,4.86111111111136,132223230974.63284,11160744
Saudi Arabia,SAU,1992,-0.862016200381191,-0.0770060064690777,137087850467.28972,11686676
Saudi Arabia,SAU,1993,-3.37232404126571,1.05579531442694,132967957276.36848,12215862
Saudi Arabia,SAU,1994,0.700127376829499,0.564325478533144,135174899866.48865,12750040
Saudi Arabia,SAU,1995,5.71322906642114,4.8684310305603,143343124165.55408,13289245
Saudi Arabia,SAU,1996,7.14632937364377,1.22206988451309,158662483311.08145,13831009
Saudi Arabia,SAU,1997,1.90399062961826,0.05715470377076,165963684913.21762,14374943
Saudi Arabia,SAU,1998,-13.8588409818664,-0.371269734983814,146775466666.66666,14922185
Saudi Arabia,SAU,1999,10.8822323394424,-1.33376350229422,161717066666.66666,15472075
Saudi Arabia,SAU,2000,11.9091245199722,-1.12499477854774,189514933333.3333,16177722
Saudi Arabia,SAU,2001,-3.17107568405154,-1.12094477457175,184137600000.0,17041397
Saudi Arabia,SAU,2002,3.683428242343,0.24718651429923,189605866666.66663,17910910
Saudi Arabia,SAU,2003,4.64321371035759,0.612194395125212,215807733333.3333,18786767
Saudi Arabia,SAU,2004,10.3688370027684,0.515506766998081,258742133333.3333,19669480
Saudi Arabia,SAU,2005,19.7288473218081,0.479230397826084,328459608764.1109,20559890
Saudi Arabia,SAU,2006,11.00529949314,2.20902407871182,376900133511.34845,21459144
Saudi Arabia,SAU,2007,8.04658597487651,4.16782330119979,415964509673.1154,22368313
Saudi Arabia,SAU,2008,17.7028507742568,9.87024791275994,519796800000.0,23287877
Saudi Arabia,SAU,2009,-16.5588459310441,5.05722314693633,429097866666.6667,24217654
Saudi Arabia,SAU,2010,17.1912927985998,5.33941680637454,528207200000.0,23978487
Saudi Arabia,SAU,2011,15.412103777545,5.82621608838862,676634666666.6666,25091867
Saudi Arabia,SAU,2012,4.01223554962029,2.86626887489915,741849866666.6666,26168861
Saudi Arabia,SAU,2013,-0.892597886207128,3.53252470694918,753864533333.3334,27624004
Saudi Arabia,SAU,2014,-2.04340434872742,2.23629031536978,766605866666.6666,28309273
Saudi Arabia,SAU,2015,-16.4369469112862,1.20607322150109,669484266666.6666,29816382
Saudi Arabia,SAU,2016,-2.36045062575421,2.06884036053473,666000000000.0,30954198
Saudi Arabia,SAU,2017,6.38731634132101,-0.838194579675018,714994666666.6666,30977355
Saudi Arabia,SAU,2018,14.7336140424025,2.45814158007532,846583733333.3334,30196281
Saudi Arabia,SAU,2019,-2.02274033833496,-2.09333333333329,838564800000.0,30063799
Saudi Arabia,SAU,2020,-9.18456817699072,3.44545825956692,734271200000.0,31552510
Saudi Arabia,SAU,2021,13.3007001530628,3.06328988941547,874156000000.0,30784383
Saudi Arabia,SAU,2022,17.9839455619021,2.4740737192537,1108571466666.6667,32175224
Saudi Arabia,SAU,2023,-2.96488667496891,2.32708518362692,1067582933333.3334,33702731
,SAU,2024,,1.68792112375817,,35300280
Sudan,SDN,1980,22.0265651585776,25.3523690119419,8951800000.0,17058905
Sudan,SDN,1981,24.9771795309492,24.5757243336576,10751162790.697674,17780572
Sudan,SDN,1982,30.5902493639549,25.7128797492595,8735294117.647058,18486645
Sudan,SDN,1983,26.0580590611583,30.5877747791383,8230153846.153847,19109770
Sudan,SDN,1984,33.6368828047749,34.14634146336,10447615384.615383,19546528
Sudan,SDN,1985,46.1691452371993,45.40750323421,8075347222.222222,19905872
Sudan,SDN,1986,28.6425566429425,24.453490125132,10092200000.0,20288238
Sudan,SDN,1987,25.8913532605287,20.557237745391,12093333333.333334,20704904
Sudan,SDN,1988,78.8625963339775,64.7005631001051,14372555555.55556,21138431
Sudan,SDN,1989,36.7386519285483,66.7203219315898,21408111111.111115,21578022
Sudan,SDN,1990,66.2355883475107,65.1580979966203,33641222222.222225,22021481
Sudan,SDN,1991,88.7728462623674,123.578126902936,44168918918.91892,22470676
Sudan,SDN,1992,109.233655161945,117.624468896394,7031909434.272107,22927355
Sudan,SDN,1993,97.487348250859,101.380423763812,8881005435.806017,23445592
Sudan,SDN,1994,159.26697258905,115.398144292738,12793794737.042011,24043948
Sudan,SDN,1995,104.555028787418,68.3751929485422,13830363899.916332,24672143
Sudan,SDN,1996,32.5622551345838,132.823777374139,9018300724.660856,25231528
Sudan,SDN,1997,37.921169977767,47.1685369647197,11681175864.338284,25799821
Sudan,SDN,1998,17.6622707657562,24.6218785461586,11250221536.748407,26458999
Sudan,SDN,1999,15.823578015666,17.1664454201761,10682028339.68982,27130613
Sudan,SDN,2000,9.8531369204179,7.12125897172291,12257299147.293604,27816745
Sudan,SDN,2001,21.1339910457107,1.93529572095333,15716361792.192642,28516770
Sudan,SDN,2002,10.8012352318635,22.2247241495905,18137128388.360603,29228727
Sudan,SDN,2003,9.79992410396942,6.48943208673338,21355298459.595512,29896035
Sudan,SDN,2004,17.2739979186081,9.65754628605945,26646007250.731857,30556637
Sudan,SDN,2005,18.054402868472,8.50585075933117,35182711987.974014,31262444
Sudan,SDN,2006,7.65225430526529,7.19912990114709,45263831634.1497,31992435
Sudan,SDN,2007,15.3066214793858,14.7542770780084,59440139774.81277,32764135
Sudan,SDN,2008,8.89101661311409,14.2971224481434,64833083257.1431,33623980
Sudan,SDN,2009,1.86213189302369,11.256758706301,51621044076.92307,34569113
Sudan,SDN,2010,22.6694192116219,12.9776663898014,58962978034.48276,35414399
Sudan,SDN,2011,26.3283499650477,18.0966171221351,55018567210.52632,36140806
Sudan,SDN,2012,30.1285931395558,35.5590574147024,37632919966.66666,36923178
Sudan,SDN,2013,36.4286291176933,36.5223449139154,43024018082.19178,37785849
Sudan,SDN,2014,34.0669855189111,36.9066427863595,49516748617.97752,38823318
Sudan,SDN,2015,14.0225574392301,16.9095706050977,51726758676.76768,40024431
Sudan,SDN,2016,20.6855877306245,17.750253831196,42630376000.0,41259892
Sudan,SDN,2017,34.6223707315316,32.3516260968437,41283617976.19048,42714306
Sudan,SDN,2018,55.9753254437569,63.2925073455888,32333780383.29238,44230596
Sudan,SDN,2019,51.9788933465452,50.9940515002965,32338079165.289257,45548175
Sudan,SDN,2020,115.65291501439,163.257782355458,27034593750.0,46789231
Sudan,SDN,2021,235.515443582343,359.093040778999,34229513774.993607,48066924
Sudan,SDN,2022,116.874075405794,138.80846024176,51666875363.0963,49383346
Sudan,SDN,2023,213.72584787991,,109327023588.7324,50042791
,SDN,2024,,,,50448963
Senegal,SEN,1980,5.4560401274267,8.72902766072327,4510108290.695709,5845638
Senegal,SEN,1981,11.0477932212242,5.91319372031626,4095892780.5828943,5997160
Senegal,SEN,1982,9.72205568294373,17.3763852168922,4013951442.6708126,6156961
Senegal,SEN,1983,9.29205468630911,11.6169845681475,3569356124.9315853,6324504
Senegal,SEN,1984,7.72247004475221,11.7840274796329,3485165431.713542,6499364
Senegal,SEN,1985,8.89221275604793,13.0000576159794,3818944917.567131,6683287
Senegal,SEN,1986,5.53608293030337,6.18477854456934,5392093445.510533,6878192
Senegal,SEN,1987,-1.73595432904898,-4.14072378633809,6487353102.814825,7081530
Senegal,SEN,1988,-1.14033178200231,-1.82668225079295,6418419388.634989,7289618
Senegal,SEN,1989,2.17022646198564,0.447309340771316,6366039372.536825,7502207
Senegal,SEN,1990,-0.166872375317354,0.325098630183258,7390967360.421208,7720523
Senegal,SEN,1991,-0.923678429871956,-1.75355690199309,7255210469.517427,7943085
Senegal,SEN,1992,-0.827466513277315,-0.109942967085646,7769817839.956441,8168395
Senegal,SEN,1993,0.0842697584777454,-0.586434615120184,7367986241.218689,8396288
Senegal,SEN,1994,34.0413670820881,32.2936668569551,5034588195.558058,8624078
Senegal,SEN,1995,7.11300728573589,7.86400784570111,6326342633.403396,8848101
Senegal,SEN,1996,4.16151734103398,2.75430663482409,6559712165.96508,9067014
Senegal,SEN,1997,1.97782917379958,1.75316478097235,6041478725.904432,9283495
Senegal,SEN,1998,2.77903090647411,1.15678070391341,6505607909.053245,9502952
Senegal,SEN,1999,-0.525447722709572,0.827250608272509,6592834932.808764,9730887
Senegal,SEN,2000,1.3086598487922,0.731981981981609,6013185003.975251,9968260
Senegal,SEN,2001,6.99493519580557,2.9745008391957,6507824829.262536,10212942
Senegal,SEN,2002,1.90464530864327,2.33730187454302,7006402319.758565,10466214
Senegal,SEN,2003,-0.922879933708558,-0.0519970242714378,8768721563.182106,10721176
Senegal,SEN,2004,-0.134935110953364,0.51478178102298,10076816666.619638,10975704
Senegal,SEN,2005,4.72087875420317,1.71133325855503,11009033437.93904,11235472
Senegal,SEN,2006,2.88549200196928,2.1122858387711,11697918243.00349,11500094
Senegal,SEN,2007,6.58871245134355,5.85330428467687,13994218412.961872,11770344
Senegal,SEN,2008,8.21654273074127,7.34720236578404,16853989627.548038,12048959
Senegal,SEN,2009,-1.68903868254876,-2.24802147855337,16145867494.940493,12337389
Senegal,SEN,2010,1.60441579019933,1.22868119673341,16121315909.07576,12635413
Senegal,SEN,2011,3.85747038355476,3.40322829786971,17814283639.311874,12958897
Senegal,SEN,2012,3.27411157616761,1.41822871177844,17660870411.523518,13310495
Senegal,SEN,2013,1.18613046995503,0.710245486695272,18918667724.881683,13710849
Senegal,SEN,2014,-1.51585973451603,-1.09025507446895,19797253440.267918,14152102
Senegal,SEN,2015,1.06978461964601,0.13521193363526,17774766696.175896,14593331
Senegal,SEN,2016,0.955649520089025,0.837284942557434,19040312333.186382,15034521
Senegal,SEN,2017,0.598916826886537,1.3181531484778,20996562943.59792,15475002
Senegal,SEN,2018,-0.839644464738328,0.460985642464282,23116701556.138107,15914498
Senegal,SEN,2019,2.08580185181253,1.76011151192938,23403995992.13541,16352922
Senegal,SEN,2020,1.60273383045899,2.54314685681652,24530513037.751846,16789219
Senegal,SEN,2021,1.44730627584974,2.18032278088147,27520784129.750805,17220867
Senegal,SEN,2022,8.72786615579552,9.69681899081073,27619479059.613056,17651103
Senegal,SEN,2023,3.85182919223391,5.93947798773215,31013986429.186054,18077573
,SEN,2024,,,,18501984
Singapore,SGP,1980,11.1271090045314,8.52694319425858,11896256782.85662,2413945
Singapore,SGP,1981,5.87548935259991,8.18202196816848,14175228843.63908,2532835
Singapore,SGP,1982,4.53295551219097,3.916286779942,16084252378.473043,2646466
Singapore,SGP,1983,3.17143964984059,1.19641076769694,17784112149.53271,2681061
Singapore,SGP,1984,0.787919952347593,2.60098522167485,19749361097.964977,2732221
Singapore,SGP,1985,-1.46548381178779,0.480122911465361,19156532745.769066,2735957
Singapore,SGP,1986,-1.25281578687675,-1.38570336391442,18586746056.99741,2733373
Singapore,SGP,1987,0.532427941572664,0.523306521949774,20919215578.212547,2774789
Singapore,SGP,1988,5.43072131692747,1.52318519232631,25371462488.12916,2846108
Singapore,SGP,1989,4.15917047818115,2.34545627195897,30465364738.620552,2930901
Singapore,SGP,1990,4.69742330546458,3.46075338652822,36144336768.702255,3047132
Singapore,SGP,1991,4.43534521070245,3.42570173078644,45466164978.29233,3135083
Singapore,SGP,1992,1.38770305954598,2.26307118702852,52131320032.87973,3230698
Singapore,SGP,1993,3.45618677483372,2.28929964388639,60603815716.26528,3313471
Singapore,SGP,1994,3.46273962769924,3.10013262599504,73688724431.14117,3419048
Singapore,SGP,1995,3.17627830929234,1.72053384788522,87812540788.4293,3524506
Singapore,SGP,1996,1.50622281220359,1.38318052481877,96293086513.08722,3670704
Singapore,SGP,1997,1.08499221815259,2.00358618538962,100123787215.2995,3796038
Singapore,SGP,1998,-1.32884855456203,-0.267502292876138,85728207781.77846,3927213
Singapore,SGP,1999,-3.57782977150977,0.0167098337370801,86286849754.89053,3958723
Singapore,SGP,2000,3.86347751783269,1.36162392448454,96076539925.74088,4027887
Singapore,SGP,2001,-1.81443173071348,0.997197956155961,89793790669.6515,4138012
Singapore,SGP,2002,-0.896915632384648,-0.391676866585059,92538372869.6942,4175950
Singapore,SGP,2003,-1.79904886938878,0.507905300237541,97646401095.6369,4114826
Singapore,SGP,2004,3.95952821977868,1.66272719863071,115033593101.04909,4166664
Singapore,SGP,2005,1.9005186505386,0.425106276569129,127807848728.39836,4265762
Singapore,SGP,2006,1.8441830136442,0.962901778165114,148627286361.35068,4401365
Singapore,SGP,2007,5.91682447669695,2.10488003633211,180941701357.9705,4588599
Singapore,SGP,2008,-1.38155543169427,6.62778177352131,193617323539.2028,4839396
Singapore,SGP,2009,2.95392464373782,0.596720257424944,194150283771.56647,4987573
Singapore,SGP,2010,1.10780871344616,2.82366134885608,239807980591.23965,5076732
Singapore,SGP,2011,1.17079820355097,5.2477933984048,279356499090.45807,5183688
Singapore,SGP,2012,0.495345771200874,4.57560270376527,295092888076.5895,5312437
Singapore,SGP,2013,-0.431059391871671,2.35860415399832,307576360584.9916,5399162
Singapore,SGP,2014,-0.267270041634802,1.02514803039391,314863580758.45465,5469724
Singapore,SGP,2015,3.07195500966418,-0.522618167075298,307998545269.39795,5535002
Singapore,SGP,2016,0.489627028998726,-0.532268739716253,319053943915.0054,5607283
Singapore,SGP,2017,2.89404191400374,0.576260310166349,343257164581.71155,5612253
Singapore,SGP,2018,3.60410043476227,0.43862011844684,376892697588.00507,5638676
Singapore,SGP,2019,-0.20441464095768,0.565260568780326,376901649222.4508,5703569
Singapore,SGP,2020,-2.43859056928547,-0.181916666666634,349488382610.662,5685807
Singapore,SGP,2021,10.2637667092318,2.30485959040484,434111559282.8491,5453566
Singapore,SGP,2022,13.4781380113655,6.12106004039418,498474540987.7802,5637022
Singapore,SGP,2023,-3.06902994364776,4.82146729476466,501427500080.0585,5917648
,SGP,2024,,2.36645846996694,,6036860
,SLB,1980,,13.0909090909091,182852106.42700225,238135
Solomon Islands,SLB,1981,13.1443402864278,16.3987138263664,193750540.63247705,246555
Solomon Islands,SLB,1982,12.9976793240904,12.9834254143648,192902018.7230204,255200
Solomon Islands,SLB,1983,6.95012050149641,6.23471882640582,181220399.0133716,264068
Solomon Islands,SLB,1984,10.9223174690125,11.0471806674338,181570474.07779604,273163
Solomon Islands,SLB,1985,9.40918931289119,9.56822107081143,165524943.64069432,282455
Solomon Islands,SLB,1986,5.09796980804653,13.5718789407313,147620047.52799308,291842
Solomon Islands,SLB,1987,11.4942569451185,10.9923664122135,155128542.23947382,301414
Solomon Islands,SLB,1988,16.812045312894,16.7375265724654,176494393.88970172,311265
Solomon Islands,SLB,1989,3.45363961178332,14.9322478710301,172882410.67885554,321282
Solomon Islands,SLB,1990,34.1069392365889,8.73759261848181,214877666.6997524,331435
Solomon Islands,SLB,1991,7.24567434406092,15.050130775937,227540473.34008655,341738
Solomon Islands,SLB,1992,13.1570526040328,10.7511603675285,269034595.8129845,352205
Solomon Islands,SLB,1993,17.0186132550504,9.16866233321985,300746361.1287394,362839
Solomon Islands,SLB,1994,27.9370884948888,13.2560325916638,402837005.2725957,373675
Solomon Islands,SLB,1995,9.53881927848347,9.62921970116226,469443201.5032737,384733
Solomon Islands,SLB,1996,12.0838917199116,11.7743563856637,510586430.1901267,396009
Solomon Islands,SLB,1997,8.47322244221299,8.08400135486043,526554005.9543571,407474
Solomon Islands,SLB,1998,11.1526820904396,12.3995038128069,457579840.22506624,419071
Solomon Islands,SLB,1999,7.67457922142414,8.02036839296841,488024514.3693592,430500
Solomon Islands,SLB,2000,5.55906379443005,7.88956186986721,419842674.2276522,440469
Solomon Islands,SLB,2001,9.90700224559815,6.92583732057426,409508552.9799725,449125
Solomon Islands,SLB,2002,11.2791035553013,10.9296341872692,346406738.8852372,457671
Solomon Islands,SLB,2003,25.8870813257842,8.26946349334406,417668983.4083494,466154
Solomon Islands,SLB,2004,3.76283717550221,6.98584202682567,468005318.5519772,474611
Solomon Islands,SLB,2005,10.6993061146418,7.33066341633299,552864570.2258192,483080
Solomon Islands,SLB,2006,8.34372112602952,11.2199870214146,617258154.2601326,491594
Solomon Islands,SLB,2007,9.29434531558914,7.66602013484806,695295347.6215369,500156
Solomon Islands,SLB,2008,6.42916214677736,17.3200651968774,776337691.795098,508790
Solomon Islands,SLB,2009,4.87312691925838,7.09271716876286,805557562.5800586,518141
Solomon Islands,SLB,2010,1.74527790331425,1.05148163321038,898133684.8987929,532968
Solomon Islands,SLB,2011,4.47682788873855,7.34270706018,1063895360.699068,552945
Solomon Islands,SLB,2012,4.65219263177319,5.91200602491155,1185215418.2556212,573606
Solomon Islands,SLB,2013,2.3522743375372,5.3913638858756,1285911586.1320012,594945
Solomon Islands,SLB,2014,3.67027557918389,5.16590237925171,1335571420.7267592,616908
Solomon Islands,SLB,2015,3.35777295956466,-0.57446928635949,1307909887.5521195,639415
Solomon Islands,SLB,2016,0.344942428061586,0.512485626268792,1379490304.2253969,662379
Solomon Islands,SLB,2017,2.5766856785921,0.488686760261083,1469789119.087556,685672
Solomon Islands,SLB,2018,7.85787438297851,3.46147484973729,1615478393.286141,709101
Solomon Islands,SLB,2019,1.24130303241819,1.63485544012247,1619155017.392397,728147
Solomon Islands,SLB,2020,-1.32591732051718,2.96354992076065,1536145814.1700656,744498
Solomon Islands,SLB,2021,-5.504745457506,-0.115437894412839,1522794913.091401,762591
Solomon Islands,SLB,2022,2.01661207154767,5.51812928576938,1566360686.106321,781066
Solomon Islands,SLB,2023,3.88899446253055,5.88585897042164,1631286701.1151562,800005
,SLB,2024,,,,819198
Sierra Leone,SLE,1980,-6.00875058256085,,1100476190.4761906,3272089
Sierra Leone,SLE,1981,8.69831224790944,,1114926660.9145815,3338940
Sierra Leone,SLE,1982,18.5016273255263,,1294995964.48749,3408183
Sierra Leone,SLE,1983,19.4389560072009,,995278514.5888594,3481646
Sierra Leone,SLE,1984,39.7672585975682,,1087450199.2031872,3558758
Sierra Leone,SLE,1985,68.8897065046575,,856890498.6258345,3638438
Sierra Leone,SLE,1986,78.5038040081836,,490181456.6244097,3728380
Sierra Leone,SLE,1987,165.676645869541,,660106321.4170314,3829718
Sierra Leone,SLE,1988,64.2882425011477,,1055083945.3773758,3934517
Sierra Leone,SLE,1989,61.4912801976863,,932974411.9171418,4034037
Sierra Leone,SLE,1990,70.5915477015397,,649644097.5661292,4196828
Sierra Leone,SLE,1991,128.761666619689,,780098205.2150356,4246267
Sierra Leone,SLE,1992,82.0235798402792,,679997997.5971165,4166366
Sierra Leone,SLE,1993,26.7363212387901,,768812334.8017621,4157130
Sierra Leone,SLE,1994,25.062043752076,,911915970.683484,4173105
Sierra Leone,SLE,1995,33.5979877376705,,870758739.4067796,4179179
Sierra Leone,SLE,1996,29.5804868075413,,941742152.7098948,4199210
Sierra Leone,SLE,1997,2.25276836625167,,850218033.6220071,4253716
Sierra Leone,SLE,1998,23.7751228806973,,672375927.3471476,4295785
Sierra Leone,SLE,1999,17.1938519293375,,669384768.8726305,4318043
Sierra Leone,SLE,2000,3.28114136455662,,635874002.1987478,4423611
Sierra Leone,SLE,2001,168.053006806488,,1074851475.178733,4692716
Sierra Leone,SLE,2002,-3.93416601033874,,1236235826.5840876,4971435
Sierra Leone,SLE,2003,13.197685378053,,1369685676.562034,5177687
Sierra Leone,SLE,2004,12.8264540838063,,1430217080.6648653,5355717
Sierra Leone,SLE,2005,16.6157668889868,,1627058424.9380882,5501712
Sierra Leone,SLE,2006,12.492989875478,,1862116290.5409992,5624466
Sierra Leone,SLE,2007,6.60201885994177,11.6499744518106,2126679543.5862288,5749352
Sierra Leone,SLE,2008,9.21371767444133,8.21112432289608,2451896435.201567,5894722
Sierra Leone,SLE,2009,8.54806994820652,7.46901898540982,2419014960.199666,6055646
Sierra Leone,SLE,2010,17.4339240319793,7.18566275668163,2578159803.945967,6222714
Sierra Leone,SLE,2011,17.295115798704,6.79138291952621,2932274309.395695,6387251
Sierra Leone,SLE,2012,12.0412148525003,6.58776239392585,3789251613.360656,6551080
Sierra Leone,SLE,2013,6.95914982637184,5.52412877994266,4920343316.870933,6714051
Sierra Leone,SLE,2014,1.79536377351708,4.63931171409667,5015180725.341599,6876385
Sierra Leone,SLE,2015,19.6403377509812,6.68943562498681,4252029353.821908,7037655
Sierra Leone,SLE,2016,5.85170885537505,10.8860609413903,3862721266.021616,7205328
Sierra Leone,SLE,2017,8.95600063695517,18.2215094003386,3719443418.261553,7379299
Sierra Leone,SLE,2018,14.0105639405151,16.0295447693699,4085114387.556054,7554563
Sierra Leone,SLE,2019,9.91558334836972,14.8049990906021,4076578698.791073,7731991
Sierra Leone,SLE,2020,13.2769444949676,13.4468711101052,4062906265.733205,7912558
Sierra Leone,SLE,2021,7.43295884720851,11.8739588840234,4249234704.01866,8094602
Sierra Leone,SLE,2022,26.9524276570781,27.2082883814653,4094563859.435564,8276807
Sierra Leone,SLE,2023,29.2160488413443,47.6428733253179,3809832236.959593,8460512
,SLE,2024,,28.6337500014115,,8642022
El Salvador,SLV,1980,22.6012882564872,17.3669682564025,3573959900.0,4540382
El Salvador,SLV,1981,2.00938789958767,14.7971516299733,3437200200.0,4570599
El Salvador,SLV,1982,5.55290061909739,11.7288868654679,3399189100.0,4622477
El Salvador,SLV,1983,1.58899797213157,13.3143177303524,3506347800.0,4707367
El Salvador,SLV,1984,3.05408729621168,11.5071695057309,3661683400.0,4798003
El Salvador,SLV,1985,3.15378065896392,22.3283750554416,3800368600.0,4894706
El Salvador,SLV,1986,-0.94815922337537,31.9350161472763,3771663200.0,4992769
El Salvador,SLV,1987,2.3739437095546,24.8645003373125,3958045800.0,5092441
El Salvador,SLV,1988,3.90575551112049,19.7611617858858,4189880000.0,5195833
El Salvador,SLV,1989,3.3553952451945,17.6340799385345,4372215300.0,5298979
El Salvador,SLV,1990,5.10572833645764,23.9991651130861,4817542204.0,5399726
El Salvador,SLV,1991,7.42039831139694,14.4026748806266,5252342400.0,5495077
El Salvador,SLV,1992,3.41992302194576,11.2144813801987,5813399300.0,5585609
El Salvador,SLV,1993,8.59328373641921,18.5066883302714,6680269200.0,5659957
El Salvador,SLV,1994,9.80412818425471,10.5858066526451,7679384000.0,5714129
El Salvador,SLV,1995,10.9290340708784,10.0296564501018,8921947100.0,5762131
El Salvador,SLV,1996,6.58171861061977,9.78892040179966,9586327800.0,5805286
El Salvador,SLV,1997,3.38380837413172,4.49013627855204,10221705900.0,5844578
El Salvador,SLV,1998,4.23009518302409,2.54705977554151,10936669900.0,5880781
El Salvador,SLV,1999,0.994105168134183,0.514827130192979,11284197000.0,5913900
El Salvador,SLV,2000,3.27263167049688,2.27128756828723,11784927700.0,5943366
El Salvador,SLV,2001,3.31363165513974,3.7508205747202,12282533600.0,5968060
El Salvador,SLV,2002,1.51063301186223,1.86552503610077,12664190300.0,5986631
El Salvador,SLV,2003,2.96567141336874,2.1203909173333,13243892200.0,5998599
El Salvador,SLV,2004,2.71767338213316,4.45194392395045,13724810900.0,6004671
El Salvador,SLV,2005,4.29476326031077,4.69094870903769,14698000000.0,6005578
El Salvador,SLV,2006,4.33269226745863,4.03712359429612,15999890000.0,6002319
El Salvador,SLV,2007,4.39535754973457,4.57808572377153,17011750000.0,6009824
El Salvador,SLV,2008,3.50229909686419,6.70792293515939,17986890000.0,6029297
El Salvador,SLV,2009,-0.0338953396293391,1.05595029731201,17601620000.0,6048279
El Salvador,SLV,2010,2.59792051504036,1.17933576873673,18447920000.0,6068249
El Salvador,SLV,2011,5.95334315490372,5.1289237668161,20283780000.0,6090127
El Salvador,SLV,2012,2.475549962784,1.72973481581383,21386150000.0,6113975
El Salvador,SLV,2013,0.631311695261005,0.757669184522973,21990960000.0,6138839
El Salvador,SLV,2014,0.993230854860357,1.14134467538233,22593470000.0,6162955
El Salvador,SLV,2015,1.307617777231,-0.731384487387957,23438240000.0,6183676
El Salvador,SLV,2016,0.657746207396585,0.60404908699661,24191430000.0,6200800
El Salvador,SLV,2017,0.986566456267596,1.0123540331558,24979190000.0,6213533
El Salvador,SLV,2018,1.71626308707515,1.09033000581892,26020850000.0,6219807
El Salvador,SLV,2019,0.848014701105342,0.0753241350024612,26881140000.0,6222318
El Salvador,SLV,2020,0.653512318599752,-0.371590212324095,24921190000.0,6234673
El Salvador,SLV,2021,4.14207468599355,3.46692585313082,29043140000.0,6255782
El Salvador,SLV,2022,7.143242839221,7.19861615609867,31988920000.0,6280319
El Salvador,SLV,2023,2.7288450232809,4.04554694222477,34015620000.000004,6309624
,SLV,2024,,0.853782292567288,,6338193
,SMR,1980,,,,21585
,SMR,1981,,,,21840
,SMR,1982,,,,22055
,SMR,1983,,,,22229
,SMR,1984,,,,22346
,SMR,1985,,,,22485
,SMR,1986,,,,22636
,SMR,1987,,,,22686
,SMR,1988,,,,22843
,SMR,1989,,,,23154
,SMR,1990,,,,23475
,SMR,1991,,,,23797
,SMR,1992,,,,24125
,SMR,1993,,,,24472
,SMR,1994,,,,24823
,SMR,1995,,,,25158
,SMR,1996,,,,25482
,SMR,1997,,,,25800
San Marino,SMR,1998,1.82751509450425,,,26125
San Marino,SMR,1999,1.55463608639049,,1109098657.575112,26459
San Marino,SMR,2000,2.56773358739586,,1005159388.2439654,26799
San Marino,SMR,2001,2.70347841383587,,1077413479.0528233,27143
San Marino,SMR,2002,2.38676892433671,,1168269230.7692308,27491
San Marino,SMR,2003,2.45182791541232,,1464326160.815402,27843
San Marino,SMR,2004,2.01088269657863,1.43083868527343,1723750000.0,29457
San Marino,SMR,2005,1.6678752719362,1.68548890528347,1785847531.401567,29836
San Marino,SMR,2006,2.01207243460763,2.09525935611432,1908167105.758374,30184
San Marino,SMR,2007,-1.9723865877712,2.49894575725803,2185874623.5970435,31211
San Marino,SMR,2008,2.83196979232221,4.29320249287704,2393437820.418925,31662
San Marino,SMR,2009,0.999377268139739,2.19959237046011,2056126701.8616283,33066
San Marino,SMR,2010,1.43035574550051,2.58541815582587,1881191949.9899757,33270
San Marino,SMR,2011,0.152699197986834,2.89979584300123,1813717694.5609195,32620
San Marino,SMR,2012,3.12004460358166,2.8273322422258,1604701051.1653028,33469
San Marino,SMR,2013,2.00061717503941,1.60439298078082,1678741201.5730956,33041
San Marino,SMR,2014,0.388644528758022,1.11296303373851,1673910988.24105,32655
San Marino,SMR,2015,-0.742700250740796,0.145686073241066,1419400403.8278778,32897
San Marino,SMR,2016,1.31670533871484,0.644075340346552,1468342430.7393022,33101
San Marino,SMR,2017,1.74335584048488,1.01413313194508,1528621195.4831986,33825
San Marino,SMR,2018,2.06429610242003,1.16333522293158,1655354303.8699796,34522
San Marino,SMR,2019,0.914100160109228,0.472651967352852,1616188702.3396394,34663
San Marino,SMR,2020,0.344576815256147,-0.133368898372915,1541247883.9935052,34770
San Marino,SMR,2021,1.84143317836185,1.61551411551421,1855382833.1164992,34252
San Marino,SMR,2022,2.7646735234789,5.32545321311365,,33755
,SMR,2023,,5.93190858629403,,33860
,SMR,2024,,1.24216507945569,,33977
Somalia,SOM,1980,89.6000215004788,,602515548.4521039,5936154
Somalia,SOM,1981,19.6921365199916,,699302473.0500951,5982849
Somalia,SOM,1982,28.4330071321634,,774578931.9639199,6003840
Somalia,SOM,1983,36.4711581824299,,735408641.768548,6198430
Somalia,SOM,1984,71.6084015617209,,787434541.7288573,6428389
Somalia,SOM,1985,28.0181242716795,,875702247.1910112,6693289
Somalia,SOM,1986,39.0604267284057,,916590786.3261054,6974788
Somalia,SOM,1987,29.7061239387591,,1018972664.463803,7228302
Somalia,SOM,1988,63.9323172078169,,1051596967.1286983,7235360
Somalia,SOM,1989,102.704467581385,,1181360843.935489,7114817
Somalia,SOM,1990,215.830205539544,,1031282081.1668346,7082811
Somalia,SOM,1991,35.5290140050371,,717974929.7631578,6813760
Somalia,SOM,1992,25.0005043882989,,709297578.5,6495107
Somalia,SOM,1993,54.6634870137718,,1260132955.787459,6681399
Somalia,SOM,1994,55.8147453417915,,1481205097.9811325,7026797
Somalia,SOM,1995,31.4999969298742,,1534756134.5502186,7285007
Somalia,SOM,1996,29.9323763003659,,1792234297.391936,7554474
Somalia,SOM,1997,33.6111065976064,,2191749013.581238,7824525
Somalia,SOM,1998,21.9556451811188,,2962047564.4165072,8155417
Somalia,SOM,1999,14.3876863044206,,3045751527.660048,8492059
Somalia,SOM,2000,14.6097983167277,,3412797450.201118,8838713
Somalia,SOM,2001,8.24338668888598,,2252847464.6860847,9198493
Somalia,SOM,2002,7.72046671062576,,2192684134.592728,9550063
Somalia,SOM,2003,6.27947337751162,,2836724351.561596,9909157
Somalia,SOM,2004,6.79561761190055,,3859592813.1025534,10280998
Somalia,SOM,2005,16.0638020616769,,4683246454.100484,10644228
Somalia,SOM,2006,-6.86776599891034,,5026743282.042513,10975502
Somalia,SOM,2007,3.51717021973346,,5430713728.89074,11322582
Somalia,SOM,2008,2.05988988555681,,5913620292.905734,11663084
Somalia,SOM,2009,2.37613172422517,,2948594552.4495163,11961201
Somalia,SOM,2010,-15.3469023050206,,2687807003.73935,12261756
Somalia,SOM,2011,-2.88779805597117,,2906000096.932491,12348830
Somalia,SOM,2012,5.77054398305643,,4041702388.866335,12461160
Somalia,SOM,2013,-10.4668138347536,,5836021227.475967,12869594
Somalia,SOM,2014,8.92321069866951,,6537360532.643586,13339491
Somalia,SOM,2015,6.94895320598204,,6984947145.095078,13806963
Somalia,SOM,2016,4.08186837702725,,7390796616.528166,14348740
Somalia,SOM,2017,0.597727181659508,,8252394373.296979,14916629
Somalia,SOM,2018,4.97532968432834,,8278212314.40466,15452487
Somalia,SOM,2019,11.8594164700306,,9420431258.247469,16030971
Somalia,SOM,2020,5.36583593677899,,9204140383.17612,16651191
Somalia,SOM,2021,7.3886001174333,,9838711529.458475,17271431
Somalia,SOM,2022,7.91416641125198,,10419541202.0391,17801897
Somalia,SOM,2023,4.5724656131988,,11679800110.152267,18358615
,SOM,2024,,,,19009151
,SRB,1980,,,,7709544
,SRB,1981,,,,7736787
,SRB,1982,,,,7763335
,SRB,1983,,,,7788100
,SRB,1984,,,,7813549
,SRB,1985,,,,7835902
,SRB,1986,,,,7853824
,SRB,1987,,,,7868027
,SRB,1988,,,,7884218
,SRB,1989,,,,7893787
,SRB,1990,,,,7897937
,SRB,1991,,,,7595636
,SRB,1992,,,,7604063
,SRB,1993,,,19374911219.6327,7614328
,SRB,1994,,,20302145339.40169,7622711
,SRB,1995,,82.6605151864663,16832598870.056498,7628264
Serbia,SRB,1996,85.5841901503822,95.6009261208171,21818007448.78957,7622185
Serbia,SRB,1997,17.8992911381943,23.307866135801,25676487999.594067,7598538
Serbia,SRB,1998,24.5816708667068,30.1596997992844,19457979423.376003,7567745
Serbia,SRB,1999,28.8693543195707,42.4539054642972,19388663551.00116,7540401
Serbia,SRB,2000,79.2183508682465,71.1206287946541,6875845986.521209,7516346
Serbia,SRB,2001,84.1527429423523,95.0052258100006,12960546471.378193,7503433
Serbia,SRB,2002,19.1017136778035,19.4908321579689,17120906918.350328,7500031
Serbia,SRB,2003,12.5286894504112,9.87617889729578,22482365321.765587,7480591
Serbia,SRB,2004,8.12865616706782,11.0263627183464,26141968161.092403,7463157
Serbia,SRB,2005,13.8856609004848,16.1199806482826,27683225959.24681,7440769
Serbia,SRB,2006,13.839225499575,11.7240229980834,32482070360.32038,7411569
Serbia,SRB,2007,8.8316860769138,6.39170644391413,43170990616.47292,7381579
Serbia,SRB,2008,9.49838537981331,12.410986775178,52194221468.500725,7350222
Serbia,SRB,2009,8.4369259125118,8.11695092238082,45162894380.9318,7320807
Serbia,SRB,2010,4.95030895713286,6.14255360247248,41819468691.82505,7291436
Serbia,SRB,2011,11.0023151879629,11.1373976342129,49258136128.96716,7236519
Serbia,SRB,2012,6.04404445896019,7.33038589596646,43309252921.05673,7201497
Serbia,SRB,2013,7.8010852139731,7.69426362896655,48394239474.67616,7166553
Serbia,SRB,2014,2.90940668005459,2.08244793880154,47062202418.88643,7131787
Serbia,SRB,2015,2.16912087992016,1.39235822000187,39655949731.381615,7095383
Serbia,SRB,2016,1.54382768559221,1.12231397417769,40692661657.284,7058322
Serbia,SRB,2017,2.99735460836095,3.13106248590115,44179075778.92674,7020858
Serbia,SRB,2018,1.99999940277962,1.95984076293801,50640662859.498726,6982604
Serbia,SRB,2019,2.34783114136296,1.84922984511086,51514242938.67344,6945235
Serbia,SRB,2020,2.6493593974983,1.57553290083415,53356484591.43781,6899126
Serbia,SRB,2021,5.68404945078089,4.08510285335102,63101042897.70703,6834326
Serbia,SRB,2022,10.5159219499465,11.9815117344703,63563410720.70927,6664449
Serbia,SRB,2023,13.8402321392915,12.3719043552519,75187125426.73755,6623183
,SRB,2024,,4.6705297488997,,6586476
Sub-Saharan Africa (excluding high income),SSA,1980,12.7409349281657,,290218140808.1466,355467472
Sub-Saharan Africa (excluding high income),SSA,1981,10.8085073501478,12.413261372398,402288463246.0451,366437525
Sub-Saharan Africa (excluding high income),SSA,1982,11.5925537512913,12.1399176954734,371770082938.54126,377641425
Sub-Saharan Africa (excluding high income),SSA,1983,10.9601408150368,11.5675243834069,334284647100.2123,389094648
Sub-Saharan Africa (excluding high income),SSA,1984,11.8638552478514,11.2499999999997,299763709595.54785,400538509
Sub-Saharan Africa (excluding high income),SSA,1985,9.58787789693064,10.3054406698295,284674940036.1351,412354065
Sub-Saharan Africa (excluding high income),SSA,1986,8.024221995461,7.4333333333332,265263726338.66547,424407604
Sub-Saharan Africa (excluding high income),SSA,1987,9.61162965797724,8.15234253800871,298330151730.2241,436643155
Sub-Saharan Africa (excluding high income),SSA,1988,9.15994113825138,8.75549685086139,312818799587.8819,448764072
Sub-Saharan Africa (excluding high income),SSA,1989,10.4082837311963,8.27501608751592,316929212105.4537,461052538
Sub-Saharan Africa (excluding high income),SSA,1990,10.6104147199976,7.72532188841208,373310030639.6298,473635450
Sub-Saharan Africa (excluding high income),SSA,1991,8.67101474106172,8.96562265214309,401440135786.8016,485834033
Sub-Saharan Africa (excluding high income),SSA,1992,7.28328316236082,9.5234771910899,362732355954.02985,498349572
Sub-Saharan Africa (excluding high income),SSA,1993,11.6054293090274,9.67934658067928,368788820474.05975,511789636
Sub-Saharan Africa (excluding high income),SSA,1994,23.8310252650339,28.8143894306731,377141069076.5995,525116200
Sub-Saharan Africa (excluding high income),SSA,1995,11.0640001040792,12.2885912601426,479946737825.9679,538769611
Sub-Saharan Africa (excluding high income),SSA,1996,9.99812532063849,7.27288316259338,535109490236.3223,553009918
Sub-Saharan Africa (excluding high income),SSA,1997,5.08805758617257,8.16902144106963,564078278693.6353,567371961
Sub-Saharan Africa (excluding high income),SSA,1998,6.94749109270616,6.66139865665752,565282335758.6342,582361221
Sub-Saharan Africa (excluding high income),SSA,1999,7.75843693367269,4.24955255897251,403403922297.9537,597802260
Sub-Saharan Africa (excluding high income),SSA,2000,8.84439624700958,4.19928825622803,427688179170.8961,613632482
Sub-Saharan Africa (excluding high income),SSA,2001,6.55399065644978,5.07745045522496,409106816914.1957,630019621
Sub-Saharan Africa (excluding high income),SSA,2002,3.86243458570234,5.03282275711195,445363669974.5061,646942913
Sub-Saharan Africa (excluding high income),SSA,2003,5.81434413395987,6.08442811371069,561066946684.4644,664400687
Sub-Saharan Africa (excluding high income),SSA,2004,7.68840142534579,4.17816000119791,696791130087.6636,682493463
Sub-Saharan Africa (excluding high income),SSA,2005,7.56269974481235,6.60524085549199,826950419336.0995,701214785
Sub-Saharan Africa (excluding high income),SSA,2006,7.55679942246153,6.61655430536479,975498431473.4788,720481278
Sub-Saharan Africa (excluding high income),SSA,2007,6.88838910319755,7.02551436974771,1129464143218.9048,740376633
Sub-Saharan Africa (excluding high income),SSA,2008,9.75092298812891,10.2969758221254,1280460471257.3284,761026248
Sub-Saharan Africa (excluding high income),SSA,2009,3.11722996127335,4.84866964640709,1223187004131.9338,782252358
Sub-Saharan Africa (excluding high income),SSA,2010,5.64433086097335,4.06749555950263,1447125748526.3345,804038373
Sub-Saharan Africa (excluding high income),SSA,2011,9.39165549203732,5.68631959575954,1626613553670.3948,826290715
Sub-Saharan Africa (excluding high income),SSA,2012,5.46617486333369,6.57589970757698,1689385832315.5527,849083240
Sub-Saharan Africa (excluding high income),SSA,2013,3.58690582613154,4.90520875694557,1796174725333.6858,872704206
Sub-Saharan Africa (excluding high income),SSA,2014,2.6158977058997,4.4038027171436,1872887522796.9463,896754068
Sub-Saharan Africa (excluding high income),SSA,2015,2.9722848994975,3.47238752883653,1667230590352.5269,921290560
Sub-Saharan Africa (excluding high income),SSA,2016,4.78100029080551,5.49410463760061,1520442531814.6355,946011305
Sub-Saharan Africa (excluding high income),SSA,2017,4.96153975601543,5.20971705914209,1624180269855.7954,971179323
Sub-Saharan Africa (excluding high income),SSA,2018,4.21502841459056,4.27462198610545,1779124613364.5764,997236086
Sub-Saharan Africa (excluding high income),SSA,2019,2.85603411987745,2.867588034469,1828592235182.868,1023480610
Sub-Saharan Africa (excluding high income),SSA,2020,4.24998016732003,3.84286439841881,1714838253754.9446,1049999318
Sub-Saharan Africa (excluding high income),SSA,2021,5.90670766327823,4.43905481215002,1931278037791.8652,1076774079
Sub-Saharan Africa (excluding high income),SSA,2022,8.66620854081535,9.45955253039717,2059044970799.401,1103704408
Sub-Saharan Africa (excluding high income),SSA,2023,4.80427142532388,6.69759990789844,2030607752381.921,1131078494
,SSA,2024,,,,1158863843
,SSD,1980,,,,4339030
,SSD,1981,,,,4447272
,SSD,1982,,,,4557686
,SSD,1983,,,,4661574
,SSD,1984,,,,4750627
,SSD,1985,,,,4834296
,SSD,1986,,,,4921240
,SSD,1987,,,,4962395
,SSD,1988,,,,4848029
,SSD,1989,,,,4713229
,SSD,1990,,,,4737633
,SSD,1991,,,,4836677
,SSD,1992,,,,4909749
,SSD,1993,,,,4956002
,SSD,1994,,,,5071184
,SSD,1995,,,,5225836
,SSD,1996,,,,5356925
,SSD,1997,,,,5509136
,SSD,1998,,,,5620068
,SSD,1999,,,,5771628
,SSD,2000,,,,6032267
,SSD,2001,,,,6308391
,SSD,2002,,,,6596806
,SSD,2003,,,,6903127
,SSD,2004,,,,7233041
,SSD,2005,,,,7590143
,SSD,2006,,,,7976526
,SSD,2007,,,,8388788
,SSD,2008,,,14586253383.063168,8817647
South Sudan,SSD,2009,-11.8293295391053,5.00627361534043,12231264525.067104,9243556
South Sudan,SSD,2010,12.9264024311492,1.16962180301106,14602072410.950586,9745953
South Sudan,SSD,2011,38.8333429721931,46.8521757193597,14907308932.75343,10288109
South Sudan,SSD,2012,46.5069047554802,45.5258978371706,11931472169.491526,10756240
South Sudan,SSD,2013,36.5121584994857,-0.0580909784225664,18426469016.94915,11166275
South Sudan,SSD,2014,-26.7002845822567,1.67429906295525,13962212847.457626,11235073
South Sudan,SSD,2015,17.6893321393151,52.7663304192142,11997800760.224182,11107561
,SSD,2016,,379.999585624026,,10830102
,SSD,2017,,187.851630279442,,10259154
,SSD,2018,,83.5015294921999,,10122977
,SSD,2019,,87.2413641500033,,10423384
,SSD,2020,,29.6758435538571,,10698467
,SSD,2021,,10.5167158294359,,10865780
,SSD,2022,,-6.68732094212672,,11021177
,SSD,2023,,2.38280434813759,,11483374
,SSD,2024,,,,11943408
Sub-Saharan Africa,SSF,1980,12.8646273399031,13.6019828289492,290362860824.31854,389959247
Sub-Saharan Africa,SSF,1981,10.6252870249993,12.2903278605959,402431915039.5622,401805572
Sub-Saharan Africa,SSF,1982,10.8392558019708,12.0998414518035,371908928471.02576,414407128
Sub-Saharan Africa,SSF,1983,10.8174002740579,11.4826535601296,334425214800.039,426899800
Sub-Saharan Africa,SSF,1984,11.7174933871685,11.1169312857885,299912178648.0447,439338948
Sub-Saharan Africa,SSF,1985,8.93083000559061,9.40690750687272,284844527262.7955,452261445
Sub-Saharan Africa,SSF,1986,8.02256089268182,6.85934422794885,265479043488.5498,465510912
Sub-Saharan Africa,SSF,1987,9.39994796598818,7.63279008878104,298589909448.8508,479171693
Sub-Saharan Africa,SSF,1988,8.95795186633018,8.35167956821219,313116659995.5534,492983652
Sub-Saharan Africa,SSF,1989,9.76900937253662,8.0461586348732,317250593015.6102,507001395
Sub-Saharan Africa,SSF,1990,10.5836307032606,7.5448610969945,373699392898.2165,521314712
Sub-Saharan Africa,SSF,1991,8.56427900364693,8.93430656934288,401833867991.94336,535621670
Sub-Saharan Africa,SSF,1992,6.96128200795714,9.48654250617163,363195310898.8154,550274082
Sub-Saharan Africa,SSF,1993,11.2979738583905,9.52484537019695,369295608234.0817,565570780
Sub-Saharan Africa,SSF,1994,23.2494808479149,27.4479807126946,377661276291.1022,580801913
Sub-Saharan Africa,SSF,1995,11.0437898513941,11.425939964662,480489469166.2749,596382250
Sub-Saharan Africa,SSF,1996,9.07483488878513,7.19164660433344,535646189852.0218,612553970
Sub-Saharan Africa,SSF,1997,5.05534593106086,7.6471743331001,564679173393.117,628853819
Sub-Saharan Africa,SSF,1998,6.96357951652327,6.43573287560781,565932096595.1832,645803591
Sub-Saharan Africa,SSF,1999,7.61207827777595,4.35643374510453,404070839322.17737,663257231
Sub-Saharan Africa,SSF,2000,8.5066010783456,4.500788562621,428346156747.9901,681125107
Sub-Saharan Africa,SSF,2001,6.23201251547312,5.14746800222618,409772900328.9537,699588585
Sub-Saharan Africa,SSF,2002,3.61316135426739,4.70579123746034,446110426619.53735,718662153
Sub-Saharan Africa,SSF,2003,5.94683478932345,5.67942414068799,561821496869.8468,738316131
Sub-Saharan Africa,SSF,2004,7.7652785346058,4.13663213144748,697688286597.4877,758653144
Sub-Saharan Africa,SSF,2005,7.50171013084201,6.42755278070087,827932293880.6796,779665113
Sub-Saharan Africa,SSF,2006,7.46134453965777,6.53784395299604,976583731601.0428,801269368
Sub-Saharan Africa,SSF,2007,7.03666107458216,6.78669789038244,1130543907099.9294,823564883
Sub-Saharan Africa,SSF,2008,10.1291157206231,10.378524478798,1281440068651.6223,846656872
Sub-Saharan Africa,SSF,2009,3.36037257272762,5.00627361534043,1224037905752.3674,870347292
Sub-Saharan Africa,SSF,2010,5.64097124955398,4.02202422214216,1448107365068.663,894666657
Sub-Saharan Africa,SSF,2011,9.19547306727744,5.36621092948079,1627672472377.656,919528126
Sub-Saharan Africa,SSF,2012,5.61835942319506,6.58183105075141,1690475240154.75,944970310
Sub-Saharan Africa,SSF,2013,3.81334835981615,4.88516387595471,1797507885741.0713,971232906
Sub-Saharan Africa,SSF,2014,3.08839123897887,4.40225309243427,1874275100667.0283,997961037
Sub-Saharan Africa,SSF,2015,2.92789713727939,3.55075967356746,1668662993704.6562,1025251114
Sub-Saharan Africa,SSF,2016,4.56511461778215,5.43051966119156,1522011045162.7808,1052824144
Sub-Saharan Africa,SSF,2017,4.80529528782022,5.19795180719179,1625855640496.8096,1080941647
Sub-Saharan Africa,SSF,2018,4.1041617498425,4.09297819300637,1780908927291.3445,1109997000
Sub-Saharan Africa,SSF,2019,2.70224724381033,2.83514555687506,1830460925279.602,1139315618
Sub-Saharan Africa,SSF,2020,4.28056265157745,3.48393567493204,1716220805506.514,1169015451
Sub-Saharan Africa,SSF,2021,5.63049185397639,4.61874544887136,1932765211586.671,1199011925
Sub-Saharan Africa,SSF,2022,8.29018747603367,9.39383877456591,2061102939319.2317,1229208573
Sub-Saharan Africa,SSF,2023,4.73199714247384,6.34221743124953,2032749202553.06,1259889959
,SSF,2024,,,,1291044964
Small states,SST,1980,12.8610060580281,15.1200642549691,27438523048.757866,12298380
Small states,SST,1981,8.91696548410359,12.122706241982,27861833675.1996,12490529
Small states,SST,1982,7.43698791306828,7.12990675816712,27745498253.758797,12683850
Small states,SST,1983,5.66428865895905,5.14000651194858,27080519124.359783,12874950
Small states,SST,1984,6.17790852596886,4.09429280397012,28011425418.31652,13067491
Small states,SST,1985,4.45086843820029,3.91510525082794,28142756692.135357,13275197
Small states,SST,1986,5.09796980804653,2.48224596554419,29954795791.237778,13492150
Small states,SST,1987,7.16337570754011,4.05684843991425,35074153055.12306,13707720
Small states,SST,1988,6.45370674424963,4.40241182786764,38433795911.26998,13924070
Small states,SST,1989,5.60791537601837,5.38765822784807,39127757025.45067,14148870
Small states,SST,1990,6.20535307251815,4.66931912018676,44747769951.55544,14379862
Small states,SST,1991,5.9931316401638,6.25752663270021,46967025003.52394,14610383
Small states,SST,1992,5.0489094488744,4.88302271568611,50718222735.88065,14735408
Small states,SST,1993,3.02831268774926,4.09383622628718,50463646244.42719,14837410
Small states,SST,1994,3.56174406945007,2.69262984899131,53830919903.9801,14970002
Small states,SST,1995,2.99756956463735,2.88961584372151,61225931020.1428,15087617
Small states,SST,1996,2.97475626535409,2.97892486481265,64221535016.17651,15248657
Small states,SST,1997,2.27775050392867,3.46190548508375,67849318093.39369,15435138
Small states,SST,1998,2.97009281527207,2.89089799832167,69616675805.43721,15624755
Small states,SST,1999,4.43342351579936,2.95370836069129,73166388467.08838,15698038
Small states,SST,2000,2.56773358739586,2.48675073855121,76825026679.5082,15786741
Small states,SST,2001,3.66029355253119,3.38237709214744,77134382257.57304,16017863
Small states,SST,2002,3.2664474825379,2.18849048060549,83440932716.70718,16250203
Small states,SST,2003,3.88938600534479,2.19518237141616,98713950502.90428,16441139
Small states,SST,2004,3.76283717550221,2.96003946719286,114440630217.5623,16597133
Small states,SST,2005,3.99513339074883,3.10496640148298,128662946618.18729,16699341
Small states,SST,2006,4.09637073569277,3.5917469011671,144640135773.94012,16868546
Small states,SST,2007,4.69688854570667,4.46616710098134,169972566983.96255,17047450
Small states,SST,2008,5.68669282209342,8.32716049382713,185058112528.30093,17228345
Small states,SST,2009,1.76512587619911,2.19959237046011,164140722544.82172,17398922
Small states,SST,2010,1.81654195519067,2.97204512015694,174536267000.42285,17575200
Small states,SST,2011,2.7869098819283,4.0010266434312,195163537455.5595,17748220
Small states,SST,2012,3.44088030034162,3.40012783870427,196184993723.70825,17926451
Small states,SST,2013,2.24218127684152,1.75232737350762,203747883009.3781,18107202
Small states,SST,2014,1.32705754283985,1.15718133927454,210645325825.07663,18292084
Small states,SST,2015,2.77328121859048,0.562405884956054,195342695295.0269,18482578
Small states,SST,2016,1.90545540481198,0.643389055936928,202183604189.062,18671045
Small states,SST,2017,2.2149806797436,1.63405189110426,222189517961.59067,18865506
Small states,SST,2018,1.94998202111621,2.10970464135017,240866904455.2956,19084934
Small states,SST,2019,1.78508543297745,1.17954334821808,243792423417.38956,19293697
Small states,SST,2020,0.402303195023002,0.356840516820702,219068216684.63303,19472157
Small states,SST,2021,2.92731350035407,2.41075255288779,254207327038.4148,19646549
Small states,SST,2022,5.71661624053541,6.2153247069029,281850778773.2686,19852364
Small states,SST,2023,4.3740620157435,4.81585792589553,298978248910.6322,20031262
,SST,2024,,,,20193405
Sao Tome and Principe,STP,1980,24.639980007431,,81663164.7784139,98544
Sao Tome and Principe,STP,1981,25.9039284864759,,83500282.0012995,100615
Sao Tome and Principe,STP,1982,-0.392853972285707,,80306989.02583648,102508
Sao Tome and Principe,STP,1983,0.469319260828087,,75110646.10044716,104380
Sao Tome and Principe,STP,1984,15.587584385592,,78213203.83951494,106394
Sao Tome and Principe,STP,1985,-2.24528847916254,,82733794.11915322,108658
Sao Tome and Principe,STP,1986,28.7347735420046,,115928950.95673507,111150
Sao Tome and Principe,STP,1987,44.7541184885392,,115953392.30433194,113919
Sao Tome and Principe,STP,1988,33.3219758698073,,99001149.07228148,116939
Sao Tome and Principe,STP,1989,39.3575097844403,,98545367.42381768,119979
Sao Tome and Principe,STP,1990,42.2390438110288,,119297935.6785057,122980
Sao Tome and Principe,STP,1991,25.3451937487011,,107484142.71555996,125697
Sao Tome and Principe,STP,1992,39.5587242691663,,94861780.62283522,128110
Sao Tome and Principe,STP,1993,75.3876340294399,,125742228.75674066,130467
Sao Tome and Principe,STP,1994,74.1896126763799,,131338414.5842092,132732
Sao Tome and Principe,STP,1995,50.0639161288971,,103695236.78100064,134895
Sao Tome and Principe,STP,1996,99.2359560303157,,135188165.7470801,136962
Sao Tome and Principe,STP,1997,39.1139821397442,35.81717824448,91920274.24016574,138922
Sao Tome and Principe,STP,1998,16.0000191920269,50.4931357486254,72285403.84234582,140751
Sao Tome and Principe,STP,1999,7.90479558956943,12.7251770130085,77302211.92483507,142442
Sao Tome and Principe,STP,2000,9.97601520165648,12.2089456308977,76198394.8202671,144018
Sao Tome and Principe,STP,2001,7.18447295504446,9.22203707560889,75951133.37779482,146375
Sao Tome and Principe,STP,2002,11.5148122597808,10.128724672229,85171073.87774976,149922
Sao Tome and Principe,STP,2003,13.8397977822705,9.79241974934509,102085769.1234194,153814
Sao Tome and Principe,STP,2004,14.8393417321248,13.2858860871796,114582283.91638164,157705
Sao Tome and Principe,STP,2005,19.0925741408707,17.1522049354354,136450662.39059213,161639
Sao Tome and Principe,STP,2006,13.3249989171462,23.0770373451381,142775104.0816256,165638
Sao Tome and Principe,STP,2007,9.60258189970895,18.5485136325779,149146918.88861105,169700
Sao Tome and Principe,STP,2008,28.8282864494996,31.9901039492573,188021165.00338,173793
Sao Tome and Principe,STP,2009,13.9533488007692,16.9574758025945,200668065.03175008,177853
Sao Tome and Principe,STP,2010,6.96532412446513,13.34005235378,190021192.48953637,181802
Sao Tome and Principe,STP,2011,11.6807042204602,14.3271667616801,226455001.2430829,185649
Sao Tome and Principe,STP,2012,6.46776354057626,10.6379353431628,229371348.20260647,189439
Sao Tome and Principe,STP,2013,7.20255760722401,8.10583270875476,267041747.58435395,193148
Sao Tome and Principe,STP,2014,4.62269799152351,6.99849943966421,293119143.24682474,196767
Sao Tome and Principe,STP,2015,4.50369709639151,5.24587835022454,259999643.04738805,200291
Sao Tome and Principe,STP,2016,7.05347169543845,5.43051966119156,292267272.1969252,203689
Sao Tome and Principe,STP,2017,4.08077375939095,5.6902961992902,322002845.2293353,206970
Sao Tome and Principe,STP,2018,8.91966149527528,7.86859628873909,383717327.8305078,210187
Sao Tome and Principe,STP,2019,11.2643680903642,7.72024525213248,412976064.479214,213392
Sao Tome and Principe,STP,2020,9.26827734771341,9.81932791540146,471229484.6071443,217435
Sao Tome and Principe,STP,2021,5.16433588592962,8.13777038378732,524402450.75561225,221961
Sao Tome and Principe,STP,2022,15.7806509935932,18.0056351122841,542686976.4575872,226305
Sao Tome and Principe,STP,2023,21.6884761062027,21.2589138473,603240748.9542067,230871
,STP,2024,,,,235536
Suriname,SUR,1980,11.4007062429351,14.1097064496918,795000000.0,375377
Suriname,SUR,1981,4.41073704063454,8.79396984924597,889000000.0,375459
Suriname,SUR,1982,7.43698791306828,7.27640861779861,915000000.0,376555
Suriname,SUR,1983,0.475938662315542,4.41180807455269,883500000.0,378746
Suriname,SUR,1984,-0.313079241866063,3.68874452760907,864000000.0,382193
Suriname,SUR,1985,-0.939542487183417,10.8659529841192,873000000.0,386972
Suriname,SUR,1986,1.25184094872542,18.6879606879605,891000000.0,392330
Suriname,SUR,1987,17.2588237181322,53.3929532563242,980000000.0,396911
Suriname,SUR,1988,9.89739124703175,7.31328780803817,1161000000.0,402227
Suriname,SUR,1989,12.1294932421936,0.769646742205996,542600000.0,408409
Suriname,SUR,1990,49.9084300296269,21.7399443397526,388400000.0,412493
Suriname,SUR,1991,12.3376365857229,25.9674625060223,448100000.0,415013
Suriname,SUR,1992,34.8989224864435,43.6661783854171,404600000.0,417589
Suriname,SUR,1993,157.453710886709,143.51155848349,428764705.8823529,419352
Suriname,SUR,1994,438.263725772759,368.478068706267,605492537.3134328,422375
Suriname,SUR,1995,276.753845395386,235.558815073605,691590497.7375566,429606
Suriname,SUR,1996,11.8825503719107,-0.701887251452818,861372806.2082002,438830
Suriname,SUR,1997,1.49369976851179,7.14511160883929,926422500.0,448067
Suriname,SUR,1998,17.2116243166659,18.9753691994478,1110850000.0,457406
Suriname,SUR,1999,73.9731867593173,98.7730914112164,886290697.6744186,466916
Suriname,SUR,2000,60.7428213798917,59.401686545079,947671969.6969696,476643
Suriname,SUR,2001,39.530228233387,38.5862878872611,834279357.7981651,486560
Suriname,SUR,2002,37.4532823192579,15.5273989185702,1093574468.0851064,496551
Suriname,SUR,2003,21.3179782161229,23.0022321778219,1274190311.4186852,506414
Suriname,SUR,2004,12.8379278475888,9.98632511974878,1484092538.405267,513923
Suriname,SUR,2005,15.5398119400855,9.89800489561465,1793410397.387383,519313
Suriname,SUR,2006,39.0361246319048,11.2813043273975,2626380435.178773,524997
Suriname,SUR,2007,6.4252012519074,6.42627934470524,2936612021.8579235,531016
Suriname,SUR,2008,15.5211432201182,14.6671427437912,3532969034.608379,537245
Suriname,SUR,2009,6.48362424782576,-0.133636646714877,3875409836.0655737,543568
Suriname,SUR,2010,7.19655419062693,6.94108221639996,4368370997.921263,549923
Suriname,SUR,2011,13.8444468459506,17.7117796414558,4422276621.787026,556269
Suriname,SUR,2012,10.7352006048331,5.00686319367273,4980000000.0,562633
Suriname,SUR,2013,0.383766168173977,1.92343604108305,5145757575.757576,569020
Suriname,SUR,2014,1.58368715816022,3.38341272749477,5240606060.606061,575373
Suriname,SUR,2015,4.85459060945995,6.89390359168238,5126237646.220717,581627
Suriname,SUR,2016,24.0693638258796,55.4123879763196,3317421648.0991807,587757
Suriname,SUR,2017,28.1451055406702,21.9969430173304,3591679430.999881,593713
Suriname,SUR,2018,5.66059377089626,,3996198866.574535,599513
Suriname,SUR,2019,5.17890859157816,,4016040575.0879593,605768
Suriname,SUR,2020,45.2177563492464,34.889784309078,2911807496.2022653,612317
Suriname,SUR,2021,62.0745334560841,59.1196626251977,3081401725.888325,617896
Suriname,SUR,2022,49.4232837396802,52.446027276241,3620987993.326366,623164
Suriname,SUR,2023,32.2686064902092,51.5873159600861,3782437296.0432286,628886
,SUR,2024,,16.2296159130279,,634431
,SVK,1980,,,,4979815
,SVK,1981,,,,5016105
,SVK,1982,,,,5055099
,SVK,1983,,,,5091971
,SVK,1984,,,,5127097
,SVK,1985,,,,5161768
,SVK,1986,,,,5193838
,SVK,1987,,,,5222840
,SVK,1988,,,,5250596
,SVK,1989,,,,5275942
,SVK,1990,,,12747380650.07618,5299187
Slovak Republic,SVK,1991,34.607140083354,,14272201755.470392,5303294
Slovak Republic,SVK,1992,11.2146162986406,9.89350519771167,15495514296.804243,5305016
Slovak Republic,SVK,1993,15.5779147056439,23.287027664545,16520676973.5301,5325305
Slovak Republic,SVK,1994,13.4484860475762,13.4155203422246,20162936291.37501,5346331
Slovak Republic,SVK,1995,9.8910681373068,9.84109579837748,25840146405.22876,5361999
Slovak Republic,SVK,1996,4.68033984186214,5.77582786155949,27925036755.38656,5373361
Slovak Republic,SVK,1997,4.72932550418921,6.14198999595652,27706028095.615723,5383291
Slovak Republic,SVK,1998,5.00367407361483,6.66565123195824,29856000671.21602,5390516
Slovak Republic,SVK,1999,7.29395135651527,10.5704416075225,30463670123.59312,5396020
Slovak Republic,SVK,2000,9.68117960433668,12.0357805974299,29242558796.55065,5388720
Slovak Republic,SVK,2001,5.37523124435772,7.3296201911553,30778781606.95752,5378867
Slovak Republic,SVK,2002,4.04623615991737,3.12714222984608,35297794385.68634,5376912
Slovak Republic,SVK,2003,5.44607996105175,8.55414305406645,46919965224.1497,5373374
Slovak Republic,SVK,2004,5.90529817118028,7.54850088183423,57437444469.08702,5372280
Slovak Republic,SVK,2005,2.64656711097582,2.70908494588384,62808723476.71904,5372807
Slovak Republic,SVK,2006,2.8955395734697,4.48333120449611,70767338922.44107,5373054
Slovak Republic,SVK,2007,1.17772604127171,2.7567237163814,86563986799.25047,5374622
Slovak Republic,SVK,2008,2.98536275879336,4.59817976325028,100879902984.9828,5379233
Slovak Republic,SVK,2009,-1.12257190426035,1.61510464058238,89399303222.15501,5386406
Slovak Republic,SVK,2010,0.470528037018013,0.957018132975143,91162836320.35016,5391428
Slovak Republic,SVK,2011,1.61977068406445,3.9192859914629,99922685424.88348,5398384
Slovak Republic,SVK,2012,1.33888228226206,3.6061026352289,94623731085.61057,5407579
Slovak Republic,SVK,2013,0.534061780956677,1.40047368963025,98935222174.86028,5413393
Slovak Republic,SVK,2014,-0.132601652541283,-0.0761653295419871,101437045019.90082,5418649
Slovak Republic,SVK,2015,-0.185693219770044,-0.325219777427673,88900883130.83745,5423801
Slovak Republic,SVK,2016,-0.390909938960164,-0.520010196278266,89952699524.894,5430798
Slovak Republic,SVK,2017,1.18187358611384,1.31194588223228,95649966260.98016,5439232
Slovak Republic,SVK,2018,2.10864784120307,2.51403712883812,106137924015.59286,5446771
Slovak Republic,SVK,2019,2.40120775491499,2.66456133425431,105711680180.56451,5454147
Slovak Republic,SVK,2020,2.40777968361606,1.93694126694223,106737868873.94116,5458827
Slovak Republic,SVK,2021,2.24393114860719,3.14960629921268,118563266602.35857,5447247
Slovak Republic,SVK,2022,7.48894730705902,12.7741463637611,115584743573.55298,5431752
Slovak Republic,SVK,2023,10.1364912548588,10.5319476645211,132793622283.07095,5426740
,SVK,2024,,2.75760909424272,,5422069
,SVN,1980,,,,1901315
,SVN,1981,,42.6229527318244,,1906531
,SVN,1982,,30.1125435950715,,1910334
,SVN,1983,,40.2134918436935,,1922321
,SVN,1984,,53.6719669102484,,1932154
,SVN,1985,,79.4063811481874,,1941641
,SVN,1986,,95.8865052101644,,1965964
,SVN,1987,,132.072721014831,,1989776
,SVN,1988,,198.753712862023,,1995196
,SVN,1989,,1281.44349404876,,1996351
,SVN,1990,,552.083528914325,19817923035.843178,1998161
Slovenia,SVN,1991,94.9277875541253,114.832935589747,14444213919.86226,1999429
Slovenia,SVN,1992,208.17782277309,209.933731186822,14267106463.693012,1996498
Slovenia,SVN,1993,37.0791193186463,31.7621306305932,14439020929.02324,1991746
Slovenia,SVN,1994,22.589236406677,20.9918180471498,16389101593.526869,1989443
Slovenia,SVN,1995,15.155058667176,13.4637296178669,21352224019.409622,1989872
Slovenia,SVN,1996,11.4966416139632,9.86445061546851,21507232648.72521,1988628
Slovenia,SVN,1997,8.30053665459974,8.359679907043,20763101740.69628,1985956
Slovenia,SVN,1998,7.41428806465807,7.89116682856684,22146231967.68609,1981629
Slovenia,SVN,1999,6.5408556099006,6.15558754451559,22711384311.14041,1983045
Slovenia,SVN,2000,5.53606478204385,8.91174418658769,20289627636.676712,1988925
Slovenia,SVN,2001,8.70000614877415,8.37966587492204,20876309970.385,1992060
Slovenia,SVN,2002,7.61980985590355,7.48077770703754,23489890274.314217,1994530
Slovenia,SVN,2003,5.66345782357303,5.54416421752901,29634713641.096844,1995733
Slovenia,SVN,2004,3.35817484405874,3.59297594249509,34414784504.235176,1997012
Slovenia,SVN,2005,1.50299789756312,2.45150132316475,36206395970.65041,2000474
Slovenia,SVN,2006,2.22359964757672,2.45792444195865,39481045038.2637,2006868
Slovenia,SVN,2007,4.20025128686945,3.65749563284099,48067401207.397804,2018122
Slovenia,SVN,2008,4.50501550359247,5.64742380573935,55779427739.66093,2021316
Slovenia,SVN,2009,2.73284071725568,0.839262246793887,50567734885.961296,2039669
Slovenia,SVN,2010,-0.491469663518984,1.80117022137134,48208240226.450096,2048583
Slovenia,SVN,2011,1.36451861108193,1.8028517194191,51583869785.18493,2052843
Slovenia,SVN,2012,0.626619401658687,2.59741386039003,46577793184.003136,2057159
Slovenia,SVN,2013,1.1327980246691,1.76920085881907,48415657264.875824,2059953
Slovenia,SVN,2014,0.631553050140269,0.19934382657075,49997186439.09159,2061980
Slovenia,SVN,2015,0.867195845770979,-0.525552285820877,43107506024.32537,2063531
Slovenia,SVN,2016,0.885483330309867,-0.054999541670474,44766722790.5826,2065042
Slovenia,SVN,2017,1.28762872790161,1.42910743319306,48589100043.095375,2066388
Slovenia,SVN,2018,2.1809554232366,1.7386086198818,54177882425.8431,2073894
Slovenia,SVN,2019,2.33858818675805,1.63052260754344,54386654313.96854,2088385
Slovenia,SVN,2020,1.18953023258868,-0.05485681576061,53734526854.22894,2102419
Slovenia,SVN,2021,2.68996436135656,1.91706506089259,61832201543.82846,2108079
Slovenia,SVN,2022,6.51715101546723,8.83369886749452,60063475466.34459,2112076
Slovenia,SVN,2023,10.0501057520513,7.44687717385838,68216781410.52277,2120461
,SVN,2024,,1.96562656432512,,2127400
Sweden,SWE,1980,11.7165099049294,13.7063223649005,142092068280.6885,8310531
Sweden,SWE,1981,8.76734224773226,12.1039385302598,129686938223.3282,8320503
Sweden,SWE,1982,8.08460534650519,8.58918509047123,114380557730.87576,8325263
Sweden,SWE,1983,9.95406204032167,8.87302152363213,105014356666.7971,8329033
Sweden,SWE,1984,7.63598203769244,8.04424238994422,109201362581.30032,8336605
Sweden,SWE,1985,6.40450682754603,7.37257458126246,114123537581.79433,8350386
Sweden,SWE,1986,6.32272325993377,4.23591011089793,150498057723.62286,8369829
Sweden,SWE,1987,4.72094917823456,4.18857151771368,183009638350.8927,8397804
Sweden,SWE,1988,6.57120635454622,5.82489868439437,206986674500.58752,8436489
Sweden,SWE,1989,7.92466691023212,6.4432758742661,217948315624.5637,8492964
Sweden,SWE,1990,9.47382071415691,10.3665533879493,261846194498.8849,8558835
Sweden,SWE,1991,8.24678886435936,9.4446273294419,274229034311.69904,8617375
Sweden,SWE,1992,1.01534119781775,2.3743672511188,284321115594.6289,8668067
Sweden,SWE,1993,2.21227113708235,4.72817304626053,212953336588.12344,8718561
Sweden,SWE,1994,2.5024217543818,2.15813800724632,229033566614.82632,8780745
Sweden,SWE,1995,3.70492901717989,2.45514857818395,267305875261.09933,8826939
Sweden,SWE,1996,1.05235025565578,0.533131978766297,291743811512.07874,8840998
Sweden,SWE,1997,1.49858117943363,0.658410256243514,268146144677.7299,8846062
Sweden,SWE,1998,0.867072198769463,-0.267132668355006,270809066780.7142,8850974
Sweden,SWE,1999,1.00391345454651,0.462175756339173,274072182416.73123,8857874
Sweden,SWE,2000,1.57193733934425,0.899143734041633,262835454366.8551,8872109
Sweden,SWE,2001,2.58976943892402,2.40595834145438,242395852494.409,8895960
Sweden,SWE,2002,1.62347188399643,2.15848213589264,266849061835.6595,8924958
Sweden,SWE,2003,1.8478562751048,1.92565534892391,334337212322.0756,8958229
Sweden,SWE,2004,0.41463529336707,0.373659828721813,385118044877.4647,8993531
Sweden,SWE,2005,0.764452784934761,0.453170852576182,392218088878.77856,9029572
Sweden,SWE,2006,1.74607307016446,1.3602146862768,423093437423.7619,9080505
Sweden,SWE,2007,2.92412818796939,2.21216883436735,491252589217.0208,9148092
Sweden,SWE,2008,3.36159327618984,3.43704910602874,517706149201.1956,9219637
Sweden,SWE,2009,2.35890020403473,-0.494460544377991,436537014293.5535,9298515
Sweden,SWE,2010,1.03025947287551,1.15798802715628,495812558843.3104,9378126
Sweden,SWE,2011,1.11730008631683,2.9611507382214,574094112972.7327,9449213
Sweden,SWE,2012,0.949517917737836,0.888377506923638,552483727282.8025,9519374
Sweden,SWE,2013,1.01164751434032,-0.0442929701485858,586841821796.8911,9600379
Sweden,SWE,2014,1.83270691050184,-0.179638494114635,581964017237.0946,9696110
Sweden,SWE,2015,2.25343232544076,-0.0467847449832812,505103781349.7569,9799186
Sweden,SWE,2016,1.65202001199931,0.984269244577992,515654671469.5469,9923085
Sweden,SWE,2017,2.22655133855243,1.79449904665589,541018749769.0971,10057698
Sweden,SWE,2018,2.61612019490897,1.95353530127028,555455371487.0894,10175214
Sweden,SWE,2019,2.42065007708676,1.78415097403835,533879529188.45374,10278887
Sweden,SWE,2020,1.79366288715698,0.497367318853572,547054174235.8759,10353442
Sweden,SWE,2021,2.7406333444759,2.16319736447153,639714956069.4681,10415811
Sweden,SWE,2022,5.78193714856063,8.36929098869189,590409594949.1022,10486941
Sweden,SWE,2023,6.14906969650426,8.54862489748902,593267701033.4082,10536632
,SWE,2024,,2.83581658224034,,10569709
Eswatini,SWZ,1980,8.20953778308559,18.6839754034956,541976852.5770575,596644
Eswatini,SWZ,1981,3.51034453345262,20.0557966522539,570774824.830585,616808
Eswatini,SWZ,1982,15.1796855611054,10.8074213418412,537568059.4133813,637652
Eswatini,SWZ,1983,4.73692143521384,11.5675243834069,555336145.7678844,658957
Eswatini,SWZ,1984,11.0649666289942,12.9397266412726,494483408.8784683,680783
Eswatini,SWZ,1985,5.9873722723693,20.4626334519576,360079419.385958,706196
Eswatini,SWZ,1986,13.9165769085523,13.7370753323486,449140318.3850379,734732
Eswatini,SWZ,1987,1.11311695570319,13.3766233766228,584126092.258819,763811
Eswatini,SWZ,1988,24.1326094906132,20.3945622781115,692026454.7378719,799798
Eswatini,SWZ,1989,2.89173725080846,7.54616477272771,696921542.3782647,837800
Eswatini,SWZ,1990,30.3849073796422,13.0922899124981,1114694040.6698666,872428
Eswatini,SWZ,1991,8.77775047847651,8.93430656934288,1156135717.9459786,908189
Eswatini,SWZ,1992,11.1882501385417,7.55829536317337,1284759927.5459378,943416
Eswatini,SWZ,1993,17.3897594883067,12.0234238724148,1357189551.6843128,971318
Eswatini,SWZ,1994,10.9704267437488,13.7693248804359,1419294254.4183023,971212
Eswatini,SWZ,1995,16.6493806511786,12.2885912601426,1698989463.9910562,970433
Eswatini,SWZ,1996,7.68236513309029,6.42521330315218,1602741833.705521,989841
Eswatini,SWZ,1997,11.3448411809325,7.12532722513057,1716714070.1247103,1006635
Eswatini,SWZ,1998,7.40527799272625,8.10996563573863,1576908856.346743,1019653
Eswatini,SWZ,1999,5.37005904671244,6.08886063431493,1547888495.9842763,1030782
Eswatini,SWZ,2000,25.342941717642,12.2085358545844,1738093840.3660724,1041414
Eswatini,SWZ,2001,8.94261935672024,5.94210982281648,1542477308.8940773,1051064
Eswatini,SWZ,2002,8.91492825674993,12.0197154699232,1432221739.1234226,1059441
Eswatini,SWZ,2003,6.00549567737518,7.28999999999999,2197598466.254465,1066700
Eswatini,SWZ,2004,3.87128784547623,3.44533507316614,2770082791.504118,1073159
Eswatini,SWZ,2005,6.55682311577613,4.77400404553712,3178112498.6791058,1079022
Eswatini,SWZ,2006,4.04116194744795,5.30463946338728,3291330019.172866,1084436
Eswatini,SWZ,2007,5.01429789090137,8.07608827861589,3469381231.4904904,1090705
Eswatini,SWZ,2008,10.4255760885952,12.6574601863915,3294084314.1505804,1098091
Eswatini,SWZ,2009,9.76992430013273,7.44823423445754,3580428052.8139267,1105153
Eswatini,SWZ,2010,3.19717545893681,4.50923691774369,4438765085.93784,1111650
Eswatini,SWZ,2011,5.34094513529033,6.10742714590251,4820478680.183751,1117833
Eswatini,SWZ,2012,8.74837350194572,8.93964682788212,4886551483.93374,1123863
Eswatini,SWZ,2013,2.38017574836624,5.62130623468948,4597552981.567378,1129990
Eswatini,SWZ,2014,6.31006367634119,5.68134885776447,4422986271.747672,1136299
Eswatini,SWZ,2015,5.72703207972572,4.95124493704919,4063245671.2928457,1142813
Eswatini,SWZ,2016,6.51814335933494,7.8472745908568,3816019193.1656113,1149507
Eswatini,SWZ,2017,5.89607425928853,6.22137528933118,4402969225.921647,1158195
Eswatini,SWZ,2018,3.50177180405096,4.81506167461513,4666598024.184108,1168929
Eswatini,SWZ,2019,2.54846036774322,2.59801620311077,4495267265.76464,1179874
Eswatini,SWZ,2020,4.86403113991642,,3982236693.831596,1192729
Eswatini,SWZ,2021,0.167992453327443,,4850842540.992672,1206593
Eswatini,SWZ,2022,9.76589853061334,,4790922788.708641,1218917
Eswatini,SWZ,2023,1.62022800466512,,4597855845.042758,1230506
,SWZ,2024,,,,1242822
,SXM,1980,,,,12410
,SXM,1981,,,,13302
,SXM,1982,,,,14607
,SXM,1983,,,,16133
,SXM,1984,,,,17694
,SXM,1985,,,,19291
,SXM,1986,,,,20930
,SXM,1987,,,,22617
,SXM,1988,,,,24357
,SXM,1989,,,,26169
,SXM,1990,,,,28061
,SXM,1991,,,,30046
,SXM,1992,,,,31567
,SXM,1993,,,,32026
,SXM,1994,,,,31917
,SXM,1995,,,,31772
,SXM,1996,,,,31598
,SXM,1997,,,,31404
,SXM,1998,,,,31193
,SXM,1999,,,,30977
,SXM,2000,,,,30773
,SXM,2001,,,,30726
,SXM,2002,,,,30960
,SXM,2003,,,,31327
,SXM,2004,,,,31690
,SXM,2005,,,,32057
,SXM,2006,,0.300601202404805,,32428
,SXM,2007,,4.43245754245754,,32791
,SXM,2008,,-0.417929020080758,,33145
,SXM,2009,,5.95763688760801,,33491
Sint Maarten (Dutch part),SXM,2010,1.12875903023384,1.33857621672882,,33794
Sint Maarten (Dutch part),SXM,2011,0.295015877945247,4.58475435650401,936089385.4748604,34267
Sint Maarten (Dutch part),SXM,2012,3.87309650875972,4.01518421081576,985865921.7877096,35023
Sint Maarten (Dutch part),SXM,2013,2.41867590016453,2.5286478853837,1022905027.9329607,35854
Sint Maarten (Dutch part),SXM,2014,31.0605071174675,1.88675466275266,1361811508.3798883,36672
Sint Maarten (Dutch part),SXM,2015,4.00778518211102,0.330027165141066,1417888715.083799,37471
Sint Maarten (Dutch part),SXM,2016,-0.320844612000187,0.111682655737579,1427017206.7039106,38249
Sint Maarten (Dutch part),SXM,2017,2.55581757014862,2.19201010962985,1353212122.905028,38996
Sint Maarten (Dutch part),SXM,2018,-0.096963578940688,,1259200446.9273744,39712
Sint Maarten (Dutch part),SXM,2019,0.759240923003787,,1407880446.9273744,40385
Sint Maarten (Dutch part),SXM,2020,1.31368166079125,,1236428100.558659,41008
Sint Maarten (Dutch part),SXM,2021,4.64369866790126,,1353071061.452514,41571
Sint Maarten (Dutch part),SXM,2022,3.46083611779808,,1537088715.083799,42139
Sint Maarten (Dutch part),SXM,2023,2.02312138728323,,1623165683.1284916,42749
,SXM,2024,,,,43350
Seychelles,SYC,1980,31.0359214861763,13.5715405108088,156783829.54028115,63261
Seychelles,SYC,1981,7.34665178348087,10.5767903960918,163750728.2113406,64035
Seychelles,SYC,1982,1.72612433450811,-0.912646675358527,157211789.70543036,64413
Seychelles,SYC,1983,3.18700465907085,6.05263157894738,156098236.95756954,64335
Seychelles,SYC,1984,3.1332451227357,4.09429280397012,160992921.00134483,64717
Seychelles,SYC,1985,2.2794112337051,0.834326579261014,179691482.68100184,65244
Seychelles,SYC,1986,5.74667769450335,0.236406619385411,221147061.3483504,65652
Seychelles,SYC,1987,3.67382337186521,2.59433962264135,265212956.9029187,68499
Seychelles,SYC,1988,3.92875254794336,1.8390804597701,301985618.1115606,68755
Seychelles,SYC,1989,2.12576591385761,1.58013544018057,324333366.4563774,69167
Seychelles,SYC,1990,6.37017748565415,3.88888888888912,392163560.8799116,69507
Seychelles,SYC,1991,-2.04315668579625,1.98675496688734,398307169.8604052,70439
Seychelles,SYC,1992,4.66825525992283,3.24675324675323,461409398.8558933,70763
Seychelles,SYC,1993,3.02831268774926,1.38364779874215,504230620.5518714,72253
Seychelles,SYC,1994,2.65603359305877,1.73697270471464,517570058.1510345,74205
Seychelles,SYC,1995,-2.07293038336191,-0.243902439024459,540733047.7330477,75304
Seychelles,SYC,1996,-6.08026715563722,-1.10024449877743,535250347.0894787,76417
Seychelles,SYC,1997,0.874655608207902,0.618046971569891,598966982.3501863,77319
Seychelles,SYC,1998,10.4117836445154,2.57985257985242,647287375.7625283,78846
Seychelles,SYC,1999,2.05663474416527,6.34730538922156,662838614.8806738,80410
Seychelles,SYC,2000,1.25194515123741,6.26876876876878,654212394.2716402,81131
Seychelles,SYC,2001,6.15676158548635,5.96962204168156,662064155.9206917,81202
Seychelles,SYC,2002,3.61316135426739,0.174999999999924,742134837.5091902,83723
Seychelles,SYC,2003,5.94683478932345,3.30255386407089,750847230.0992627,82781
Seychelles,SYC,2004,24.674119952404,3.85730391367399,893012218.1818181,82475
Seychelles,SYC,2005,0.45864511054863,0.907187718073944,977899381.818182,82858
Seychelles,SYC,2006,1.44234444771681,-0.353465498693756,1081441283.3179822,84600
Seychelles,SYC,2007,11.0793956861201,5.32060027285142,1077308813.829454,85033
Seychelles,SYC,2008,31.9263160249952,36.9647582875289,979597394.2934532,86956
Seychelles,SYC,2009,28.1819635812916,31.7544407744178,850901620.433301,87298
Seychelles,SYC,2010,-2.11971044632016,-2.40463875108227,981616542.3284544,89770
Seychelles,SYC,2011,1.06438138123271,2.55926772230953,1058918707.2612364,87441
Seychelles,SYC,2012,10.4372838765698,7.11037062326403,1089407839.197095,88303
Seychelles,SYC,2013,5.64023151837689,4.33893848329099,1333160407.3851607,89949
Seychelles,SYC,2014,6.43587163230623,1.38583454581263,1387577870.0816104,91359
Seychelles,SYC,2015,-1.00318641871358,4.04194410725617,1432403352.1294434,93419
Seychelles,SYC,2016,-2.29456846888873,-1.01548191697626,1568513348.1446254,94677
Seychelles,SYC,2017,2.33249048759716,2.85679575568437,1675370641.0141618,95843
Seychelles,SYC,2018,3.44738196587787,3.70291839111568,1784313926.768066,96762
Seychelles,SYC,2019,0.126950238609624,1.80709400809982,1868690096.7345407,97625
Seychelles,SYC,2020,5.23042858538314,1.20266463987123,1382551751.5690813,98462
Seychelles,SYC,2021,2.75005993802337,9.76909936973542,1487173794.8052788,99258
Seychelles,SYC,2022,1.52239094163566,2.6260363285129,2057968519.830909,119878
Seychelles,SYC,2023,-0.932509493159856,-1.03530088431952,2141450171.139321,119773
,SYC,2024,,0.311726050919668,,121354
Syrian Arab Republic,SYR,1980,14.8820201167283,19.2964123998608,13062420540.911455,8957663
Syrian Arab Republic,SYR,1981,19.0616583772759,18.3941605839417,15518201653.828665,9260189
Syrian Arab Republic,SYR,1982,1.73997193742113,14.3033292231811,16298929565.270231,9572511
Syrian Arab Republic,SYR,1983,4.13002926296977,6.1272923408846,17589277049.840878,9904809
Syrian Arab Republic,SYR,1984,11.2665167832413,9.22951819475496,17503077755.182484,10258398
Syrian Arab Republic,SYR,1985,1.01704622446586,17.2529313232832,16403540489.611631,10625672
Syrian Arab Republic,SYR,1986,30.4503196519935,36.0634920634916,13293205173.067772,11002844
Syrian Arab Republic,SYR,1987,25.6832768309677,59.4843677088198,11356215250.563152,11388923
Syrian Arab Republic,SYR,1988,23.443423949845,34.562211981567,10577041826.05192,11782264
Syrian Arab Republic,SYR,1989,30.0238812367079,11.3992172211349,9853395871.832275,12179060
Syrian Arab Republic,SYR,1990,23.8225663973854,19.3968672229543,12308624283.956398,12579208
Syrian Arab Republic,SYR,1991,7.84519753162868,9.00000000000003,12981833333.333334,12980821
Syrian Arab Republic,SYR,1992,5.58194055508412,11.0091743119265,13253565898.955755,13385571
Syrian Arab Republic,SYR,1993,4.88389983631374,13.2231404958679,13695962019.208378,13795686
Syrian Arab Republic,SYR,1994,14.0896830498087,15.3284671532846,10122020000.0,14208583
Syrian Arab Republic,SYR,1995,5.41155285509424,7.97995780590686,11396706586.826347,14616801
Syrian Arab Republic,SYR,1996,10.1710796886465,8.2498900991551,13789560878.243511,15018104
Syrian Arab Republic,SYR,1997,2.75712224933042,1.88611136179086,14505233463.03502,15417542
Syrian Arab Republic,SYR,1998,-0.717712586814741,-0.797165633303916,15200846153.846151,15820413
Syrian Arab Republic,SYR,1999,7.44219677268558,-3.70370370370365,15873875968.992249,16228061
Syrian Arab Republic,SYR,2000,9.70098596983003,-3.84615384615379,18937052543.4373,16637888
Syrian Arab Republic,SYR,2001,6.55411843600844,2.99999999999995,20237024724.70393,17051338
Syrian Arab Republic,SYR,2002,0.394124325358419,-0.130505282417402,20669357462.383083,17468332
Syrian Arab Republic,SYR,2003,-1.43064021841795,5.79682944905841,21828144686.03942,17889296
Syrian Arab Republic,SYR,2004,10.3263712398652,4.43314136719839,25086950495.049503,18336875
Syrian Arab Republic,SYR,2005,11.9504489708053,7.24034939348535,28858965517.24138,18814091
Syrian Arab Republic,SYR,2006,9.09650632380644,10.0241105377571,33751788856.304985,19637022
Syrian Arab Republic,SYR,2007,10.7690643740435,3.90770950443607,40465318382.05847,20884125
Syrian Arab Republic,SYR,2008,15.9501259770903,15.7453252219709,52557913192.8669,21636564
Syrian Arab Republic,SYR,2009,-2.78022303939403,2.92089711805367,54111735241.541405,21976969
Syrian Arab Republic,SYR,2010,6.8992650940543,4.3974138315007,61390831317.86349,22482421
Syrian Arab Republic,SYR,2011,11.5740778155847,4.7531638888563,67539427670.99577,22878098
Syrian Arab Republic,SYR,2012,26.2462552485551,36.7022953364139,43190317724.70877,22759763
Syrian Arab Republic,SYR,2013,31.7701939095293,40.0318378290723,21361254647.99036,21666917
Syrian Arab Republic,SYR,2014,37.0945840345087,10.9271141804297,21502061462.21215,20273659
Syrian Arab Republic,SYR,2015,38.2145477487644,38.4611429599733,16466863097.212492,19424618
Syrian Arab Republic,SYR,2016,36.8710415587113,47.7051615298923,12597854884.462015,19193834
Syrian Arab Republic,SYR,2017,37.2209382232321,18.0752696281771,16369843341.386547,19224668
Syrian Arab Republic,SYR,2018,13.1879402830296,0.940983843906769,21497782880.748817,19577845
Syrian Arab Republic,SYR,2019,19.8313540100224,13.4175653228571,22583045052.559998,20353534
Syrian Arab Republic,SYR,2020,61.5864142890263,,11155888304.002296,21049429
Syrian Arab Republic,SYR,2021,118.274086326127,,8980060818.721447,21628839
Syrian Arab Republic,SYR,2022,112.14365352308,,,22462173
,SYR,2023,,,,23594623
,SYR,2024,,,,24672760
,TCA,1980,,,,7564
,TCA,1981,,,,7908
,TCA,1982,,,,8297
,TCA,1983,,,,8697
,TCA,1984,,,,9107
,TCA,1985,,,,9521
,TCA,1986,,,,9941
,TCA,1987,,,,10361
,TCA,1988,,,,10775
,TCA,1989,,,,11193
,TCA,1990,,,,11688
,TCA,1991,,,,12305
,TCA,1992,,,,12970
,TCA,1993,,,,13648
,TCA,1994,,,,14344
,TCA,1995,,,,15052
,TCA,1996,,,,15765
,TCA,1997,,,,16482
,TCA,1998,,,,17212
,TCA,1999,,,,17959
,TCA,2000,,,,18730
,TCA,2001,,,358744800.0,19576
,TCA,2002,,,366707900.0,20597
,TCA,2003,,,409753600.0,21727
,TCA,2004,,,485598800.0,22856
,TCA,2005,,,578645800.0,23988
,TCA,2006,,,721891500.0,25123
,TCA,2007,,,773489700.0,26270
,TCA,2008,,,862683600.0,27427
,TCA,2009,,,703175800.0,28588
,TCA,2010,,,686787800.0,29739
,TCA,2011,,,728789600.0,30846
Turks and Caicos Islands,TCA,2012,0.756185324269183,,727161000.0,32127
Turks and Caicos Islands,TCA,2013,2.62467548724537,,754238000.0,33653
Turks and Caicos Islands,TCA,2014,2.57677899551956,,841070000.0,35050
Turks and Caicos Islands,TCA,2015,0.623168365108711,,942070000.0,36605
Turks and Caicos Islands,TCA,2016,2.18440361611209,,1032452000.0,38315
Turks and Caicos Islands,TCA,2017,2.21538461538462,,1028941663.2,39913
Turks and Caicos Islands,TCA,2018,3.87215550797131,,1128749004.5304,41559
Turks and Caicos Islands,TCA,2019,-0.959943373384348,,1177285211.72521,43166
Turks and Caicos Islands,TCA,2020,-10.1302434239062,,774653669.315186,44386
Turks and Caicos Islands,TCA,2021,23.8242458240874,,1045782453.5755,45243
Turks and Caicos Islands,TCA,2022,10.6403018542625,,1228794382.95121,45847
Turks and Caicos Islands,TCA,2023,12.7470391990364,,1402054390.94734,46198
,TCA,2024,,,,46535
Chad,TCD,1980,8.73490443580813,,1033002403.8530374,4515453
Chad,TCD,1981,8.0547582837101,,876937558.2737565,4520959
Chad,TCD,1982,9.2207836482545,,834369859.6630175,4738483
Chad,TCD,1983,0.0121269458297064,,832415806.0100639,4979130
Chad,TCD,1984,24.066353134175,20.2508960573479,919103734.8769958,5045145
Chad,TCD,1985,-5.11319482905881,5.15399900645818,1033069709.331904,5096269
Chad,TCD,1986,-16.9328260825259,-13.0565725758829,1067828245.8620746,5251069
Chad,TCD,1987,-3.13308180987801,-5.97484276729554,1163426852.2044249,5438309
Chad,TCD,1988,9.36193041017259,15.4775176514303,1482597297.988208,5625602
Chad,TCD,1989,-1.25261064954201,-3.68913460441471,1433686312.0291424,5819586
Chad,TCD,1990,8.01232903488547,-0.738282265310941,1738605557.7631288,5982833
Chad,TCD,1991,3.0734989661165,3.19387473029498,1877137981.757122,6205676
Chad,TCD,1992,-12.9065538294357,-3.11303067214949,1881847669.6979368,6474656
Chad,TCD,1993,-1.31460371890813,-8.42793348651802,1463251163.918803,6629146
Chad,TCD,1994,43.5449637733589,41.7248972364414,1179837963.2221267,6783450
Chad,TCD,1995,8.83312726645855,9.23032599768656,1445919894.5766084,7089064
Chad,TCD,1996,11.4584549508316,11.3308789057282,1607345355.782984,7410108
Chad,TCD,1997,3.78278546499355,5.57225711125331,1544689576.9271238,7670366
Chad,TCD,1998,6.74940882900434,4.2588511022514,1744794531.214013,7938840
Chad,TCD,1999,-7.57286628466451,-8.02505962727456,1534673583.2487004,8222705
Chad,TCD,2000,5.2898048599024,3.82260088086307,1388506771.587557,8512093
Chad,TCD,2001,13.797652751767,12.4312865279941,1710843377.001189,8804124
Chad,TCD,2002,1.90781944012426,5.19181895195446,1997005708.8157556,9116192
Chad,TCD,2003,0.0790046920912317,-1.75256941248655,2742815071.5743995,9487833
Chad,TCD,2004,9.73425647986646,-5.35540028884816,4422855660.82592,9920036
Chad,TCD,2005,28.1119336760507,7.89036567462993,6649307523.643773,10328092
Chad,TCD,2006,9.98442792041423,8.03628897951332,7428701453.9150915,10706424
Chad,TCD,2007,3.30193426256776,-8.9747396200927,8650137743.325472,11081660
Chad,TCD,2008,8.64881979028074,10.2969758221254,10393833765.365055,11476296
Chad,TCD,2009,-9.55875447756326,9.95242290748864,9290728318.988209,11893754
Chad,TCD,2010,6.3911950513067,-2.07786574641866,10668103554.119226,12312575
Chad,TCD,2011,8.58039895814788,2.0292405367826,12172308851.039494,12754997
Chad,TCD,2012,1.09724571223187,7.51662364663833,12367362757.13416,13210998
Chad,TCD,2013,-4.14136740417744,0.222671564624642,12953534866.428648,13691079
Chad,TCD,2014,0.645785332472741,1.68197313925661,13940767218.584888,14188678
Chad,TCD,2015,-8.48001725832678,4.37712665065654,10950392256.954294,14647621
Chad,TCD,2016,-1.40083927949904,-0.792440525236016,10097778098.170738,15114655
Chad,TCD,2017,0.0282519135155042,-1.53709962980849,10000394381.017702,15622759
Chad,TCD,2018,5.01465777807508,4.27462198610545,11239167898.339537,16156531
Chad,TCD,2019,2.85603411987745,-0.971939175419317,11314951091.728329,16685223
Chad,TCD,2020,-5.45489640763718,4.4641443723286,10715396042.334282,17224679
Chad,TCD,2021,7.16657628897821,-0.772844370359139,11779981332.159998,17828273
Chad,TCD,2022,15.145121891457,5.78802687843616,12396807590.172993,18455316
Chad,TCD,2023,-0.936604165489314,10.8363568399842,13149325358.73826,19319064
,TCD,2024,,8.89950732263761,,20299123
East Asia & Pacific (IDA & IBRD countries),TEA,1980,10.8490566568506,,377278090540.0956,1338009609
East Asia & Pacific (IDA & IBRD countries),TEA,1981,8.47751185383023,,402781052862.14,1358992800
East Asia & Pacific (IDA & IBRD countries),TEA,1982,7.68423546982886,,423018664643.2487,1382326011
East Asia & Pacific (IDA & IBRD countries),TEA,1983,7.47506009571129,,442928582970.2415,1405938773
East Asia & Pacific (IDA & IBRD countries),TEA,1984,4.87981945493995,,479908249961.40393,1428557744
East Asia & Pacific (IDA & IBRD countries),TEA,1985,3.68577732067554,,525455548823.6908,1451742188
East Asia & Pacific (IDA & IBRD countries),TEA,1986,3.86015928813319,,524069708489.4862,1476236205
East Asia & Pacific (IDA & IBRD countries),TEA,1987,7.819157355407,5.17488127323863,518006044265.9008,1502192372
East Asia & Pacific (IDA & IBRD countries),TEA,1988,7.96211849972875,9.34212688547206,574989854347.4003,1528559240
East Asia & Pacific (IDA & IBRD countries),TEA,1989,6.97641986027351,6.46256171146444,621581734307.141,1554321275
East Asia & Pacific (IDA & IBRD countries),TEA,1990,8.50321977991968,8.19137132040974,666023749316.958,1579651917
East Asia & Pacific (IDA & IBRD countries),TEA,1991,7.24567434406092,6.96568127760753,722767477607.5345,1604095270
East Asia & Pacific (IDA & IBRD countries),TEA,1992,7.44750453397867,7.52351717022748,810543820351.3514,1627147885
East Asia & Pacific (IDA & IBRD countries),TEA,1993,6.4906547671219,5.73690583357397,889640444606.3562,1649557492
East Asia & Pacific (IDA & IBRD countries),TEA,1994,7.25308848242234,7.65824302019538,1070671695089.992,1671877438
East Asia & Pacific (IDA & IBRD countries),TEA,1995,5.15041470927051,5.81818181818192,1320533045024.545,1693960469
East Asia & Pacific (IDA & IBRD countries),TEA,1996,4.59005094492848,7.31348259330353,1516598824011.7715,1715764488
East Asia & Pacific (IDA & IBRD countries),TEA,1997,5.95130751582053,5.60802843389853,1568818619868.3142,1737429846
East Asia & Pacific (IDA & IBRD countries),TEA,1998,5.64259142940367,8.61483153647291,1431583336978.219,1758263635
East Asia & Pacific (IDA & IBRD countries),TEA,1999,6.12145266042883,4.29072851723813,1576109357627.0144,1777464322
East Asia & Pacific (IDA & IBRD countries),TEA,2000,2.99889591177187,2.15851810619419,1734140610323.903,1795374943
East Asia & Pacific (IDA & IBRD countries),TEA,2001,4.02071928409904,4.27267024465105,1844983469200.5112,1812475067
East Asia & Pacific (IDA & IBRD countries),TEA,2002,4.23109181372058,2.3431699096098,2041978325525.6536,1828744767
East Asia & Pacific (IDA & IBRD countries),TEA,2003,5.48742913790147,3.23464817293927,2311138073121.4688,1844349334
East Asia & Pacific (IDA & IBRD countries),TEA,2004,5.000584125964,4.53421374129692,2679766961249.6787,1859450104
East Asia & Pacific (IDA & IBRD countries),TEA,2005,6.64518598144788,4.54036919634535,3104015775227.439,1874487158
East Asia & Pacific (IDA & IBRD countries),TEA,2006,5.11158666295037,4.63747436011765,3738299975924.303,1889507244
East Asia & Pacific (IDA & IBRD countries),TEA,2007,5.7769601471735,4.81023704342912,4726058406128.56,1904568042
East Asia & Pacific (IDA & IBRD countries),TEA,2008,7.79534603698191,10.3368260300685,5979821324679.646,1919570287
East Asia & Pacific (IDA & IBRD countries),TEA,2009,1.82670368400657,3.67503305540296,6483346119173.794,1934167856
East Asia & Pacific (IDA & IBRD countries),TEA,2010,4.37088435978275,3.61196234430299,7890862049222.104,1948643347
East Asia & Pacific (IDA & IBRD countries),TEA,2011,5.41240809007968,5.15900497684403,9638846002337.576,1964036970
East Asia & Pacific (IDA & IBRD countries),TEA,2012,3.75387875323653,3.02696391124796,10746721177079.783,1981382735
East Asia & Pacific (IDA & IBRD countries),TEA,2013,2.8690452471251,2.92758351575675,11855481580395.46,1998548872
East Asia & Pacific (IDA & IBRD countries),TEA,2014,3.05305530800513,3.37040697371653,12784467992142.23,2014960984
East Asia & Pacific (IDA & IBRD countries),TEA,2015,2.53089897431484,1.08648629940414,13306887306272.545,2030504270
East Asia & Pacific (IDA & IBRD countries),TEA,2016,2.43892408688207,1.75711158908291,13597889126598.771,2045816761
East Asia & Pacific (IDA & IBRD countries),TEA,2017,2.97917098640468,2.88291164981212,14862823962899.414,2061449949
East Asia & Pacific (IDA & IBRD countries),TEA,2018,3.74065383086987,2.91740921289151,16619890220308.836,2074796982
East Asia & Pacific (IDA & IBRD countries),TEA,2019,1.28670040766232,1.93321335810515,17192020073785.385,2086281644
East Asia & Pacific (IDA & IBRD countries),TEA,2020,1.22360923994052,2.3931623931624,17465773779184.094,2095759417
East Asia & Pacific (IDA & IBRD countries),TEA,2021,4.55232657897571,2.6124818577648,20814269278438.44,2102350702
East Asia & Pacific (IDA & IBRD countries),TEA,2022,5.63837728809762,5.51812928576938,21087707522778.023,2107261123
East Asia & Pacific (IDA & IBRD countries),TEA,2023,4.09957635834306,5.93194206291786,21124121301342.57,2111139152
,TEA,2024,,,,2114653077
,TEC,1980,,,,391562181
,TEC,1981,,,,395441598
,TEC,1982,,,,399353523
,TEC,1983,,,,403378262
,TEC,1984,,,,407686015
,TEC,1985,,,,411980043
,TEC,1986,,,,416211558
,TEC,1987,,,,420430601
,TEC,1988,,,985742836447.476,424466137
,TEC,1989,,,957406797905.5968,428221424
,TEC,1990,,,1016696527904.2732,430990546
Europe & Central Asia (IDA & IBRD countries),TEC,1991,96.2296807967452,,998575587092.4482,433132067
Europe & Central Asia (IDA & IBRD countries),TEC,1992,887.571722496244,,925302955135.0814,434844449
Europe & Central Asia (IDA & IBRD countries),TEC,1993,973.277616990762,,922190800146.8064,436152186
Europe & Central Asia (IDA & IBRD countries),TEC,1994,269.726302767998,222.241014184317,834356408944.4598,437106291
Europe & Central Asia (IDA & IBRD countries),TEC,1995,139.981243098184,85.8869162056581,923817586373.6392,437796116
Europe & Central Asia (IDA & IBRD countries),TEC,1996,43.0302705009227,38.8293013382852,950432338921.8972,438325526
Europe & Central Asia (IDA & IBRD countries),TEC,1997,17.7359944945837,15.940599414943,980301520759.2386,438638046
Europe & Central Asia (IDA & IBRD countries),TEC,1998,10.8730542489216,10.5771611482514,947639106110.632,438735255
Europe & Central Asia (IDA & IBRD countries),TEC,1999,18.1427225039311,19.1926758218895,821600621769.225,438650260
Europe & Central Asia (IDA & IBRD countries),TEC,2000,25.3131431205105,13.1808905865732,894544257579.7662,438423541
Europe & Central Asia (IDA & IBRD countries),TEC,2001,10.1786742562821,7.85753852196591,909540184630.0416,438100368
Europe & Central Asia (IDA & IBRD countries),TEC,2002,5.52848268747924,5.69899047861309,1022700571400.7284,437806951
Europe & Central Asia (IDA & IBRD countries),TEC,2003,8.2425569788367,4.7215533660534,1258197590827.0078,437905932
Europe & Central Asia (IDA & IBRD countries),TEC,2004,8.28117532269766,6.882054389819,1628013567626.735,438136036
Europe & Central Asia (IDA & IBRD countries),TEC,2005,7.53186262009364,7.57999929125768,2039292026212.7085,438333196
Europe & Central Asia (IDA & IBRD countries),TEC,2006,10.3567699439691,6.99712903535589,2466363795862.121,438714358
Europe & Central Asia (IDA & IBRD countries),TEC,2007,11.9620669564471,8.40253419005901,3172404499923.275,438680283
Europe & Central Asia (IDA & IBRD countries),TEC,2008,10.8192404902347,10.4441283764885,3926836234821.6113,439732746
Europe & Central Asia (IDA & IBRD countries),TEC,2009,3.88764838548563,3.46672373207793,3113738044750.08,441304973
Europe & Central Asia (IDA & IBRD countries),TEC,2010,7.00928360259741,6.14255360247248,3657869416963.521,442936599
Europe & Central Asia (IDA & IBRD countries),TEC,2011,8.20084709330651,7.66862955607742,4450219264234.293,444846366
Europe & Central Asia (IDA & IBRD countries),TEC,2012,4.78556981066754,3.373498083874,4646863189589.231,446941101
Europe & Central Asia (IDA & IBRD countries),TEC,2013,3.17518813604272,3.38485646137124,4915748484819.645,449128604
Europe & Central Asia (IDA & IBRD countries),TEC,2014,2.30918242990974,2.53187831406913,4644397266377.622,451432428
Europe & Central Asia (IDA & IBRD countries),TEC,2015,2.21957293262733,3.86763469978395,3627947465522.1343,453662073
Europe & Central Asia (IDA & IBRD countries),TEC,2016,2.84422269802643,0.755576135536745,3486198200219.9785,455913002
Europe & Central Asia (IDA & IBRD countries),TEC,2017,4.81312131224342,3.13106248590115,3909728235465.926,458010325
Europe & Central Asia (IDA & IBRD countries),TEC,2018,3.44744511589256,2.611223782638,4077637180273.379,459946883
Europe & Central Asia (IDA & IBRD countries),TEC,2019,3.65868395013121,2.67599202639893,4159709661061.9336,461933206
Europe & Central Asia (IDA & IBRD countries),TEC,2020,2.6493593974983,2.73249209419427,3900798423599.7695,462842288
Europe & Central Asia (IDA & IBRD countries),TEC,2021,6.90051365787157,5.10641129002836,4623633114358.754,463104389
Europe & Central Asia (IDA & IBRD countries),TEC,2022,12.0919624576312,13.8875841659221,5220065561112.424,460942269
Europe & Central Asia (IDA & IBRD countries),TEC,2023,7.98419924336682,9.4023569492879,5466276097557.084,458602212
,TEC,2024,,,,459734030
Togo,TGO,1980,10.4657265795636,12.3068572123796,1604836915.964917,2920894
Togo,TGO,1981,12.6474222750633,19.7165023624806,1359026709.449752,3013043
Togo,TGO,1982,7.08675789698097,11.1296733281827,1160337039.381871,3115042
Togo,TGO,1983,14.2601237152809,9.3554650798615,1081387264.6067913,3222899
Togo,TGO,1984,1.87944529930814,-3.52662871020549,1014170069.2163924,3332837
Togo,TGO,1985,3.40143735085408,-1.81441438232164,1076604520.4239416,3441091
Togo,TGO,1986,5.59479993708582,4.12461526367686,1498219578.869588,3547952
Togo,TGO,1987,1.65884167925765,0.0540088504826715,1763978065.837011,3657508
Togo,TGO,1988,2.58577645265122,-0.150910979934777,1947208354.225865,3769742
Togo,TGO,1989,0.992354543440086,-0.839403116952551,1910635575.379661,3883411
Togo,TGO,1990,2.97594444257834,1.01534150530809,2299665505.6155224,3998761
Togo,TGO,1991,2.67109282645418,0.387081797870731,2262767860.1422486,4115560
Togo,TGO,1992,3.24543460439628,1.39378663675941,2390796916.0024905,4233617
Togo,TGO,1993,-8.19677350934612,-1.00688168855036,1741944426.3196552,4207453
Togo,TGO,1994,35.8423813711266,39.1627673796796,1387662121.4840896,4222940
Togo,TGO,1995,11.0842103567644,16.4335034524163,1849110468.20595,4410832
Togo,TGO,1996,5.3879278063591,4.68749999999997,2069506014.5337007,4577860
Togo,TGO,1997,2.03603454597328,8.25082508250804,2116818622.8985136,4725030
Togo,TGO,1998,9.55663247337893,0.975338381088715,2241650112.252904,4860913
Togo,TGO,1999,1.11512719389448,-0.0532136248824353,2226577203.9642944,5000269
Togo,TGO,2000,10.0494567461461,1.86260595463066,2106848752.2546792,5140037
Togo,TGO,2001,1.63405347420718,3.91959133653157,2093498674.4431207,5277382
Togo,TGO,2002,5.02785556565668,3.05981857535874,2410199032.4326053,5413274
Togo,TGO,2003,-2.89310698803745,-0.930000884072201,2987984050.9418645,5552167
Togo,TGO,2004,-1.90788897317589,0.393078681031619,3191561508.734136,5696508
Togo,TGO,2005,5.87615776622891,6.7829289302831,3221910408.430069,5844631
Togo,TGO,2006,-0.508763232978126,2.22897779414036,3320907721.810947,6010668
Togo,TGO,2007,4.96379216848348,0.945673271705144,3759964943.40568,6188344
Togo,TGO,2008,9.07419890830103,8.6948281436391,4578849658.060658,6368812
Togo,TGO,2009,3.11722996127335,3.71360592035802,4721890900.138889,6551865
Togo,TGO,2010,-0.0933359947250096,1.44594517430866,4746389531.713688,6732590
Togo,TGO,2011,2.81959506363634,3.56351472903954,5422442166.4106245,6916474
Togo,TGO,2012,1.75039252974665,2.57718174055848,5413544658.504504,7100736
Togo,TGO,2013,1.68327590063203,1.82539475909171,6021732977.268109,7285442
Togo,TGO,2014,0.479875773843148,0.19087507624975,6393318261.860072,7472450
Togo,TGO,2015,2.20271127261411,2.58500390801595,5755461035.443332,7663195
Togo,TGO,2016,1.45776475423236,1.28544847051417,6071170959.120933,7858289
Togo,TGO,2017,-0.88495153357762,-0.981889868943119,6387422517.692251,8057140
Togo,TGO,2018,0.454262222511389,0.927755426457183,7029300383.080308,8258778
Togo,TGO,2019,0.01194354395939,0.674652770077436,6992700101.371879,8463068
Togo,TGO,2020,1.93311361980237,1.69928463299408,7400284167.784795,8669720
Togo,TGO,2021,2.46636746396649,4.1862150652352,8342243645.944384,8878379
Togo,TGO,2022,4.15581315078867,7.96757361617945,8169476148.956921,9089738
Togo,TGO,2023,2.59456529883668,5.48928568141124,9171261835.06264,9304337
,TGO,2024,,,,9515236
Thailand,THA,1980,12.7024827905098,19.703500522778,32353514988.728703,45650022
Thailand,THA,1981,8.37242257435142,12.6629930710215,34846039193.61307,46575855
Thailand,THA,1982,5.05785464424613,5.25907990316824,36589772403.75658,47494577
Thailand,THA,1983,3.6491556533808,3.7265366212408,40042798388.49509,48423309
Thailand,THA,1984,1.44786657859639,0.864898430279296,41797647775.6238,49351708
Thailand,THA,1985,2.17720276750025,2.43173123433475,38900711332.5373,50270753
Thailand,THA,1986,1.6531553058301,1.84167596806049,43096773980.8569,51177834
Thailand,THA,1987,4.72321351314125,2.46646112823951,50535446554.87685,52074105
Thailand,THA,1988,5.91839654888264,3.86273074733655,61667253471.37359,52969595
Thailand,THA,1989,6.11674308707329,5.35546507986216,72250748099.97617,53848956
Thailand,THA,1990,5.77318216244282,5.86399474375828,85343190719.01065,54738329
Thailand,THA,1991,5.74652378137894,5.70985259891396,98234714971.06122,55637434
Thailand,THA,1992,4.49045413125464,4.13914575077056,111452746517.65536,56528834
Thailand,THA,1993,6.4906547671219,3.31219168428468,128889262951.15672,57408198
Thailand,THA,1994,4.67276354647998,5.04774897680755,146683778959.101,58260854
Thailand,THA,1995,5.74023614562722,5.81818181818192,169278916592.84286,59098232
Thailand,THA,1996,4.09814092384286,5.80510554737349,183035237429.28085,59920064
Thailand,THA,1997,4.42116836632678,5.62579747129104,150180456565.72845,60724584
Thailand,THA,1998,8.06371045697034,7.9947287502746,113675596787.7377,61522630
Thailand,THA,1999,-2.57695297761677,0.284726459223034,126669211778.94038,62299043
Thailand,THA,2000,1.33104995932025,1.59196917460972,126392224253.79382,63007815
Thailand,THA,2001,1.91753224493053,1.62690887314091,120296476180.40192,63651141
Thailand,THA,2002,1.69045805604154,0.697308976625449,134300904400.02176,64266437
Thailand,THA,2003,2.1495490160917,1.8043499463572,152280615245.88742,64868166
Thailand,THA,2004,3.56925942602997,2.75914926231081,172895685154.65817,65452047
Thailand,THA,2005,5.09155618304895,4.54036919634535,189318408468.5952,66017420
Thailand,THA,2006,5.1042132730291,4.63747436011765,221758296021.62064,66567687
Thailand,THA,2007,2.47333774189036,2.24154095286802,262942621455.0529,67102394
Thailand,THA,2008,5.13378035159961,5.46848949649846,291382982430.9515,67619830
Thailand,THA,2009,0.194772130958171,-0.845716092316721,281710630187.3191,68121080
Thailand,THA,2010,4.08098922673743,3.24758842443723,341104766329.1696,68579447
Thailand,THA,2011,3.7430981204437,3.80879058139634,370818739623.622,69007208
Thailand,THA,2012,1.90914444199674,3.01489950334994,397558325278.5791,69436098
Thailand,THA,2013,1.77874589235417,2.18488618530678,420333654592.5471,69845114
Thailand,THA,2014,1.44146536528029,1.8951418189878,407339040197.6513,70216367
Thailand,THA,2015,0.722113573412514,-0.900424963291569,401296238228.0839,70540795
Thailand,THA,2016,2.63616761998928,0.188149704448234,413366349747.5081,70859841
Thailand,THA,2017,1.8999449899777,0.665631893135106,456356813536.7637,71160187
Thailand,THA,2018,1.42858616420727,1.06389754183015,506754208404.4847,71376079
Thailand,THA,2019,1.01442340642497,0.706728601314311,543976691793.88586,71522271
Thailand,THA,2020,-1.29877505741581,-0.845937147357041,500461898480.2456,71641484
Thailand,THA,2021,1.77107226345396,1.23039541318384,506256494297.33966,71727332
Thailand,THA,2022,4.76699578735654,6.07741228434321,495645210972.7507,71735329
Thailand,THA,2023,1.22023811822058,1.22802623546169,514944993833.5776,71702435
,THA,2024,,,,71668011
,TJK,1980,,,,3995256
,TJK,1981,,,,4109022
,TJK,1982,,,,4227171
,TJK,1983,,,,4350874
,TJK,1984,,,,4480026
,TJK,1985,,,,4619003
Tajikistan,TJK,1986,-4.02900157355316,,,4772139
Tajikistan,TJK,1987,5.82299572608119,,,4939059
Tajikistan,TJK,1988,-2.57441539130541,,,5114989
Tajikistan,TJK,1989,7.26277902274315,,,5267249
Tajikistan,TJK,1990,6.28991299918663,,2603571428.571429,5398768
Tajikistan,TJK,1991,99.6335110908983,,2550943396.226415,5541205
Tajikistan,TJK,1992,574.014511227964,,1908554572.2713864,5649400
Tajikistan,TJK,1993,1207.2110489489,,1646623195.1560316,5724993
Tajikistan,TJK,1994,263.011478064155,,1522001205.545509,5825368
Tajikistan,TJK,1995,294.530765618633,,1231561860.3994637,5948584
Tajikistan,TJK,1996,430.412728198188,,1043654822.3350254,6066523
Tajikistan,TJK,1997,65.2512001901191,,921518032.909326,6139829
Tajikistan,TJK,1998,87.8763481550034,,1320199581.5226138,6176397
Tajikistan,TJK,1999,26.5011437514061,,1086612290.2717097,6208370
Tajikistan,TJK,2000,22.631873605948,,860541842.2636966,6284735
Tajikistan,TJK,2001,30.947706315931,38.59188944886,1080772551.2943304,6407377
Tajikistan,TJK,2002,18.8197026147069,12.2499847845885,1221106220.2867951,6531669
Tajikistan,TJK,2003,27.0864689117309,16.3034912049491,1555318261.4172034,6658575
Tajikistan,TJK,2004,17.4315785210811,7.14196508692253,2076176869.4108884,6790547
Tajikistan,TJK,2005,9.51432466210065,7.09193244083773,2312352020.668896,6924720
Tajikistan,TJK,2006,21.0624388683286,10.0108651886461,2830213848.620304,7057566
Tajikistan,TJK,2007,27.2380030941036,13.1491247062982,3719524540.86193,7194477
Tajikistan,TJK,2008,28.1634875601911,20.4705219109964,5161299725.276728,7338403
Tajikistan,TJK,2009,12.1262014941935,6.44823481066697,4979472364.453397,7490230
Tajikistan,TJK,2010,12.4616677349709,6.44531440780658,5642221099.177043,7652141
Tajikistan,TJK,2011,13.3243555693147,12.4315490430406,6522756255.012003,7824785
Tajikistan,TJK,2012,11.8685155888293,5.83116601031462,7633036903.076341,8014084
Tajikistan,TJK,2013,3.63300945054496,5.00964645344951,8448411318.254166,8216724
Tajikistan,TJK,2014,4.76666135833671,6.10442765129667,9112605459.328451,8425552
Tajikistan,TJK,2015,6.86625094979701,5.7145594964971,8271431485.0748415,8643840
Tajikistan,TJK,2016,0.541389756844993,6.00458082322139,6992416096.890184,8865631
Tajikistan,TJK,2017,9.80546714084267,,7536402852.858016,9085946
Tajikistan,TJK,2018,2.49222755648458,,7764999999.453624,9307333
Tajikistan,TJK,2019,3.65868395013121,,8300813599.3084,9529966
Tajikistan,TJK,2020,1.65596010469615,,8133963550.657425,9749310
Tajikistan,TJK,2021,10.0445095549154,,8937805347.13963,9966908
Tajikistan,TJK,2022,8.26227281475744,,10713525200.39978,10182222
Tajikistan,TJK,2023,2.18821998125314,,12060602008.847782,10389799
,TJK,2024,,,,10590927
,TKM,1980,,,,2832203
,TKM,1981,,,,2907187
,TKM,1982,,,,2985557
,TKM,1983,,,,3067534
,TKM,1984,,,,3154079
,TKM,1985,,,,3247534
,TKM,1986,,,,3347809
,TKM,1987,,,2500000000.0,3452731
Turkmenistan,TKM,1988,-2.72340436737647,,2700000000.0,3559363
Turkmenistan,TKM,1989,8.31275760659524,,2800000000.0,3662459
Turkmenistan,TKM,1990,-20.8603561293651,,3000000000.0,3760562
Turkmenistan,TKM,1991,106.160919660581,,2950000000.0,3855894
Turkmenistan,TKM,1992,3089.15254991916,,3200000000.0,3944689
Turkmenistan,TKM,1993,1133.99014566884,,3180952380.9523807,4032407
Turkmenistan,TKM,1994,952.307149668942,,2560939794.4199705,4116662
Turkmenistan,TKM,1995,705.718482580622,,2482249252.850589,4191203
Turkmenistan,TKM,1996,1014.01161581983,,2378759975.4450583,4263819
Turkmenistan,TKM,1997,61.8000441061326,,2450350625.104074,4336730
Turkmenistan,TKM,1998,17.6168033195453,,2605689134.4904246,4410507
Turkmenistan,TKM,1999,23.0053043870684,,2450564100.182922,4492170
Turkmenistan,TKM,2000,23.4645481936837,,2904663310.9824967,4582677
Turkmenistan,TKM,2001,32.3148627412749,,3534772732.3974595,4675409
Turkmenistan,TKM,2002,25.1531001485651,,4462029108.723494,4769465
Turkmenistan,TKM,2003,27.1543298649025,,5977440582.801714,4863865
Turkmenistan,TKM,2004,18.3477638214348,,6838351088.466884,4958093
Turkmenistan,TKM,2005,7.02679084259007,,8103901996.370235,5052257
Turkmenistan,TKM,2006,12.249959293056,,10276674364.896074,5147105
Turkmenistan,TKM,2007,9.26934465401983,,12664165103.189491,5244046
Turkmenistan,TKM,2008,59.7403855468372,,19271523178.807945,5345029
Turkmenistan,TKM,2009,9.76101613509299,,20214385964.91228,5451592
Turkmenistan,TKM,2010,2.30608815331743,,22583157894.736843,5564356
Turkmenistan,TKM,2011,12.8574543671204,,29233333333.33333,5683417
Turkmenistan,TKM,2012,8.27008408241873,,35164210526.31579,5808546
Turkmenistan,TKM,2013,1.15244583252145,,39197543859.64912,5939341
Turkmenistan,TKM,2014,0.669180966750076,,43524210526.31579,6075283
Turkmenistan,TKM,2015,-5.15329778752206,,35799714285.71429,6215770
Turkmenistan,TKM,2016,-4.86560287903114,,36169428571.42857,6360041
Turkmenistan,TKM,2017,-1.54244268478659,,37926285714.28571,6507061
Turkmenistan,TKM,2018,1.21087594013873,,40765428571.42857,6655524
Turkmenistan,TKM,2019,4.38275226849976,,45232857142.85714,6803944
Turkmenistan,TKM,2020,-4.34974180757671,,45818000000.0,6949912
Turkmenistan,TKM,2021,2.77178000998204,,50007428571.42857,7092043
Turkmenistan,TKM,2022,11.0418828298503,,56542857142.85714,7230193
Turkmenistan,TKM,2023,-3.2837127112537,,59887334844.06514,7364438
,TKM,2024,,,,7494498
Latin America & the Caribbean (IDA & IBRD countries),TLA,1980,20.4494448024666,18.0615430355956,,346105657
Latin America & the Caribbean (IDA & IBRD countries),TLA,1981,11.5688525347473,14.1899276364131,,353922621
Latin America & the Caribbean (IDA & IBRD countries),TLA,1982,7.5120252384536,8.39768155916691,,361763155
Latin America & the Caribbean (IDA & IBRD countries),TLA,1983,7.49695684357694,10.9128872185399,,369728268
Latin America & the Caribbean (IDA & IBRD countries),TLA,1984,15.7375320928942,11.7272982588087,,377777260
Latin America & the Caribbean (IDA & IBRD countries),TLA,1985,10.4202108327662,16.8721054708497,,385830246
Latin America & the Caribbean (IDA & IBRD countries),TLA,1986,9.38727107753954,13.4702186572948,,393862440
Latin America & the Caribbean (IDA & IBRD countries),TLA,1987,10.1443832689497,12.9369685291433,,401890697
Latin America & the Caribbean (IDA & IBRD countries),TLA,1988,12.7288317145654,9.54973475650019,,409945610
Latin America & the Caribbean (IDA & IBRD countries),TLA,1989,12.1294932421936,12.8808354231069,944566530515.018,418004229
Latin America & the Caribbean (IDA & IBRD countries),TLA,1990,22.4709370974075,21.8500597281305,1034598506513.3104,426091608
Latin America & the Caribbean (IDA & IBRD countries),TLA,1991,21.3909823000852,22.2233859414183,1124702232048.2854,434138780
Latin America & the Caribbean (IDA & IBRD countries),TLA,1992,11.3007436728124,11.6374024910138,1232756088301.5469,442150885
Latin America & the Caribbean (IDA & IBRD countries),TLA,1993,10.4355721620947,10.791941318612,1467156610889.901,450131381
Latin America & the Caribbean (IDA & IBRD countries),TLA,1994,12.5733704419943,10.7205639010421,1715278789092.88,458042874
Latin America & the Caribbean (IDA & IBRD countries),TLA,1995,11.076427188031,11.1287029707089,1856211576641.3835,465939463
Latin America & the Caribbean (IDA & IBRD countries),TLA,1996,6.58171861061977,9.78892040179966,2017401470167.4136,473775482
Latin America & the Caribbean (IDA & IBRD countries),TLA,1997,4.91515472666765,7.14511160883929,2212848167141.8213,481555614
Latin America & the Caribbean (IDA & IBRD countries),TLA,1998,5.37109035742958,5.26903547042201,2234145456857.453,489346270
Latin America & the Caribbean (IDA & IBRD countries),TLA,1999,3.8829960652083,3.4867289020098,2003326360339.101,497065139
Latin America & the Caribbean (IDA & IBRD countries),TLA,2000,5.60606514085735,4.76382472733251,2214793108979.011,504556065
Latin America & the Caribbean (IDA & IBRD countries),TLA,2001,4.27714698160932,5.30722081028547,2161567505918.137,511809816
Latin America & the Caribbean (IDA & IBRD countries),TLA,2002,3.47602085514819,4.24026660688645,1927469572333.205,518881965
Latin America & the Caribbean (IDA & IBRD countries),TLA,2003,5.33107719750952,4.54690012118718,1960572727991.551,525787222
Latin America & the Caribbean (IDA & IBRD countries),TLA,2004,7.02476170687822,4.45194392395045,2264753929049.281,532556401
Latin America & the Caribbean (IDA & IBRD countries),TLA,2005,6.66772455718578,4.6992773903564,2751720692301.9966,539188798
Latin America & the Caribbean (IDA & IBRD countries),TLA,2006,6.77427411913297,4.29342363628927,3234376593372.225,545805913
Latin America & the Caribbean (IDA & IBRD countries),TLA,2007,6.62550716828601,5.54438485815156,3826508335402.826,552399650
Latin America & the Caribbean (IDA & IBRD countries),TLA,2008,8.7785527236756,8.40009593987462,4465251653168.29,558968822
Latin America & the Caribbean (IDA & IBRD countries),TLA,2009,3.60017527305328,2.76408913513634,4176119188574.45,565454932
Latin America & the Caribbean (IDA & IBRD countries),TLA,2010,5.58059737402084,3.7964433376871,5210710546171.905,571822092
Latin America & the Caribbean (IDA & IBRD countries),TLA,2011,5.79618847204975,5.46284592944071,5940252657561.232,578171855
Latin America & the Caribbean (IDA & IBRD countries),TLA,2012,4.54221493776905,4.14457284086402,6005862490255.015,584524334
Latin America & the Caribbean (IDA & IBRD countries),TLA,2013,2.92309825170382,2.74483621896186,6154592516614.851,590809938
Latin America & the Caribbean (IDA & IBRD countries),TLA,2014,2.43244108501779,3.42826414810781,6270841236825.202,597023419
Latin America & the Caribbean (IDA & IBRD countries),TLA,2015,2.89623994561317,2.92482169718974,5194835549016.913,603091701
Latin America & the Caribbean (IDA & IBRD countries),TLA,2016,2.67571827706805,2.53781710390567,5053700630074.006,609017063
Latin America & the Caribbean (IDA & IBRD countries),TLA,2017,3.64352138690504,2.8227580554717,5631949735822.711,614776664
Latin America & the Caribbean (IDA & IBRD countries),TLA,2018,2.23494687277949,2.29810236299038,5506072829643.664,620274430
Latin America & the Caribbean (IDA & IBRD countries),TLA,2019,2.76448783843382,2.0916386224491,5413987316641.175,625467307
Latin America & the Caribbean (IDA & IBRD countries),TLA,2020,1.84282304408084,1.38042647320286,4561296585538.663,630051021
Latin America & the Caribbean (IDA & IBRD countries),TLA,2021,4.75974433357869,3.8780544241113,5310337203631.617,633862610
Latin America & the Caribbean (IDA & IBRD countries),TLA,2022,6.82104951744238,7.83844572166295,6045250902748.987,637837815
Latin America & the Caribbean (IDA & IBRD countries),TLA,2023,4.5594542173226,4.63202285403356,6772781697090.741,642397939
,TLA,2024,,,,647003746
,TLS,1980,,,,649871
,TLS,1981,,,,660493
,TLS,1982,,,,669149
,TLS,1983,,,,677707
,TLS,1984,,,,686777
,TLS,1985,,,,696665
,TLS,1986,,,,707185
,TLS,1987,,,,718476
,TLS,1988,,,,730745
,TLS,1989,,,,744856
,TLS,1990,,,128210141.761689,760345
Timor-Leste,TLS,1991,4.06212623567983,,147713000.0,778278
Timor-Leste,TLS,1992,15.155653655469,,187891500.0,799318
Timor-Leste,TLS,1993,4.75647481950965,,216914400.0,821437
Timor-Leste,TLS,1994,2.87291199375824,,239040500.0,844493
Timor-Leste,TLS,1995,3.06200842996122,,262819900.00000003,868146
Timor-Leste,TLS,1996,8.1600908527484,,306956900.0,892282
Timor-Leste,TLS,1997,0.231034202777252,,319972700.0,917184
Timor-Leste,TLS,1998,3.87677883316961,,325729800.0,942530
Timor-Leste,TLS,1999,7.18520115234584,,225357600.0,834697
Timor-Leste,TLS,2000,2.99889591177187,,366924300.0,745088
Timor-Leste,TLS,2001,11.8340283174281,,477443500.0,812249
Timor-Leste,TLS,2002,5.39203771110913,,469455500.0,879159
Timor-Leste,TLS,2003,6.80044175915803,7.16515891441839,490439100.0,916878
Timor-Leste,TLS,2004,-10.4851308048803,3.23751394003321,440772000.0,929074
Timor-Leste,TLS,2005,1.83747719818945,1.11167400387198,462268000.0,948311
Timor-Leste,TLS,2006,2.38059845195224,3.93616259929866,453792400.0,976597
Timor-Leste,TLS,2007,8.47751518449822,10.3009020174895,542795400.0,1004889
Timor-Leste,TLS,2008,7.25676387978855,9.06423621948942,648523600.0,1032429
Timor-Leste,TLS,2009,1.76512587619911,0.669681185965433,726937800.0,1058782
Timor-Leste,TLS,2010,10.9637989502854,6.76597680236481,881909300.0,1084679
Timor-Leste,TLS,2011,11.5656732746114,13.499840238577,1042534600.0,1110207
Timor-Leste,TLS,2012,6.1604670783707,11.8003096701544,1160555000.0,1134885
Timor-Leste,TLS,2013,16.6427681770437,11.0849085109954,1395727400.0,1158695
Timor-Leste,TLS,2014,-0.72805110472585,0.726275016139465,1447535200.0,1181903
Timor-Leste,TLS,2015,7.20272656720353,0.552796026277853,1595205100.0,1205131
Timor-Leste,TLS,2016,0.141367073258863,-1.33853876185163,1652603700.0,1228312
Timor-Leste,TLS,2017,-0.212799455428609,0.557215537430361,1598208400.0,1251703
Timor-Leste,TLS,2018,-1.36269499343967,2.63647201015892,1566157200.0,1275959
Timor-Leste,TLS,2019,5.16428345869988,0.958812739703141,2027034000.0,1300945
Timor-Leste,TLS,2020,-19.2266531049002,0.495499215459571,2162619200.0,1326053
Timor-Leste,TLS,2021,59.0838497110713,3.69792094666786,3621958000.0,1350139
Timor-Leste,TLS,2022,11.4585263071185,7.00530945399787,3204753000.0,1369295
Timor-Leste,TLS,2023,-20.8334380271277,8.42035103310377,2243142908.4616103,1384286
,TLS,2024,,2.06284153005468,,1400638
Middle East & North Africa (IDA & IBRD countries),TMN,1980,14.8820201167283,11.5845673416485,301595206374.4333,264948525
Middle East & North Africa (IDA & IBRD countries),TMN,1981,9.90997003298553,11.8461254997948,289458760549.64166,273288518
Middle East & North Africa (IDA & IBRD countries),TMN,1982,6.43212145274833,10.3933080764634,324177162508.14056,281844787
Middle East & North Africa (IDA & IBRD countries),TMN,1983,10.7301456603332,6.16761386479387,359841677153.7612,290721921
Middle East & North Africa (IDA & IBRD countries),TMN,1984,8.24745260850462,9.22951819475496,374704780586.90137,300042126
Middle East & North Africa (IDA & IBRD countries),TMN,1985,4.05448814800522,7.7286389008592,404949297954.2344,309566339
Middle East & North Africa (IDA & IBRD countries),TMN,1986,7.49074948646498,12.3716091651299,436918472003.4965,319257806
Middle East & North Africa (IDA & IBRD countries),TMN,1987,9.89415935932439,7.44126091287247,377069625965.624,329101677
Middle East & North Africa (IDA & IBRD countries),TMN,1988,9.06096347700196,6.90509807493766,359497678931.064,339013669
Middle East & North Africa (IDA & IBRD countries),TMN,1989,15.8243460361994,10.3517892397833,359505608254.445,349120795
Middle East & North Africa (IDA & IBRD countries),TMN,1990,16.6224498749241,12.3217999847811,500008055193.9373,359343952
Middle East & North Africa (IDA & IBRD countries),TMN,1991,11.9935811151592,14.5123316222632,254373550217.13773,369541810
Middle East & North Africa (IDA & IBRD countries),TMN,1992,13.1717453439967,12.3232992418242,277940621828.7816,379832349
Middle East & North Africa (IDA & IBRD countries),TMN,1993,8.42910538832268,12.6564663913828,287670603066.9007,390108809
Middle East & North Africa (IDA & IBRD countries),TMN,1994,8.44887156388798,11.7413492195778,304590448179.39764,400109102
Middle East & North Africa (IDA & IBRD countries),TMN,1995,10.6790055674445,11.8610941540332,336976502406.652,409972623
Middle East & North Africa (IDA & IBRD countries),TMN,1996,7.10766744856119,6.84416086199789,377439700431.51697,419780929
Middle East & North Africa (IDA & IBRD countries),TMN,1997,10.4105090393626,3.60116103260946,396737077681.0845,429628398
Middle East & North Africa (IDA & IBRD countries),TMN,1998,2.37768148920179,3.79092432361614,406659451056.21466,439699399
Middle East & North Africa (IDA & IBRD countries),TMN,1999,7.44219677268558,2.66937369053699,444857187154.8823,449944988
Middle East & North Africa (IDA & IBRD countries),TMN,2000,9.70098596983003,2.28921996056005,470235593839.2626,460058369
Middle East & North Africa (IDA & IBRD countries),TMN,2001,2.74820045370649,2.26975720475956,476450622805.49646,470225878
Middle East & North Africa (IDA & IBRD countries),TMN,2002,3.16557906750616,2.72103284850455,459606900952.3675,480465143
Middle East & North Africa (IDA & IBRD countries),TMN,2003,6.77749360613839,4.268953958395,505492205617.9615,491133637
Middle East & North Africa (IDA & IBRD countries),TMN,2004,11.4465037894298,3.96180030257187,599985781725.0558,502381957
Middle East & North Africa (IDA & IBRD countries),TMN,2005,11.9504489708053,3.49368534619531,702009563713.1754,513920381
Middle East & North Africa (IDA & IBRD countries),TMN,2006,10.6494515467628,6.25172466656443,822974526165.268,525752130
Middle East & North Africa (IDA & IBRD countries),TMN,2007,7.09551578753664,4.74390639021648,1010437030742.8988,537343609
Middle East & North Africa (IDA & IBRD countries),TMN,2008,15.9501259770903,12.6628528269228,1252791257447.2617,549090016
Middle East & North Africa (IDA & IBRD countries),TMN,2009,-0.452558780552764,3.29290021224143,1213166741475.6765,561349152
Middle East & North Africa (IDA & IBRD countries),TMN,2010,10.1068646295721,3.96677908889859,1403549209820.2505,573609877
Middle East & North Africa (IDA & IBRD countries),TMN,2011,11.6629763507332,5.02009983235187,1643533882162.4666,585763053
Middle East & North Africa (IDA & IBRD countries),TMN,2012,5.98193050372183,6.3352854463936,1770684776788.205,597586990
Middle East & North Africa (IDA & IBRD countries),TMN,2013,4.50027018979038,4.82282135283468,1630478469590.373,609074579
Middle East & North Africa (IDA & IBRD countries),TMN,2014,2.44784411201879,2.90820298536757,1611999713800.0613,620390664
Middle East & North Africa (IDA & IBRD countries),TMN,2015,2.67134371331224,4.437371273215,1446610375148.2903,631082594
Middle East & North Africa (IDA & IBRD countries),TMN,2016,1.1659452549003,3.62939937384381,1481309318329.8464,641470827
Middle East & North Africa (IDA & IBRD countries),TMN,2017,4.8259464942787,5.30884839565844,1480563802249.524,652312809
Middle East & North Africa (IDA & IBRD countries),TMN,2018,7.04467101748188,4.46231108475481,1405206066869.7126,663878345
Middle East & North Africa (IDA & IBRD countries),TMN,2019,4.1352478990478,3.00538949390383,1416000165481.5989,675805691
Middle East & North Africa (IDA & IBRD countries),TMN,2020,3.97737193212916,2.09626938944792,1308832802715.092,687728758
Middle East & North Africa (IDA & IBRD countries),TMN,2021,24.9972714331264,5.46019980671871,1517193141067.382,699536053
Middle East & North Africa (IDA & IBRD countries),TMN,2022,24.9725481827151,7.48175163603345,1740947356984.7458,711465045
Middle East & North Africa (IDA & IBRD countries),TMN,2023,4.56452579428684,7.70665764216232,1629170225345.5205,723911670
,TMN,2024,,,,736401764
,TON,1980,,22.3933889164965,53260077.431109086,97769
,TON,1981,,14.8992481203003,62242013.330268905,97909
Tonga,TON,1982,7.86516630913667,10.8378703800655,62068161.07110255,97980
Tonga,TON,1983,8.25705979675153,9.81355311787775,60863963.96396396,97998
Tonga,TON,1984,6.51438327130536,0.106451612903717,64248354.54146556,97990
Tonga,TON,1985,10.2361564360177,16.765,60058663.31447727,97984
Tonga,TON,1986,16.1705682804512,21.6738748768894,68195855.61497326,98010
Tonga,TON,1987,11.0120447485885,4.68598778792504,81667133.45469822,98376
Tonga,TON,1988,9.06918375534235,9.92402339810402,106657267.36734173,98969
Tonga,TON,1989,6.80510089276258,4.07364364792932,106344854.98609458,99403
Tonga,TON,1990,12.2477473848168,9.70986384562655,113563821.57740392,99700
Tonga,TON,1991,9.46130270346552,10.5954493994793,132201141.44686104,99895
Tonga,TON,1992,7.44750453397867,7.93698012192874,137066290.55007052,100022
Tonga,TON,1993,0.0657706671105274,0.960904460459173,138489884.3930636,100103
Tonga,TON,1994,28.6260002001203,1.01295206694856,195990986.21421,100166
Tonga,TON,1995,-3.42260102303989,1.46000630350972,208871665.748682,100225
Tonga,TON,1996,2.97475626535409,2.99528023991143,222100576.3454826,100275
Tonga,TON,1997,-0.117974143918758,2.12473132408038,214991452.314998,100674
Tonga,TON,1998,2.82722308583867,3.27444554260464,191504892.7613941,101388
Tonga,TON,1999,7.8661084274205,4.46435467675891,199208717.50191283,102046
Tonga,TON,2000,2.63973272434666,6.32763551411155,204848487.80648512,102677
Tonga,TON,2001,4.02071928409904,8.2902831885033,181117230.40654567,103288
Tonga,TON,2002,7.61930034121107,10.3590607918507,182764280.8285007,103874
Tonga,TON,2003,11.3997048992014,11.6386219580735,202246591.2155022,104464
Tonga,TON,2004,8.40895777293549,10.9734053679554,230657627.23132345,105071
Tonga,TON,2005,8.25224653875016,8.66569221131751,261803684.24175352,105671
Tonga,TON,2006,18.2436676645624,6.14911606456575,292230662.3990124,106253
Tonga,TON,2007,4.4067477359236,5.84224874901387,298519024.14082026,106726
Tonga,TON,2008,4.43244325889145,10.4469875128222,344436582.0757636,107020
Tonga,TON,2009,4.90887981438752,1.42685972070534,312377678.8394101,107203
Tonga,TON,2010,7.72157994907818,3.53491239189831,366832215.1895781,107400
Tonga,TON,2011,0.475221374667939,6.27075302995691,414533117.6922989,107570
Tonga,TON,2012,4.28459194493769,1.14753853706055,470705196.4326592,107460
Tonga,TON,2013,-2.29125163479002,0.77562932236742,450650633.0413497,107078
Tonga,TON,2014,0.0415389306808009,2.51087633253706,439877614.4192064,106609
Tonga,TON,2015,5.20195788917211,-1.05399831971283,437003078.563584,106095
Tonga,TON,2016,2.97355538261547,2.57815515245081,420548712.433288,105524
Tonga,TON,2017,5.57528645959195,7.51706283551115,460374354.8472466,105356
Tonga,TON,2018,4.93734088158944,5.03209691984874,488906838.5948662,105567
Tonga,TON,2019,4.72800475373694,1.17954334821808,512053692.0786754,105669
Tonga,TON,2020,0.43844596361491,-0.349737696727496,484796854.9187562,105704
Tonga,TON,2021,2.47456266775067,5.64051140636751,469228219.6657909,105490
Tonga,TON,2022,2.07802980858338,10.9713652903022,500274898.0852215,105042
,TON,2023,,6.35112980255189,,104597
,TON,2024,,3.18364611260058,,104175
South Asia (IDA & IBRD),TSA,1980,11.508320807462,13.3113668435427,235543383601.4355,806369775
South Asia (IDA & IBRD),TSA,1981,9.89469031190922,11.8799135925283,250076708191.8594,825638560
South Asia (IDA & IBRD),TSA,1982,9.34740967374591,9.84677216779704,258727224080.5379,845349352
South Asia (IDA & IBRD),TSA,1983,8.48775587837945,12.3772380782713,273881790993.83295,865442337
South Asia (IDA & IBRD),TSA,1984,9.65355445236982,7.03770661157025,272607073140.9275,885894499
South Asia (IDA & IBRD),TSA,1985,6.5086147454451,5.55642423236554,296435460430.0586,906622025
South Asia (IDA & IBRD),TSA,1986,6.78940045356175,9.22595700190572,313955151400.1194,927646189
South Asia (IDA & IBRD),TSA,1987,9.32789330598244,8.80112581251833,348601867655.982,948802143
South Asia (IDA & IBRD),TSA,1988,9.61756064978023,8.98300338208989,374584211824.0092,970044151
South Asia (IDA & IBRD),TSA,1989,8.43680886909797,7.84426473740044,378016943211.79095,991571016
South Asia (IDA & IBRD),TSA,1990,6.53273529225868,8.9712325027325,406963354249.835,1013297018
South Asia (IDA & IBRD),TSA,1991,12.5446382094284,12.2751729438893,362063214739.1859,1035058149
South Asia (IDA & IBRD),TSA,1992,9.40370611580596,11.7878170418134,384521577066.9712,1057074570
South Asia (IDA & IBRD),TSA,1993,9.8617828547541,9.97366476029209,380890164437.89343,1079256381
South Asia (IDA & IBRD),TSA,1994,9.77058482007504,8.34928672883386,432085555561.0602,1101305517
South Asia (IDA & IBRD),TSA,1995,8.28438262087263,9.48754836789369,479585498256.8355,1123515559
South Asia (IDA & IBRD),TSA,1996,8.11263278407877,8.97715233826453,524681300053.1787,1145998648
South Asia (IDA & IBRD),TSA,1997,7.2790929776352,7.16425211462724,550408821354.5118,1168625898
South Asia (IDA & IBRD),TSA,1998,7.52603689563375,9.36424300683229,558117074309.6569,1191405930
South Asia (IDA & IBRD),TSA,1999,4.16270115884763,4.69170563048438,597995276003.899,1214263809
South Asia (IDA & IBRD),TSA,2000,4.47243371871953,4.0094359104519,647681666329.099,1237185482
South Asia (IDA & IBRD),TSA,2001,5.6750614869624,3.14826144590618,662513570031.7963,1260149056
South Asia (IDA & IBRD),TSA,2002,3.92811823441244,3.33256493271913,695456014025.0747,1282584796
South Asia (IDA & IBRD),TSA,2003,3.74605216066744,3.80585899528851,811668772003.6998,1304347790
South Asia (IDA & IBRD),TSA,2004,6.48837810604775,4.10593698272958,941600860447.8544,1325950587
South Asia (IDA & IBRD),TSA,2005,6.29929640524648,6.94147541057457,1075831387301.1918,1346886384
South Asia (IDA & IBRD),TSA,2006,7.27989528597466,6.77492886028206,1220740366279.3557,1367187349
South Asia (IDA & IBRD),TSA,2007,8.96730676614216,7.19672897490471,1536036848206.9104,1386949456
South Asia (IDA & IBRD),TSA,2008,8.52746786015736,10.9746442017878,1559693610925.0625,1406047164
South Asia (IDA & IBRD),TSA,2009,6.90236005828176,4.9768244765374,1702714960275.787,1425370200
South Asia (IDA & IBRD),TSA,2010,9.42649662574266,7.58152977621468,2082357808583.8928,1444967010
South Asia (IDA & IBRD),TSA,2011,10.7545019906415,10.2502450334266,2294090940082.0503,1464372623
South Asia (IDA & IBRD),TSA,2012,8.04948057708798,9.46940335888468,2327938845782.6187,1483553073
South Asia (IDA & IBRD),TSA,2013,6.49974244418989,7.61128126406368,2389895068185.148,1501661991
South Asia (IDA & IBRD),TSA,2014,4.92599255707002,6.82864780544374,2614915526247.902,1519839246
South Asia (IDA & IBRD),TSA,2015,3.80941133758956,4.15825589072151,2733618963171.586,1537370078
South Asia (IDA & IBRD),TSA,2016,3.64344397472554,4.17139021053493,3011037037667.8643,1555111864
South Asia (IDA & IBRD),TSA,2017,4.18968997658698,4.52022867508868,3433921312241.1235,1572520427
South Asia (IDA & IBRD),TSA,2018,3.8630134523573,3.33139516437672,3534066858502.004,1589164714
South Asia (IDA & IBRD),TSA,2019,3.76433258169706,3.6289496588547,3658209766221.572,1605412986
South Asia (IDA & IBRD),TSA,2020,4.32796065240716,5.6602199868936,3493120726807.8936,1621073417
South Asia (IDA & IBRD),TSA,2021,7.19536277510807,5.33942885799218,4079882760410.172,1634785356
South Asia (IDA & IBRD),TSA,2022,7.49435251822787,7.67387306987714,4327288984027.913,1648009565
South Asia (IDA & IBRD),TSA,2023,4.89510360030242,6.38195135323062,4475567635413.059,1662580579
,TSA,2024,,,,1677384532
Sub-Saharan Africa (IDA & IBRD countries),TSS,1980,12.8646273399031,13.6019828289492,290362860824.31866,389959247
Sub-Saharan Africa (IDA & IBRD countries),TSS,1981,10.6252870249993,12.2903278605959,402431915039.5624,401805572
Sub-Saharan Africa (IDA & IBRD countries),TSS,1982,10.8392558019708,12.0998414518035,371908928471.02606,414407128
Sub-Saharan Africa (IDA & IBRD countries),TSS,1983,10.8174002740579,11.4826535601296,334425214800.0392,426899800
Sub-Saharan Africa (IDA & IBRD countries),TSS,1984,11.7174933871685,11.1169312857885,299912178648.0449,439338948
Sub-Saharan Africa (IDA & IBRD countries),TSS,1985,8.93083000559061,9.40690750687272,284844527262.7956,452261445
Sub-Saharan Africa (IDA & IBRD countries),TSS,1986,8.02256089268182,6.85934422794885,265479043488.54987,465510912
Sub-Saharan Africa (IDA & IBRD countries),TSS,1987,9.39994796598818,7.63279008878104,298589909448.8508,479171693
Sub-Saharan Africa (IDA & IBRD countries),TSS,1988,8.95795186633018,8.35167956821219,313116659995.5535,492983652
Sub-Saharan Africa (IDA & IBRD countries),TSS,1989,9.76900937253662,8.0461586348732,317250593015.6104,507001395
Sub-Saharan Africa (IDA & IBRD countries),TSS,1990,10.5836307032606,7.5448610969945,373699392898.2165,521314712
Sub-Saharan Africa (IDA & IBRD countries),TSS,1991,8.56427900364693,8.93430656934288,401833867991.94336,535621670
Sub-Saharan Africa (IDA & IBRD countries),TSS,1992,6.96128200795714,9.48654250617163,363195310898.81537,550274082
Sub-Saharan Africa (IDA & IBRD countries),TSS,1993,11.2979738583905,9.52484537019695,369295608234.0817,565570780
Sub-Saharan Africa (IDA & IBRD countries),TSS,1994,23.2494808479149,27.4479807126946,377661276291.1023,580801913
Sub-Saharan Africa (IDA & IBRD countries),TSS,1995,11.0437898513941,11.425939964662,480489469166.2748,596382250
Sub-Saharan Africa (IDA & IBRD countries),TSS,1996,9.07483488878513,7.19164660433344,535646189852.0216,612553970
Sub-Saharan Africa (IDA & IBRD countries),TSS,1997,5.05534593106086,7.6471743331001,564679173393.117,628853819
Sub-Saharan Africa (IDA & IBRD countries),TSS,1998,6.96357951652327,6.43573287560781,565932096595.1832,645803591
Sub-Saharan Africa (IDA & IBRD countries),TSS,1999,7.61207827777595,4.35643374510453,404070839322.1774,663257231
Sub-Saharan Africa (IDA & IBRD countries),TSS,2000,8.5066010783456,4.500788562621,428346156747.9902,681125107
Sub-Saharan Africa (IDA & IBRD countries),TSS,2001,6.23201251547312,5.14746800222618,409772900328.95374,699588585
Sub-Saharan Africa (IDA & IBRD countries),TSS,2002,3.61316135426739,4.70579123746034,446110426619.5375,718662153
Sub-Saharan Africa (IDA & IBRD countries),TSS,2003,5.94683478932345,5.67942414068799,561821496869.8468,738316131
Sub-Saharan Africa (IDA & IBRD countries),TSS,2004,7.7652785346058,4.13663213144748,697688286597.4875,758653144
Sub-Saharan Africa (IDA & IBRD countries),TSS,2005,7.50171013084201,6.42755278070087,827932293880.679,779665113
Sub-Saharan Africa (IDA & IBRD countries),TSS,2006,7.46134453965777,6.53784395299604,976583731601.0426,801269368
Sub-Saharan Africa (IDA & IBRD countries),TSS,2007,7.03666107458216,6.78669789038244,1130543907099.9292,823564883
Sub-Saharan Africa (IDA & IBRD countries),TSS,2008,10.1291157206231,10.378524478798,1281440068651.6223,846656872
Sub-Saharan Africa (IDA & IBRD countries),TSS,2009,3.36037257272762,5.00627361534043,1224037905752.367,870347292
Sub-Saharan Africa (IDA & IBRD countries),TSS,2010,5.64097124955398,4.02202422214216,1448107365068.6628,894666657
Sub-Saharan Africa (IDA & IBRD countries),TSS,2011,9.19547306727744,5.36621092948079,1627672472377.655,919528126
Sub-Saharan Africa (IDA & IBRD countries),TSS,2012,5.61835942319506,6.58183105075141,1690475240154.749,944970310
Sub-Saharan Africa (IDA & IBRD countries),TSS,2013,3.81334835981615,4.88516387595471,1797507885741.0718,971232906
Sub-Saharan Africa (IDA & IBRD countries),TSS,2014,3.08839123897887,4.40225309243427,1874275100667.028,997961037
Sub-Saharan Africa (IDA & IBRD countries),TSS,2015,2.92789713727939,3.55075967356746,1668662993704.6562,1025251114
Sub-Saharan Africa (IDA & IBRD countries),TSS,2016,4.56511461778215,5.43051966119156,1522011045162.7805,1052824144
Sub-Saharan Africa (IDA & IBRD countries),TSS,2017,4.80529528782022,5.19795180719179,1625855640496.809,1080941647
Sub-Saharan Africa (IDA & IBRD countries),TSS,2018,4.1041617498425,4.09297819300637,1780908927291.344,1109997000
Sub-Saharan Africa (IDA & IBRD countries),TSS,2019,2.70224724381033,2.83514555687506,1830460925279.6016,1139315618
Sub-Saharan Africa (IDA & IBRD countries),TSS,2020,4.28056265157745,3.48393567493204,1716220805506.5142,1169015451
Sub-Saharan Africa (IDA & IBRD countries),TSS,2021,5.63049185397639,4.61874544887136,1932765211586.671,1199011925
Sub-Saharan Africa (IDA & IBRD countries),TSS,2022,8.29018747603367,9.39383877456591,2061102939319.2312,1229208573
Sub-Saharan Africa (IDA & IBRD countries),TSS,2023,4.73199714247384,6.34221743124953,2032749202553.06,1259889959
,TSS,2024,,,,1291044964
Trinidad and Tobago,TTO,1980,22.7370409761982,17.4703042795772,6235833333.333334,1121744
Trinidad and Tobago,TTO,1981,7.21981445159872,14.3318866009395,6992083333.333334,1135132
Trinidad and Tobago,TTO,1982,12.1619468015049,11.6347629431673,8140416666.666667,1147927
Trinidad and Tobago,TTO,1983,6.3246727796258,15.1749999993332,7763750000.0,1160534
Trinidad and Tobago,TTO,1984,6.01070714102359,13.3347804066324,7757083333.333334,1172984
Trinidad and Tobago,TTO,1985,1.23759805904599,7.62257405520196,7375918367.346938,1187366
Trinidad and Tobago,TTO,1986,-1.24966910644881,7.69367659323135,4794444444.444445,1203124
Trinidad and Tobago,TTO,1987,4.85267158195875,10.7518589920742,4797777777.777778,1217364
Trinidad and Tobago,TTO,1988,4.15797138177156,7.75849206743917,4496852073.468963,1230069
Trinidad and Tobago,TTO,1989,7.1840103131335,11.4321318133567,4323058823.529411,1241600
Trinidad and Tobago,TTO,1990,15.4888864078281,11.0644257703083,5068000000.0,1252208
Trinidad and Tobago,TTO,1991,1.57239169096131,3.78310214375795,5307905882.3529415,1262171
Trinidad and Tobago,TTO,1992,-6.9148572793612,6.43985419198061,5439552941.176471,1271674
Trinidad and Tobago,TTO,1993,8.81178502260418,10.835235920852,4669488516.37981,1280466
Trinidad and Tobago,TTO,1994,13.2678024515459,8.81469401768106,4947205860.014515,1288341
Trinidad and Tobago,TTO,1995,4.16928787404554,5.18220539517274,5329214163.220015,1295169
Trinidad and Tobago,TTO,1996,1.84954320173001,3.40457442819624,5759537726.266007,1300928
Trinidad and Tobago,TTO,1997,-3.54356763782603,3.62607875843081,5737751331.6377945,1305836
Trinidad and Tobago,TTO,1998,-1.85648387898057,5.61270907691201,6043694330.21609,1310225
Trinidad and Tobago,TTO,1999,4.30318181247706,3.43913590881996,6808982520.757593,1314708
Trinidad and Tobago,TTO,2000,12.0431530642792,3.55541319666877,8154338232.959776,1319774
Trinidad and Tobago,TTO,2001,2.79394763478622,5.536653263223,8824873259.321054,1325567
Trinidad and Tobago,TTO,2002,-5.19253491668657,4.1500586166472,9008273720.933954,1332011
Trinidad and Tobago,TTO,2003,10.4785614283141,3.8111062439687,11305459802.068275,1338709
Trinidad and Tobago,TTO,2004,8.88422470453017,3.72154938995965,13280275123.035402,1345380
Trinidad and Tobago,TTO,2005,13.3214257161692,6.87453459583516,15982282462.378565,1294494
Trinidad and Tobago,TTO,2006,1.72921265884327,8.32960351465347,18369361094.388645,1297944
Trinidad and Tobago,TTO,2007,12.7518502876051,7.89438834757299,21641620049.93521,1303188
Trinidad and Tobago,TTO,2008,23.792521003189,12.0303445477177,27871587349.541267,1308587
Trinidad and Tobago,TTO,2009,-27.6317920499278,6.97808725251547,19172165225.50151,1310106
Trinidad and Tobago,TTO,2010,12.7333361257462,10.5492003179988,22157948396.20422,1317714
Trinidad and Tobago,TTO,2011,15.7297032514581,5.1071328926456,25433011405.30167,1328019
Trinidad and Tobago,TTO,2012,0.344697728081428,9.26028137068292,27334581560.283688,1335194
Trinidad and Tobago,TTO,2013,1.65391111573305,5.19981740465611,28709988700.2142,1340557
Trinidad and Tobago,TTO,2014,-0.916060796862865,5.68441814595659,29699968760.72777,1345343
Trinidad and Tobago,TTO,2015,-8.73361424910222,4.66121598098264,27026080986.578026,1349667
Trinidad and Tobago,TTO,2016,-0.741516049133921,3.07066742464024,23713671528.142097,1353895
Trinidad and Tobago,TTO,2017,8.21366055257951,1.88038440183532,24040299977.87448,1356633
Trinidad and Tobago,TTO,2018,2.68705726829177,1.01856930188822,24569079488.391327,1359193
Trinidad and Tobago,TTO,2019,-3.81228212859769,1.00054293027237,23775754304.665176,1363985
Trinidad and Tobago,TTO,2020,-3.79188317365001,0.598986330824643,20807571314.304337,1366725
Trinidad and Tobago,TTO,2021,19.0933595979048,2.05922746915458,24496505940.66731,1367558
Trinidad and Tobago,TTO,2022,20.8145233815985,5.82838638517959,30053575132.14196,1365805
Trinidad and Tobago,TTO,2023,-10.183883266448,4.62930242419968,28139944790.291103,1367510
,TTO,2024,,0.526884625776839,,1368333
Tunisia,TUN,1980,12.7987624458011,,8744134354.161522,6606195
Tunisia,TUN,1981,11.4107480094767,,8428445294.084292,6758284
Tunisia,TUN,1982,16.0076605170415,,8133580051.70251,6908642
Tunisia,TUN,1983,12.7007164005817,,8350582747.835413,7053800
Tunisia,TUN,1984,6.9812027481691,8.9000000000001,8254541194.825658,7220044
Tunisia,TUN,1985,3.59712104139886,7.25436179981635,8410226052.611397,7409903
Tunisia,TUN,1986,3.52266784764339,6.16438356164371,9017806654.416904,7600301
Tunisia,TUN,1987,5.17071147982769,8.2258064516129,9696715910.70907,7789987
Tunisia,TUN,1988,7.7041939592454,7.19696969696955,10096245762.435242,7974440
Tunisia,TUN,1989,8.82928330730503,7.74088603961336,10101851744.562693,8151660
Tunisia,TUN,1990,4.47650447770722,6.54529307282414,12290568181.818182,8324509
Tunisia,TUN,1991,7.03680208904586,8.19371509544085,13074782608.695652,8501827
Tunisia,TUN,1992,5.69154486496357,5.82434514637906,15496708060.41837,8682512
Tunisia,TUN,1993,4.69134337171741,3.9749563191613,14608335608.154287,8857910
Tunisia,TUN,1994,4.52605766638574,4.73323063996595,15633174304.090536,9018448
Tunisia,TUN,1995,5.3510954461247,6.24415028747146,18030876599.3444,9161258
Tunisia,TUN,1996,4.35659524908014,3.72514472690715,19587161806.765507,9294432
Tunisia,TUN,1997,14.1253365327371,3.65202620723071,20746210353.844982,9421270
Tunisia,TUN,1998,3.27167597647902,3.12536579655862,21802893587.125957,9541667
Tunisia,TUN,1999,3.36141895778627,2.6901248581158,22943202174.966805,9655963
Tunisia,TUN,2000,3.28357941152886,2.96230794738605,21473528160.77824,9764935
Tunisia,TUN,2001,3.91357764557321,1.98333333333337,22065832448.86228,9869677
Tunisia,TUN,2002,2.28480283262084,2.72103284850455,23141616604.5242,9971515
Tunisia,TUN,2003,2.68475626739917,2.71259247474352,27453902261.462925,10071632
Tunisia,TUN,2004,3.35160946012441,3.63228004956625,31183885241.439552,10166163
Tunisia,TUN,2005,4.17583607671025,2.01778641357144,32272186694.80428,10255472
Tunisia,TUN,2006,3.83382638659022,3.22525337438917,34376664600.589775,10346410
Tunisia,TUN,2007,2.12647656280636,2.96694432477349,38915353866.75699,10441702
Tunisia,TUN,2008,6.34032425229705,4.34502807623045,44859439902.21906,10542635
Tunisia,TUN,2009,3.02304497058495,3.66490330642919,43455740497.30611,10650681
Tunisia,TUN,2010,9.46502454900151,3.33897963601069,46206091937.96283,10765980
Tunisia,TUN,2011,4.57111406039029,3.24002842009531,48123325825.07389,10886035
Tunisia,TUN,2012,4.66181078103054,4.6118443220664,47311401812.67335,11009647
Tunisia,TUN,2013,4.50027018979038,5.31623531326689,48685446413.95297,11141361
Tunisia,TUN,2014,4.66466047449812,4.62555099534031,50271812920.612015,11274288
Tunisia,TUN,2015,4.2138400764201,4.437371273215,45779494041.92953,11402264
Tunisia,TUN,2016,4.93496360110481,3.62939937384381,44360072680.44765,11528674
Tunisia,TUN,2017,4.71388569389377,5.30884839565844,42163530590.9462,11650498
Tunisia,TUN,2018,7.92466367014788,7.30759176031652,42686580020.83218,11765514
Tunisia,TUN,2019,7.13521222424285,6.72007532863799,41905540184.42405,11875081
Tunisia,TUN,2020,6.80569317573834,5.63415115897625,42491816475.71184,11974057
Tunisia,TUN,2021,4.51678033390613,5.706350208307,46812290143.34397,12048622
Tunisia,TUN,2022,3.05495595357709,8.30646124447623,44579761022.89928,12119334
Tunisia,TUN,2023,8.88763642233521,9.32899597507865,48529595416.65326,12200431
,TUN,2024,,7.20661657168794,,12277109
Turkiye,TUR,1980,93.0032247916414,94.2608598807591,68823684210.5263,45408815
Turkiye,TUR,1981,44.0570704966979,37.6147825797716,71180180180.18018,46321190
Turkiye,TUR,1982,28.2268344007077,29.1375145022677,64369325153.37423,47322096
Turkiye,TUR,1983,26.2582454161426,31.3902710198445,61803555555.55556,48447410
Turkiye,TUR,1984,48.2368326072076,48.3923231346863,59937602179.83652,49574069
Turkiye,TUR,1985,53.054476874505,44.9617301528779,67232758620.68965,50687115
Turkiye,TUR,1986,36.0068855504432,34.6100759738745,75673037037.03703,51777772
Turkiye,TUR,1987,33.6122290331458,38.8558434758408,87190081680.28004,52843670
Turkiye,TUR,1988,69.0181311101417,68.8096433837049,90875175808.72012,53909626
Turkiye,TUR,1989,75.4048306122696,63.2725524930958,107127191328.93497,54976723
Turkiye,TUR,1990,58.2443981066746,60.3038691346446,150655500191.6443,56015628
Turkiye,TUR,1991,59.1641068909336,65.9785679918951,151034731543.62415,57009887
Turkiye,TUR,1992,65.1994382769795,70.0761038690372,159104772991.851,57990118
Turkiye,TUR,1993,68.3794283559812,66.0938429820006,180415757851.61584,58999167
Turkiye,TUR,1994,104.749137215122,105.214986469202,130650447499.07124,60033836
Turkiye,TUR,1995,86.007542441817,89.11331722485,169319579016.25043,61024503
Turkiye,TUR,1996,77.223512216706,80.4121511388042,181464408820.09705,61951134
Turkiye,TUR,1997,81.4548625820616,85.669361649978,189878399894.64328,62852966
Turkiye,TUR,1998,143.639661614673,84.6413434846315,275941990764.17975,63734383
Turkiye,TUR,1999,54.2799583040521,64.8674876350757,256395932738.4349,64591923
Turkiye,TUR,2000,49.3607762430324,54.9153705812683,274294623164.04333,65425961
Turkiye,TUR,2001,52.9797606802043,54.4001887619075,201753123806.69525,66245128
Turkiye,TUR,2002,37.5748208317121,44.9641209479849,240249071871.10623,67048795
Turkiye,TUR,2003,23.2892809893822,21.6024384490572,314595572145.76733,67831730
Turkiye,TUR,2004,12.427511075424,8.59826168115272,408865430220.331,68592617
Turkiye,TUR,2005,7.08541612916396,8.17916036802002,506314717661.65546,69329557
Turkiye,TUR,2006,9.37620636352707,9.59724212288432,557076157773.4795,70045349
Turkiye,TUR,2007,6.1997582025374,8.75618090972639,681321124295.9143,70158112
Turkiye,TUR,2008,12.046153593928,10.4441283764885,770449132861.373,71051678
Turkiye,TUR,2009,5.44644910319889,6.25097663090626,649289324627.7323,72039206
Turkiye,TUR,2010,7.00928360259741,8.56644420552976,776967266305.5303,73142150
Turkiye,TUR,2011,8.20084709330651,6.471879671151,838785289694.35,74223629
Turkiye,TUR,2012,7.42267328660553,8.89156996512163,880555885492.2687,75175827
Turkiye,TUR,2013,6.2801096970818,7.49309030547693,957799120008.3204,76147624
Turkiye,TUR,2014,7.38951863770303,8.85457271364324,938934609296.9656,77181884
Turkiye,TUR,2015,7.84491693010263,7.67085364845877,864313810469.0094,78218479
Turkiye,TUR,2016,8.13047807814451,7.7751341532833,869682881593.0414,79277962
Turkiye,TUR,2017,10.9824216683285,11.1443110840765,858988492853.742,80312698
Turkiye,TUR,2018,16.5122765099312,16.3324638988928,778972199727.8585,81407204
Turkiye,TUR,2019,13.8677568970462,15.1768215720022,761005946788.2214,82579440
Turkiye,TUR,2020,14.7893415893496,12.2789574462574,720338498174.7438,83384680
Turkiye,TUR,2021,28.9730004765532,19.5964926913324,819865253669.6614,84147318
Turkiye,TUR,2022,96.0361986700836,72.3088359891207,907118435952.688,84979913
Turkiye,TUR,2023,68.233934158098,53.8594087593315,1108022373259.511,85325965
,TUR,2024,,58.5064507300343,,85518661
Tuvalu,TUV,1980,6.15525289535326,,4206128.133704736,7366
Tuvalu,TUV,1981,6.1406859937596,,4773017.531638222,7526
Tuvalu,TUV,1982,8.11308950866379,,4118945.161646254,7664
Tuvalu,TUV,1983,9.07121236790775,,4152550.304164717,7789
Tuvalu,TUV,1984,3.79517068985787,,4481977.902553885,7902
Tuvalu,TUV,1985,3.6601992108485,,3862851.8831019406,8046
Tuvalu,TUV,1986,5.93828160766053,,4574706.211527701,8217
Tuvalu,TUV,1987,3.34257788334318,,5020513.499205928,8371
Tuvalu,TUV,1988,6.45370516777346,,7011059.371362042,8518
Tuvalu,TUV,1989,9.89266872902579,,8454523.247292565,8662
Tuvalu,TUV,1990,2.04941878460987,,9542900.901365044,8798
Tuvalu,TUV,1991,2.64307163479893,,10127313.913235849,8928
Tuvalu,TUV,1992,7.34406692918725,,10535028.14236866,9038
Tuvalu,TUV,1993,2.54643474492336,,10414399.956479164,9126
Tuvalu,TUV,1994,-4.66491334138077,,11772610.657934085,9207
Tuvalu,TUV,1995,5.15041470927051,,11922614.198466606,9280
Tuvalu,TUV,1996,12.6922634550864,,13338597.330073724,9342
Tuvalu,TUV,1997,-1.30535237376276,,13734210.09663198,9400
Tuvalu,TUV,1998,2.74064672352952,,13795146.209263816,9451
Tuvalu,TUV,1999,6.12145266042883,,14800503.258274728,9496
Tuvalu,TUV,2000,14.4533616980466,,15073975.534937706,9544
Tuvalu,TUV,2001,3.84615384615385,,13964732.327114029,9586
Tuvalu,TUV,2002,4.83091787439614,,16842672.59528742,9623
Tuvalu,TUV,2003,1.17302052785921,,19456338.031822786,9695
Tuvalu,TUV,2004,5.73643410852713,,22798274.979555093,9816
Tuvalu,TUV,2005,1.49488591660112,,22909979.81630778,9940
Tuvalu,TUV,2006,4.12698412698414,,24096875.463582467,10056
Tuvalu,TUV,2007,-0.833333333333329,,28450168.69276496,10182
Tuvalu,TUV,2008,4.77941176470587,,31874434.857881963,10321
Tuvalu,TUV,2009,1.05263157894737,,28076983.9703819,10461
Tuvalu,TUV,2010,-0.568181818181813,,32105408.47711205,10614
Tuvalu,TUV,2011,1.64133738601822,0.5005807431527,39196957.4908996,10780
Tuvalu,TUV,2012,2.17391304347827,,39345579.47237578,10934
Tuvalu,TUV,2013,0.877192982456165,,38615890.63207455,11001
Tuvalu,TUV,2014,7.5,,38760982.65400955,10984
Tuvalu,TUV,2015,3.20315928038613,,36811936.082458735,10963
Tuvalu,TUV,2016,8.16326530612245,,41629064.22323883,10930
Tuvalu,TUV,2017,2.96996222836934,,45276595.35331456,10869
Tuvalu,TUV,2018,7.29559359114998,,48015259.87513561,10751
Tuvalu,TUV,2019,6.43874385090449,,54123198.5662913,10581
Tuvalu,TUV,2020,0.890825244312992,,51746594.31485426,10399
Tuvalu,TUV,2021,4.68476572711678,,60196405.71383929,10194
Tuvalu,TUV,2022,5.54755647980927,,59065982.08736571,9992
Tuvalu,TUV,2023,6.0040987048763,,62280311.58521716,9816
,TUV,2024,,,,9646
Tanzania,TZA,1980,12.9883197516404,30.197300103842,11409228086.757168,19189769
Tanzania,TZA,1981,17.7343913738496,25.6500239272612,13161540377.601131,19784703
Tanzania,TZA,1982,19.0193132868659,28.9323346451693,13927383239.779364,20398571
Tanzania,TZA,1983,21.5715014720727,27.0559275305238,14049883808.98596,21079874
Tanzania,TZA,1984,20.4435259631883,36.1459415056028,12906635133.152544,21779066
Tanzania,TZA,1985,34.025414192289,33.2821038251368,15328295175.410576,22501693
Tanzania,TZA,1986,25.4601393713035,32.4322015801837,10840864521.245523,23258959
Tanzania,TZA,1987,35.3475693754848,29.9493695378761,7824193222.115487,24030378
Tanzania,TZA,1988,36.3742899772871,31.1867182846932,7406614407.458849,24769686
Tanzania,TZA,1989,20.600743960078,25.8498382611657,6418799006.801046,25438759
Tanzania,TZA,1990,22.4491856838903,35.8267716535433,6184384225.025945,26110207
Tanzania,TZA,1991,28.1126043575673,28.695652173913,7197768158.583471,26780436
Tanzania,TZA,1992,25.3754811221571,21.8468468468473,6681997469.312918,27457588
Tanzania,TZA,1993,24.4619863302073,25.277264325323,6182872707.825234,28332692
Tanzania,TZA,1994,31.169954274434,34.0833640722984,6550480483.938498,29442356
Tanzania,TZA,1995,26.8619513563324,27.4277854195323,7631431840.499919,30383497
Tanzania,TZA,1996,19.3136558404147,20.9772596430629,9433528150.36609,30945762
Tanzania,TZA,1997,20.5872321472553,16.0906549283201,11158197941.915222,31578089
Tanzania,TZA,1998,14.2221136262033,12.7997540479609,12172790056.373257,32420458
Tanzania,TZA,1999,11.5400000000194,7.89043336058877,12704334195.815088,33300330
Tanzania,TZA,2000,8.20110424713742,5.92396109637479,13371767081.742811,34260139
Tanzania,TZA,2001,4.81596921527445,5.14746800222618,13563990022.364098,35198299
Tanzania,TZA,2002,7.2330306793359,5.31783366118203,14129651895.69114,36121304
Tanzania,TZA,2003,8.41868264342142,5.30356621509782,15211487708.76844,37089555
Tanzania,TZA,2004,6.88562313045458,4.73580143949058,16673062473.398092,38109668
Tanzania,TZA,2005,6.42620252324851,5.03457009267163,18395383647.497456,39182076
Tanzania,TZA,2006,5.51009528749724,7.25097262082546,18619859795.28524,40294902
Tanzania,TZA,2007,9.09938952758738,7.02551436974771,21860434823.480766,41435512
Tanzania,TZA,2008,16.3807546294266,10.2783937621135,27947821397.927227,42570728
Tanzania,TZA,2009,9.04166245405979,12.1422278742988,29400573553.60746,43633982
Tanzania,TZA,2010,9.42871625296149,6.20015595647403,32012892919.369995,44758488
Tanzania,TZA,2011,12.1984228784034,12.6909694699162,34657140096.4836,46029367
Tanzania,TZA,2012,10.4838939974038,16.0010938506338,39650394362.92873,47374260
Tanzania,TZA,2013,9.66618357795825,7.87072364573959,45648857242.315,48824128
Tanzania,TZA,2014,6.05084588935551,6.13161432988012,49986726460.68049,50351512
Tanzania,TZA,2015,7.59136402332241,5.58816952959298,47413919817.12405,52020962
Tanzania,TZA,2016,7.47203366759727,5.17476629301493,49774409374.453766,53824013
Tanzania,TZA,2017,2.63812393333545,5.31871605228931,53274884532.78861,55652890
Tanzania,TZA,2018,3.04136223867999,3.49445848856181,57003712892.08581,57437145
Tanzania,TZA,2019,2.2804089300173,3.4642805799902,61026731925.92128,59174891
Tanzania,TZA,2020,6.42301399038681,3.29029062798325,66068737786.06392,60972798
Tanzania,TZA,2021,2.67430327389397,3.69091958802199,70655628147.89859,62830412
Tanzania,TZA,2022,2.76261483337198,4.35027204269101,75769974505.01057,64711821
Tanzania,TZA,2023,2.74821189393757,3.79923291384916,79158286333.52399,66617606
,TZA,2024,,3.05694676312373,,68560157
,UGA,1980,,,1244610000.0,13275741
,UGA,1981,,,1337300000.0,13556452
,UGA,1982,,,2177500000.0,13873631
Uganda,UGA,1983,45.9444926023523,,2240333333.333333,14221881
Uganda,UGA,1984,25.2768096195851,,3615647477.054337,14607677
Uganda,UGA,1985,120.335946714458,,3519695443.525158,15023681
Uganda,UGA,1986,137.280875148514,,3923244049.957956,15467579
Uganda,UGA,1987,180.988011722353,,6269522042.115557,15954170
Uganda,UGA,1988,189.975114519253,,6508931651.666667,16470483
Uganda,UGA,1989,115.446731043868,,5276480799.338676,17010698
Uganda,UGA,1990,44.3800896723577,,4304399310.30967,17569897
Uganda,UGA,1991,26.0193366992486,,3321729159.622774,18155901
Uganda,UGA,1992,45.0680290895542,,2857457761.909216,18785032
Uganda,UGA,1993,30.1368714509449,,3220439044.1894865,19445161
Uganda,UGA,1994,6.84849755188941,10.0367598792175,3990430446.71216,20108801
Uganda,UGA,1995,9.37643763633046,6.55014018970371,5755818842.492457,20665667
Uganda,UGA,1996,4.57248128243326,7.19164660433344,6044585326.938001,21231550
Uganda,UGA,1997,3.09526851918858,8.16902144106963,6269333313.171083,21856046
Uganda,UGA,1998,8.78570685152494,0.0688041719983172,6584815846.527538,22515806
Uganda,UGA,1999,-0.113130550582341,5.77736898687895,5998563257.946589,23257281
Uganda,UGA,2000,11.1173058824862,3.39202158512998,6193246837.096873,24000150
Uganda,UGA,2001,4.53447581165479,1.86512524084773,5840503868.515731,24745676
Uganda,UGA,2002,-3.1695563374238,-0.287508511765196,6178563591.120514,25532870
Uganda,UGA,2003,7.8067408729751,8.68047651566884,6606884275.23087,26352124
Uganda,UGA,2004,15.5875499834451,3.72128743978228,7939487547.773837,27154515
Uganda,UGA,2005,-1.74118529180637,8.44872642299532,9239221763.057926,27963289
Uganda,UGA,2006,2.40562021541911,7.31067613561864,9977647682.969542,28794003
Uganda,UGA,2007,7.32124731768336,6.1385108328505,11902564494.883345,29653430
Uganda,UGA,2008,6.36427654779246,12.0508555482886,14440404132.204687,30539553
Uganda,UGA,2009,85.3532752350575,13.0172561889185,25127805566.65837,31451151
Uganda,UGA,2010,5.63761163813462,3.97655288478168,26673441430.78569,32390802
Uganda,UGA,2011,9.39165549203732,16.5643496174515,27871725241.4723,33354543
Uganda,UGA,2012,3.83745560625658,12.6790377224659,27305915910.78771,34337438
Uganda,UGA,2013,3.58690582613154,4.90520875694557,28915786516.61233,35337042
Uganda,UGA,2014,5.10630732385718,3.07570668958641,32612397257.44579,36395539
Uganda,UGA,2015,5.18785986456285,5.58968606251725,32387183730.10015,37531446
Uganda,UGA,2016,4.78100029080551,5.70637504616212,29203988696.26261,38799152
Uganda,UGA,2017,4.64905081962502,5.20971705914209,30744473841.42399,40177388
Uganda,UGA,2018,4.44338527166425,2.61601190952274,32927025619.679543,41565831
Uganda,UGA,2019,3.00001181631713,2.867588034469,35348155095.421455,42999637
Uganda,UGA,2020,2.72148444149991,3.31332289544502,37600368239.882416,44457152
Uganda,UGA,2021,2.54511929619305,2.20457204757414,40529788744.05949,45910930
Uganda,UGA,2022,4.92228673099149,7.1957888597581,45565333216.41416,47312719
Uganda,UGA,2023,6.74801516641013,5.35094804280395,49272882213.623,48656601
,UGA,2024,,3.3233806708656,,50015092
,UKR,1980,,,,49955152
,UKR,1981,,,,50189281
,UKR,1982,,,,50402724
,UKR,1983,,,,50637029
,UKR,1984,,,,50887599
,UKR,1985,,,,51108770
,UKR,1986,,,,51318745
,UKR,1987,,,64904761904.76191,51515732
Ukraine,UKR,1988,1.71812831864311,,74842105263.1579,51724853
Ukraine,UKR,1989,3.84709320994432,,80731578947.36842,51917817
Ukraine,UKR,1990,16.2490856973604,,79523809523.80952,52054092
Ukraine,UKR,1991,96.1028654623425,,76666666666.66667,52170961
Ukraine,UKR,1992,1768.23262154427,,73906020558.00294,52323671
Ukraine,UKR,1993,3333.58542243342,4734.91434744585,65648189143.71736,52350126
Ukraine,UKR,1994,952.995953408471,891.187748133705,52549580264.80642,52075998
Ukraine,UKR,1995,415.809881576547,376.746174768209,48213856468.571815,51665539
Ukraine,UKR,1996,66.1456615578695,80.3255014551742,44558831005.062126,51226109
Ukraine,UKR,1997,18.0737954563027,15.940599414943,50151531591.73168,50786885
Ukraine,UKR,1998,12.0120177685888,10.5771611482514,41882523345.18044,50379731
Ukraine,UKR,1999,27.3999267140709,22.6836718061345,31580639553.82983,49976446
Ukraine,UKR,2000,27.5014120289019,28.2030972388552,32375083934.82412,49556660
Ukraine,UKR,2001,10.200915874305,11.9588085390459,39309580983.228165,49106855
Ukraine,UKR,2002,5.25374127819229,0.75742084639286,43956163612.04328,48677281
Ukraine,UKR,2003,8.16433975330762,5.17967781908315,52010355753.04612,48315136
Ukraine,UKR,2004,15.3107362837374,9.04806786050888,67220154164.316605,47979507
Ukraine,UKR,2005,24.0960586139239,13.5695764909248,89238865118.52626,47585556
Ukraine,UKR,2006,14.85249547084,9.05252491133248,111884752475.24751,47278694
Ukraine,UKR,2007,22.8423440433556,12.8387796190181,148733861386.1386,47062798
Ukraine,UKR,2008,29.0201144092657,25.226461707384,188110390659.5148,46819175
Ukraine,UKR,2009,12.6299289738027,15.8811924594476,121552153444.12442,46623731
Ukraine,UKR,2010,13.6732282073329,9.37293105078978,141209170427.2334,46456003
Ukraine,UKR,2011,14.1819086626365,7.95572466274652,169333835201.5541,46307853
Ukraine,UKR,2012,7.98256111045039,0.568727971803862,182591753827.9488,46210056
Ukraine,UKR,2013,4.30879343709354,-0.238948626045407,190498811460.02756,46126770
Ukraine,UKR,2014,15.9017375254406,12.0718562874251,133503871861.7233,45972380
Ukraine,UKR,2015,38.8816797571771,48.6998646434424,91030967789.07176,45784896
Ukraine,UKR,2016,17.097134924235,13.9127101997797,93355869403.92232,45616832
Ukraine,UKR,2017,22.0983174978017,14.4383227488749,112090505081.73862,45436041
Ukraine,UKR,2018,15.3985303493458,10.9518559353178,130891088293.55,45208907
Ukraine,UKR,2019,8.24622626771318,7.88671745611133,153883047509.57697,44957458
Ukraine,UKR,2020,10.2949601365333,2.73249209419427,156617722013.3422,44680014
Ukraine,UKR,2021,24.8047567705188,9.36313917695223,199765859570.9353,44298640
Ukraine,UKR,2022,34.9152851391436,20.1836366617478,161989520721.1905,41048766
Ukraine,UKR,2023,18.4804556382296,12.8490222828559,178757021386.80896,37732836
,UKR,2024,,6.50198464669254,,37860221
Upper middle income,UMC,1980,17.7998576349561,18.0354301616893,1539974154699.526,1759188322
Upper middle income,UMC,1981,8.46026531041193,14.2547798730487,1661836364291.4482,1789774534
Upper middle income,UMC,1982,7.37566728984906,9.85211640458146,1593842541821.0935,1822722888
Upper middle income,UMC,1983,7.13811511682935,10.5411737152167,1644700879324.2395,1855424369
Upper middle income,UMC,1984,8.5221700989364,9.51625193285453,1749282912779.5657,1887255119
Upper middle income,UMC,1985,7.06278616655511,10.674120014283,1784089666540.5269,1919685969
Upper middle income,UMC,1986,4.62629172702368,10.9183887271061,1778540224527.5476,1953571641
Upper middle income,UMC,1987,9.12098419415883,9.27865613161588,1763317594048.9663,1988890401
Upper middle income,UMC,1988,7.47856247739051,9.15931413351059,1899577323156.4924,2024305816
Upper middle income,UMC,1989,8.50493838061991,11.3871321997957,2009481110611.3733,2059000415
Upper middle income,UMC,1990,10.4680787736351,11.3963461199556,2334186272700.9253,2092646700
Upper middle income,UMC,1991,23.7132575125834,14.55817595445,2258542206521.131,2124538033
Upper middle income,UMC,1992,14.0829206349286,11.2144813801987,2440011207573.497,2154585863
Upper middle income,UMC,1993,13.6244246595528,14.4704409861245,2768805973479.5527,2182939692
Upper middle income,UMC,1994,20.6169888119177,22.5650526933696,3116052898486.7207,2210505244
Upper middle income,UMC,1995,10.8383194557783,13.4254143646407,3534597890931.4165,2237605345
Upper middle income,UMC,1996,10.2476573329036,9.79968339016083,3909355749304.299,2264443158
Upper middle income,UMC,1997,7.05967193842537,7.14511160883929,4161876973657.952,2290953835
Upper middle income,UMC,1998,5.66284472304086,6.88054521037351,4108607605299.466,2316706589
Upper middle income,UMC,1999,6.91606081241565,5.18148905111697,3999785080973.845,2341274091
Upper middle income,UMC,2000,9.38971354763002,4.97896213183735,4372322368009.9097,2365022283
Upper middle income,UMC,2001,6.119229850114,6.27736020484006,4374275436517.7417,2387807616
Upper middle income,UMC,2002,5.5023241130699,5.30124390261593,4406150082412.212,2409341702
Upper middle income,UMC,2003,5.62319259054456,5.12899499422417,4912292057325.603,2430373908
Upper middle income,UMC,2004,7.7652785346058,4.71037060105879,5795163605374.284,2451601935
Upper middle income,UMC,2005,7.02679084259007,4.69094870903769,6887893992464.026,2472862826
Upper middle income,UMC,2006,8.84819293265961,4.41589984169561,8120870119143.412,2493333038
Upper middle income,UMC,2007,7.06342171694234,5.84224874901387,9979459027920.7,2512165159
Upper middle income,UMC,2008,9.4074918223814,9.73228317146883,12067662380054.367,2532345548
Upper middle income,UMC,2009,2.2886520447835,2.936231535967,11970996675669.035,2553016162
Upper middle income,UMC,2010,6.26041691056771,3.91106195534028,14630255984971.008,2573477299
Upper middle income,UMC,2011,6.86607781635307,5.67533350732013,17496066354586.074,2594753350
Upper middle income,UMC,2012,4.10537097679503,3.78180754679678,18674953139164.668,2618393970
Upper middle income,UMC,2013,2.7873578090036,2.76789666082002,19833760666069.465,2642487513
Upper middle income,UMC,2014,2.44995393434078,3.14299050879095,20590348415303.805,2665669456
Upper middle income,UMC,2015,2.225597196259,2.72064064964023,19827996310186.027,2687902951
Upper middle income,UMC,2016,2.84037333962361,2.10670712784054,19905034053844.01,2709372162
Upper middle income,UMC,2017,3.72517272790744,3.3475783475784,21837271216675.94,2731150081
Upper middle income,UMC,2018,3.38351570970698,2.83014934367364,23304307154243.176,2751574852
Upper middle income,UMC,2019,2.42928788594818,2.0239072819035,23700366929893.363,2769964564
Upper middle income,UMC,2020,1.37769394521326,1.8903591682421,22969949394569.816,2784871872
Upper middle income,UMC,2021,6.46020956710567,4.02852888157383,27373038582479.29,2796004294
Upper middle income,UMC,2022,9.56630364653237,8.64091108973855,28567593041349.32,2803106334
Upper middle income,UMC,2023,4.56377769107739,4.97246170941296,29403677430761.277,2809097616
,UMC,2024,,,,2817912698
Uruguay,URY,1980,54.7627009793287,63.4758304314673,10162460046.291197,2951953
Uruguay,URY,1981,27.344599505113,34.0453358609474,11048642638.747335,2963246
Uruguay,URY,1982,18.1622668925605,18.9925012952182,9179000938.424889,2975492
Uruguay,URY,1983,53.7310470710603,49.1973796505637,5102251570.863394,2988778
Uruguay,URY,1984,56.3496068277738,55.3044235418763,4850267475.354695,3002488
Uruguay,URY,1985,74.0171614543227,72.2225644287756,4732017873.383685,3017037
Uruguay,URY,1986,70.9633350849444,76.3806364119544,5880112788.409472,3032845
Uruguay,URY,1987,72.7839912222861,63.5666624326724,7367494080.400138,3049896
Uruguay,URY,1988,74.6363917846918,62.1919564596004,8213538368.846354,3067961
Uruguay,URY,1989,76.0794661481766,80.4474367280735,8438951476.066442,3086255
Uruguay,URY,1990,106.836676498035,112.525905573023,9298807850.299791,3104403
Uruguay,URY,1991,100.808167622167,101.971683202507,11206176650.907509,3122354
Uruguay,URY,1992,59.6236226966025,68.4591938395374,12878148790.734764,3139702
Uruguay,URY,1993,47.8519288929306,54.1007924425194,15002136971.174488,3156345
Uruguay,URY,1994,38.9571823642866,44.7360421521933,17474588895.891823,3172834
Uruguay,URY,1995,41.0483268728721,42.2483197983755,19297663096.55064,3189440
Uruguay,URY,1996,26.4317377794743,28.3420486004309,20515458113.58567,3206324
Uruguay,URY,1997,27.4851660952394,19.8188093183779,23969739233.89664,3223345
Uruguay,URY,1998,12.3839054585972,10.8110703055616,25385886977.522835,3239280
Uruguay,URY,1999,3.8829960652083,5.65868803927908,23983945190.62023,3254015
Uruguay,URY,2000,3.53930849282203,4.76382472733251,22823270892.10942,3266206
Uruguay,URY,2001,4.82661833265487,4.3593406521727,20898761742.238617,3274251
Uruguay,URY,2002,12.6162766389703,13.9724725913515,13606515722.586388,3278867
Uruguay,URY,2003,16.5416351537692,19.3797301743995,12045638351.85074,3281186
Uruguay,URY,2004,10.1050559964877,9.15760507540997,13686329890.119078,3283148
Uruguay,URY,2005,0.677868373740196,4.6992773903564,17362857683.85447,3285771
Uruguay,URY,2006,7.41439912975062,6.39764974385131,19741420739.890133,3289506
Uruguay,URY,2007,10.3149681755111,8.11464561179313,23797773024.39923,3295153
Uruguay,URY,2008,8.90238857828685,7.87707374730888,31119602538.83217,3302177
Uruguay,URY,2009,8.6170745452345,7.06221874388574,32708319077.517918,3310091
Uruguay,URY,2010,5.74685698442181,6.69870886978132,41950361211.95806,3318580
Uruguay,URY,2011,9.87542024568336,8.0928320630299,50342406067.07767,3326825
Uruguay,URY,2012,9.41291247372213,8.09776580573602,54232266358.78108,3335401
Uruguay,URY,2013,8.99924666884517,8.57513504005397,61337621933.78566,3345337
Uruguay,URY,2014,10.2206566034525,8.87735333229828,61496186973.90199,3356334
Uruguay,URY,2015,9.85542032172539,8.66626987079328,57680327998.66888,3368017
Uruguay,URY,2016,8.16545835238871,9.6394134763508,57480788380.31204,3379283
Uruguay,URY,2017,5.68017140929055,6.2180938256186,65006047680.322495,3388438
Uruguay,URY,2018,7.52556005706775,7.60653360377047,65344408987.19647,3394534
Uruguay,URY,2019,8.25633406013463,7.88198870879619,62222387928.99324,3397206
Uruguay,URY,2020,10.9766432085298,9.75640636078194,53668636567.86667,3398968
Uruguay,URY,2021,11.1806219609622,7.74791402314762,60760798595.54362,3396695
Uruguay,URY,2022,4.24465355140362,9.10437983075437,70164683290.37762,3390913
Uruguay,URY,2023,3.4309701895517,5.86910359896119,77240831587.16696,3388081
,URY,2024,,4.84914366613156,,3386588
United States,USA,1980,9.03310538792248,13.5492019749684,2857307000000.0,227225000
United States,USA,1981,9.46216408749201,10.3347153402771,3207041000000.0,229466000
United States,USA,1982,6.17840414954172,6.13142700027493,3343789000000.0,231664000
United States,USA,1983,3.91690878504356,3.21243523316065,3634038000000.0,233792000
United States,USA,1984,3.60787931289983,4.30053547523429,4037613000000.0,235825000
United States,USA,1985,3.16252525583639,3.54564415209365,4338979000000.0,237924000
United States,USA,1986,2.01389253563396,1.89804772234276,4579631000000.0,240133000
United States,USA,1987,2.47738846679574,3.6645632175169,4855215000000.0,242289000
United States,USA,1988,3.52749985937888,4.07774110744413,5236438000000.0,244499000
United States,USA,1989,3.92075948089523,4.82700303008944,5641580000000.0,246819000
United States,USA,1990,3.74332909937958,5.39795643990325,5963144000000.0,249623000
United States,USA,1991,3.3818113361103,4.23496396453849,6158129000000.0,252981000
United States,USA,1992,2.27885434592147,3.02881967814969,6520327000000.0,256514000
United States,USA,1993,2.37032483639894,2.95165696638559,6858559000000.0,259919000
United States,USA,1994,2.13519841812374,2.60744159215453,7287236000000.0,263126000
United States,USA,1995,2.09668848657614,2.80541968853662,7639749000000.0,266278000
United States,USA,1996,1.83076455933455,2.93120419993441,8073122000000.0,269394000
United States,USA,1997,1.72444795356148,2.33768993730735,8577552000000.0,272657000
United States,USA,1998,1.12386562495534,1.55227909874364,9062817000000.0,275854000
United States,USA,1999,1.41509811709537,2.18802719697358,9631172000000.0,279040000
United States,USA,2000,2.26519517669861,3.37685727149929,10250952000000.0,282162411
United States,USA,2001,2.25168991597403,2.82617111885407,10581929000000.0,284968955
United States,USA,2002,1.55399465961345,1.58603162650601,10929108000000.0,287625193
United States,USA,2003,1.9743147047601,2.27009497336115,11456450000000.0,290107933
United States,USA,2004,2.68908760322005,2.67723669309172,12217196000000.0,292805298
United States,USA,2005,3.13545455674655,3.3927468454955,13039197000000.0,295516599
United States,USA,2006,3.08383673352866,3.22594410070404,13815583000000.0,298379912
United States,USA,2007,2.70925848658695,2.85267248150138,14474228000000.0,301231207
United States,USA,2008,1.92670969899538,3.839100296651,14769862000000.0,304093966
United States,USA,2009,0.61678071512577,-0.355546266299747,14478067000000.0,306771529
United States,USA,2010,1.21528668186946,1.6400434423899,15048971000000.0,309378227
United States,USA,2011,2.06310947543149,3.156841568622,15599732000000.0,311839461
United States,USA,2012,1.8621649281277,2.06933726526067,16253970000000.0,314339099
United States,USA,2013,1.70188036067233,1.46483265562717,16880683000000.0,316726282
United States,USA,2014,1.74161805258845,1.62222297740817,17608138000000.0,319257560
United States,USA,2015,0.928042794757729,0.118627135552451,18295019000000.0,321815121
United States,USA,2016,0.950322479212474,1.26158320570536,18804913000000.0,324353340
United States,USA,2017,1.79080328489228,2.13011000365961,19612102000000.0,326608609
United States,USA,2018,2.29089027694276,2.44258329692817,20656516000000.0,328529577
United States,USA,2019,1.65046566913496,1.81221007526021,21521395000000.0,330226227
United States,USA,2020,1.32883273821459,1.23358439630629,21322950000000.0,331577720
United States,USA,2021,4.56598550261971,4.69785886363742,23594031000000.0,332099760
United States,USA,2022,7.12948085421044,8.00279982052121,25744108000000.0,334017321
United States,USA,2023,3.59839135378053,4.11633838374488,27360935000000.0,336806231
,USA,2024,,2.94952520485207,,340110988
,UZB,1980,,,,15619936
,UZB,1981,,,,16035032
,UZB,1982,,,,16462736
,UZB,1983,,,,16908400
,UZB,1984,,,,17378846
,UZB,1985,,,,17875339
,UZB,1986,,,,18395621
,UZB,1987,,,14352105263.157894,18930070
Uzbekistan,UZB,1988,-1.30707973725613,,18357500000.0,19460630
Uzbekistan,UZB,1989,1.38053329328937,,20465333333.33333,19977183
Uzbekistan,UZB,1990,3.9796893528447,,13362340337.86568,20464956
Uzbekistan,UZB,1991,90.7272799986183,,13677622222.222223,20962910
Uzbekistan,UZB,1992,712.149260299591,,12941297376.093296,21485090
Uzbekistan,UZB,1993,1078.88285465085,,13099013835.511148,21987955
Uzbekistan,UZB,1994,1238.59527057915,,12899156990.615557,22463291
Uzbekistan,UZB,1995,370.943953266935,,13350468917.411451,22917589
Uzbekistan,UZB,1996,81.5552546856372,,13948892215.568865,23351981
Uzbekistan,UZB,1997,66.0870678114849,,14744603773.584906,23758960
Uzbekistan,UZB,1998,38.9979555922978,,14988971210.838272,24134929
Uzbekistan,UZB,1999,44.1153632835812,,17078465982.028242,24476008
Uzbekistan,UZB,2000,47.2926152132159,,13760513969.314005,24787054
Uzbekistan,UZB,2001,45.2394762791821,,11401421329.197435,25090283
Uzbekistan,UZB,2002,45.4831275096349,,9687788512.801842,25399980
Uzbekistan,UZB,2003,26.7651832011081,,10134453435.46029,25711259
Uzbekistan,UZB,2004,15.918274272174,,12030023547.88069,26029350
Uzbekistan,UZB,2005,21.4308665644835,,14307509838.805326,26356975
Uzbekistan,UZB,2006,23.4658082867024,,17330833852.918976,26699043
Uzbekistan,UZB,2007,21.8970999284027,,22311393927.88172,27076008
Uzbekistan,UZB,2008,26.791584982816,,29549438883.83379,27494774
Uzbekistan,UZB,2009,17.2615651342413,,33689223673.257736,27939328
Uzbekistan,UZB,2010,48.5816899500968,,49765676402.449455,28385506
Uzbekistan,UZB,2011,21.6265099361492,13.7797446476602,60178909297.20801,28823196
Uzbekistan,UZB,2012,15.3987947017455,13.2088026688373,67517349212.06092,29261903
Uzbekistan,UZB,2013,11.9878914787951,11.8414333622049,73180037914.91043,29724065
Uzbekistan,UZB,2014,14.024917632322,9.28309356162695,80845385809.45294,30222994
Uzbekistan,UZB,2015,10.5006995149485,8.75188196737508,86196264755.31053,30749346
Uzbekistan,UZB,2016,8.93036849322681,8.130886695236,86138288644.17099,31284568
Uzbekistan,UZB,2017,33.6793703839334,13.8757425441635,62081322740.01623,31819178
Uzbekistan,UZB,2018,25.8811586348502,17.5241796514055,52870108214.67422,32373490
Uzbekistan,UZB,2019,17.5760106233835,14.5257359560687,60283503705.39067,32964701
Uzbekistan,UZB,2020,10.6103382243685,12.8677297362606,60224701296.78847,33586372
Uzbekistan,UZB,2021,13.6929732776911,10.8492397508122,69600614987.35088,34243696
Uzbekistan,UZB,2022,14.4626563512753,11.4466436998836,81140823252.41638,34938955
Uzbekistan,UZB,2023,12.6585380276262,9.95659071258018,90889149306.73126,35652307
,UZB,2024,,9.62825465956682,,36361859
St. Vincent and the Grenadines,VCT,1980,13.0535456895008,17.2074750037358,82340339.62962963,104213
St. Vincent and the Grenadines,VCT,1981,18.513116156098,12.7356566462516,102086539.25925924,105073
St. Vincent and the Grenadines,VCT,1982,6.65911947787281,7.22825662243943,113759203.33333331,105969
St. Vincent and the Grenadines,VCT,1983,5.18744451081106,5.4583879899022,122255349.62962964,106838
St. Vincent and the Grenadines,VCT,1984,3.62027229151639,2.70195563584383,135024987.77777776,107687
St. Vincent and the Grenadines,VCT,1985,1.58546235507838,2.13968510329097,145641705.18518516,108506
St. Vincent and the Grenadines,VCT,1986,4.58356265672802,1.02766798418975,160846656.66666666,109281
St. Vincent and the Grenadines,VCT,1987,8.68422935247909,3.30594679186221,175580647.4074074,110001
St. Vincent and the Grenadines,VCT,1988,0.216495435974991,0.227229691346298,200726712.59259257,110658
St. Vincent and the Grenadines,VCT,1989,5.50083765544289,2.83393160778396,214745002.2222222,111272
St. Vincent and the Grenadines,VCT,1990,7.47199044437652,7.60609957743892,240366666.66666663,111812
St. Vincent and the Grenadines,VCT,1991,4.82665635209587,5.49200387001333,254829629.6296296,112222
St. Vincent and the Grenadines,VCT,1992,2.53540643197381,3.46353042727654,277955555.5555555,112509
St. Vincent and the Grenadines,VCT,1993,-1.19518312627417,4.29137553446651,286307407.4074074,112735
St. Vincent and the Grenadines,VCT,1994,2.37029691590674,1.0089495525225,289437037.037037,112918
St. Vincent and the Grenadines,VCT,1995,1.31150699693903,1.73837289880567,316007407.4074074,113047
St. Vincent and the Grenadines,VCT,1996,3.56525876147333,4.40790113846454,331488888.8888889,113119
St. Vincent and the Grenadines,VCT,1997,1.35884176013687,0.443616029823348,347770370.3703703,113141
St. Vincent and the Grenadines,VCT,1998,3.2110019999291,2.1424064726839,373618518.5185185,113180
St. Vincent and the Grenadines,VCT,1999,1.81729585257806,1.01355044438875,390718518.5185185,113366
St. Vincent and the Grenadines,VCT,2000,7.76171479001309,0.167679637488279,427946037.037037,113545
St. Vincent and the Grenadines,VCT,2001,6.119229850114,0.9008584858665,462072333.3333333,113501
St. Vincent and the Grenadines,VCT,2002,0.206885090368885,1.85550399046655,487763851.8518518,113347
St. Vincent and the Grenadines,VCT,2003,-2.17349074233006,0.205981708824254,509090888.8888888,113141
St. Vincent and the Grenadines,VCT,2004,3.74722621391517,2.96003946719286,549900185.1851852,112835
St. Vincent and the Grenadines,VCT,2005,2.90358439275809,3.7334291646702,579948925.9259259,112450
St. Vincent and the Grenadines,VCT,2006,3.7022730777342,2.74067516070673,643501148.1481481,112014
St. Vincent and the Grenadines,VCT,2007,7.32641206478715,7.23614701584807,713596666.6666666,111531
St. Vincent and the Grenadines,VCT,2008,2.25812236304104,10.0662418245849,732663259.2592592,111028
St. Vincent and the Grenadines,VCT,2009,-1.14390723784288,0.421539125687215,714300259.2592592,110508
St. Vincent and the Grenadines,VCT,2010,5.58059737402084,0.747109026311474,720447888.8888888,109959
St. Vincent and the Grenadines,VCT,2011,-0.318904485659587,3.1860311155246,713796370.3703703,109349
St. Vincent and the Grenadines,VCT,2012,1.09274185566588,2.59844414147101,730032592.5925926,108736
St. Vincent and the Grenadines,VCT,2013,2.24218127684152,0.805127804267928,764781259.2592592,108135
St. Vincent and the Grenadines,VCT,2014,-0.444631190605605,0.193858560794015,770899999.9999999,107535
St. Vincent and the Grenadines,VCT,2015,-0.73197382986011,-1.73361194953959,786555555.5555555,106960
St. Vincent and the Grenadines,VCT,2016,-0.593519522361845,-0.149641647633284,814303703.7037036,106349
St. Vincent and the Grenadines,VCT,2017,2.17154353020716,2.15333648840511,844040740.7407407,105663
St. Vincent and the Grenadines,VCT,2018,1.54854733183845,2.32414485367921,884329629.6296296,104926
St. Vincent and the Grenadines,VCT,2019,2.31247061564642,0.91306972532459,910766666.6666666,104167
St. Vincent and the Grenadines,VCT,2020,-0.866950860241658,-0.628131309354654,869111111.111111,103526
St. Vincent and the Grenadines,VCT,2021,-0.392447955296817,1.57272932500558,872225925.9259259,102841
St. Vincent and the Grenadines,VCT,2022,3.40404091410261,5.66009779226552,966492592.5925924,102046
St. Vincent and the Grenadines,VCT,2023,4.03314414454677,4.56457719814894,1065962962.9629627,101323
,VCT,2024,,3.62770736940927,,100616
"Venezuela, RB",VEN,1980,28.0272395381624,,59116511627.906975,15258218
"Venezuela, RB",VEN,1981,12.6063759126403,,66327441860.46512,15687297
"Venezuela, RB",VEN,1982,4.28450348163129,,67736744186.04651,16121874
"Venezuela, RB",VEN,1983,3.6352565830138,,67556279069.76744,16562205
"Venezuela, RB",VEN,1984,42.5512565943692,,59867743467.93346,17008841
"Venezuela, RB",VEN,1985,10.4202108327662,,61965466666.66667,17461434
"Venezuela, RB",VEN,1986,-1.17682323994541,,60516123711.34023,17923536
"Venezuela, RB",VEN,1987,37.4445246543924,,48029034482.75862,18394963
"Venezuela, RB",VEN,1988,18.4976599733232,,60226413793.10345,18871020
"Venezuela, RB",VEN,1989,89.1631235890353,,43536709104.01149,19348921
"Venezuela, RB",VEN,1990,41.7406571272428,,48606952194.775154,19827010
"Venezuela, RB",VEN,1991,21.4496164274258,,53453444786.6256,20304896
"Venezuela, RB",VEN,1992,28.244062356827,,60416519620.0849,20780948
"Venezuela, RB",VEN,1993,31.6458241526824,,60037460783.19407,21254520
"Venezuela, RB",VEN,1994,62.8906845843899,,58418666666.66667,21725188
"Venezuela, RB",VEN,1995,51.7599018327265,,77389487770.08832,22193821
"Venezuela, RB",VEN,1996,115.524717933329,,70543211119.09897,22662113
"Venezuela, RB",VEN,1997,33.947459925683,,85837678559.83244,23131685
"Venezuela, RB",VEN,1998,18.8902867025716,,91336763255.05974,23601337
"Venezuela, RB",VEN,1999,26.1927100615555,,97972842461.51308,24066593
"Venezuela, RB",VEN,2000,29.4528251104893,,117146466002.66116,24526708
"Venezuela, RB",VEN,2001,7.99690405620458,,122911036746.7286,24979922
"Venezuela, RB",VEN,2002,33.0228760786371,,92893587733.65492,25435671
"Venezuela, RB",VEN,2003,34.9337557387369,,83620628582.10815,25892703
"Venezuela, RB",VEN,2004,33.9537243385346,,112451400424.9639,26340838
"Venezuela, RB",VEN,2005,29.6040593512976,,145513489651.87222,26785804
"Venezuela, RB",VEN,2006,17.9043155490636,,183477522123.89383,27224686
"Venezuela, RB",VEN,2007,15.4484777579669,,230364012575.687,27649363
"Venezuela, RB",VEN,2008,30.1324528534352,,315953388510.678,28053696
"Venezuela, RB",VEN,2009,7.83166636002666,27.080941446613,329787628928.4715,28438298
"Venezuela, RB",VEN,2010,45.9432686985893,28.1874647092039,393192354510.6531,28813101
"Venezuela, RB",VEN,2011,28.1491909528854,26.0902123160959,316482190800.3637,29185212
"Venezuela, RB",VEN,2012,14.0594300642861,21.0689956331876,381286237847.6675,29553826
"Venezuela, RB",VEN,2013,35.5026746348335,40.6394275161589,371005379786.5662,29912198
"Venezuela, RB",VEN,2014,40.4404901065548,62.1686499794829,482359318767.7031,30254079
,VEN,2015,,121.738085297503,,30573972
,VEN,2016,,254.948534781816,,30765720
,VEN,2017,,,,30565323
,VEN,2018,,,,29807592
,VEN,2019,,,,28938098
,VEN,2020,,,,28444077
,VEN,2021,,,,28237826
,VEN,2022,,,,28213017
,VEN,2023,,,,28300854
,VEN,2024,,,,28405543
,VGB,1980,,,,11130
,VGB,1981,,,,11479
,VGB,1982,,,,11921
,VGB,1983,,,,12370
,VGB,1984,,,,12820
,VGB,1985,,,,13269
,VGB,1986,,,,13726
,VGB,1987,,,,14194
,VGB,1988,,,,14680
,VGB,1989,,,,15180
,VGB,1990,,,,15704
,VGB,1991,,,,16187
,VGB,1992,,,,16593
,VGB,1993,,,,16989
,VGB,1994,,,,17406
,VGB,1995,,,,17840
,VGB,1996,,,,18287
,VGB,1997,,,,18756
,VGB,1998,,,,19238
,VGB,1999,,,,19730
,VGB,2000,,,,20241
,VGB,2001,,,,20796
,VGB,2002,,,,21430
,VGB,2003,,,,22134
,VGB,2004,,,,22881
,VGB,2005,,,,23665
,VGB,2006,,,,24493
,VGB,2007,,,,25366
,VGB,2008,,,,26288
,VGB,2009,,,,27218
,VGB,2010,,,,27675
,VGB,2011,,,,28710
,VGB,2012,,,,30345
,VGB,2013,,,,31703
,VGB,2014,,,,32962
,VGB,2015,,,,34498
,VGB,2016,,,,33878
,VGB,2017,,,,32699
,VGB,2018,,,,34657
,VGB,2019,,,,36395
,VGB,2020,,,,37135
,VGB,2021,,,,37809
,VGB,2022,,,,38319
,VGB,2023,,,,38985
,VGB,2024,,,,39471
,VIR,1980,,,,99636
,VIR,1981,,,,99853
,VIR,1982,,,,100068
,VIR,1983,,,,100348
,VIR,1984,,,,100600
,VIR,1985,,,,100760
,VIR,1986,,,,100842
,VIR,1987,,,,100901
,VIR,1988,,,,100952
,VIR,1989,,,,101041
,VIR,1990,,,,103963
,VIR,1991,,,,104807
,VIR,1992,,,,105712
,VIR,1993,,,,106578
,VIR,1994,,,,107318
,VIR,1995,,,,107818
,VIR,1996,,,,108095
,VIR,1997,,,,108357
,VIR,1998,,,,108537
,VIR,1999,,,,108599
,VIR,2000,,,,108642
,VIR,2001,,,,108549
,VIR,2002,,,3262000000.0,108509
Virgin Islands (U.S.),VIR,2003,5.96846393096911,,3443000000.0,108505
Virgin Islands (U.S.),VIR,2004,6.77327476185474,,3797000000.0,108466
Virgin Islands (U.S.),VIR,2005,12.6907616563095,,4428000000.0,108453
Virgin Islands (U.S.),VIR,2006,-2.16445000873266,,4484000000.0,108369
Virgin Islands (U.S.),VIR,2007,2.57652689535308,,4784000000.0,108337
Virgin Islands (U.S.),VIR,2008,-12.3556809610952,,4244000000.0,108397
Virgin Islands (U.S.),VIR,2009,5.97567704391486,,4201000000.0,108404
Virgin Islands (U.S.),VIR,2010,2.31766890279064,,4324000000.0,108357
Virgin Islands (U.S.),VIR,2011,6.3929376734505,,4223000000.0,108290
Virgin Islands (U.S.),VIR,2012,13.6632725550557,,4089000000.0,108188
Virgin Islands (U.S.),VIR,2013,-2.45302713987473,,3738000000.0,108041
Virgin Islands (U.S.),VIR,2014,-2.90516617398133,,3565000000.0,107882
Virgin Islands (U.S.),VIR,2015,3.18757755421872,,3663000000.0,107712
Virgin Islands (U.S.),VIR,2016,2.05180352239177,,3798000000.0,107516
Virgin Islands (U.S.),VIR,2017,0.634642014315531,,3794000000.0,107281
Virgin Islands (U.S.),VIR,2018,1.4937415019437,,3923000000.0,107001
Virgin Islands (U.S.),VIR,2019,2.07837613911349,,4121000000.0,106669
Virgin Islands (U.S.),VIR,2020,4.305187418871,,4189000000.0,106290
Virgin Islands (U.S.),VIR,2021,2.80323919722554,,4444000000.0,105870
Virgin Islands (U.S.),VIR,2022,5.03826726070469,,,105413
,VIR,2023,,,,104917
,VIR,2024,,,,104377
,VNM,1980,,,,52490101
,VNM,1981,,,,53738141
,VNM,1982,,,,55011289
,VNM,1983,,,,56337921
,VNM,1984,,,,57706067
,VNM,1985,,,14094687820.744488,59060622
Viet Nam,VNM,1986,398.073085600057,,26336616250.43968,60347048
Viet Nam,VNM,1987,362.556321180275,,36658108850.31485,61584651
Viet Nam,VNM,1988,411.040253311166,,25423812648.594105,62843228
Viet Nam,VNM,1989,69.6887253529435,,6293304974.594027,64147348
Viet Nam,VNM,1990,42.0950981322183,,6471740805.56984,65504552
Viet Nam,VNM,1991,72.5463845950386,,9613369520.41885,66891775
Viet Nam,VNM,1992,32.629184460634,,9866990236.435877,68260337
Viet Nam,VNM,1993,17.4149746297907,,13180953598.171597,69586384
Viet Nam,VNM,1994,16.9523160277603,,16286433533.322754,70854391
Viet Nam,VNM,1995,17.0401954191342,,20736164458.950462,72049940
Viet Nam,VNM,1996,8.69676711743546,5.67499999999994,24657470574.75013,73156447
Viet Nam,VNM,1997,6.59740478176147,3.20952606261374,26843700441.5482,74226889
Viet Nam,VNM,1998,8.83786412813899,7.2661980440096,27209602050.045223,75299660
Viet Nam,VNM,1999,5.73470282940465,4.11710235771736,28683659006.77522,76287452
Viet Nam,VNM,2000,3.40882766527606,-1.71033727851109,31172518403.316227,77154011
Viet Nam,VNM,2001,2.62226478436138,-0.43154451172818,32685198808.55485,77969361
Viet Nam,VNM,2002,4.69892816201967,3.83082838168467,35064105500.83445,78772224
Viet Nam,VNM,2003,7.10960246291481,3.23464817293927,39552513231.91688,79563777
Viet Nam,VNM,2004,8.43331213209085,7.75494748709601,45427854693.25543,80338971
Viet Nam,VNM,2005,18.8105195707697,8.28457243128677,57633255738.19916,81088313
Viet Nam,VNM,2006,8.56894797603766,7.41801715108463,66371664817.043625,82167897
Viet Nam,VNM,2007,9.63022561216118,8.34444889773837,77414425532.24516,83633375
Viet Nam,VNM,2008,22.6733161746106,23.1154483474477,99130304099.12744,85175788
Viet Nam,VNM,2009,6.21562315120568,6.71698269988629,106014659565.21388,86460018
Viet Nam,VNM,2010,42.3032672488557,9.20746648778413,147201173196.97876,87455152
Viet Nam,VNM,2011,21.4136792818177,18.6777322770707,172595049183.9247,88468314
Viet Nam,VNM,2012,9.07766069025038,9.09470339557192,195590661129.24908,89510356
Viet Nam,VNM,2013,4.03852363752276,6.59267475899192,213708811665.3404,90573104
Viet Nam,VNM,2014,3.69813796808818,4.08455446637617,233451469642.51935,91679578
Viet Nam,VNM,2015,-1.71651170749655,0.631200905175754,239258328381.7414,92823254
Viet Nam,VNM,2016,1.81953592779914,2.66824816969082,257096001177.98184,94000117
Viet Nam,VNM,2017,4.36292014766431,3.52025688811617,281353605986.90344,95176977
Viet Nam,VNM,2018,3.62664730027259,3.53962805942641,310106478394.6589,96237319
Viet Nam,VNM,2019,2.42322694229267,2.7958236745225,334365270496.66705,97173776
Viet Nam,VNM,2020,1.46747814810814,3.22093436652514,346615738537.7963,98079191
Viet Nam,VNM,2021,2.88076792900642,1.83471554810444,366474752771.0093,98935098
Viet Nam,VNM,2022,4.05124231712631,3.15650749963129,410324028883.32526,99680655
Viet Nam,VNM,2023,1.90623130183931,3.25289282667662,429716969049.5928,100352192
,VNM,2024,,3.62109273885843,,100987686
Vanuatu,VUT,1980,13.9126652281184,11.2401493156364,121185497.5692614,115660
Vanuatu,VUT,1981,15.6822200765438,26.8456375838928,113781795.82356022,118249
Vanuatu,VUT,1982,8.09697231319497,6.67254556143448,114501912.52286711,121035
Vanuatu,VUT,1983,2.79760388710886,1.65334802976032,117389554.19140583,123998
Vanuatu,VUT,1984,12.1662231333461,5.5164001084304,144482515.36833617,127109
Vanuatu,VUT,1985,-3.45015152058646,1.06615285806043,131856420.70318396,130356
Vanuatu,VUT,1986,-2.97252719420267,4.76614133197763,126498935.33564945,133720
Vanuatu,VUT,1987,16.4751823391513,16.0393950052762,139464173.54732406,137187
Vanuatu,VUT,1988,9.79605539362043,8.76023037284009,158351368.43314883,140756
Vanuatu,VUT,1989,6.44866188713229,7.74804905239702,154013202.11647508,144393
Vanuatu,VUT,1990,-0.968104372346147,4.7594412829797,168879207.24414828,148063
Vanuatu,VUT,1991,10.2678485424025,6.46913580246914,201334169.05444124,151793
Vanuatu,VUT,1992,2.7861810511521,4.0584415584416,209088824.608438,155608
Vanuatu,VUT,1993,2.06265987213476,3.56585691999116,200491853.16784692,159463
Vanuatu,VUT,1994,2.31030010629729,2.30256079190869,233701301.4904858,163314
Vanuatu,VUT,1995,1.73193882229019,2.22970130416487,249333250.0825075,167137
Vanuatu,VUT,1996,2.08519474360533,0.906344410876219,261370044.48661372,170911
Vanuatu,VUT,1997,3.17702279255163,2.83070223189979,272771209.1136618,174626
Vanuatu,VUT,1998,4.59392521380535,3.28215987294863,262293410.70833412,178313
Vanuatu,VUT,1999,3.07863899898366,1.99897488467452,268006972.69029635,182048
Vanuatu,VUT,2000,2.17897058141293,2.53768844221106,272014627.8352617,186281
Vanuatu,VUT,2001,3.62490552941837,3.57755452095074,257926881.7204301,191031
Vanuatu,VUT,2002,2.87442123407229,1.96356754199195,262596535.5490285,195863
Vanuatu,VUT,2003,0.798742786184519,3.01624129930394,314471413.00177616,200746
Vanuatu,VUT,2004,2.11687819436077,1.41891891891893,364996869.129618,205711
Vanuatu,VUT,2005,0.41954189687101,1.19920053297801,394962433.0293678,210760
Vanuatu,VUT,2006,3.8727171595439,2.04081632653062,439358586.5355876,215923
Vanuatu,VUT,2007,5.7769601471735,3.93548387096774,516392922.5137279,221276
Vanuatu,VUT,2008,7.16457057488044,4.84171322160149,590748429.4019016,226896
Vanuatu,VUT,2009,2.55471431211556,4.29706572955357,592622319.1456639,232731
Vanuatu,VUT,2010,1.47170880333948,2.76269469477348,670712979.6820383,238248
Vanuatu,VUT,2011,2.7869098819283,0.8737931047811,770153588.218833,243474
Vanuatu,VUT,2012,-0.464035692443744,1.34740362877658,747839697.7465929,248883
Vanuatu,VUT,2013,3.00718624960781,1.45893371757921,758304466.2453394,254482
Vanuatu,VUT,2014,1.3918106721694,0.798863838097023,772315983.8184297,260240
Vanuatu,VUT,2015,5.86381979755184,2.48326875660439,730870802.9670509,266101
Vanuatu,VUT,2016,1.57698407705098,0.842069084035061,780889605.899977,272087
Vanuatu,VUT,2017,5.36408692920448,3.08452624403546,880061833.6903408,278507
Vanuatu,VUT,2018,3.20664527462094,2.33096379566866,914736985.4309444,285259
Vanuatu,VUT,2019,3.27936283046665,2.76252019386111,936526267.6225132,291985
Vanuatu,VUT,2020,2.78534184329737,5.32935073101715,909421043.508407,298858
Vanuatu,VUT,2021,0.699715546543558,2.34328358208953,950394006.532514,305868
Vanuatu,VUT,2022,11.2255171861908,6.67930581887121,1022219297.5033524,313046
Vanuatu,VUT,2023,11.3100213269124,11.1825017088175,1126313359.2192256,320409
,VUT,2024,,,,327777
World,WLD,1980,13.0535456895008,,11419164161217.666,4437602892
World,WLD,1981,10.1507146481633,12.4424368936176,11796482847017.69,4516926190
World,WLD,1982,8.11308684183778,10.2217271376892,11648085880486.305,4599539241
World,WLD,1983,7.72549325901899,8.66927159808522,11972210792643.615,4682924536
World,WLD,1984,7.92323284822739,8.08032017255761,12445989345469.068,4766040300
World,WLD,1985,5.52682014282678,6.80756655768333,13023992824419.744,4850740788
World,WLD,1986,5.23941496295419,5.77811257038602,15351689886643.11,4937711562
World,WLD,1987,7.17636851093515,5.71011938486679,17485079208341.363,5027030278
World,WLD,1988,6.51341531670252,7.11340652931347,19547533420110.223,5117167006
World,WLD,1989,7.14773882778444,6.92390503711238,20324144454836.44,5207654866
World,WLD,1990,7.9878494717877,8.06346090938833,22822610047367.9,5299246757
World,WLD,1991,8.66565894474146,8.99693873494331,23823551632893.945,5388496229
World,WLD,1992,7.34406692918725,7.63610852336974,25468013295178.38,5477123966
World,WLD,1993,8.08587553206087,7.14458706876256,25959419035161.28,5564778621
World,WLD,1994,9.8081576345724,10.2479355556119,27938851279645.56,5650853178
World,WLD,1995,8.67596696980783,9.07738095238091,31140610056946.125,5736505517
World,WLD,1996,6.61963807076031,6.52609569372579,31857694101272.137,5822614627
World,WLD,1997,4.45657089524098,5.55412988949405,31752297154746.37,5908466558
World,WLD,1998,4.69192834152023,5.09729149331441,31697043749659.29,5994040064
World,WLD,1999,4.33968821867574,3.04194667094533,32730998280081.062,6078404337
World,WLD,2000,4.93680801156091,3.43351563418767,33839387350047.33,6161884811
World,WLD,2001,3.94179410350442,3.83657262052543,33626960202657.57,6245112906
World,WLD,2002,3.55421325456054,2.90799857032207,34917697037982.79,6327557399
World,WLD,2003,3.97456242996095,3.02504526252236,39152139289705.375,6409750441
World,WLD,2004,5.6294038488258,3.51799903099596,44116244570754.96,6492769815
World,WLD,2005,5.78125184255489,4.10725070715931,47760320738747.766,6575841506
World,WLD,2006,5.80766087330477,4.26717463390264,51749808632586.66,6659977025
World,WLD,2007,5.84689231193522,4.81023704342912,58314867929879.56,6744489399
World,WLD,2008,7.85564891122797,8.94995335353387,64072295929643.41,6830513541
World,WLD,2009,2.16939170451238,2.86044855902674,60718262754480.14,6916589116
World,WLD,2010,4.37192438013754,3.32634463368643,66514174634776.0,7001266876
World,WLD,2011,5.45376406615243,4.82239636013325,73957792909770.53,7087120034
World,WLD,2012,3.60643426874947,3.72532666110646,75603976718162.81,7176929184
World,WLD,2013,2.2557454257814,2.65167342916577,77751368312765.5,7265892332
World,WLD,2014,1.9309138942516,2.35449052820358,79894385759929.17,7354068030
World,WLD,2015,2.29263492397251,1.44385719270808,75359657218242.52,7441677465
World,WLD,2016,1.85408723431426,1.60553917414213,76588030455295.45,7528879985
World,WLD,2017,2.97029702970298,2.25427651934813,81550955754739.27,7614523410
World,WLD,2018,2.80249234629785,2.44258329692817,86686870786621.52,7697233736
World,WLD,2019,2.39413942110887,2.20607305781525,87945574337517.84,7778008621
World,WLD,2020,1.85459318425899,1.9056635869553,85577718250195.55,7854748424
World,WLD,2021,4.6247133783946,3.4754032028988,97527032881901.1,7920514854
World,WLD,2022,7.18712218501408,7.93092925430087,101225059591362.84,7989545217
World,WLD,2023,4.75854916721366,5.73316283034957,105435039507024.1,8064057930
,WLD,2024,,,,8141808945
Samoa,WSM,1980,21.9999972251731,33.0472428985001,125747038.49257044,164322
Samoa,WSM,1981,16.2219794153665,20.5066244471294,118190654.37228411,165678
Samoa,WSM,1982,20.904187770515,18.2962245891187,121221651.61931582,166484
Samoa,WSM,1983,17.8967657349869,16.4601356089933,111862823.57497902,166714
Samoa,WSM,1984,15.8656400381905,11.8600682594715,109200934.3285185,166796
Samoa,WSM,1985,1.53898221169604,9.09050118887493,95572172.98356567,166849
Samoa,WSM,1986,-0.309705940460475,5.73355817902005,100947848.6447804,167061
Samoa,WSM,1987,4.51742875789915,4.56684949636828,111713922.14157791,167661
Samoa,WSM,1988,18.3739883903076,8.50786801086301,133016065.4160654,168346
Samoa,WSM,1989,-2.79209414364159,6.46256171146444,122888609.71524288,168768
Samoa,WSM,1990,9.00643943300301,15.2384632724695,125766269.75535832,169042
Samoa,WSM,1991,6.11137374189623,-1.81919798798399,125597205.42231493,169368
Samoa,WSM,1992,8.56596841977273,9.03113792907172,132303041.3625304,170331
Samoa,WSM,1993,0.654729967403767,1.71509123658868,133122897.19626167,171774
Samoa,WSM,1994,68.2279527798493,12.0803818909762,221098106.50887573,173159
Samoa,WSM,1995,-6.97546285989371,-2.90352865746142,224865731.38190347,174571
Samoa,WSM,1996,4.59005094492848,5.37461972030278,249907868.77242404,176071
Samoa,WSM,1997,11.8364073965688,6.86182355310877,285475591.89650965,177547
Samoa,WSM,1998,3.41364075045701,2.21883468834654,269485244.1551099,178905
Samoa,WSM,1999,1.12623382889694,0.265120132560355,255408060.2594861,180275
Samoa,WSM,2000,2.07489862101478,0.966782350024729,258856139.79848865,181685
Samoa,WSM,2001,3.36684864796393,3.83828463867725,266299591.47942805,183166
Samoa,WSM,2002,1.48135158713414,8.0503144654087,281790134.2119716,184471
Samoa,WSM,2003,2.54749820051703,0.115830115830107,333426188.41876,185430
Samoa,WSM,2004,7.0727591038912,16.3131507905901,407747565.0969588,186249
Samoa,WSM,2005,3.99513339074883,1.85676392572949,476801793.1594288,186978
Samoa,WSM,2006,5.27411064845734,3.70008680555553,499923757.78073615,187709
Samoa,WSM,2007,7.48868949405777,5.57706393219629,573548459.8333715,188753
Samoa,WSM,2008,9.11982488742804,11.565906838454,641346191.6647757,190107
Samoa,WSM,2009,1.67772403527178,6.32495336235228,628006115.4240516,191513
Samoa,WSM,2010,-5.14594346625773,0.777007268777692,680260907.1539834,193023
Samoa,WSM,2011,-0.909859896408477,5.23541591478434,744097050.1691153,194713
Samoa,WSM,2012,4.02647526320095,2.0490188352116,773141661.1655476,196498
Samoa,WSM,2013,2.34629009874605,0.61008572090503,797736334.2813052,198268
Samoa,WSM,2014,0.853113222017427,-0.40681608842489,796683519.593842,200037
Samoa,WSM,2015,3.96466639608224,0.724470134874729,824150498.6535364,201782
Samoa,WSM,2016,2.24475651909437,1.30471869303179,843924796.6974211,203499
Samoa,WSM,2017,0.304905422515247,1.74989677484705,884844384.4632136,205415
Samoa,WSM,2018,1.09758340635358,4.19745888663752,878448433.4043417,207582
Samoa,WSM,2019,1.49948619479095,0.982326569888117,912950466.0649056,209780
Samoa,WSM,2020,1.22360923994052,-1.56891247740895,868898358.2664367,211944
Samoa,WSM,2021,-0.401252917375643,3.13320473174494,843923638.7330176,213779
Samoa,WSM,2022,5.63837728809762,10.9618822286844,832945205.6371847,215261
Samoa,WSM,2023,8.71088435704601,7.92164684826777,934100336.2756538,216663
,WSM,2024,,2.17245530514377,,218019
,XKX,1980,,,,1604818
,XKX,1981,,,,1646565
,XKX,1982,,,,1683166
,XKX,1983,,,,1719245
,XKX,1984,,,,1756818
,XKX,1985,,,,1796018
,XKX,1986,,,,1836972
,XKX,1987,,,,1880590
,XKX,1988,,,,1917882
,XKX,1989,,,,1946339
,XKX,1990,,,,1973790
,XKX,1991,,,,2005362
,XKX,1992,,,,2039723
,XKX,1993,,,,2072664
,XKX,1994,,,,2105256
,XKX,1995,,,,2137514
,XKX,1996,,,,2168753
,XKX,1997,,,,2197284
,XKX,1998,,,,2078964
,XKX,1999,,,,1871524
,XKX,2000,,,,1802493
,XKX,2001,,,,1820009
,XKX,2002,,,,1829462
,XKX,2003,,-1.08481262327414,,1826434
,XKX,2004,,-1.06472696605525,,1822773
,XKX,2005,,-1.38518913159299,,1818354
,XKX,2006,,0.621646938601728,,1813079
,XKX,2007,,4.35849695328369,,1807094
,XKX,2008,,9.35041764658178,5181776768.712465,1800858
Kosovo,XKX,2009,-2.83312999171889,-2.41026401661229,5015894692.970269,1794681
Kosovo,XKX,2010,6.39240138953099,3.48050763735842,5343950556.071849,1788743
Kosovo,XKX,2011,6.30376606515529,7.3364177131527,6341613609.979761,1791949
Kosovo,XKX,2012,3.52540286006931,2.47673782156533,6163484244.63408,1807126
Kosovo,XKX,2013,0.353127123761723,1.76732428354892,6735328609.659405,1818119
Kosovo,XKX,2014,1.60143890288818,0.428957808324092,7074394734.884315,1812788
Kosovo,XKX,2015,0.607840658633862,-0.536929392740659,6295848422.715734,1788274
Kosovo,XKX,2016,0.779254169265613,0.273169431045468,6682677289.989938,1777568
Kosovo,XKX,2017,0.440019143256507,1.48823430592319,7180764703.357184,1791019
Kosovo,XKX,2018,1.49891925129965,1.05379773654991,7878759714.823217,1797086
Kosovo,XKX,2019,0.962960139069509,2.67599202639893,7899737577.472862,1788891
Kosovo,XKX,2020,1.38110717217515,0.198227922994854,7717145217.812473,1790151
Kosovo,XKX,2021,6.11553993082821,3.35369139207997,9413403724.018988,1786079
Kosovo,XKX,2022,7.1987107549258,11.5805104542012,9354903061.8898,1768096
Kosovo,XKX,2023,4.56377769107739,4.94432438791283,10438351483.167696,1682668
,XKX,2024,,1.61944994559476,,1594353
,YEM,1980,,,,9543358
,YEM,1981,,,,9882362
,YEM,1982,,,,10241006
,YEM,1983,,,,10621499
,YEM,1984,,,,11025597
,YEM,1985,,,,11453825
,YEM,1986,,,,11901040
,YEM,1987,,,,12369912
,YEM,1988,,,,12859708
,YEM,1989,,,,13364174
,YEM,1990,,,12643821568.96257,13887862
"Yemen, Rep.",YEM,1991,11.9935811151592,36.0,14665445462.114904,14430201
"Yemen, Rep.",YEM,1992,13.1717453439967,29.4117647058824,17959367194.004997,14989494
"Yemen, Rep.",YEM,1993,16.3759078637702,35.7522980164491,21736802664.446297,15563914
"Yemen, Rep.",YEM,1994,20.7843644356508,49.3941553813254,28019483763.53039,16149147
"Yemen, Rep.",YEM,1995,45.7433427627653,55.0811068702292,12796345679.012346,16740058
"Yemen, Rep.",YEM,1996,36.7700878974732,30.7337332718043,6496163615.660856,17313177
"Yemen, Rep.",YEM,1997,13.2904926919581,2.17672667372646,6838298530.54911,17873936
"Yemen, Rep.",YEM,1998,-8.34295175004308,5.9765085214186,6322175565.946511,18446013
"Yemen, Rep.",YEM,1999,33.4609053609904,8.66021949364346,7639325295.882872,19029420
"Yemen, Rep.",YEM,2000,23.3460519238341,4.58999999999981,9679316770.186337,19624141
"Yemen, Rep.",YEM,2001,2.74820045370649,11.9115912929855,9852990692.987137,20226147
"Yemen, Rep.",YEM,2002,8.71188048361509,12.2385339389711,10693430511.466354,20835086
"Yemen, Rep.",YEM,2003,10.8923428389302,10.8323607023242,11777532662.04989,21456379
"Yemen, Rep.",YEM,2004,14.1133199884498,12.5150951495207,13867634371.477274,22095167
"Yemen, Rep.",YEM,2005,18.5333535518157,11.8112639374949,16731566717.18884,22790085
"Yemen, Rep.",YEM,2006,13.588647275421,10.8447986914257,19063143369.85798,23543083
"Yemen, Rep.",YEM,2007,10.8882824348502,7.9051177898873,21650528674.09326,24318082
"Yemen, Rep.",YEM,2008,20.377746235765,18.9762574318076,26910855807.288,25111941
"Yemen, Rep.",YEM,2009,-8.70527002029664,5.40776098077522,25130278212.55747,25927724
"Yemen, Rep.",YEM,2010,23.6162920182449,11.1748338605044,30906749533.221,26754387
"Yemen, Rep.",YEM,2011,18.1136666696716,19.5435617131144,32726417878.391014,27582897
"Yemen, Rep.",YEM,2012,5.89315892251292,9.88538714484871,35401331609.59164,28433647
"Yemen, Rep.",YEM,2013,9.20895704915077,10.9684421500198,40415233436.17665,29312952
"Yemen, Rep.",YEM,2014,7.16332422002795,8.10472583623915,43228585321.3272,30226309
"Yemen, Rep.",YEM,2015,46.4762512255778,,42444490073.85545,31159379
"Yemen, Rep.",YEM,2016,0.134410844260984,,31317825274.15073,32109010
"Yemen, Rep.",YEM,2017,18.5535661652076,,26842229044.584846,33090921
"Yemen, Rep.",YEM,2018,14.8536647661831,,21606160663.03177,34085182
,YEM,2019,,,,35111408
,YEM,2020,,,,36134863
,YEM,2021,,,,37140230
,YEM,2022,,,,38222876
,YEM,2023,,,,39390799
,YEM,2024,,,,40583164
South Africa,ZAF,1980,23.0461655206101,13.6602404681115,89411864402.42722,29518857
South Africa,ZAF,1981,11.4064266045382,15.2542337674194,93141472163.7596,30541044
South Africa,ZAF,1982,14.5536580308889,14.6390405853128,85904057409.3585,31615339
South Africa,ZAF,1983,17.0691205854565,12.3032053006006,96204110941.56715,32739304
South Africa,ZAF,1984,11.1505445547794,11.526481434496,84870163365.9306,33892788
South Africa,ZAF,1985,16.1443312605572,16.2942252426421,64459376086.68828,35042093
South Africa,ZAF,1986,16.656865772349,18.6549230388755,73354771399.26268,36180515
South Africa,ZAF,1987,14.8480301619174,16.1605948546791,96535763418.37288,37326190
South Africa,ZAF,1988,15.4208324168045,12.779553083028,103976831870.95662,38480649
South Africa,ZAF,1989,17.0816612788057,14.7308753982381,108055624081.80647,39628575
South Africa,ZAF,1990,15.4454404639221,14.3209918914915,126048140141.86874,40746268
South Africa,ZAF,1991,15.6545219222237,15.3347785733672,135203698237.9772,41687898
South Africa,ZAF,1992,14.7140252811412,13.874703748615,146956150986.6361,42443509
South Africa,ZAF,1993,13.3642582610797,9.71742729803028,147194747565.75027,43297156
South Africa,ZAF,1994,9.81218708489008,8.938563723594,153512712381.83646,44004139
South Africa,ZAF,1995,10.8383194557783,8.68042421392631,171735933897.33078,44541554
South Africa,ZAF,1996,8.02208799242219,7.35411972085333,163234925380.56342,45123018
South Africa,ZAF,1997,8.13743291858027,8.59777611252274,168978057327.7297,45666838
South Africa,ZAF,1998,8.07573837316775,6.88054521037351,152982984557.2333,46223880
South Africa,ZAF,1999,6.88883410122743,5.18148905111697,151516957078.53558,46730335
South Africa,ZAF,2000,9.18219141567356,5.33895913599828,151752757215.3085,47159719
South Africa,ZAF,2001,7.80047496305909,5.70189483049608,135429905922.5262,47566800
South Africa,ZAF,2002,12.537957905723,9.494713780996,129087556612.44882,48019415
South Africa,ZAF,2003,6.39576358713289,5.67942414068799,197018965308.69696,48500348
South Africa,ZAF,2004,6.042171590455,-0.692039437857687,255806908594.5725,48991421
South Africa,ZAF,2005,5.59700978064043,2.06285308223427,288867217196.534,49490033
South Africa,ZAF,2006,6.06463701450308,3.2439076541923,303858675363.6428,49998277
South Africa,ZAF,2007,8.24576476611674,6.17781214809388,333077117253.6838,50528584
South Africa,ZAF,2008,7.85033172851331,9.90998456005467,316131258616.309,51114599
South Africa,ZAF,2009,8.6630418315964,7.23809523809527,329754060647.12897,51728516
South Africa,ZAF,2010,6.12843243160444,4.06749555950263,417363822801.7127,52344051
South Africa,ZAF,2011,5.53905643151262,5.0008533879502,458199494830.8336,52995205
South Africa,ZAF,2012,4.68520638813985,5.73797139141739,434400545085.8111,53782567
South Africa,ZAF,2013,5.84411140067347,5.78016910069176,400886013595.5732,54678791
South Africa,ZAF,2014,5.36654618468381,6.13282953059149,381198869776.10565,55594838
South Africa,ZAF,2015,5.54552812339873,4.51869094892506,346709790458.56305,56723537
South Africa,ZAF,2016,6.9521719608848,6.60290842394872,323585509674.4806,57259551
South Africa,ZAF,2017,5.47332197481477,5.18618655524149,381448814653.4564,57635162
South Africa,ZAF,2018,3.99329508509443,4.50987264867388,405260723892.5169,58613001
South Africa,ZAF,2019,4.61352469052481,4.10285075461156,389330032224.2691,59587885
South Africa,ZAF,2020,5.3913943350576,3.23238831615113,338291396026.6977,60562381
South Africa,ZAF,2021,6.53869058287115,4.61874544887136,420117812466.0407,61502603
South Africa,ZAF,2022,4.99247138395964,7.03987272546482,405270850098.7384,62378410
South Africa,ZAF,2023,4.80427142532388,6.0752438457966,377781600985.8731,63212384
,ZAF,2024,,4.36115246518962,,64007187
Zambia,ZMB,1980,11.7629156496757,,3882889733.840304,5802833
Zambia,ZMB,1981,7.15861802485556,,4006206896.551724,5983289
Zambia,ZMB,1982,6.13860129264607,,3870075349.838536,6178637
Zambia,ZMB,1983,18.6293463518053,,3321048451.151708,6381038
Zambia,ZMB,1984,18.331231799032,,2719801434.0871487,6580490
Zambia,ZMB,1985,41.1373505080315,,2252197452.2292995,6780953
Zambia,ZMB,1986,81.9883566993867,55.8282208588966,1664509501.7976377,6986471
Zambia,ZMB,1987,62.0128982645801,47.0472440944876,2265364008.824456,7191282
Zambia,ZMB,1988,34.4903044484454,51.0040160642574,3728889426.566658,7391440
Zambia,ZMB,1989,80.8773347304922,123.40425531915,3994585203.416824,7589216
Zambia,ZMB,1990,106.388920043291,107.023809523808,3285217391.3043475,7786169
Zambia,ZMB,1991,92.6545782085704,97.6423231742383,3376791460.3960395,7981650
Zambia,ZMB,1992,165.533953807921,165.70652700999,3181921787.709497,8176680
Zambia,ZMB,1993,143.658341657555,183.312041464393,3273505343.8553944,8373921
Zambia,ZMB,1994,80.7421986460103,54.6013218413016,3656806165.788479,8576269
Zambia,ZMB,1995,30.6111247595742,34.9295874166667,3806983413.1641593,8785763
Zambia,ZMB,1996,24.3492595595263,43.0730979982882,3597220962.000165,9004053
Zambia,ZMB,1997,25.4025412591637,24.4187215689412,4303288479.708604,9237063
Zambia,ZMB,1998,16.9068728138218,24.4584563516656,3537741941.893668,9482408
Zambia,ZMB,1999,17.9238730663514,26.7876966790029,3404284890.530603,9740005
Zambia,ZMB,2000,32.6138705117288,26.0304117888121,3600632111.414137,10017631
Zambia,ZMB,2001,25.3312584622414,21.3937821792546,4094441301.2142286,10325185
Zambia,ZMB,2002,19.390923266941,22.2333446430947,4193850445.4263234,10647949
Zambia,ZMB,2003,17.6077236839923,21.4015783901995,4901869764.059568,10983595
Zambia,ZMB,2004,19.7168232055938,17.9677891087286,6221110219.455416,11338198
Zambia,ZMB,2005,16.6501990728872,18.324439701174,8331870169.149771,11718819
Zambia,ZMB,2006,14.5422526759543,9.01957247226486,12756858899.281174,12129553
Zambia,ZMB,2007,12.9702107335817,10.6573496000153,14056957976.264832,12565085
Zambia,ZMB,2008,10.6402448170694,12.4455793463192,17910858637.904797,13021324
Zambia,ZMB,2009,5.55968566025587,13.3952546325895,15328342303.957512,13490389
Zambia,ZMB,2010,13.9509131934519,8.50176133365265,20265559483.854828,13965594
Zambia,ZMB,2011,11.1074132686175,6.4293968107234,23459515275.577595,14437796
Zambia,ZMB,2012,6.99222724900214,6.57589970757698,25503060420.026028,14913629
Zambia,ZMB,2013,9.73089122030567,6.97767605490307,28037239462.71422,15398997
Zambia,ZMB,2014,5.44052458126617,7.80687553566333,27141023558.08286,15895315
Zambia,ZMB,2015,6.65929211357343,10.1105928909618,21251216798.776245,16399089
Zambia,ZMB,2016,13.5761011694227,17.8697300795268,20958412538.309345,16914423
Zambia,ZMB,2017,10.0728370854916,6.57731154205644,25873601260.835304,17441320
Zambia,ZMB,2018,7.41157094843257,7.4945719272852,26311507273.67354,17973569
Zambia,ZMB,2019,7.63347048076743,9.15031644316296,23308667781.225758,18513839
Zambia,ZMB,2020,13.9138706178858,15.7330604721369,18137764931.28077,19059395
Zambia,ZMB,2021,25.1427776148297,22.0207676245777,22096416932.008896,19603607
Zambia,ZMB,2022,6.14031838965083,10.9932039209136,29163782140.485832,20152938
Zambia,ZMB,2023,7.09462960303757,10.884531691282,28162630953.9285,20723965
,ZMB,2024,,,,21314956
Zimbabwe,ZWE,1980,12.7409349281657,,6678868200.0,7041303
Zimbabwe,ZWE,1981,6.5990811519637,,8011373800.0,7498635
Zimbabwe,ZWE,1982,3.85876198204294,,8539700699.999999,7796496
Zimbabwe,ZWE,1983,-10.5015046804234,,7764067000.0,8098404
Zimbabwe,ZWE,1984,-16.5947477281779,,6352125900.0,8391488
Zimbabwe,ZWE,1985,-17.0166590234817,,5637259300.0,8686813
Zimbabwe,ZWE,1986,8.02588309824017,,6217523700.0,8982578
Zimbabwe,ZWE,1987,7.18936131433018,,6741215100.0,9284644
Zimbabwe,ZWE,1988,7.78511669221666,,7814784100.0,9583094
Zimbabwe,ZWE,1989,0.792932869854667,,8286322700.000001,9864798
Zimbabwe,ZWE,1990,-0.92043104560571,,8783816700.0,10137281
Zimbabwe,ZWE,1991,-6.77730004305829,,8641481700.0,10404816
Zimbabwe,ZWE,1992,-14.1296583416493,,6751472200.0,10702700
Zimbabwe,ZWE,1993,-3.79112219212563,,6563813300.0,10860288
Zimbabwe,ZWE,1994,-3.89567256193503,,6890675000.0,10873148
Zimbabwe,ZWE,1995,3.03853825553458,,7111270700.0,10974599
Zimbabwe,ZWE,1996,8.98438332840628,,8553146600.0,11158360
Zimbabwe,ZWE,1997,-2.87904813795578,,8529571599.999999,11369827
Zimbabwe,ZWE,1998,-27.0486492703599,,6401968200.0,11594297
Zimbabwe,ZWE,1999,8.00681329656179,,6858013100.0,11783458
Zimbabwe,ZWE,2000,0.627900021035586,,6689957600.0,11892055
Zimbabwe,ZWE,2001,-0.130890211660429,,6777384700.0,11971901
Zimbabwe,ZWE,2002,2.71295029474732,,6342116400.0,12087653
Zimbabwe,ZWE,2003,8.80127560706312,,5727591800.0,12232323
Zimbabwe,ZWE,2004,7.61152431608578,,5805598400.0,12365896
Zimbabwe,ZWE,2005,5.13660110663395,,5755215200.0,12483432
Zimbabwe,ZWE,2006,-2.0176787072881,,5443896500.0,12636445
Zimbabwe,ZWE,2007,0.894886823303793,,5291950100.0,12804058
Zimbabwe,ZWE,2008,1.34922252949015,,4415702800.0,12959149
Zimbabwe,ZWE,2009,95.4086596679546,,9665793300.0,13142790
Zimbabwe,ZWE,2010,2.57553601961588,3.02267002518892,12041655200.0,13356548
Zimbabwe,ZWE,2011,2.17176103182936,3.4661297281749,14101920300.0,13595424
Zimbabwe,ZWE,2012,4.85594551850788,3.72532666110646,17114849900.000002,13817887
Zimbabwe,ZWE,2013,8.09114024983452,1.63495041543822,19091020000.0,14013808
Zimbabwe,ZWE,2014,0.624974485152464,-0.19778481012661,19495519600.0,14207359
Zimbabwe,ZWE,2015,0.367419652771034,-2.43096842383404,19963120600.0,14399013
Zimbabwe,ZWE,2016,2.01409473434026,-1.54366960054161,20548678100.0,14600294
Zimbabwe,ZWE,2017,199.324940858088,0.893962316050027,17584890936.652306,14812482
Zimbabwe,ZWE,2018,3.55429024176341,10.6188658669575,34156069918.06094,15034452
Zimbabwe,ZWE,2019,225.394648207397,255.304990757856,21832234925.50214,15271368
Zimbabwe,ZWE,2020,604.945864228018,557.201817362051,21509698406.111595,15526888
Zimbabwe,ZWE,2021,113.294980646573,98.5461050920624,28371238665.511635,15797210
Zimbabwe,ZWE,2022,266.987151680516,104.705170628667,27366627153.095413,16069056
Zimbabwe,ZWE,2023,921.535651645931,,26538273498.84614,16340822
,ZWE,2024,,,,16634373
